20080
67547
16233
32790
48946
58530
36937
71811
75460
15464
61584
50989
72520
94313
15077
47392
64782
63178
48229
21734
47170
82825
49653
53346
28020
93724
26501
20063
85430
98368
92793
5510
65915
25378
38301
31214
83908
91590
3025
59368
23407
80961
26710
95927
91626
58139
59671
56409
21318
24252
78143
84840
7078
44148
54538
51450
37873
97391
71513
39655
95760
80658
45166
61675
22388
99819
9241
6297
91409
28619
82017
14816
9580
8727
27096
1207
66867
3119
73968
4537
43724
68463
89377
50802
12612
60268
2252
66837
57659
90117
6492
53419
87128
51658
31447
9516
51477
40688
32165
59239
85659
14183
90407
11592
39262
33855
29151
22481
36975
3119
27018
80699
71582
32748
47853
546
93016
66457
67383
50675
72926
90228
20447
60054
58238
51894
85923
26068
8934
18088
85307
94594
32271
92066
6186
87886
25922
35337
10367
79249
54808
53738
76300
42742
86486
24153
43289
95854
6962
27024
62881
79888
17252
83328
56295
75491
51574
42218
1559
60509
76658
3218
71455
25282
11636
93993
13168
37558
45682
39887
16807
490
93625
9459
59584
96463
33612
19225
92317
56926
46250
71551
36815
79854
54879
9462
71697
6454
68032
89608
83315
44690
9178
54770
69972
20815
65115
99492
58373
10797
39380
91533
27639
33005
992
87223
45821
50957
6449
54490
7883
69051
26041
61050
48905
97273
86864
36955
3727
54896
26563
87042
99587
35742
58164
85911
56557
23279
85404
31282
34076
24784
39167
61715
74141
56512
65290
19962
23821
71739
90805
31704
40790
16846
9107
6048
14119
95971
43003
34198
67220
69566
37592
83159
21660
95756
69070
94569
35387
54474
42204
85815
95610
81371
47530
86104
54235
29173
6066
78056
912
13223
26113
58055
30070
51572
64103
60541
63895
7106
94740
31115
93024
32332
14274
31037
44441
99697
25606
79828
70523
84162
65644
66134
81886
29526
52238
36121
58699
74656
14178
75964
87880
56643
34019
34302
8215
98122
94843
72110
5228
5935
19578
14604
54620
33852
45641
99061
33549
87600
95241
4073
71762
77237
86559
53648
6764
55149
6122
81815
29805
20300
57779
34037
93295
8150
68339
1510
6272
79535
89972
27852
85470
9550
58809
56442
59755
4450
55503
93304
92050
67097
13729
80165
44334
16640
33813
51098
71789
39935
49266
17947
76587
23397
51984
69882
31548
36676
87744
37820
32563
77717
82025
34385
3619
40834
90828
63374
61636
46331
73031
53687
13428
3112
50204
74115
19753
369
25213
7894
40305
90831
42193
33244
14229
10530
19479
45777
47206
23575
99949
79769
1292
98326
14154
4912
39160
4982
84638
797
67666
57669
70836
97446
60782
37392
71561
96887
37761
13127
4781
78066
3958
46975
27663
18187
57505
63494
80316
21063
87069
96618
17184
88362
94944
31338
9626
34105
52673
94264
51254
36691
68286
38442
50489
29068
75834
22051
25955
13595
51530
47088
8014
71840
94063
52029
6380
67920
15523
86696
88983
2592
83314
6167
7306
78259
53858
16932
28716
22883
27549
96322
75926
12187
34764
26415
41255
26950
64818
83562
56897
16348
30650
64911
4541
41066
16940
10921
8986
32463
97617
14322
51408
97284
36841
58714
91895
90699
91999
36963
29934
19548
33285
5860
31735
84401
48628
89342
27703
13446
72904
84600
46147
19906
49512
50688
60972
82804
77961
86311
31620
91930
16985
83028
89214
53826
41742
97461
60878
33741
50776
90812
69641
413
13025
17728
84814
78005
23422
28869
91451
96326
13470
53950
32585
79334
20990
9909
78490
98951
96220
10110
90882
13205
93138
96448
83384
51233
10262
44262
1326
61038
51426
70968
61452
80803
5048
62618
58808
28471
91488
66612
41149
21310
20562
73734
16996
57905
83644
95486
73208
96216
5597
64090
25774
15087
76891
25510
82672
3505
69772
83999
64543
37550
71319
42347
18354
76367
4966
77162
4838
12806
43774
45988
50468
80689
36074
67464
38594
19718
62950
28154
32287
84899
92245
74413
99987
85488
99923
99011
88993
86047
83010
69888
23597
54329
12236
41951
30697
33554
35466
51887
46360
95592
97875
96828
76281
33950
64292
31227
70020
43594
59382
18659
28494
67979
9424
44833
69819
9347
43844
75164
11746
26855
45052
35344
97536
57288
93647
44585
90842
29113
96473
53554
41058
10700
50382
17339
61002
31026
64919
47375
74621
24301
66034
3115
8632
75459
47948
78451
1158
91792
53615
12905
34999
98667
64601
48888
72308
58248
9825
79502
3714
22650
33057
44772
33351
99791
78463
10705
30818
43382
58080
21791
84035
24115
24906
92667
15926
89206
87470
17084
97350
57437
46341
48702
72457
10942
97590
44765
69191
23767
40619
89257
46418
73676
34029
96121
89820
12492
6826
20638
72227
64907
58781
56262
89022
39
65282
21300
89245
69104
54736
86595
26542
1078
51649
98999
12020
65591
60116
81211
89359
17087
70468
35777
90764
20849
31898
80584
49694
38724
17574
21921
19983
92707
78183
25357
92746
59817
46657
81991
28922
1394
84938
71816
2472
36588
70815
14492
2179
47283
12056
7890
64370
98876
43667
71486
36078
91917
68422
85772
46994
2348
7693
66977
95055
2228
92335
87801
78398
38992
69792
7320
56738
71083
79136
59210
24023
66303
90055
42554
29938
18463
50445
10660
33691
10464
82147
69769
2382
50569
55541
65728
69270
79586
32705
64325
98167
25040
52127
76565
80385
38271
237
37123
25706
79373
12686
49729
62028
2741
92284
8318
37556
59081
18978
71247
69545
1125
57369
88279
68047
29262
54007
37317
8849
86713
17994
23368
28105
70121
99933
8490
24745
170
61966
50451
95895
74652
16533
74275
93745
8817
82593
31301
67898
1571
18900
53795
2697
76269
42075
87096
21884
96082
40765
47085
99147
58759
70453
27253
45233
70386
52095
69978
86908
14061
36781
99155
5065
53314
73430
98810
78483
56023
46463
62733
73946
81716
32881
92995
74337
74956
80091
96221
87390
20856
43306
86538
95968
13759
30143
41201
497
82238
27531
3757
12652
80664
2912
17717
33979
92694
32880
28814
65069
79343
7900
39016
77411
40781
32011
51749
32089
28455
47970
19479
65663
7629
22369
61631
37740
52512
19184
38238
51103
46715
58347
63755
27380
61260
81472
77711
53954
30704
22877
19024
10048
30777
74392
3811
87910
22755
55560
19999
51210
19883
55831
16874
27512
78200
94857
65252
47065
14042
19842
98168
77109
78190
78275
4489
55802
76099
82200
26108
6804
21430
61484
33204
52207
52228
37015
56470
74984
92576
76469
26194
28811
32300
59420
56323
26853
70630
37927
73918
84672
74122
88438
61781
68664
66713
82623
24466
42812
81175
66926
65968
2605
44763
99172
54813
96991
36188
11283
71975
45116
4104
14522
73927
52757
73942
30250
95962
60924
84529
86232
61948
58651
74670
40082
27315
57735
22705
68133
16899
3880
35060
82868
6486
96175
82040
77651
93166
34580
5286
65142
79696
25742
96016
53623
78499
69958
225
90813
47235
84755
77045
9183
59758
51715
49265
87074
25802
71970
55207
59054
92203
6619
41922
98689
2794
40314
92692
12313
74895
14330
77455
70943
40072
73471
24567
34924
59781
41144
25737
7016
25899
2783
16200
85658
70850
81817
89084
13005
53788
60643
72059
45991
67263
30333
61032
86409
70647
70076
98722
61894
84406
92529
32838
40830
82352
73757
92106
42134
14901
17844
65502
57153
36979
98054
59163
24181
79872
48247
37186
50012
8890
25597
12355
92505
55930
89739
78915
26578
59815
93989
4824
60573
86519
37662
17755
68871
27771
9862
27357
42673
44058
9212
99826
97389
23618
58989
21570
19842
23588
75109
86206
32478
706
98561
41336
72989
4652
20251
15919
64467
30592
20743
41392
17111
74758
59148
2335
2529
85362
46044
45202
45772
71608
61380
43161
95227
36721
64731
31421
60309
56192
17628
9140
73251
16189
50476
46240
20842
87079
62159
1661
17671
82902
59406
51135
74012
34906
69822
76542
36620
15866
38096
82392
3827
15829
25553
15406
52550
6636
46827
29212
62829
64455
38352
52432
96997
88828
98672
34191
75907
60831
52204
93578
60085
11610
61065
50450
62868
30887
26992
99488
63106
81440
81880
66933
97269
7433
82339
66172
14070
29166
95384
93251
9974
33736
45683
6971
38916
60707
57514
14823
37890
9718
24753
14327
37681
85819
64777
549
33058
91769
38
96164
89562
81918
63097
3183
5704
61788
69355
36126
90955
81091
45729
929
31179
7764
24252
70095
68471
81766
1270
22713
7836
26024
37040
45517
28195
1818
46067
61253
9939
62457
73770
99501
60727
36867
2685
66431
15008
88392
18909
5963
69484
64638
23244
17015
88754
63848
87111
73577
61966
88381
96290
69802
30757
33331
15320
58952
35149
61387
36558
45088
23844
10328
60942
923
63547
79979
67355
78555
68371
2616
870
54207
83607
40466
71223
72361
4314
74686
45939
66280
79419
42229
36083
10177
91912
51403
85481
27061
29142
22039
88502
69338
48719
49444
70261
12267
29423
53968
90822
14146
72937
8045
84706
56544
48511
72281
45257
52826
46967
7548
35458
26386
49778
71541
36563
41690
39296
22045
85104
84790
60436
73606
70480
9156
39402
57094
21423
85177
11062
28597
99323
351
36642
381
56895
85154
72662
18505
54332
35981
26053
89790
62368
75831
77684
15283
33874
33332
53680
35330
18123
14117
25288
88603
39625
64690
45697
77400
49867
73112
22349
65542
73463
75344
82276
46711
60498
54938
65216
31182
90920
91269
20972
69640
83453
15008
84923
33679
48341
54956
69009
82816
85425
94297
87771
25050
58987
49821
18802
25206
22933
41151
7100
12748
16495
89376
75811
93345
60667
41027
24527
67939
48649
61852
37579
32102
76860
38854
65781
41553
93810
34790
24369
79235
45439
12141
4285
4426
61962
39439
45984
1247
80591
69436
13995
97086
75165
6159
6784
35832
47186
47663
3771
95835
9515
57702
44289
2728
96556
10070
44281
90367
61212
85003
85954
6651
97144
90240
27429
75458
46031
89765
76705
26622
75554
7052
40061
50719
13211
46845
2903
76750
94508
23026
88937
20376
80728
33227
23104
93636
59649
83737
84003
37214
68740
69958
60217
82236
76550
3999
74046
22581
93764
67103
65556
69318
90508
5617
36389
20071
68814
39292
96821
79674
62318
2111
50
59398
51690
39506
53035
11339
23244
53390
64905
8336
23348
25123
6925
16250
29122
80971
55184
39238
64427
20740
24909
54935
42709
61298
75006
11523
16943
88180
7549
79261
90291
7600
55012
41981
47106
8047
69672
86702
61437
34578
11391
1138
59701
18316
33740
5175
15639
88924
44413
80066
26016
85674
35001
68725
63325
26360
96600
80268
14540
4150
75881
21183
28102
30893
79516
91560
38940
65540
78263
16730
118
89654
34220
76171
24322
67960
81346
39961
56885
42112
20028
99253
44138
71381
67979
7463
97741
80931
87731
28633
1433
63613
66168
29535
10858
45684
37448
66151
27577
15711
82881
27695
21717
17101
20219
62391
85061
17917
2352
58298
76381
38732
57552
20520
26466
41883
27983
40559
39166
15715
85545
40600
95680
51713
86487
22890
13750
23935
89041
41327
55998
88274
85374
94067
5375
5593
56458
6789
23511
75163
81439
99892
30247
55343
20412
73065
13578
64748
13625
52745
96815
99170
9697
92495
67235
12536
31737
80985
36472
20779
38664
8822
9053
24039
19242
30781
45984
75700
53922
69495
67215
35361
85740
13815
7057
22504
86880
20635
87252
505
73380
419
16027
83077
9266
83263
11966
41004
80600
64790
61783
19265
73612
70836
59656
92854
17969
5640
84907
71891
91488
68474
23605
93580
82289
30662
16084
69170
51297
19689
86027
41030
20108
18407
40459
45727
1670
52425
86731
98622
17215
48514
34239
7180
35702
93895
34
53672
15888
1293
41915
7376
69768
65520
956
68409
12534
33392
53931
80184
69433
39959
21214
89542
58366
78025
35269
76388
30451
38352
75010
47666
86866
9250
54846
38920
19497
71233
8944
35385
88878
50860
42761
74998
32732
60069
43408
61619
93462
97339
41803
62895
53650
79369
68789
28368
57394
20410
4756
87845
58762
96119
51864
61980
5369
23062
901
24866
10647
26197
76604
15878
93409
19365
90876
26142
79435
50636
4113
89249
64328
45916
52144
34330
41637
37286
62699
99031
57696
67455
3229
16459
63574
55093
94791
85295
94507
95692
26514
5155
21890
3118
37385
31651
38835
28261
57793
34622
95250
78258
23871
75930
40526
92368
10260
82163
29654
72959
97547
3702
56767
776
36513
36693
72221
31305
38341
66728
43349
64855
88235
81591
84325
25620
13243
39512
70234
87388
74135
65484
65647
14358
57766
6173
6726
68026
4689
52732
57338
2236
72787
14105
3012
9300
67150
75233
56957
5491
58313
16659
86698
46549
98250
87375
88521
27845
26888
58755
15234
1023
40591
97233
15381
98357
19758
38460
82736
24447
7544
40074
43035
80331
70531
62399
5984
37681
53984
62941
43173
12298
79600
29871
75199
94203
17247
80072
22048
60487
38828
37282
61510
95771
50867
93243
10481
70626
48055
93217
11425
55600
49643
54461
52283
20174
16860
58267
57855
70845
37561
17380
99495
33513
63604
74694
27716
80851
54766
49765
57690
9946
3399
35552
22070
54267
28795
32551
41245
93203
42120
52670
65155
91763
7131
17438
28289
23992
75706
86144
11189
29619
3525
10684
63132
67129
1730
90849
64332
56496
56966
22022
82795
76717
73926
4865
30984
19073
37416
72229
12276
95888
41252
77431
87651
48383
94870
15940
88727
86928
18436
16268
16547
38313
26952
79679
21794
28682
86880
2478
1531
43846
40852
84326
36916
14778
89191
67900
33852
42959
56482
46128
38847
14086
39912
42850
62469
34782
75142
67549
38062
93578
83817
70961
31892
27122
66992
70038
72156
70225
72517
73687
30423
13369
74365
67339
28148
63556
35240
62000
22867
8074
24480
61714
22160
64392
4564
981
15526
79706
84882
53588
89637
85052
40901
37881
12174
7894
7919
682
78119
96788
74370
8542
10158
65087
92234
54658
28644
27474
16658
51511
51900
57490
29578
90412
21883
50494
91393
53761
46553
92628
23702
36190
77680
64603
90423
6206
88849
14694
6888
83320
11483
97610
8215
21641
62698
449
92651
7694
44275
25661
75557
96175
83151
21487
2939
21386
71982
10684
75148
18535
3312
98850
71077
97344
63453
77852
3550
68655
92546
26791
51975
4029
24401
60190
42022
3451
76991
34673
27497
21266
60334
3055
33793
59838
24542
36732
81224
12876
47417
56372
31411
50729
55222
18840
64426
35028
96692
67976
3683
89239
94767
55658
9620
35521
32201
51643
55324
9192
2668
82822
30459
63003
2229
80604
22841
26771
17337
20417
39648
64754
76790
87411
31835
48364
22604
96261
83392
19296
80590
87075
24887
91709
59086
34508
43582
91287
86151
98907
16831
88819
98081
63642
68174
310
44247
7367
43433
61584
44137
99433
42690
20927
86845
90877
69291
9449
3491
69036
45097
433
56111
69985
92142
31549
4493
35725
22836
6996
50984
56020
12167
65417
19662
96694
65727
63909
20413
25512
41845
64550
24946
84535
1829
28143
91765
71121
53944
95256
56509
99041
95689
12620
85378
4183
60522
6223
56260
83358
29571
23596
55730
41739
89013
75393
54785
71092
55654
75198
96605
97500
56101
37903
98387
57930
66046
90152
45403
36342
1760
1912
35383
13801
30885
37114
34337
91407
43337
90597
74765
72909
30546
46848
31000
19559
22241
85785
7004
77895
77335
19961
91747
33436
57864
90135
7719
40262
96639
53122
76604
14752
55035
28339
44905
85920
65453
79242
77327
8791
86192
68444
98052
16738
15292
29052
52649
53885
31189
59653
31781
8524
79614
23528
58313
53830
30015
66032
94092
43007
19154
87048
57759
90541
15388
2664
76461
80841
98259
70140
89632
84451
38585
87684
17541
53877
33088
86542
7763
64277
62548
55896
89154
58514
95776
47467
12345
42144
29851
22789
85151
65357
9838
42910
55899
25226
61926
48712
6067
60185
18853
12052
60988
57438
16088
94881
27667
49177
81424
51782
13454
43972
24030
2608
2486
19807
66427
31183
61951
12630
53973
63454
77988
63811
22716
50239
89037
84642
15303
11456
61180
34156
23508
38520
7946
39597
49754
35614
5126
31178
3748
18580
91502
27779
37541
10340
63938
20320
41524
42241
32951
95497
5695
27291
75660
28411
93882
81049
29405
9185
92505
6937
43342
32366
61810
67640
88315
11564
3254
93441
42742
23355
28373
50596
67486
82266
60936
31424
18939
2460
73665
51890
97957
95712
95533
89969
40475
5767
71018
69880
14952
79876
93170
74646
28594
54980
42287
16909
66544
61893
26702
25638
85248
71427
76234
52734
53694
37170
510
88985
39631
90527
57227
53940
86239
52760
43910
26714
74879
14928
12947
89831
11156
22469
80830
39750
77449
23117
73011
43993
1362
99713
85983
2963
87493
62217
72049
57539
99387
72560
46524
39018
63087
3751
9311
65679
72863
53221
8745
47742
84501
38044
37573
95658
60513
34755
51760
37962
74224
24772
98307
75587
40837
84290
94902
28330
46507
66951
85869
62247
39511
32393
17617
18951
36144
26928
84630
9007
80149
9727
56749
81003
47772
10675
93013
8285
45430
44773
46248
19655
85897
60907
11594
26735
61550
6496
55065
24409
73447
40935
86656
29311
73328
4274
64614
9473
31202
65596
34832
27704
75323
91582
25059
23095
18609
18072
31381
64039
79197
93981
46
65095
54888
27992
91830
32790
34488
46895
57200
24288
87830
43856
69951
77511
64482
34565
3336
95685
161
38168
39741
75484
46102
64800
14932
64711
99224
46313
45103
78421
56646
61501
43516
27886
89494
35346
60677
40334
98594
17877
64622
2776
78085
34573
80287
42568
85490
83623
54605
85651
38144
94346
77488
598
75498
8772
81662
74722
55085
43117
53143
28083
4618
96660
55969
94112
48358
32998
34447
46952
50875
15421
66081
45313
66347
46368
87881
51837
46344
42486
53841
84488
36832
47681
1438
28682
56453
83100
3404
27890
26217
56547
55973
47188
69559
28294
41300
34270
61293
92099
97574
28520
23873
63655
73833
90220
26376
78066
58409
72720
20552
12250
73560
73736
59931
74998
2418
32736
74451
5822
60626
668
78722
16599
47856
64633
61246
5509
98903
38891
13960
12830
83763
54185
76485
57597
44405
2861
35663
19167
91933
72568
31417
65493
46304
7701
56844
48723
40437
31295
70897
1064
48315
49619
34015
96172
14253
11613
18033
29508
50504
48345
42338
34268
2531
35176
8217
63288
54389
60232
82455
46323
32800
30225
11816
95457
37926
68660
44180
78363
16307
31429
95779
64623
97401
46147
77147
28006
57760
95180
57514
8265
59877
16205
58885
62408
67733
67102
42049
22122
27334
24504
68445
76487
54729
96614
71944
9007
81626
32476
3723
97934
80257
99502
62557
77658
62001
39704
5664
19762
51236
63179
44379
11113
95736
3264
89874
63469
86718
31923
1943
30404
72779
70389
6891
27509
83355
95187
36516
64981
44015
56591
79267
24273
56094
41824
1931
18095
97880
7596
54209
65468
87127
98588
76582
99215
18204
82808
79036
4922
14731
80979
51679
3862
67720
58570
31371
51075
70110
84240
32409
14125
40831
11676
54750
13277
69853
56682
47725
84085
80630
1934
49554
84109
16875
42488
99676
35079
25296
78712
56354
56379
59691
8033
60241
27412
82955
7965
94839
53065
8557
43600
83543
65740
55277
54645
95370
41482
27679
43095
25567
8309
45029
91473
8770
78256
33961
8446
13336
75609
3510
69690
31988
63202
94075
8582
6966
77030
32899
18157
46448
41456
61758
29991
7196
17035
988
2566
74869
28668
62013
436
53329
23395
91910
62100
1651
42223
86898
31339
17833
90409
1029
49821
69963
11456
74755
76929
88487
7654
95086
34935
49110
56844
81278
72659
90231
82266
91577
65100
10934
69943
81889
80616
93338
90151
42716
94989
32374
45966
42681
50207
52727
60062
16381
22690
71519
91136
15971
60006
15143
27410
11293
64253
606
8923
53264
90838
91189
61194
72290
18476
31137
70531
99092
40827
77034
58160
52168
9409
20478
94849
75968
73206
54912
8701
12248
26431
99838
28220
2789
14981
71982
14082
95586
72588
23005
65203
79778
30546
42749
68421
49022
90238
38952
64466
31065
15987
38978
83233
41748
59457
94435
34068
49015
49347
42770
61263
92130
58960
5835
94919
90293
77817
9001
85879
66758
48358
67434
46536
78904
10183
14957
44279
16773
70262
25097
47838
2601
80428
47424
60701
39885
41859
94769
5252
7558
53891
66515
99688
12851
88703
94607
3144
82872
19960
5376
49630
84670
72810
12519
79926
99346
43828
40557
16119
30442
65655
80310
49395
46083
44086
10096
2320
85945
21218
7572
9855
75109
90439
9543
87961
95494
20502
7457
78367
40462
12833
44349
41484
85644
73220
21410
1342
17049
61968
33813
47491
43975
14123
13239
6410
58209
23335
8730
60506
60905
32654
70361
36015
39445
96256
40328
34940
16758
47785
29659
73572
60619
74008
15056
62615
47229
52819
80309
80630
14787
14122
44473
75114
28246
57712
81524
2807
97400
6606
79666
58305
39260
66379
10672
78705
62636
67352
29997
95746
31490
59656
69319
8461
50017
727
71076
13598
53546
51385
94228
84685
65507
55053
59799
10105
12766
57675
29265
10166
64281
25283
84823
19893
91662
11848
98599
70650
79200
28596
66397
10690
4605
52068
19151
54622
52795
6579
68220
22694
74316
78800
23731
39824
33853
99883
66281
62971
57558
11898
89489
38192
37181
74313
58085
45196
86161
73036
15846
81713
17985
82243
8756
22590
34311
27907
93564
3459
50839
61784
42505
25155
56936
66236
64979
7141
66119
47613
70113
23678
75863
59602
61870
13045
50267
36307
58241
52780
9344
74087
34494
27329
72683
43250
66271
23346
87509
59835
26805
38348
37971
85662
63504
94907
51899
44835
2048
18018
92448
88513
58048
84664
64468
36270
97709
14735
72578
72302
67516
98274
62741
2010
25603
35424
61612
8226
58771
49121
68061
1928
87470
6032
3943
50974
17291
55842
12161
35691
73860
20962
24205
48261
5626
88673
84531
3335
19760
73461
91989
87276
71735
54730
5638
13690
90155
67250
21916
65278
32724
6329
83558
20194
12361
87501
87520
46004
43343
99681
81696
33556
36995
22253
98169
42621
27278
82700
62308
47038
72514
54297
50667
44249
9028
56305
74292
15535
39908
12560
80813
72632
18890
80723
9178
47603
84577
13050
93608
44272
29083
91656
77828
66079
30261
75997
8700
73891
75050
71009
20929
47564
41658
87948
8165
50686
60606
98809
66221
514
11370
63386
89498
30260
44110
15028
94215
28687
44430
4175
72959
73513
12183
67140
55944
42444
59489
80997
16335
50891
68358
53617
14807
10016
57917
22973
60703
18523
38134
26924
35389
49504
6663
41239
96116
50773
56267
90332
95812
17049
94507
85123
90563
6691
52263
62859
65487
28105
43856
98175
78996
12214
51792
10156
22231
26061
33129
99286
44585
87615
26210
79974
37120
49225
37566
33236
99998
10185
39920
95810
27235
50780
80934
34150
73823
49549
97009
39310
94006
40866
37485
73003
53080
5629
83159
91663
31691
32640
90949
92628
20255
33512
88954
73727
82737
26520
23316
82736
36706
63236
94898
63941
14016
92184
98091
87839
58086
95100
43502
52092
52318
80987
41447
5399
2969
24606
97062
34660
73598
4364
43640
10206
37876
32594
83933
20613
59115
7249
19701
95821
86838
14600
76114
854
23136
90557
5046
81222
2009
48548
33315
54328
45887
74762
59727
48856
15721
73141
99868
5671
77505
43508
32229
31733
76103
32515
52347
51570
56116
72048
63743
42954
3000
39857
60161
42489
46766
81559
40063
48775
30107
73378
3103
92346
64493
79182
41203
96566
68676
57423
18589
62533
17284
50819
94267
93387
83334
46614
61309
55802
35014
25052
98757
54367
81261
75270
96856
28027
56829
36919
76802
86936
26650
96258
95634
7495
91792
53189
20413
60468
10613
39002
23002
27897
6173
17269
37636
5859
80235
98945
61662
15249
40349
76771
85968
21610
52041
82824
65989
8870
36096
42791
12158
79098
55401
7792
2945
47194
60982
23358
7662
87947
78712
47016
15844
84886
64285
69832
7097
44520
85129
68759
76122
25478
45530
62090
47088
97571
61267
13077
6441
13715
72220
34951
92813
43974
42744
95758
91168
3726
19116
15182
91673
14180
62199
23869
99066
26484
10053
6164
87357
95182
91275
63479
20660
53158
25569
84100
50729
3188
13529
73523
16903
2101
24826
9716
46075
67570
21826
53595
87648
57294
68778
95673
71475
47329
35894
70541
90165
45947
93057
77522
41129
685
57353
61789
53843
99275
62241
20924
2463
75770
10799
19367
94224
35626
45435
40299
3196
67262
10247
7197
40908
95377
2870
12383
42706
55117
99277
49223
1064
92334
26746
42194
9371
451
20335
63214
99726
82577
491
2190
74699
11290
37909
68923
63268
99696
25575
82817
83310
35822
90014
24219
47551
9236
36602
90257
64353
35879
39480
65418
44566
82578
23964
53937
99382
44299
33504
99108
43228
33995
17650
34280
61637
71911
19555
24906
71608
45130
7723
54918
97304
97737
79137
61207
23325
15740
51464
87679
67971
7297
69449
12537
6227
93413
82827
5609
54064
16331
21070
13645
66678
38720
47925
28315
10632
67480
69573
98592
28963
77296
53510
42619
91385
49000
3827
14711
81092
71643
18742
49063
95292
4543
61601
1520
97956
60780
23481
68372
77111
44551
82017
60141
99624
29942
88456
26608
13775
74382
25200
42738
51678
95062
85357
59416
44062
89184
90479
41506
77180
9221
90570
72472
13764
68523
90344
28072
29303
13826
96444
22766
74729
94814
82907
90705
24756
87715
33665
54883
62097
75217
97621
30128
70280
99331
89544
30694
4867
80023
88553
82047
5596
79123
54520
35712
47646
44864
80136
93301
75042
92932
16067
66124
87746
98974
73181
28855
86689
6847
83738
65139
98416
97712
95267
68696
97043
84811
15743
1910
81186
20648
310
3134
99771
54830
55198
63769
16046
35334
57070
7441
28266
73137
89917
32365
72111
63098
77572
75152
86297
61310
40291
84714
75374
35558
69762
72417
36721
1857
90680
34259
22505
90990
37393
22276
62172
8943
2397
94570
44277
59467
18363
88896
32604
8280
37613
21067
87731
15185
96220
74028
76495
36511
75094
51870
88422
61209
40639
25143
63066
31319
75755
1924
38661
29500
40552
17185
38444
42950
11756
99073
2417
30119
87969
35022
54752
25582
56089
42483
57119
68661
32863
33615
5173
7958
1837
9947
85519
58828
51442
48585
6500
27197
66861
45161
56698
7414
78699
11494
50364
90455
10567
69133
36926
14889
20507
91678
56823
92949
34161
13943
61610
83377
63910
83135
7687
82099
93082
93206
40927
44525
58143
47427
71722
25005
8941
44772
32419
3992
56266
99135
94447
66834
84620
31373
98075
5128
39404
54898
98077
73565
68841
76039
56942
32751
59175
64629
14850
52257
74187
72130
13134
32331
35909
1209
57336
61202
45981
89755
65194
18600
5242
59641
1786
89862
7367
99861
11342
63123
54759
9419
36688
23601
85459
9983
72704
60986
90964
3907
29595
65152
76037
42730
97483
11946
43939
71171
73149
6272
77278
54695
24872
82520
30689
26658
88734
54408
26519
77
17531
97631
25848
70571
37584
27659
80554
10288
88645
87871
14195
34593
69375
6584
93675
83210
34883
53966
54381
24384
60238
31659
79079
1463
30531
9768
28121
35617
64176
70993
35694
98059
68624
61543
68631
6208
5554
65537
32848
10552
53408
63396
45145
39135
86332
38820
22345
21215
92786
93078
45599
69376
41089
41031
70839
71620
50799
98961
7238
31328
86306
59284
29387
54930
37179
14370
77490
42734
79908
26690
53286
49668
90086
14783
88804
92771
53603
27501
13986
62741
36932
75938
32117
78021
16969
2957
65994
84120
18270
73232
31800
4576
48868
77540
59506
86048
91910
53348
45134
71818
80038
14772
37839
86477
29555
26643
79248
99510
70496
9586
62251
7428
85524
94368
1802
2493
97325
67796
86614
15595
57380
18414
36523
6248
95954
12381
8648
4217
65729
53782
76035
62120
68554
30226
64949
98109
56869
60549
97619
43718
70135
76222
67498
55660
70591
69300
74505
84268
37096
77471
16216
94476
95886
52739
17077
8192
65121
25725
12409
47202
79508
4797
9322
64414
35023
90623
78876
8245
51172
92847
68315
37660
69070
35813
93320
56013
5114
84177
40281
58562
61649
72849
53039
73887
25589
86468
98431
7062
12193
10841
54264
8053
31990
79939
72468
83365
70562
67696
7962
38087
60543
76277
75747
29613
28443
85419
1978
49909
69596
58612
8471
31245
31461
77862
5132
73402
64330
3564
80464
76524
30757
51081
929
79099
31020
89749
78816
17934
57445
86779
56021
34341
79408
48120
80306
24203
33539
82285
74112
3136
40897
82584
34381
72358
60446
55866
62113
24777
75782
58929
17653
22891
10010
34934
1990
57382
24684
97158
91669
98481
83937
64042
32822
79698
12163
13129
3901
45702
95414
78014
48838
36311
76950
99572
25021
37396
71790
87134
78525
47572
62416
12530
86815
72426
47465
88805
29809
72149
2315
37830
70630
2605
1872
3453
82303
14035
32934
2556
59738
28348
96922
24928
81011
73872
40852
6032
11269
12642
9519
6146
76566
71935
18677
63381
60713
66142
68538
6874
54643
70854
44704
41625
73459
46577
61430
72114
60612
94364
91022
36702
22712
87945
61631
3723
61817
18835
26108
89438
31478
51979
95585
24396
40266
14262
4130
17331
96756
89020
24206
51399
76226
85262
9376
66037
31839
70807
38151
8804
65171
45526
61858
87884
33471
39841
7959
11640
58677
50419
1079
6507
2398
13016
30903
59016
43630
51385
76348
40386
40406
16906
8137
16632
2168
17513
82670
50360
88320
37173
75516
69844
82699
37374
57728
32522
77216
82039
44163
35893
32459
45242
42400
51209
74610
89655
26578
18240
41041
2926
58626
81447
36184
83115
14431
54704
628
13453
5064
5301
50627
80580
75145
49678
17955
49225
82201
11523
31264
26364
47416
80075
87958
6168
31285
62568
95823
74215
80808
53216
93493
55786
51015
29677
38901
65447
84381
55881
78900
89446
77534
45879
86378
69031
11910
20685
18256
94111
32208
65873
36827
79624
45948
24785
2144
93585
87353
97968
67800
84513
51184
61293
40299
2200
7322
95552
83999
91704
51433
79251
97502
28968
25131
232
97999
53393
20918
32608
47504
53126
98481
84331
49103
60781
25468
51247
54367
12821
65567
38519
13686
16752
16165
53985
35304
23487
49537
19303
31543
17322
98554
29045
46290
40037
29278
60642
93430
66548
9602
57286
19674
8083
57969
85129
85216
83437
52729
39583
12610
18296
94455
26296
51400
10620
80281
86704
34107
46170
6007
65651
63493
20914
11048
26135
77303
56678
86777
87086
23226
96379
44372
59253
20814
2342
44382
6031
2131
13463
61966
14742
31760
72773
41038
83160
83393
21320
69865
33853
83842
92224
15856
47335
29490
43256
73471
23146
99935
76600
10232
39513
89332
54604
98766
10146
73298
59501
32529
75430
72964
10848
90172
21076
83621
47562
4237
83367
85234
90454
33572
69077
99030
49428
16412
44873
92684
89883
68019
8971
66484
78251
48485
72168
49207
47251
82314
22506
23104
31196
14288
12421
58396
20812
33497
42017
84726
54086
41736
69961
44540
75308
39038
59923
24736
55450
4796
33773
61686
72815
42744
44522
51066
7581
16690
16625
71185
15356
55483
94289
62904
69771
6710
21300
6935
56560
79670
91662
10646
21406
77975
71539
13067
17013
31462
37803
88815
36258
87928
66853
25425
47025
11375
92843
54606
44417
9468
25791
76126
64952
36433
39030
51075
59495
76683
74363
16055
56353
82377
43054
94111
60352
14593
7178
77365
46055
61334
82532
98665
65614
65738
24090
12639
93465
33285
83598
37883
42753
25741
30361
7705
78526
69391
75133
38022
62426
49496
70429
35131
31873
29835
45595
92225
44428
52773
85942
6835
30459
84826
21852
96074
50564
62294
25065
44030
95579
25015
98265
38333
50757
28626
62390
29283
14369
37523
83657
76796
3371
70439
11927
35244
274
57522
43821
61055
26648
46115
67890
73459
30942
89743
85885
97858
68389
10951
41888
63969
52318
40153
2302
3075
85131
81044
48711
99501
18568
32368
92649
21939
19159
4576
73536
19434
78451
17357
80489
21451
63473
64731
94910
10767
70826
80796
8625
39216
8099
66866
3185
76769
23371
21839
79845
8503
2883
44908
24356
37803
93628
17005
76095
12788
37933
49631
48574
16384
83340
29063
54187
63165
10146
49098
73932
80973
46246
98910
36541
70697
65776
39726
47466
89147
77917
43663
97650
80800
88571
38358
18604
82200
55363
11051
11340
93297
60682
59914
26033
60374
5329
80221
23540
15475
45671
13824
12800
8269
12734
49341
95318
78510
5419
59136
84010
99688
2800
98012
80489
7723
36371
15445
6275
91734
26496
17615
1383
3530
77529
43769
63904
82858
40342
87444
14686
86013
17621
27486
10634
30355
93180
22304
25218
14951
81440
9228
14640
592
7240
11481
8316
43611
43278
14591
51698
86126
32207
69433
89656
26088
13202
53560
8947
53544
57357
39985
55909
74978
67471
66543
21685
77003
5199
46903
8307
86640
72483
22947
87232
79724
50780
11900
39687
94058
26492
7737
80184
75051
77171
86192
17491
90373
56104
26438
43918
13461
82775
99827
4791
50247
82723
26477
43602
87922
89732
51909
90914
62216
91208
78147
58292
58340
6399
97979
68750
49243
5717
48934
40646
82888
35126
58138
73261
91231
84576
33531
21044
83704
33359
42188
33951
32434
85017
93905
20356
74749
62167
11271
53317
69727
5770
11609
44420
12169
9589
13170
61413
31658
62105
2059
30898
13583
60197
4159
21166
61126
54043
58563
44830
87402
751
95133
19836
2120
5390
56544
76869
83909
84167
30187
53637
89937
58148
98057
18459
67737
27579
96224
15747
89684
98283
46645
19620
74833
67157
57138
52311
21200
15701
13493
24954
32804
24978
44790
34924
30368
17686
28146
14278
1854
74685
84267
8143
32833
98676
26602
16923
26255
22826
32670
32292
37462
79316
68264
12295
62825
25402
80958
84025
57456
94451
8979
90260
35781
70121
41537
66149
87807
69683
96779
6013
44368
97398
14157
77201
12426
57111
10476
55034
79938
43147
87326
17400
38815
71942
46047
1640
97344
43357
2017
54800
54160
10996
61413
89941
97469
2950
56090
1628
88985
69222
7642
33353
82972
38151
26906
95399
95262
53735
66785
91552
96882
70463
25304
52049
42405
71351
70041
56101
31060
72058
27254
85220
99406
88667
75161
96875
7969
47604
98503
96954
16826
22497
46659
16150
60648
89917
11549
72263
43652
94686
63815
56886
65149
5472
8935
7554
76823
95328
63656
24236
67386
90910
9456
83144
95929
84618
80019
20250
32222
94875
33556
65400
17372
80215
81550
94373
86484
9452
66636
30137
4138
46803
3375
69288
52275
12311
93194
45451
23991
73202
69687
91378
80464
79143
74522
76393
80113
70894
12995
12335
65769
46551
77735
99493
43118
59286
93866
29603
85090
76854
76092
89228
40010
79467
74868
8637
8130
68063
54088
32122
41265
40127
23500
21730
35623
14374
14475
15736
1620
27471
44424
67389
90374
22159
66883
33493
97797
77101
63096
82887
53956
55540
88468
93966
35007
63336
2603
43138
47751
73044
75260
89017
29523
15112
27099
65146
29486
41574
97235
31107
85397
41659
14848
75772
63818
98083
25617
77968
75185
88713
77207
45493
44253
65675
39459
95612
29012
58414
38750
76763
47810
14010
82132
77334
45474
9231
58832
74961
67158
56067
22420
68907
97726
53620
61031
77897
51704
86648
72217
26889
91713
49424
72382
35966
15100
28193
47931
60464
2959
86681
53579
67122
17044
52064
60808
62518
77647
19640
53831
61157
92060
76251
30065
89786
29872
91096
84035
97928
77745
56252
24817
85810
5677
13551
21777
37129
58096
69708
13945
61055
72741
67524
28177
89785
35940
5337
52304
13588
24978
6135
74745
17038
98739
4810
23176
44963
12259
23564
42891
6356
79816
84060
92166
1845
13963
30295
55326
72059
16355
69271
33114
89097
53148
77644
95234
89088
82981
63890
2676
24311
70026
93774
57701
85117
14936
80878
46432
27195
20794
89323
49903
16962
89735
58422
18808
3698
88717
74134
75757
21425
59758
25223
10522
12906
2867
22108
1994
2201
85999
21023
26512
72377
14797
84214
73846
29733
81444
20278
73281
2238
25953
23184
35552
15688
81606
54360
35738
86676
44847
27847
8101
4605
53070
34975
33863
72290
73435
35857
74491
59434
73232
17355
48163
88029
17921
22009
34115
99365
42287
7396
17955
84592
46932
53508
280
44891
24220
52370
31567
85419
80217
56020
6376
49640
7347
40239
21930
80782
76097
12773
40217
65681
46480
4732
53711
64402
26742
87826
80119
85381
11574
98075
69974
58506
67935
86606
3397
92155
38977
51316
93927
35546
23688
303
85186
31035
40543
23468
28170
32992
52593
84739
98673
99074
89471
52384
79828
16213
56562
59947
1595
68136
74374
71569
42995
42309
58175
62744
50817
13504
30413
44744
49051
54101
45047
50589
1489
85590
90410
29659
34934
43003
14398
33608
58429
3869
2344
38257
36435
58907
14557
54382
43395
88931
25951
86390
31241
478
65487
98410
13983
95900
43154
79386
50001
4553
46327
67842
6496
36737
13853
41430
96093
28251
91390
54522
48473
93735
9132
1260
68994
23689
55642
28741
12620
97945
31484
60213
14775
96971
74975
45110
92871
34481
24496
59224
39035
70824
43419
61883
23913
57272
19665
20006
85524
11056
90881
50349
21143
13
67961
6489
40054
23603
35230
52674
37900
66714
29240
52675
80037
4215
97786
89260
38697
38634
48485
94084
25810
91904
55967
49724
49176
91984
86082
51052
3040
76963
17753
40535
76976
85714
47024
17030
25669
98607
86057
63569
65321
31649
32597
61711
52216
46735
50971
7265
85369
15808
1349
27532
24064
73668
93608
89593
65653
79690
56997
85045
56654
74751
25581
49982
76817
72605
83365
18839
71212
85774
82408
52886
17423
31357
30949
85991
78092
81920
93257
79814
14081
10958
7346
38145
84627
954
27738
66632
80644
84736
51677
53650
59487
93610
3633
52656
82568
86998
71495
70132
72772
70256
39370
6547
1613
70319
92538
96058
68592
2147
75872
82673
13106
99570
20818
14085
16876
48557
80717
13872
49645
48746
67523
25484
42357
87508
78140
24925
90858
65988
95057
79982
36244
34428
86529
54209
4747
95419
50267
73339
97567
42491
72364
27025
58413
93183
41110
75289
58092
38179
89162
7737
86925
73037
33221
29282
60545
11361
54207
51403
77349
49265
31385
29945
83693
34266
84155
4792
29685
50774
94484
43604
9618
66848
86981
68031
60031
28091
59673
34475
66270
65187
42212
69548
38224
75433
98830
98769
3147
53038
66524
96848
18655
97909
26794
18700
32175
27301
39844
78212
78075
34328
38169
4045
1177
25150
88429
77560
69594
48102
12036
52216
13289
70600
21764
51513
62386
20595
66634
65533
89985
33158
62381
24992
31067
5527
43692
79594
32828
99888
74158
27256
34217
12327
47653
51746
53830
36082
45658
39776
84184
57694
91992
13825
44647
30109
81690
7033
67056
48324
72566
57041
81482
51299
98385
28901
73179
58429
24847
6007
58317
99006
49615
92534
27685
97269
60632
97867
49703
6291
37643
33888
80337
45988
64065
24984
76097
45756
32017
43153
94080
4583
16546
91915
72235
14931
20816
45414
73360
45664
67773
31677
61022
33741
40564
88707
31010
1196
86575
97065
7487
40570
47305
87825
86558
11371
12809
62655
57127
44827
22160
67559
65762
38706
59474
54349
53637
96643
99763
26997
58659
83889
75027
19681
17630
15591
24740
64992
33139
27667
62057
40627
68238
9363
44804
71148
20734
73965
33804
94213
35144
55964
61772
907
11023
37599
71608
64660
34242
87724
8010
9253
71613
99389
45286
89243
14980
70026
70587
64471
14046
32644
5098
82284
42007
66254
69784
79093
40220
3588
89658
75364
75905
67783
92623
86928
5382
64232
67940
55976
51956
92302
65229
23569
91691
10515
29164
23023
96893
99751
87495
10939
48747
8945
9575
7107
75200
79360
2552
31772
99300
92211
7136
91557
59994
99760
94837
81728
80344
62778
37704
32300
55080
19285
72221
63124
29800
17737
86147
43045
33840
73642
53985
82587
82588
79912
89694
74140
75624
92247
5912
74925
84458
29400
82834
60804
45512
77672
42532
25856
40450
96588
74508
11882
15873
63081
75006
62025
80818
61154
5070
31010
51148
75407
13598
50088
71672
3292
24228
47296
11891
46492
38573
12701
75893
21408
73505
37757
99080
16037
63614
55882
28977
54474
67764
44850
33908
59123
6875
31078
36629
28298
62089
87777
3705
75687
54218
75377
95331
94798
22674
7223
41291
77599
19924
33536
99007
9782
71293
98087
42171
51259
53969
71149
22086
38086
15999
55994
97209
39227
87072
50190
67525
49161
37967
71230
24848
92185
62960
36532
86984
1986
43755
44627
79585
80031
94515
78593
89813
65808
93032
31985
33420
47002
3134
55506
1440
35485
11500
15001
74712
14924
65191
42237
64086
3158
29820
88934
11696
92780
41818
15032
11118
85573
76011
90703
81957
70526
69296
71770
52686
62329
20107
2458
25683
39593
57964
27123
75079
85816
42124
66143
741
7315
24733
64827
26825
54553
70113
54873
63685
11932
86257
74803
13857
62268
81858
95814
49146
51155
83937
1833
29836
4044
4291
71871
59990
78608
98994
51421
80776
57470
17564
81517
81137
58649
62696
24314
13202
49162
79188
93239
77446
65445
84394
7655
44066
66253
19822
93212
33760
3759
95045
63596
24155
15689
35467
84145
10649
50813
35566
91425
24635
53131
89295
5772
11780
68343
46438
41335
33857
41978
50926
11303
23776
51673
35311
67842
17926
55133
61054
51686
75244
72452
31634
99399
4493
83453
83545
15142
50618
19111
22919
75253
88594
12214
97377
16727
80558
43815
74414
30767
2146
41692
58423
25922
93365
93734
93764
27643
65219
71170
79329
40463
59974
27315
39862
80819
27120
39759
95961
77738
75223
35233
52991
80169
47447
66720
96896
44357
26888
87662
91477
29034
29355
49900
54956
39072
43634
65072
66716
8853
36242
62397
65668
12569
6065
5530
93388
33185
45290
5702
10924
36865
40935
80267
17034
4734
46988
30283
65444
90228
17945
56921
35614
63652
6821
90570
19077
66807
71994
85793
92012
24588
64542
57680
37157
70607
79562
46898
3793
41204
52600
14717
78069
9887
11336
95104
30973
74676
25387
96417
64904
59684
69690
518
39689
92863
7440
75118
59670
79434
60911
68034
4023
41805
25714
57532
12413
5277
4430
16206
46481
73382
47275
40903
99621
58611
36007
30595
33288
77746
43364
14544
53782
13055
31415
9823
5918
38855
84941
81941
34642
62204
49975
55017
4010
92042
28901
16423
13671
49684
48981
60152
23066
96256
17407
22688
71219
69766
53283
20859
63864
96647
35404
17647
26054
83171
43822
48325
22026
28764
30266
73020
7320
96593
28037
11330
88635
73291
44105
2306
22975
9438
78811
46041
22046
96218
85081
93266
82337
54716
30477
46201
67716
65881
80200
93770
65404
24023
42095
87431
69139
88713
76803
76459
1659
21193
4142
90294
94484
64599
8953
17459
74038
4116
63500
96084
16686
64934
5702
99023
19650
36180
45225
3718
18413
25425
97489
83818
65800
55936
87601
34939
61002
64404
27751
62661
1949
31893
69307
96433
96492
78260
13892
86882
98728
93745
99319
15415
75031
5021
14438
94681
41201
76015
98400
75967
17793
12241
59785
83593
84529
63738
18533
45531
44494
46284
24544
46444
94529
93852
42877
7373
88464
73122
94256
87193
83219
93575
2608
58250
14948
33398
52931
72502
9414
67683
48469
27207
96276
24606
27152
80806
88344
45685
42689
32838
8321
83586
95634
2850
77438
38512
26576
65902
27986
20832
69447
11205
30759
72055
69455
62059
21806
38738
34561
31220
22774
99382
74779
19050
23988
1931
16208
28684
63969
75250
77875
72290
58836
73509
91493
36274
12021
18069
18528
40007
55253
87976
67564
2364
76383
37019
64423
98189
75758
15337
45761
98532
14719
36892
33934
55060
55176
50143
96
19145
25393
77971
7787
84229
51481
15632
36855
79854
33701
71735
36214
5306
59711
3778
24022
52447
57150
88446
66988
32908
20135
12750
47792
51206
65994
81726
6266
21170
48221
22715
56667
73614
686
64455
74195
68519
96439
27402
64726
46493
99138
940
51799
75201
21070
75822
27648
78220
80620
94637
27480
17107
23739
91624
68313
89733
73351
90932
27256
21572
13647
83923
11539
14333
64730
2086
99205
61170
29489
63931
7663
44979
81223
75814
20180
2293
67988
64181
96866
48608
58818
40698
82067
98909
32323
50381
4994
22026
41313
32250
43598
71312
16174
71489
1997
97256
73576
1202
58426
19417
65133
82441
64396
46356
58256
84576
65002
26244
65109
78220
91205
23927
18918
73272
39188
67593
23653
44183
89619
81318
76433
33218
52630
8959
21059
70980
6216
94635
72182
80994
30404
53668
63436
94800
24
38044
95729
81378
64288
60838
59598
71845
1118
94869
45118
40306
62462
85123
841
52082
82794
93627
1652
51776
2586
22711
22756
25154
33699
94939
22501
64103
48607
2289
75256
64983
40333
70985
46362
20973
48175
22312
92819
49293
17181
37937
5952
79644
39412
23145
31726
22206
16772
49730
73983
35711
72441
13091
77217
6140
8030
99718
86596
72989
18359
61852
54325
58692
49189
17039
79666
97364
39351
88837
63010
56533
43126
85314
52529
82538
8459
607
21097
41584
50337
95080
77295
22778
24523
70864
45271
32554
70583
31867
21895
88942
10071
76220
63987
59260
93259
60005
72976
48963
48842
52338
21848
91968
54004
74377
90858
62464
91336
11955
20400
41673
23387
14047
80803
47911
84911
26074
96817
71846
74293
35064
60789
716
11285
41128
59976
20896
1133
49305
69859
66327
17995
8059
74647
72000
82436
65505
50816
73772
77461
71216
31797
17200
85263
12601
65111
70174
55027
78280
42021
45673
13345
19162
46389
40982
76642
22718
61878
77775
72023
48090
60454
90018
56149
35101
78370
54938
606
29186
45062
94419
402
76860
11620
2017
5813
93083
72192
60840
71364
30565
6513
1061
49727
69255
42043
26369
91973
20273
20496
80348
68363
80950
86718
40865
16051
65089
12155
33009
94275
57217
27429
11030
50429
55401
13047
56242
48484
1591
33435
36200
32156
56300
37261
98235
25555
79304
40956
33880
99578
61452
14228
84293
58754
947
41510
91157
82388
53665
24167
76663
10883
67948
4045
61312
39701
17093
33907
4537
35036
83694
40738
67193
39994
94351
65428
81902
73656
6385
15782
89586
84189
30011
90231
59296
47310
31742
50453
29698
85407
90972
22713
96290
75272
26759
73955
14973
60204
24214
19511
95240
7908
60249
78785
64254
54600
60566
46156
44608
83303
61939
50546
83844
91950
40778
43140
55612
72520
93594
85310
57927
84566
8023
70570
59839
51134
60877
91164
11338
1443
10675
22931
9351
70924
18068
89957
41877
78634
36114
2837
61937
14405
53384
45782
6355
10514
5274
78319
83034
98868
63629
57313
99787
88004
27883
75978
39139
5112
67142
66829
6555
77818
89760
32258
65094
7829
22216
23323
2815
74682
26161
81105
89087
95897
43239
11794
6411
48513
90113
89445
47382
53742
63110
63521
41746
7346
39499
97237
12458
6641
64067
35366
811
70179
83976
65906
94360
6192
89229
97176
97226
31742
94633
86313
27639
37872
98107
50402
86385
4572
39847
50119
58314
19310
29992
16413
26656
69491
13650
55466
92485
94069
90832
93296
64249
74809
75554
58609
97353
64784
72137
94580
12878
66770
80893
56870
20994
95353
7272
23732
99925
47120
90203
74592
82782
20196
91005
9438
89687
21007
64904
98524
15077
55737
91821
95678
46898
67375
70639
44251
48511
42777
55183
77742
25899
52429
34612
46894
47782
41884
70626
64059
5356
60829
38651
88138
97377
46008
97576
3417
67016
78833
1941
98445
50922
10114
10475
97820
93842
81114
58423
58705
40243
13607
36447
82495
66036
71059
29389
30170
12944
16367
94229
18300
93548
32881
22791
90926
78889
20367
94343
62257
15552
96284
77054
66474
22751
87529
64294
16593
84996
39070
75298
41591
69029
11746
24086
35065
82805
69827
65235
12101
86194
75816
46754
96095
8697
69545
87021
3939
6264
97716
66196
21817
10352
59603
4643
33103
63484
85290
49696
64832
24360
41347
6424
93389
53093
30510
44806
52250
338
26393
80704
2884
2209
27458
98979
10907
13355
2352
31198
19619
68
13746
57788
26773
73349
62432
76228
53186
47722
25925
18018
88434
83624
24442
81823
36717
71305
26629
5319
71643
53022
86023
90879
71583
13481
89859
82490
43188
8563
13688
62808
24984
27435
36948
51757
17136
15732
27985
70322
79806
70262
88341
84592
53886
29135
66415
6955
440
9396
12275
88435
78770
98298
79315
50354
28132
69174
49196
71320
94089
79237
50480
19073
23024
3781
70830
40160
35865
15168
26835
15672
1782
31528
264
55669
60663
83032
78976
77456
8780
91251
65891
3903
5902
45206
70609
34034
30732
19805
21706
24822
15394
72187
60247
38418
92320
47430
94931
28185
62598
21766
43857
80732
69646
60474
52753
30309
59858
31730
24117
84990
22981
90009
88893
45235
51567
59502
95621
82300
95660
17328
23474
11054
5867
73
65825
98187
47503
60756
26372
26453
98874
86582
7186
68520
63408
59939
15181
23266
91669
39299
8256
31003
45660
13502
76238
97227
73004
71860
95879
85016
5540
35705
96071
11407
35779
61896
9594
83282
39004
52318
26088
37878
38900
33274
22750
18660
93213
37931
41926
1235
93582
66535
32238
55594
80037
24828
52822
69393
13040
65053
54410
18580
759
66833
46339
52890
28729
72285
52524
67733
24604
78612
21963
79856
11886
44713
98517
21452
98996
56795
22687
8931
39682
71277
64525
19719
96105
17347
5465
9146
98753
59875
44078
15864
26708
90418
68754
71789
62703
37630
55874
3659
16243
77837
99868
44481
38902
98385
65933
37898
71532
4972
46829
11215
76249
11355
47286
72355
45054
52751
97853
60159
28978
58283
76023
72038
48701
61129
60179
27757
98760
16053
31416
31355
10242
31284
75836
49144
46021
41770
3395
33906
63094
66576
45121
39344
94283
92407
28051
39338
61511
25904
99497
6841
84187
91873
78880
49241
53002
55411
76998
68114
71465
24766
99469
98059
72403
75306
63556
34776
33428
83303
68682
96522
49879
13803
52218
44163
22563
80269
99853
426
22525
15702
7267
6713
7575
2499
72306
76930
57911
65656
45044
45728
90422
60866
43787
79177
36172
23695
13954
85952
6998
82636
98826
56878
96440
51045
17393
35355
31314
17246
35781
53840
32948
43048
76905
56876
45548
65563
33806
3459
31219
95202
65539
37993
56068
9326
17171
8592
33022
31125
10896
56372
13761
9723
13250
26553
77120
46995
61908
8434
64241
97689
78626
13542
57090
71883
70418
18990
53798
20576
38801
85017
32130
4340
39363
88199
13666
56534
13143
63040
87659
24040
19413
17772
50115
49015
44326
27235
12363
22586
52021
76604
36628
47000
6498
93718
18883
93268
29060
89034
30196
67861
74051
62327
72201
13414
66878
2219
86300
80021
81612
90311
20413
17377
8084
70528
82744
68762
97763
95107
91348
66137
71712
27976
13137
94562
38046
32020
87831
67106
21054
18027
34967
11458
80354
23520
41224
63584
25740
27525
43606
23704
34188
80371
41081
42272
50900
23825
11034
65015
35285
18735
31152
6997
63063
44289
17911
1110
92662
5742
84568
30068
40122
19536
57878
36828
59408
15455
413
85148
59332
60371
25204
93520
57094
66285
35793
7994
6463
63179
89362
41748
98266
36866
65097
61330
97508
83008
78792
6522
5103
63360
52942
61577
99248
10821
98405
58657
42628
15170
43805
1960
91893
85362
95480
48988
51647
47625
56982
74462
27157
62696
32562
25423
15915
97659
3105
13423
97020
81897
19945
18475
61610
72887
80052
60858
60
94809
19515
42688
9980
79673
61000
1873
65035
56481
50861
33034
20458
24196
23849
47615
3244
56411
89391
19159
70423
8848
32582
83795
90746
68879
2270
68708
58119
98674
29566
74531
93483
49082
17220
19815
45107
78220
38041
10142
51053
5254
59528
71512
45802
83377
35479
49047
56141
24870
68206
26564
33719
17141
10359
40817
2372
28981
9525
60491
27655
55443
35023
37490
20877
68595
73658
65984
63167
28051
92478
14221
33305
68359
2085
79108
51736
37564
44507
7877
78787
12713
50793
28858
46206
77504
69675
48579
6485
95552
25422
50492
67347
60445
4335
88225
29040
94345
70561
8560
22396
63040
22781
55701
31399
41218
51161
99487
95134
95668
23717
73921
24734
90862
2779
70940
68367
88806
35871
74852
710
61294
41697
68058
21739
46032
56283
67132
40377
26844
75692
62773
6236
14825
34826
53987
72395
2340
53475
67529
98008
93544
41451
22742
84406
60582
10035
52773
65741
45906
43978
66451
23552
85675
50861
61644
48059
23496
28776
4788
66693
20820
83913
89281
51997
35091
43269
24392
37431
13096
91921
35440
6640
49724
74534
7398
26659
921
76524
92400
63180
36854
75203
86732
38881
42417
48376
86940
82265
93504
8080
48958
30676
91993
38240
99025
27084
97861
23417
64516
10957
31691
16308
33949
97767
7194
57699
40778
24468
34223
49530
87648
71077
24734
90732
9958
83503
55461
13250
65768
48965
21330
31079
95994
13323
69319
95019
56760
67180
18437
37628
94489
66480
70288
28438
80599
93834
2489
21378
18302
36713
70908
22302
24142
11994
13035
50453
95497
68496
63703
77618
33813
85034
8697
29807
14709
94368
24827
87821
77900
59616
25449
72389
42448
12089
17179
23047
5924
19668
44425
24226
72733
15334
62881
96876
43680
75916
47329
39178
60764
11032
33148
94577
12418
41845
40737
43480
36213
81916
31301
14113
41532
73103
2854
83980
85192
20033
23379
7468
56053
67805
48047
28787
99491
10928
25663
59523
3196
89344
98701
63960
376
48201
74889
29147
90046
15626
72627
42611
13894
20280
73076
55426
9735
75930
55758
94928
12315
79138
18748
68369
63295
66795
97156
79138
94075
39171
38661
97271
28515
53715
61231
45243
1916
52473
74390
8315
84451
63369
67278
98346
2
56707
70124
9737
48989
25883
21017
61305
21373
39766
46026
1020
6561
59534
96510
637
98705
51523
14260
43572
21590
91844
88815
23507
44317
79558
48174
45120
59279
31804
43466
59281
88511
13591
69019
37501
55826
90036
15158
93551
46154
61184
94571
69068
20718
7433
86057
35775
58956
317
79347
80547
92161
68162
20406
52830
64072
84932
97951
23352
16736
41417
82633
21600
71360
68004
75453
27186
74393
90611
37089
20547
68147
31660
89615
5217
55445
75672
40992
14402
75990
36691
11301
84503
21205
31707
37334
85278
32991
35285
8630
66079
93054
7615
87679
64415
75620
63132
7953
50013
70095
45043
86912
38242
93055
92880
43459
64853
68552
803
95607
60894
37494
6908
45398
58700
54967
99084
60330
87958
50721
68960
54037
43775
92927
58069
24542
68547
21201
48848
34912
91297
10243
38177
45891
19650
31057
89351
84503
15961
90154
80110
76856
44001
87018
38606
19053
58337
37690
79383
46295
88411
64695
16685
48538
57622
74754
73081
42522
12307
38281
93786
3604
48524
31963
49496
68174
79372
55199
52678
95334
61705
32788
72190
5706
36159
27148
41111
94496
81190
20494
57144
85953
85189
73829
34491
42812
64935
23924
1686
77242
62205
95472
97199
10729
43788
63047
95256
23160
18246
47934
18494
79951
97074
7036
2010
33233
34184
43121
44082
15374
79968
1226
1327
65157
75055
52171
24321
39990
76095
26007
33584
54653
37832
30783
81734
81620
93830
76990
21132
12076
24924
39627
8380
21999
63015
26742
71584
97200
86215
15666
28926
66183
16892
30254
31341
8299
82425
72014
64641
74872
14374
98226
29525
68558
45361
27612
66530
39192
4602
87662
67620
29527
43641
92352
67878
6657
19094
55814
20209
5310
87833
49135
71493
21077
79389
19186
29377
78166
7553
10370
69391
38279
8596
15268
6837
70310
42880
73367
9502
47483
61029
77122
93362
21023
69475
77592
27680
4921
33406
47889
26583
37591
97024
98077
58669
92766
33615
88046
87284
57520
98416
56675
95799
23365
71944
2636
93675
14824
76003
19529
62307
53385
13003
72021
90760
98830
49613
18440
3752
99372
82681
30335
36963
96057
44764
95632
5175
94732
30
92460
52252
14799
49135
48052
54516
37431
67040
64543
52256
59396
84072
30915
12781
13427
2937
3541
12258
68902
38333
32362
68274
37366
79049
21590
33423
40166
17222
38599
34898
17253
31059
3502
48404
96546
67906
2920
33978
34947
67463
2586
94343
51535
49853
23476
64962
69142
43369
93572
38045
81702
25934
22671
19068
21336
44261
68843
61502
77836
7442
96400
11441
54853
16254
59845
67752
84161
62765
18082
19108
30228
20668
29803
98115
70521
53279
79429
56016
96648
89354
94061
94702
31640
16732
13770
52976
77346
98965
14478
55182
22760
27230
66623
77613
43485
42820
61717
27646
5585
79799
63106
52165
467
92909
66632
87341
62540
46061
43357
59188
35415
53770
53890
67056
86854
84012
36384
64200
82977
50863
35734
22089
78093
18709
99703
37930
61529
61420
81928
67114
57572
45034
35631
58039
54295
2263
61732
16835
64677
21441
92375
16444
91563
62617
99852
78418
62981
36237
58970
62311
87100
11057
84400
81545
29766
84103
35828
91296
61876
17756
74762
19448
62791
26746
93839
33438
29009
71924
50274
93686
93365
59001
26483
84929
21619
26335
79699
84600
62572
38669
46911
66024
49726
31312
63922
95845
31767
99750
87141
9995
17506
78255
45795
96649
5001
39635
30088
50363
27911
96714
44049
37628
55715
70532
22557
77334
13220
18608
78287
75792
57278
41550
58169
23356
89214
22091
19201
20982
21841
22694
47329
55699
950
93125
52349
22303
49112
98789
72666
77023
95503
33068
31003
51218
3600
53561
44905
33172
72169
23192
8965
45799
64742
83486
85508
53957
5577
4709
91291
43770
27404
38620
15821
44706
48097
84522
67009
13561
83311
39676
6936
78814
72744
37940
30033
92696
7853
91290
25869
96374
14482
51186
42174
95576
51024
44034
65885
72953
48743
73528
16723
92499
28501
48896
37205
76598
33419
20567
6512
16730
76595
13448
95545
65691
67740
41930
58387
75593
33220
608
71968
64054
68146
30494
75982
19170
74528
41868
92123
39623
15396
25198
32123
60249
74095
85680
36848
23866
22599
59712
40596
99194
73160
52493
64885
40901
94423
39625
16494
43995
56585
4814
24401
41084
35308
384
60254
26188
58604
68730
65812
90352
10280
14287
50602
727
16319
87450
24593
38919
47162
65190
38113
36674
17683
19351
93927
28459
75328
26774
88806
31913
31588
13208
72997
83249
13592
49604
9437
72196
34686
91601
62548
44966
5888
13150
45694
22208
16952
86639
77479
80466
51829
31944
33493
85865
51295
27420
30676
42975
54194
19482
91241
2135
32690
64238
85384
62634
30194
11173
34830
64880
19127
13731
26199
41367
43233
88245
79927
60186
74884
57406
57004
26714
89351
90497
28931
56998
17918
59607
99974
88464
95441
91215
90599
28132
71805
92335
90766
18352
3509
41949
99584
22636
55680
25783
80355
15265
14028
60283
75451
88913
17689
48808
31979
23392
39305
77262
80391
73575
36869
96717
78392
32310
4284
68991
76794
92441
61327
83913
10793
81188
25862
26730
20176
97894
52513
531
13159
82894
60814
4963
88159
94856
53771
20138
18248
9428
97400
14991
99356
50621
11708
77748
99283
32344
63091
92430
24786
40770
76343
51931
21958
18557
78661
58486
16451
47527
59018
45962
30421
36184
50925
34932
31040
21048
71422
65641
46829
85174
80632
46185
35795
92341
40285
51430
24685
3376
43860
65823
44147
36555
17755
82457
55112
96416
40944
71563
43943
99962
33878
90716
52498
84803
25648
83539
22204
97070
49180
69033
98596
29812
15218
34391
38505
55503
2174
79543
75231
62386
45366
19378
98942
63121
1836
54054
75890
42780
41970
36185
59094
75848
26902
11592
77003
68902
11483
99207
82325
60663
84592
80921
6828
99810
31665
45333
71665
33839
41228
46897
96225
86595
82627
11519
66068
815
81926
41958
59947
40248
78144
19041
16096
21398
46986
9451
90300
58469
25011
72625
35485
9603
69899
58665
25766
1564
20350
97431
35403
61579
60680
47980
64526
43308
75852
30594
60475
57778
88905
20423
98026
67049
39464
30474
88447
2802
56277
95099
77624
81288
84077
13109
7244
53976
88126
33010
55540
8476
46793
7295
70055
7474
71627
34581
67134
47479
65176
27609
21609
54081
48032
35987
37482
3849
66461
42281
23003
39091
53732
627
20379
37809
30088
27623
91785
18214
76985
63677
26691
23779
70972
13098
47605
42600
47680
31091
6431
29208
58700
28041
99641
23085
64028
53475
43286
46842
12108
82641
85933
65840
99621
22664
3650
29709
66640
11787
64276
43625
75465
7319
83756
46437
36769
31361
5389
84449
62452
28173
30009
37505
72566
46002
76942
52946
15829
36580
99788
27937
19221
2073
93778
18842
24738
97428
64904
91378
25567
45532
51355
1032
69203
35112
63822
5972
66473
85563
6774
45278
13736
36783
82783
86302
99138
76077
39249
14967
12657
55389
42905
48230
57463
53035
67073
98553
66815
48329
89931
92382
93861
57638
93415
63064
92750
73589
85388
75576
59152
92162
20854
72889
45298
19989
75543
44436
12418
31144
75755
25075
86534
35012
73305
43997
88047
56730
58902
54862
21411
48833
63597
31624
22823
57012
94688
15574
30601
96429
91150
6105
88591
28356
95346
33889
64697
70890
78325
77115
2034
70433
18542
88568
5445
91847
48917
93493
64930
7819
64707
86341
73004
28304
17966
12180
1668
29006
27754
48621
25435
35256
71079
14027
79964
66425
47916
44661
37315
42594
38128
55702
13027
56670
60622
34824
64869
25892
44669
46151
33711
25729
32493
23068
70385
66811
35248
72054
95817
79354
37027
37605
30962
8106
67984
10926
90884
32252
71939
28199
91198
10067
83901
20577
83089
60876
55402
47958
86768
71
94110
36831
25800
42955
59899
96186
9766
11499
84592
21935
7205
37971
75892
38167
62430
43876
49093
53314
76129
21032
97865
83679
47451
98119
4257
30540
58995
59659
78499
45763
76082
88961
82594
1883
31916
58846
14421
58034
86697
15365
79969
93903
53336
55862
48422
15766
16090
97516
85432
8571
34900
83298
92251
98704
81417
96508
29244
56764
72519
24095
2527
48601
29408
1473
66836
61324
60319
81257
35710
47017
96622
15680
57272
66311
87894
5694
98429
20336
19562
83862
28908
70815
83512
37511
69519
81281
50371
15115
38045
22890
55563
56924
71491
1323
58397
54680
62648
35069
35937
14710
98438
48912
30390
72062
15223
34636
77756
30004
54973
13671
30218
233
838
13730
37744
70357
11363
4467
1824
49408
27357
73739
22684
15200
75063
97434
69880
54063
32503
22170
68773
47293
71082
15516
19355
2657
66504
97111
32661
37829
27134
79232
38062
27972
92962
92158
14681
4326
96625
32858
70086
40334
6597
9123
55535
98012
6557
25415
52075
55412
63937
37201
2705
35019
52717
22060
54028
35573
35523
3042
73403
62658
82274
27817
90630
75236
19976
21664
95914
32953
54522
82353
89640
77471
91476
45175
75484
14385
86942
43911
69797
50880
81112
72502
2251
50181
94562
56280
2107
30085
59322
75510
9095
57948
3327
16078
49536
39655
37742
45451
88961
92264
44156
78601
86087
51984
23776
77923
66369
27070
21835
36166
94302
19299
8668
96554
85833
3230
69186
87940
49667
44860
63450
58763
2808
83129
74841
52344
22785
12583
14147
11746
21199
58303
90347
23638
10287
30475
1562
76656
73897
23397
12822
68200
59048
37842
64754
44881
41072
50292
49173
90740
95152
28975
65855
97960
12105
40696
50304
34890
69631
64452
62988
7182
39107
53335
30820
49395
162
32382
42403
74059
55779
71578
42259
31180
9420
23365
76061
66845
73657
41587
57585
68809
70562
39792
83121
82667
80488
33426
33909
66471
14230
96897
73653
53337
66584
4473
19084
66746
36856
61488
40806
8987
49418
99417
40167
58838
22783
32581
25683
96440
74168
99620
81602
61082
39412
64723
60102
36252
14501
94011
2723
28731
90909
92728
98421
57493
97202
33857
40592
50410
11697
81398
59397
61115
80815
15917
19954
19950
64850
61989
32743
55370
61610
14345
16452
17374
95420
76554
53627
26274
70566
72702
71357
77827
81783
69778
51672
78985
19988
92264
45747
31685
90014
21496
92801
87182
37413
29107
23484
2263
91096
56227
57633
69058
86924
90438
86433
82345
66992
56412
8619
53910
45466
79976
31737
27249
66107
99762
22586
86095
8378
68333
34132
14745
89830
26933
1927
43595
72392
25411
62211
79841
97991
36196
48899
84915
26634
35332
83612
93627
8096
92231
63889
53563
88560
11979
80812
71019
11741
3399
73466
20119
88084
7598
51216
94266
50884
53143
54214
39628
94907
16425
19469
92898
52621
68369
77813
95608
20053
77778
5587
28150
70009
69476
81713
74921
81455
78877
62292
9548
98628
52110
46020
86713
76061
97236
97331
43297
50380
51545
82925
61639
67970
18747
70889
36944
87116
65054
32552
23521
42832
38139
68023
29194
23967
66088
20467
5423
44966
82760
31323
43594
51222
77343
46659
27283
74580
43991
70580
41312
95536
53506
2951
79859
72253
90192
16803
75721
55246
65707
15594
98079
20198
83618
43625
44165
49706
64092
65940
11024
63204
97264
70971
14427
74607
17630
41710
49187
77973
12291
90499
89862
82149
9802
69721
54402
16346
2876
46475
71593
68583
62069
86024
88781
62039
29649
32946
28098
10093
98887
39122
73298
12503
26445
87725
87110
44076
45787
36298
38401
58078
43149
28263
56579
69304
97984
27333
85650
860
73808
57243
85795
52230
59619
74576
14269
5620
23875
42367
15714
39114
97842
5364
51617
24287
9441
55079
84715
55228
91377
23117
29659
50879
51380
86238
20183
65717
13572
5833
82929
3732
79429
68725
55962
55400
59653
86584
61021
99880
45303
93087
55346
43145
98451
23315
83785
24244
78395
68500
79472
86124
7969
9131
37003
75702
11722
73538
41419
25294
79372
40700
29026
75153
25777
1341
30553
1783
87925
7926
1663
33228
1013
73362
92726
15816
96677
76511
40060
91424
61363
35885
77549
69333
45016
30904
45035
56738
4443
2806
98384
167
43506
43763
75320
69284
45104
22225
87419
33029
30152
89082
82609
47517
78796
75335
79686
91826
68198
19746
83250
29562
55631
60799
15247
17000
8056
60282
90090
12499
79440
88475
12666
22946
48590
4338
8582
93694
26563
96001
43075
73067
1436
25684
36937
96584
17372
16623
88410
1922
52721
71661
31484
8353
48812
46731
41705
56868
23365
31795
69367
2805
36622
98385
42104
85212
2723
67038
95258
45639
79392
38333
18706
97180
80370
55643
93764
14094
88618
82175
16016
41340
53836
63853
49693
19000
26936
7750
75869
50302
55897
61588
69459
92520
76326
11563
94084
79049
78602
5695
41040
74346
44028
59747
71526
40750
31742
65290
71196
20361
47465
87213
78053
17653
67418
44098
36654
94354
51848
28875
44656
7745
6815
30468
16617
83141
42031
27054
78543
36985
32749
19583
11331
93129
95682
99209
50232
27425
64500
21428
64138
11965
24993
58543
45971
92411
2641
98977
86766
54489
27852
47774
78586
51019
78242
11556
34161
36626
38610
12704
73611
87711
32287
1295
97192
27970
504
47424
71747
81356
68853
52237
9674
10198
10780
55645
2610
13421
54622
5728
84262
98826
53502
79200
49845
48097
90756
84006
84723
45718
13062
74686
33429
61702
75981
30622
89672
92838
94398
77771
74194
79603
46360
83868
89802
73492
55865
92412
86913
26839
98140
87527
25665
67994
66727
91863
16091
73836
92221
814
19554
5284
75501
52984
66986
67834
99958
73010
77024
94356
67133
67571
73960
13493
67791
80114
86985
23657
72526
90250
50496
87018
94129
92514
55012
60856
84377
71104
34692
76598
88270
70599
98234
63771
23583
65220
47958
39893
54582
24982
50601
21715
92553
40913
51560
60345
21027
38545
354
9905
45147
67202
96923
39276
59716
51936
16485
60445
39392
67529
53396
27662
38128
51630
7786
78063
33203
55744
17956
87785
97078
84910
9501
5984
25823
77413
66329
63203
15959
83035
73108
77458
50237
70032
16735
26306
21968
33220
86751
77712
749
40147
5374
38878
91778
13160
33293
41333
85256
67602
29118
82335
52512
54971
88319
94687
32385
71000
57890
64696
54035
30999
42154
4272
17383
58889
30578
55703
8461
33682
33415
25563
73829
38789
80793
81959
68302
14086
23292
53558
81688
68763
35893
34200
23734
40564
45240
72471
11564
3130
37167
81951
50481
79322
86224
67864
54563
33154
39919
63025
66836
73334
88588
57018
28476
69381
55329
96778
83467
94974
50336
81508
63737
2582
32060
3823
59498
77300
76295
71063
96783
13462
69366
47264
9136
55590
31481
63700
5097
71400
43077
88285
44735
31665
61655
73211
17398
16985
86341
17217
28311
53029
98725
8400
55611
30786
12223
31462
24438
4870
18877
21221
34685
88243
84838
43821
43834
16319
23873
65283
87719
66950
53568
48806
14967
31576
38369
48717
48561
24710
65935
93224
77740
81012
1624
49703
28150
30199
81165
52589
35070
42
90162
86107
88286
75000
46280
48472
91319
70154
30107
95391
53456
27
60549
84776
31603
98919
33493
96516
23629
15780
89740
17721
96793
7716
83777
41295
37916
64942
10236
89338
81337
399
75445
85975
75399
21725
50799
83071
8231
80906
78462
61688
80933
39011
62816
28889
37930
96309
25405
77912
28442
15146
11985
41587
22862
95762
82882
77130
77057
93119
66468
74746
93518
41913
60721
85269
79991
27872
68340
88222
25130
46802
66262
22415
2166
29078
51304
56448
41740
76710
50712
86534
8208
62698
28121
31070
74812
11003
24553
68221
4122
91021
42967
13992
49287
20040
99262
29278
47912
67602
17500
73042
30757
115
95458
49275
45545
46762
5723
87285
39824
72788
73819
48032
51838
18292
95455
26650
29296
20008
94872
49770
11029
54191
63763
60316
74232
79377
5946
38496
63331
23447
27891
10440
39914
39701
59715
85459
2815
81791
89097
42640
54579
62916
7024
6417
81209
2479
33067
26857
38839
44291
76627
49869
14835
56742
26537
89067
52471
48836
43915
15803
72283
71806
26243
28549
27859
2311
14008
30675
84102
3105
73315
38681
82374
80339
45098
79935
99171
94517
6792
38010
55161
99771
4231
69996
72866
47121
75415
25337
95957
35682
41140
84592
7489
83736
13141
35348
2399
27149
82375
86501
46607
55690
41534
28981
52382
86632
8916
67905
97501
32060
5915
52662
31831
26499
39010
4697
73620
30777
30035
85929
66460
87527
70521
90301
87615
83662
42001
90014
27163
24377
92867
73770
96419
34401
19103
65153
37385
28019
33058
34887
60079
38974
3901
8263
81825
59264
12960
55445
90041
59347
41374
56501
63227
28247
63154
67194
28261
5156
57209
55424
45885
50076
45547
42304
84478
81002
7458
21863
9022
56868
73102
85453
12194
93356
10068
94019
52620
39381
49464
42661
98728
7190
15515
78307
35437
95021
45502
63698
16529
19063
35475
62414
69139
97374
21071
69969
78376
44881
8185
3750
1749
97639
5556
13944
90995
15624
7963
43615
71357
73780
2629
70086
97322
34496
64745
49112
29517
10247
12810
46047
29310
64637
24813
14802
78363
45884
1123
56740
90765
25660
76842
8867
23300
98750
22811
14295
30727
47126
74263
2084
37258
76892
72170
34581
27740
53268
83693
73609
79867
12855
36008
25530
77493
60822
40332
72208
23058
57807
45300
30176
83468
22143
39043
6768
20893
78206
37415
51620
25332
11678
53705
78943
4922
42227
13524
32662
11847
13569
6272
91715
26424
58632
17245
20269
19454
73929
92478
58865
31736
37778
89041
31556
76273
44436
38324
13519
22642
92092
65139
64326
3770
35196
43269
8693
93776
73145
57707
21975
86714
80331
13690
13139
38964
47287
33408
74770
37568
42238
33635
85657
80017
39028
17213
72642
83464
71890
86161
22458
63982
67653
86785
67752
19201
46406
92797
12977
19552
50505
34953
22618
47188
64995
35757
86152
28635
85518
77275
66203
44108
10910
51860
40477
66291
69074
13120
49755
40964
99281
72214
21298
66934
75351
89050
86136
38109
98200
15465
74013
65057
66770
96632
12245
31766
48741
14750
60401
50611
92025
42956
94720
19287
94817
35197
85578
63891
48317
51686
21207
47599
40252
42505
30885
31955
47907
17021
70064
46107
48839
44078
11164
15609
57062
39762
63727
5803
54512
40480
72767
46537
83437
67487
82176
78254
2684
84107
58497
67354
35793
96056
31305
76045
54913
62190
8000
2820
95564
94416
65280
44403
54846
76444
76364
11908
16206
40092
34064
87070
96924
6831
49959
80361
90670
32136
74967
93354
16243
49816
77060
68388
45872
8365
44433
785
86908
68785
19958
82472
79553
85238
43227
34400
78034
19591
62660
10593
76035
13076
97663
89312
36259
47623
69673
26929
79759
60993
36636
12354
10809
13696
80742
56682
22062
41527
73819
25322
26664
93777
7794
6217
95367
67373
56969
73402
86964
35982
83995
79352
49058
81658
68664
85318
45633
54689
12247
41744
15682
65235
54098
26492
78932
51192
99526
17346
9071
89697
42668
52087
83475
66814
74657
95194
34187
31626
68596
37503
67608
68943
16855
33019
66954
1871
18337
12587
72913
46936
70684
88595
12172
41134
31439
7456
92327
30965
24802
17750
20663
83822
69838
20490
50636
60847
32036
84823
8825
16985
22326
76434
85928
55534
25805
69234
73757
44142
98174
46670
7430
68858
51618
35954
9992
83057
43410
18671
30375
84564
52774
67390
68386
38964
4232
19022
99811
36268
20197
8636
53253
42524
1422
55534
14410
27227
41120
88167
87721
39294
51190
11504
24504
2808
47458
50849
2217
90869
69520
32592
91785
38646
99982
60172
77610
20566
95546
93773
56835
15744
2410
26440
74620
20184
98326
5382
47412
55799
93549
51485
95093
61091
62989
35950
63899
10448
86799
66117
17669
72671
15061
9454
27670
31396
69626
5280
51962
81525
99054
25149
97269
17816
67942
88241
38000
66268
93623
85412
22067
3524
36898
33513
64616
16239
85815
44867
26687
88966
27336
44356
61637
42398
53811
5659
73794
39789
10940
42108
37666
26346
67258
34935
44162
51552
39528
98514
34172
33151
83927
56240
53028
37177
6105
17644
53416
8272
78863
96456
97238
6200
40812
75227
64950
10975
80887
55096
67117
8179
97204
4783
34525
80814
56071
95039
32366
95599
93553
66539
45103
93832
39131
98131
47361
61588
32127
17130
69860
10990
13586
83450
33542
70750
58677
98492
98078
39564
69940
81547
47743
67145
86330
98620
64311
58753
93659
13030
70705
87213
95921
15808
81045
35052
30291
28407
12992
62418
45537
99204
89760
75475
82654
39655
46225
41331
54499
60655
97248
24440
42202
61343
7937
28533
59964
72248
3638
53623
85278
74343
57188
97551
6503
54586
32603
53146
99345
61947
15564
61234
61151
21677
36709
43805
61332
99286
1489
15831
59942
98737
56623
2144
60080
64560
47029
36396
53161
67020
6372
54791
41363
63560
52343
64219
34498
1298
17365
33843
63246
49282
95077
24397
87311
48138
84555
64995
47425
86044
97178
23719
1133
53802
42215
77565
18362
89245
13962
71523
72617
20334
26315
13980
246
78658
94551
51097
79956
28269
84940
59554
77551
96370
304
64862
44508
84859
46209
8285
87255
43387
48356
4740
97189
90572
82305
31904
96169
96267
3427
68786
32953
46094
99118
49552
41104
93670
649
37413
21939
1941
13319
15842
98311
13623
97056
59172
14834
43265
67457
18441
86652
15814
23181
194
22738
5487
32098
18907
18106
51877
87693
67412
14324
86811
33316
55428
96833
33965
9193
35124
52258
22513
50966
66922
36136
64374
26094
67323
7639
9903
85764
10644
42069
8946
10838
64807
30785
59288
83714
48891
11165
71407
16303
25489
74571
65971
97270
71404
99936
6463
6529
68547
45328
73847
35469
97817
38222
61563
65140
62213
87818
50904
72857
29888
76202
47
94695
6987
59335
94762
72231
70501
82521
4886
12342
57092
70858
9612
44849
87146
32428
67730
55693
77756
41577
91162
75573
96151
69077
40713
58365
56896
7970
47574
86784
524
47622
97831
7512
23309
92593
96095
10162
75115
981
22505
48559
71839
48469
93408
58986
80897
61138
31031
75006
19068
38546
50579
15219
7623
7645
73584
80871
31967
21159
67655
32491
85133
81839
56355
24794
74432
52450
51309
65899
69784
90166
14459
41623
38635
24219
16961
35885
1710
47993
10891
20778
86539
77822
35997
10514
1819
25934
91386
50138
63445
75393
82630
48578
57232
55337
89724
48017
24140
41033
30268
93924
31199
61079
51899
86187
85299
68861
22072
3361
33206
49315
24139
36097
43489
76488
46611
45309
2422
54349
95447
65867
29743
94429
30797
3327
66119
20522
67696
90259
77907
97965
535
25459
59044
52434
11646
60695
37647
50070
64056
70853
99385
4547
23302
42874
81036
69914
4535
83458
40615
99983
49326
70358
10764
80123
90038
93235
16997
57734
83494
94905
55699
381
20364
31096
69168
48362
8143
6815
98432
72200
94021
97817
76747
17323
57043
74135
3589
61579
57594
44205
77914
23272
30915
5030
3395
37305
98266
36745
95040
98112
48002
67091
98494
68366
14539
84014
16728
22683
90829
31512
94883
1202
29329
87982
34878
86372
78470
38467
64303
36064
99024
42217
59336
46292
63600
79083
83597
61866
32180
78637
59978
80182
62081
74824
48548
76620
58838
81628
99303
66020
13140
10538
67222
58821
14873
2100
61546
93343
56920
25849
45759
55944
84419
21447
2236
48019
16882
85834
26237
49063
80823
2567
29245
59256
77392
94146
35877
52582
75774
51532
18602
5267
78423
2177
80440
9648
4277
41986
19343
77549
67836
65102
33494
68607
2901
52082
32978
19783
54268
59215
68846
51444
61782
14444
10700
55526
8590
62929
8109
716
14462
43063
5983
9237
45240
86424
18885
65870
44762
38228
43419
28950
19682
93265
97557
38935
45348
30535
58718
15968
6102
43917
67412
84237
58361
78113
39763
66951
57394
64224
84019
88208
7288
6355
97445
52528
92779
32682
34750
53893
87262
78170
82844
23296
71435
80401
62231
33135
27289
20950
49104
33391
81219
32868
17628
39580
10981
73744
22883
84728
37968
6902
72936
45256
29609
70382
14137
38740
19416
48887
92634
6679
43409
75478
29975
31197
72231
92207
64332
99520
29509
29788
49264
10728
62657
83244
66660
89990
73340
5895
74718
11309
12797
47655
72917
42407
34389
87054
81147
53805
52294
90133
76836
95703
65611
6812
43252
37843
15371
23937
53715
44880
53725
2979
71960
32734
2576
38620
39077
75916
44515
13795
3577
73664
77802
76495
32423
28543
79901
29923
82349
32195
20056
59185
44251
2020
82349
87503
39863
97720
11440
9930
58952
81518
29262
30912
14252
31838
85884
53329
24106
30399
83477
27684
20416
77631
4179
52839
6175
84080
99114
4876
32628
19171
80413
76879
21191
62763
80734
77406
76835
8527
87336
35788
90045
16598
83052
20649
64788
68937
90331
88895
15688
73808
16579
36104
67791
37110
5296
73966
37542
4410
78842
70170
23581
59256
63401
61124
38371
44136
38530
31558
52663
42219
67346
59060
58817
66751
79709
23606
52040
70040
28853
67728
60200
61784
20185
27992
98894
25481
18310
52788
29891
97153
22959
53473
72761
2712
30949
27484
46848
69480
59042
15863
11699
42741
91275
86868
9492
87337
26826
77884
57377
55679
45612
33930
17463
65797
78274
32709
91278
96584
85498
21170
10089
24809
90995
99202
27521
21944
26686
90722
7776
2081
22937
35827
44822
14213
22696
70666
1550
49522
48550
75279
5202
10514
25561
39017
92664
3835
71727
83942
16772
57225
21464
43213
98386
28811
58768
25907
50756
1806
16629
58532
3887
55919
10712
65061
70132
33408
35727
88034
99282
629
63313
20836
11144
5227
59854
3808
9062
47933
4102
42186
5158
25567
1752
19896
54378
60520
45803
21486
62326
78785
96371
82566
34704
7083
47627
21188
56843
83355
9222
56125
83984
88887
76962
11480
94114
53168
15288
19529
1101
19391
78067
22611
61310
79819
42507
32040
40339
88310
69879
19018
83447
66250
1584
34503
89685
49211
55691
46528
32566
81265
2653
32903
86505
95967
44383
80619
49135
76024
148
50236
95415
78216
72847
73077
74387
15354
5117
14727
20017
74996
50097
3464
57598
51681
54320
47283
17244
26363
10163
66163
7629
12817
99066
94134
25136
59801
91105
74272
35825
7606
24508
47592
2174
97356
20669
76561
29062
42139
7640
65431
33487
57737
85248
7438
25770
39568
71073
43015
65931
81237
9178
89912
10406
24596
84046
35542
84397
91504
9814
36575
99110
50675
84167
1284
64383
21189
77845
9797
79680
85486
75229
13167
59575
60477
36957
85346
45
8031
28361
82328
5620
37539
72241
16026
62135
72639
67920
62884
64143
94087
99459
63253
44762
83627
80889
25497
4816
75087
35294
848
60573
10523
14015
36500
71000
67325
21846
87397
75356
50207
69726
80976
4098
41967
13354
66233
30958
81274
29118
95102
91713
28577
74707
36475
28556
71949
78324
49724
47036
13619
50572
23961
24142
80940
60461
11495
48265
82308
98892
39973
32515
84970
37301
36614
43289
50655
19199
74248
48281
64669
85702
39995
9599
76761
92822
38155
48710
87499
4232
95746
1118
54804
19707
41612
35744
80169
53107
361
78829
68352
40334
27696
69674
93987
80662
12964
60994
99862
3564
9276
64531
89266
65623
90482
66027
74797
28638
31090
62296
32870
26836
79766
4026
62896
21379
56123
59417
90838
56484
38246
75542
13171
65942
45217
7158
46605
74533
68153
62819
94449
93781
43702
83715
75756
34185
66094
66905
79175
13536
29202
28397
40373
8968
32423
19621
46699
88546
79038
37538
61383
33636
29432
74554
15930
91001
98064
78887
65534
82569
41706
59983
92702
85409
60050
68458
35946
42497
35364
15121
56033
80918
43518
12758
6238
75941
32379
52938
80840
27769
6828
42223
77757
36260
33129
93688
27262
47545
72575
9148
30115
30634
69132
22817
32395
45534
7628
68341
4383
42992
99814
60417
40262
59684
89527
46500
51977
21907
99438
32817
66028
6266
91392
43786
42527
24521
53826
86141
72067
42753
95289
18534
73387
80773
57703
22134
26308
65331
90475
30691
24675
6641
7460
64937
66325
96988
11438
18303
35247
10876
51120
1275
33495
58865
61413
76022
83386
31591
62163
71805
74345
73804
6691
64084
54578
64395
86219
80886
29726
93046
27929
70754
99688
51742
35691
66013
48730
47129
668
83977
74358
68141
1604
7853
27006
79370
227
10392
10961
78742
98550
1658
52546
5241
82095
7124
85988
84666
4362
15715
94064
48644
2821
93752
386
38512
76118
49116
1994
93138
49445
92704
61279
51049
557
88285
46771
17136
15030
74085
95878
13580
92095
64776
35173
74190
71901
21162
75208
92615
53229
69273
41259
56050
63025
41645
10914
55495
7113
12908
48634
56558
21964
9913
23960
22521
14551
70731
56009
29581
61168
51887
59513
53264
33016
11038
27454
4917
32200
2663
13884
85429
71936
55144
57831
51313
13141
68746
23161
20255
98006
71795
93165
19971
98060
33477
58844
28963
20561
31206
58544
81729
99445
34409
34993
32461
45448
78800
53730
77648
97815
67615
79430
69751
39111
53613
37416
52252
38711
60577
88859
53070
48724
98377
73041
63137
31854
48237
92100
68767
95795
66997
50497
95241
1406
1842
27702
63206
80642
81433
57207
78457
65400
52989
64560
4511
6602
18329
73115
45314
95258
78327
14736
60335
76704
87777
23472
24910
52366
31924
93678
48162
98921
44175
59755
16680
62369
87457
96238
43012
85242
53445
37821
50642
6434
18734
71505
29389
37063
44621
91055
32321
22948
5791
92656
16004
9920
32480
40914
78638
64405
34592
43152
79678
95119
2907
12710
57489
90365
8949
16853
75607
78746
54674
42602
1533
89760
14107
30922
26823
75080
21977
75497
98028
44120
84505
14032
54040
33338
71299
32678
14095
5891
75831
93773
17363
78738
22836
91204
85455
48137
8057
77415
43235
79083
20017
44768
68844
50476
75690
95667
25557
14019
87516
23585
74491
88374
53970
28531
21712
25269
77562
35807
47512
69745
45932
81227
64835
85120
72431
50291
49609
80488
27706
92845
59572
64075
37613
44768
14551
29656
40435
40108
60027
44304
80046
34519
49030
50368
63050
70742
75637
56964
22901
39501
26709
85185
37081
91545
86658
9512
58188
36267
6353
85894
29112
82277
49969
66726
27045
80872
12734
83832
20981
72761
28136
17379
7280
93518
67747
86683
64260
59736
43647
3513
15589
86709
5051
52670
78254
8061
78535
36442
44328
84888
38688
89793
67165
5009
56519
94210
85881
85605
78042
23214
58366
22531
56945
65647
16049
24692
52330
96662
780
12329
16527
16370
99038
37930
85392
93644
45991
63927
46438
90320
48815
85126
80113
15980
6487
52984
26542
8721
38589
20937
31935
13307
59820
5233
78954
92221
29925
47636
88883
47058
76318
21763
63428
91708
59693
48820
1705
5685
12748
48143
12357
77915
49622
8822
93896
56109
78158
36790
64830
33099
57727
13118
46406
33899
18351
41713
26121
64628
5701
15004
11686
98371
53119
91466
90080
12813
40287
91785
34850
69387
56280
63559
47302
5902
88733
57550
78364
66891
94341
43194
16342
68420
72664
62748
2320
7367
20813
28441
88348
42867
59797
34
41238
12917
7853
47670
42082
48140
39455
93284
33879
95736
73195
81181
17990
61928
55084
96354
45171
65777
55901
61513
34197
28565
40613
52869
52285
61427
81310
40633
4294
57460
57019
61884
86729
64872
9555
28811
29364
49010
38447
63243
61098
11642
60777
95441
73570
15861
91795
35093
81638
64048
96606
32187
8966
37219
85057
61251
14998
82719
1884
19292
56531
75255
81177
43260
40128
7084
72071
69492
56094
10518
49088
33545
38512
9865
28986
28434
42078
37133
63527
40068
1182
60133
88607
10148
13705
90016
71399
28703
72736
89635
64348
29267
81242
61877
88880
21370
68961
60951
7215
41407
87822
56303
74952
26334
82520
20290
71121
40950
73776
34648
97370
74958
94782
85977
85106
8487
75994
72857
53542
65082
78844
17890
10701
60086
79767
99581
97809
48728
76885
5024
6488
64707
77679
81440
7393
60199
18083
94866
17501
91859
29515
14871
83169
40649
848
68275
65488
93194
57484
19030
58276
52680
36921
68978
12766
33040
84911
26927
98121
61796
31951
4609
42855
9630
2401
66601
86181
20484
61467
20034
28695
90982
34905
11864
47983
52106
96491
13471
45300
70327
32502
19929
23007
85775
5259
52126
18815
90170
79053
16936
68319
11005
37897
11174
36987
40299
94127
39521
60783
71947
59555
89479
79281
10813
17695
27265
62919
14187
40736
24571
84514
73238
44500
7522
75365
49759
76000
94181
39930
55053
27469
24601
66058
65367
52127
19398
22018
46255
58919
82801
18202
34826
88632
97483
45639
22680
41100
24910
36867
81837
49482
37733
71427
93982
61607
46793
43742
37607
57326
24
92661
1147
40977
75071
82866
93104
94469
4884
39359
69740
4038
73913
20919
9022
87749
82910
31702
28849
7821
68569
27038
57303
6303
98466
67637
84262
61611
27731
21870
18937
44107
14531
36436
85084
89602
19303
78189
424
24187
33900
86516
44577
24166
23787
53600
11915
6698
85302
57116
14519
53872
84155
88174
76527
98973
55811
77141
60584
99895
99011
79521
44002
13542
32309
45439
19497
51612
23628
36273
92152
73880
39141
36729
98046
62929
90329
26313
69627
75632
83430
84146
45856
67585
88672
38735
82910
60835
15876
43494
60730
14888
39367
21085
44782
71676
66524
80631
23289
6504
16904
15441
80384
56046
68522
78431
18975
58852
4744
4954
50836
4526
5452
96692
88463
94124
51779
71373
71311
84007
14867
32042
98895
54234
69479
60030
42263
36003
57013
65552
42507
90270
97345
39243
62668
65867
17674
81643
41071
38771
2949
91907
43297
8401
4951
31761
2525
56730
3134
73836
40738
34354
22230
55985
88588
91709
32367
30851
44064
89381
12755
2923
96003
26452
42167
58671
8672
76193
40314
49743
31316
59615
58003
74614
68016
62954
22727
70541
36037
42213
60729
93127
76567
99312
65464
81508
7373
14184
28711
51438
19917
57819
70713
15920
84271
12880
74591
92943
5426
31257
59039
36742
90872
17042
27708
58888
96348
50435
45781
48737
9001
22862
58216
85568
22174
23681
83428
29548
54217
12140
97338
74134
69959
68051
6406
70582
97284
80997
79878
19062
12254
38917
55804
19478
72311
99865
78366
68659
50300
40499
33749
75653
63361
91965
61222
1888
31998
44650
47788
86215
73142
61478
76701
59453
29529
83107
30036
43165
64104
9914
62227
92710
65183
34384
12188
37494
34249
6906
22505
901
47405
56254
76555
27119
48220
37777
45359
80218
98779
93147
82786
71922
54625
59487
47727
506
42595
77763
60024
6699
4029
22251
99410
69212
56635
27950
23058
7236
34857
45564
8138
98614
18170
84693
42085
66390
38822
87444
62961
37601
96943
45747
25875
67920
5234
89955
84779
47829
67718
44803
70881
88100
83406
86643
73664
40042
14593
96723
47278
65802
58639
71768
80769
76809
56461
22854
59552
11635
26651
38865
49237
39946
84612
91464
24219
89846
81419
8998
54028
65490
53801
24909
69942
37207
11552
43606
93601
42497
56681
57232
24652
31672
29000
5421
24834
1814
44627
738
13449
87630
39603
79038
27577
24215
86855
51796
30413
84626
60794
793
50116
30947
25702
36410
84506
53606
96369
94460
12456
69402
51692
37108
1075
97044
42529
25909
15210
3508
42999
28660
91139
82602
24050
18716
6817
10905
86864
53582
95532
64010
54376
62000
11309
96430
14763
95815
50037
11132
90275
78845
80534
58319
15953
81609
71716
58482
23870
86926
78342
66869
31938
69481
65823
72341
88197
72640
83246
91413
42575
95130
55423
96951
73483
66732
9733
88246
78900
76122
99378
69175
54967
96264
43847
70920
94226
15563
45754
34448
18841
24097
17670
67132
93578
83493
39473
98128
72486
39071
89541
15061
50554
61317
28364
24037
44401
38097
28635
23301
14220
44365
8829
69187
40629
69028
40108
34855
84591
2214
85656
19784
26311
3326
86916
36242
86819
42741
34370
75657
81813
40263
90718
32367
17932
35434
72756
62334
73532
1391
85635
87752
45756
10816
73291
2737
79844
29751
37593
80787
31966
39601
572
58277
42927
3840
94519
46098
46582
45241
21756
44747
85505
28826
93466
3437
64261
66222
82123
54145
67613
84111
58249
13369
94927
31540
32458
91124
61292
86403
71911
93258
26004
88835
67887
68931
9028
62407
31382
71962
24000
69490
16709
25857
14668
10175
45647
78929
76397
27770
49426
60362
11881
7675
90083
23161
39216
22541
14285
508
8945
86196
10118
34949
91384
78005
20233
412
56764
67967
72374
80765
37457
5435
22974
52125
15610
68621
47407
8359
96392
13185
85073
24625
20861
75156
47786
60077
97697
78423
76937
22994
80972
3407
57944
72356
81412
94529
89120
54529
62496
61494
51646
16305
66929
74620
68430
98891
43242
32189
23602
55986
45375
8675
80611
82588
183
44750
59017
97880
23173
35954
20875
4145
55713
95171
92853
53477
89700
81973
8006
52196
59819
76004
84853
26748
66977
69635
41991
26571
1825
81945
82557
63552
6972
79520
46140
7155
24270
21509
5036
63796
57463
42263
84293
29528
53786
77147
83005
43486
59120
7364
12034
18940
83368
96887
62040
50345
66522
20384
76916
84699
18681
75825
64603
25654
55346
27095
32809
95968
48604
54197
59764
22419
96460
44058
51947
66598
21205
34953
10084
96677
42317
38470
31969
42037
51709
10362
8735
34584
47098
85651
19283
65779
77829
239
7785
33175
27334
40595
45495
92291
94792
5260
14710
7605
65670
83010
74203
3227
34315
640
99904
76632
55462
48226
35021
7172
74940
43756
41756
38390
45760
77391
20521
23589
77630
28307
73116
21317
68902
18611
13608
80046
40223
44670
4003
5893
27680
94559
9120
61995
11551
25377
54979
67013
89955
90001
90537
64895
33757
32293
19637
95869
26037
40158
19458
20019
68465
92574
41336
53719
27538
71296
50118
67761
15967
54121
90007
59999
65032
99127
21995
76583
40856
93326
59949
30811
83327
50486
12058
33437
99132
31695
29306
41521
88206
65117
61540
56671
74043
19229
26743
1581
90525
76861
85695
22844
30982
75702
82844
12367
91181
21191
5302
32038
14517
65251
79201
14197
32090
91260
47634
31222
39307
93292
72743
27513
58409
50635
537
32453
69864
27280
50386
60390
4141
52433
99586
51475
28135
82430
63842
35669
3621
69145
67707
34491
34396
46908
48688
66486
54520
12674
14060
93828
5966
3155
37693
64376
53791
38230
13181
40007
65510
79919
16749
69651
32353
16336
21127
60488
15118
1321
12509
35092
70466
80216
69583
21215
43477
18271
4053
14349
30945
34466
24529
53263
37621
62223
33991
7764
16805
63524
64124
82316
43444
80873
68319
75797
97209
5798
52637
12328
7120
65147
47420
77586
61715
33355
15153
21544
67978
35559
35894
15275
70025
76775
68538
23998
55350
2530
31763
72156
66054
12239
70824
25850
93112
39143
1647
6674
44942
54285
19002
52062
35784
82774
46000
97499
16129
77506
35396
459
13065
87642
15734
83090
64417
84272
7088
36120
3154
55203
8276
85561
67442
79100
11411
76907
34595
29411
83581
79537
48
2583
47951
35832
1709
10304
49683
34190
87810
1431
34649
875
89073
50383
317
69843
51007
7405
5963
70514
78961
30591
56075
62755
26043
83838
39662
60638
13249
23243
40176
13297
42178
4479
65481
60239
14783
31517
94429
2593
32948
45430
19820
22022
12165
20137
91865
79525
43895
14180
50039
22856
44771
6114
1963
70814
89952
41626
31452
19554
81221
87980
32851
23400
8812
14685
99991
23595
46202
94421
26189
79150
56203
62361
17524
84721
82499
25741
64246
26394
39921
14285
65602
84692
20399
67565
71858
26703
25543
3311
46257
6765
7643
95461
46517
16455
26498
46508
56403
72700
57281
98944
68202
13485
61305
2079
98206
43804
27820
78804
70198
67742
93089
52152
68786
13488
19718
40645
56543
45261
60308
19153
68378
84303
14614
14895
17111
41112
77756
73514
30164
35037
72458
14718
64874
33763
16797
79432
77568
44618
58236
64118
28712
51325
16271
97498
81165
52341
54495
37709
97602
31155
56862
82333
15459
87828
97228
32570
45292
91336
6084
91808
26374
94894
6526
91248
28657
23324
87033
6225
84294
45269
86696
13006
12947
19319
26856
94112
71660
81352
48173
85614
12507
21387
67947
44318
9215
81528
93240
54507
72864
99324
46315
15590
94218
69194
23191
39228
92518
10224
61805
93164
71845
48501
6170
84792
67820
33026
95257
39480
30730
43430
25095
59590
64818
9394
3908
90385
90922
97149
61245
80139
12825
23912
95729
23396
93106
18920
62624
1976
29144
24429
95140
990
89283
1310
2134
57103
50689
97391
12936
81419
57174
54383
41009
38344
63777
61270
28729
71052
58419
89974
51191
71244
13887
63272
10992
6993
82193
73616
8970
27689
14398
20462
45031
3681
38125
47166
60784
88814
60909
90072
86585
18083
44455
43947
56427
24585
21569
85157
11989
79988
91483
63180
67584
5370
26452
78577
28716
24997
68545
54038
52687
82943
74500
97718
86624
28977
61236
63761
34143
22146
53833
20729
56581
14641
81028
13009
55578
2597
14518
67567
98937
22353
47099
82873
44076
89903
61450
72792
14901
46348
43182
83940
29291
34034
81658
15916
63012
42895
96029
97155
81393
49862
34236
37974
80855
15264
67335
52785
34213
81853
20352
49502
20559
83803
32376
64635
73707
10178
37427
4960
56526
96961
88900
85818
30995
86910
18086
10359
29805
14115
7515
27550
80329
58103
65525
61185
73368
32860
13970
23933
31066
50675
73436
51625
34478
5812
32612
24537
15990
86391
29497
88869
83352
18397
74687
30699
5308
92773
41059
51465
23240
64926
95368
3569
23029
60893
81106
12749
10105
11429
36683
57523
62104
26471
25500
12934
48635
58112
37472
80977
44503
83321
69846
44207
18071
60885
74907
39731
70010
32318
7548
93250
97244
2916
96820
20273
80161
77926
33023
6619
89355
86058
64142
67811
28881
5995
80746
77516
80459
34570
74845
24963
17891
44692
85522
35962
5577
60429
75693
75588
92747
99594
85190
6343
2510
82010
26617
82672
76289
75992
89291
65644
78402
69785
33456
7283
92132
30554
1151
72592
65124
75996
13907
99367
20688
99429
35330
42618
76211
27375
34558
85310
26969
19748
91654
45832
18111
34623
28504
94400
26967
34147
76396
5369
20284
26204
12652
12417
56758
30155
1361
38234
6151
15268
37602
43192
31049
72932
85810
23612
16659
36720
8923
59981
72820
16929
5813
90931
51552
50669
1683
94871
1168
78080
240
21452
4284
29244
50221
77395
59399
67934
15629
81902
99554
53231
25094
30604
42515
27256
70568
75527
63976
79491
35508
53149
12772
57673
60432
80676
8342
62116
75547
9510
56548
75787
47314
60832
21383
97536
54579
80782
65470
70209
62685
65025
39792
4131
11981
82308
31388
82549
74187
11716
78393
9695
64865
91165
83720
25298
71842
92062
87414
47389
17924
60314
39529
65238
37498
60912
79126
92078
58047
60949
62287
37084
25974
18431
41215
54307
17091
72603
53208
91278
84320
31601
17325
49185
39119
1045
90835
10961
9459
94601
74702
27383
54915
30583
92622
92414
91496
88100
84492
65895
49049
63131
2979
91375
81562
44194
45682
15006
16798
98891
6284
17470
46844
23610
83007
85963
41007
73843
13276
50467
68444
4331
94202
39712
34914
86824
32126
42762
91277
32970
8657
40326
12453
11636
31702
10367
72183
93736
25373
5333
8979
31658
22803
55824
71620
5810
58139
12627
96005
87768
79446
64450
8451
73649
20514
43365
76825
68992
2480
68102
18314
27489
24781
30767
39126
56483
41134
27661
50219
66508
32994
59199
14518
55797
31375
86138
61607
5866
15117
57613
93634
10916
38415
18437
917
75281
61803
77742
44273
80635
62197
62587
8124
86978
93354
63602
59813
50840
91263
10032
33700
24257
85583
48218
80054
33310
50708
58014
39177
82178
31979
49163
93094
86746
67601
94011
62027
45756
88105
22652
42743
50302
1591
50867
53632
11297
30822
13445
62137
22085
39830
95838
46343
41765
60408
42749
75076
11117
763
30605
93295
49094
96120
2741
35840
80073
96752
14219
42181
84857
36871
84924
51512
54814
52144
21496
66111
82966
34942
28249
5051
91124
40439
67746
32889
847
10496
24317
11964
27611
71274
21611
93058
83747
24352
28898
63820
21104
59470
6002
22314
12693
7278
90178
67508
59422
11674
33619
42388
62968
78220
63792
54092
18659
31538
3334
19507
58386
44003
47823
2350
15278
69435
95408
99025
93787
40658
79197
31244
128
85199
69910
29174
8830
60088
96682
68252
88114
46653
26993
51083
24874
90785
21527
43533
38675
41213
79392
13414
85217
27216
15764
16847
96651
11172
32224
6790
51830
11421
38034
68311
12973
7944
97485
21803
84384
10519
6407
72499
57172
33400
39934
82046
40537
77813
41932
95565
19027
21324
8979
20596
48540
24743
53795
61543
52267
86019
68334
4097
97440
22720
88760
26765
30665
86245
64920
15049
96764
71328
3900
70289
21080
43834
52335
77970
38000
10619
73535
73379
31944
98866
93975
96836
23609
64122
74732
92228
50141
43066
12677
63933
82138
1438
7051
29155
87683
71971
60557
800
43299
64457
71089
64380
24644
39776
58702
62644
50396
32237
36023
82340
47455
46350
95528
71064
26824
70260
79644
76965
29678
92321
57250
11817
93759
64301
40972
97795
36273
1529
98595
95924
82339
69684
76656
6983
25812
35358
85979
76208
83947
38354
74900
31402
1056
70429
18818
27880
40689
98462
21197
70368
90784
78447
98537
84543
59101
39509
98690
11726
57391
97285
7650
56082
83321
84307
79417
9134
19665
65396
1694
3613
20102
76595
51367
37510
47024
70186
65390
87713
68648
2939
74433
75784
97738
72970
76680
56839
28832
75370
68565
2575
72656
76216
58657
72329
76875
38074
97815
96540
19822
99510
16505
56276
76105
67873
93786
23129
38059
75528
27194
23059
78467
17980
98844
76205
90950
75524
49397
36134
67246
34314
38709
39902
26882
97366
28584
3757
51792
26399
16650
71614
25909
33155
44242
18366
17380
38028
57847
71791
13556
85042
94851
92023
3022
10047
84581
10324
1923
33978
46459
69169
84644
1520
25424
11527
15239
54008
15284
67031
96759
31934
54998
39021
81442
99240
57387
98822
37269
15235
70614
67177
16629
81817
59201
36003
8216
60134
46327
10139
10464
9138
95660
95108
10659
21084
6635
25898
91444
21920
92929
88204
70206
64279
43577
51648
63520
964
50471
17141
32551
37437
84318
49180
19254
59871
85183
27470
36357
47863
53961
46821
57001
49621
58282
67660
70706
64917
9910
78502
3189
19192
66706
73396
83471
10283
25044
63343
27600
91867
96836
60151
29304
81155
25684
64910
57378
10867
8732
93736
75082
62693
56909
32084
12315
15191
16096
99373
96461
26007
77875
99650
45199
60934
89398
45022
87569
30795
24718
31521
22662
21554
91673
68319
19061
33709
33229
76440
60928
58314
86528
36011
21007
59789
68095
49674
74981
543
65399
87794
26550
59627
3796
88101
20561
93195
49476
24482
23990
74194
56004
63004
95748
64029
31323
14810
97738
80905
7602
58666
39219
94130
94677
76578
70271
79124
42605
61604
79668
8004
49398
22570
67631
53195
27024
88192
46390
76500
12675
86732
50694
85031
66088
62794
49060
97412
77604
46798
94669
1558
5464
50240
12040
16494
26818
82312
11970
69423
43916
91638
77428
93315
30561
61411
62862
57585
65956
25604
34085
94983
28688
1131
80014
94776
63925
29074
92188
57882
75872
3209
59440
97688
53449
71481
30534
96620
53793
42505
66043
14061
50495
59823
23728
81056
21235
86590
38641
87191
28546
89078
82174
57234
90209
78540
52011
70487
7614
60551
28369
99838
63761
4161
13878
17210
75642
44413
13830
45787
3270
96226
59849
70117
72401
99929
67526
93636
86520
22519
97179
15066
11598
95705
88653
18159
74245
40664
88646
98211
1215
33367
98049
64976
37529
28280
98539
29523
72693
28721
91663
92315
41299
67864
62432
13701
67793
29958
7337
70665
52478
20869
85732
80428
16574
90737
98587
7172
31401
3586
5383
32616
53305
19785
13945
7186
48065
28836
53062
37110
73909
44725
45777
15209
12589
8209
28910
80382
54520
52599
51048
23350
73468
53132
20130
6395
43869
35069
29919
91622
38655
51654
40590
8313
71439
70887
15499
35856
99723
68561
89318
89985
13286
35095
5194
42227
59657
34104
38962
30529
3055
6362
53879
76524
75846
74009
99271
36067
25430
29190
27689
64086
97196
68279
88751
84988
39167
4250
20844
55242
89164
26515
45227
18802
61610
66773
61030
21267
17229
16344
51796
20285
22706
22027
13161
98552
12388
28784
34619
37819
57974
78660
18257
71522
46939
7008
56510
2458
27610
93707
74053
16774
20222
35632
35577
81832
2406
12959
19452
35987
29303
87600
56272
68361
25980
85785
66913
54720
14569
17884
92539
88895
96544
27148
60418
59835
50508
16928
62294
78119
10635
52699
94893
30857
88331
46822
29042
7089
59781
64846
43077
5436
52446
15701
73797
78426
1487
57062
33147
32408
74946
42038
21304
87842
85539
98074
47678
36047
15002
26324
14166
41990
79023
25412
89199
67354
72234
34593
90796
48368
99439
33873
70156
51886
65926
43954
46664
83765
17368
96163
16174
92315
54554
53830
80157
40093
51904
44187
76140
83258
70511
90307
25248
49534
15719
30800
33241
4305
65393
24037
52673
64833
74262
39182
33071
40188
83136
79735
23954
16856
92251
56480
9171
46805
10310
5681
86898
62214
49868
63038
61824
36732
69697
3425
86266
1768
34225
19507
6074
15970
59896
75099
80803
34158
14281
13874
90699
13769
9962
14653
30626
18565
87485
56149
65370
97795
78182
68620
76361
28051
48010
38185
81135
17708
57962
67401
19476
92187
3261
41902
8158
79509
33354
5313
13668
47635
35540
4367
77757
45502
35372
24735
64067
39209
80884
45789
53356
59067
14409
29717
3470
62419
84254
84605
96479
42217
68358
32308
50756
87971
90562
75266
67481
23916
80580
97501
71552
16120
1868
65661
77974
53592
90396
58393
9153
71280
4182
62509
46699
34943
8578
66521
13714
92832
51126
10194
51401
35837
58854
18510
23808
49416
93776
91289
73333
90708
88790
61237
6828
7010
26898
1154
76954
33646
59547
86107
21278
80081
64968
67978
31376
73546
34499
45091
82731
1978
71637
50484
37815
46843
68994
61623
96259
79123
69265
85944
69831
74407
47181
76660
81418
90431
94166
74724
24077
70066
60832
61708
50147
42152
29686
81524
15699
80537
42967
98430
98867
30956
48914
36682
77799
34261
14658
74058
13384
275
60003
83215
74682
23536
76227
56100
30320
70394
47177
70749
40460
24361
32457
6959
66513
62143
4835
82212
59033
47802
96994
57900
95110
45909
10935
72909
80170
41945
63320
9906
42220
23323
93121
16902
63211
69349
89355
93531
56095
36532
64281
96555
60893
96738
3514
43758
75234
24702
25971
50619
72504
22965
8519
67615
85226
35806
56876
81748
77751
20196
91654
19971
59871
1128
53226
23083
70477
42581
32966
26572
95465
13599
39479
72710
26690
59345
16468
18276
84047
58791
68895
56552
81757
93766
40519
83335
29573
97395
81436
7324
33944
89442
43648
93815
90570
96874
33250
61047
39455
66217
3971
51272
96168
59802
23982
22858
19148
40450
41134
3195
99242
10029
76099
97351
20148
16618
97038
49721
30366
78474
73397
80662
67917
17045
74477
58487
13919
7728
35887
69726
90297
56210
37350
86465
16013
61332
25676
35161
18135
66810
38356
33729
93192
30808
47432
13340
47426
60822
63061
94144
39297
52810
74806
23566
69856
65636
98405
127
89716
50644
86206
96365
23207
39908
82830
39220
17593
24858
90733
35728
91669
45441
85809
84861
76249
49593
14553
40028
10415
93966
50524
66064
46776
41683
89630
32984
7319
88036
33112
97035
55032
35670
9752
78239
75578
92582
17459
93171
33793
24544
45251
25462
69986
47412
26675
62587
97005
41228
2615
23773
35194
53140
89837
98322
94823
79468
31307
18494
83856
80771
31881
38888
16441
41633
33480
8371
50567
50939
17895
84360
91836
63146
9822
78174
26911
52849
40761
23916
10429
43377
47689
61975
12869
37527
60298
24044
33347
91605
42538
33555
72376
74419
72443
5169
16052
5923
13540
66619
73215
31435
67332
81403
10934
93506
59577
37845
46356
338
78113
73137
60067
42155
35113
72936
96034
95411
96980
29381
87016
55870
62936
75744
30289
51731
80913
62693
74007
10805
45665
63574
58593
12997
44977
85879
6503
4554
23724
69211
21244
18189
42349
81312
76696
93814
70600
72730
89225
83933
18463
92593
39803
97751
84689
86445
65835
65602
49138
39842
92759
94803
19768
51352
24152
64745
37231
47008
69299
77307
32571
6895
95497
91272
88207
72193
85086
75160
61276
90663
59093
79739
83256
15248
93843
67945
1693
59678
49899
50832
15872
42659
61987
35640
94011
2492
385
47595
49500
86036
24902
82071
9283
36751
73344
97491
25297
74782
89003
86573
65446
48096
82664
65054
63344
92859
33000
65038
52537
99251
32222
84761
41910
10561
36753
52274
13053
37138
16221
62553
39526
41123
60977
48810
94227
50673
62653
19524
25455
51656
22449
7253
16104
21465
72308
79448
14325
21660
60838
83214
20911
9412
67976
79174
19974
4729
47800
49379
58220
64021
28285
14098
21496
89262
79260
15723
56287
41913
35247
98094
9921
74048
5348
26025
95514
94008
21826
9839
15668
99016
93053
36579
24781
77381
15753
44755
98463
63553
10486
73035
43926
38771
87133
65423
44385
66394
81146
672
24659
32746
15119
50933
6794
20467
76958
18660
30827
15136
28499
46495
30505
37905
83074
55286
31638
15180
16393
30101
95085
26879
3136
39012
65651
90270
4435
10036
73016
1933
27061
14027
51031
42180
64960
57826
78999
58271
92838
9826
73407
21338
56321
3912
75595
55747
59198
7233
87279
75591
37335
82365
18823
56823
37729
84474
47093
42164
10862
36461
60449
37923
66841
11481
80103
31801
85659
75454
90072
78497
85280
79832
16187
57953
96
91782
30053
59295
99016
17332
51238
52703
99697
70061
9526
37426
70887
72972
95942
81750
9433
72744
19673
76274
84225
16129
24428
69884
91583
30852
64733
93216
10684
80921
67521
10781
72703
97574
86428
88071
14907
37666
40774
30956
24080
50301
84735
94967
23273
80677
93069
49058
69773
12743
41685
53998
45224
66113
40234
53159
96965
4968
46375
24002
2241
30249
34783
74944
27823
21211
63016
59082
75229
20142
6391
15661
70443
91126
26981
93716
88155
20050
59127
57929
49145
812
28279
94369
83277
68514
47529
80242
89834
10256
4244
92075
40505
55379
83371
68329
92942
62739
43763
68172
82882
50154
185
53325
57632
27166
63394
45788
63569
38873
20069
12714
39685
48348
23436
22962
16862
70965
19556
6696
97573
40153
15123
38079
11884
98495
22760
4827
61234
66523
89351
60468
33030
89536
13794
90662
33055
93540
52802
96624
32413
72871
9338
88450
21220
32774
27764
54434
20091
47320
77483
17665
3825
92606
72096
15710
7453
94856
20537
85040
77731
9888
45508
10761
15776
75654
17776
48831
69194
70578
45455
17959
43450
71146
6409
81022
20272
34173
35456
56716
97846
12939
74381
1671
21898
46477
17381
29351
57685
54270
14391
35416
80510
59900
62530
96287
35554
80306
45118
21101
50884
6926
39060
10686
78072
61822
91708
14696
12347
27165
71412
10193
56456
62145
28217
78354
24974
61950
7706
82659
32573
22097
34428
13083
81997
96958
9370
33904
77264
54489
55005
44500
61415
10417
55187
55839
72239
63247
70535
939
90412
58300
27484
46869
20445
55701
25223
45420
34004
49281
44431
66577
71379
78859
79660
69728
92169
89031
19984
69433
59872
74989
30286
37639
1759
85473
93478
73998
48720
80365
91289
55485
38665
18774
18706
59111
74475
43929
20883
24831
9563
65314
91408
80942
60526
71069
67022
52695
76452
87007
38481
36324
78348
68767
90315
80107
70592
83793
70458
19312
64158
61747
91149
19176
80521
9855
78287
71349
70137
15522
96180
79700
97188
87589
76994
57714
75010
44016
26762
67814
47375
65243
20490
42076
34010
10805
22183
4602
94598
8993
40266
75108
70741
47768
94284
67614
57623
88923
38963
44112
20797
35144
23812
17986
39085
17158
75700
30447
77527
2462
98261
24902
84057
18751
66978
18067
29556
5514
39021
40506
14507
95640
31966
1600
43408
42603
69215
17383
47878
24530
61496
68676
76026
1660
86662
31463
18819
78714
61910
96346
97529
60171
37600
81586
95274
4579
16006
24830
26445
55027
81688
57304
67019
13655
58905
10427
56258
44472
44163
4136
69002
22011
72812
61381
23671
75826
92844
58842
54541
71107
71540
52070
47630
9141
50008
42905
30072
66014
84087
56517
37394
65776
13821
4413
95783
89078
31193
52041
33550
75356
72529
18905
97367
45342
96638
37390
37520
89482
96233
92061
60589
67773
60483
8220
93266
10492
67477
23338
92858
51564
79855
30252
33692
10029
34666
29475
99107
65859
97868
49010
57567
70398
84267
71286
32092
80905
8676
69612
70387
21261
78026
47329
5387
54861
71901
98653
65353
39378
21992
58212
7294
18199
4816
57339
44580
39482
86814
60040
5341
1035
9050
62908
71433
9669
34194
19877
90574
59223
89489
77313
96836
83867
24642
2223
38729
12895
17229
20434
52273
39221
94998
75920
73772
99815
33259
34705
55649
36425
94745
60991
37460
20147
40251
8893
29816
90798
28770
20390
66373
34612
97703
63209
34831
38698
65433
89912
51593
82662
10347
20219
38235
21697
96139
28359
37864
29398
63064
93514
65823
74161
70857
19636
94308
11108
28529
40476
18258
73652
77218
84631
24616
91274
47841
75799
29972
29626
65712
97917
12288
92411
18136
66875
14108
30627
95234
68325
76377
74651
61839
58553
48812
32696
78189
59473
60156
23070
16301
78415
96722
93520
79398
37690
84794
27239
13490
31118
73217
79202
29035
1857
71613
63524
68732
2073
94151
80319
70398
70529
71322
48589
29082
36486
81285
23623
95959
57794
46693
12261
36209
59768
22133
15607
97458
6927
59199
27300
38045
32416
22854
67080
34274
94467
30604
19358
12893
41108
16029
99643
11637
87351
48233
57071
23838
45870
80694
36149
3664
43739
48410
39873
3507
86895
71833
17318
93822
47384
44618
48219
96152
67473
31652
46778
78292
78608
82489
91185
19716
98518
7181
47705
85870
55414
21128
9708
1284
1822
45857
4949
61914
10620
61174
65421
97515
49359
82739
7690
96743
43710
55909
9248
11183
87561
56026
89475
66170
38515
97013
85886
37034
4194
49944
39256
75960
71072
48964
93596
89247
11173
98545
51161
21793
76072
16582
35661
25431
15674
43351
38527
59384
99260
47775
70567
3174
20153
76394
69344
75021
89759
71582
28407
10305
21526
67663
86265
92599
32979
79862
81846
44152
94759
49359
82298
87183
65941
17959
12615
97967
77662
67494
57351
93274
31621
44270
96448
51774
37017
82144
43147
26776
53727
71554
53434
91605
39217
56051
556
72196
52265
98754
32701
63377
48113
14999
50560
14055
49310
79527
28374
43324
47021
85726
36598
78642
46348
49399
46769
83365
31543
89916
26494
1622
61471
96280
93228
17040
52331
93784
5589
4597
92539
38290
67974
57004
69641
34886
71059
35303
14414
15786
78627
77787
1512
31577
56430
64212
80976
19551
63930
12520
9467
90424
14142
87290
3056
23722
4331
55387
33859
26272
76336
42750
64562
60662
99754
50555
95549
70814
2210
26315
86600
97189
4102
4464
28766
76884
85028
26095
96435
48958
38615
5903
55734
69109
9545
58790
92832
30228
14178
26691
56500
6866
69441
37414
83881
69195
4321
79430
56361
6531
22097
59313
3720
26199
80129
48839
3084
65158
74934
99519
14116
13549
21774
69851
99010
31320
44993
8194
77900
75523
34885
34401
82390
20678
71815
66271
6226
76137
62053
78939
99020
84150
54605
2741
10349
51086
51580
29785
32596
42866
29305
46713
72767
67431
32916
71777
15103
77909
79972
93004
53433
31209
27405
52175
68240
15572
18446
90818
8061
96851
69757
7082
81001
40714
26175
7702
91801
94107
37488
24397
36973
83145
87462
9740
50576
36730
97869
65680
30992
77841
75036
777
25403
2441
69304
93643
34365
87750
84461
58779
953
70570
65861
81954
27637
8388
6008
19438
18847
43496
60187
55820
42993
64002
81912
9922
17084
79781
91954
48076
73975
66990
65205
15730
85783
34509
9373
20148
38611
10186
95279
39564
97108
77492
37870
24745
85880
60231
60535
4727
3727
20723
76899
63073
1077
58811
72995
18161
54945
64949
82590
45272
48291
64147
61002
34074
98657
86727
70574
53620
13265
65854
9537
10373
43346
47407
35119
45579
7638
95654
50306
27718
32729
43558
7143
33806
18721
80138
68320
73666
61439
67262
35290
9730
31409
96292
43804
30066
99371
30730
39
12636
96584
9576
23010
56283
56983
58129
1862
80974
70135
68520
25044
2865
12078
32187
53023
30800
28677
37695
20818
6468
4957
56109
16198
36367
68753
76354
82785
68125
23436
82824
80761
20021
92400
20123
76304
65736
94604
94518
46710
81092
63038
88106
309
75117
36645
53332
22269
65322
7380
43087
88142
12337
99196
4340
48704
84302
97046
31490
52427
20482
14314
49540
56855
23067
86016
49511
88803
80620
44029
51865
61712
23420
39971
62021
98537
92968
31706
37158
58290
39086
80245
46432
51423
95794
67124
16480
80096
80522
64322
32523
1004
78636
98415
74212
18055
84431
23723
6858
81404
84105
58723
59468
7525
15046
21490
22414
8014
69548
59572
82656
8634
39817
45440
76409
35611
28916
92889
15707
9438
73563
64582
26795
68552
79350
1007
86607
80133
24730
93466
61537
8835
68541
21006
16360
83588
58848
38774
7954
28396
98346
90611
53382
54516
36051
46143
90127
64968
55385
22187
90758
28948
3121
17553
97500
82471
18560
84108
62605
59643
77574
40494
68478
62467
77852
1191
62407
36700
56317
70362
81448
71016
60973
51182
25532
13376
97326
32011
94696
69063
70550
85455
98011
73672
19360
95512
56143
37921
95972
35100
97564
89898
91947
82394
52365
69799
99937
14773
22852
56255
85135
20652
27271
62460
88187
69155
92188
1865
17518
86885
70928
88069
88692
68939
61741
8052
80803
34236
62325
76775
85689
76241
66673
77636
58636
35391
47435
74925
50164
86639
31180
51651
7292
74803
14111
95479
43958
6299
97344
77829
9536
84624
65898
98228
53563
27639
22633
50719
78227
84958
27494
63916
77552
10520
57904
36188
45911
5340
27465
96075
8331
58646
64078
15623
49801
78189
27454
10112
840
41150
87941
10377
25774
53839
8605
95690
97830
47590
46409
76057
48901
90255
56326
26453
17127
14230
78993
63038
35922
6458
75465
44254
65104
39543
76229
31258
34084
20036
41370
34925
77538
29311
45302
3313
83150
70259
15355
80980
17850
78116
73389
66751
84723
29715
9556
1851
60298
88549
81241
96220
95007
56707
56826
76464
12602
49408
7722
46687
69444
49092
81612
63334
78403
43266
66647
77905
13525
98354
58885
47727
92822
48626
30830
77546
94694
40386
95749
54992
28935
76990
67564
40295
50049
40743
16759
62652
90151
40833
25691
75947
89925
23655
39281
84680
66921
22281
62585
96798
36987
37822
44526
29810
86448
91708
23708
81142
48447
19457
52486
93734
96447
36403
34029
46497
77146
67140
25501
67297
7973
51192
59596
14250
74847
15229
15282
58120
37510
77867
54918
90850
32041
15796
20660
34842
23857
44368
32336
72304
63825
84823
66038
76624
21226
16420
23121
14724
83560
64974
98373
7886
16166
57969
22136
7365
73198
53771
81837
27061
31638
36756
17911
80032
68904
54923
14874
92761
99291
63562
65065
79468
48385
31104
56092
85963
47524
95566
687
47436
60540
99060
55322
93059
73381
93811
16776
62932
47582
98614
89993
95572
51722
24256
91956
20626
79179
6830
13388
78470
70393
78453
74290
35130
25909
30382
37446
89785
25948
54485
37222
2841
69898
8896
95900
43279
19059
29028
6211
66641
27642
12556
78566
79364
36812
70522
99991
32343
93705
29731
27165
80450
8184
1455
31932
50446
48190
69378
40231
74138
40216
93805
93331
10114
19054
5583
69745
38113
34612
75957
21107
78606
4865
16025
57971
58030
2899
74314
90373
96604
4045
33891
93406
28581
35346
25339
95379
83536
11069
51963
74027
51285
45768
83710
77751
81174
89294
47497
35640
23906
39806
56747
2512
44671
89124
76835
19053
92023
67501
25779
88628
87898
59670
98386
32832
11368
23725
28211
11257
51147
80174
1636
18784
42295
85346
96536
23469
74640
60385
59109
14898
191
32208
17411
61214
21332
10598
96620
13356
94452
22399
18336
82350
98421
16722
15182
9789
56800
43394
37398
7947
39920
39034
43083
82215
24381
55971
22037
15373
16356
97498
30272
32899
46059
64035
10466
67391
74633
7086
97099
69085
45837
31787
67788
44258
48510
99322
70399
5310
59068
7798
29609
98989
63184
89044
97556
87565
45016
35945
2939
61372
33444
49563
10624
79503
13598
21090
63246
4583
44528
76698
90021
90365
8485
57809
50975
73347
57131
37726
95009
16200
45524
24618
31541
25061
13663
29097
28978
75031
65043
48269
36403
14839
97832
63379
94342
11430
821
73940
16014
45349
66990
6035
52066
75476
80196
3041
48823
53679
40768
43833
69879
2644
84803
1420
27705
14818
46870
56684
89849
28265
4953
42605
43104
19138
5984
53798
30568
6806
27738
62934
68507
11081
85321
20574
86557
81869
23615
51732
35549
80735
11917
5428
83380
13073
23201
27437
27891
86423
473
17741
14688
21779
76698
57792
40917
82682
11590
87837
5840
55680
50772
74348
83113
52445
94922
69670
34315
34889
37755
69864
15625
49672
91644
15357
62745
31197
42794
6989
17620
59620
41082
48660
81399
17780
6452
22316
16814
34394
26505
39007
6427
93629
13355
89540
46075
24629
75563
96742
75870
13318
66606
7847
79342
74602
23204
58440
5800
82351
65429
39772
58323
6511
88433
39722
24291
11237
78390
57457
45632
4895
96464
68411
98525
26171
74303
60952
67152
49866
57694
43023
79536
40652
50870
58879
15254
90427
17319
37406
89130
99100
77179
63805
5611
81964
3527
46254
93201
98269
3711
55185
19516
176
23596
18041
42699
14252
95345
9852
64118
69391
52875
60007
10043
20097
35238
41650
26876
68909
95408
32358
68009
88939
96163
89972
70903
16042
36226
64105
14311
39937
19290
33828
56465
59239
68221
99165
73491
79919
9017
53961
49310
78244
30320
75706
14693
65558
17356
41570
34467
29116
90280
18828
18056
86444
8800
88959
18838
45026
69416
33150
1316
5059
83330
74133
80650
67903
89650
70493
47822
15019
40806
97133
93263
71127
72839
7957
36685
6547
65879
87505
35663
72511
6333
53719
58955
31486
59031
94146
76512
44799
27296
94180
49858
26978
68314
46860
94881
74316
17353
42704
89336
58160
56189
82599
29287
45380
6908
82324
51927
89139
69829
3942
61651
92515
74014
36958
24001
49397
31104
16865
94196
74752
11046
60407
18082
95712
7267
12964
70028
24621
72020
75716
99133
44561
74668
28420
89941
97928
27096
58220
87068
96926
78514
65071
5793
52528
18381
29794
1925
65838
63011
12474
40590
74057
72881
58673
86121
96500
87989
72502
37473
76361
48218
36606
20922
22886
81378
27215
20815
8475
85435
24235
21753
63949
89306
27546
32830
24039
73692
51107
89877
36703
63581
30468
10761
52814
5493
13234
49315
9834
85736
86788
2547
50307
23395
23469
89545
21125
67036
26712
29600
68823
50947
51353
49124
56605
78899
81954
80645
52591
33062
70522
89295
12995
17342
16408
65810
39187
45994
31477
65373
48083
18265
67920
98390
58012
7741
4287
79138
74777
31000
25090
59952
81947
76444
9077
54905
71695
91031
35550
24287
40445
22424
29934
69793
56119
62694
35603
11658
8688
67080
77032
73123
1697
44952
71513
76062
69046
75801
71552
60175
23153
96642
20128
5100
89438
29205
76357
61134
36588
28259
1773
93386
67036
31707
63179
23155
10753
15134
34813
35793
98566
28197
8917
263
89502
80430
92677
58548
72583
64229
18723
12088
77224
38851
33541
66662
84408
9898
27796
20997
38158
29569
14383
5194
77628
93914
44701
88381
9048
95866
24175
7614
24064
33092
7877
13566
29874
16907
88466
18810
81136
7189
30898
74712
62393
64439
41375
46801
90690
69171
84150
28848
15093
98533
50394
9073
8799
95095
13807
17847
7313
54334
25461
31377
3778
49691
61295
33652
66598
49761
68814
64086
56951
16065
38799
35696
96856
80174
82497
87546
65697
83000
16394
97142
97885
83140
6216
6685
94587
36375
24532
1901
90709
49994
33278
94487
99685
94574
44491
82635
60687
13306
63073
33990
45723
1872
69686
42579
98398
68536
30126
80448
51536
62872
77590
49421
46013
158
56106
40600
36533
80639
58853
43594
46985
92132
38081
63022
3058
98925
62009
63745
12231
25082
14088
74306
26955
83774
16885
41705
52310
47011
22153
20198
9884
16096
69620
72249
32606
42078
29201
85492
22717
88055
29086
86054
96539
83520
49076
15949
82445
11085
96046
11028
52520
10134
85334
95827
93909
2219
37532
62571
65583
76038
82770
91819
92134
52390
80420
41092
94468
9621
26584
33538
14028
72023
35944
26919
55543
85021
42868
54340
12458
38915
65368
81330
65401
67054
77157
59310
69273
14690
38234
51208
90728
21004
59379
99214
89746
39799
40306
566
49421
83243
50456
79801
55266
86401
6721
27161
87774
49589
81501
16584
4856
63221
97915
70258
30275
75072
45920
15900
6114
506
83461
96842
21510
42840
12408
27608
82640
69067
44527
48413
52310
94983
28214
23928
97736
51287
67441
85510
877
65294
18447
22085
28515
16362
8695
75142
7786
70968
91042
13901
71474
74503
27095
9337
17344
39504
36945
99984
8571
81472
64749
77233
92808
92963
17513
90544
44251
84954
92407
61480
50248
10854
99917
95115
43568
8613
70257
51354
79581
77651
65255
67407
52155
92351
76744
85851
48207
30042
2187
56778
27866
66936
50363
20674
76251
67876
27571
36854
69182
19978
98334
19430
47184
14604
30897
90752
39569
17506
42106
19150
95157
23714
2909
63664
32417
79654
49515
80624
9696
68054
53754
37562
34990
4117
74589
27594
88345
2160
64448
57527
38490
79135
93309
85674
93739
24206
76426
33308
41712
34884
68810
53221
58598
71719
16886
7367
67725
66401
87991
77421
34456
41745
31336
85798
62214
5925
13392
50559
8085
94193
24438
46575
73328
17747
48601
67067
58305
25027
375
16369
76263
85537
69591
51214
57256
86477
58581
24982
69230
46573
18755
20038
4670
50091
22189
83237
56016
35581
50148
80453
29774
74587
43380
19454
8686
91981
86521
66992
33360
3248
99713
9624
88785
69304
77190
62394
72133
35771
3728
41364
98696
22483
61402
19719
88927
83591
2956
44943
35525
69456
41749
81651
44043
85129
1106
69082
93463
3979
36074
43175
7228
35787
52799
12365
21444
46341
74759
93577
82113
94839
34941
80809
17323
12696
16880
6250
12639
36188
67545
64516
5645
9294
62520
49688
10776
79978
35122
20591
83957
71196
63766
7537
23336
32918
19903
61132
79259
11014
54709
61372
5854
6003
58534
39529
35051
75414
62131
64042
11603
29676
28559
33600
55323
91079
99640
82451
71057
34763
3042
71366
5959
66808
78904
45647
16078
15159
23131
95338
42525
77841
73062
64731
196
47948
4260
51599
39715
66391
15641
51318
12420
44200
1270
67743
51631
910
50194
39040
35673
69588
10407
57985
52748
5663
3632
68827
20822
43116
80517
79699
37309
53579
44431
37505
1528
48691
89104
41243
31435
21097
8913
43855
81650
10183
27950
33281
11093
78144
72322
46767
47732
99081
21104
16832
4744
24736
85659
41918
84204
66176
21617
21513
36108
82400
59018
37636
47444
64474
95231
78879
1924
4144
39086
83574
30679
67036
16855
58124
61532
5529
21243
25616
4610
42347
42448
25706
83436
28108
83976
67640
10636
21946
89154
46744
4346
64524
732
51790
45351
95963
30669
47275
16459
86107
30849
63490
53143
64056
21615
31027
69586
42858
56643
90548
1558
99092
32607
84994
43552
16583
52634
54188
38529
58140
933
42876
22665
1665
94666
68016
13981
41688
31643
30440
44147
62492
93931
97291
42900
31898
28318
12486
91108
1314
19387
92666
406
51994
77660
43958
84929
46647
14498
23459
21139
31783
82687
43804
49801
93705
28172
63782
51745
76167
10574
95893
38659
4505
9536
97912
52755
54206
10398
43864
55520
46137
36530
72278
98131
30543
16236
99413
77190
47087
22872
98329
78870
21911
58486
28671
15616
3010
92453
83714
79178
19380
79607
34189
23885
5495
32101
76641
59701
58852
20505
31574
4989
73387
3852
3121
3930
36441
18886
97472
83528
41758
12154
62398
80021
70640
7422
11989
73650
16227
95703
69180
35607
91662
3370
75845
97157
35471
68838
73211
94323
5695
4785
99313
79082
8637
18786
83013
45078
37672
80485
44958
95782
8991
23709
92155
79631
31131
4144
69634
63710
99848
38814
99318
91510
58536
91515
5020
94008
60353
78231
4683
66048
83016
20348
45130
8005
55486
44495
69436
9510
41333
14394
5292
50324
38103
13799
29956
85586
17944
15942
49297
34144
71108
64967
42006
29645
56482
47026
40005
16835
41609
44688
99235
24625
65037
44365
32631
36875
5213
18419
46386
46546
32813
51678
96870
87269
81830
43178
72855
99774
75472
38504
33918
46581
19823
92276
76226
76305
39303
16231
9492
80912
77271
8727
21890
58660
69445
70873
95536
74658
89292
41922
21204
22105
9952
34426
25726
91782
93957
98582
7908
69429
53438
41826
32362
73262
50455
24940
49567
89758
41171
75412
87022
34795
491
25264
93455
69936
96137
5343
44594
1781
47265
82150
40239
73570
32929
65965
65352
26886
80899
73261
12667
34338
31439
45030
7600
81894
69970
73519
88004
27494
65283
91379
78641
65775
16643
88448
35711
29133
93792
96658
30914
57409
95160
71153
30979
44441
53471
12684
71327
34370
85945
347
68708
33736
61729
92660
31983
48051
82532
19987
75545
47815
11366
54186
29942
44362
58987
65654
73495
52779
78664
4409
10188
90176
91915
57520
34618
45386
70204
22297
96108
56149
22644
81169
6237
725
90181
38220
48777
72713
58208
40674
36881
85926
11213
66823
30288
70200
48829
3783
22979
43845
24545
49519
34022
16460
7039
68640
78198
77243
7289
90658
49744
46286
71827
55982
47011
62009
94202
95788
51074
68762
36463
87955
71041
47676
71131
1329
17876
19960
21465
57207
63806
46010
6726
97828
78822
30118
82820
73372
7361
90109
64030
73458
52747
52210
29440
99759
30571
39994
11899
81645
25109
64714
85953
96150
28742
57084
13831
62970
77044
35296
20177
40850
81306
43256
55030
76480
89726
54202
49852
97087
44312
13883
70545
13411
82445
16337
13170
13016
72684
41422
11013
97793
6136
96966
10295
51231
54050
24126
14201
47447
59423
50731
4649
57081
93987
59680
33562
65
13882
83414
97152
74546
13649
84050
87958
12446
16739
17480
25462
5775
75254
36476
19920
97743
49794
30215
48974
20197
54342
63175
67644
30117
13906
72293
87198
24245
48325
37112
24310
78560
20527
37815
69458
50528
38217
73768
62975
71308
91249
4789
77084
82855
41265
97004
80598
7412
43572
29572
27609
97914
92748
95253
44383
23006
83898
47933
47252
48576
85046
87914
43488
21925
25729
12946
72453
80298
86715
51780
51607
94316
56570
45043
77171
97835
42047
57770
21599
85619
87342
49208
99885
96442
60813
60620
19449
61064
8554
83053
25992
93600
70967
69480
15525
13049
82426
4330
9699
85493
56111
77658
79809
12681
22701
73333
26868
81101
31103
48468
66720
34797
14028
82958
47592
74842
59930
67041
52258
68484
66446
78250
78436
37413
47730
10313
66814
30156
14644
76514
32002
87107
54172
11811
16140
93226
85144
43008
74327
32599
7828
57399
83749
21857
40357
31341
13051
16640
14734
65309
85124
81180
43559
79913
34945
7641
90226
18112
54149
21222
10978
86151
8329
81502
97963
24469
74728
99459
83830
49055
48411
8010
6455
32160
46219
63164
79853
59270
79804
94587
40931
81281
92119
842
61194
27064
8483
51420
61528
62633
88995
72506
65136
97324
54009
63099
38146
28737
78911
38328
94145
27322
46338
600
75834
92558
80116
55687
68180
76273
50274
9112
57554
58745
26306
35100
2161
34790
86520
63690
13775
91867
36196
78911
5544
6557
58363
43690
35295
53626
98370
45792
97300
44708
46392
73134
53618
42860
28821
21799
19133
95447
47263
93039
70544
73569
28139
72705
24711
31012
36395
54838
22879
88944
33750
28423
95501
8465
88465
47148
78443
86835
92940
75743
47896
55684
48877
17866
14897
94050
39665
34030
5849
3280
43422
76393
93202
71561
49098
17913
2573
85494
72752
41805
90790
22854
86580
2643
47671
75046
66144
26114
78233
59084
1857
26129
31121
50734
43996
46018
61136
13
96400
66985
19646
39822
43378
12848
27736
92476
30761
46661
94322
19865
88466
1464
42719
91399
4108
90390
66445
70252
32856
61030
45688
34713
3512
93161
1799
63860
55531
62935
63873
51932
29920
83519
8106
89650
12719
35842
82127
43481
98856
92801
63346
3674
94266
22418
95073
14726
29160
77870
84978
62017
38901
47018
13082
42413
40180
14882
6273
95711
94169
86498
63995
40442
86370
72102
30092
99089
24296
28571
42570
39504
21373
22269
43179
31991
61039
54604
46717
90199
32475
48047
68568
71376
95065
81651
13789
51597
96533
36414
63661
7054
22912
27656
47496
9282
16110
77589
8372
56759
6160
67294
96263
43885
89563
55794
75876
50602
10399
38945
57154
42874
3344
25722
30602
14762
7373
60743
66359
20258
97157
46372
27313
20069
74029
74809
45704
6491
68750
54076
79602
91263
37722
92218
35148
27286
48012
27377
94240
74763
82674
51394
33989
86019
93469
64591
781
17194
25334
83492
53805
38843
29865
81118
75265
20246
72279
20969
43089
57382
91397
22692
48645
29119
14910
83793
72757
79274
27522
66998
54038
10197
34744
88027
96216
44565
68971
13349
61760
94305
13193
15565
33149
59410
13035
8414
96008
1666
45735
39098
59048
37132
78142
7693
82603
93052
7839
55361
88678
35361
38711
59068
45558
89807
47096
58126
34373
32419
87827
12485
26724
1021
28050
76225
60431
57437
991
72792
59103
46726
11890
34504
210
90032
42197
82814
99436
66388
38175
4466
1750
93238
63535
63660
83045
26983
38139
33770
59402
25966
46255
86126
43339
90657
78704
20123
48094
79695
92915
23550
26422
4805
58054
26632
11189
16603
25798
26977
82992
80325
31443
1094
73563
94978
64754
56609
21961
19245
6731
81363
45212
52987
83842
88551
59996
62546
25026
24443
58593
17941
47993
1367
39098
22399
44352
66639
55354
70150
93616
38346
50476
41412
55792
24039
36390
36899
97000
74704
56144
20084
72419
1356
73071
56261
6260
49419
35159
31286
73862
10105
65580
38207
11472
4678
60606
55824
71318
15961
25975
81286
70659
92803
22698
42804
33194
75441
79703
46547
66497
35847
66631
38916
53556
56054
11530
76168
5473
63041
23806
79336
73146
89386
17543
84619
10417
94502
40443
98087
10463
82770
79373
97474
91925
18424
40278
25120
93865
36333
71667
76714
72181
38298
15630
42089
94352
43512
18257
99825
6554
58415
95513
79700
64154
13057
80671
74571
7559
37467
72658
34374
20237
68383
48200
28515
3159
4831
53635
97024
41164
25302
90090
29697
63600
5721
71786
74304
49233
6395
90481
72139
64811
85995
68192
28965
99052
48863
19888
22963
86330
92546
73689
22920
77281
38241
51435
80441
43072
5070
93817
589
46724
83908
30286
26676
5981
2073
980
71566
24820
91461
43706
89631
93808
11898
34948
92860
77113
54836
32175
79796
63734
22216
2716
41016
76810
70503
37809
36234
91925
31626
36823
38649
31886
67110
81677
37867
85535
99009
25786
26707
90470
69492
16339
84279
97742
67639
93491
91207
22476
42019
71003
2562
80587
73719
43578
57397
60574
97739
93632
52499
45718
30455
7500
77604
13917
5529
31824
15804
4538
57610
42512
11361
43454
75203
95640
41196
42842
5483
48755
81670
63854
19759
84233
44442
9830
44163
18191
70405
41903
28175
39256
87621
58631
63109
65225
88900
68638
97049
21057
73177
71011
63569
84538
14465
55124
96530
72013
14318
18365
20769
95989
82220
40528
80222
43014
50358
24385
77557
37115
82640
5733
92724
70261
80716
55833
51839
69616
40823
65240
7025
14000
36252
86946
14890
67069
42070
27772
39083
56389
46138
59852
52378
44710
16732
48952
4076
67090
89689
81633
20558
72330
87366
13282
58943
68082
69115
10782
54051
9938
92375
61076
40291
28627
48023
71533
12048
6445
99306
51131
62834
61796
27335
31564
6506
44067
96868
26934
27510
86558
8567
48068
75240
12286
61350
34183
80368
46817
61318
50771
73107
70045
28200
13398
15024
76223
84932
27072
99020
590
78204
61855
62386
5539
9771
85244
65959
6640
12178
93469
93198
20745
41537
84790
33031
19239
35325
29752
82408
96643
96875
55515
83040
25075
85266
98064
17650
70198
25137
16671
87140
19693
94878
49526
25232
4649
34770
7543
11289
46948
1012
20839
84045
58901
5629
33429
78140
40955
79533
60548
53950
76408
32416
36991
1484
17682
35055
35486
4232
76544
68509
91372
96237
63387
40898
37822
68037
92020
45365
95678
55320
46378
16518
55717
21631
38499
89146
99772
79454
68679
76672
49757
45088
9088
86748
62924
26770
38155
14762
31002
14700
83272
38726
27289
46659
95976
65111
31048
87996
26829
26727
59668
73207
59597
15386
11190
98096
20884
10962
93903
89564
3987
43660
51004
13075
46760
30280
56198
84915
45042
3552
15967
44666
42279
43257
7678
38255
24720
38726
42604
51549
81805
2272
41108
41402
34010
52299
39499
54895
79613
49754
44459
83600
93414
11815
13028
40174
42095
85578
41441
3489
89130
57409
64508
47761
17018
72186
86017
41738
10912
28621
9640
92718
47245
67100
50472
81256
19399
6323
36151
15365
56077
96962
98965
49491
25129
28345
6017
83576
13923
47459
87065
19406
21220
67925
67167
38238
40111
69536
96328
51024
14509
22320
60094
61755
89421
26918
59363
25172
33242
11866
40537
5671
25180
55855
71515
50309
84200
77532
33885
14476
41343
37302
50234
62563
5228
33753
17153
61691
3290
29834
29067
34151
68506
89161
12258
57927
32432
71621
83100
65674
99839
23637
87697
25019
95844
59212
91680
80045
53097
25565
10873
94440
79220
61107
73356
800
11212
6861
62491
14502
36695
91559
65006
5202
80720
77264
79481
29504
65238
78933
11530
65077
18923
99228
6449
14767
58440
98129
11164
27889
40047
22037
22330
19267
99496
12038
20067
10709
18899
82558
41563
55595
74117
6569
77149
71190
186
72982
17046
65424
51916
28577
30501
70839
27805
53302
85606
2597
51432
96771
30487
7831
35160
69169
27098
51009
81207
63517
78070
106
62427
19633
72053
52897
42555
65554
40439
42741
38537
57485
8165
6805
86062
55018
77644
30219
8321
79602
49169
76105
92725
96008
83936
27886
65177
27386
78895
62736
7255
56965
79194
86034
92950
51248
38931
51857
33154
95722
10950
88043
53208
19115
94848
55622
90486
72492
2194
15159
52095
51363
91264
44820
47371
91552
89058
28900
35290
84305
91636
42545
57622
70830
28579
66925
38430
83863
18782
87937
79585
29733
75980
49145
65200
70829
21120
72038
43321
23314
87197
11768
91029
94813
72941
54752
2717
61999
83652
38007
62657
91640
80552
20279
78822
25484
87204
33605
9347
22339
21542
88932
52072
97522
54430
33624
68351
75550
5663
28025
98864
92860
39793
89893
4026
12734
44645
6743
91086
44649
44751
53743
36289
41655
90374
31463
67139
93931
65068
92838
16270
86610
98123
84694
485
52553
18318
68836
28103
40333
96861
26967
49546
53007
33212
53572
82093
94209
76667
73179
55210
37770
43274
7851
79426
50001
39314
62917
60284
4383
72108
76554
7345
70231
77600
7830
22784
12270
93019
67239
52604
6232
10558
2150
59239
43770
72074
57685
54331
48741
30864
9541
86512
90491
17392
82290
56844
56706
45207
17128
77441
17315
10034
1139
3898
87634
25321
26682
99904
18340
93921
68860
40925
4479
71010
16516
64601
59436
74201
18932
8178
21418
44825
11042
11909
62217
93332
85105
35276
54891
2233
12717
72207
12267
30208
76105
16253
55530
19140
16157
90222
29413
1370
31147
50245
72380
47664
14846
48169
38217
50131
56347
59635
94956
67389
87896
73526
77073
73001
8802
31964
75234
21519
4171
3853
68080
96629
20106
23610
32121
52616
13832
77886
53986
61332
28131
42718
8996
59330
90887
63565
25813
47234
23201
20769
30975
11097
10647
8048
451
19449
40013
75685
57321
60536
95891
25401
73517
15997
49011
21990
68613
79195
99877
38951
40527
44360
81670
65875
3690
72557
29441
29503
36144
52642
66625
83471
80091
77272
91520
80542
96722
47885
72580
70395
24773
68471
95796
14643
820
44807
36633
85786
40354
52862
24737
80882
97223
6407
46757
913
95317
76198
46769
31461
28840
13394
14932
25284
7018
22804
5826
20092
87041
94758
90487
28167
79581
86283
42810
80402
47442
95795
66188
87797
48658
7277
68679
62233
30037
31788
63146
25354
7987
26267
73167
53179
56013
4451
78463
63032
43608
642
83124
30649
95400
89964
58816
74982
76247
17978
71736
40042
13774
54276
44191
78784
61553
29222
41017
91590
61010
20515
33296
68997
63135
6463
22177
19148
27267
16992
98532
70875
17634
98009
17876
13035
87973
93045
4369
80572
11023
76105
36966
41149
30381
81157
36285
8286
10379
77302
16229
71390
14170
49525
56739
77305
72341
95268
12805
99608
12261
11338
86835
29895
9347
4711
59282
13672
97756
63651
94244
25132
56108
47563
66281
2841
28720
2567
11128
55452
96221
43709
43194
26743
9586
99933
20400
81927
95202
33206
97887
23815
44544
1074
53710
70243
5786
29345
267
19894
92996
94511
45026
65457
58426
27660
68298
87147
46579
95778
42599
42800
39487
2145
85896
49074
2078
6296
47353
13632
55854
61593
53799
16750
62667
23862
86993
68453
53207
87260
88348
62555
98124
49726
28012
56550
77386
96311
60049
23965
92089
19000
83118
31577
21145
69014
97003
39576
91662
44356
69560
47517
5949
23360
64267
68617
47222
67613
53422
429
71225
58122
62984
85701
7849
90997
58604
1587
3660
18653
25553
95749
37654
25023
43678
75151
10389
57033
14727
2051
1390
640
65920
23691
24000
30188
8660
87574
14153
78435
88003
85378
36557
67339
71080
60758
74688
29684
62346
78348
64689
4251
90450
18695
29274
50480
93847
39663
7514
24926
58066
25256
25566
23987
48947
65918
70527
57608
53492
1032
36043
57847
86410
88952
25187
73842
49711
16227
19878
28409
94576
84568
49012
1378
3263
94638
51858
13462
50653
75724
54741
8719
980
80307
49058
49928
62578
35937
23888
16070
36969
59931
73918
39732
65235
15457
13574
31298
31684
33453
76059
42612
34373
25071
43990
53988
36061
12201
67451
86714
87925
22192
11786
5258
18851
77196
55186
81429
13134
95426
13852
66455
71709
87770
6187
36944
3227
36114
68243
51263
85919
44302
93876
20292
85726
37866
74280
21787
66419
58083
8502
70697
96627
36640
75955
31831
13836
47493
29612
43322
42919
43464
9778
14628
47586
32317
51572
50813
84783
36167
18429
70702
96822
12305
7346
82548
66523
97979
4335
32943
56062
29189
19992
69042
65829
95947
873
79666
43440
30485
39340
2711
73950
49118
17339
21536
97788
85263
88702
82571
21431
7131
69626
18253
35788
76972
17153
2311
74951
37840
51606
47366
67030
71598
16408
49211
83897
17281
45229
43689
64118
84570
46400
54420
50040
63739
92309
47828
65355
97363
46752
86786
20846
16378
21391
56634
9702
38544
75297
84654
76384
43256
32020
59766
31206
48428
8978
15104
82061
54207
75145
62531
38777
21546
16952
88818
1637
9261
52998
66992
6624
99750
70130
43822
32480
91521
456
42183
46417
92105
26837
39154
35361
75209
15272
82920
39989
24250
98024
38402
94810
89521
933
49939
11067
17885
55109
12705
43498
8108
96049
66474
24210
66180
10296
56691
74053
27104
15226
36823
19210
58415
92329
70923
33624
7601
53843
89965
31852
68219
28367
43014
57741
29300
92953
68808
63538
48063
97865
23388
72523
93915
6215
96733
76447
16511
69776
50500
59968
85002
87323
79178
43417
96004
50101
93393
3606
20297
83358
51810
88516
11725
94824
46257
57378
4129
31418
37268
52192
45635
60656
41067
39550
66871
54153
32349
99735
23929
82850
59703
8932
86525
55233
68701
82530
21686
62095
86136
41983
45453
54298
30500
73531
49122
93109
30909
53251
40879
84529
21796
86515
45185
62863
42417
28409
33368
74767
28144
57298
73969
4199
82582
76846
59432
51283
59376
81118
13378
61864
23102
75184
16162
69954
48715
81636
79415
95976
51240
36647
80505
73036
23162
42042
52251
81931
70451
85620
73050
14947
59270
47019
19146
41852
23866
94930
93135
99594
92401
22866
77811
15503
98050
10325
1809
46765
91962
97576
42741
43202
34223
39598
32590
73737
81640
1193
55669
52092
3165
45071
83391
62435
92091
18890
4287
32309
13820
13775
48255
22573
36641
26066
38076
51043
52744
56237
14160
44706
70166
73253
4260
4389
12851
53202
94479
94491
54395
66500
62935
57561
11571
62679
19996
20014
81569
40636
52323
11741
70763
579
34315
7404
42997
88743
74799
95741
61333
88959
56799
31499
62212
61059
52240
75063
30613
46719
85906
85009
13219
65194
58922
41143
27873
95270
61157
25794
35906
13481
37535
23021
30412
88202
30425
73409
93298
21576
85503
54631
10535
42302
2482
72747
19714
54722
64162
50327
1442
50069
51688
31013
15263
10610
72156
59488
5881
33314
85282
58139
63147
22817
81161
93559
27372
27938
83320
20670
49515
68823
91653
60050
27478
94135
49150
63544
48857
13312
13871
66651
79733
65560
97665
11348
76170
86173
70836
98403
35839
72470
72895
98986
11640
54056
8897
39012
98346
92218
76034
47861
77393
67687
24264
21223
61822
89766
84767
27031
19430
98639
93683
15516
80551
7700
26864
73073
93873
14053
71477
29713
86523
60724
45051
98163
14780
53949
53527
29478
62519
29561
93692
39912
97248
17956
61136
75422
24074
62255
2454
43504
60894
12489
59020
57797
20189
2237
30871
30414
32642
18700
76479
19165
79424
21531
33681
10556
91832
87208
40034
54351
33122
33726
94263
30370
68034
71751
22145
92108
50359
24599
35613
11253
37088
10985
85403
73629
13222
16274
4043
45864
51326
96875
81382
30750
34758
31415
41306
26590
34975
81340
80941
68097
31419
91556
14820
99453
79660
36965
91562
30019
77916
43527
57624
15004
54512
43027
4985
84087
75653
9028
46303
26979
22255
27685
57729
57013
59100
15387
83603
94076
13080
64544
78525
44499
72453
93345
43952
52113
46662
51866
82132
24578
11745
56108
55934
66258
99136
60919
66697
74789
86300
13000
18121
8555
40686
75850
65569
16138
7590
65524
26566
20670
30069
5092
65169
2522
14789
25473
70987
61452
93692
69471
2382
5437
25579
58317
88047
24715
35588
54744
15857
21888
67745
33978
46796
24783
26180
28717
57273
33770
94241
83840
54440
40662
5284
35961
43184
36425
77787
30523
97877
87831
99994
16612
93268
25574
74929
97668
66641
26869
52412
82498
65110
36509
16476
11906
77644
59009
40623
34918
92779
51216
35110
63572
91879
40394
99533
51415
76819
93672
81939
91049
81503
81933
24013
91124
23859
15294
5144
90501
42163
73908
72999
7273
10418
5828
35531
4414
64837
92506
39332
57616
43723
90794
37540
35602
31188
53426
3369
24360
47098
85308
31761
44954
83594
55774
52430
7453
87420
57574
14306
29583
47834
87306
53209
74604
9486
88740
79019
74323
81247
34703
48291
41322
25498
85832
93276
73038
39258
96645
13750
2708
81954
45511
64014
81900
17637
16444
5705
5057
90370
20012
50993
54557
23670
4202
29161
33156
92942
8180
23831
90541
42884
88474
48215
84734
90658
41491
57772
46268
38137
71523
48977
36443
33386
29343
18343
51024
62140
40400
72433
52510
60412
39778
23419
434
43980
52581
49942
53275
77113
90125
60168
19997
78600
8384
21083
69258
49875
78856
31879
4364
50379
97208
40807
117
26551
75502
67493
88691
15903
39927
57554
92667
79705
80973
93102
40038
33554
59396
93313
10668
49522
53481
47017
28122
61865
68101
13732
28093
63309
45611
32457
30040
42819
89617
30157
69371
65119
97651
74414
97374
53930
31968
90042
33635
12942
99496
90025
62848
58892
83338
73516
8414
53172
36886
52888
31389
21339
66621
59482
84648
28584
8292
14688
87756
97909
61197
73479
79380
58848
47893
76755
12778
96214
83149
62766
9156
98997
52791
88356
57889
52482
78225
82656
5654
15111
51896
53395
52802
18517
12878
37450
63454
21170
68490
67562
35431
46039
41041
14811
4888
5286
91566
34018
1500
91067
13136
27008
90064
82280
15365
64306
34762
9942
46962
56768
25053
98858
10163
94207
33728
39393
48009
13534
76915
16499
81096
12346
78890
38489
27158
83778
43775
35076
34149
61628
26144
63637
88636
16208
45917
20353
80514
97031
30295
43828
70151
71700
59039
96667
65907
9119
36060
13916
22653
12976
46767
20101
41674
25658
58590
68832
25788
18717
20261
76289
80345
46405
39927
68982
78965
2196
89335
75832
99228
35983
19660
69379
7683
95051
66046
73591
4170
18459
3859
26823
31435
50627
63276
73109
92637
21866
58294
34777
40584
78555
11067
20929
41312
67346
6263
20277
69542
11951
12461
68770
47934
48474
54502
55617
43525
36900
45560
47696
55359
49420
90871
3146
16399
54148
92608
25388
92366
67254
60165
49302
62161
71232
86584
3473
38578
92847
40102
8121
4798
52564
93243
69084
1038
64097
24702
60915
998
86614
8611
72709
52386
15835
75856
68785
86335
84816
94173
78701
52070
70691
28004
14231
58275
14588
34056
96854
23787
74158
21327
28586
43074
30922
14022
60464
95020
38724
21380
12370
41691
46343
85079
94077
78530
77287
79215
64865
78455
89740
43567
30525
60431
87923
61108
18707
18863
95164
31913
42650
85675
53240
87588
45101
514
1611
21918
11886
56687
43298
24256
98378
5993
25688
92456
84524
19327
71671
49389
97783
61411
9308
44660
38195
13583
5769
56902
32446
17285
88815
75097
19312
58407
62685
64414
75273
80648
86332
87160
37336
45982
27768
52066
51975
53456
44522
52851
72784
32545
18593
70567
10309
44253
15227
64856
57837
37348
21758
90283
54634
26925
65380
73946
1684
44418
54712
93309
41418
41044
80469
78754
3378
8238
30821
71706
78046
91695
24557
50830
40593
59502
37749
67254
3756
52977
32110
61593
6677
53868
51876
61311
97145
33609
51610
15181
94379
6322
8490
35797
63719
5312
14552
83449
13550
61725
55155
7948
69772
96065
58779
10365
55567
96528
77619
59323
65857
9729
20916
72535
79949
89145
50198
93446
22754
1808
8627
17133
24483
33470
69282
4554
38782
186
88003
68684
61911
43159
76632
48036
39224
51763
58401
94791
64644
52373
70467
46853
78454
7735
19388
74756
96880
85939
68202
35986
4099
93182
53119
28582
43004
22402
49488
98138
22588
37492
66822
852
97003
59806
48888
52579
27922
23641
63722
92566
92366
34189
39419
87173
41925
75160
61929
55157
61099
46483
91144
65198
56017
60615
10133
99021
83017
59621
13511
21958
13465
96685
39162
10468
56492
4402
63047
84414
44395
26770
93332
36762
77311
49103
23935
35588
24263
2216
90746
1714
48699
81890
66913
4717
42505
93398
20090
41875
69371
33602
80185
82837
30287
19347
9657
3131
23749
89057
3897
84496
32179
13581
21258
25842
62685
61545
61431
86948
63761
52177
88663
12461
34067
71928
33530
76572
81678
69972
34799
51049
19926
14984
50238
50214
34331
76248
69697
74432
65305
89947
58929
13836
3528
96539
39678
66213
58085
1109
69514
21846
53286
58177
50659
3705
46457
84189
96630
28135
70514
31429
79184
90440
46414
45775
57006
97097
22023
26704
71530
3680
33003
46811
17516
36531
43350
57194
2745
17787
74656
72259
55986
44294
46788
6645
64352
93245
7187
60982
37732
77701
92411
33268
68141
55177
79043
25148
52275
1066
68204
40157
4746
1207
3320
22262
54090
63022
95809
56835
80810
86817
45446
36796
31111
92234
43441
95463
1831
66980
72797
39563
44681
81561
72832
29175
36738
51875
70675
5365
69294
55231
61874
74040
72790
65194
12655
26880
28217
24816
83716
25379
11633
45514
62175
59096
37749
21968
70912
55932
88949
43709
11848
49982
25270
84680
95509
78361
52907
66184
78
38553
21415
78305
28946
94205
43499
41601
21086
88068
82769
21154
29799
10754
66668
8326
86202
20769
46647
57114
93054
35596
17176
4902
1930
58798
5934
97440
53511
58841
79976
53590
13747
1392
31895
42693
11949
91746
646
33035
96167
83415
70541
25966
10521
53562
50645
96723
74331
97292
70190
67385
49240
87366
88639
51170
46164
94573
64962
99676
69767
44939
69618
83514
46331
17865
26207
74632
25963
26853
24020
22130
26620
94561
64449
53493
48123
15094
50216
38807
12386
20406
22544
61626
7772
11184
29148
70289
22109
94111
86317
91876
39050
72287
75390
1733
90152
17949
76365
16115
44802
385
54598
87774
11299
19047
41267
75774
50493
7836
14581
62879
28242
53478
24505
52367
81014
53653
39008
3123
64116
25325
95000
19518
97612
70390
21251
4116
88340
13969
36583
49494
30706
91181
53621
42005
26580
11240
17780
77073
19076
48713
39952
47319
2191
80809
16038
99557
50815
55046
2681
14931
96723
97681
34450
10687
84423
72053
14803
89115
86022
51386
38610
16729
58920
8583
75086
85500
19823
92866
78926
38900
57932
18878
2571
76475
16040
18609
76033
66855
90007
78714
98138
86730
76395
48940
97417
77170
20994
28572
66286
23368
79958
21248
56449
55230
29831
31536
57083
66006
40754
36009
4906
98686
71239
23829
91514
87279
58790
67547
70486
48797
46261
68625
35527
39008
33917
49296
16178
71263
77868
98816
10984
74179
20064
67433
29409
66247
15321
86492
32254
56076
38853
53512
71114
10093
77342
62628
97372
36132
30175
67859
1282
92788
52836
53161
31796
86753
2458
64327
74369
80326
63143
85353
54505
83208
52786
267
49455
84460
3111
98061
40536
41965
51574
28002
52058
45268
6983
65782
81400
53510
49993
99034
46299
2829
52196
94447
5935
54654
58774
96656
51332
38270
82009
22190
21478
51147
22457
87285
35607
41920
85347
92495
83885
53273
20498
52295
98541
43833
34430
96293
13695
84423
95328
59994
3605
47524
70794
25892
2178
45920
22548
69862
84190
4557
92052
22020
55704
14509
25658
7664
72782
11005
159
73019
80630
37009
25315
79171
80842
76097
91816
94538
60520
87144
70884
80477
34668
41678
6369
53198
3951
45269
23061
88141
49826
15113
26514
21883
45975
52172
29547
18757
79529
46058
91776
60159
83068
33443
55682
63910
25892
47498
74800
86413
50995
45685
83242
85663
3715
5964
55214
24018
51233
94627
12160
17412
26092
38674
55647
72067
7198
85194
7176
86727
31252
15305
46886
30672
65100
18920
94583
90993
66418
85735
93758
17413
31420
77000
19429
51488
82964
90995
75506
50550
85622
4018
67962
11714
59044
23609
134
66242
25155
23662
52969
72759
38967
16207
3432
20420
35127
14367
11413
17898
102
5171
51663
47875
98523
71092
99363
81488
78439
91221
48390
64061
95240
16352
92128
70636
56313
8614
36879
81468
32276
6200
54227
87596
22408
74011
8016
73887
88378
19429
91785
4833
40952
43449
52708
39475
30893
52071
37315
9333
59644
85705
89746
71236
2057
81874
41873
58370
90488
95104
56190
39117
1304
10418
26713
40064
781
51081
30304
5512
70510
38441
10345
11462
98242
63053
50937
29136
31476
88253
54821
91120
73958
44567
62357
92368
42794
20582
67090
49634
15686
23281
88751
33342
50051
31816
89759
50832
82897
20063
56344
53407
58504
66689
81221
56747
46094
48511
2235
77570
53116
57056
85043
43426
17975
63752
35794
60769
84334
2885
10404
20
26166
15507
49714
76217
47324
39473
43401
30221
59536
16098
99981
34393
99139
97554
7492
45234
46065
9727
39156
99181
66783
40551
42608
1110
4303
94754
61880
4989
13991
88636
21361
40157
4143
71076
32726
67819
10549
92480
98041
86438
8578
14374
20831
24069
11928
28323
69303
74346
54402
24812
89879
37537
65363
48839
38647
86019
43594
527
91008
57585
5515
12370
14095
9659
83446
63173
77478
10347
55653
91871
96785
80583
22597
33968
4653
50878
78643
90308
41576
33045
15120
31455
70582
96836
80295
9230
82855
40241
26109
73863
14178
31625
86233
28273
57636
86031
7799
51466
96379
79804
59690
93164
60388
98639
27133
81393
49517
5776
88053
7445
55174
3174
38901
42108
16362
35548
51338
99217
75789
93800
89432
89967
41777
75666
34593
99413
78049
42392
67231
74428
22196
43273
67593
98936
41913
11078
80329
7782
33206
68383
15228
88380
87909
54129
30489
20623
6029
98179
19840
81818
8331
25624
88137
50108
1290
22730
65873
79340
65122
49457
70120
3671
92730
37713
2607
34643
65143
99289
58778
98350
84024
74006
3082
71933
44487
49923
92556
50516
48103
28748
48686
72786
54372
36823
22895
72015
75906
5120
67707
41028
54577
37827
44699
47308
91893
63659
98303
57036
62948
73433
55386
46972
47439
74821
35257
8278
24744
44165
75146
89199
72913
23832
61986
43637
77008
1233
32004
52914
6353
16063
10294
77283
53891
71346
24591
45784
35005
39246
19172
14305
29032
90911
61277
76471
65732
96534
1102
6828
57051
92600
96028
46316
32785
74366
89953
9793
75599
38310
79059
98304
54373
89353
75587
8264
77051
16530
70400
12056
72129
5925
42713
1161
96836
3990
93984
78920
16876
11438
85748
73927
4039
98128
20243
36824
88846
26549
46617
80797
64859
42028
79102
19232
31381
71041
43849
24785
3924
30601
53193
76053
36526
95907
93566
49714
99897
3902
44986
33126
15341
30735
23405
19380
45215
43649
56204
50414
86550
19173
31211
67761
61201
26665
3345
8934
14059
63546
33719
17983
94148
3265
10388
47026
99172
20306
13093
15421
24208
58079
48547
39549
5166
71953
58929
50382
31954
31485
796
34856
67010
48359
2617
28211
75025
5962
53498
89084
69509
3569
23419
80009
6834
33807
43387
22358
54113
56480
37780
78321
14560
2679
34223
36078
90984
93152
86460
22938
40990
3608
57794
8000
68320
76763
52564
43345
99078
22414
48781
68587
25983
72200
64948
49170
22359
8335
71528
76472
81168
25660
71145
12080
28340
5368
48158
19324
14873
50971
58615
55863
70931
32761
80215
39251
9525
32779
98948
8603
55193
47729
93542
97529
36281
74842
46699
58640
99529
34579
51464
80697
60240
38962
92777
4932
60682
57288
24256
75555
8259
99223
47770
79190
31985
27986
34794
57862
77117
33742
66465
48663
97824
76359
46192
50457
51201
9243
25450
50730
60174
93266
47780
36766
32228
56909
41698
9263
14197
82307
84818
38808
81530
48941
17999
29867
93279
69145
87729
70396
19239
70546
35411
33415
46905
81603
83873
14458
7198
9323
81541
67373
18941
29321
4139
67522
86230
62190
76785
428
60849
77955
39236
42379
26896
73587
88599
36527
59084
76328
23276
78324
46875
58687
11739
93780
40291
11964
24591
63841
37639
6132
31214
56581
35453
51706
24103
38035
13896
17240
54815
74745
95195
10404
33476
38444
343
22075
91323
59428
98404
14599
37752
61631
73287
65843
71763
29930
77808
96354
93771
15447
2486
24986
72028
54291
76692
12483
92327
6940
29723
47142
98037
41271
73898
31513
96067
74242
69941
87390
33670
84697
1990
87774
46328
91629
53617
18091
21559
47777
30798
15330
63225
49636
56668
51605
3928
49712
80441
12607
73004
26516
76101
71041
84139
50000
18907
80206
24242
88848
83949
57912
73545
2291
62038
36225
93920
15655
70668
31831
79785
1466
63513
43010
51103
36534
10967
71383
86246
91408
342
75603
34277
76443
46644
18416
26443
65551
14975
50685
54399
98924
24949
44296
1215
86987
80521
11487
18995
51190
43318
98780
69008
23183
58142
36463
59717
85461
7846
45964
93222
8188
37919
27499
984
84563
62267
27427
66467
77242
94465
20866
92518
35766
81515
10085
39106
62036
21572
74453
29578
81242
89585
98587
4426
64079
35050
64143
49540
59249
26459
59114
83789
64378
86613
84773
65294
65233
28553
31761
42475
39370
68979
34994
75136
50494
45079
30594
28883
83004
5047
58461
64246
94632
73400
85024
58711
8451
49168
24604
84052
91979
83718
67841
72710
86684
52615
38004
51917
97520
69765
10744
36890
38744
45738
12026
5591
7170
58973
34474
6526
64020
9287
87124
75005
82688
72149
50068
91139
37669
74672
75191
29648
58391
59384
18710
61427
28351
56714
13344
25871
26479
24088
62761
81576
86179
91140
3519
9701
50113
37993
16227
30485
47280
3351
5490
29968
91852
55559
37459
29521
30231
29002
75522
4974
88387
94232
66401
16738
67299
96097
42610
10130
20186
21723
91706
22717
12863
95225
32418
79328
49570
64997
9814
13203
68348
15304
59523
76553
87215
96983
6074
33799
42337
97948
55125
30724
92181
21527
63815
59480
33976
22777
69610
54162
44500
77669
76879
73716
89246
25649
69396
55169
90646
79210
68372
75347
10867
27895
51900
98082
41230
74326
48233
83568
72275
3359
30644
80808
41238
94459
40288
75214
33588
26250
29377
78089
20271
22608
68157
25870
64610
37553
81039
55256
33116
49411
30603
43983
93658
98855
58417
34889
73182
6651
18457
45457
10010
65453
26265
51248
59913
82905
26462
93501
25507
72191
87942
45779
11152
72451
71649
75762
26357
69040
31018
59473
34803
77974
19808
28461
76829
78225
79702
50011
1228
14511
11820
11238
79965
38085
78838
39878
37342
21653
49731
62850
93844
54026
24981
21348
26477
12982
97110
52834
82022
44481
28659
16825
38807
48467
61638
31988
43045
41341
98352
44273
55852
10172
55512
35817
64610
50702
92047
1952
72355
58131
81154
82552
12157
6135
3900
54986
19117
17363
24173
1139
78196
52832
34316
17003
17652
95955
48991
60697
37296
47343
4970
93148
73868
76834
45318
38478
27537
37365
40430
16244
95496
37937
98796
24005
44072
19049
78992
63190
52764
3165
80681
30960
72349
14998
64315
90001
10953
29658
50698
64601
77002
55669
74101
50870
32503
19419
5700
60040
56785
62482
76285
68633
419
91433
92639
44492
26834
71631
24034
79598
91148
4715
26910
63497
19713
7577
53499
47018
37236
4197
11619
14238
76218
2073
81460
8722
21492
87160
85114
94629
65994
77751
63263
66414
85537
55902
10906
12371
43885
34940
8322
35033
56007
51584
14882
75721
59162
68381
39091
96398
88931
67063
26988
65149
69136
24800
73871
90628
28312
75338
1610
94306
53089
64873
60720
38626
37127
87978
67350
97364
22918
75672
48749
78926
43608
63631
70999
2770
32013
26442
15520
20944
93505
42508
2445
78993
67308
92669
85974
95620
68007
87584
89927
37448
68809
66999
92427
5936
54978
59777
3300
77896
51801
52049
73174
95409
15680
60525
14532
64045
86968
30052
1341
96825
72561
3787
75819
56221
12808
78145
51842
80815
65729
58121
18263
34538
25120
10690
56826
80098
86819
60126
74347
54972
28527
63873
50382
60559
24399
64914
40957
11367
11318
58650
24544
83879
78789
16715
56453
91597
94860
8295
72412
60589
82768
7028
11479
24240
34070
68305
20691
20890
44783
95038
75862
89662
58911
42596
66574
99662
23862
7531
27381
35181
66181
51926
35412
61323
68641
91865
52920
63502
16512
41685
40443
15632
48713
51923
39873
82783
36580
60564
20025
81364
71954
12240
87378
47217
71188
53952
46880
11403
61483
74261
46584
44017
42539
98348
5340
27533
90214
74612
91035
23078
16297
47830
38711
65010
16105
78584
64146
52686
55500
523
50402
27454
29115
37780
74671
304
91733
37903
11707
69568
28517
74643
29937
71056
72991
51629
98589
79557
26242
5976
2636
42539
53807
41347
23902
69912
36283
4400
38950
91783
21275
89352
35589
50391
43485
26612
67047
51570
64516
95106
37490
93033
69749
67428
80441
59092
35409
79031
38650
78003
1359
57638
36895
55166
98985
77149
41431
51620
81549
96733
43403
2824
86086
95344
69567
45923
21956
36614
97493
2824
31720
34983
95857
17821
18763
92651
76914
70525
88034
15564
48528
89393
73202
1775
60912
88539
78924
2343
40159
60473
15428
99914
79650
17866
95258
49217
63789
33566
85832
77634
36391
33904
12618
32248
51726
47733
41251
28640
18258
29285
60556
83139
18679
50110
84914
79591
55001
80191
98286
95160
40664
13714
11426
36666
31581
6684
85884
11722
40250
88068
89357
76641
21972
1975
25242
90050
66060
82845
18690
671
12131
95598
162
30810
62060
85076
26753
17061
65267
25039
12221
22284
55105
23647
75302
3038
46683
61186
14761
3286
65606
4118
96279
3931
22445
37873
93981
88505
20719
29024
5528
32850
40974
5690
80012
3035
7119
6765
20096
88738
31804
48670
27374
3261
88669
2677
6300
35353
80215
21061
54991
62174
25179
51270
66105
63976
5496
76438
68833
26215
21814
74362
75417
62789
96404
55429
82176
3523
62194
2272
8614
10350
50942
35988
13611
39612
38665
19911
91317
35233
57324
46308
97407
98855
13930
63512
62831
19426
56302
31665
61993
78117
22379
37410
57258
18783
92839
39434
38659
55033
58058
47273
65383
25353
83261
95347
81317
38279
15258
88986
89864
72583
51646
87271
87790
65576
67135
50622
1355
23437
98639
63348
17906
21018
759
91516
39801
93598
47302
94812
64984
5361
42085
46719
47066
41699
42066
28383
96330
73677
33721
86194
62612
85367
73465
50402
50943
56952
1024
68650
80389
99663
31999
14648
20681
49110
6164
76835
59060
53467
71647
24044
75180
30085
87116
38598
71784
29182
66981
68114
2859
17054
54308
65471
2421
44125
15874
69716
1077
33250
38367
97818
32914
86718
12466
69947
35828
34983
63134
11240
4802
51134
51637
96334
81219
38753
34932
69355
67935
18265
37469
87147
35319
8129
68970
37740
52254
1196
7456
69683
34447
62175
67501
83713
48893
79968
70012
1073
31303
49499
28666
36105
633
80303
32439
98204
19056
83723
83911
3343
1988
37732
6842
37307
45861
75813
75047
14467
77009
98855
84150
11456
61031
68003
11521
26276
64323
81534
43702
95626
31033
72368
48083
48018
52671
96874
62574
88079
80597
46485
91422
82585
84217
98265
36244
46430
90430
11291
60897
67439
26499
61399
95248
3882
29402
6769
46510
10078
4655
90212
5704
52040
62580
53788
58
31603
50662
62632
19682
31260
9117
27457
30197
9686
42074
66442
56116
32504
94085
33365
16295
20584
11116
27895
40818
40519
34665
87329
50597
55672
77541
72653
7713
56474
26441
7771
88077
93456
86756
24112
41068
12225
51569
71265
21912
9995
37707
78028
42499
48145
11394
75146
85081
22510
3042
25900
79381
37707
13229
46330
9731
7122
35336
17444
79948
61777
41568
84378
71585
28324
8490
12653
40549
76411
271
62461
86406
54330
56842
45257
2475
68236
20403
87557
7098
23445
13457
2832
61152
43038
49162
87236
66512
84498
4680
46461
62628
46248
47191
50565
90924
55681
63219
47826
48444
79842
10287
34850
34172
67129
80107
36648
51717
510
24205
75168
23956
54014
78000
1460
13404
43514
88696
79916
44365
9729
42729
23345
72329
89920
73910
79606
61953
53481
27432
10397
49675
37719
45247
83848
21201
41706
20496
89270
58569
61053
80790
82525
31419
75142
337
61175
18657
5386
41091
79374
15115
173
2719
3796
6445
92981
83402
68399
62815
10834
95148
12490
64906
56748
12690
2459
98454
33186
8081
57023
10591
88872
55900
58362
64014
72590
19537
99023
77976
76981
78397
9443
77154
97468
13239
99951
6802
12994
68350
85969
40180
63499
98459
5086
20247
11150
23897
35053
60688
31979
8429
87632
37203
64329
62346
17569
36919
81884
16593
31247
75217
11342
40690
52371
25163
70282
68674
48317
83276
37025
34286
23456
16876
49097
44895
53475
76599
68792
4880
53640
17123
13309
41272
70678
93991
19970
88248
47262
1854
21193
78510
77071
48887
19200
45794
74050
5834
14469
22367
5462
67846
73005
28919
1074
22103
90166
70901
98702
75310
75781
68694
92434
5443
26318
79464
99434
46289
84064
46696
64495
5257
41558
41567
54145
77111
3713
44547
82945
34534
83267
88408
18732
72624
33679
19806
94727
23845
90707
9782
99155
82841
78476
7941
88284
21147
3758
87718
67436
87822
50766
31931
93080
92325
89850
63577
69436
93564
24476
68733
44450
24095
57141
63183
96720
90820
82989
7799
31017
90049
33933
46525
72890
28762
70818
61174
49909
74576
65244
17345
78751
32362
49276
88183
24687
39127
51760
10475
49043
92588
79209
93493
16684
36350
56676
29756
43523
56018
37555
90892
46067
71489
53769
35309
251
40940
12835
50160
15516
78079
83857
10619
10441
33133
98802
51481
88612
50562
61956
54007
59503
57517
47501
76187
10220
20529
5943
70095
92899
59850
60987
55318
31339
31109
90627
47942
72049
3462
14454
3917
97893
98311
14537
8335
47797
13339
76168
52761
80254
54476
6769
39757
11994
70622
32296
22214
7503
54591
92309
403
14441
69648
55721
62133
757
46349
26427
72806
66163
40882
76724
64057
55545
7613
88744
3342
20952
64912
56104
17558
19388
79225
57315
47734
49847
5963
69948
57350
76906
78609
74105
7700
48258
29827
69833
49015
92528
12612
38174
58691
53494
31250
22748
25392
38863
27844
28734
76167
92756
1190
93726
28497
80415
67393
92583
46614
73357
62532
3965
50263
57493
78070
57963
5751
24249
44148
71119
16777
56761
25645
75469
26607
56895
14569
51999
12110
42414
97086
88277
51522
98276
82003
96371
95044
65749
88955
41658
39106
51487
61975
5721
8980
56398
63685
31084
96999
7833
2203
13777
80946
44200
5598
23906
1095
20167
75905
29557
78933
72991
17834
30456
87620
16190
26827
99016
81939
15782
57026
37397
83621
35354
43118
8954
91752
6803
40038
88751
30989
58593
18880
28287
2793
24478
52193
20240
60998
28099
49797
39931
17442
67631
86739
21414
173
13567
36782
98464
45701
93809
35861
29323
29163
78980
38277
37267
2135
94667
26018
49476
53260
61251
77764
72405
85729
29957
92645
46727
74408
42442
3011
8203
26425
89750
45969
26599
19669
82752
25063
65371
76561
77277
11046
5724
56257
65675
42991
74744
60342
85361
24221
29954
46612
1985
2359
48694
48294
95004
11773
22703
53798
14784
47258
80223
20887
93227
23174
40556
75979
48238
22279
52540
25515
33325
74616
98124
15352
17607
72868
75694
19321
97089
5648
82285
15426
24359
30979
63721
19363
42753
2776
89513
73889
50034
69737
94776
43261
92911
51685
19241
57501
90316
88133
99368
39994
62750
97492
55346
96709
86713
47393
16030
154
69393
98316
31933
93753
45647
95654
29468
88400
14782
18982
62290
64816
88719
73418
24429
97982
41455
60022
55484
31772
48156
54852
88118
10906
68697
43464
23967
55410
90857
56350
71916
60251
54666
3849
70356
313
15855
99824
5066
30637
18806
83708
11805
23877
57126
52587
21860
14934
12609
77344
46706
60765
32196
34824
88023
17245
94640
28343
89007
1850
84693
60924
78453
55711
64773
48809
72376
96981
48633
77442
27618
83792
61150
55776
7669
34629
8363
29529
49563
37324
23225
12621
98090
55422
63797
2465
89019
58437
30808
78027
76639
31853
38951
55092
87564
20076
20253
59941
17057
85239
53735
61028
69031
14886
33156
93052
65867
41519
22582
31782
78843
45807
44403
93285
17581
8200
12103
22953
82989
59263
980
75981
91117
56283
47425
78681
76359
67679
54974
9769
52918
8710
87149
38301
39948
20305
31353
5815
78176
70287
53949
73371
32447
98352
83009
66380
22904
95112
89333
22245
70727
90313
14578
61844
62948
62004
56878
39308
29683
11852
65429
98953
36914
68930
53606
76862
89235
1311
99029
83763
71599
52978
57134
20398
67682
56495
86778
6938
51607
76112
45536
38687
82777
60114
16883
45726
22118
73761
1386
68153
1966
66815
67106
38880
52097
37064
32095
41332
38376
31124
41447
9975
455
14933
30373
84489
71429
33503
7780
39388
9615
53316
78075
92393
29782
94959
54471
51901
85072
55857
36406
87038
39024
19865
42271
91121
56929
90718
48805
95305
21842
90252
21632
38649
5185
68357
23139
76614
1861
30919
16003
27828
587
10430
20221
30369
5389
91044
98622
90462
46901
35029
93852
85925
54894
52475
77046
11823
43193
42203
7129
81388
32455
45113
36389
53993
13471
59528
30607
15332
6799
62962
43160
23738
73393
79734
54108
95134
70778
69082
1948
34032
4111
12153
19957
75357
64628
13356
87181
24174
55559
10662
5562
4367
55775
41951
58360
69246
17832
5319
930
40983
84634
60443
64722
74379
40177
35182
69513
27307
4264
87814
61339
24728
99967
97649
85
80947
27357
3618
5121
82916
14280
10683
3635
86408
68987
78347
55654
86819
19
72937
44154
84653
33380
25228
75384
89909
60410
61249
17216
81027
49063
94908
22107
65382
92557
22192
46330
19914
42163
51451
19182
56443
62135
39170
42851
47474
17517
14858
50645
17536
4147
94799
18541
37527
20028
93925
27436
96790
71527
61004
94169
20590
55912
16276
85973
64821
54821
32303
84735
96984
106
20270
69779
62241
59440
28983
26067
93309
43841
76712
10846
64340
71512
45739
1867
7892
56017
45655
21034
27544
6659
15204
64486
62572
47832
66811
27393
2653
99114
28481
15989
99221
48751
85769
77814
24543
14752
20234
17852
74945
96946
45050
39285
84810
7142
57504
92702
63159
3159
13737
7055
26170
45293
71541
88742
93125
38353
32488
12131
53819
77321
28120
69392
42424
30241
63559
66967
61345
83793
1171
36290
80739
62574
91927
81902
86068
65783
74604
49227
68942
4693
72634
95113
66338
44175
207
59464
98880
49047
71595
52700
26368
16067
38444
68792
46309
2003
52111
24006
2148
69635
60297
99240
32209
68576
81142
34629
34360
72098
208
19654
93144
72842
31119
59482
33369
31327
18946
32250
96726
6893
1302
23095
22961
56098
8239
85622
58102
60351
9628
76602
46338
86277
75842
94899
71206
56984
29528
5566
29083
29736
41572
22227
2578
72692
81709
35947
20371
17008
84549
17097
23901
2203
56544
63214
58302
64784
65188
32756
41487
91169
9358
87825
77446
85201
82724
65004
58537
12252
70570
3972
41988
28495
42551
60918
1187
40613
13217
21558
57621
97767
55007
97874
16322
11552
77441
90976
76336
42629
23732
17823
33798
49443
5648
27597
50996
4724
92601
9533
16976
79524
29858
75316
24371
72409
36234
25558
13022
49451
63468
86995
63570
18475
84870
96245
30027
78663
87221
22715
21292
27306
40538
71443
76749
62538
15392
44097
83614
24345
69982
590
20221
99840
92258
44592
72250
28492
86502
1624
94296
49970
88620
74218
84798
89842
70463
31177
68505
74037
53893
6149
1343
10783
93944
94444
89674
9336
38541
73288
50034
8523
90231
70255
24716
82489
14848
96966
27334
1350
14942
37982
67673
3562
12200
52471
9756
99016
83648
94613
89405
53893
763
90748
64677
94707
85192
54351
20396
40085
27639
70430
64960
34222
40685
89676
16712
71885
2994
60398
89588
17937
98380
57261
37851
26932
26084
47608
25948
26084
58573
15353
79978
59336
22453
44655
70396
23997
15358
7144
80434
59349
77574
45395
93572
34611
35071
10284
22849
38066
70682
12437
72355
85414
86050
10206
12346
28486
74166
54647
54570
32740
86352
50900
8428
8806
95555
95176
32803
27265
2320
29590
86615
96246
74985
80187
30858
10056
6823
70059
64474
93857
82496
36829
79271
84898
63388
91617
29736
37554
62616
84306
70294
48969
51559
95075
57775
47114
90251
6930
90732
92572
36520
77347
5170
27857
57534
36028
37914
80709
6087
18740
74566
4935
55570
70189
6185
18958
78158
35921
72864
40775
36580
59511
89744
88139
54586
63871
51605
61189
87153
42337
53761
23674
36036
75284
67883
9922
11312
5797
90631
33752
40890
65197
55039
12812
51738
77577
48122
29897
13498
20986
70672
66430
80497
76768
54569
51435
40639
22527
12625
44144
64864
82738
67818
901
58022
52054
27175
85687
57851
17807
35791
15093
99356
90830
27905
51095
68407
76027
97344
98258
13366
68016
64688
10215
61136
35610
61651
18127
58137
90628
62271
39353
73366
46442
56606
47741
98496
83782
33428
72699
1589
69219
87793
17297
76401
15698
68392
61161
8078
65736
59419
21444
50104
40459
31659
11240
76069
9662
29367
50558
290
91639
89912
90009
54433
46518
37750
52929
46652
71178
25628
48241
56749
13421
81891
33150
45472
50283
94311
53550
32372
70082
91346
98828
10542
39357
10069
2963
65372
55788
53522
65662
63779
43434
72023
18212
6304
9773
71141
52957
97303
13122
17550
54052
26543
99441
3555
72015
66077
97866
41917
98449
84301
49615
97277
94843
5325
23698
14158
70697
95839
67680
52711
59618
11114
24735
94183
17419
34508
81676
86728
31812
94798
4278
85864
37694
20072
5771
26061
86149
19990
67979
84598
4291
33946
98227
15486
39271
38278
29644
9968
34117
97325
62680
10087
24791
87415
4270
42210
21923
2299
45290
70087
97097
49569
72304
34791
85993
78075
60853
72142
98065
45184
73092
2356
95482
71319
34194
34754
25949
63839
44722
60066
61164
23754
70154
85955
11169
90776
44518
49445
93075
6160
19532
6525
72081
8188
41316
58074
86264
18521
30216
681
80057
3308
19390
75540
90980
53584
10294
16929
17423
71368
93348
94939
95123
63502
97247
22644
70630
58117
72089
63706
64277
7974
70231
36359
16162
27899
10785
18778
62773
41002
19460
59182
60662
55202
34722
51642
8786
61368
84924
42562
49089
78272
53853
60564
58126
67452
83208
28756
25569
55298
8814
6199
79624
79045
58910
95786
23297
69695
30917
86070
27049
66729
61604
87712
21931
96327
39354
30717
74047
40630
89631
39488
18902
43485
52
93380
10937
83261
38489
52859
54911
47303
75410
34535
42701
34320
46673
65998
20367
93942
68420
47417
60671
30024
51481
82602
42703
7187
29672
33103
47818
19303
72591
83072
62788
72644
76453
90078
72257
14942
42937
43520
78597
18347
94407
21298
69019
57432
87296
5738
51375
55716
69507
28398
2093
20988
11001
44796
28176
57025
77899
75994
76328
50491
75418
55469
39487
68223
45547
11744
99517
4836
71616
78115
39535
66023
99413
24906
23455
3062
30644
74830
58778
16504
3229
77223
37492
30582
22020
82020
87607
99919
74366
80287
66762
49785
35756
6249
18008
97655
34345
17526
18843
22313
11993
58378
88336
11406
99636
11792
14468
46633
2974
89599
63137
22555
66822
16981
69489
5194
99002
57096
5114
73368
53736
88228
39505
5844
10830
73866
19852
61527
91392
38695
83841
3385
13426
72177
31143
13062
83969
61964
76047
3296
51563
39184
25851
34737
56166
95341
39932
71520
68789
61398
44888
22525
65978
746
44722
76808
74612
64574
38336
66004
3269
22177
85741
33047
94354
33236
62462
94676
95200
38509
14324
63115
77694
56527
14205
50212
51868
70489
21732
37010
48239
82972
75887
14217
83718
20609
91026
58330
1535
45714
40686
4805
67891
42779
54204
78597
92368
16666
73273
87568
55176
87597
67036
49222
44125
97593
99434
12345
68082
37518
65707
16321
20490
57947
46890
20561
78556
37916
95243
80092
99982
35930
1249
67873
95061
71805
46471
87429
88472
36096
91350
60000
40046
74738
9222
523
72331
8656
12868
40413
62526
94928
73086
99368
52875
19976
19929
47783
74245
15173
44227
74227
67455
45476
42101
78868
33634
4924
82650
22106
41020
90352
82106
81066
65090
91328
97941
37421
16336
10810
94186
95214
22090
83624
94582
74965
3600
14512
22748
94197
46037
66976
68425
29844
28804
26878
8712
62438
48154
91362
896
5526
81714
83002
2945
63156
90682
886
16929
23370
11696
11115
18584
33786
94739
13167
25103
14692
44031
47852
8889
6420
14828
93666
36264
59984
36896
44976
22423
85050
52691
23319
90577
50757
22674
93522
13914
29708
94408
30843
53079
22457
58311
88015
72595
53050
17534
97699
84094
61565
45551
9336
84337
76731
3002
20601
36715
39899
65578
75490
41301
34621
15162
31878
85378
54188
41752
15644
83896
36161
46488
36975
74970
4799
41343
47565
74201
58877
45264
74648
36795
7167
83984
21132
250
86986
41734
53318
43237
23664
45160
84539
74637
60322
32769
60015
14510
74522
75660
14759
27035
38500
68086
2005
43299
9429
49570
33852
84659
11187
8500
21454
34706
92484
58938
51309
95823
672
4627
39060
40688
66139
39951
15325
42814
89073
91693
73676
63595
83705
88435
90630
22205
56522
8987
81856
82303
58557
15708
66962
86096
40561
88416
37155
33045
63707
88464
45220
64379
9443
633
21420
91934
40584
53097
34748
29657
44790
8425
9604
28495
96860
16586
50700
69734
25573
32556
52038
483
64617
35352
86579
5178
40121
40086
54575
3828
44902
99796
84559
70697
429
5979
62632
57365
59077
97380
3375
20219
22157
12979
48715
35370
45918
15767
5104
71491
64676
73494
71974
45645
8847
74906
50823
48968
14992
21750
52796
76247
21546
37355
46944
38327
59687
25928
95693
35116
23309
15420
55335
61818
44751
20402
97188
90669
52522
18645
62161
33550
92139
34135
79195
17338
25393
46370
82658
56738
84472
51806
32985
6019
89162
96281
60698
65201
22210
72743
317
61871
88163
72004
23689
32915
8759
20878
39936
77633
39523
2097
11183
48014
52585
6730
65353
94330
69452
48011
51068
53924
99818
405
59943
5332
96687
36994
86885
18897
9737
3554
80768
97901
91910
20809
47168
669
41687
3456
78302
97562
5554
5837
45577
74491
12567
27282
68821
82019
91645
19890
35944
7815
36647
12239
29499
33334
65585
16384
68583
75323
36290
65703
89576
28201
86513
53096
28870
44552
56552
23525
42115
62106
45714
4044
52949
74634
31326
21771
56653
39323
58013
8949
47139
94660
37541
92990
44347
3126
25727
12930
78449
62017
78634
84377
90218
81499
37473
35441
26051
94026
75318
84518
72484
21032
88562
41786
95666
36240
79909
68672
91916
54274
93973
55407
65286
31514
48397
9633
50993
74124
38916
45794
36142
33902
30172
42712
15401
83997
78153
57804
94375
69823
42323
83212
90856
47237
24998
2874
99830
4907
71546
91746
59181
81872
47153
24467
13386
11902
34101
80731
86027
89369
26526
38521
23271
73050
81233
38672
57047
75739
12828
51423
61914
71503
34635
52770
18741
75985
71997
18571
80892
59895
26669
40073
41767
90174
80892
71506
2076
31345
52237
4455
20714
78763
42976
43985
51813
40562
99009
25213
16301
11838
92988
94567
83341
43975
47338
18434
19960
35687
53357
852
95582
96378
57277
37350
86552
38169
8856
88629
85867
61093
93084
6581
56209
52413
50567
24374
92975
65928
65939
25628
94118
58927
20195
93812
2902
83885
12246
39214
19572
81956
56418
31507
78334
13695
85209
64887
68217
94065
69868
54084
71510
79304
60665
44071
31717
27584
84798
41044
9865
50737
66672
20335
9665
86868
14147
28919
87105
42746
84486
6678
24702
40904
54537
3036
54600
39746
84275
39169
33811
70495
9605
21673
49800
86622
82097
97869
30559
66895
38914
40424
17632
5586
60759
43649
8806
91259
88921
12264
34005
73407
35294
58707
30663
89831
78095
85263
29577
78723
40784
79740
49218
50389
1413
99018
37012
99862
13240
83923
66757
52154
24347
742
74092
1458
60743
99251
92717
49664
11515
26722
39423
46809
1781
70087
36640
96229
71702
66217
74952
28839
62309
24170
79228
80074
39541
32592
79937
52781
16515
46694
21287
57214
63788
95379
58673
24532
10982
67742
90548
22497
10817
29972
85658
12598
16411
38650
25179
88113
21219
131
16952
83528
24302
12533
63603
80195
61477
59892
49328
77993
6586
70615
51559
86727
82346
26584
11259
93329
94327
1807
32178
21496
48131
34189
34094
80894
72839
59274
69008
94059
75757
2312
93939
16411
31197
57542
96606
92675
17434
45934
87020
40373
16549
38579
27100
15248
81516
54711
8577
92195
72870
57107
13691
37354
91296
64137
18248
64136
39763
3608
74547
15521
5921
68486
31932
53470
42381
44891
46145
59815
7177
49517
16540
23727
4449
59992
55327
85965
31055
63904
78160
3926
37363
8203
57632
28660
72340
75880
9148
28456
95841
83695
43977
18114
68533
92261
71584
10914
53504
34082
70730
60682
83599
3622
84409
88048
63615
56088
90365
94670
19992
84877
14948
73707
93080
72580
2367
81773
64813
27867
10229
60654
11562
54206
78768
80096
62819
66704
91010
16324
786
78092
77006
84386
81715
77767
88786
45330
33855
79152
56352
70199
64029
71301
43906
73462
60233
62626
55235
25046
90493
65464
2052
2056
36022
97172
98504
98841
63877
5866
31517
64663
83959
8523
65401
82026
86290
54188
43708
36497
49692
60
6696
30073
87713
66955
3535
47947
29581
58770
89345
20074
40586
7750
38482
76608
4922
53338
91802
68799
59205
23319
49815
59516
31843
31568
41542
34485
85756
1602
87335
51800
1662
10383
81874
5728
77338
1761
70027
23271
60532
75724
43346
17470
83474
98180
94079
4749
51519
2233
89900
27076
25552
39715
86592
73747
87636
44486
24585
89744
46088
11920
41545
64102
22303
23419
86182
99642
41532
56209
39265
18416
31934
82611
35887
31760
97144
46318
36509
65015
48551
42762
92091
90455
98829
95035
64203
86465
39521
88788
76210
1961
17060
17755
82415
39363
57526
68598
55357
99058
24807
94623
17475
73093
93586
69714
21206
90730
16032
74067
72097
80935
16829
64188
71390
15659
75575
35593
2124
31448
40733
94686
33409
57793
12441
15825
13509
86319
84423
68866
1730
25582
79841
19205
15028
73428
5271
36234
80510
21303
10301
52608
2238
43483
33148
89980
59142
8724
25574
77618
40172
82659
72305
89934
40453
1098
5759
53962
3770
6534
39180
5500
48468
19022
41057
63496
8802
46328
16082
89312
83983
42736
58272
2573
86219
91421
92553
61713
16497
34479
55683
73021
17139
44340
62955
73944
45439
85066
27906
65561
7952
83438
71061
56421
2460
12118
36269
11262
74798
52352
16927
58781
95088
75199
61354
97659
82972
53907
59372
99469
88387
15055
72491
5526
59396
35446
79470
21187
36865
23728
86748
44817
7166
74161
1238
25979
86279
37508
53593
61077
6212
70520
19858
1300
62072
97564
98959
45044
51471
74683
60866
56210
6090
33357
78088
65486
85155
73910
3025
22020
13990
6125
83190
37509
80286
84428
63488
82917
38288
17081
60346
44500
3954
96556
62152
66026
94120
77463
11070
61944
52146
71936
18154
58237
21645
12595
40075
23153
86505
59453
61525
16848
81930
44715
54357
78569
45496
34197
61486
83784
67630
21833
44637
71584
34741
23141
53962
28862
605
65033
7158
69103
53321
41664
43692
91319
54259
120
14472
57117
59573
92349
73965
57855
37065
44674
36424
82561
78871
97911
82697
46501
36096
43686
18086
70837
66828
72048
16051
83785
53433
23209
52888
23107
64874
12933
30778
35485
13053
61602
92602
88978
53951
82919
46833
7368
27593
99610
89929
6464
97521
88979
52966
49969
49017
87404
37158
15845
75804
69562
15982
29238
92771
85223
68697
73997
98156
99475
9483
11209
77429
18437
16539
31380
1357
79724
38749
28950
79334
45030
51767
93207
50361
21085
43176
99379
8489
96687
31576
84293
66249
47559
29883
75372
32782
14932
49370
30938
30759
75205
58499
8188
93642
75038
39569
94999
71114
94670
40302
50449
39700
92069
43656
6414
13154
3185
5793
37995
99872
37369
38640
82473
1280
68524
74197
34062
99808
23567
81352
30568
98772
56203
38756
8767
47593
94677
3766
18708
89347
44068
69157
45400
52489
29165
51814
65643
32350
57607
3638
48574
11328
42279
31047
28961
27155
5245
79375
43315
45164
60728
73883
60289
33283
28992
69056
80877
23669
89174
99585
29369
49595
85094
74769
2084
14259
26583
84080
62962
542
87718
11536
28222
46349
58936
57183
89856
80533
36559
33172
42049
13639
23407
2338
46922
52399
87746
27799
76069
76921
43736
5438
42868
45182
96559
44952
59442
39494
29032
38756
40036
33103
50292
84610
95804
25580
41794
85661
6113
94705
35185
48163
8344
58592
66853
71618
27344
54600
15770
19765
47873
59506
41555
7093
21041
38114
52045
96835
77608
97430
35591
33996
30533
85883
18606
26337
11464
76752
28350
33929
71457
79887
82092
96153
38480
65298
67772
82176
36250
83542
1941
475
59400
43496
7568
80441
81610
59613
77276
59218
73395
12867
9566
3928
15103
28172
46618
42919
4925
74968
76848
76382
54856
75293
88888
9688
40591
56660
91864
76841
56554
93805
93668
15954
53653
1236
12748
35263
77201
6376
10833
50597
19244
20399
70877
50699
64923
17495
93618
69848
92464
86818
62583
63672
62111
51471
73360
19054
24483
65224
12247
81037
75381
5915
13343
45386
23503
42443
80649
17057
48820
7834
67654
84416
44585
38531
35115
9508
56027
45085
79357
64843
31903
58292
28515
10367
26115
1875
45773
50598
83451
58021
47987
75184
80288
77682
20570
20144
20126
17571
37201
85298
41757
21207
69714
86342
59738
4829
12202
32117
66266
7911
13312
98169
66203
41827
24888
92318
60054
70662
59268
43505
45035
7255
35041
41675
1290
71963
78171
37768
89534
15372
23066
31291
36579
92780
33985
12670
13961
46188
61139
80227
54099
74452
94748
36655
32631
35989
28973
92686
6651
4594
52543
68038
11849
87585
26065
29491
59548
4237
67259
65435
35961
6677
13078
72541
15809
47064
1563
29770
9604
79054
26349
80055
69858
37450
16710
2490
73439
45684
95176
96442
50278
47719
64480
78479
51656
6897
24323
27557
11134
7934
9344
47096
14612
22422
35989
30421
85838
53904
60192
95442
49310
2893
75498
19169
40343
92208
21659
13782
54244
33187
26576
20874
80906
7408
15706
48915
14306
56381
76472
41792
64315
85816
5240
78927
24590
57581
9349
10429
11485
85893
22223
60796
5138
14073
96317
45482
22634
17976
75616
93230
51163
2193
30457
48421
25953
46163
13688
40259
2544
6512
82052
66859
92328
3644
62139
33271
61226
71488
60052
72711
73733
82275
49859
78871
12701
46176
40705
35335
80504
32674
28565
48019
34867
75374
12793
77172
21537
26481
17432
40433
32994
15836
23645
41674
19480
2136
91297
80706
73624
51349
69770
63709
49977
19629
58932
62678
82158
99638
14365
79014
32312
59282
27034
83531
34657
39827
60703
72546
82660
94487
12980
32006
10323
52977
73681
46156
55113
64978
26862
45089
32680
96632
25150
82657
32614
84082
45335
31124
72
59700
10138
32384
18982
53524
32267
69991
9703
9323
42538
92364
3810
71870
24370
30486
24847
14403
76642
96312
95734
19856
57753
28414
16489
82903
27423
65455
66985
72758
96579
67058
48810
23069
15794
84144
76594
64414
54136
86297
73737
96674
78661
93899
68544
19384
24385
9743
50139
17379
22407
45873
37236
80160
90639
70077
63063
18062
35532
46400
7172
48463
13458
55982
71532
45605
56479
48126
10019
10615
34424
83756
23641
29437
94007
8537
48821
18393
34632
15313
52124
57039
61186
89360
37199
68178
75789
262
86240
11321
46662
93413
76136
76473
65747
47669
38430
22226
12147
48449
49193
62923
48557
72834
92361
42564
97723
57534
77309
32355
72847
45786
89394
50386
35146
26593
18564
10936
43207
21156
38609
6222
14569
31098
99047
96669
95119
37477
18895
7266
2278
84441
86542
50835
57275
95255
9751
71351
52789
3413
3706
41989
49199
93101
8727
697
36046
43643
27985
95606
64799
82947
18180
95721
14045
17227
92390
9164
71056
27637
32782
73334
12078
19324
40521
85706
14579
66624
57057
83721
86389
60763
42062
35588
70216
50789
52638
22615
94432
80623
18221
75583
63570
52753
71304
93967
69980
63694
3131
57388
91332
52266
30722
19762
71590
87595
5468
2522
54219
62525
2595
40609
39641
44657
92549
26209
11798
45187
48824
22582
42163
83397
98165
5733
36150
69470
99701
22482
49516
19184
79870
57200
71450
26944
76963
59393
14539
98783
61915
85111
77661
80862
25720
33654
41871
34621
59863
53669
79809
25040
92603
21972
24789
90768
44057
77292
76590
60110
99774
26107
79295
95997
99659
67097
22941
92974
26490
53833
91758
4757
38944
69419
1971
81016
19425
43842
15637
79288
97511
11798
4328
90114
50122
29118
97235
10532
6410
73825
70642
22536
16284
66289
34885
32296
33387
57827
25270
76229
28012
33380
97339
83308
19151
99310
64324
38576
43153
96313
17865
57016
24464
38545
47131
90938
84015
60718
1470
6777
34543
88465
29314
67180
54754
64199
99476
4493
38378
41098
97075
82742
74479
94414
66050
93630
10076
30374
32207
53229
43040
66424
26598
83856
4969
90081
74794
88985
50799
76265
95762
1694
81082
41428
68874
35836
21980
84702
56682
76710
25801
53757
59453
280
64523
25503
93910
90951
72230
42469
44181
31622
8893
70779
15478
13863
60860
90272
19200
28011
82889
31314
29705
63971
72743
14932
16160
11075
99634
72842
87785
25435
42951
63590
42067
23826
89094
52330
14777
61324
94799
75310
92946
3693
62441
24776
33908
39653
15048
53108
67664
14290
774
97370
78261
89869
12302
94421
944
11936
83615
5082
53724
42918
68672
12143
66744
57766
64473
81522
35442
75625
73184
44740
79318
35626
69516
29578
75279
917
99038
42944
15207
99812
56666
9820
89682
68968
4242
6978
97256
4209
12060
67332
47128
97085
79476
30224
71203
60301
11746
6646
35926
84931
67738
31596
36909
53607
61174
12188
54524
76564
55132
86083
92729
28150
95903
82411
97118
16497
5741
10727
37059
34154
94411
84187
31239
73887
14411
2442
50541
42510
25440
86467
43793
93179
18064
80702
63138
79238
92890
34014
72155
64375
20097
64884
92525
32352
63647
5996
48850
69388
33075
2261
3542
27486
86448
51133
17726
17211
53576
68267
59721
79016
54734
19866
88547
72798
568
68037
68389
9811
2051
56896
90538
38500
21780
83063
70853
1779
5411
36055
87519
54838
38316
7414
82325
41116
58547
16403
58327
12123
84670
34401
7492
55756
54267
12391
44907
71188
80429
29648
80999
98832
86544
71537
37333
24676
70952
8186
26455
92716
44241
13974
47554
98909
21388
29879
40025
96288
62634
14704
8411
47304
49105
32255
19413
19725
60999
64320
90913
57780
10320
71912
56612
13216
43449
93945
37892
30753
2131
80699
23469
62724
11025
71024
77985
32414
17255
18010
28702
79890
32715
53465
27194
98172
2073
62959
17897
63072
43631
8810
37204
53951
80722
93816
67167
40523
87762
21411
87629
6245
2110
11098
68970
13136
82122
63307
61902
99378
81318
6956
79268
30385
60421
22814
44909
78846
2126
62807
58270
45757
87969
95474
99709
85044
89291
83228
41919
93405
4640
29548
99650
6750
40647
84972
36238
39121
48280
98140
54851
45950
5096
34119
76335
81870
73286
37596
77068
91764
403
35339
37521
4725
47165
37230
89769
36456
36811
31688
46213
41451
61237
45864
64553
18236
47188
792
57357
95468
15284
12209
57770
36733
62680
50457
18603
52318
88054
12023
44082
4809
47362
81604
9534
94528
35186
99303
47336
71997
30992
93550
29800
8581
55766
94354
26817
19306
11498
526
31127
43134
12735
88897
79867
75416
39355
14822
44086
27409
26846
88169
48570
74208
69773
58105
85088
21311
73760
48777
9661
21104
42327
39461
29685
14445
50167
72854
33751
61665
73381
64878
4800
86116
70128
84667
77884
9483
15842
21971
53244
42688
26492
1814
33248
12617
76271
18337
33928
50032
67114
43589
71136
25793
99403
17174
56590
49570
90028
6693
11236
63409
87924
32388
65878
58052
33407
60114
83887
49249
98437
37131
91937
24929
55297
25186
37546
47921
59875
87827
97953
43341
47768
85441
69134
47171
2615
25724
13094
92644
32417
40682
72405
20341
73070
38283
94745
22829
98398
78632
72079
13187
32115
80368
38117
3765
21906
92015
51686
81781
96194
65991
25122
43963
51432
10608
7486
54048
52684
20580
46692
1454
61262
19097
38147
50684
73733
32893
73514
88483
27877
61945
1670
59993
42313
56139
80110
64220
64507
31796
62353
60701
97787
3828
4664
65571
14436
28503
19619
67121
49083
82663
84927
26698
18113
23074
77382
91846
55967
67248
96681
197
29193
14703
60190
87859
70843
40300
52079
35350
88448
30784
12403
2587
34612
17068
68158
49049
45571
87778
32522
11006
70441
33801
54056
4906
56875
31439
13104
29195
15039
9785
29392
60585
40841
5934
48444
28036
62586
523
79738
51034
31307
92141
53621
82272
9209
38131
47673
71132
25909
96547
98491
12703
30348
52547
17609
87223
338
30714
32770
15378
56851
62162
75963
97692
84448
24407
25728
47034
41282
5466
14420
88941
13960
68041
71213
23169
6173
18886
10654
48434
15433
9145
77489
45781
78044
11451
49357
78383
58517
98479
93761
15368
76994
86076
29413
61442
26835
71493
24829
84469
93312
39249
73410
7272
23643
44624
46793
46168
79862
73799
94602
11648
82944
88444
73781
60989
99895
23138
55724
58412
37970
49485
90132
14964
51913
19545
76406
78748
7391
1235
79569
703
40485
52979
7975
64128
13955
71120
10296
93818
44920
21250
21818
44216
9694
95599
5205
9589
35090
77281
84353
73060
26766
74486
88024
95031
10383
64430
90131
17774
82018
69700
18477
38855
22680
42804
2983
52987
13925
29631
63157
58845
67233
84975
3061
76928
80575
24619
2869
15665
1900
87223
5077
45019
78061
93101
56402
88444
73883
46534
6219
55901
32586
24696
11108
55266
83853
30443
24606
97778
60074
87763
72975
43660
72739
76036
20588
69666
17007
39809
1683
35260
43384
6760
80279
21445
16213
36681
26242
90096
99567
32461
62350
32154
73509
73458
3772
57362
3902
28378
55140
80328
32494
28115
23988
21585
20504
44576
91251
53863
738
9286
89123
44122
32398
85754
81920
48611
22436
8162
38707
38355
56975
17409
86861
30484
90868
90634
87847
94770
35364
59339
75098
67858
3807
99087
89443
40663
60015
97046
94526
77105
22684
83650
37580
55082
69404
19500
3693
8192
44014
58753
46548
989
76162
33409
47825
83382
40395
52024
78152
75760
11364
69603
59970
31523
85042
65766
72186
61409
62812
66712
54867
1849
66714
92447
56931
36119
28299
76977
60663
88665
52082
23563
89654
44596
73325
53831
27979
13720
5856
22483
5832
17220
8438
65803
65095
9832
31569
37281
71242
10733
20345
26109
28934
87060
34908
2218
39531
63207
79195
194
51872
47629
23758
57878
92225
13435
11709
36556
27155
33917
59040
49340
67489
67478
15143
32584
77311
63064
86217
64905
90149
6563
7366
19084
9975
42274
37654
49506
21833
16849
66052
90057
80830
6162
64287
73055
19597
92348
9612
63105
26266
85004
12445
93755
68834
27588
42692
46145
7004
28909
27402
13505
51824
34768
48941
61799
93394
86595
27657
31579
19796
93710
37988
626
16224
2275
90034
52174
10976
99646
15279
37242
1002
27724
47349
69836
71664
90041
15982
95020
35303
59736
8525
87127
10857
57467
48927
4251
60414
76584
52183
80211
86646
90171
97189
19223
8799
87223
71397
19775
86869
86676
57017
4223
30752
20718
74060
2416
27112
6394
97436
62415
66130
22313
49542
76987
79780
14821
97591
56547
7758
66126
36758
94404
56297
33947
29979
65096
21171
1376
84871
24392
4404
58240
44968
35156
95311
19028
53924
22423
25422
51360
84838
91552
73674
50732
84892
69806
65554
98835
26353
73312
64961
79463
84068
21258
29763
30400
2707
67286
31776
3930
8030
52533
78523
52998
4041
73834
72026
57966
12609
97448
9326
97447
5353
99352
64531
90245
85511
30085
89080
11864
19749
70393
7680
20170
91651
37443
50570
10710
21081
98698
14641
29111
51231
93164
82110
55273
83350
70488
13239
95959
84289
38917
9758
89642
54622
74289
96239
40133
20727
1671
68349
56828
72064
76029
76998
80067
29824
27568
90778
50905
26267
21771
96369
77498
31287
94831
49123
14637
81671
78714
26948
65960
17632
36706
55602
72254
27347
68193
12387
48074
86216
97088
21255
58280
73118
98253
54700
19294
25822
61830
86552
68441
83601
82921
62291
31240
94104
11415
62229
75775
6481
89177
41736
24113
42235
13690
12719
69582
98236
41458
34009
84452
38547
55264
59085
11665
69869
13785
47311
12043
91967
33863
80484
75568
33136
59128
23160
27240
86895
85389
19368
93376
90918
61104
17490
33153
91146
46561
19087
89382
88020
53096
73835
26567
24712
49272
54584
94582
63057
1895
22977
55024
35759
3462
46944
85247
78942
86456
12488
65837
71845
48208
59213
62763
9312
93055
95916
16810
55969
31355
6193
43989
84452
96380
70556
25516
62004
41492
36450
41413
43387
59428
96437
95498
79242
59733
97098
58184
46189
25938
40373
34386
74146
15938
97149
99810
8994
9417
16620
64963
57124
39165
25304
41576
51897
12212
83445
13901
53704
36247
55314
13443
95675
68103
25294
91269
44188
22392
65805
6729
48330
6178
41115
22476
22117
54616
22286
47463
80385
55258
28778
37510
94424
54082
95438
46321
66294
95235
60223
36350
31483
31889
49793
43510
99993
75087
34780
44181
13831
16937
50911
62161
39468
8378
989
61585
62995
23275
25400
59732
94886
70530
97242
89310
24612
9033
51983
7258
4268
28558
59960
35751
60448
26105
79262
76793
17545
30394
37326
31376
47331
4589
9890
86799
12968
10879
64736
92315
50507
6488
52047
45393
77018
65642
34703
17982
74675
3038
41592
78943
31597
1552
31047
92045
44010
10309
85190
61555
57055
22516
92931
20738
27106
2821
23890
40074
13701
4978
48741
80560
11467
17140
25953
4837
82782
77008
39172
73809
80046
80764
69105
11643
98669
152
20040
42679
26813
5230
4234
83868
27747
13517
4606
71205
32691
28496
27631
62744
49827
76372
43304
61294
93512
69257
82483
92647
46265
21655
66456
26311
2420
35561
54307
17441
52065
74347
76472
78878
79578
97058
79098
23677
10575
83705
94882
59618
28553
22513
22362
78380
15237
65666
56026
8749
51275
38510
1396
97540
76517
84205
40204
95289
36118
94511
12730
88184
68858
5554
67062
64788
2612
46161
4817
29540
46218
99699
89158
91123
38564
27873
85856
53801
93539
41882
78903
44815
96744
96651
58707
73262
97208
98911
68551
33327
93422
97634
21511
78633
3188
4925
43421
5801
51086
48239
51693
13656
64290
40851
4780
19207
68724
90636
73008
78616
48870
68263
39783
61967
81267
98490
35229
78475
13754
20132
11802
7176
17766
33313
2161
20955
38239
45583
43108
5677
10174
94801
19334
74464
52004
40466
10023
37081
31102
99384
15697
96324
67647
55480
58291
48914
70322
93520
27390
84076
30005
55544
7605
47771
88858
9766
85078
43449
55349
44538
49126
81875
39339
84812
72692
7696
25278
82715
44777
72732
82099
60474
69057
49747
32306
27348
15013
2628
37221
58755
86705
67226
14300
94310
31349
19510
4076
32780
79311
75778
77318
28437
57653
33010
29602
46697
40706
54880
29413
85483
27613
11512
45957
13022
77611
94615
40370
8977
97243
93943
67732
300
77521
98384
94610
8871
17894
15039
58003
97205
90817
35321
41995
64822
68331
71597
11520
25389
42829
57285
10872
86794
68797
73181
99816
62761
67796
40187
71738
65040
50482
39470
65340
28004
37855
76303
53227
72101
91342
11230
85659
98511
46551
27654
79685
31235
15603
7557
56624
58432
64842
83849
45227
49992
57030
45043
29105
24827
1582
843
6219
68417
56665
71559
96421
10872
64214
66000
82974
71908
77230
84985
70419
40133
12639
66457
87720
44594
74014
60697
3026
55209
44546
64605
21553
1576
26001
50658
42755
43935
67853
48974
12352
24518
36886
25125
35391
1100
7477
34717
73009
1059
19702
59780
41193
48693
42589
45265
93287
32956
5962
12665
88165
66860
77271
26070
68437
19624
93080
27544
63559
60933
76519
92264
1803
29757
33741
37194
30857
41219
88263
20218
42278
24317
96351
99823
73010
38940
61441
66297
71896
83755
95315
76413
50616
88938
18835
35405
8562
11915
62949
88473
89200
39468
97089
91004
69225
30831
44550
16435
88402
49166
53005
47032
73483
65708
63208
46494
4649
24649
29143
92897
8404
24458
85663
75372
13396
4498
10777
38310
32766
73727
26784
21966
29547
23873
29322
15125
71056
90225
47912
59458
39391
917
22843
12874
82978
86051
75720
87627
27052
4864
96876
51808
45674
82539
27181
75423
3390
37958
13733
36156
28037
40517
74474
57585
80743
20149
89062
51799
10374
36974
27610
49765
54243
66805
78991
37221
52856
54712
41200
96260
75928
38077
48068
21602
36968
75249
97025
40358
29560
27111
92866
73949
67628
83693
47886
48371
3842
36948
16523
14216
73922
60485
80333
28166
27290
59324
81739
96498
30388
22940
92758
6316
77369
57178
44271
30689
48780
57648
87400
78340
84759
80266
68641
68740
80311
16528
33463
84153
53476
49986
98369
43751
26823
78702
88269
54113
38027
70008
66963
68415
9300
59721
91084
3021
16900
51707
33711
65680
9355
37463
60372
10467
17729
29013
79207
98041
61893
12670
98546
15370
79009
96916
59121
5832
91970
63742
76298
29997
33750
43261
14765
59403
19335
22201
62424
52587
73908
12487
18267
99615
49950
94991
10082
84032
40356
89289
98425
2250
18312
96971
33972
13673
93887
9445
35857
85858
73187
12155
32207
23289
71769
63324
82692
7456
1877
45117
60043
75785
73956
94662
75401
23907
89653
1835
7939
46361
7477
6364
64963
25789
3335
98935
39462
13575
8380
91671
15785
81567
3827
64344
4857
91948
27669
3901
99404
29546
49018
75799
21684
39327
70461
13437
63234
76466
15272
87525
22827
22749
93889
87791
64890
13576
86726
20704
43503
11459
12376
75640
9378
32555
39985
14235
40855
84006
18137
40259
29904
83507
16058
51588
22834
2871
81377
2420
79337
96650
89945
18516
35751
186
6307
642
30115
9386
21346
73618
37197
50074
49259
46575
82629
5596
60811
23484
89602
95300
80095
19506
95159
12505
87447
34346
15376
68824
36766
11065
81826
43064
29582
17578
43250
52241
34572
73365
61627
72270
63336
15176
22345
12595
61752
21326
18191
38915
61163
24145
34215
41258
43651
45726
53764
47450
80072
85492
16275
16839
96558
98101
59903
42492
32031
19505
94733
66603
92871
72713
55226
72559
87889
77571
85154
49641
15249
19697
88556
76412
60194
39123
17671
3845
84850
87787
67648
64922
89631
83923
98113
2541
98376
74368
45033
46760
93874
39767
29715
3097
12480
84941
75656
369
78864
77162
66363
94114
13211
54919
86878
73405
94043
20901
93602
78893
25040
61250
60167
14672
61525
58281
17213
76254
49001
62247
23014
42875
18366
52729
62324
30846
54023
54332
47567
32887
31494
13930
43353
61057
85202
46584
34462
79245
67485
44417
74490
92526
22019
51009
23550
83545
9290
40763
76151
74644
19362
99165
33871
54080
68246
96196
84926
38621
66880
48846
87861
98375
62776
47566
75784
47978
94150
26599
43575
61636
71016
34417
70514
9387
85427
94064
9284
11069
51179
85435
85713
70542
952
19585
24622
85551
32133
25901
24172
99013
91099
28385
13740
53875
75952
89525
18206
70102
32476
78133
48090
19844
28903
18604
29231
14330
12668
38516
41751
63848
23951
43817
50742
41256
79754
91716
26807
11887
33969
50979
27252
25068
95717
57345
95296
71669
63222
29854
41771
95698
24339
6214
15542
53242
24818
44773
83924
53839
99641
25676
34039
23593
85845
1133
64849
65599
9201
91656
93838
59523
58987
21090
943
54704
94787
96239
42725
58009
42445
849
53707
83137
7063
85601
36379
48233
46727
36656
18424
46368
78684
52463
69961
64529
69948
51162
30128
79150
59170
23966
55025
34510
61408
55968
5566
56196
68560
48292
30557
11005
49141
84265
10494
72556
86218
46874
20789
32945
83530
39214
79314
78566
8029
49275
43095
94330
16790
73223
73480
75960
13541
44857
10470
91301
825
16037
63849
69385
80681
94407
96743
46174
78672
7237
18730
81242
70463
39519
14188
70345
95085
93502
48911
19467
59129
92006
13797
75919
81581
3629
51880
11474
48486
78702
2776
49311
11091
82977
35049
91772
77384
48144
37946
72408
71733
73028
53651
42197
28900
67839
12542
23985
61341
77806
59804
36822
69812
73601
12742
67746
77230
80974
95572
42068
76028
14700
91380
87120
97678
42781
95244
75062
90925
49543
47471
62658
22571
17474
21207
51471
85313
50102
91809
63006
27908
51613
99828
14072
41567
28922
98170
18797
9896
93743
77218
85925
8443
84950
89397
6121
27731
84641
97536
35008
50536
61359
14018
89460
78833
35226
57283
80498
85328
49092
59856
29588
17058
76036
43660
74977
4959
58183
10126
14855
51926
87344
17132
60369
72294
6529
82843
25
7523
80379
51385
58059
58090
65404
63871
36923
16982
21155
33773
18662
86599
93629
48250
3657
86017
8262
94986
90976
66445
5113
5832
34723
92457
39316
11445
64752
45846
94288
81129
69721
91019
32515
27780
49109
14271
91652
2384
31253
29159
52509
66267
15758
62490
30869
35768
48507
55483
30754
39484
38281
35867
61668
73004
28325
984
84449
9429
63182
78737
90558
32903
86108
39425
77036
35217
53696
85040
53953
1301
14199
6462
67568
46309
68952
14789
82077
33812
70273
12832
73296
8554
65051
34964
97910
9728
52300
82360
19157
15483
77449
9716
64738
63558
49141
58126
15127
19190
43166
85433
20491
73717
91895
4412
20027
77200
35553
2104
11012
5826
31288
660
30732
96340
51976
28643
22420
4276
27355
41578
36111
4804
51294
17202
84714
16787
75328
99842
35977
18495
1627
72821
8564
93522
93585
28591
87074
29138
47048
14438
51317
78336
31450
82049
91028
83426
27044
13449
4055
54399
71379
56518
75556
39025
73720
60270
55812
65401
76464
8142
248
78091
97315
8812
87966
90900
53756
91392
36390
804
22183
87707
95492
53633
86109
2873
53412
13153
16322
57467
83905
4053
30337
59461
43078
20410
36083
98890
85811
12548
23384
86059
6991
20699
11223
94957
27951
64979
86350
64342
65783
8533
68401
61276
78518
70862
80501
31930
84016
96823
89397
84273
17228
36087
60086
60306
56497
96169
59196
42308
25069
98933
44719
32061
19632
72294
43370
63936
37274
29720
44630
19409
54605
13031
97037
49476
83894
77538
81406
84262
90713
87156
84887
7941
23243
44973
68247
79740
57494
43796
38400
82564
42729
99471
14625
78713
71765
57995
59001
25391
4068
3631
44801
75025
16663
41838
40853
16909
35729
22260
1171
26442
9416
2410
50736
49011
47383
18983
45103
4877
79131
83503
87441
38212
99326
18418
33278
71091
92766
92279
96483
13186
95911
57636
4563
28926
15826
45417
45835
51555
67677
63358
94350
93445
65768
45086
58808
29503
80421
3911
34380
75905
3766
38174
14117
3092
72944
63747
74183
65710
56027
87018
95248
68290
44654
99812
97216
60481
61581
59403
28388
29258
39113
39090
39055
4881
84176
14215
50736
80950
18126
85116
56855
21892
39642
87324
41336
12587
51072
31871
94649
23451
18890
89898
91741
79896
6062
5309
56729
67643
81064
85118
13253
20177
24208
68660
41410
24737
82875
92146
22039
1001
93614
78894
39245
33257
82570
80581
45844
49994
28804
56845
89797
47694
63095
81538
27591
69157
3199
672
53152
84263
85790
82757
20792
26351
51417
62202
67440
34292
54348
89479
51645
47963
84725
7242
97572
83647
4175
59768
33642
32980
16613
23439
97026
79709
21330
40969
65218
40881
41642
34723
25145
43784
17480
62289
86487
68898
24492
53927
19542
95192
43406
87540
43155
44483
94782
40727
28131
15310
16847
78125
64642
33461
1564
61668
29522
39246
18990
94740
80128
60632
29463
21625
4416
63296
83914
90904
32194
8406
61183
51736
19951
20942
55628
79458
65425
66763
20186
9908
82073
37033
88033
63067
86846
89598
24735
16368
45196
43725
27461
25324
20709
73276
46949
41478
36572
30864
48734
85118
55622
9917
53207
75573
47211
8835
55032
12637
75598
91570
38897
74023
44955
26931
37090
48154
32881
78178
80874
78077
38255
24687
19754
58965
14316
66703
443
50888
13919
49177
52359
85894
75446
5566
77819
22658
14401
49203
51647
6352
57125
90544
80375
18433
33827
17466
66587
66708
95644
47461
61138
50251
88501
80892
9216
2817
63947
26011
70057
77867
75188
22416
80113
66987
27982
57932
89645
58736
7136
41292
65088
64261
48188
45463
99046
82016
79281
65633
65076
91277
29447
26214
41529
17948
23458
67097
37117
87406
93109
7174
81625
84649
29591
61738
51636
57573
19670
41281
32661
43158
98925
97749
23772
47114
59565
22818
29130
55198
88452
94206
46476
34251
36773
4357
68551
60231
71454
5668
63989
80915
12842
45614
65565
42433
7352
17201
16359
27023
74835
49020
70181
73760
63122
93953
37226
22687
16772
82708
77885
21576
93267
40713
72179
30040
61422
40730
6623
32877
46398
70613
30144
75592
16227
95709
18026
23580
29263
34385
66955
4098
99757
53488
94210
62879
63794
31437
1918
96918
14145
79804
34846
7412
36869
7025
53804
98292
47755
60428
47521
10505
47393
77665
86097
63620
89727
20475
3552
18990
71212
86859
39440
70970
40348
33650
50201
20494
81439
52120
17412
11937
48276
52258
35701
85145
59283
89506
99789
23390
66286
47310
33895
13679
41328
36344
93651
31055
56820
13556
66397
28032
415
5837
15354
57115
39487
65556
93961
20927
17676
11373
49216
65952
79983
84917
67449
55618
74423
67239
79008
57061
30901
29255
70740
88581
65600
80744
19636
38772
94300
86033
66804
11067
91870
82159
84535
47710
47715
78496
84989
81743
6222
34205
47695
86205
19122
15144
41824
9898
98735
37184
66959
29637
66440
54052
18218
48392
51148
54207
87164
61800
56592
70320
89219
64815
68831
73754
12525
32898
68603
97514
14641
74825
48071
78688
61030
83545
93833
19206
93443
92568
56391
76755
38557
39183
47159
73128
87575
98307
27335
91091
76459
83927
77763
65678
48742
62947
55785
77619
95845
24388
75133
26839
99213
39556
5527
76595
23102
15712
12154
32897
24633
68545
26004
63190
24080
73163
36318
28007
87822
80005
19098
64281
63933
13213
46312
29027
76160
2097
6647
88358
26485
98132
31549
42050
37689
53428
34997
77143
69141
47151
10040
93774
32048
36045
73316
56128
25560
25987
84135
29735
22344
19585
94016
86277
49151
56680
31657
25311
58777
38304
30021
85262
52788
77922
43664
6829
31351
78662
83972
492
25813
10365
10618
57862
46410
286
13990
88322
42625
14478
18057
64970
34063
28426
67599
83214
85106
99256
24878
43884
53912
71251
45498
6701
49174
89163
13530
80525
67825
13855
97369
9990
24220
24339
67852
86982
40977
98195
75304
83603
29025
93362
48573
63088
21788
32524
62655
23246
31781
3885
67130
2045
91488
12629
8746
40662
1792
38629
37539
85969
52484
51260
95959
93056
75599
80164
80038
16577
78359
55342
16532
23736
65056
81457
86824
3196
13981
65831
26443
62114
86068
93573
64160
77557
22554
89258
18219
40698
27887
72111
26667
96723
39723
38979
89779
15323
19143
69817
48252
13854
41512
81136
37590
6568
62593
40766
26117
76574
22950
52560
38689
9018
62485
19201
86575
85040
8459
21147
42090
52699
93258
85110
49422
32981
24089
55554
64656
59584
41723
29260
73438
99587
10396
27380
22508
89341
84498
48625
65916
7448
1185
20957
16467
63670
56510
3042
65062
64969
24189
7153
17668
33799
92263
83443
83133
16352
55349
64141
92288
97072
93402
65726
13012
20150
9458
35520
9492
93956
84145
91760
1405
85330
29069
17872
65352
85579
37266
30415
50548
77808
53920
84569
27959
46183
84364
11092
78887
39713
91586
71175
53137
84988
53253
66149
5138
62711
1669
30982
56667
2166
22742
74424
87496
51811
8648
69201
53742
45915
15968
20643
40075
69888
5212
84386
16071
89576
95479
11310
45641
87065
82485
15130
88405
35738
81280
9895
14801
99301
57230
71468
17820
79972
62245
21668
48136
70893
90869
1878
33160
6837
22521
73235
76725
44085
57622
9148
50013
69453
20458
12006
72870
2943
27137
77627
55033
24769
3874
69834
40422
61104
57655
58242
41077
19900
79911
5565
90793
70780
23795
23954
77618
62669
13541
70695
6754
87515
79844
73120
73320
302
85126
46190
19598
12263
40169
74631
37032
44044
44466
77455
5148
2121
35697
62577
22021
31960
68142
29166
2741
8290
53120
96711
70959
83014
83758
77713
70529
63602
67185
43850
80257
52312
6392
99855
64575
46562
90838
17960
90606
35304
95415
12106
53777
47464
74684
75798
79425
59178
21317
98518
67468
74437
11581
54779
57451
95339
48845
44333
75294
16030
88183
71903
68342
94575
71758
32918
57489
62596
50878
64447
14253
62645
76554
68030
26461
67590
60181
22238
43120
81498
20756
10589
72287
48689
65368
46091
60381
14213
90424
52027
30244
78607
23930
14938
89534
12040
47856
47024
90988
15086
11471
5241
77731
4377
89624
4193
71967
66157
26431
15088
64007
63540
42029
36294
28581
23749
98737
88962
54315
89161
57341
911
67768
81271
15849
73655
9663
80058
20679
652
95144
48502
22245
89228
52880
28221
93421
41199
94378
36204
72639
58385
16096
31020
11032
44678
71122
9769
49992
25437
15283
7334
42700
99403
88605
74901
73058
14621
54959
10089
15273
66456
58592
53870
55684
27824
82092
65457
85375
92822
1661
74367
51208
17758
5387
78592
78788
92861
4713
28780
34650
19996
36114
77350
19400
41072
68604
8810
55693
23563
18900
70966
6371
93844
24836
62055
38020
23280
27512
23395
16103
45526
97762
83663
79636
19502
78607
58424
28715
83320
87204
63366
19669
23319
57068
55421
64391
25672
64231
20084
65588
83131
7402
71959
93327
48590
34015
31347
71871
77879
54743
87974
39757
68857
87989
19393
4711
66596
77817
33427
49916
65022
13145
85937
4693
70213
41358
69084
95886
5590
5520
61474
5073
12922
33433
98401
77864
83800
46100
49735
78032
17195
54061
17789
86053
42050
37183
7116
8646
31352
56895
74915
12726
70040
60852
33771
40254
18563
2855
52492
24153
24727
30318
45578
54001
80103
60331
31866
80256
6432
81601
58288
23627
52015
76077
26032
10417
29612
33149
35416
77317
6396
10331
6395
76437
87535
40167
33043
6098
59374
85535
46603
84102
32205
92182
38103
12308
52513
69969
92564
75297
67923
50852
98925
19938
43282
24957
30355
89246
74458
65771
82915
80855
92454
89311
57292
96342
29478
6687
2440
88852
8574
65396
89306
40779
57578
27410
53087
26443
13731
62004
1741
81654
29208
17018
17944
88842
41975
64652
94441
16434
30423
77356
97289
39230
66667
70933
35572
12497
77620
54364
17702
86194
19760
7008
43325
93690
34418
96412
20134
64502
74768
38227
46156
3977
55245
80453
92819
13572
45105
3612
46358
91880
80969
59999
31110
63988
30932
66682
76486
24904
37399
10540
27450
57159
17548
70775
50850
68319
83540
87336
32821
58308
25563
95329
62285
97160
75782
71457
27084
37239
75069
73443
29120
72390
33442
60230
36379
80727
43265
29217
21983
80664
39757
49434
54175
73657
20209
5025
41976
3749
92361
91149
62058
34276
86479
40695
47788
78613
28504
91225
15853
19926
64668
44973
8668
14462
21555
61399
11541
81172
90616
33525
78188
46725
82959
32364
36735
19520
37389
78711
23270
46103
69861
1680
96731
72692
58727
44520
51305
3584
52097
83510
39862
16765
44835
48530
47579
66391
9930
59121
63915
16898
8998
42104
79976
8309
74468
16711
27829
28209
11774
67451
90664
97987
85483
87396
70679
44211
48268
38337
64147
365
38199
4009
33482
83035
52539
81061
65778
78821
56534
29693
95720
81884
71797
75696
90193
62617
8759
18023
7179
20533
1826
97843
18521
87310
85239
5552
47873
49859
60241
28372
50224
98441
32381
83706
81476
1272
81120
47254
80094
54006
93299
92166
35891
81449
84214
26084
44066
92973
60459
51245
29858
62286
65441
64731
65948
50680
86636
13821
16892
63229
58545
67116
61670
90926
67175
59498
8550
48295
23104
4996
18653
16404
97162
54544
97853
97728
80629
58271
7053
57440
9517
53264
19726
91310
17995
2026
58342
20983
32199
75234
84213
90744
42351
62235
81670
25878
21734
6573
90525
44838
11569
9178
77594
25084
63723
75447
22812
60704
33719
46218
18144
59588
99482
37871
50898
33829
39897
9240
54813
72097
84475
39026
79193
43178
17613
60864
69056
39347
67437
75933
538
95358
85111
78132
20442
48834
53580
43255
9538
3651
5825
27683
63239
5307
81906
14137
39136
38155
39729
10301
26604
40556
65679
5798
83734
83293
83014
69142
22640
66803
45075
23178
62161
46539
17663
82604
95373
71243
42211
21264
74894
48036
65299
54485
69695
63557
84974
8831
1712
24703
35485
44669
81612
1164
66819
81698
84457
49833
50841
23450
16636
12268
62980
95149
58807
80643
77753
70533
68238
36316
8149
59484
84352
89800
13969
70399
53357
15295
79231
71421
39999
31068
32442
37963
32232
99261
19661
16690
49094
70502
56492
82082
99123
19472
77232
74282
116
71337
61167
84706
7654
69316
44191
8358
75468
74512
78758
28825
89808
74341
16599
46159
5409
49041
84122
37641
48303
3783
70683
13749
90638
27175
95832
89761
46648
89416
80395
63116
60753
41563
47822
68407
27231
8365
93118
2700
82878
71876
47877
89038
62569
64476
35197
67978
29870
19319
21971
78173
39454
92655
91922
30092
36182
4106
36205
99182
93522
32953
78650
70628
74516
42825
39035
18099
51190
48505
37151
50420
20381
85029
39458
82950
65857
74655
67280
95727
10326
89252
90252
49781
98259
98527
96225
34441
2633
48783
49976
12508
81736
28626
83136
72604
71451
38523
90703
38994
3381
27855
89414
23762
29236
28873
23065
11445
19880
90345
23525
46559
95949
13777
12692
94208
12304
8917
45002
31290
57700
11330
60150
55788
56308
59638
28392
27760
14513
35448
83106
17894
79655
72520
58009
8891
17745
97426
36688
53978
4123
60213
537
73
73991
13229
10633
2647
22146
71987
50289
96199
83317
26791
68339
39626
2781
96732
83738
17295
32180
83196
51541
11835
72068
25902
37078
89814
23328
73766
60144
27452
33980
60681
43877
24323
73910
70862
43322
12408
42850
9964
24959
42519
36755
93299
98497
39537
6383
98587
73184
54915
81783
24725
83102
70204
50628
20180
76370
90308
10298
36514
34112
60630
97195
77989
1305
87457
65204
44628
16217
24406
54592
57529
66925
7699
50828
81775
47236
73563
96714
20420
44830
94850
61498
27932
65054
28478
64464
41424
18786
91114
77938
52899
51745
91485
47240
69402
78942
28796
14030
95159
53202
84974
52688
36480
92674
19868
18255
56262
9783
14969
76683
54613
26171
54533
98897
91225
83011
63361
32649
18149
54476
10587
87400
22573
2072
50993
91975
97366
79789
22358
8878
32992
7332
61566
69472
16358
97787
4079
72621
7570
35400
65656
78536
61572
20189
77433
52797
3200
57147
1799
37701
11623
28738
25102
50548
30811
76095
42523
44529
55884
81233
53407
5228
88566
14974
91052
21276
29113
11483
93897
53035
63236
59553
31571
24808
96094
25357
93957
15646
82504
12108
53348
10479
40847
78450
61027
71658
70897
19902
16187
43133
17488
85947
64714
6054
921
55766
43682
46386
67250
37580
99421
46838
13485
47345
71646
9580
72702
81955
25226
71558
94064
94926
82037
34911
89728
59416
22921
60625
95670
55460
20111
13158
41407
84825
35564
58680
40591
79247
5066
24193
33179
20840
71031
46664
68185
59029
72596
57239
57337
14175
28797
67753
9101
27186
2664
98830
2954
41937
75807
98624
13749
95918
28135
71509
80743
63699
30189
37687
59298
51608
78232
92477
88800
65616
55494
56985
40997
28090
30576
98334
42265
59373
66087
67719
2911
85103
66549
5865
43392
42356
4489
57142
54627
48976
45003
35370
12676
91544
89409
88326
43152
67642
97156
31952
49610
52650
5289
90607
97092
35865
5294
55710
11590
87733
23429
14501
89189
6330
20366
32581
48686
41208
6075
3313
90184
51078
55036
19212
42623
44445
23891
2127
28439
21047
50432
78049
73697
72073
85009
87141
24291
90303
42851
35881
78036
66280
66735
67225
72610
3453
99807
37649
44661
22234
57314
51198
89665
12350
86762
32288
73148
10653
50767
1587
31700
1199
95989
21749
73273
80998
8891
97564
71301
51742
49797
65689
34375
16532
32915
23337
19986
49074
60986
80999
87660
34653
48549
77325
63355
35312
9613
36503
45965
60381
54443
94018
77932
66784
15767
67557
47782
41010
65121
35435
92753
31271
1124
43480
64155
50391
66817
84141
15817
44156
81493
3478
78809
30042
80803
58516
65354
90417
95020
27672
67150
65815
21690
61434
32599
37457
28992
80381
94820
10465
32168
87573
41736
33292
47405
5892
36
30574
6385
15853
91082
87878
19331
86243
17921
135
44760
99627
6904
39780
27299
90406
21947
48989
51840
54546
2799
80832
51279
97619
91298
83447
1544
49386
33091
65301
55278
33127
95875
61664
48981
86958
65894
84664
73201
167
84799
34313
99795
8055
74093
43446
98461
96040
8788
66654
66938
27939
47486
18217
41910
55136
18016
59806
4523
51108
25107
76153
587
37334
54169
65920
40644
20064
50585
30198
20231
51736
64511
36378
59792
54957
79825
74605
67349
88613
41259
34288
16552
5098
52505
58462
60234
86874
18268
81109
37982
59727
57263
54921
97061
11432
20842
54058
31496
87779
84256
68080
55867
48767
20810
15659
20076
635
6617
87426
5600
47876
21714
22152
69326
90571
96966
29561
77445
31586
10670
31779
91313
84285
86701
4727
95718
23895
58785
43566
28026
59393
27998
83893
24512
48809
15905
44589
49444
22522
32015
55045
86750
53729
93549
56077
44300
6868
1990
38098
38454
29012
69877
46120
13298
72930
67199
9016
13177
25984
68934
41203
85377
96933
25097
26241
45742
57354
70830
11538
96228
2845
82935
99330
72926
92837
55407
33579
99705
73749
71677
54511
2762
41554
16983
16060
30837
84182
41428
44014
26518
10362
85218
28247
23647
26667
54489
85741
373
25319
97280
96601
28165
96567
95931
17443
89404
67691
51022
5461
41440
22699
59973
60554
80606
93308
92966
11443
77491
34394
71809
4009
61109
73379
32257
1108
16398
86746
86850
16771
28417
482
13372
72934
97049
25656
90378
2806
93347
41400
8267
51139
64100
84592
28046
61058
77901
21012
88853
71744
55407
60662
92105
32868
34042
24362
33976
50440
27460
37178
67212
72230
37660
96936
45164
51062
38944
35542
70220
32291
93295
94839
99783
73747
79432
27829
34805
73685
48841
23658
61781
20600
84320
53886
53468
34714
94601
3797
1507
22061
40975
68719
94291
94988
82007
55808
46050
20952
7702
32622
69595
997
27461
85730
74744
23245
13559
9549
13282
78753
49559
75063
15705
50232
28950
85526
1298
23551
89323
2805
61964
46650
87876
72608
41638
69884
28416
4040
7188
52470
36662
76783
53468
64124
78866
28212
87369
92425
54114
652
87530
20025
92067
3236
70257
21017
88762
71556
60920
94437
74361
39237
41087
62238
11845
99078
48474
56613
3118
55662
9083
56133
48797
78903
36609
27663
7116
40330
36441
77582
40982
40323
97607
49402
43559
84217
86771
48673
72125
47692
43110
62838
3281
550
25076
31478
99628
89902
88091
19098
61916
13526
75231
10714
92430
28192
54729
15898
68523
91170
9832
25857
47846
23791
75259
7757
8008
62031
56431
96485
26075
15893
59324
29356
32795
752
60834
32423
90655
65277
67874
52571
78803
59457
79637
87585
87650
34367
19835
56173
41889
46019
82030
89735
69811
57290
97493
94171
19321
53924
90657
61748
86169
49981
91104
18965
50733
51938
67740
41388
17215
35614
10312
12370
95072
89949
16308
99074
24316
52495
55247
66206
98515
37277
72293
68326
10919
69786
78849
46592
40062
69506
8340
26232
19487
99444
61549
86573
67734
29289
44313
1301
81256
54625
30024
76328
44575
62684
75402
85243
15179
47001
51449
30046
630
23743
14724
11550
9881
93574
58142
49944
63080
82835
92528
98920
98631
54077
1845
82718
99718
46158
84019
80974
784
30395
73654
45359
93079
65408
30602
8259
12409
98404
54657
13040
38499
69382
40942
64732
62956
15436
14676
42388
98271
23556
57660
13255
93985
59505
95973
93704
5664
96344
91030
6448
26740
81037
68159
19819
46445
15113
44430
75207
29869
99088
4599
84720
84822
45541
49453
47778
77329
64129
6518
91953
4038
64179
5208
98023
40036
1181
8079
45700
97525
99110
68500
24265
80147
53011
60437
42944
84477
4867
18151
14346
20307
39102
99067
5129
84643
48520
69259
78325
29001
75778
70278
33039
56309
75486
47415
12697
93019
55494
58398
6896
70956
43250
47514
51103
12614
7951
10400
97091
29170
28551
11437
65830
67654
26856
87311
68649
75376
56571
46974
20730
48701
33604
53769
21362
9090
17536
34059
18461
73031
8809
25358
43987
52060
72872
11443
81026
97175
21843
78117
42697
66746
89554
8527
50752
16411
95839
35754
8139
68762
99080
28869
17463
32685
98991
38825
58127
16527
89236
76589
5910
98046
1947
66250
66458
91171
94045
47484
4698
32240
25601
47395
98986
31507
72275
66091
47918
68114
1845
72410
53228
17277
1279
70691
49962
16622
25868
8090
33150
15104
1031
55412
13150
2978
21662
95960
10501
15707
43444
15199
47947
69045
78946
63286
553
51221
45729
64823
35687
63926
37233
88915
81203
54865
75958
47518
71487
1826
55608
20989
16931
56639
76402
46433
75969
14416
42394
2822
30124
85838
18021
94423
71236
13319
74061
88141
64541
19790
69316
16580
83716
22902
5496
64920
94119
81454
12438
65606
99633
84398
2948
16564
57389
79350
79349
49710
93766
21743
52532
40242
23934
86905
34666
11522
224
8727
16015
81117
28518
85331
97698
28586
24585
3194
93506
18704
1000
22296
84311
633
23046
87259
33549
80435
82961
12899
30145
76727
50994
99029
33322
91280
85934
67988
2802
86159
93067
18817
67276
37937
20501
81326
66524
45086
84520
76382
63791
1873
98679
64454
2506
38077
51713
52408
18513
51026
65307
65010
27753
32653
64040
61075
23934
49974
45415
43088
52485
38483
61906
36114
76420
98759
17440
59296
43845
18313
35679
7636
20186
34358
88442
39044
72435
40155
91452
7300
91181
73111
88663
35287
5765
52703
12714
46051
19029
74482
89139
71515
12965
67397
23981
5737
66156
57773
65034
26354
76086
713
50342
12624
51423
38785
68021
40210
95292
59473
63863
86474
48937
52526
38113
71054
21581
67179
17105
40610
41661
22596
28477
70978
89994
52458
76716
72502
10232
58102
98856
2670
75167
65551
15295
42942
4336
99668
99504
99628
75493
63367
2454
24430
32245
56919
95484
53826
24099
28941
94437
65760
51538
39266
36739
57884
91725
29807
30386
18309
4261
45595
37331
79428
27498
52626
38722
31834
68646
38226
47814
44140
17946
66621
68570
50191
39892
80407
20370
80343
25700
14807
46104
77238
54073
99195
51474
62150
45354
98213
96811
49615
43808
34143
45395
87658
3121
84117
35844
71768
38695
10
15908
72993
82983
830
23185
22876
81237
43555
3219
6938
74714
65675
528
45139
81222
52003
23642
26576
50216
20453
76191
10376
54596
37938
14386
57718
38407
50230
29486
77103
50240
61746
50096
33224
62576
89633
56100
43814
49540
75671
67104
40606
41347
83984
2098
22569
35987
25740
65498
2555
46193
41689
29283
17142
95980
43669
74860
34387
10251
20698
27842
60492
82444
94291
93716
45020
276
66168
5186
49817
58191
88642
6775
15890
72627
8873
38460
24966
34613
3958
43874
97159
61999
73157
14301
74331
33179
89161
8719
43430
26211
36561
20274
25007
47204
30342
86379
47481
12862
91566
13650
71054
96560
20425
86944
69187
29299
41756
94154
80264
62066
38028
77423
24066
27537
8076
14749
77068
13589
23468
36851
39800
76382
57125
64807
39938
87468
51187
87419
16682
59105
1069
87736
55665
37847
74681
24853
67146
32789
35359
63762
94856
89739
57538
35274
17276
65614
50023
94345
79204
89844
47548
19004
66226
4673
164
22516
8493
67703
9936
25176
26808
11005
12912
98825
48852
3945
40030
32350
53087
75389
12465
47943
65128
70003
83217
98757
51969
49592
9454
31173
39436
57002
66530
22014
78027
83046
44531
86521
50749
54467
11697
77557
81824
40961
92734
47029
61259
32765
95731
14346
8154
8196
62289
89635
94551
61858
4744
46521
11450
14198
94046
50887
87552
60576
89253
65579
43622
33784
52100
10723
4603
80149
4632
86428
37463
97367
49809
15074
30132
45540
29420
54638
70089
8061
44273
64640
86271
65369
11161
14073
95919
21560
81312
83471
82136
70566
49051
42111
4350
17503
52834
25306
14005
57467
11734
67820
54834
77895
82894
1318
23435
28666
55956
93524
53079
16582
74517
39350
81951
2030
53423
77871
23590
51088
77694
22079
21654
26745
64190
42356
60601
33376
67662
90958
90843
95748
58778
62029
73643
58024
63347
13431
3042
19304
6955
56121
52238
97824
11823
34189
99855
81598
28412
23445
32686
6107
45524
54340
32852
26066
13049
9805
59443
80711
17115
66638
92812
92245
28668
66455
66621
92015
79886
69663
27671
3194
25784
79909
17370
53959
30451
17225
35558
58863
57023
68244
64970
18899
38937
14175
44966
51986
23980
4409
49049
57448
71047
41861
49693
16067
24669
16315
24435
20907
85978
52106
40453
28115
48368
57824
82074
78819
75049
33984
37682
32072
18581
2653
67324
57518
16828
12290
25856
57160
33051
91257
14608
20450
49471
80654
36518
74140
13321
60953
95047
15651
29411
35501
43766
77779
93325
42193
56598
84726
76177
94281
33151
94758
13286
475
68628
30114
12765
10836
87274
62168
2094
18235
82618
67917
98889
35488
42057
28562
12793
53456
44213
58557
88957
87980
36336
98634
46525
9287
99713
22702
19920
32864
33813
33206
33339
18793
63320
62456
45982
66946
40976
64428
1533
39946
32345
16774
75435
74402
45336
4580
27858
89550
63137
33168
93882
15826
48154
40407
25113
47867
79461
45033
97083
29626
94591
46774
48420
57911
25582
94402
41209
66558
75182
59095
6505
7527
75869
98292
81929
21206
19224
26139
27108
82362
75659
20990
98188
40166
61397
39653
4385
40858
84686
17821
86837
79277
64595
35257
53540
90178
46011
11101
73088
21193
70196
95945
45072
62418
94237
43353
83624
13462
85844
10732
12176
61504
48074
26716
18022
9471
66369
38759
66681
51055
56580
53518
46684
21176
5127
16576
27706
67490
27677
17146
5035
14226
13092
50107
76644
23681
93460
76620
53495
95657
3704
65671
73513
51778
92387
91535
77601
58756
30294
44282
26163
86875
14153
89199
24403
35632
5775
52109
3123
49805
69255
8158
64031
98699
74618
57027
22381
84430
49999
75876
80087
53703
57900
53600
21833
66639
61487
99434
25396
91782
60068
67911
95009
90573
57111
19412
26206
79238
87873
29329
29043
73480
53839
9426
88532
44809
66453
10913
29240
16452
3141
25679
86507
61041
79280
8340
27681
57119
24126
69429
65253
84195
53692
60262
74768
27155
96026
17326
6394
251
46655
35437
90084
16847
61216
78616
61656
27669
89529
90896
60474
92670
32928
63333
70064
28560
88026
14097
85679
12152
99878
50933
12699
53570
27547
3820
80726
23574
21146
3472
40177
84154
38909
30261
1001
16477
8877
62657
44147
14758
69906
20973
23781
2834
658
93845
31394
88684
24294
33425
17189
24172
84358
29888
94094
11906
50060
91172
51832
87559
94644
92009
71713
49906
22271
89066
66383
47500
68075
26882
62259
37981
64207
86040
57167
64866
79885
4913
53550
20531
38339
87091
44703
39049
33332
55149
67307
83392
46322
19139
87303
57318
11149
75368
7224
49772
64434
89960
97272
32510
16842
59531
86843
97402
61923
60363
62268
58160
65276
32170
78691
19967
19262
39746
59017
52594
94896
26324
52338
57570
45464
39642
14888
72965
15010
38465
39089
95797
28425
36361
44659
61619
12245
31502
75373
74168
91865
37641
48681
73494
86164
27372
93461
5426
67119
52478
74372
78367
95155
26710
35937
40619
66352
67177
29936
97715
5642
69025
93512
50419
21738
38171
28391
50335
86025
3764
40856
94243
41406
89537
67737
27570
33261
61198
49348
380
30029
23720
78747
25184
50430
31036
82155
33135
98214
12091
47202
3856
97468
57066
70628
35558
11589
99019
2246
97614
2783
59454
91857
60541
48991
75946
4463
98604
37145
70163
98985
67174
93883
94084
92358
60666
41473
90865
93801
39687
2956
41003
59895
16776
98069
30523
68686
9658
45894
70932
23624
65030
30386
31834
41923
95729
7780
46387
94334
61277
16550
9671
44803
26786
20107
53513
87452
61580
44378
97605
1267
47334
54960
77515
80462
53029
8038
49149
79039
70285
20081
19015
35315
66820
50849
77238
78901
74982
39977
73235
36259
72880
99258
81063
99666
19366
34576
87118
80946
78955
1075
98566
42641
56035
76081
39456
25416
471
88605
4455
70756
25038
39822
22423
8210
7024
16014
87112
82006
55991
76699
18265
28871
75958
15680
44889
11676
66609
48359
92622
61916
49434
7540
20909
5469
83621
60365
30885
445
65322
51692
87553
6713
91515
9977
14923
98539
25991
18387
96897
98334
95087
31514
43558
87397
47195
88447
99073
30156
36807
8047
8424
2593
15588
29333
8063
15561
6051
55300
32358
71373
6993
19912
94438
14860
46241
9362
29751
88584
44101
43000
3270
55540
74514
46828
42937
38061
35276
58362
68217
88435
82762
76641
91028
14702
22327
15443
30263
28378
70744
78974
16103
94089
15238
10542
25301
77831
36256
71404
66415
80357
14404
86037
52250
88918
32866
95187
43332
84494
69902
11549
72929
52664
4543
80309
67366
26870
95753
13981
71600
82849
92955
87703
76938
8193
14597
18591
2376
50853
89995
68791
47563
4399
54829
99813
9669
4047
11352
53001
88541
81254
80903
77822
33918
85446
58131
17636
28668
70236
31618
16620
53085
24573
20675
46375
49119
35273
64966
51495
2478
71313
36639
66393
75712
7820
82558
1734
11867
93911
54735
16760
91517
51990
94582
25436
37436
69065
43072
82456
39302
91042
99076
8739
15616
36104
71467
81087
71377
36433
48934
73855
7747
85573
56601
99811
9745
39159
1545
37964
33070
72633
54724
24588
24623
49306
66376
78412
34724
25800
77220
90378
16843
92649
99117
48811
28753
70584
46250
130
23370
95184
90337
47469
97110
46938
47280
6855
86098
65178
61172
35520
54163
15896
60108
78786
81555
42836
73550
16279
84989
50771
6657
1832
43420
22126
66995
88525
9063
13245
5007
48785
24781
95344
96254
21891
58635
59886
45099
44733
25064
6271
96605
95579
38519
73066
74366
20074
15902
64268
52705
891
15039
75714
19075
74811
97841
2422
63336
23256
15667
68343
72041
56801
80040
68295
95044
38675
44533
56495
99760
85950
79118
96365
81529
17638
85783
55895
37712
1686
20164
90418
18929
51555
82484
38005
42719
80325
56779
6055
19933
72447
90751
91974
45600
87143
76621
40644
25818
21155
97140
41930
23457
76258
54647
4986
93896
40431
77234
47961
58469
13750
54731
77398
65305
37215
31755
24376
33893
88535
30432
53826
77334
37535
62153
22934
24678
38774
79930
66848
76281
77070
8778
99738
69681
79777
21077
79929
20208
98311
44242
95029
12061
98973
72428
93718
52541
4183
18095
2786
9070
64879
56612
86404
2414
35117
25690
43444
73892
5621
10292
66525
99043
35422
82616
68724
31551
3693
48654
68112
2004
92896
63141
30417
8222
35569
24135
77115
56105
58582
79901
81527
23461
52865
84284
42227
87983
9974
85671
78227
31947
12315
61104
30991
64089
43720
99715
95641
47413
64721
63753
65769
73970
26894
96186
98544
78816
20322
75659
51273
78904
71912
32800
18718
41129
17084
60945
45464
43411
62969
23691
75358
75284
84796
6349
55726
44868
22417
51367
92282
3490
31472
58051
77460
74718
70590
76004
53534
90912
68015
21159
86168
39927
70312
4886
97409
87396
82184
42873
47159
45153
66565
22518
36789
67713
45219
92515
28933
67636
60234
37567
71127
91706
95619
64939
66425
82561
57296
36311
73473
25311
73823
75993
81591
44135
97232
79000
47883
95768
21873
95043
40921
4790
33913
94062
72503
79132
2930
17789
63121
63164
55356
50600
71223
67327
15539
54000
49888
72835
90311
23361
14499
64134
15707
96090
24621
29291
75090
72505
25059
96963
67548
82332
1754
1461
76394
90609
80593
79324
24750
60066
58841
80107
10666
30064
47434
42558
84064
97323
31745
90727
37036
46244
71214
52743
42334
95835
82034
33776
68340
7093
47092
52240
5777
65198
53701
82172
72159
50647
77848
96910
27065
53041
77017
37732
99457
24451
96642
99873
21774
28387
90601
75163
74632
78167
27906
33318
74002
26293
67095
58695
49738
30539
10935
55516
95737
80989
54040
67896
47988
31888
64806
75053
1282
58175
29137
739
82627
25779
613
20753
54167
91214
95916
28799
69381
40175
78469
59735
66468
61916
18430
32558
92455
45718
4426
88192
26707
58466
72441
91047
6707
37247
66100
7989
11775
95238
8728
94402
21017
9341
31507
91536
16907
27424
36687
2640
83951
15157
78728
66771
77073
13510
99329
69529
59228
3756
74073
2287
62222
46514
93334
85281
114
75787
93270
11889
71025
18351
22643
8394
44044
54150
99931
77304
97926
36618
79944
81877
68127
75024
48648
45201
88535
64330
14730
47763
84438
88803
66403
63012
51670
59737
48294
51784
35524
41564
63673
22901
59915
86316
47648
20312
56818
47579
97616
54745
549
77560
52974
68677
68937
17975
30230
57472
82305
61312
21587
66743
66467
87990
29755
18137
47728
94401
69921
99604
35966
33594
22506
12233
36262
70154
32545
93081
34085
46513
47826
50986
40426
17152
36015
9363
35127
66245
66835
17432
27557
4774
527
10377
92765
46635
28514
56845
41036
98436
72801
93354
48382
11659
21940
997
81813
70837
94078
32250
17351
58256
99589
57777
75408
35604
67140
10536
1850
50327
44320
45759
55101
44848
56136
64218
91483
84651
21063
48871
99439
93865
42226
64173
5524
64166
65170
3690
35003
75600
52292
52354
33856
51881
10131
25617
87486
93623
52505
5688
43950
96825
67799
15404
58025
23936
79622
65860
24939
17038
14732
40730
10903
73310
21255
32779
37476
86426
52821
88831
78378
5114
41186
12235
73347
67669
54204
77185
77645
6709
82873
21595
19886
67025
53351
94264
90961
32974
60124
32252
50012
91208
89334
77267
80870
10589
26398
18346
13367
79220
23530
91746
686
81068
20333
74033
48737
74537
51219
26382
97598
50444
64330
33836
17469
17681
28100
24782
67007
4577
73386
17019
95785
62720
10638
76656
89662
37037
11354
3029
16257
34884
94775
33295
15952
31460
23680
81042
5997
91251
23776
19947
58048
4458
53784
75517
38492
81884
16652
5499
86461
6390
38871
98599
69111
49509
91607
75125
86546
19313
78154
19155
70550
89282
68802
2854
20742
92483
83896
43092
83734
24025
79391
41782
28483
33175
33652
66975
31412
66656
88827
34225
73046
27698
49176
42157
77207
40783
33634
63754
76449
11789
99261
46999
17423
68064
66205
54517
60547
66454
97609
60633
90479
93353
2416
35314
26528
52420
18642
57940
19076
7469
8518
92122
35167
57694
50632
12374
14830
84266
92480
91279
12407
8094
54630
29830
76158
20835
84348
53057
87289
98309
13690
77768
91662
32458
29435
34543
84878
48077
8835
20306
55546
17353
12429
7065
75048
63061
19439
89878
63679
28272
97509
76087
36366
52139
5917
28876
72974
6617
81933
76616
21279
11975
70736
12941
60786
171
63836
62016
64600
72672
82323
20146
90025
94752
43563
81425
74165
63003
71303
37844
7627
68812
30283
60345
37303
52553
89221
26630
59170
87506
3246
96801
99481
73982
26095
60267
74154
89931
38636
38754
62603
20959
75253
68981
32063
18816
50406
6228
98171
38062
60424
22150
6874
7060
82495
60530
59613
71716
87160
35135
59222
90406
31937
75056
64388
58032
51675
54894
47963
90311
10001
26919
27622
1606
95900
59685
36774
46306
82265
51298
84368
59042
73448
7595
66102
55944
84477
25715
44012
71637
77202
19587
62043
9139
10995
42783
83523
62670
14030
31487
69334
40383
74758
96956
58341
70658
56642
95115
33316
55259
46413
34037
14301
36214
57984
80403
8510
42461
22470
52522
14098
99673
88461
92493
25164
99456
51628
8688
78479
82010
56527
47813
22393
31285
44769
97086
18295
17763
92202
51611
73023
54967
85648
87324
7533
43632
84080
16043
2445
6550
84918
32895
22575
73379
25388
47740
89188
93369
56428
67667
75379
29307
15480
14125
60592
76601
11211
78887
10717
19765
46850
92
91085
32499
3768
98618
92483
87848
31014
11281
10751
32284
44176
33326
5663
69565
97418
11203
79286
70198
78870
54665
99505
10702
85142
60097
87304
12706
55336
14373
48823
2187
14465
39908
51038
18233
54879
59873
22434
2245
71154
33185
34529
15331
82863
56544
1248
96634
67748
96886
66832
46618
67903
66338
57321
53046
42787
60977
65752
98124
91702
30927
16663
6167
70836
84053
40752
42067
43926
79538
44312
31433
29075
78841
63116
28291
35385
64364
24925
3133
61250
91757
66104
29153
58095
39777
98551
17235
17106
80655
31711
8808
11583
48374
31327
98771
48779
88431
40838
92705
67970
85150
40490
97045
63991
3606
25336
15728
84322
50261
18862
61924
58371
1318
7430
32818
41095
22333
50053
58201
2989
98116
83361
30924
46490
14688
29695
11621
3119
70533
20679
87441
72035
61169
84487
52378
81128
26175
68106
65450
92789
3320
43727
51160
4638
51157
330
62085
73490
50384
20286
92831
48500
3647
40107
11343
34687
69802
39316
37807
56687
59995
25248
45074
21165
26087
97452
18645
68615
81911
84095
61404
85231
44174
28916
89870
95331
29246
68307
85174
95982
88594
94357
60835
8593
34465
88530
43281
20619
27846
97440
93659
87842
39040
38733
25359
81480
52538
44004
50095
34449
44451
11499
19680
88626
40415
25902
309
86013
94210
1835
81996
99156
96193
59183
7749
47010
47713
67382
83981
91911
81174
77640
79753
20215
16374
21464
1695
68912
65468
68142
19713
26272
79641
39393
14898
36408
65296
15207
38773
75858
17043
37121
75014
29588
96304
99115
92950
60369
66498
76931
52281
64024
54572
48386
84239
87298
69851
2286
72562
51671
70428
92275
77943
66421
31668
92841
19181
13316
24401
57955
5526
57796
95076
80540
3736
7733
79656
96686
68102
62506
73617
20383
26530
28189
68770
27122
31839
54973
45760
4401
6644
32541
96676
84588
98962
44697
93781
34496
74365
34534
92451
79892
92330
87527
60432
96066
11612
56440
9104
79715
35298
82722
16450
78181
27263
85220
5303
59103
56545
67415
79856
63190
99956
92885
64130
15271
37582
57911
49767
28299
8798
42218
8191
1128
46097
84976
13547
57710
57768
39003
53777
93067
21725
70227
71248
65341
71800
92903
40796
28345
76670
20652
7887
76627
13537
72017
8250
67471
46281
58017
12123
55079
16587
20314
56207
79036
21642
86106
53098
79411
25110
6875
88830
63187
93455
76430
28528
81607
85685
69324
9952
62355
6329
17840
55334
36218
6209
63584
20042
52490
37953
32165
7569
54540
52479
80129
49929
74122
82587
3027
69885
7697
26255
58715
87237
36062
51497
15765
17669
37182
1442
27621
99537
24123
61813
54872
60341
68023
34808
80383
36865
72762
12548
44435
43654
81380
24564
9935
71854
7151
12963
58091
31201
55570
16806
34790
91632
84655
66907
25653
21837
68349
53274
37726
8824
31440
92598
69166
15815
43759
65901
52680
32873
94802
13467
76527
92534
54383
86463
64388
77887
15778
22479
9088
87700
55637
43878
95684
40292
10785
21337
78481
95487
90963
16207
20663
38755
25158
6181
54570
68917
72083
23603
1790
83237
37070
94669
75771
91454
97484
40159
69341
29614
78990
94781
17314
50979
55011
29350
7623
82148
50687
86104
93987
41651
18663
14651
80406
43821
20832
51329
29090
92915
74932
30880
76152
28354
41902
68275
36160
55738
24786
5501
85353
20128
16634
19019
71107
71645
48370
95082
53794
15409
97538
47781
73412
16202
78784
70171
60023
99617
21500
89114
92532
12784
36346
85037
57490
94600
69664
93651
50339
94451
15504
35692
14579
48491
71063
2039
20136
19433
97121
90282
51195
94660
54416
24607
10862
33200
94778
87237
32817
32630
92703
41702
61766
29050
43091
19257
23650
12755
29260
73989
23558
61116
26033
38138
9607
97097
56529
46096
32882
53650
36378
84077
64662
7146
25037
91876
40347
36167
79114
89516
85150
88169
47570
46916
33571
7013
82525
57222
36121
28137
47563
59679
89254
89949
14169
98861
3398
70698
44957
36280
40701
97688
36710
21715
4834
61747
13592
61533
14266
9058
67402
99416
97227
31324
46333
30799
38338
45210
4373
74459
73348
68288
50490
78954
74589
64660
77815
77987
51710
39125
14268
8763
36813
67330
30479
57999
45429
60423
35885
59695
69481
3287
59112
83060
50963
21797
30211
89301
67007
50936
80112
56707
19225
30603
35661
93814
11615
29829
71802
63325
68954
2422
88441
22119
69752
18920
96470
31533
79343
32355
91228
65176
51994
66692
48236
2958
88489
94800
8611
71849
45736
88724
28556
64961
35679
80570
75128
47294
10399
63282
26971
95705
82056
15412
17824
51808
50684
14294
99693
30027
63002
90921
11555
31348
57614
59792
34306
62455
70944
59270
34304
16680
47994
79213
97994
83673
59783
73122
47319
70182
52756
74290
65887
34812
6055
63
2972
56739
30709
2665
86767
10063
93586
14674
41412
67552
74466
92070
30008
45410
51340
80664
78443
15686
59877
76437
15711
36012
65911
63030
22546
18667
37321
4785
53479
43376
21200
56451
115
51910
75468
3234
61973
69054
17909
19737
52959
8727
11808
82967
70490
79500
79983
48933
95187
56213
41722
10898
92225
7633
90281
31124
26300
43954
35909
96131
87330
57110
68934
3797
25372
44402
23384
3697
13456
57645
23435
66415
82724
51595
65734
53214
47447
62070
18499
42634
18283
60221
69885
26860
84206
76518
57984
10506
20472
10246
6637
7802
83708
75571
27951
9080
36325
67687
12777
49782
25332
52564
32549
24409
20511
14636
93975
67959
93058
12475
26945
11341
89048
13182
54553
73255
89700
12538
113
10172
22784
23103
34326
22844
15026
78630
31924
51352
46317
61053
1134
88002
29970
50035
12411
50481
81023
6386
34792
74081
35213
78090
1774
24262
91272
56328
13869
97325
85218
13982
7497
24354
37085
58176
47198
52112
36806
79122
19816
99475
56527
37302
87477
86497
87337
16240
53331
84713
22627
4475
75146
57840
82565
76921
98454
90190
49601
28675
87515
34819
42658
11364
59173
96095
69540
6371
64559
22698
85493
84375
22174
58372
38029
26003
44870
25367
42244
14553
26432
64871
19028
1578
39063
17946
94851
53870
8136
44452
82545
95651
79271
41555
7015
38444
54003
92908
44815
34914
15606
46660
19290
37780
21385
57319
63784
66255
99038
22380
97160
41822
87251
16188
59753
42666
34134
54604
96536
58622
15409
79082
54273
94680
36989
77641
49477
90992
70549
10644
25907
86155
73657
61549
40288
95042
35220
20424
77649
50611
42804
74809
92433
46407
7349
52186
89073
57836
23143
1962
16458
38552
81044
87084
49584
34385
64725
15413
25378
35274
26058
67637
37781
16067
29186
94421
11109
80758
14845
88758
31369
74001
79919
40155
20408
87268
8693
25834
61456
31836
27796
94267
86740
25192
81351
52677
59577
46076
68090
1307
97702
10500
68944
51835
26567
14482
46257
37676
95241
77454
42786
42962
67808
22705
83117
88216
26326
91811
14050
4134
39999
58198
98401
43092
83390
79752
12121
42968
42180
80211
60627
39882
7064
29572
8070
33631
60406
70679
87660
71999
48133
46798
14962
32293
85856
14431
20510
12182
6242
50912
16316
62594
9111
14718
22038
8853
10822
34159
68173
53003
30722
28801
9237
37786
58373
17307
87770
35131
87986
91782
7131
52472
38580
22093
84765
24436
36524
21627
52970
59119
88892
85639
38065
14355
357
76455
23208
11179
10614
91382
80534
57688
20183
89772
11827
94908
7079
99597
30039
11418
7731
37170
80242
46311
75615
65007
87100
28492
2987
40070
3963
91879
25709
42028
22586
42418
18483
45794
69950
45449
53528
50484
3137
73711
40256
14964
84971
63688
30913
15011
91458
38644
68533
71700
1308
60501
53059
88408
88993
72398
44830
92956
80629
70540
51336
3215
12958
86171
49010
99260
47972
2538
49745
67461
92602
6353
98778
93925
86393
29691
8936
77851
84688
93822
65903
2348
54323
35315
90756
43316
7713
35586
52624
88343
22478
20312
7910
51789
22835
56920
51049
70807
75811
794
38268
84765
23500
37046
78690
9893
83090
3979
4097
67778
14153
86352
86478
68476
21667
77234
28144
45733
29172
97120
50428
51651
17432
58338
19792
40267
31611
70841
27426
23774
87988
65694
24891
11488
19093
19933
37733
2183
23912
41830
86313
54417
28183
72791
22893
66202
66377
67389
28287
95549
64509
95067
63552
98293
69758
83344
54912
17721
54186
82338
41495
58526
48033
82738
70014
67126
2671
7747
85661
42936
65930
71974
97353
10465
44765
36599
76667
27494
3988
21307
23043
84850
16374
2948
99495
86132
86292
54408
3853
56830
36746
61700
15356
1131
44438
1722
84609
63462
9470
70270
6398
75400
58596
20103
85865
3361
56702
78884
47207
77043
191
70251
61893
32918
89551
77740
35402
75843
32148
55608
49026
85247
33660
64382
86378
78099
82457
70988
57913
91927
57610
64311
83679
16207
84414
85896
35920
57469
64780
83128
34512
81324
69731
12757
30594
59282
90497
65996
51477
38998
21604
503
24245
55265
81238
10623
49716
63695
97963
23981
71974
71926
88292
55653
88133
89058
57901
40405
62879
39033
23533
97391
20357
9616
26500
67303
68898
33350
33300
20376
72348
71256
37231
96593
42873
18469
23568
8941
98516
21532
32922
70490
9810
37566
26143
97943
42977
396
54700
5856
39430
94586
19600
76139
4202
46100
43443
73101
95802
93095
9829
68150
64351
47060
64743
23577
81882
88312
32518
80398
26196
81793
50889
36006
19359
93384
50301
62336
93781
5001
68193
33211
99587
4145
9350
20142
66597
69145
9595
62400
62240
19424
30550
26592
82836
11646
66521
64718
16310
99039
45117
58858
97184
96006
11216
16544
89390
77869
95232
99523
82870
79777
32734
98810
83922
58437
35304
50520
27582
44899
29272
6175
64323
76174
49119
47159
4172
15640
11878
20482
31031
73347
95692
28216
69353
6908
61112
75095
84777
56344
74619
84000
36122
23705
99162
36396
98494
34466
3268
42429
79365
32540
48604
60040
25067
14075
23551
29239
29715
51781
66074
60746
25128
61766
5314
94481
85027
66426
85929
86156
39123
76900
86508
75245
16957
85670
27993
31804
36488
31262
74233
32205
63802
39189
92245
5221
53264
15797
34461
99331
67578
535
76429
92707
78653
81744
3540
80032
64522
5821
66189
3645
82721
69049
95242
16031
54720
23236
47835
7560
54498
38420
39766
34652
77609
32011
39874
47225
64160
90687
46556
48091
7574
22985
57150
86227
21081
60690
82612
1956
82864
48801
5601
81937
17850
17196
97968
88922
40432
62155
96483
11282
575
52601
62286
94536
964
18512
58113
65125
9199
4669
29568
16773
44007
86718
19353
81440
63760
1965
83396
46624
67118
5350
44914
1320
22546
42882
6595
79330
21390
3078
6964
21965
72031
69250
32854
72995
4115
90967
54472
13314
11989
84040
46440
72348
70758
82145
70140
34519
84110
53537
97495
67580
75239
42409
68900
97785
1644
75495
77115
23034
94925
431
61351
66956
69681
10557
56304
90148
1525
10776
3463
29866
94817
66255
18566
65575
48400
88706
16446
48862
42243
13942
32794
17482
72703
1694
31619
74347
93542
25086
13733
4819
25517
75085
88128
11551
85642
44432
1699
3519
55208
21514
49737
66377
4121
68303
48305
68873
57010
64751
17735
15605
95045
66881
49440
67749
84928
81059
58448
78470
22498
72182
83289
64367
63619
71417
75918
65613
32201
93970
85485
87410
15484
35222
53787
19606
19878
2092
88479
93240
83196
22567
8845
94593
5800
74637
78694
90728
72049
37143
69198
94547
25677
68840
58914
89296
56609
51185
54909
88811
45155
56746
92573
60639
91969
62712
96597
11847
81157
1429
5087
80705
40348
30284
75298
46148
4922
53993
36877
76971
91136
22427
87870
16813
7619
46784
22461
64229
14321
93722
69392
59476
50469
78317
36468
42438
41029
33065
70637
38538
50846
92076
19243
91194
38712
94542
53695
59986
48535
6924
53309
56023
29351
41179
89188
36971
4316
28001
17552
18637
21723
3296
78114
72192
81613
14582
30982
38994
63999
17971
77533
14846
10047
13128
22392
65112
7670
76087
25098
72557
83011
78408
44932
28715
35939
50472
82038
56607
78473
15942
75245
197
19238
69711
72389
17203
645
19724
56197
64644
37695
50082
95842
64095
63211
34587
29207
87233
10674
70657
76143
10038
65417
37427
55105
17709
87900
37143
74316
66373
53085
49561
82922
88675
35624
71664
5878
36269
91388
78427
17266
29083
44862
29460
93178
24425
64047
38737
11658
91074
25747
4153
17464
91164
41581
72569
8873
45833
26064
83190
12206
95501
49103
11481
84176
84728
83145
6406
37349
90885
84833
70967
19968
29695
428
29499
54120
64475
84588
82131
55549
10335
2636
89365
1500
44217
61934
26725
6402
4350
9915
34961
99851
75371
46442
379
76451
45939
6785
13800
36824
7971
84768
56792
54018
1548
2643
8139
82375
87232
6622
54277
97567
25610
43642
15419
69828
5577
42145
92582
26279
68412
27543
26131
43783
73985
42862
20234
19924
49648
34035
56748
57619
35155
29893
11637
53055
32536
36128
35430
36120
59102
89707
50040
84713
33350
65459
70893
55279
7604
63475
81558
76017
91019
24041
19800
81356
66904
56387
1281
32904
90422
74381
6875
41929
4274
34864
11336
53163
87345
46766
89283
46447
52826
39323
47512
86176
21135
18405
57807
28739
98233
55717
21108
89252
79759
57261
70608
63015
13648
88241
95919
20422
62623
19146
78703
66897
54010
90039
36412
41355
36805
25696
4155
89631
81371
51667
92159
2506
86425
66318
47598
84658
22036
68706
90262
18147
42319
77222
97514
55967
65464
9785
92741
44439
28931
71444
27688
82941
61483
64101
40649
14641
6149
44804
20624
87520
12823
29136
6379
99248
95454
53977
258
33842
39035
90520
51989
97707
84095
65855
53674
65911
75640
62768
10350
4571
34212
38038
3865
12048
18491
60866
26689
24640
5670
47313
28513
34845
92801
51244
34094
88256
21573
34352
22098
60608
41225
90440
74667
25320
56295
28342
91231
48288
91110
17933
52859
41674
55971
73076
53722
90815
33942
80411
31807
55964
44077
76672
90810
36878
27916
41256
41486
49489
91960
79937
26450
49537
86729
1117
74857
59376
45811
82440
7664
53273
373
76876
94948
72697
49952
65022
79864
247
61786
11671
56211
5863
88344
63373
59093
32612
4629
16932
82102
12942
96869
24904
62479
83598
42373
53689
42974
88185
52481
50639
57810
52855
27515
69110
41904
93819
34133
38120
94066
95919
49791
66630
18134
54487
30003
93579
87100
50985
10511
85554
63927
23732
10458
42758
7330
52831
12799
66657
57368
65281
33648
15179
34488
77515
84289
76392
71334
34774
14512
81753
47045
80655
48383
65179
35143
78386
75111
22243
45723
85622
7797
26002
25707
34607
68761
49389
3790
81560
16046
61159
46841
49694
76338
97681
27209
76979
74073
14896
28106
4937
96649
75151
1945
45032
40331
53440
39770
31794
92035
85494
33768
16184
11496
59475
50791
96609
8865
54581
94522
24911
15740
57715
90958
8430
55397
34519
1762
45822
49415
29868
50760
46064
5019
69057
7448
61702
22497
47219
93496
14532
49065
27265
30716
76913
3092
97859
73523
11957
52440
68045
53221
84533
25760
44179
9315
97509
95050
11077
43332
44466
57297
10444
6882
78669
79501
30683
40371
18350
77902
50220
32882
43319
93837
79950
20232
96929
77809
10107
25239
30249
78152
78460
31134
20265
38991
40450
17774
34041
67879
77458
94859
25177
87902
1742
20198
67403
32425
76921
85753
26679
43493
34987
86350
37330
14937
6582
50612
9098
16690
75851
55700
11194
70663
86834
47811
26006
27284
81938
60047
11516
59396
54907
53045
47299
73001
73243
31054
21778
50164
33160
64809
93658
68147
51159
47340
99437
74093
97952
8535
7135
90155
64235
18330
77170
67422
82493
3176
11058
64431
79576
22574
23828
50835
75619
87479
23836
65214
18533
61966
15379
51693
26775
25389
36193
94286
72729
51982
68379
87034
60517
75515
93541
41105
10197
70712
24879
92690
90240
35937
73474
69816
74864
13654
20651
50483
1133
60839
15698
36018
22805
47429
4064
65932
89170
40257
76570
61899
92239
44950
65285
69108
36817
58827
26565
63366
45891
51444
72408
36131
3734
45882
22300
78598
59536
59303
45433
77021
20143
77483
13040
59300
24912
33456
25233
30434
73713
1803
8686
82304
63105
73971
67764
16274
49150
10682
95992
95041
78478
68401
47525
82212
30635
86177
77162
6524
45480
22596
83545
81975
79
12937
41276
41344
46393
82861
71778
36458
1016
80464
35114
80474
70788
19231
96748
19938
29913
9093
31332
24743
93846
95209
6956
24481
81386
84118
47357
43218
23066
30903
25194
23146
60192
66470
80842
22938
49331
68972
59396
66699
65789
10863
47173
36577
46446
60274
72867
92711
69367
4199
17454
63213
99408
24410
4046
97146
24881
51404
40365
64299
98659
65559
3797
58851
48381
84639
81789
97712
69964
57538
64411
35753
84753
27937
72330
31199
88211
61549
23910
57578
65749
41364
37143
81509
82127
41189
95008
23360
8945
35373
87659
7604
17284
7809
82808
65665
92448
80949
79729
62412
54839
60492
14517
39592
88429
3199
87143
76640
64749
27405
50570
46850
85122
4065
44711
83601
61607
39719
23313
70552
91444
27324
94509
8728
35133
77317
90745
43934
58266
70474
22698
29458
30967
37216
85402
35748
40415
72546
28741
21516
16303
79311
68366
1425
83377
13078
1378
61336
69149
24691
31888
60594
52016
26397
85674
87149
20066
76420
31083
94685
63246
70134
24143
10565
7350
9545
46314
47765
98443
75055
85634
31099
70718
54000
32524
70447
67078
50255
31783
52580
74946
80024
13174
43314
22773
98848
46816
42840
91620
77899
53877
54867
48033
78020
65432
71735
3917
11746
35853
18713
3153
21487
49812
73872
75487
98688
60671
58918
48943
8807
11498
40242
88831
41024
83556
11604
56224
30372
70796
47845
24624
24673
2712
89009
19045
68144
60745
22963
96243
12950
58028
99396
34437
7840
89620
26276
22880
50292
85194
71824
75451
13044
12066
64282
70420
11974
92238
26645
42347
63035
74490
83323
87708
77202
72332
6754
45346
49429
46069
57941
62379
4097
57338
96816
28289
46958
23093
51169
13602
24639
22993
5405
54036
51411
69687
24456
63386
78278
51101
22085
41313
25591
5408
45373
19145
94092
68479
64492
43522
30900
38785
5901
34997
96123
2718
79638
59434
42163
30808
89388
83154
70153
94794
37190
21565
80833
61647
1303
59111
29100
39740
16776
54692
45148
62150
73837
55592
46981
54681
99114
77882
93467
5016
29231
5942
24086
8870
65376
82601
56030
54765
65755
26183
65911
19298
64100
46744
97297
65403
5856
26397
21495
22632
81089
82995
1134
71279
38588
48116
42312
37702
42350
52131
59070
87933
58074
83156
13155
23450
82109
69185
94567
47865
95369
60478
83515
59469
23575
80812
41225
29431
7209
62720
52063
4651
45716
69550
92282
84304
17666
34594
38358
76368
86726
97429
64301
61152
96937
93809
954
79047
62994
95522
43264
74715
72352
26779
50537
12279
7591
8114
41710
31152
87186
10126
35803
32902
79676
28085
33558
13694
79032
88269
6414
82110
85698
87067
43262
82635
80876
44216
61682
60223
56090
21298
51290
28443
48077
1827
57074
55668
26293
98785
86821
13480
25263
38976
62734
21291
83414
96293
34985
62446
914
57751
44556
86612
44818
87818
85599
25695
32034
47282
2270
4477
68580
53560
49272
33010
55388
6346
88678
81681
5131
91851
95161
30394
30828
57896
51685
14242
70541
3022
93040
71455
60773
37596
74419
21944
41766
60018
47639
90152
23652
49909
94629
8585
3469
43901
41595
75209
50248
46625
73243
71731
54829
84756
18478
2009
59004
86515
32603
45897
89538
25643
17352
66663
79591
8123
88607
21357
68142
52598
27861
8146
18859
22491
16731
38681
82744
74678
30242
32992
21304
3485
21076
76133
88242
39554
94494
63598
26069
27097
9496
31959
52740
43200
14975
48683
51324
19934
70040
35818
88885
14253
43964
7744
53096
77048
62777
35841
51726
93020
85185
73030
96505
6261
65515
1099
62167
60009
64698
88237
87106
74194
36548
56198
17394
51523
4881
85070
71458
91273
20888
60343
5527
64853
84439
58623
58253
47217
10816
9979
40237
96002
99362
53094
18615
64877
70546
80783
41239
35244
85372
44697
25790
21920
896
59536
73444
22129
44607
61254
29755
65495
37949
51634
46700
22388
10257
4953
85957
37426
31285
42546
49780
30647
95641
68395
95524
82539
65530
53115
17783
50902
97813
59925
72823
15061
19461
62619
53542
80420
23873
83297
62268
78174
34931
25320
16914
61541
30274
2872
98967
61559
45418
65099
8558
57411
33494
20434
39950
15377
73550
74085
66279
87715
50362
55454
19128
86176
18073
72670
66596
58298
55968
28864
36472
7251
54185
53387
68792
811
72611
84111
78722
34381
49210
87280
91793
99057
7714
48095
14434
97616
38533
80713
85331
88895
36168
4459
75071
70593
77130
58020
28892
49450
86884
81716
56701
41069
51455
41846
58232
24066
42309
36954
58448
91520
24234
66593
6929
48301
31040
21363
45917
69573
18428
31249
74821
70948
52060
66244
41542
45542
24264
86786
94992
11149
68502
68046
68570
19958
26244
26803
44024
68553
80109
18824
76425
4344
85417
83354
68997
16458
4717
14914
2383
39498
62515
77204
10446
30928
43449
68340
76470
67713
55126
87815
95214
23629
72213
63785
59939
98457
6940
20315
67010
87049
39140
43436
7745
40909
43142
76742
73719
64212
8009
76103
3710
86876
69659
30508
17804
29460
98849
10627
97174
70327
98442
8740
93956
70655
88877
70247
85464
95817
90563
68826
82867
46055
28614
6964
86964
71757
59
60684
35969
8068
53139
39679
11296
22798
86539
45453
52259
85388
56080
65785
55716
70874
74525
66024
57881
63403
36272
43345
75572
43187
12171
74791
89242
40786
81756
76206
28895
81815
53242
64864
6235
6381
20895
17531
45532
7434
79336
14143
9175
35416
96280
64891
22642
87157
47267
80523
66912
99891
40220
42485
43078
68744
17276
32320
25882
15384
24879
54777
13551
94473
19641
36138
17207
40536
53670
62739
64322
33006
93234
73497
84775
89514
54740
7417
76671
18360
4293
43584
18251
60865
2421
61330
29609
36049
10002
55491
67786
51233
10268
81337
45707
46261
17476
62914
3149
87498
42005
67472
36856
51591
57321
37983
41105
28414
61753
34128
46774
66046
94064
65025
26911
12837
42707
72873
48887
69062
28364
33025
20295
54985
14362
82354
1246
48190
61620
4396
52040
19977
71868
88897
71568
45541
26880
29025
73955
4985
79506
20729
71031
73570
2107
14295
2760
44814
87168
67999
30228
31884
1024
50524
86869
31738
49230
88116
79929
10851
92512
31969
30828
80732
37218
2397
42625
80451
47774
16581
85436
27280
53662
72820
17203
55769
3467
19963
584
6987
87962
30812
38871
5338
97688
42093
37076
63271
30209
33357
74122
39073
65327
21302
36157
18897
40051
78782
15700
87826
95363
1137
31458
65378
90309
48661
21147
93776
84976
21731
17115
89290
68896
55986
94628
82936
98079
31705
46207
44640
65062
20329
83713
46741
57984
36222
81991
98035
15005
97691
2213
26720
15180
33672
92098
5489
82333
13246
15617
67310
51329
32732
72952
20225
5071
67581
19514
3150
15638
65721
64143
97052
2403
64208
43794
60387
431
42137
74774
15436
39828
76988
58508
55009
10660
50607
76850
9345
80205
92468
93007
31534
25200
65960
68112
30271
33541
3978
49774
65531
69699
13917
62583
72102
94477
6377
48841
94908
64866
23616
26696
4695
604
85205
76056
27616
52164
52906
36961
48721
61726
46321
96607
3279
12281
64719
49902
62174
85049
99676
27705
54749
29945
90288
43203
24423
13018
92045
35683
77884
15661
62380
98931
16265
47585
91339
43881
16101
60598
97194
64822
22324
43515
61429
25603
55796
42501
75506
34322
27550
91534
62027
82299
37832
68668
41855
78607
81686
33900
14290
75922
49561
76670
91206
82178
40607
82545
42411
56708
43143
39605
37882
81820
83121
99312
23775
55269
41813
99281
89592
85715
7168
67971
84367
45000
36639
26222
23607
34677
60122
54249
26952
26035
30920
18158
8213
87879
703
50624
60940
60199
6581
98822
42019
89702
98134
65794
61324
56299
81428
67268
58367
4948
51591
42734
66300
4583
85308
6259
39260
45430
60508
82564
87817
91428
722
12382
95660
17778
63006
56600
77977
69587
55422
36348
75642
69909
18494
53318
26208
16274
20586
927
37574
72177
43661
3874
76760
28969
10133
32373
90751
70642
14937
94920
78422
15660
7302
74082
49790
86660
30682
27767
56248
86105
80467
48242
56014
98961
1560
98574
31588
22146
99502
69162
10675
59515
73037
87436
4837
99522
36161
11940
70164
51098
6861
64939
83110
14163
39021
32900
824
86056
77019
73424
88513
57486
38018
60879
72800
39578
75805
4388
78076
91659
89902
88751
51175
79291
92539
72364
78814
45052
84304
65330
96151
7517
30269
95613
21681
85643
28514
38857
71699
5533
28633
76564
79372
66651
37443
52172
22581
13248
72912
17009
4908
62814
22112
72435
42106
31004
44799
37272
76056
45455
2602
72207
52973
32872
84173
91006
18515
12687
46215
6566
34572
74848
83130
13944
57851
20573
82468
96784
50173
71732
13793
71433
50899
35905
43868
93005
66909
5019
46629
42966
50475
49231
31525
19800
82103
15698
10806
16970
44737
57021
39888
95662
48221
23018
9606
22424
59943
8427
19208
10117
80159
49353
81550
31058
1610
41771
40415
68520
63142
87044
27838
29969
52628
75715
49769
34731
7766
76927
68054
68855
50300
7942
64517
98521
47313
90476
37297
7256
98903
56505
33725
95414
22210
31628
42825
23821
73399
83240
8693
36541
86637
36531
66511
39265
28598
32632
90348
36364
9560
74754
5220
59860
82697
69737
74734
30010
60213
12031
53618
75468
84889
87344
70883
7099
18972
13708
30920
8723
13300
39613
61616
16289
92496
44479
71906
21095
77112
78607
73811
3024
53361
95383
62884
52410
65121
37618
98772
41686
66002
52391
33507
50891
56087
4390
74342
75059
34450
21615
134
64102
77580
61750
96744
70077
6230
68650
7524
99694
63609
81335
2718
16971
76719
81954
85733
58192
35925
84506
16230
1927
53249
49737
69170
9336
70479
43512
747
4929
65127
881
85384
42708
78983
82128
29137
1565
67130
36661
17611
47092
34348
36681
64063
27419
18636
66148
1963
70913
67006
18194
89192
20255
84283
58362
45943
54763
18226
63042
76044
99706
80275
61428
42414
59259
59908
87903
77176
43391
40916
94788
90483
91616
31469
70898
35388
66457
37046
37351
37370
4053
71897
26562
40660
56181
84924
86604
10944
19503
65998
86988
19209
46274
64769
77975
5533
41029
65878
82709
84420
23146
93849
91255
14762
25319
78505
50150
91776
15552
3854
45499
35957
75751
72061
92969
48284
73338
95925
75580
92841
61924
62569
28402
8198
43690
6377
30083
84719
88607
12792
85492
11753
22994
93099
26515
48313
71605
93018
56441
3509
13224
1940
39466
88975
90354
48787
53612
63692
44713
29192
72885
6637
8113
17639
31187
51803
24016
61270
52875
12623
90414
38367
40728
13408
31466
83595
61721
19423
76613
34515
22932
6189
36455
78750
95165
43161
27538
65129
23205
88603
94321
12442
95240
2435
30081
42779
70590
54097
4049
23465
83072
94463
78184
23800
7872
26003
23748
85945
45426
361
20460
68359
6551
73268
63461
18068
16429
90999
99549
55987
79602
93870
68429
91194
12657
98511
33973
83248
68960
54374
23065
52033
48838
1250
92185
73062
27253
15933
59007
89031
32647
95820
73742
55550
69088
37204
89970
1869
44555
5871
57856
24158
99741
42638
31704
28751
41149
82030
11999
26461
36404
51416
94846
1594
52666
87032
74656
96271
19317
50016
85303
68316
45836
59045
40218
31276
96249
46540
49497
40805
52411
7354
81315
68505
66344
29371
97256
7493
11401
25607
33954
64158
77023
45153
82104
29690
48537
73113
42313
67854
23129
27616
52523
85317
3014
9093
32945
99263
55634
82442
56420
8045
6148
54087
92902
72492
83459
90158
96337
11212
15765
46644
91722
9141
91797
73827
55183
40334
46940
97496
24540
86421
25113
77063
88090
44479
86157
21035
43742
58143
3477
16515
82540
25978
86954
75443
98470
70413
65601
94808
97978
97719
57804
89700
23212
49601
63527
78395
6287
26819
75891
30827
29592
17356
24243
17682
61835
10400
55069
21930
84895
74899
54797
67435
877
41751
42878
99347
28517
24832
10507
26495
38903
68311
16195
62115
34264
96075
40510
40551
39246
32753
71379
68839
66462
95622
2873
44649
22374
57943
82931
23621
32842
37728
91056
50071
79480
50287
49418
7997
75119
76278
50844
14022
60941
67039
92489
11558
79466
49351
52109
18713
82104
39840
3904
64918
51814
23129
9568
90540
97424
8851
14161
46618
46580
21570
96689
42412
71857
62460
66761
46976
38738
17605
77350
16031
84644
69839
27589
80463
19190
96051
99176
17646
52243
19432
98917
20410
42561
24837
10950
39986
33688
41464
86604
80268
63034
99646
22680
34891
62106
5793
98219
17196
23398
91921
33227
24395
61760
77169
4858
97302
89572
20386
31300
58167
56170
30217
78577
98731
71406
5880
55069
5095
63696
58026
85363
26730
57672
24396
77973
19778
46541
92544
53326
69940
84465
2905
94335
62577
80074
15545
59879
85998
35931
7531
44166
92101
54101
39095
7184
25507
44975
78606
30602
8671
36632
32318
51753
10656
73066
46078
46786
19607
38622
112
89547
23087
3017
234
85664
99444
15779
61895
1794
68062
69427
45960
76515
39880
85056
52
65387
46383
78658
12342
71407
31642
44660
23160
42298
34078
69239
89084
53685
24213
5548
59585
47301
8565
76171
49317
24361
91951
11213
26156
76365
96992
88468
69233
36872
89876
69285
18611
36260
64295
30953
7667
95937
91965
47179
54587
26043
32770
43671
96081
56984
65571
55666
20637
74136
31837
69954
14850
40140
81167
41006
32858
94511
29474
2091
31383
19351
87728
66347
71963
52023
97300
95982
64312
5618
59513
18899
48013
92284
78922
44094
65620
44493
16112
2609
18629
64302
72563
49831
4442
70083
90837
53652
64594
36664
55743
12330
72367
59823
78677
44330
11846
92329
40312
76158
97947
99825
95057
45961
8461
73979
6407
90433
18472
22520
93042
53454
86822
65606
19637
7616
52041
10475
61269
16635
63491
33364
45317
35858
93188
40346
80188
21386
32676
36852
97545
46975
53029
8954
9288
61491
99286
15696
51924
34110
54568
44967
3916
41390
26925
23554
49006
78966
50381
26627
11953
13872
59992
57271
49730
53180
97617
46270
74566
46645
83122
88463
9973
36151
13770
19261
97642
13056
51309
65919
47166
5877
27238
67435
63619
54163
90989
28978
33129
41370
55605
45082
55242
31949
18705
21324
1481
16323
67594
92400
79320
50716
80863
89293
86867
94633
8555
862
24041
76216
83133
87560
98446
10371
54995
62065
64534
62336
91043
14015
3706
63001
75449
75300
94950
94155
96624
96432
26830
80570
88832
22502
31286
86047
11796
34505
97033
36703
51719
21074
12919
34852
24986
11365
61575
96333
89783
26109
58669
80826
56476
78727
60179
31926
70379
55130
42433
83355
67914
85615
63925
56746
8117
11563
59145
19913
62421
56178
72968
14140
93605
85888
65345
18591
13605
26920
31277
3388
69382
89946
567
25858
85026
60746
74136
71757
32228
32921
55113
142
18536
35390
73240
43006
46954
32386
79271
9375
4916
52240
39867
98521
54480
5212
33465
68085
32133
64742
71474
1515
71040
88393
43725
72418
65491
17862
44176
97720
67135
15641
14214
85672
51031
3807
45030
97985
52545
24301
23712
57461
92893
63580
72335
47373
68792
5800
15459
17277
86894
3285
18792
74286
8030
62518
46705
73521
96732
7233
71241
63867
22874
1808
65891
73905
5615
10921
88243
58160
51575
28307
15621
44468
91887
87956
91842
77032
10108
7301
94309
97002
26938
29454
87641
34968
91972
34346
8489
5056
57931
96083
68923
80805
97891
34815
54710
3506
62088
59305
78018
13663
87613
93639
58132
95852
97948
49974
72884
24408
73627
83546
37763
16917
13000
25404
68237
21324
76102
76726
26380
34033
89161
95303
14838
87052
46470
85900
6910
24911
45206
84928
38574
49171
94920
13058
45023
9220
79384
34260
33628
69363
17806
71391
86280
30806
13147
54517
68482
89249
47596
94862
23282
36757
6517
54472
40162
69340
56725
47072
94251
18283
32001
32825
67454
26921
62236
28829
36141
41620
63089
86121
10984
80895
57513
13616
28053
70660
84486
96535
76262
32082
7749
15896
85191
14267
70369
25353
83607
27094
72426
77858
61729
20779
27035
29183
47700
89271
58012
193
30892
37454
2666
58228
34701
60179
71844
62755
47192
56330
75642
23454
88412
83392
55702
73604
97659
26071
15309
81266
69517
87735
75476
31246
8514
2511
76781
72566
8135
51146
89111
55379
88600
91778
13607
23301
68309
85451
2408
15501
58134
78051
55307
62898
61443
27362
52854
59102
53433
68164
56720
39303
55899
48548
86901
80766
67411
63683
53332
75546
31181
42444
30925
36133
34222
44532
59434
18883
46336
78195
34385
4470
56246
6044
83720
17689
33406
36575
93143
3192
4739
66215
58847
76990
31115
45748
57756
98526
25783
11089
90425
56964
69885
21350
93097
20459
82235
68884
39342
44923
47079
90079
65745
3325
96124
49465
37366
45882
86040
46861
65426
7131
29428
24273
84122
60543
86374
58230
59069
12157
85671
49494
85474
55556
87197
94923
76015
85784
63807
15358
30707
27238
5437
96452
46915
17913
62269
84281
80148
64662
47494
45574
71793
76922
86200
72267
53817
72574
46850
29239
84731
32521
95085
86557
88078
82282
81481
80445
68066
45288
12155
15125
72527
33945
27929
19442
51858
90199
20076
48358
54861
83922
10285
43006
60845
96485
31626
31014
69059
78476
60253
70142
27349
55339
73052
31779
53973
54533
12225
22040
16173
40732
53517
5052
74677
81447
24495
42888
87998
60923
91246
59211
44845
1531
18569
22042
14368
66547
53057
99779
45023
13310
86274
88725
85001
59326
20504
38975
13859
32729
77367
46384
73462
30884
51437
64491
28683
75932
7379
33033
53207
98626
8596
14404
16509
27166
36447
30878
93713
5856
30657
55089
35518
16931
43814
20520
92609
64318
59495
6468
13400
53214
52853
3214
84098
20642
84057
29134
12926
91437
78519
66133
6415
87116
80537
22924
14282
33336
70154
24347
39192
812
95788
91063
34095
39602
11583
26705
20273
87430
49525
50025
40644
18730
69591
41094
39372
53648
86580
52298
61437
65100
34783
67852
52216
31673
90777
82850
65009
77283
7197
20554
78095
2986
11617
28543
58940
39552
55248
95565
43334
21125
45590
83978
39856
31533
41424
95580
1534
28005
64231
62971
9457
99014
30824
61673
30687
37953
60875
12049
15236
84424
32603
9684
87410
60572
38227
62703
16476
9827
58268
59810
47304
20211
60140
3512
68096
1564
99093
69630
45921
79676
48954
55378
78690
79778
33403
25730
34083
94278
37779
65671
78703
86734
91707
82465
63658
46286
61520
80134
72465
19789
39944
19770
56352
16436
23282
40800
34352
38727
10431
80274
34755
59385
52004
29798
55515
1760
55528
5950
96038
9659
87973
91093
12745
79681
73559
76403
25967
51431
56537
98433
87572
12833
34555
43924
29269
74189
84725
79973
29269
11508
60247
64024
87245
28604
93822
59112
30364
65702
65062
42754
91713
69387
33848
4458
49068
23759
80861
91388
75190
53750
6173
62763
82935
40728
23039
28556
31269
24116
8530
60538
35624
85129
40915
39221
13733
51089
98333
60449
16792
79747
3204
8505
49135
53404
29316
14555
77163
10177
5943
68705
80280
12116
31468
63215
69196
54508
91772
16818
78624
16654
77356
30601
1783
34623
69822
31869
85713
84508
92318
18857
80607
11874
43714
29742
65278
73030
60650
58793
83208
66593
27499
79840
95062
75319
43055
80610
29827
51179
97428
24804
67833
91137
71757
69617
25760
57931
1486
11473
58791
10156
46682
39399
22031
90397
69141
3661
63427
29791
62455
62987
12737
6306
42827
24151
81625
85883
21113
11453
53414
18542
52609
21248
9679
40718
90865
51791
15001
8703
79617
73793
18859
26299
13192
57242
16696
98685
77256
96476
28477
39711
59463
57566
46017
18643
98069
27642
20878
19182
55447
74292
37724
24408
95540
63755
81478
2757
15547
96480
11460
11516
70273
46672
37815
83465
20266
70864
82150
97522
67340
26979
53585
43155
897
99602
61798
98966
43597
82676
18149
15396
56969
72225
56157
52509
52333
37635
55267
67880
50467
83079
79396
20740
46103
33563
20557
66370
4427
2708
63892
71767
46039
17478
14923
63289
33432
93073
62255
93381
75750
96756
25130
32719
68982
81287
1580
37667
35274
73199
21899
85742
56279
1295
22834
2382
51210
43392
85104
55638
62452
65349
43757
8491
82827
75032
71780
32611
68106
50388
42345
60208
47144
67475
92927
32478
65114
10859
70145
16740
411
92044
18834
56690
9691
41669
75424
77254
85061
76881
49244
47513
42230
93001
72356
41409
84386
60489
74020
68844
10877
32717
29052
74373
16544
38331
23204
98010
49190
9701
14751
65953
18098
33585
22643
44141
91606
14420
21395
76667
7653
70639
40532
49883
79993
29241
91292
80731
89730
81664
49575
16959
14382
78627
7684
47278
33310
47240
45289
98852
56942
60040
64806
91392
9977
3801
35533
1584
34573
73281
94603
42226
60272
51488
92109
56617
80729
99753
37348
70459
81418
86923
3770
12152
81902
11454
75782
15212
58695
21071
30417
31989
97463
95223
23381
7441
99024
75266
25377
33598
48547
36332
75824
25172
87820
84286
81789
68549
84039
35490
55360
81809
38765
75482
10313
20668
3289
86096
52232
61984
23519
82649
10325
20983
94224
33706
44776
93249
25324
70153
26847
90224
22837
19023
15396
10658
19661
13537
95559
20053
49027
67272
18214
87793
42754
28528
24813
46043
30976
93397
24379
54495
92399
34704
91830
86623
84762
36606
96224
10087
23111
39423
311
45949
58447
32059
72959
78108
61948
68518
98161
10976
35790
16376
15121
94897
61256
56286
40940
8584
66035
65320
79431
58434
16376
87614
61410
1139
24220
57634
27578
63684
97058
44241
9633
71857
92652
82592
66317
54600
67462
80831
81928
3253
13559
97049
98150
74815
69687
55442
99751
35723
37114
95534
10509
53491
83148
71919
70982
7369
45906
98560
71053
42964
59153
97038
31173
51805
95982
97490
6405
63444
78321
88334
66697
91880
1735
81199
83047
71423
52994
99150
23498
90108
94685
34007
43599
77833
5927
30933
1554
51833
45845
88959
11149
4998
2349
58674
73155
98331
56164
79561
61776
50838
84247
44825
59070
2334
42377
42118
90109
95371
57620
13607
85479
52305
47615
45431
46491
69894
76364
64397
38079
22210
69709
65580
27208
72058
24254
364
70390
96770
96277
48518
47608
96876
93343
6679
15562
52072
65149
5672
47443
22769
19279
32923
91427
83246
78354
54270
53140
71070
18667
91219
93280
88376
73151
36841
76787
97405
53557
47177
94176
66186
12047
58136
63062
21742
81167
94976
73815
62668
648
21258
1790
19928
70533
9569
19526
65239
63839
72667
36310
82506
80238
29590
87235
53390
82783
64022
67147
36340
27551
77675
18878
39598
35812
98292
77692
33331
93269
51507
96000
93917
72766
14142
30197
43299
23711
49724
24891
87550
38743
61201
86408
35333
7143
89995
88723
89927
70369
72223
42619
97920
49898
61498
53870
85710
59790
47915
35394
53059
99422
47746
63329
88540
61888
93526
48192
1951
59602
73083
5853
98345
34284
8613
33679
41427
98609
38754
47706
68978
10977
90326
83251
60876
68176
53473
62938
44318
1388
14684
13730
811
62430
77059
5703
40670
86937
53895
58973
62892
26978
64826
77589
61262
73440
27620
19042
72049
66375
83100
57379
93704
89778
56982
70932
57954
10456
50223
18625
28196
81259
32355
45359
43690
25766
51063
712
29055
4958
59686
91947
48289
24512
69537
25903
14304
13509
44945
2705
79884
28046
60085
89941
17824
33419
77225
92131
43875
27448
10756
88424
8708
59463
33783
68750
1581
84846
85814
30636
6157
45500
38936
54446
86365
24825
80349
17021
38334
41647
19727
34571
86045
96164
40864
20221
29583
18089
12352
89811
61890
39460
78235
86950
15275
12018
72052
16856
13217
57866
63845
35726
19719
2781
6524
22436
43958
86873
39457
82292
44872
59184
33215
30917
55348
74079
51139
1284
92169
79843
91095
70411
19304
69330
57361
50931
97700
45765
67788
27269
3631
47985
62995
39702
50766
85871
62138
11076
72745
17948
93368
33969
77132
42936
64887
48833
17015
16026
66469
25536
95869
57564
95947
31525
26894
69660
82457
40946
15425
66597
68216
19057
14582
47563
75111
81700
33435
37250
92776
22532
55198
2496
56501
48682
45432
37740
13867
78800
70118
80336
4336
65988
54252
284
13865
97498
69944
12674
38445
1722
79271
23013
37131
10205
86928
12242
91905
36715
65844
1033
59247
37394
19882
32101
86077
65314
86193
16296
44114
56312
12985
64803
38652
67237
65087
52517
64736
51383
81544
19533
69457
77167
42546
6588
87373
29474
18831
95630
66190
84675
96664
41789
22070
16546
90242
24499
98212
76436
57147
58679
32748
86484
23482
71400
70074
4921
40269
51162
72656
21813
70695
42114
15333
29593
48702
2706
75419
83885
98336
57961
68561
11352
16103
6983
44250
6345
47834
42463
99133
21333
17494
48233
7818
40976
35985
77892
62249
76255
29054
34905
14420
16101
77019
29753
45694
42074
48811
21113
25959
63500
79075
10872
91204
95178
17855
35455
17875
82041
94270
33361
3375
11764
81594
11193
69092
33932
5437
31341
26539
50843
66246
40959
66944
59618
87065
28990
1692
52228
50103
27651
15728
45530
38524
6933
57060
72731
58740
91288
54773
53010
41001
74500
81126
22595
85693
50218
56527
7482
97911
83066
58325
80509
40378
25269
40127
43795
54259
58171
96023
20714
2175
28104
82597
57051
35037
56009
29782
10129
63649
907
63139
4650
75407
60617
43598
77452
27187
125
84934
25098
99544
43259
5607
56274
84880
62087
69
55491
20258
12444
92558
22433
40548
91507
79484
91937
47516
25619
18418
27518
42878
81557
32168
34638
58526
92118
12090
85713
8596
13377
10811
8140
72988
16419
80766
57869
94858
97187
29712
15116
9631
22270
53902
66532
13777
33386
74821
77646
75357
93240
21516
18236
91149
70036
69226
49676
62155
81316
35389
70751
11045
62553
95243
84034
95324
76009
58255
90182
73196
4319
5298
99179
26590
59200
82063
56719
8939
56885
50717
648
66477
88585
18884
57626
58622
4462
7302
20777
2131
59044
7880
13176
21597
3123
13562
33273
95484
88169
23455
85032
92489
45105
84211
35431
4306
82627
8502
29597
39512
75572
30245
5989
64157
65482
79967
22779
69944
3622
59908
72075
62666
67788
1604
615
87263
15166
33888
82747
3336
73695
67779
95825
18800
68343
47608
39458
67322
56110
69055
6834
31682
15653
29175
95840
81135
25494
34971
67431
29116
94880
39507
8134
79020
41111
25101
66284
72629
75341
65383
75965
49036
49515
88142
84189
17858
35750
23647
1532
91861
9055
24718
39895
24708
53893
35735
22195
95739
70707
89626
41208
81939
29133
49342
60959
86596
90796
43595
59226
66137
8979
51543
31526
58494
39686
15715
92704
91788
55714
94236
83649
64769
18954
23545
5829
89199
75632
28024
1290
46339
17651
42498
44630
63136
91841
5590
49733
82637
65537
25311
65126
74516
76854
96652
49362
32892
28719
58418
24681
84434
69006
24682
65555
4312
48227
71385
9863
40212
15761
11154
2903
33412
53652
47534
12901
61845
69476
78986
60834
35013
4297
25961
25882
97503
38965
75244
30396
67685
50015
55077
68471
19021
79759
34026
39686
44339
5411
49549
84551
21173
60703
87454
70937
30708
34988
83838
92553
4464
62824
69740
55830
83473
95701
81712
80977
51018
73308
11373
18703
23323
82802
87174
58697
62561
37553
98383
6900
59316
47932
7803
96841
24988
95258
67779
55696
46598
67969
64601
67415
47146
34341
23245
30619
46394
21309
27948
97413
94617
39321
32468
34293
22123
19643
9342
1037
73548
7725
24289
32864
72009
32093
29706
96997
43703
13837
69045
90301
81806
49999
74068
28952
84340
13665
75924
30735
34974
3872
28148
45944
59546
76968
80237
81669
12963
5931
99058
86511
13656
23348
19376
2017
55441
49082
15367
15496
62919
764
5797
61077
50763
96218
6382
35104
9883
82306
82191
61210
86178
26691
7154
62076
3659
3743
43746
16623
9674
59156
3134
39682
82504
22510
41699
54297
87944
73418
69793
67215
74183
91943
44645
24946
88161
51027
60050
98044
49685
42241
59254
52215
68932
82760
14292
88944
86503
74390
5567
96177
33546
8701
52211
16051
47564
10263
70348
51860
83681
40142
35428
57864
48437
80073
82811
36598
47452
59213
34642
97137
1455
10249
49352
86739
93009
63644
75683
95865
38034
81250
8394
87933
6304
60606
3984
70220
70869
90684
22080
54550
47178
57508
12415
95615
53933
11578
32213
1385
70791
83208
98522
88598
9809
64227
91690
19170
27871
83725
15035
82258
81328
23430
70191
87632
388
90527
57852
71257
81211
96284
42159
28390
53793
70926
40357
7726
98856
72571
25464
69648
72131
23986
74598
81940
88213
66288
1110
32437
50014
16146
31047
31342
55928
17590
35326
56316
8117
9530
43925
5680
5814
2436
50422
59607
73363
90780
83686
72219
79703
9150
58219
51834
49488
32818
50126
54054
99106
51236
86491
65472
83734
33890
13166
39662
51480
48492
12330
75949
58022
56255
97981
63837
58692
64756
39796
48407
71888
39834
36978
51591
65336
95198
19777
14825
28016
69903
68879
43474
37491
71722
8947
21226
21964
22113
77240
89796
86958
89571
65745
61332
62178
80078
41521
37222
44834
81318
1981
33074
37504
38960
84665
2841
34158
20794
34018
78526
7049
19249
22000
44541
90971
47299
82119
29287
85765
75711
19083
72723
81634
1180
34055
43813
81258
75577
97387
42445
73247
99369
75519
10751
38329
76537
29944
88839
97331
63962
67365
4381
99563
89365
65274
6886
36665
47393
36173
22430
39456
55256
11505
21091
56436
45560
64904
37695
37489
78643
96492
10736
78012
72011
37840
32693
48548
84136
21532
62232
64451
88897
66613
64014
94615
48239
70901
47632
11984
7074
70062
51440
62331
97919
72531
18767
59831
53787
72814
97321
32431
69306
24409
26795
57670
78601
59489
6218
62738
97373
68450
27189
2623
51415
91203
97238
99654
62104
44870
11638
85531
31284
79431
47862
29203
51962
82981
89034
5750
72148
2707
54533
57806
27117
81328
15476
22070
57169
21695
84808
70895
6497
11997
73518
57913
19553
87108
73919
98009
48330
85558
83540
79614
81341
47754
25169
33303
47088
30555
55405
35588
49615
9938
93394
93084
91267
8871
15154
64788
46918
99963
35683
53415
28312
25553
11328
47865
12661
85248
62227
60991
87158
62119
56957
68499
9874
82126
18154
73314
29034
73560
8902
78649
83498
2296
71733
91117
27519
3239
55906
74437
3202
91589
27853
47867
17143
39181
95732
46156
40781
74311
7148
44291
36431
80457
29142
62657
62584
47297
35971
7970
37209
61225
2971
20707
63521
74704
11825
91041
77943
67731
65478
97498
75672
9683
45365
9167
65217
57449
71676
5998
31761
78824
66642
84544
59281
95784
47201
38217
59433
83172
62539
96642
44397
65510
33702
24270
56566
45527
31663
50862
29610
13494
48360
21634
23177
10077
47154
88394
67526
18830
10745
15639
97654
77387
183
73287
89523
63736
27857
48957
63260
90396
61951
7657
55907
95653
48280
12473
57532
96295
63335
87142
9789
28047
25129
32967
38124
72283
37713
22003
91113
48458
53994
5119
25845
70530
78406
31721
34266
22615
97030
97527
13012
58981
21536
85271
70987
86168
14096
28519
82464
93784
15662
92253
21831
40791
25220
76308
29426
79286
14663
20539
27744
68657
25658
69942
55539
20416
1663
89806
59384
98693
3685
72396
74026
25221
74019
45013
11390
88115
73533
93854
81899
5547
2459
20083
62690
44032
96391
92116
23318
27406
12655
51062
96063
54665
21004
67955
91433
22667
57761
50817
37712
61446
23213
11739
3019
13584
56752
30761
1700
46637
24615
99951
52184
43427
20034
14874
87459
32777
6990
10777
60183
35997
61839
72599
90662
99196
40554
82096
38215
14667
32913
75928
92465
72479
4019
95484
86063
77123
26246
4115
23761
67213
4067
75945
10640
40453
90820
14451
73231
14162
25228
49766
50160
87068
22365
57174
2616
62919
39270
40831
77586
88536
33111
70051
61015
37130
81888
63430
14254
24486
83898
38015
8051
4317
30312
35044
44770
37484
49495
34353
51647
74724
84120
18159
78144
6485
75333
80760
85757
14604
21591
79695
19492
54703
66099
96859
8185
47987
60289
22439
88825
60539
76806
96876
64856
7119
31920
25979
44603
81416
60332
12602
72492
44452
30761
50636
67290
22447
31396
53047
37051
69339
49094
72895
40394
15193
69754
48580
79532
46395
87371
68357
6935
64178
65234
88143
87649
13506
14122
32252
94922
74455
61207
67414
18907
8320
34402
2549
30767
65798
55596
84170
51490
4691
57065
91884
36236
26819
56816
15769
89567
44188
84126
96502
8366
65712
84645
96015
79219
15120
44619
74141
89575
5826
57908
24834
14147
92310
27384
44914
74461
99332
45437
25951
20375
2502
34187
56612
45674
91004
72381
35241
35192
72859
48095
43558
38572
49092
55925
17791
64212
544
8284
53787
22723
82544
94974
53222
74855
22358
14488
65668
38042
59925
91619
58418
78780
42158
31382
24454
33162
20115
59695
68354
92974
7790
28264
47898
73234
541
82041
37447
17438
90326
7586
56513
72870
2560
9735
64077
41270
40575
29745
95665
16853
37716
54083
95633
79875
1817
20087
13037
21932
96134
97744
31258
20276
42360
95509
93510
59254
77550
30957
76692
67876
54896
33205
57099
73808
59292
21176
15079
16219
50922
10744
33072
4990
81179
28705
84865
99348
48792
14255
37632
61278
11999
85242
81554
70711
80751
75065
29965
74654
22374
23009
58882
77270
72566
15981
67431
48210
53510
82510
64430
20784
9606
97502
25774
7137
26208
10640
22837
91352
24895
60469
52631
53246
45711
34185
40309
42815
25602
86627
17469
47977
9636
76351
41599
98555
8685
9030
46765
62195
7892
11195
82979
33850
8698
25105
57339
51258
35745
80176
42610
76992
40645
11593
30238
2709
62131
86900
61876
87733
73527
95697
52062
99515
88400
10014
98070
97085
19044
44836
75632
43289
56031
74963
77139
81081
69
50831
32339
52166
31007
91302
29159
88005
2895
75749
7066
65026
62649
68942
52760
36176
80991
21174
35692
69391
31188
33762
82829
50233
78598
58461
9874
50982
49777
3365
32063
66198
54196
80755
18364
85204
72057
47523
89561
74952
23273
96627
39979
85922
81921
9091
38451
62912
30265
74143
32303
77806
24257
31484
44391
19208
89946
54265
70190
56075
57630
18605
22273
28179
99360
40637
29735
71417
4513
19296
62722
44138
32275
19053
30060
14196
44496
84863
93460
91113
75358
25763
68919
99616
57248
13310
18824
63546
67575
5366
35973
41558
23971
58246
86089
39684
15235
15824
27453
36100
35120
90175
80238
67395
25580
26651
97943
70076
11514
91403
61190
86873
33518
30109
2841
7118
59772
21665
87016
43699
43383
22989
1609
67354
97587
87698
23390
29175
3522
50844
65275
54994
57371
61866
38741
82952
88517
36684
69380
16383
44439
30570
3256
77958
77032
22449
1428
53156
44114
88445
96855
87497
27786
98465
71204
25374
86163
10946
70901
6038
78142
36176
61032
35514
98042
99774
34818
2911
52810
4198
19295
97250
51121
38903
91560
44505
61353
92988
97661
21819
97785
94516
25669
41924
9333
96873
67298
11849
24171
54551
17887
2314
90727
78919
54180
5122
78693
88998
8033
47856
9548
43680
45106
77021
82584
53018
21526
60289
62358
35539
82108
60144
46408
7777
2068
55741
21002
85718
67590
45174
40269
85477
47488
47348
80749
1668
52470
75794
7018
76856
23650
32918
36888
68756
9940
19472
21774
47818
96113
84133
83358
78222
60629
29766
2351
79049
85507
23354
64767
69450
84880
21388
71279
48720
68736
52028
66740
37559
44175
73758
30767
67825
23028
67655
52934
32968
3480
91060
80787
99593
91545
80497
94167
52174
10263
96519
31223
12122
36225
12342
97924
21105
50082
69204
86177
18819
37584
52917
72730
81759
26675
3497
65937
49703
71152
18871
99024
74632
9931
96163
90578
1477
76660
84745
70003
86923
97616
17579
15397
50193
46273
13322
87650
96356
98878
73827
15175
52814
26744
87905
50926
69771
7754
16863
35827
78906
35734
34851
69891
62017
47366
76821
63494
24026
77918
49850
27301
91887
67429
59050
42080
13702
72372
29731
10058
87602
3558
41585
40417
46655
45842
91343
16426
53596
8206
52253
48855
60292
3456
35098
22309
50822
11919
2156
91200
6189
68358
18501
98076
35787
77552
40157
65841
66276
86240
92252
70231
6150
33837
10648
52805
96032
18343
85584
49628
42901
54189
14835
3193
57646
49933
41854
24820
78204
60362
32373
746
28720
67226
98822
80859
44778
55331
46701
27407
41571
38953
97638
47722
89142
24638
16879
85174
42981
2463
51155
2234
56653
65990
5427
30651
32276
63633
71823
26832
23996
4196
27578
52716
71423
42753
49928
32553
98084
96629
76312
56008
51934
90302
3730
41076
14940
36961
42603
74273
39425
10110
76507
96078
92452
98286
43081
24728
78272
14904
67913
2268
35453
11843
71336
6876
70948
21264
55781
69033
34245
32094
41393
2531
38748
61475
59960
53689
98436
2563
44314
37861
12673
37174
50291
5125
51812
9724
46206
30084
24629
30471
48704
76434
42314
36393
99662
29615
74009
55443
98648
8255
3889
40041
10786
42638
1516
70746
12679
16304
89661
56993
54166
18686
10519
20809
40164
62332
30534
86370
92416
71515
33193
57473
47949
91859
93866
47611
21474
67875
3054
36474
92482
23296
92867
3269
65934
10735
90367
94965
27040
96381
68310
97558
15067
78830
18367
71583
41162
48901
74305
49930
36768
7498
7403
84717
99358
1269
32328
37184
85497
51735
73659
77979
91383
66526
97600
73669
77262
4320
68634
4302
701
36944
1860
32120
15774
36579
20056
73288
1833
94361
23219
38601
1860
46974
23319
17570
64596
71999
54754
50093
40086
28413
28072
31469
11292
42025
5138
88554
46345
73772
9208
63398
27069
27420
11870
59195
63999
31926
32484
65832
26288
72055
20786
44500
19029
60457
62070
99977
32456
33176
50070
88895
77942
94495
20364
89234
36520
25503
94140
99217
15627
3348
62615
42696
30768
74485
1892
11119
22764
50728
93304
49052
22783
14090
9904
58164
74547
71974
58142
23355
21502
24564
12250
99444
19059
32615
5030
71931
74470
99170
71148
6449
18870
50115
65498
65990
40953
83742
77110
63717
34470
70414
29121
73605
84504
39025
31769
75403
27351
6263
98758
48853
30828
11009
64650
66239
43624
86032
54523
34446
1555
42023
40895
20425
92139
6393
86416
49444
90135
79878
29513
40957
66644
58634
14562
67500
14011
62684
42903
41362
68947
58013
6567
16127
69022
87569
98719
28998
73602
53242
63444
75157
11617
20692
11934
3756
43437
14702
69552
33573
94580
99065
90882
77576
74051
5445
45076
4414
68129
4331
62128
53428
62345
68696
85908
47719
72617
979
76718
62571
54221
56514
37728
65838
93558
66015
85947
36996
80717
71851
86921
91650
87269
77803
69226
77672
83248
30655
82087
67729
51338
44215
37510
13683
29263
39770
77755
18233
40749
54473
80804
11322
27339
18533
93512
20898
84548
95811
74246
81617
67663
61167
73267
71284
38970
58846
48956
22219
89501
47395
6300
57191
91611
43810
87227
37226
99932
64982
55459
40681
35807
36264
52003
79498
71149
61868
396
72049
57679
90994
53666
25342
52161
43286
12978
91132
2132
61935
29703
7985
9330
36003
65176
17293
96166
68755
54520
96098
33737
26331
36780
85896
62595
5135
65395
33744
67003
82143
22145
24683
73138
92164
66377
25299
35450
79356
16431
53934
41291
46134
61919
66973
82138
43447
84267
78304
12203
55139
90754
62292
81470
27534
48189
44066
32670
13584
94162
16025
95727
16308
40708
68865
8472
7086
94165
60274
2794
26948
14208
60437
73083
92479
27410
71573
52278
11677
66229
64481
66816
56983
43126
48287
84518
91315
8705
33540
4899
2867
49565
16978
35527
6626
85844
60351
30064
96361
36977
32858
23309
51185
93295
12744
60016
37057
84317
12295
48735
66898
76776
31903
23882
19902
96542
24752
27569
5247
58292
48820
24467
24209
65799
76346
47187
67995
53050
77251
64356
90027
26461
4017
41213
19756
33114
17581
56814
33783
29876
21901
682
6653
70156
24564
42907
66699
49316
86829
88298
23960
35649
12765
64521
1448
89112
11709
69443
58514
88960
50151
48541
15422
70521
6106
51530
3635
23688
24696
53770
53564
46597
54452
76569
33106
79016
35829
99805
44684
22658
88103
84996
58307
17221
49518
59756
6333
77579
45551
64847
82891
12055
29740
14665
98928
35847
66196
18915
59535
7244
72685
29451
70194
27138
6021
3300
22506
41850
3105
83543
64508
7560
68539
22815
24781
34409
98923
47466
11988
60827
28665
94880
89234
58406
25897
88162
94253
92093
7077
70140
15690
79762
99591
85884
23252
21964
89184
45759
80166
8641
29302
44674
16201
14193
83842
40983
48603
99117
88449
76943
76296
17115
71823
65530
91873
14073
53692
2478
22518
77121
72618
38208
73236
88561
24092
96488
26878
29628
58599
7044
54621
4253
68071
87175
18447
51913
28158
83402
67382
32959
60345
43679
66426
48521
9209
58299
62594
79254
77129
85112
56375
49747
23321
29611
54661
63765
42452
81539
9746
1051
88583
64367
21657
73006
51542
56456
24919
96052
56210
8654
45364
16555
52333
28142
81428
77894
2794
44022
57148
79923
45487
13524
46023
85160
59487
684
48925
1939
98575
75023
19343
3510
55743
57352
76517
23637
30160
17788
19690
86370
26442
81406
2925
95127
9548
706
73022
12342
44728
46522
92266
6567
76398
54641
91727
35886
55325
57005
54177
70252
32028
89872
73762
87771
47224
50279
11409
93736
84420
47451
80106
10862
28857
99384
22342
54757
90
95364
67100
61170
58238
75718
67738
34637
30359
59465
86875
2036
16470
41052
72288
64851
47277
62402
52622
10853
29034
80383
4590
13454
44186
84696
40668
73043
84080
63010
27801
84170
74726
11253
45341
32965
3323
29431
67602
50034
88896
54477
52070
21719
11881
40710
86570
59158
3112
55544
70012
32146
35928
90954
61952
80114
75650
2621
69510
59731
81983
13663
60253
56710
24916
21946
89675
44591
51377
73629
94625
56626
28106
63047
78345
39987
3757
64915
15498
23221
20459
1862
71720
72739
92816
33672
69206
68466
52645
38716
44549
34629
52379
21155
7691
93647
59453
97366
38238
10831
70995
49215
67457
15453
12262
45802
71792
32371
27069
87290
55592
47528
5504
27312
36620
98320
77337
5826
83139
46334
60894
44040
97315
29625
65195
5006
23272
24649
2372
77862
51832
89719
43429
19289
21524
55691
81443
93317
88062
24864
96959
60006
88744
2464
3671
25364
17136
81008
47542
275
43694
8436
44316
41010
38061
25863
46016
77685
66864
64741
55547
18696
70812
98976
54337
92337
71019
52132
85654
75433
76996
82613
35440
65741
1429
39111
91105
18566
36471
38648
35193
80165
47084
95861
21175
1498
21725
83544
79183
4941
48285
51083
23638
19097
50059
94327
11434
37431
46460
13440
12864
23456
96054
64656
89197
13835
3767
96655
32401
56590
51655
83947
36756
15091
79808
74283
16589
17885
57827
95773
22827
22464
46856
62817
41562
13267
57144
69348
67050
3604
82789
79915
43413
95195
44571
48962
9030
64691
45617
57784
37633
13624
58083
74389
28716
37891
65025
45305
55777
39204
57430
78604
61669
20638
41421
19583
50258
14917
88931
17308
18522
88072
97223
78287
83267
58147
27249
8650
39190
89219
82786
76823
2843
40869
67565
31559
78760
32590
93217
50889
88146
50647
45845
66167
87638
3618
85750
37896
18536
91034
55204
53410
79106
52428
31697
62374
26927
58946
87376
66117
48165
70162
42940
67361
11031
10505
98920
6143
59447
8489
73385
63946
59137
19230
30113
63127
22849
15864
1023
41385
6898
56227
11147
86004
25007
42844
64730
68286
18142
68458
34403
82660
38620
93696
50021
66003
20553
48941
88499
96353
57431
61884
60299
32920
81114
90412
96047
20315
6276
13422
78052
29526
69649
89199
31883
11009
48395
96613
79295
66538
65072
13699
49198
20044
23747
99219
2400
44300
64512
90899
40653
38295
69135
952
87567
66601
7717
83614
86917
13993
13388
81321
43520
83038
70521
75403
94047
18916
88368
89694
85454
69792
19745
51004
6189
43492
50223
8589
4145
14736
15840
44798
69383
84975
62103
56951
51576
69820
56917
54845
165
70306
36167
60037
69696
6688
51792
63743
41956
40161
69789
43763
26305
89535
94767
32494
33027
44991
41083
37172
76079
56923
98323
61814
41898
76778
18765
9827
46598
75683
64672
63115
45989
839
23153
15685
23879
91297
95780
65836
31458
65569
9599
74116
71456
4366
6610
4484
65709
64046
58008
58140
37321
56331
19955
95572
33109
38720
5399
96059
30755
70071
59175
93096
87263
98680
25133
11142
89977
20913
93330
37788
2835
2929
28256
74291
23648
34866
95127
5709
15264
53136
63850
52586
25819
157
48158
75281
55229
53557
71340
85985
39980
46867
79081
43595
61899
4215
71090
68229
41480
64420
22369
60667
67350
50625
51311
7350
85491
62790
13059
17108
32278
93261
69694
58098
93418
34204
49731
48648
4113
37423
50985
60445
84291
30066
4041
62542
50633
75131
30771
8466
39551
53140
85485
23253
3765
53148
30603
5609
32291
60015
39069
64569
53276
8763
39019
63047
42967
88750
28047
63432
26174
79032
23877
26817
25450
27918
89359
92436
19401
36483
902
58953
5975
2739
98558
26093
72240
45514
48054
4531
5529
87123
69100
75157
12238
24472
54556
71557
13222
82603
34989
39396
61635
58866
82565
87086
3137
71925
79522
22538
24760
96776
97843
47087
15867
96402
73180
4459
58268
37586
8990
80149
24709
94443
71658
53299
18915
26215
24856
32137
25170
76197
87886
86806
35064
70451
90244
54553
58728
86118
93443
99840
99246
91287
46928
31465
4041
36460
35925
62309
74047
44915
42458
98756
55710
14116
68408
74625
56683
93264
23115
81854
69462
27353
85012
20878
97804
91608
91783
72885
77726
85226
72725
93324
92865
19653
24789
96906
56114
60714
75567
30161
21982
34377
45269
94044
64846
13677
68670
21529
23294
8137
19735
9108
35490
4747
46338
49646
96355
38121
22531
90433
39699
95257
83757
32565
31262
8547
45823
3728
85613
37743
33889
23947
72120
95511
17992
36966
25540
3014
74848
65186
27503
94583
90646
62993
15683
36984
12639
12038
91457
51523
2472
31157
63132
2581
80074
94394
11128
42249
14475
13094
79992
64716
53393
68465
60227
87737
21783
2120
90751
12983
67306
18254
7567
57953
97599
23250
11289
26591
51640
2747
94466
70464
50256
57598
73046
46682
68344
526
5283
82819
13620
1628
47536
83366
70093
24115
71103
8228
26235
61855
21212
9894
96461
45131
84199
10413
84733
11840
37004
36373
30939
31470
6838
97547
5420
79884
44229
73764
80410
49513
72936
10383
67493
20472
93749
37586
44587
64852
62166
87175
43059
83378
13421
55873
28509
13972
66286
13242
25812
19642
65968
56752
67464
72806
54299
72884
69042
14881
63000
49452
80746
35936
76187
48239
72760
69936
2177
33700
51141
64343
37227
10552
64074
50648
66425
8935
64620
49063
38530
6784
85057
4498
79888
52521
93656
50540
41757
79050
65421
21110
44854
62519
73398
21042
10758
46159
7330
29287
79859
58471
93630
17086
69024
74056
84086
51801
82992
65058
865
37874
71842
85922
58724
68083
54796
68732
18623
12905
47782
396
34015
92636
62915
7414
13678
73673
69925
37361
2960
66136
95832
12942
99574
81208
86999
83660
33010
86343
65070
50227
40569
53264
52501
99293
21347
23649
68025
39970
36555
32159
40366
86922
24795
3281
10688
54826
93306
80613
92187
12618
46749
4371
25561
46323
1932
28912
46335
34942
31607
11405
1521
88528
64670
54022
87821
86017
94024
72198
42340
30579
4357
99058
17501
29152
18692
28190
330
11998
25155
8869
40969
71905
13241
82882
34580
15173
28146
80916
66467
59753
92321
84340
48281
73343
54714
52454
59361
48738
41004
1701
79317
45361
17111
13171
90865
35803
57713
91196
64154
82868
65
5123
71125
29658
88005
22058
61183
16151
2974
27650
92256
11647
28342
56889
84991
83057
25695
60704
31795
66699
78757
27465
12060
95868
56988
19277
48024
14701
26825
12178
13921
43243
17301
1399
72901
21658
23457
50437
37809
42783
78087
46417
70782
6430
3306
72125
5839
29001
32829
37634
95700
11586
81451
24112
23807
38439
59741
71831
53140
86567
84009
83414
46162
17662
84813
35415
39320
24622
85852
93481
83757
80292
39898
54539
86722
59556
26665
8913
4909
75846
46547
16961
3785
27999
41073
27592
66438
17166
15775
35931
20085
16136
35697
66247
33798
36862
1663
89470
61484
87515
82951
45241
67807
39201
16132
70881
98757
42797
79794
3666
18644
42694
36979
38781
87045
94404
66373
69835
11570
98500
22118
31656
14636
57815
97903
48434
94677
15918
54256
72513
19786
53559
34106
3945
92760
50239
74827
7869
9388
70973
27887
44384
30019
64866
83165
17064
59270
65890
3252
70840
64390
25370
18848
79026
83186
33104
43812
77863
49022
98068
66729
68808
51627
835
72754
60739
51074
63933
68608
76815
51258
96495
21199
81278
61361
20717
14694
36983
86607
34298
7824
50998
59669
43024
30024
42855
76128
90189
37070
25151
88257
3799
10311
56237
20987
99417
16976
88413
63350
1937
65228
30961
98432
86428
28591
76146
23497
43285
13129
10104
77584
37305
61102
53605
80330
7479
96460
56458
97668
49882
97961
2277
70034
24625
74866
91021
24042
8195
95786
87393
10132
61015
34706
8564
63795
63297
1062
87292
22934
30544
97396
518
67849
74851
70475
64531
82330
83287
37342
96350
33170
35303
14979
19556
59928
89846
26929
83971
98041
22715
87716
8173
83730
38774
33089
63877
2071
50504
51169
25005
81048
64918
41876
48897
39769
12351
13429
38451
95639
67123
51153
45161
2426
66132
81069
78707
72330
7998
79030
86723
47065
83098
11248
47148
21872
44338
11025
23943
94842
78547
48948
75890
43465
90824
41139
99586
19528
70920
38037
15167
38043
89190
76680
56822
71674
57749
35529
44005
82099
14559
47080
29164
14009
58329
76312
35881
2667
3690
59824
13861
82237
25124
6103
25702
15949
63594
41640
51829
34515
79677
83348
88910
85219
60028
45732
73245
17777
97613
33602
99876
28524
80683
45392
42533
39012
21705
78414
58031
25395
38238
88244
23984
63363
94347
66038
95664
57941
7678
47493
8808
3707
30841
97719
5278
7221
59803
78523
41350
57417
28478
41226
2293
9161
2970
44827
64525
24675
39593
22556
66422
94184
10800
6758
73899
21499
72796
69563
79440
80474
33408
4601
84181
80601
2320
89459
4174
78475
84335
45524
52244
12813
86750
54538
21974
6072
15717
2851
47100
55310
25407
13522
65846
52559
20281
39745
74058
9429
9308
69850
89904
59068
74451
74085
56021
93123
79897
60195
87951
64232
5719
40195
93397
8821
11085
31723
14894
43154
34574
61994
98465
76333
91868
80663
28892
28501
20409
19302
37931
29717
89152
27835
5138
79956
18272
77511
89431
14521
37707
77382
95105
59778
17578
88502
68600
45015
20225
99846
88170
54799
78192
2987
31132
70060
83650
76376
14914
4059
95678
52845
50129
1183
97032
71619
97491
31656
49130
86922
62530
86837
64305
57635
46616
98235
46138
31568
43250
66363
47766
31420
37515
25958
34407
84999
96018
34410
61376
27284
38469
73406
96481
88598
90941
93513
60217
88432
41522
9348
75355
4052
12537
56012
78039
75505
54247
24177
23425
97497
90541
71191
45270
44408
97149
96029
29407
9520
30439
90783
36804
68909
80542
33286
73859
71483
43151
34077
76268
1025
59777
51623
21429
88666
23987
99469
64172
78234
23646
3949
92083
30539
75141
53705
74947
72290
49735
4355
81810
80174
11490
18615
65435
8384
68253
39295
79868
11404
89724
56136
12430
65853
24111
33859
54519
64450
33328
35043
42684
73327
38993
51119
3866
14134
4825
95166
2776
70912
15873
84587
67438
27363
19554
32874
35748
4159
88521
31968
31915
78245
4456
60697
60450
44919
10909
14969
9369
60589
66365
68405
33916
5358
19524
54135
35844
40701
49301
38620
27965
65174
39559
95404
8889
75465
28278
44637
79624
33151
92957
11540
27748
97413
72237
88198
42332
99498
19519
51701
60088
85884
36458
94004
7594
55983
48139
43438
13036
13792
98411
41002
78966
54322
52758
87856
29788
97388
48845
25764
30539
41803
53656
58287
55568
42246
46485
14253
41744
66004
82306
1832
68241
18765
12189
75835
91100
60328
35626
4136
74121
50389
61490
69439
4711
14248
73647
50851
27988
22493
92968
58527
80648
62976
16814
52568
5222
63299
66821
63319
45656
49128
81503
13897
84245
93692
89732
75345
70373
41710
95833
60846
92099
57324
30285
13163
87924
3933
64014
15913
42778
73334
90792
23426
36311
7607
92346
41533
87258
59168
21204
49266
24648
2708
63163
8893
96400
69248
84238
83125
10958
80071
43971
19410
53747
90609
32573
58024
94542
12939
90289
53672
86274
81081
93450
38937
88688
85796
80470
92299
61316
18027
41565
85964
20735
4729
94857
33487
90329
95447
16613
17639
91871
60584
37049
45618
51193
85974
19994
62087
15266
10283
15759
1540
91365
25561
40477
80053
11358
37299
72352
72674
71678
30270
74991
92413
34999
86200
25901
41680
81648
42514
59319
73519
3098
12721
35489
70644
15047
71836
49083
30313
82119
81195
48205
73484
6756
5034
69890
18114
58686
58594
7141
30364
88864
82132
22778
40215
68332
65031
81895
66332
7545
57567
56203
26995
70288
8045
13991
1687
79881
63075
32001
62000
44270
80206
51837
51026
1593
21727
85493
60279
96673
92634
6995
85538
91118
29773
25753
59450
94804
7649
25783
18701
81568
81986
62049
51856
6383
76040
53543
86264
39115
1896
48265
83385
98455
16454
50764
48
38181
36257
76679
34854
45243
83674
36744
36361
29800
62498
95811
40956
86499
37946
59658
68067
36285
21707
36275
42668
14099
6170
28933
53215
8067
93550
52952
22874
10004
3716
22922
64537
39973
15953
15743
85216
99627
52488
21577
29427
14986
33741
70384
17837
88039
46394
2256
40676
84453
38531
83345
98552
61053
28630
51767
85472
38532
4720
8346
64888
24788
47620
29425
64762
63573
61520
66330
63201
14008
4260
8980
45346
54353
95716
63183
42392
42110
65439
83069
26563
20322
82766
41468
81376
27748
93235
66848
82632
14307
75195
63872
39096
22815
93297
20210
2741
54817
2892
82294
85178
7152
91274
30524
61505
3343
93708
20250
61805
75499
19671
4721
95822
2437
46189
93550
46537
55776
76750
45521
70084
51945
9393
25532
91113
19042
62094
93854
90211
64986
76148
75389
72139
83774
5914
33644
87117
15974
53894
48923
7825
73565
53644
19999
92354
99833
13549
55243
55609
90300
17116
42045
58597
26509
83929
49710
45551
46023
59916
52115
11010
52416
27504
83149
36191
49770
33145
39660
82096
3392
4935
89922
93309
58579
9921
2016
74764
23471
57259
46726
30123
74376
5123
88720
17237
89053
54783
79141
35076
14699
31256
46086
83468
75112
45587
36011
24883
78733
75671
23331
82125
80607
13253
91786
55538
39527
93802
46655
79350
51062
9733
9473
41790
14856
14545
75379
3909
69328
54520
55338
380
2128
17776
83848
77241
63364
19859
18476
42097
11882
41807
40574
8841
71413
32360
64380
10940
26163
27387
90290
93577
37120
16115
51719
68328
30660
27098
88590
16341
97971
43928
16721
99
61704
16921
77340
25068
53132
12168
83517
65014
53976
40443
73856
41741
89156
54588
52681
31671
81975
59323
41600
35447
91790
93319
3775
38802
36769
92365
55143
51092
52645
88216
51192
14350
5137
44884
55770
74621
73405
55640
55988
27381
12435
29844
85474
1591
784
54507
49614
99111
30182
91214
34558
21972
885
54685
60774
54007
47051
15918
5099
16048
20486
72643
30398
25624
33880
2521
16597
7285
58161
72585
51018
86948
18781
52844
4892
19565
7351
54506
35028
37533
62073
85938
59505
79310
40624
36631
33317
4027
52549
54769
20075
89388
43764
66826
31364
93996
69347
47961
17633
43860
20547
68651
30808
55680
21495
35700
91598
45198
6559
26626
82731
68632
28917
58588
47942
69541
95220
97612
89920
64121
52381
26347
53509
12497
93173
84873
6494
78872
32835
24127
39084
69734
9131
69893
25414
46978
21945
17012
92177
44856
59991
74908
13488
88908
49849
77783
74801
45069
75395
64721
9190
44128
7420
79052
56625
594
63925
79471
95818
13112
19951
34903
82846
29082
4796
24613
92412
43093
57977
84589
87950
34320
75850
17790
23228
25699
95573
14381
87120
87320
95454
12662
31448
2875
91714
4426
19821
55640
83897
15639
68752
20200
50542
67951
49282
71690
8916
41695
31136
66893
42636
19086
1214
18486
36876
40794
60537
48802
55176
47657
36122
66982
60320
83923
69857
68386
88349
89678
24026
88598
5318
9131
8799
72212
93434
74433
43903
2350
32480
75039
85595
75117
10477
86809
9955
63705
43956
86845
12507
15484
50854
64982
82466
27526
48905
68676
95913
53606
58354
19939
42204
80024
45422
67355
52237
38856
58141
96140
41206
90621
87531
43154
82090
98008
29963
8398
61713
90271
11595
90573
22107
62449
71907
4574
89976
20812
73250
85889
74418
47956
22180
32974
27981
67603
16682
80218
22811
74823
92710
80370
65444
96593
23524
63887
94601
69839
88637
72666
60111
232
79591
82218
62681
51498
3144
52657
88662
92746
54898
79432
40703
77079
12407
85036
61034
29089
81606
197
3912
90668
80567
85708
87261
4091
65947
98214
90283
54584
87232
50394
54816
66824
48964
17498
34674
68461
86507
23337
61207
57758
2769
18262
51189
31528
3298
12223
60617
84904
28772
80881
75572
9340
66590
62833
29783
48889
77399
20066
3474
64632
86812
74642
47808
52129
92140
82482
20590
95000
22171
98149
69110
24941
16412
20299
72821
36062
48874
33439
20967
77646
30672
12891
3338
13614
92077
33122
62504
69476
69540
65978
34108
56353
40620
98268
24834
49113
80751
45424
60465
2922
59925
29575
44215
76337
66226
17037
12400
15100
66828
49719
92746
97500
62610
96085
11115
71039
45559
73619
40516
15099
55949
90976
87804
12921
89245
12638
78386
86348
74414
38851
5622
34340
84778
66190
10677
51004
99579
39429
82456
66407
5500
91555
80259
84463
3992
7726
55502
49551
97697
12370
81002
69998
19699
68807
82920
25296
97797
61306
11644
72212
16510
33618
6552
17640
99808
33581
84997
99387
89363
67453
82146
94863
59008
78758
79326
63000
86484
51181
28903
534
63551
9906
70532
99602
95065
53452
24898
92862
31111
36542
65074
63973
86513
71626
81613
86321
21560
66610
2061
10923
34064
559
5786
9424
95669
1465
88777
82154
68998
17680
82688
48901
27586
69572
48504
22651
23025
73402
31866
70488
26297
96940
34461
12810
84919
16074
15483
6479
99037
17544
33754
49453
34456
55892
58877
30125
57357
47654
28631
42707
65335
27671
91609
9273
97244
40113
48277
36621
13515
80143
7109
56164
93435
41570
68974
78354
73996
84458
1185
73033
18354
34939
22486
52810
90832
81364
99288
64541
45370
27919
7249
27057
55591
98858
36331
69187
55323
960
5808
68838
81103
12917
25003
90890
70839
10329
69245
44835
94787
70430
17869
29494
5370
56707
98656
12554
54423
97944
77095
99794
42216
84344
26851
14159
99554
79534
83346
54877
80494
89154
23716
77949
18423
65071
68840
89262
91752
54437
50449
2892
24867
84670
32386
46589
41378
31042
59143
95801
45339
52591
95595
87555
36935
38799
1714
36490
18333
85060
91367
15180
90566
31435
9481
25341
12858
94673
30955
4611
49110
81404
7503
90330
66075
39889
36919
7453
87283
12415
3254
32622
65006
15202
20177
18293
54001
38243
54783
88686
23303
62503
20218
30221
10290
29700
55562
23149
24373
86517
27760
73484
84274
51615
63814
50349
7856
17085
74154
11491
45852
93760
44114
27210
8962
80643
45504
79315
18887
16639
68002
58542
95494
4572
5116
5785
34272
60678
28934
74998
63548
73046
48482
47822
41013
28648
14523
48869
62085
5029
60360
24290
98789
20826
51500
7752
1470
13356
3419
36709
29996
87773
11603
25490
92346
16719
31275
26618
93750
76561
17968
57298
49607
66450
21472
90620
11450
52347
55841
89888
57376
32554
14178
56165
53380
82030
80269
54850
95387
83689
7911
41735
71462
19515
83577
80160
36234
31205
23131
29984
7766
41099
3634
73726
23902
41458
80698
35352
93805
36540
25240
51181
69094
55770
23699
38826
37801
20320
10029
33188
4009
17940
91275
91824
53807
74852
71984
90042
6057
11467
36378
30176
52567
40013
3902
76469
81471
952
28173
75277
37492
53414
42810
22938
25536
82861
78117
63337
3182
88146
12877
23543
6086
4152
15367
59894
95357
3704
66288
1414
31523
2666
31590
84090
42679
51844
60559
40503
52797
88733
32132
6641
58499
91294
45932
387
74156
24049
63725
77338
12195
92954
17233
34633
13459
48953
10879
8816
69009
77167
10230
532
96186
58173
84623
55217
26369
61534
95720
79166
66619
27852
2160
41470
19147
48092
41858
9655
72141
21935
3345
688
14889
20578
35321
28348
69531
46201
37164
38540
39720
63747
39073
35906
38272
40048
91124
64641
1582
3196
43808
84554
47401
45968
26024
66548
10412
67882
92555
98905
6169
95900
99593
21059
16478
34914
65759
86010
97467
2924
40902
53540
83023
79975
5798
21295
20023
96922
85936
37958
16471
46096
22512
63872
8416
64888
46772
18828
49123
39327
17733
55292
35227
33678
76351
51705
84945
42111
54067
98764
61387
94970
52304
44410
74945
58103
82057
11321
71377
67993
65631
87848
30442
88143
68072
55210
69383
14844
90391
18506
54171
8124
73799
89398
58155
66502
57456
43100
24965
11523
41864
86352
22845
94169
47114
14143
68624
29171
25464
40001
13517
91095
44202
60311
95590
12274
15521
64973
27119
5912
99832
97642
30389
73631
3393
88544
40133
60849
31644
65099
88724
89860
67803
11570
84029
31270
25713
52653
76793
67529
9007
90310
74976
69561
66973
86918
81835
82495
51891
25306
4759
51723
22949
35148
41706
26342
23692
98192
3543
71688
79643
92267
61549
47446
20189
61930
78716
45902
30936
71862
29783
56295
62172
4759
25856
45498
91677
7691
27993
59921
32998
32752
27996
72299
84253
69703
14993
24297
67895
18536
95986
47538
10803
73887
11336
47345
35817
6405
93247
83105
78267
23031
39400
56791
44142
65256
2289
52172
89300
46634
12093
38650
95739
40089
10949
79992
26144
25942
4289
10391
60830
16627
74281
87985
90514
1970
35330
42684
24727
28578
42141
2994
67961
81542
76137
28455
63150
94779
80627
52450
57765
9072
91100
53504
65514
18401
33496
91658
60695
54138
18402
21525
70765
9035
9511
77632
11005
44841
36668
35732
89771
78809
55078
74084
76703
47568
18892
39854
58699
99519
8656
16464
8592
99757
69969
90458
34510
19817
82116
95206
73955
16870
33083
61073
25906
58946
55057
53263
20140
91725
5348
9911
70534
76778
348
63590
24346
35592
3444
83045
35111
12100
15862
60055
28209
85831
50513
62720
22000
48982
74278
12308
82204
23713
73381
8110
82660
44790
77726
2800
36515
83074
29063
23401
59852
45763
86991
551
81355
90435
99948
32819
18888
15810
92874
47097
17993
59740
26169
39994
25074
16799
52302
7278
40513
42035
31741
23173
86825
25819
42325
39692
8893
71388
63093
85097
17152
50085
85648
14859
56872
85597
47678
92112
17759
56905
39210
35753
16645
81731
75747
58071
98531
44401
81701
55396
2788
29794
94921
5965
55613
37246
45657
64506
24986
25102
65956
58490
91539
51604
73350
64764
53553
21028
56876
71313
77933
96086
7066
10930
94170
99165
85353
9053
59918
67055
80801
79058
96849
75722
85023
52463
29320
47032
33321
54306
88486
99277
12797
80026
50882
2499
44790
20787
23527
1666
92100
17813
14105
15518
28743
24627
31035
14097
50032
90953
97504
30833
86363
94353
6555
71386
46816
35875
34770
80138
6533
23257
95767
19330
19635
46649
21829
80777
83789
61709
98795
75889
79522
29252
7760
24617
53879
38795
55066
20263
46101
52570
51096
32464
46924
57651
20203
10092
9878
71325
6582
16412
94582
2350
52094
30569
65351
90276
27698
49140
51985
26494
41382
47859
72098
49142
72476
42330
4289
27543
62593
66742
80113
13690
99207
43389
71341
35762
53482
97572
7087
60064
13984
18022
78766
82430
64943
44118
72706
92642
93258
41043
19136
50992
88902
7586
134
77731
49916
20776
21626
12510
87518
18091
26200
3077
61481
13893
38839
31315
27817
45927
7731
58153
80301
86498
40584
45244
46968
13290
37886
56578
70686
73374
7571
75940
80961
24057
53671
30877
44833
91649
59739
32352
9741
2291
35429
87574
32537
90621
35241
60354
52900
42972
18508
33201
45822
59092
94797
9142
88734
32684
65721
59420
22410
73292
35361
3371
97349
5384
50601
58535
97034
26692
90887
23127
28984
42668
27053
61521
49641
62294
38227
2541
21618
56735
52094
83793
32179
46892
92935
20914
79576
58656
96686
18338
48300
48399
21710
62002
70136
88663
20537
83522
15355
27776
6649
44339
86796
33702
22212
36438
12348
60440
38979
33966
33527
7426
17759
65707
54318
10695
2973
50246
85703
16011
68584
50356
64411
6646
28710
50899
95309
65599
34421
27017
93375
57422
87708
80171
91124
9921
32961
19824
86713
88293
53790
36592
95719
87902
18651
50037
14949
21624
16635
652
37636
1571
67360
18399
8218
96070
85650
19879
78021
20071
46896
71396
77493
34605
67920
84969
60878
881
4793
63943
89174
74935
535
1245
62837
19187
67634
77786
57163
84269
94791
11151
2193
78503
45902
10411
90926
31552
46642
68947
51623
93539
40344
45468
44496
24616
30437
21726
41849
51582
2021
47376
26518
2556
48621
89355
38095
32608
83494
11611
33229
94637
22762
35422
73140
68665
45833
64066
217
8828
33014
68193
18719
89710
13661
63215
30678
44099
1293
72527
95681
3314
19903
38551
22222
84877
44259
76670
17485
27753
88281
50714
22390
11043
2489
11882
96060
64674
75949
12630
73502
25315
80823
92221
15025
10836
71788
62055
54935
73081
34582
66969
92747
70838
21872
31322
72067
66131
7992
5904
10236
96273
72970
32626
23668
75459
44509
19729
40134
36810
32359
13636
62125
29534
5858
93502
40370
93998
55557
11658
83432
6491
94979
76179
77329
16851
7501
65748
82983
31845
71652
93219
28118
44623
42198
68139
20082
3059
87868
60216
56221
36579
73853
18346
82465
96063
28200
22835
90061
83757
50845
73493
90248
45824
66025
83930
62676
89878
49678
62011
21724
37683
71582
66194
82306
30132
34333
2388
49543
38553
78957
5764
75132
69162
40462
73949
81577
68662
96785
87990
68771
47630
77836
75372
9807
43861
75654
88835
50091
41684
67198
71815
79367
38780
38010
61673
85265
88695
80414
34808
27249
75723
56925
18733
44885
97387
92683
42814
82402
5820
30804
51173
69802
8640
26545
79609
52501
2199
68444
18945
60236
35642
90760
39603
90775
45122
17629
76040
33818
98043
27200
77419
90118
84125
96152
51355
97865
5187
94169
80267
11007
24973
31440
80810
33614
74338
60419
2467
92889
45216
21412
53125
80858
28525
92729
87985
73647
10358
80377
23817
24753
7578
1236
14871
8055
13741
66226
5920
18928
76747
2539
29936
1720
33980
10746
51686
24670
87517
54154
33911
32733
91918
87037
13592
20443
96118
17929
10443
22828
98307
34260
63933
22237
51849
95156
30292
65590
77734
52565
84518
54481
55104
30806
56201
5436
41552
7888
46458
29070
78394
80370
61803
70312
67407
91747
90756
79877
9677
17551
19057
7984
51811
82990
30221
3660
78146
76865
85602
72232
45782
70121
26713
17239
17279
99266
22675
58832
23506
69134
4254
1900
65856
82409
88565
49615
74157
95673
29492
186
13224
48549
24522
81387
47891
71095
85048
42389
64312
70650
14621
10095
57123
57686
27334
74403
56952
66361
49587
96811
51847
53841
15063
17703
52602
3628
67318
43111
99301
13162
43297
28877
78063
67819
10265
25954
55266
11665
84695
19579
98667
99316
29674
55791
73354
73360
46546
46659
39721
12485
43470
91569
82678
58533
9272
35280
78514
76591
78392
94167
6105
21689
23045
84169
5861
33310
26475
77479
44975
11171
97058
43642
26839
43084
15785
16546
16444
78683
63205
56166
91168
6675
47735
73846
81560
73359
9127
60074
66302
87519
54242
72408
25560
77287
56577
47773
26949
99404
25253
88276
26927
38663
48270
53767
81748
80408
70313
14544
59091
49870
70710
50260
56545
34797
40458
54457
8157
49585
14532
74459
53456
85126
46867
95369
78765
19796
43142
22066
35553
84747
10342
62480
39763
74964
32599
37863
55372
19264
52407
14464
69134
23118
81076
42031
74267
21534
96489
82424
87472
27373
73236
57280
12499
36455
52649
7616
56252
12144
29682
8157
13243
40024
70637
53006
31340
3237
90869
86713
22501
43277
17529
7988
82747
14957
50019
57014
52843
46508
55791
40315
73881
29027
97596
2732
81834
50245
10348
54438
78741
40030
62595
91985
96406
33233
44991
27747
52822
35861
30812
91675
95490
48341
99663
78237
79650
49683
51603
32493
96191
7394
72809
86425
52773
86757
5509
34608
53354
15858
89046
32096
72240
67994
24081
68647
1227
69072
12746
70401
21285
43558
62076
16775
8251
61740
11364
87901
27775
79320
20394
23966
3066
9555
26743
55840
96312
32253
6800
49667
64463
12198
81763
53055
80192
22196
21702
97771
7620
50800
68172
28906
94358
46601
62033
18961
24693
89750
6862
52468
69070
43609
92786
72136
53164
19530
44328
49477
68135
67480
15496
48950
79679
97259
2005
76223
19455
40060
90347
43427
90860
74871
72333
1571
21472
50719
36884
46165
56821
43747
98633
25891
3708
7772
14379
56872
43654
58708
22701
28141
42540
38197
77091
38571
51808
95448
14795
87615
51860
21494
31043
59073
96365
3376
60644
17838
70447
13880
80355
43620
57627
95341
69511
61335
3113
243
34560
46767
75303
57261
74908
17843
95459
68351
56415
63619
63799
87562
51235
15660
9056
82278
91085
5421
2006
68081
39611
72454
81961
19967
16074
39589
31660
1938
17276
51125
18533
68188
97892
93836
41802
89152
11679
37261
73855
84446
880
37654
72008
68467
69666
81064
50745
60751
2838
52752
28832
42449
41558
27146
78768
57632
66735
26780
75922
363
77905
94455
84904
92149
4643
26706
97653
16323
80319
71508
17121
97551
9163
5482
66019
95181
2898
16764
72285
5736
69516
17469
64538
11074
44615
59658
85059
27702
86439
77333
44418
80696
71789
29322
72846
92784
72380
70499
25459
52699
42008
42581
50250
67523
48063
32621
79056
50961
49386
67693
56698
35254
85163
37588
46329
46130
97246
47740
90185
37
25073
34603
80734
13214
80277
69932
5999
52657
56783
31458
21708
98791
90391
71958
82666
38454
4580
78075
5768
70318
45768
78818
5572
47283
16406
68253
9766
30004
15993
99951
30042
41067
50906
27128
70633
31183
97060
92984
192
53843
24443
21900
68987
14834
10210
68005
69641
14790
46080
75409
1460
8201
54227
7033
55484
70633
75286
81602
16989
91280
81553
47031
48699
48811
74159
35684
79994
71219
28669
96538
41415
53112
18438
26754
84298
45001
94759
53939
76143
57192
45700
77604
65393
99927
84637
37229
86912
59923
18832
3902
67555
16737
67285
32606
65549
41445
68291
61895
29016
96960
58434
86783
66424
93224
13537
50722
38225
8297
21014
14369
65489
66714
91973
30882
82994
92962
84463
69906
52885
3295
90160
36793
20033
57446
69399
1934
15243
54042
63829
44259
51002
38615
31043
17426
31840
44580
84501
70065
69229
5515
786
34718
88581
92759
81952
87927
2073
66416
74186
54959
86063
64346
8104
22448
38144
93855
24382
53387
47898
4564
13999
98900
43179
45042
32679
75019
5974
17180
61437
91556
39047
78575
42626
43980
87687
40931
31908
89760
23699
6094
44719
9762
86792
69175
48563
24937
63031
89297
94676
27281
93861
8675
26181
53393
70069
75212
28412
92396
8744
6201
83952
64143
84777
26578
24476
72464
67509
56384
62224
91208
78830
23296
17323
81974
8823
65886
23263
71854
55183
17940
99135
65397
26615
41669
18790
96685
33233
63554
5433
41978
69756
89385
6121
70885
15963
30597
59701
99825
3333
38277
7385
98515
77925
24708
96842
86749
6946
20105
74955
62130
38045
90443
43879
81013
32112
62669
94050
81697
42575
99483
23675
28683
88868
46149
99568
21183
93098
75621
37360
12784
13899
44746
11299
91824
69454
8141
78573
76401
44599
53529
54883
82644
43972
15114
80009
92436
77783
74059
74133
20358
89894
14161
49042
95114
60310
64962
16298
69760
40584
70010
82544
70835
14756
10196
62659
563
34689
57585
93316
79288
27466
64551
78285
87790
79665
58294
96578
57448
48706
70711
94158
54952
1224
59552
50067
77886
40867
82717
47647
97803
52727
30191
68638
83836
56739
47649
84399
91429
21586
94067
70717
49052
58618
49002
36842
38283
23649
33420
12083
72355
20484
22593
43659
21708
98498
93726
15947
39365
76443
63594
53520
45523
10137
22158
29359
83229
86159
30110
74658
7746
24177
45375
56798
82795
10730
9993
37430
34379
59765
49513
23086
80249
88458
66745
18310
86956
60472
34257
42673
53267
14203
96193
98790
40692
34703
44501
23921
20863
74611
14931
44961
15140
60307
1759
97935
71037
28104
51717
21768
87870
17582
44854
68119
6041
27951
2781
9349
4775
53390
52023
74395
83945
48216
89537
40990
82920
34039
64911
20135
25002
96195
65096
40143
56502
83207
54430
43891
11312
6148
65659
15534
23730
26865
5
29771
71168
2787
39121
75944
72529
7496
50339
56475
55712
39876
97465
54984
90267
78728
91471
15270
91275
56567
55413
47777
56127
9843
8020
83791
15991
90031
99325
56074
33248
99330
2197
4417
18469
57670
96713
90999
65166
47052
63826
37231
3280
77643
92215
9900
72723
83687
25170
63999
56606
96935
28128
12733
6778
36149
96524
39122
26180
95849
95196
59429
11532
97393
80198
30001
71416
76911
37352
36582
40315
1178
73813
59947
95173
82381
69847
67897
82420
11369
31896
55378
8304
76376
68112
31435
12525
80988
70557
55058
93190
82105
30839
4722
95850
11037
51075
67266
87948
88428
20201
44615
5958
94014
4562
1132
92747
74410
85381
75167
2131
33629
30546
10436
10005
15010
41871
22531
12350
28780
77589
5540
10885
8428
26614
23087
35817
94042
90354
40117
82470
26907
84732
4780
20921
89294
22264
30021
80056
7645
5188
82188
41274
52086
8976
51280
67096
50847
90163
79447
79627
84104
1339
6864
92532
27954
46303
44701
21996
53009
84818
20818
79916
69550
41950
838
75196
64215
30859
55253
71860
52399
53793
29487
20838
62769
80767
87934
29968
87282
83733
25947
71386
1425
32811
80270
45731
95466
24971
67727
48476
9789
4897
28392
95691
63199
45582
70887
27414
92793
26140
15627
45193
96285
61466
66031
59054
42233
70317
89022
29515
70403
14969
17253
71828
64132
97523
17559
59599
22494
1638
8075
48635
22887
36467
44326
86086
98402
15213
29853
91195
57706
61832
52740
53991
23298
35123
13046
81883
21793
18420
27750
92196
33390
45003
80376
97522
42526
14287
73473
65020
32277
81548
13655
55164
34368
74333
57602
32770
89546
3807
40317
47252
65639
93058
1244
5289
28181
30642
87172
49974
49062
14922
58522
82452
76277
55250
96327
18803
69537
69800
175
1814
67701
30182
73330
18421
4515
47285
67543
94062
51092
7860
57666
33084
17270
58910
38373
45452
89552
41898
11778
38615
73172
86653
37419
49450
41903
50098
84605
11441
36251
84781
29607
20304
31315
2938
38725
52183
50223
22620
46245
17667
46832
20263
50751
64103
95526
5477
25907
1430
63727
54037
40045
36899
40690
93817
2701
82594
43915
3659
10387
80166
4792
39994
470
36107
42932
55547
88290
9507
94519
50887
27175
41352
71151
94278
21807
66677
99755
47714
68107
79834
18103
24505
16734
58794
34674
35787
57740
78589
39446
68127
75108
44238
8121
91930
80346
51054
63830
84988
76913
58349
35876
4088
99701
23379
98367
37860
6408
14474
85574
90867
94309
3678
31724
27395
78824
82750
63182
36564
77692
2629
4691
52800
63219
12812
61082
59917
80218
24912
44906
57132
99614
97134
77572
99315
36865
75939
53528
59625
6766
39102
66844
1075
59132
98569
28470
54308
81319
8004
7224
59011
26985
11915
28163
90205
41080
89246
66474
37650
30510
11380
11134
30124
24866
88707
45792
78083
80998
99320
37708
87764
54774
4553
5191
30259
19474
50013
84567
793
58018
91792
76157
85003
20059
20672
91560
77491
9918
58035
15142
56781
69415
42628
86905
10634
31335
49049
88717
28686
48369
42778
32802
19496
47331
37994
49755
83157
88007
50674
83950
46025
58818
76459
47381
78878
97132
38941
72721
23402
96976
87863
80183
82744
46844
83441
9730
94531
32490
98447
23217
97212
57577
56020
16708
4908
10366
66463
88065
98373
33489
88368
60751
92308
81179
24484
87538
94663
63425
60259
18066
76754
64475
14601
59498
11319
14394
69228
5850
63237
84027
29068
60449
41605
1440
93509
62865
28158
76324
67283
42883
9813
72003
3634
2121
53182
28118
6011
47846
7896
66271
82264
84650
30746
13217
44148
42065
27612
29728
64267
7201
30107
9687
84002
71712
27479
77511
50930
55637
53835
18213
98521
80000
6568
2155
98474
59750
46626
4485
23948
70874
70756
22564
55524
1502
52134
16024
59919
96098
45752
40539
3299
75859
50226
87301
63924
77706
81164
14854
33343
34999
49419
48216
31351
55987
66724
29825
32089
13350
34311
72390
84224
5067
11306
56100
22922
63440
72124
99193
59538
34228
39732
79189
10087
6311
66490
90363
369
47654
21569
50064
99005
70988
98281
30357
43327
65005
60182
91769
94707
94493
80511
78931
15913
91817
51383
55187
71610
23507
54380
31148
57735
10465
10338
84174
16776
93180
74538
17145
57187
96107
67209
56192
83448
81842
2901
26775
46847
79436
34896
41554
73929
15407
36837
6194
23577
88220
61381
95187
11727
32114
26335
85814
42579
53025
69989
75707
46206
60879
9204
3393
56986
92765
75937
56786
74608
78839
99914
21455
58275
34810
79362
48556
66570
16199
71103
90147
4420
32484
85334
32499
64598
11669
34666
23529
81047
4655
99236
43605
81886
24792
46998
38872
17558
39287
12011
92166
18126
11925
29973
92753
46735
9335
41310
13305
25535
12413
3452
46307
61249
5138
95158
42200
33160
29824
65729
14207
50831
81318
57812
32717
6110
21162
87942
40020
60449
99953
32186
78576
28230
78512
87681
74965
87847
28991
4623
29734
57756
24427
92393
35358
29566
3904
77558
62726
33728
59639
93285
912
40957
51097
49981
63420
72259
54275
3440
32708
70580
51979
27636
98810
30491
31670
73776
34690
77013
94751
80777
34770
35530
73170
86480
65096
77074
64038
44174
27155
23677
37459
28067
80987
4908
94400
44407
77167
48676
64199
26228
19256
16178
70216
34419
63021
1886
24547
97712
95252
19298
78489
30022
71180
68011
16502
36277
45086
96892
96803
72241
20569
34263
16660
17908
55523
27412
62315
32691
92440
26515
75271
28049
59045
61839
62468
22067
80078
87015
36131
75330
22665
30972
21704
93845
98983
54558
46474
44069
51450
43278
32662
88371
93893
65674
6280
49416
93087
84947
98459
1879
27814
90082
29928
86860
51922
92396
25279
32000
95763
61410
7330
18428
8734
29034
12274
7717
99944
75100
68139
51394
18378
801
56117
28623
82828
62397
94392
92267
63697
92851
94146
91511
82934
24075
94723
34856
32823
20002
83208
28587
97764
6890
47015
6498
35924
75641
14216
52220
50742
98707
3614
85472
15860
59731
14096
98688
38481
8488
90955
2178
17691
85102
10041
16977
25529
4765
51833
58352
24767
51393
86939
22532
58283
50307
45382
10559
42300
75950
62779
93042
74657
82745
94867
90518
42477
25315
89206
97310
50155
96514
15840
67846
97968
25881
84824
39849
30646
53009
98201
55414
4403
1493
94298
79038
51800
39680
89598
94100
31983
68729
3495
6640
51475
98362
13510
10304
40029
19069
7614
90184
15583
39806
58030
29903
65687
59206
69752
96334
12216
84305
68100
32971
85798
62398
28361
53950
18430
34311
64403
50413
3041
84250
73406
54516
98964
86916
64820
38993
5985
88786
29177
37920
28592
3559
67823
94279
62766
53927
6965
91334
38233
75065
24305
24031
53815
69018
94334
88598
3330
58737
55363
6371
59339
28769
77239
58303
32038
42059
97296
54375
47197
26473
92296
92141
30032
76471
2772
9150
30399
9738
484
68632
1155
41141
9015
54971
10160
19701
59921
13490
94790
15284
19861
54129
60406
97100
12432
92444
55511
9728
63171
19060
52553
55467
11201
98938
31939
13973
8088
78690
40063
8573
63674
41219
49714
72689
12542
59874
8743
72463
89716
3533
4099
25929
57663
64505
39381
70095
73301
11244
96176
36473
30304
48729
8292
57857
64019
56583
71831
72108
35273
28246
80681
98947
69465
46747
87989
98359
22974
96732
87174
12690
265
91274
38620
57928
55779
78001
44376
45433
89246
40552
98258
35902
5633
6550
93760
69653
63134
81943
58113
98407
10189
38794
13707
96007
1893
1696
94366
24867
98428
81541
37558
15045
72815
92530
72974
44946
70531
33702
6731
76129
90606
4989
12032
12591
11540
22144
82244
91026
4087
56709
89433
14276
95503
19492
10283
13749
21188
4650
38616
19616
2543
92526
51014
91710
85056
40340
53008
71940
74042
59740
48069
64648
81081
76453
93591
92621
98597
92188
99999
2684
48897
5785
33313
60753
25277
43596
74502
46466
64598
13118
82434
67141
5645
33448
75203
7053
73788
28212
78993
64182
4304
43415
45182
85385
36220
38774
94359
34818
30962
94358
53854
79859
143
87167
40612
25421
47116
15114
88239
11714
44585
70673
95208
66582
20474
70411
73635
94262
14975
68981
58445
19279
12396
3627
4665
48616
42401
99024
99786
89715
9734
69993
69575
9878
57160
26539
51651
20628
58006
39890
32343
18943
10563
27551
85525
31037
14314
75512
41652
29290
44493
16449
64921
73241
36428
69586
38210
78830
84962
37996
84897
94697
7989
54472
4575
81502
81012
56226
2130
55370
12468
50825
74313
23031
94728
76190
70421
9043
51702
28425
54685
12548
44874
19606
85789
81302
5545
40351
76484
90507
78348
61382
1556
2689
32206
22483
84191
29570
95061
2674
84940
7529
53499
59253
46913
48228
35443
17334
73623
3498
62111
28308
16046
6985
64266
18187
4639
69811
58539
81124
60319
53239
58858
78227
72280
91064
711
56472
36987
95772
75498
21927
3302
45349
97533
50215
93577
49328
83901
83552
52826
62364
11860
85224
69349
76127
19764
90340
45938
94655
87816
22609
47894
46674
17189
20174
54091
17900
92998
7430
30024
84848
29357
33326
30198
43242
99893
23775
92571
146
7328
45397
62510
35540
30622
48211
28019
50386
54904
90310
61393
42720
29271
9287
5747
46460
45813
76190
64360
55164
83620
94385
40012
29329
44063
70210
72572
60309
10338
65143
76807
34018
10540
39318
85910
57514
3881
13930
24252
58785
4240
85645
17858
33511
11284
23605
96324
57098
16147
60684
28614
99767
71421
68626
29096
31837
55189
1668
92146
81879
66811
68953
15897
93704
24623
1807
67570
28505
32089
91823
3642
36329
93820
21500
86193
5105
61457
82517
78555
77604
59553
7169
77371
30975
92147
22820
62812
47336
40840
71310
45567
24004
40263
61464
17708
64887
79624
85278
9744
28065
93453
29738
64395
87274
51239
66940
92379
29048
49457
70934
6653
25362
94455
376
56337
86602
23196
35501
50291
64037
6811
12210
88041
63427
90027
22101
44666
69651
23731
54410
97716
17185
84148
78463
4459
51739
61755
13190
80788
27564
476
3793
52927
11283
4169
25616
14237
43718
61118
64528
24107
84281
93091
12148
47708
83118
50601
92374
69121
74332
63136
83189
7869
63637
61653
12328
31728
39760
41870
28868
67325
58698
32661
20252
69981
36831
45868
84219
96901
23338
65099
21008
7620
58190
49508
71680
41308
109
80407
10429
74441
59895
93619
82311
23532
71624
10991
55261
11384
69214
84129
78709
27912
33143
98961
97894
86326
61182
98465
83227
84520
63564
4235
8492
21755
53743
96525
63063
70204
93284
89845
60997
53179
83464
43308
76712
71440
70652
48325
82824
56218
48806
77886
482
81949
93199
98376
68275
54381
96841
51502
55254
76758
72089
80098
98513
42184
92975
77928
12388
86259
67773
73386
39439
67589
33046
32503
39029
20050
80828
38206
76268
45986
32444
76751
27936
25643
91479
96211
96377
4673
64066
67983
81431
52507
64433
96296
11044
57409
74224
23432
60020
58350
13170
99459
25939
46217
31962
81321
82619
29142
35879
75240
75129
68323
68343
19417
93966
76174
31980
6695
80847
12398
74678
78630
64906
55464
91278
75950
12873
65503
15734
72893
23853
28905
88705
66144
91474
37019
47465
90445
82514
83344
65685
57643
51667
34028
93412
61986
26555
25392
68681
7402
37791
59712
2385
19049
15176
93663
94999
44401
75518
27085
17294
99371
72342
22351
65516
63816
59371
29333
54262
41885
12678
36299
15880
80697
86680
9292
42683
13235
34684
27717
36989
88827
87429
39374
7876
18957
49390
19227
63358
24908
46313
97004
40632
18655
19356
22500
98824
78727
51833
69438
20612
80863
5737
52844
77913
92417
62136
20596
5652
13172
64665
58994
2000
52094
14720
26228
87403
64110
45456
50761
5371
91769
47766
62355
26776
67122
1207
41952
62201
69392
11390
82813
50256
17128
52009
28169
25897
14145
65117
47902
43669
29783
6896
62021
98229
21616
88250
1985
2079
33706
52746
23802
41827
16864
2509
84955
83986
3716
26908
46187
73108
38298
45352
39716
71778
13713
84237
14028
27858
49355
78282
87880
95490
85178
49901
10071
23146
38151
12056
41577
88209
64803
81731
46388
98019
84240
31344
82006
87956
58252
44545
61065
12902
6250
17133
1033
19963
1371
15061
64174
50726
93343
52054
62568
94873
18307
72639
34371
72811
1048
92301
77372
65851
74032
23761
63870
58273
55105
62228
46229
29709
23126
23646
42611
29376
40780
43644
65691
42151
75057
29865
9229
84752
98271
88149
95977
16579
60788
46701
5742
61836
39002
83114
44039
13034
6875
24262
87659
61980
2842
50241
8041
25968
73887
50653
71696
31019
10649
37388
89522
2059
83605
15103
86811
81877
3252
99141
14808
80393
45842
20550
58581
84844
3664
18973
14230
10540
59587
18242
88872
62429
68483
96914
4750
58722
63919
92798
89742
90920
30186
95616
92979
30144
10720
96143
12021
13972
11636
26829
94365
57478
47379
52947
58674
67395
71920
89256
94287
31507
7498
99512
10288
92333
12778
31390
51056
76697
24189
57150
83969
70727
52766
93301
871
63486
5796
12892
77459
17432
56073
71824
91262
3452
41123
49936
87200
29395
39192
81487
77254
63043
80999
87543
55376
93777
18933
6432
86826
59474
63582
70796
30202
16349
80449
31073
79835
86245
60318
73646
20029
16391
61823
11291
36196
19298
61227
23396
48694
16771
4883
25948
79814
2235
29843
51543
96012
65129
57975
99191
24603
37910
86339
54805
70611
66788
85879
66798
69385
62549
40445
89414
78940
18620
17057
15136
37918
78284
54884
2964
11407
59768
28913
7574
62003
75108
59117
74367
40237
33444
73558
64841
87706
59897
19646
58317
26685
21877
41468
12422
84426
98265
1836
79719
16885
18893
11207
54803
13529
66092
57768
41289
25860
3033
65215
4215
78141
40684
78582
18379
90480
52141
83220
78187
28390
19218
52856
71428
41096
94324
83850
41874
92589
2039
21593
9474
37284
32801
80630
67166
98893
54750
8455
41105
74135
90022
45320
52276
30706
40254
87007
21186
8747
86579
99373
37138
22150
68582
8566
63246
62906
8768
21472
71848
10807
43066
97674
48092
92219
78304
31610
91112
49406
40065
48569
23541
46439
10241
92170
77145
50495
95529
98331
59243
98461
14057
12733
20611
82639
37651
209
61897
46419
21681
33745
73579
64747
47772
21671
73318
26076
53281
80782
91835
9698
29351
31728
56137
39592
23898
49634
6440
35780
64317
65683
34241
78374
94768
54852
77365
32419
55061
55615
95190
93094
5712
68769
57842
53484
6792
47512
95913
76425
28295
87748
2475
57646
35828
74964
13591
59727
24598
20031
11859
88916
2066
62452
83642
96834
33656
77360
45605
5069
49327
57147
98163
55039
25917
72357
24876
49061
19870
20789
25487
48165
24889
44314
5811
60717
19279
19402
36796
60229
39433
48655
65497
57851
11107
49140
54685
61115
42852
16642
66184
92179
73790
64348
47218
99707
36705
88446
65120
56575
9235
6959
4740
34124
51274
26904
11194
86905
62658
47990
47134
18444
12998
12632
76295
40457
78124
47333
1573
37328
63975
67757
29507
37765
32105
93077
37472
85163
81524
2593
41738
7111
25904
62831
57588
77178
6087
68782
64083
68745
33124
27570
3541
62474
56554
79837
2932
51030
27170
20857
88358
7497
4966
17865
45263
53424
27294
99087
38587
8818
18032
96677
32282
43937
59508
89870
21115
81947
58652
1551
50693
91776
29121
70586
70603
2027
66775
73535
53057
10297
10744
57767
17795
15710
91984
63058
69134
19278
62145
24073
44449
80178
20751
76731
24115
96611
66601
61582
78559
41605
63133
45604
49733
8606
16190
20336
10633
82966
93871
80042
93263
20967
37809
11058
36678
29793
90468
22164
65424
52614
46238
9873
49144
66989
2956
73259
79952
69557
51193
58511
11162
14327
20467
60895
39285
36658
97584
66271
35976
7807
46313
45591
28775
475
73002
65453
46620
63470
3969
12044
32436
50207
38269
81580
33548
57577
71191
29853
27134
22385
88364
54648
53064
8832
31896
92349
61842
29480
58620
14170
37287
21286
59761
66062
38113
32763
47867
84733
96234
68189
13130
45022
34748
67751
26603
68297
25329
97794
14502
68815
36531
2866
39816
89595
28050
71712
81945
6244
17544
56917
20414
71183
78203
80176
53598
16316
29291
17817
17402
41877
86006
46884
86900
20755
14635
13503
5404
56316
27649
19906
41484
80533
39124
81300
70128
83527
69364
52073
89771
86908
8991
26538
74443
3546
23066
28041
36215
52357
45859
53617
94235
48217
16853
97487
85324
47840
27342
7080
4157
71343
43338
45641
51876
82463
43293
22005
82342
12657
90430
88465
15917
99421
15003
90360
19320
38069
34754
55535
6779
96965
25504
1014
45182
42357
14853
46859
90197
42195
53939
10706
13538
97278
72699
65415
96093
15992
87420
78435
28649
77850
66900
44566
93624
98256
51279
12944
36325
86033
84831
43104
82998
10335
60470
44532
52692
75323
91391
59241
17518
45331
69948
47409
42609
42647
12824
38702
58640
16596
33489
3641
94446
389
64560
4422
98645
32191
17366
51323
18224
2197
10779
17574
28884
71250
62106
81576
62925
69850
57170
96796
15181
27118
44205
74142
86117
73381
29196
61109
89977
62685
64751
84423
79426
45663
5198
94424
77854
22564
62099
12430
41114
72878
30004
69998
60480
8462
67927
39758
78312
41449
36554
9845
68567
97111
339
54684
70492
29535
32146
60469
8572
96897
61244
4351
58912
66442
15127
36766
5359
77226
65548
62825
66456
95552
49175
26937
20366
33454
83047
15031
74903
19601
41228
43470
16712
41568
14507
3556
87455
46653
80377
12380
59902
41621
16731
18814
24416
48210
71932
29775
25436
37480
8952
8244
49384
58127
35181
86102
91582
18228
1133
66485
54181
42362
26308
87245
83930
40815
90801
87737
3820
71178
117
80074
29152
16848
98888
53568
65058
87172
99695
6846
41004
8647
15091
90388
83126
66624
76490
74708
1205
93976
57546
71738
36338
83854
58984
36620
41021
66137
40709
44841
53668
40827
41267
82820
74027
56507
52740
55438
43679
68787
62284
84683
93786
93727
91423
76912
76704
84265
51621
77909
78241
25519
65999
30931
9373
24983
83903
50394
7473
24613
11587
61141
65440
52854
60313
39467
9361
29405
11257
69392
98192
73542
54075
91978
83621
61850
68890
60325
46115
36863
54586
40709
62382
20586
71640
88107
61921
71896
38501
69394
96509
66440
46887
78301
19294
23552
34120
45007
52957
45378
14399
51149
35272
84826
59479
18893
46676
44722
79219
9144
97937
33805
49853
60320
70743
37845
64779
32665
26093
19633
18411
38954
86073
81651
17255
21720
5203
67728
83079
58161
29458
97479
25662
64730
98657
1494
83623
61686
46216
79194
70830
44153
29352
37035
20825
95
91232
85605
49112
17326
21590
67524
72632
7663
49175
89888
45735
70730
73968
28815
28891
3426
42646
70906
84508
41303
72400
84483
2989
34968
63678
90171
95473
9382
43558
16299
25829
51143
18256
74942
84821
39846
58818
57453
63861
7993
63693
9597
78723
37661
38412
23967
41087
97410
11225
41947
38713
99977
26431
58055
34945
90109
64578
30418
15843
8137
63069
41672
59280
97677
16614
44101
37523
91784
17906
1385
99777
81600
27334
94853
19261
82098
35172
76701
79508
62749
18648
34573
62726
45079
92628
14023
51540
73559
60793
67383
98048
23863
25408
73680
21540
58374
34133
75416
50159
52039
76801
66288
33639
4135
77493
52901
2585
29017
45954
82093
91766
64602
16666
54492
26034
25647
84867
93926
15558
45661
77662
13606
69524
3070
87286
7416
61444
21419
82832
27955
73458
75985
94244
7098
96472
88089
76351
99057
17107
22305
81150
8873
3259
14169
79718
45645
56168
64585
39572
71726
10246
17234
1684
96122
20304
88970
3539
98100
26741
86371
42408
199
62357
53004
23649
58829
41093
16352
74239
58200
55009
55389
83426
58269
85910
63144
20266
58430
44081
59838
46508
54328
93424
48192
66802
30080
37162
70341
28181
63903
73065
86941
80455
35422
39945
4104
10603
81038
20457
84842
55591
91818
56584
39017
50087
58846
18513
86706
17277
62594
46544
63785
33274
39969
11978
77
70049
65492
86770
14582
45748
59835
1523
26203
11609
57820
46659
38565
38859
83468
23407
94450
75287
96343
49819
41726
55190
84684
28432
72467
63630
91329
36252
96905
31298
64582
13334
17699
30075
16456
48634
75823
76292
66509
2026
87901
24330
65037
26466
79541
48506
66226
90343
23793
62569
40162
65519
17759
41198
10304
6578
4828
1633
59183
18085
49283
23765
31419
66982
70192
47876
31968
46015
40520
14830
64393
44773
39160
29431
71240
18701
94289
53818
9044
18082
32739
65558
99953
66851
6756
10257
73429
27936
28242
32612
46022
77525
72730
93793
60860
42922
41669
92828
5290
98541
7658
86035
43315
63170
31818
30907
81871
26107
84725
7267
60541
17464
89177
76847
84315
95933
87104
74097
23870
15347
23061
86244
9224
95791
80037
70084
55066
38059
62913
60356
36600
86923
46391
79915
50094
94562
27174
48317
20669
11899
71937
81211
45716
61114
58058
30031
73400
61514
20480
13622
93213
43542
99866
2438
39333
79903
72522
94399
34314
51787
71107
70915
55063
33851
67182
21509
28413
94357
86178
65434
6256
58115
46645
68324
35582
21055
98356
8982
98922
35188
38956
92135
78730
55174
10925
18064
51429
83448
28815
85744
51587
16275
56659
6650
50126
23841
28159
94891
34550
14338
60325
40807
88805
23323
9131
24387
44378
23839
49721
59652
59028
5029
51788
37758
60203
62713
72174
11633
62513
17342
97377
14101
33617
70388
37103
95
94229
65263
11338
28780
95953
71663
85939
84758
11338
11422
25498
55717
51614
91571
31721
26994
96601
83509
81104
56804
62575
69631
68437
25088
86973
82166
55541
36942
52554
92645
53389
63136
74260
64727
8268
70213
52742
94207
71323
64081
21981
13173
36150
73595
4745
67871
16941
1346
51381
98046
74502
30308
67677
42940
71748
71002
25106
27290
7944
94013
36287
77685
57149
10547
42412
65417
97112
95154
75976
84787
59235
97957
97961
95385
87905
19058
63257
4846
36756
30990
19244
11258
61298
3273
70550
49398
74275
95657
76688
98571
6022
12975
76256
63171
39874
35020
28588
36986
46527
20916
21774
5762
18873
36087
17500
23130
71497
97109
27977
8253
44451
63573
19511
22101
66847
90062
71499
57474
2071
48188
72398
8093
77515
65006
87616
17390
16379
32556
70728
62906
53472
8854
68668
88697
44941
2520
11828
32790
99629
56157
41043
60432
19730
76907
82533
2929
66969
54033
76756
85392
18573
65506
9837
96088
30512
97453
29830
46891
46361
16911
9797
99833
25765
94818
4882
87059
13690
16710
19849
29672
72867
60893
90104
8950
37800
72638
28231
21121
26671
4987
6513
61596
70493
32702
74036
17358
30155
3867
80601
92868
20778
6751
9053
62895
17921
13935
49954
31611
46998
69804
61283
19865
30697
51388
45167
84849
24026
89751
5970
67049
11090
28835
28645
81584
61537
2681
15294
8044
22900
95895
912
60030
18998
26317
22926
36919
40252
72880
68531
87250
59036
29814
23468
6085
97554
84987
90934
37932
74738
13256
21333
85829
58443
49978
83765
19980
69012
99059
44376
8264
11306
61640
68295
30305
87957
7573
67224
44562
96805
52107
31812
55842
98274
71632
61927
95828
56620
69214
33761
47710
98822
55094
33539
57266
21425
33656
93598
6789
49067
37975
15053
76726
15967
99700
7031
3925
7273
90607
48487
4079
59067
96651
76273
57341
68284
54552
53169
41256
23766
3282
88966
38941
74729
38858
96207
96154
72514
6157
19295
37934
44132
34348
14660
60100
34049
38043
80377
57674
45002
45216
78105
4069
41867
54378
61410
26503
8931
30932
67759
49049
34214
73078
4342
8943
11936
16901
21449
802
23059
40744
38736
67191
91445
53396
43643
41846
7791
40372
99520
52794
85588
93978
56863
27456
48356
34626
53959
73639
65558
38071
39041
99772
11149
43383
25068
39437
60285
62869
40239
83344
19966
95328
66887
11411
48724
26883
53257
72868
67255
69129
25662
69196
63107
82525
13004
27816
33503
66963
17807
99061
21386
56848
15186
32535
16584
56606
71972
93221
19475
28564
92917
39441
23892
76156
50852
88968
19391
20461
61836
2999
5943
87498
72195
85402
86376
85199
13218
19879
68514
31026
35293
89901
4226
50479
38788
37162
7085
27113
30383
42912
55677
23300
82354
95921
99457
49558
1241
35200
86372
63078
38199
92315
66928
10394
77717
69656
95593
7288
5888
80460
38314
41181
70361
58892
8012
25501
96055
31449
52614
26438
74361
24643
66091
73067
36916
81900
22626
38158
17100
8998
17588
55300
1313
84516
65694
95382
54173
77640
2670
76413
58100
57336
33946
44813
16229
41958
70314
12284
73407
39281
55074
64120
63924
21165
37188
17193
3065
59814
55351
36518
85164
72939
91818
2829
73807
73864
98211
44332
51504
882
20745
25956
58218
54691
70769
74447
96649
57436
3083
86408
96717
58158
66881
76993
95675
4069
94186
15093
80235
65889
51611
65399
38828
59781
68228
12636
33645
82791
73320
1502
83673
94066
43810
58244
48757
14580
49043
61759
88368
52127
64519
1437
26637
31400
78430
22312
51821
88969
53757
32056
54858
5368
13807
10039
65149
98387
39027
15147
81179
12347
33001
81204
22765
76811
39448
71523
7743
88492
49634
96111
56971
30505
97548
99960
61906
92331
38624
30079
81300
92382
62136
52510
97750
75943
62549
79252
74331
17928
10751
71862
46628
43752
53066
69393
20563
92515
57268
28307
97359
6902
40770
70682
37408
38319
70642
15666
30650
9266
62097
28302
1648
24233
80812
15751
16529
59714
11355
7212
93994
22106
79074
40622
82210
48492
10016
2773
41007
67284
47432
54718
90539
88203
25400
44299
42874
12394
76317
89876
38013
38414
18178
39661
79000
15342
71764
95529
75056
83119
19093
85403
21577
14519
26025
3787
63011
52393
22913
20371
19678
70345
75089
26569
74900
16842
70868
17774
45588
63537
7650
83601
1951
25828
23263
80951
57523
11379
92832
48931
10851
28277
34334
48780
42796
76712
52568
22160
29105
91833
58883
65135
62178
50324
91704
37079
67166
78924
71205
12755
42461
78856
96356
60765
21036
35971
41716
78559
63703
50901
27491
74554
79178
78177
39686
38327
54889
92254
60487
83995
439
35722
65482
62618
86046
73539
16049
53213
52463
87254
82320
11277
82462
95028
72042
19851
47352
30110
98410
11055
81011
42253
1961
76542
36783
41647
14869
91672
50254
91708
92019
50693
27430
57502
29663
13476
47393
62064
83041
99856
49319
65361
11133
48133
76742
99527
67984
24094
29638
82747
51501
10649
41352
69814
87191
78135
27813
18412
86160
94419
10120
78179
61465
37550
52033
7480
67379
99426
69545
50420
15635
35216
32134
43120
83349
25228
42648
51334
65674
72286
50433
17175
99287
91785
3341
86479
69921
31154
4891
56081
41926
31364
50612
3391
85266
18998
10871
52645
34776
80416
19418
50411
15632
67904
93532
15334
93132
52532
83020
75158
41170
33453
8685
40457
25238
12026
43288
11511
59532
48180
83944
1458
95896
34557
21201
81162
53555
32073
50160
88331
28841
85930
55095
60826
53834
64979
76160
63318
17511
59180
54828
58681
92633
63513
99138
34223
75539
42427
45735
51423
6959
29679
52882
19207
80588
90435
369
50495
22508
66881
55179
67702
52811
10274
28528
22997
75253
21040
2667
9116
96572
57495
67797
89205
21008
83287
39780
12899
42066
85515
80675
65377
31547
33557
84584
12135
40344
1306
62631
62853
68187
17810
46907
37351
44436
91787
76700
36041
12827
79368
45157
9399
53215
29306
14956
90576
28945
54736
19827
87364
56604
502
52741
88151
50411
53678
286
90756
54984
79269
69961
39523
13431
16868
93226
57867
8655
69927
10260
21482
49295
55417
47233
18862
1075
62189
9438
30021
16925
29266
17385
73529
46120
86478
78032
96532
56508
94671
87288
27844
73940
57249
67368
3724
90469
76946
77943
99124
46873
88204
36958
12520
59973
84191
31383
61049
62732
57173
7422
79657
2791
41159
69539
48912
27637
47571
45444
84146
58594
32732
28342
32535
6333
95710
36259
96802
72657
30554
12278
35882
18758
49236
48403
78732
33427
96138
39781
96159
53311
63555
92168
72455
4714
78059
21367
48703
41983
66811
49201
577
15895
77544
49464
22228
89606
2075
35382
78615
32630
47660
14498
51388
96896
79253
46472
46675
91743
2605
59186
61406
66160
67706
33861
70874
45766
55228
35930
4101
38391
85131
4678
54286
79027
70495
92866
68634
72570
44600
47249
5200
92260
78099
72941
5508
57352
19413
68535
49095
22019
27721
10502
4531
11780
60715
91758
73898
15944
27688
77999
54335
29171
99029
24974
8199
69524
17840
93185
58447
62441
56786
79999
71053
34886
52940
76562
8590
88706
45097
74038
27077
89171
892
47960
951
61607
39718
91201
77551
83758
69200
31887
12930
84581
56861
37481
70458
91053
30666
28905
69846
3804
8904
40900
38690
78197
17462
63633
83255
78911
37671
26684
68082
38563
74644
85385
170
14363
76586
94074
98121
62138
42313
27403
46720
15526
64884
17178
6579
11902
62435
76426
15707
87691
17326
70749
82240
51140
50734
65495
30051
88405
92179
14486
43320
83176
99871
43491
97539
92810
53917
12012
54948
96230
39416
18020
11756
20652
35198
34687
48907
13985
11113
64614
1677
44791
51715
83917
95931
2450
49413
42335
7207
57944
56821
50528
57472
73044
10371
71363
65854
64288
83376
20803
76870
39144
38823
88626
59796
90374
23313
8703
4359
50779
89669
22388
95570
57737
6306
7854
76539
72071
50189
83746
46367
7010
50626
3840
80054
77349
75203
62261
57989
58579
99416
34859
97723
38239
39837
73872
44965
63151
82575
65677
13930
88597
88065
25852
46334
94371
33706
39225
66442
247
22971
12810
7257
89950
33002
3664
67299
8205
65925
41641
83137
65341
76500
97212
19932
16338
71084
81250
95841
70012
63279
26123
74961
51344
51975
21295
62068
2034
60520
44862
2281
99843
74024
25891
6145
7026
29555
89797
15232
11832
31438
14721
93525
24290
11933
29809
56980
83018
27411
52821
69382
90690
78944
44343
42035
47272
81990
20455
49306
58862
65317
51587
75057
39342
77478
81203
46368
23385
87352
77952
51569
18790
92673
61446
59432
4607
7608
16413
3977
51371
69234
89711
42062
64531
34054
449
11803
16044
20904
77461
91258
86221
29048
66315
41915
22879
63870
88284
62616
51222
82588
30538
70012
75262
8336
45797
96221
32296
62210
16550
83668
47796
6261
25730
12327
56667
42531
40482
89063
63435
17943
80321
66008
63344
46636
24276
2575
10507
28912
65191
78081
11500
12081
64446
3114
20418
10243
15687
52714
72453
32237
52734
36601
54850
78464
65281
11517
37347
5763
16932
17134
40059
97253
99495
3403
60242
23771
5978
87101
52683
87521
65182
64183
15955
29628
83650
52725
39871
99337
21791
28676
47927
74526
65278
2777
69342
30559
30647
6690
52674
63931
23824
92733
77537
23319
12488
37779
47090
34818
41232
16125
38692
6414
80309
54647
52395
80311
7372
8618
79648
29163
37295
27575
20041
18925
46705
89384
65836
93704
96074
34862
73987
19898
43948
51524
59570
56436
89303
23012
7607
46887
39138
46299
53302
35799
946
22049
16110
24670
30667
95758
70185
84314
39686
90227
19591
2743
79611
1779
12799
92037
36642
86786
28287
80590
38311
87857
53378
43966
10870
60985
90854
66360
23636
60508
2159
40934
82557
18269
65604
29576
14027
52142
13891
70065
42369
49834
72808
38332
51614
85607
30369
4608
88746
58656
85198
27057
62866
54928
71023
73736
32266
61877
40096
55902
22385
58607
13189
21294
76876
95145
50871
7255
47287
81114
77321
6008
47300
66481
44340
98914
52089
91061
19874
40835
66070
5072
84244
28936
76353
55267
19024
24971
33497
75472
97225
72234
34079
10414
9881
10955
5560
77104
18210
69199
74570
11883
75208
21870
78365
35900
37137
46806
43314
57011
3993
9384
78436
88237
38320
54789
59856
57344
79760
93353
32816
76985
81940
66895
3752
91821
94202
25664
68925
28764
94863
43495
40648
86423
81717
19013
38676
18854
82171
81990
75866
86164
91374
70654
74401
46046
41795
34257
3390
37907
27611
52558
14892
25903
35805
34996
17724
30007
60660
86649
75123
55524
46496
15771
58299
28213
51136
96975
47068
33307
95317
39286
19471
86691
26292
93872
32737
68087
44482
52479
5994
88445
5037
37238
14348
40842
72235
32072
87201
32895
35073
62325
4771
81569
94448
79423
26134
45585
76398
89554
95244
71716
28840
14716
74759
71484
24940
23849
39571
69422
76328
45565
57867
97718
82804
72215
38560
71391
20639
42114
20638
55712
4439
41762
53633
98887
21185
79768
60824
13935
69322
56069
2003
14515
87137
76763
85999
12077
16964
25571
97852
93292
87488
55719
91010
86644
44287
45923
58035
81278
88037
78674
36991
8828
36788
90624
24067
57973
86744
84892
88260
56067
57313
90264
70582
44450
83379
72933
56527
343
98504
54379
9987
2345
26451
998
88989
87090
63273
47025
68368
67662
42051
21711
76490
95191
28688
557
53164
15432
1801
57776
87851
59114
48040
74785
3564
47771
47719
76444
48114
62575
47175
58102
64920
73626
75452
53910
77068
38725
17287
45437
22739
75690
83500
99229
70881
12188
16138
40397
43973
34292
14525
31824
93406
78918
6610
13323
26689
54329
89767
91156
33256
36942
49258
98177
26921
41062
68439
3989
96139
2078
65778
18878
94120
49279
34459
81353
77819
50597
38102
21792
84889
52627
53617
94648
31545
76579
7971
58235
30908
14090
49391
80516
67384
15001
95045
94305
72415
63484
14647
84906
81914
96777
3784
92386
62408
38243
73739
40228
5192
28193
62020
6434
80821
31989
1082
28718
8568
25405
3305
55828
55847
69048
36345
23231
401
31390
33889
72816
11227
64888
57722
9493
61665
77858
1880
24074
32453
75619
64302
53998
3813
42674
60432
986
74664
77866
29704
83232
19623
49362
39061
75470
18410
91758
15053
18812
23148
48942
7980
50727
13830
65703
60221
75496
59913
62101
99570
92367
54072
80224
46365
74237
22898
23149
75223
97562
17367
21280
97147
36990
70642
52560
12460
5404
44318
27513
24216
83818
92808
32197
34546
6638
14252
94767
98486
74165
56868
14408
82884
27292
94632
45601
1530
33883
68750
93105
47797
86117
14385
44944
23107
1379
97504
51919
6784
58174
95785
47352
41993
88593
95901
76539
95231
10153
87658
10070
671
60878
24478
83555
88170
19111
29157
89700
52994
14259
82806
791
377
13543
62088
39836
31275
75944
8108
54411
34119
3893
18115
92464
92486
14017
69003
4069
24170
73013
14139
24841
33891
38618
24749
22061
74081
53906
28114
43427
84517
27272
60570
1246
57167
39010
57435
4794
14955
65543
59205
65426
85788
77321
57890
94626
7690
43245
98695
31860
16258
29187
73054
50149
84157
14155
88562
74590
68061
33028
18017
68930
60300
94939
70177
33820
33950
27612
38614
65257
93155
97820
30683
95295
91493
88573
89921
99183
31818
4968
47395
48076
34155
36801
14577
34664
50956
19491
9254
35369
52520
43623
4300
29172
54915
74477
62992
5217
2089
1607
70474
11596
15779
1157
6891
7272
89730
96812
22807
37900
18132
70202
2328
52288
23356
16905
3304
74312
36396
12559
9682
5268
72534
13982
34441
27449
4811
97433
32666
6900
15392
19492
34848
31171
20649
58091
54795
26731
71255
77602
64631
89387
64157
66959
58027
87513
216
61332
61825
36613
90243
87859
58233
62777
1841
92674
6579
6652
6460
55597
29904
21852
75090
81104
53024
12091
39195
7819
38823
26802
1774
3454
16190
65931
86766
90569
69796
86982
51901
47973
39947
58496
35833
98181
21274
54026
90855
44205
60679
13667
16154
6935
35520
7596
88040
88544
19688
43587
12715
58511
70390
30841
78317
2932
96772
81435
9853
82920
68418
61755
30894
8365
20251
83079
22898
57877
37105
30106
18434
14136
43773
34589
37424
79293
58537
25464
84189
78225
85403
13257
53088
72145
44098
47758
91429
57223
29193
1283
40143
13963
79390
87389
22329
15993
86820
61579
73871
23926
91685
8657
54414
35459
59598
91838
31104
18136
33654
31646
12713
19058
44903
65802
7555
89001
29912
15337
62576
59105
16620
2720
73069
96010
6461
11750
12003
93282
73329
2226
33560
81367
27236
87974
16826
86834
96165
64282
4970
29819
95928
34036
65229
40831
16190
72785
46185
46102
4474
8761
21559
21094
27833
10980
33456
34295
22730
61811
43929
12412
64038
77489
93779
91274
81815
26957
94460
77980
91239
15783
24152
87168
49819
89381
44351
66009
78518
90536
12111
82992
15650
33670
4086
43483
61003
53894
94130
83733
15706
54411
12497
96096
48252
22628
3722
46420
49585
98182
24400
40825
30317
48552
44345
80136
54286
5048
46145
32804
11937
74608
15797
27587
24631
36235
87422
85634
6482
97905
85719
38540
52316
14569
34636
16921
37197
54710
63341
3135
69244
4093
43960
99562
52646
4657
96050
23284
9705
58548
56088
21642
33156
88237
65581
74139
40825
69356
76125
47307
67261
78197
85847
35929
92766
36835
52850
29963
7897
32543
33098
77141
36637
93410
93055
5635
14419
89106
28919
40477
47654
85007
78471
97162
89597
44053
71302
30422
13409
63779
94081
97022
41976
96280
32951
34742
33115
2154
81058
41012
34697
30508
34505
71334
40271
27561
93321
54690
16667
22240
11519
80673
7248
89991
77835
96845
50396
65489
43619
63805
29269
37700
77179
71245
33980
26482
22340
83447
28636
3398
40811
79686
33906
75316
67372
74177
19229
60694
45220
52248
82934
56739
32921
6534
63082
27109
19731
13478
92598
63350
93635
38219
17402
70814
9465
67734
97297
48157
67533
25933
51555
8344
21971
1813
13
89344
92343
19242
50038
53915
71491
49324
27006
20764
55859
90089
47873
75590
3567
40472
55293
97203
78691
89047
68017
4508
56782
81666
69017
24315
23952
20572
49012
45923
38738
65377
35267
47433
84619
1657
1348
72462
50982
28354
93227
23193
18443
57452
15135
22011
97924
70428
35566
92968
59476
3583
13828
32610
85250
82846
56925
9202
19770
22289
71477
58508
87666
6745
22293
88638
24754
23641
77452
92088
51996
87031
15281
70439
44484
30417
8802
58760
17197
44368
51728
76673
64304
81909
9283
65906
81107
82561
91460
877
21202
62937
75738
8869
86034
98031
13859
10789
38025
91311
19229
90021
78343
34511
76812
39179
81280
1967
97939
98477
46335
66020
75151
26991
47929
786
92897
29036
99699
709
46265
20902
63647
38355
46123
66033
52739
59982
93174
90764
67645
12404
80785
62340
63267
73949
1519
44547
75916
99459
43024
38604
65479
34527
65595
29760
51666
74845
58796
51365
91906
21413
88619
71905
59769
34742
37939
28860
11076
47465
19624
78722
59869
16761
41062
39488
90710
58934
84035
66627
58393
43412
21583
40224
94291
3530
69984
45957
94727
45132
13675
86634
66545
2294
58539
42666
37037
12830
71526
48113
60296
7502
43187
36517
24263
602
76006
14974
59536
76393
97953
34281
19805
35888
74505
30449
39418
44489
92758
34146
89621
6433
37132
72518
8728
12023
31537
62117
24854
19415
26582
1502
26918
86122
38019
51181
86724
30377
82507
46260
6771
96812
96893
42928
32700
71398
73377
88471
15887
66136
38969
21860
88921
76101
10730
14001
88124
42267
76118
29330
78035
19053
47184
4953
5175
1556
72486
8251
31933
71346
70863
55056
68158
67756
97985
859
39154
87714
5682
71393
70202
44651
9605
75476
20752
20335
89477
25228
78955
81948
70911
73342
17353
18095
78295
22528
36003
67133
30779
84289
38479
1642
39345
22990
69398
53682
40201
24904
57749
45883
96297
27951
90534
5902
19779
27638
42589
9257
52866
37896
91205
40129
11238
24910
74577
5885
47438
10580
89371
94569
94869
44202
12563
50567
67192
98313
4249
23745
23217
61998
69628
35866
6302
76514
58120
26081
4152
17061
51690
57019
54958
59247
13500
82548
84157
88077
88434
31595
98658
77805
42516
9879
38359
71431
60446
5552
69744
81048
29297
9313
43046
15278
61531
65700
91792
19651
8134
95945
36713
59824
69316
8023
19072
82816
90571
3229
87246
95357
51177
2256
89514
10045
12135
27874
81477
88934
49778
51221
69982
95427
76887
29380
10705
38418
11433
2498
58070
19567
14795
11135
79391
463
35510
14815
99631
42433
18045
86877
54143
85574
89133
43657
95619
17621
87883
77096
6555
37661
44670
92889
33089
21557
38621
60146
59975
50054
62644
34397
69621
93791
45532
65365
94254
97394
80180
93886
39828
14577
97115
93971
151
86249
53980
12123
20222
41864
89219
43129
95877
33889
36018
28966
55446
90991
89113
31774
41046
68109
66171
27019
78253
28056
92384
72507
25450
88917
82745
65278
3494
79861
75601
19998
82462
29582
32121
19036
87798
37692
62165
83675
71582
14535
28994
43380
5526
34459
75154
62924
18920
41326
89944
97173
69382
98680
86033
11184
3949
85130
76463
23796
81343
68416
43794
80157
14350
92267
99193
2148
29959
61358
2176
17893
92245
47522
61274
14124
81981
52780
77048
17253
10458
83344
30779
96192
98377
16812
7377
2326
18294
192
26122
99638
84960
86268
79795
99311
78535
78989
1459
24847
56699
19987
42740
65297
67509
20366
79421
65842
89499
72821
83096
16309
56166
13875
12502
54543
47039
36231
56869
65333
52775
99344
64971
37735
85612
61119
37046
80500
40108
54858
21699
13159
74845
80791
78456
42355
1158
74229
8197
7009
47051
7645
23318
19569
21520
52172
74112
68559
88403
47333
50245
41178
63029
15216
95266
64994
92687
32312
45494
49147
87170
67193
62307
78368
47984
57115
20723
65494
31345
45272
88855
94748
52918
12174
14317
90790
64346
4781
75702
69102
68466
25947
26632
31496
57515
21898
96490
50203
70563
58336
99350
74085
41881
78009
52453
6217
35125
89528
88064
82822
51153
76919
93922
20423
89093
24591
11213
69792
29372
86915
55246
14190
29214
98230
62038
86730
36481
74880
53285
7044
33216
68987
97481
91449
46997
49935
97667
98474
55815
85731
81296
6968
62650
91570
27391
68096
16161
54957
54240
61885
58224
9486
92427
87439
24068
54466
90521
60549
29346
43806
83945
78915
29145
81427
86716
76142
47714
84383
74616
19881
86466
72264
26850
65469
63834
70593
33565
96347
41902
87805
58232
127
13643
50660
87566
37711
21478
94439
14613
67176
54597
98558
46091
83742
96337
32808
59885
60403
33543
50853
80285
36362
23118
23487
1831
3304
94080
51748
99652
35983
55905
74236
52462
69548
41248
56380
23611
62726
50819
54576
46255
21768
53135
92346
5510
65824
41506
81747
26228
91402
32601
6513
27764
72071
46352
45947
75375
56784
97695
75027
9119
53600
65616
61581
39500
6864
17961
63111
85943
85132
17688
32198
6900
87175
40896
12411
69351
98755
10510
95579
6509
43111
18444
34273
15182
64796
96572
6910
37933
94267
81937
47052
47867
47553
8634
87367
70770
42947
66830
56713
28080
870
5263
34980
4397
46159
63743
73749
61266
74254
85680
67775
33717
20477
18400
65252
1625
14972
72162
39558
9239
70451
86611
73458
34357
95245
77177
5127
38192
44008
78192
82624
61230
83455
17605
81980
45966
97700
55729
7233
88306
57761
75008
22024
78238
93409
3628
79864
24733
75790
35774
33973
62593
22385
7431
96950
33982
961
18429
88527
61321
96621
71151
22551
96428
5108
20883
58747
2809
76612
82332
91115
50726
57340
29491
45316
67101
49471
41532
91835
41613
77307
42160
4207
16044
65943
1157
50027
66904
35939
38554
28225
32560
26057
67129
45341
31166
88012
4088
33975
80977
2772
41442
31703
76464
87286
93371
43566
53109
34904
51753
94723
12211
10265
98930
44607
76208
16439
94634
59465
52378
49540
87690
1291
75598
71171
62984
6764
59184
83424
57091
56513
86196
98533
4568
62660
2171
97939
22578
55281
49195
74331
50004
77758
948
65286
22366
77157
98077
17000
52974
66808
66541
57016
84451
58491
28188
47435
65255
3724
30859
22346
60237
33407
37231
81157
96067
55755
79096
18646
11036
28292
9329
77392
6050
10278
59030
28416
3787
73459
61769
56761
40267
44662
13777
24718
3153
58317
88505
68408
62041
35716
7106
38630
69123
60689
19787
65191
16444
15236
189
43832
59880
9518
37576
82282
36148
96606
27051
56287
70066
88820
13048
26685
49834
43178
67756
52987
17847
56261
37747
96241
91978
44853
34871
61101
21894
71011
42644
38339
2599
42833
98523
62479
68704
36100
61113
4852
49058
88164
61140
35476
93336
90540
62162
43170
50070
46270
96157
84270
2531
50256
80511
10861
95109
31734
71963
33356
19097
30959
71695
21696
73793
86570
527
42497
22670
61641
63701
71729
49805
41193
23557
59494
31734
85719
2664
98156
31989
15174
82426
50873
65430
79289
61734
76892
11024
50049
10248
30121
81009
98295
68170
71154
84865
85049
30003
7536
46690
10056
95617
12848
51250
19174
72342
99336
21246
91358
97492
69587
6532
96271
20460
71963
75560
82195
48855
2936
48596
75455
49410
29605
73750
33932
17111
58615
18981
47114
82503
65672
57171
78120
94872
24773
13647
67214
24109
34893
74924
37953
4480
81457
50576
41293
53420
42489
23488
18627
45425
88436
10434
11187
18042
84184
45119
51505
59151
64101
14972
41655
46125
88495
36127
40997
13268
49774
24563
37377
1019
99487
75330
5500
97296
42259
46793
67068
84748
86633
85695
30173
75069
12481
57713
9463
96665
2832
77321
55817
83285
92293
13824
29410
80788
49951
86759
94056
16078
27674
47785
17097
43514
39467
38949
40810
81726
85742
7879
66474
88727
9926
13000
80149
22408
70713
89612
35425
89897
66933
91242
73183
59226
21418
18945
56366
71370
22057
50422
87448
49731
98207
20897
93245
54027
59847
50408
35753
45589
58287
2228
50669
84565
15228
30818
6973
2293
20430
42399
92190
3716
49993
81725
79294
71412
17023
35661
59134
39080
2435
62934
5163
16995
83831
14761
71022
43678
81521
6775
5620
39808
25355
56289
24373
56935
87107
47699
75580
23889
90098
67771
43957
56443
65848
23252
44207
99223
75265
3341
54655
94052
66275
59819
27399
50107
90932
98421
93785
72453
21549
15757
28613
63256
72046
69338
20192
59153
17037
95772
99395
23487
79895
43352
79931
62096
82956
24138
61319
74573
43832
15975
84978
10107
92146
12377
76566
99430
27151
86704
88235
65052
2461
16848
28308
74508
86186
64852
50013
19576
76977
65760
59415
73224
9113
55698
35320
8421
96189
12992
99347
40021
28967
84325
50128
37465
13054
43047
36895
40205
29751
25130
5257
32212
58330
33566
23072
60868
14770
73086
80444
91747
55198
39860
64972
80663
95558
16644
89085
8099
45988
4784
48120
74955
89109
14601
28772
2163
57648
82019
58721
3751
7149
63978
35963
81831
13896
75388
42700
28667
48474
39496
36766
3672
95708
18090
688
7619
34735
89773
15718
80723
94557
63839
72031
18
94792
17155
18533
52440
99175
77254
56191
22676
57585
8506
4508
71481
83894
63560
148
48720
19408
36915
68745
15117
55005
69433
39088
6092
75558
54806
3168
86467
34997
91551
2837
29789
8706
21370
98581
24233
14977
71124
46910
72562
79631
67770
44043
79877
47682
60544
44950
67090
13811
13695
82207
85168
99480
21295
91261
75038
92454
10781
77857
27451
2332
80694
57241
27390
18416
72174
67976
33393
43299
14886
5955
22930
99008
66351
19159
46690
26895
64109
13780
57058
94156
12340
42226
93636
33635
33487
85026
26089
60620
62883
69893
79304
43577
43486
23047
61994
15660
91023
95387
58959
5909
17695
98241
21269
398
33753
67959
43645
97862
81739
703
92019
10431
42929
2007
44067
92769
87034
86508
53389
49917
56401
49046
93495
16239
72093
71841
31900
63116
83580
7211
85377
17627
5453
6646
18025
39206
74605
78022
53420
72696
95077
61791
83128
38007
63799
43547
47128
50833
46407
16869
750
2809
65915
10597
35400
38008
98790
67300
1124
82371
74512
86501
99998
96317
9499
34376
51875
456
28750
21647
73153
23828
83439
72633
78187
47238
32532
25315
98071
78939
58536
15173
98100
24452
42123
33501
78812
40913
17153
96289
39636
91665
99142
55987
4334
8642
6715
56209
9098
35465
77857
98603
75645
77648
87588
53832
24886
20120
95499
39309
99060
54036
70834
13512
94840
29309
47013
90004
86575
80519
86293
26211
72184
85436
98550
92871
10430
5265
65432
19528
57083
59641
34484
32728
37289
22072
86561
62175
58545
98412
17836
73957
68800
5023
87469
79992
34332
50835
69997
20907
31354
72642
63471
19890
74430
62021
12761
84860
67287
78194
20741
40722
54187
55225
73450
91477
93649
76363
70004
52194
74776
4193
26151
59928
9216
29973
39921
43548
80808
9918
64456
28514
82560
27927
48404
56991
6300
77518
58203
89939
72064
78944
30661
26251
50521
20464
17728
60523
96827
4085
12717
87955
8278
55221
64236
17494
85194
4157
61042
82354
30427
41850
10868
29339
86129
59272
2682
8782
53142
60886
98721
25206
56182
45735
51458
23056
66199
85538
83579
63026
89623
12648
67334
97901
67869
31570
31747
69415
52079
9142
51769
82506
50992
62637
11845
53474
38262
14528
62256
91404
91766
77329
16611
47948
23064
68069
71004
89263
69959
70935
68642
59583
83584
35976
73836
51453
83898
5584
20869
35977
14726
72638
18483
82070
51628
46680
51896
89890
61208
30504
97646
69326
7834
14257
17275
30898
98678
4631
36514
68638
75567
5156
44573
59151
57484
18409
26956
41382
40345
64177
93711
71423
53168
28546
69846
4796
75226
38094
11038
52787
68599
25036
22113
92785
55646
39388
40035
54324
60372
76549
39314
35939
81705
239
11442
55541
35001
54750
13275
75346
35280
6986
63122
88448
35532
32968
9596
10759
71062
36986
79898
56013
62022
2011
48798
17668
57752
88834
88345
18124
65383
44011
70415
63441
44251
98209
18982
79252
69311
32258
70950
4591
55596
34072
93039
91129
67040
18987
18240
54455
55973
98138
10468
34348
16501
59267
68368
74253
64453
56713
92377
29836
17077
79144
9629
61328
77353
28612
56932
46665
77222
27882
67608
32818
61955
60648
40299
45347
95987
74891
99802
51961
89381
26623
2661
5883
2242
71029
96488
66695
27743
5218
12883
61172
84362
22513
22500
78068
67477
95784
41085
44699
23666
8693
93869
1973
85693
50521
47321
81681
25412
63475
49994
31146
6450
52655
37029
8692
23684
33517
91739
67779
38735
4623
28951
39450
27136
67803
17518
94613
63587
58603
55664
3606
83648
49533
5579
69342
16406
69252
67375
41819
49080
17369
72965
71882
70024
26346
80575
10060
76215
88666
94192
31303
93289
39495
70753
36777
23651
4623
47742
3590
79578
3406
7196
63226
69292
29128
48920
85698
14732
16295
43869
80164
33664
33186
52047
20040
75884
48974
46453
52100
37640
40645
99755
30930
96492
70508
84059
20143
91483
31802
23734
87413
51560
47282
50639
37204
92762
15912
39255
7495
32207
99476
87659
82224
32663
39706
18616
8547
88680
65069
76999
42673
22066
76754
89955
34911
63614
74014
55054
71449
22168
95140
58862
73729
58775
9502
27285
51537
41766
66540
59032
90325
66017
63044
72549
15032
19102
91166
39931
24135
72587
33283
66808
11006
10037
56763
45917
90004
47129
17323
61453
69298
28816
20316
59379
87591
46170
86664
39128
4288
69557
14513
94613
51926
93909
67163
83310
29363
74681
23241
53498
63620
72876
36658
90978
99266
9773
36895
89270
73255
70571
67075
42553
99387
3743
18284
86978
49913
4948
42458
70553
90857
56971
65167
42783
67232
32330
42445
96596
23363
82039
66446
3335
54915
3105
94314
54181
29230
47561
59803
2485
18132
26879
61390
17519
46974
79674
20849
13240
84623
63308
83793
91832
36631
48960
50968
3864
97642
93413
460
37357
75452
83258
40693
30368
2715
35007
84549
31946
82568
60705
50783
701
87584
12174
34572
50910
91848
55422
64150
92823
18730
47944
84656
55361
96904
35624
75577
94547
29037
92389
31904
4490
75648
72597
51210
78363
23956
35759
26661
22877
12816
77445
39930
16752
89619
74502
67663
81467
29924
31813
90643
65006
79757
75299
36720
76662
27275
12297
87561
56312
21039
19465
77154
13039
8415
28364
7754
48723
80476
34416
71600
93292
11861
11530
10045
17832
2385
77708
15651
48661
25873
6294
13668
5631
97945
66740
82293
25220
95389
69854
97885
16428
5671
75039
29467
30438
3404
37222
79162
232
87990
67114
93524
99851
78645
19921
34035
97382
13981
49686
46043
39855
72333
76063
45486
70278
42803
44131
95499
38193
30337
93384
70973
52360
68423
441
82799
88179
54015
61961
4763
58357
29075
98288
74560
24072
34561
8595
37806
48543
74633
83850
88398
46966
59913
50236
17245
2717
94367
12744
57262
24704
22480
28235
77064
7255
45028
76215
11787
99043
38176
16550
73752
83604
14838
48312
24028
65752
56907
61835
14295
31541
62037
19045
78507
21950
69281
12104
41019
63648
24848
98281
4704
63680
26517
98120
70936
71545
74336
82723
86941
28864
15625
60693
12468
30464
9006
52849
96216
82265
31036
26863
13806
93073
45908
8666
15023
15189
20770
56043
78837
61971
70676
99893
25651
97193
98013
12939
68739
72349
12014
72032
1214
27640
32725
30034
74456
41731
99235
87024
23997
30271
13887
54155
23344
59795
62821
54720
91336
99944
10763
86525
61915
97791
86418
3918
94985
783
16858
80076
73133
45224
52108
90699
72864
84833
37085
47320
42917
36321
34344
83266
66592
64583
37421
6289
40730
16595
61009
32066
16539
88124
18591
94806
85915
21361
15076
80900
22145
31934
60976
11630
93511
13084
2329
66375
14270
39414
30048
57187
92087
64392
40453
58680
45328
94226
64969
86058
27173
42330
18125
43712
30454
53068
54870
16369
74430
69947
97270
96575
18233
74598
24557
11744
4035
26886
94472
34657
82652
24520
91844
74740
5264
48649
49772
50592
59227
31093
36651
86401
73423
71128
46465
20229
24196
17688
36598
14978
87635
50220
27905
22220
41171
52462
33965
45206
79348
28437
79863
78353
69309
88059
69445
74573
53060
35569
25166
28639
66662
78169
31392
56437
49297
77858
76666
89845
95546
29616
4824
99533
79837
49081
21753
21008
1544
72070
82566
97244
16859
78781
75597
86168
83192
61394
77094
52604
96963
2260
81243
79977
96781
12636
36414
62430
6846
29432
52275
18744
75401
73451
34629
55238
22533
72734
92598
40429
61157
91516
37673
78016
86649
29623
80537
69841
91017
57631
22445
87981
76243
20040
67958
89376
49028
20725
51806
72226
66509
20433
90970
41910
10237
41951
97148
49122
14686
6098
89551
75843
13966
27224
70211
615
73199
50748
70456
64217
24731
9253
52198
17326
45646
36508
6702
94674
57233
58508
83253
23743
95294
90575
65653
5531
32527
79154
54653
47213
1604
60556
39408
15571
4132
9619
32538
77332
76720
2995
57901
17803
28600
10099
35130
74246
62959
58184
85273
36545
16693
84878
60288
28339
75453
42293
33870
7980
37799
4875
71545
55756
81783
10953
87679
85915
36925
20217
79599
29997
39564
37500
47800
68165
63951
99282
58763
26911
57467
60388
63456
90512
45266
40096
18851
37072
98741
69073
45052
36541
73948
16598
8649
55731
43903
96328
57998
97180
16545
37598
27177
56110
91450
91330
40627
55402
90612
99390
82313
48079
76131
45769
38591
37749
2217
73794
74821
958
42867
19874
53851
16815
52824
62500
88898
13079
58828
63249
10260
91726
17199
53789
47836
8649
45119
88463
64051
35732
4205
46364
163
96688
8485
55107
34438
10702
28901
9259
28013
71769
45485
81864
4936
14661
44365
10187
44093
3193
89788
54353
94919
6987
8142
59107
15636
69614
63922
79688
5346
84480
42404
21861
81168
67242
76968
15606
77944
22222
41218
22309
10343
3055
4174
31631
34069
48539
58170
78162
68084
47958
48867
79356
54945
73361
38463
70582
42975
18738
66622
64673
3218
9026
2887
738
76268
96207
32697
70565
18429
73915
92874
45124
93322
97048
76756
43743
61939
51278
21905
30024
99237
87124
9380
54182
60486
64195
41116
19813
99285
7738
839
2503
16765
3726
3242
9385
99933
35939
79950
34715
26206
89177
79839
35880
86225
72947
79624
64517
24226
17881
94541
39815
21358
20273
93997
98196
820
35114
34361
106
59204
35200
18961
75969
38926
38555
85355
55212
90846
81657
6279
33404
70834
2470
85637
73412
91770
81613
37929
15996
15846
48822
72163
37204
69095
66160
35400
86267
17626
86114
2725
76831
21314
21687
69152
76593
76594
70859
48157
83793
52517
54436
17197
39703
56906
19186
29467
48676
799
83748
81024
16646
32570
53187
53850
18017
35700
5603
4285
69678
91717
7010
62861
29383
45049
32014
5976
37996
2873
54133
38141
71742
24921
55338
27798
81828
90877
73617
46856
91676
57366
27881
24674
89936
97420
78525
7954
33120
480
28591
19151
8549
51953
82012
54284
13355
14026
60261
67703
33252
30746
5844
21346
72020
77534
65496
53848
68411
39114
17056
60088
96480
44937
84762
2768
42358
79639
27074
91830
96471
55665
10981
21372
23971
9346
75657
37326
39724
52270
21381
89328
99368
27225
27027
71388
4759
92523
41588
73171
47989
58645
49611
60821
19934
50725
63590
78644
46717
90664
86827
59540
62682
14160
80913
86653
23506
72922
40331
63231
25192
61712
52559
40912
88937
95938
12301
10048
88462
70241
99571
52803
45238
49182
13625
65173
16260
77215
60169
62977
84231
46996
22517
63265
77509
19782
49918
1015
92704
6601
80598
34248
84665
49510
75161
89954
45448
3814
3
50262
90407
99574
3066
35646
65109
16691
17171
81369
10258
77340
44346
94489
40689
83215
57755
18198
2998
24025
35565
12054
46979
32516
46303
31644
98378
37816
21599
43826
41630
37954
10441
32037
53880
13507
84035
18989
30198
1206
358
56808
94899
61056
67649
51940
60624
25404
86490
79974
65782
22055
92028
29113
70923
38331
60757
69301
76147
98708
29480
34129
53014
39921
66167
6895
53428
66554
25884
99978
67761
42595
56786
62660
20003
24435
30952
96979
66192
17442
76953
48326
39497
68982
77439
26773
23665
54548
96074
16165
53257
25554
66646
6271
65475
49165
29518
18903
15720
71755
35233
83481
30702
92019
62493
50705
32807
93445
64037
15351
10887
40990
63677
66736
26324
57468
93509
66342
12016
5936
82507
65273
31490
49153
87897
13318
14671
17415
48573
30391
5522
83807
13872
36224
92178
92717
3282
24985
86162
67319
56688
13401
8309
20365
80137
50986
77833
89999
17328
6202
95935
16187
71475
27425
81692
75724
57095
96363
9492
5669
26754
15014
89476
40626
51239
81654
49695
54521
22992
35857
21840
96032
49258
46501
16398
45748
97487
10583
35747
31167
16785
31682
47354
4613
75459
29047
96689
32555
25410
6181
38224
52165
37548
44052
9143
5139
25706
58839
76012
65050
11048
14204
61083
76659
60705
93833
22407
74545
20768
58154
5712
53906
89836
53067
58519
65295
98466
71560
14202
23876
94094
52426
92393
31642
96478
17889
53133
38537
93080
29145
19939
20480
43349
97374
97139
20406
91207
19546
11303
28328
77700
17016
82234
83888
86435
57105
65536
84901
28665
79738
25129
22759
48517
33875
70753
44995
51764
23886
99884
61196
53031
19824
81676
12732
33550
78816
33139
24758
14714
44442
69438
92415
77810
51672
76303
64245
25129
58191
65498
53794
37930
6980
76554
86447
40855
63659
47794
8971
87546
64031
70167
40577
207
51843
53310
33757
47011
2801
74867
61726
47243
44305
70493
41406
12329
63148
5651
37458
21340
87502
91253
59270
94482
84159
62069
35337
47818
26215
44308
35364
6598
30827
92294
6805
99022
45604
40563
46034
48405
15430
24112
12000
76088
94605
53406
88417
57753
75410
25876
79093
79264
17129
54715
73746
17640
33136
25435
81810
75704
86095
17175
82302
16922
9469
89108
32296
71425
46023
78330
36182
61453
2442
48182
53893
13399
17941
42311
71153
93351
68187
66598
72615
1668
21314
62713
35660
70802
4500
17470
46506
6947
34645
28809
40221
60466
34269
72517
48243
80292
67200
84425
58097
69642
48960
11991
99394
66901
54302
70547
76604
38841
53497
65571
56861
74811
44636
92521
61966
49136
9991
24824
72435
60989
53633
12656
21455
4254
85173
69699
898
52373
70476
58996
38368
19436
87339
37762
2689
57993
24661
95645
96834
78158
61216
70047
69322
22204
62568
47640
87692
72559
72464
60127
33548
42450
72783
71356
46704
57957
57407
47603
26682
27883
22951
65050
63672
10290
19164
82713
68283
60177
78359
81469
38336
55927
51516
24010
78132
30436
71650
82176
2995
44114
42304
52896
86564
15087
24252
49621
89396
98011
97224
16079
42246
36527
97481
22270
46817
32998
4984
31452
93175
99695
29273
47863
71974
97141
71873
66458
27577
59875
48635
46924
20342
90939
16172
6906
6026
56776
56527
11775
54787
70103
27854
97034
6630
25335
35656
69799
58333
56992
17603
67861
73039
63228
15724
45014
60369
3950
27824
4298
63825
76459
67575
84167
83750
83747
7426
6129
40524
80305
17904
11663
66761
45758
25049
89743
87445
60706
59543
62131
17698
93498
46344
90738
56727
62068
52104
33448
66018
79928
37747
46196
72740
5322
30363
56490
5421
37789
62619
62297
34447
80523
73961
1208
42633
99010
90951
46431
59716
66846
24914
93767
60345
71258
857
33424
33326
52961
66872
15697
32889
4619
61893
5629
26293
8608
78472
48067
62750
41091
10364
97197
37967
84325
98405
96952
83336
89356
43383
59404
72555
84649
69523
32900
55907
70380
66324
5586
23341
33196
37635
72583
54168
99528
94564
96813
8136
73036
61232
87238
14128
71597
84435
68447
72274
82840
65399
71962
88549
25135
31367
61104
9784
17242
10356
82044
87623
93032
3982
27316
42580
41617
99899
13100
57497
94464
26266
81985
83852
87498
69224
14332
59095
53659
82779
31370
52852
48179
19684
41401
89666
51051
18857
99450
68294
45565
97846
72269
38597
1828
99585
97529
43445
15837
10630
942
26653
36896
82928
10505
40746
52152
24838
99842
5811
7617
47564
58663
72148
67248
16416
61814
34652
51625
77617
19298
13542
75463
91567
68491
77292
7504
66021
37089
23341
93003
38032
49994
29899
37312
76852
70645
89464
1690
86839
11627
25659
50755
86643
97808
34356
3059
75974
69008
71037
69943
4658
84579
61759
12577
69423
39051
36433
35444
92492
59775
28447
30524
26121
74698
67836
2973
61695
73652
21015
64887
85280
46675
15642
71923
60835
49998
91334
53161
35358
62371
39457
56368
63303
1216
68945
32726
40267
5379
84522
49111
81506
29321
79636
23979
4019
63824
43305
82066
37477
64320
46953
39109
27347
62596
11032
4534
28946
2366
57696
64305
81090
97153
20673
60745
14721
5971
9823
71340
27702
94345
20451
9208
40018
87
33187
44037
80264
92844
26103
34093
57165
73057
73202
864
52005
84234
5399
80951
2952
79447
61608
394
92952
98634
61139
7673
4605
87314
79013
32307
81659
99464
57867
21677
15904
7406
82066
12520
251
24522
46613
57416
97579
19815
74632
65936
4049
80031
46887
23353
75830
8496
23748
68782
7130
1239
92807
28087
88554
88172
60394
70213
3989
34613
8243
19893
42019
6661
48765
42270
31183
95378
16038
45114
15193
90671
11050
35594
87054
74290
75299
62885
82786
99047
48019
6268
287
57179
34355
88841
45351
11101
75406
49340
62066
1
85585
4085
6663
34350
62708
54198
29728
95098
99313
61273
85769
26715
13219
89176
1005
88519
68413
143
3918
16432
22763
4205
89963
57118
9398
35315
84571
84805
1007
46637
84806
86593
67075
7821
37295
29783
62020
83376
24881
77685
61001
27003
20752
74221
16179
21758
79092
944
38253
83010
17376
61017
3568
7340
34487
12966
59007
35411
97771
76366
98400
98930
62959
65475
6751
16607
11610
85123
99983
52844
62808
77336
79847
83561
51557
12378
21671
47001
13322
76276
30012
47050
37293
33580
70742
88133
46546
46101
23544
60670
22468
21944
59600
1779
87420
82703
18386
15382
67827
34721
68226
46987
12058
64425
46900
79967
93155
84923
26969
22829
61200
73333
86232
14845
23265
73326
2978
86163
19428
26522
46833
58248
64819
22785
60027
68591
5489
94766
83973
89668
29487
68552
53007
57897
32977
16260
54217
42485
1183
97538
65314
62383
70871
51546
93581
10488
24873
96559
96651
60653
39434
43485
18901
4253
82622
78928
72844
4463
90046
56817
10483
35886
25369
63491
93783
74699
79751
64352
17184
97286
61890
98850
76022
49113
66749
69603
59601
7974
66162
56253
68627
21948
16090
3880
26201
15064
99160
99045
19528
89207
72215
30011
25093
97584
9854
35228
88635
5957
99581
5819
3244
61471
21022
95618
26937
87771
65221
86538
95745
47735
59143
80724
86036
91585
84604
12237
23002
83764
11283
42530
72971
83498
88893
98064
97434
98748
33293
86070
21057
49226
8241
40653
10697
29263
36271
53986
17034
17844
56877
29131
81932
32372
9855
67968
23958
94459
80205
46960
94576
7840
5842
67547
7690
94735
81964
5125
9835
31609
7547
30893
80835
15788
87898
7884
61404
24170
61871
78438
58366
18748
23922
56650
67472
33777
24618
91430
44589
21176
54742
55517
45368
76936
39416
53059
71672
21380
74536
97859
69341
82083
45104
50176
14223
33003
74413
75627
73525
36284
70418
48243
71384
10692
4894
55208
44469
45864
46639
5410
83392
17733
60927
28761
94670
344
98172
82694
38076
72708
96905
7418
71143
42010
73946
1718
91365
48359
93698
64890
995
80468
13133
88731
91160
34379
43940
51981
80244
6931
57392
63636
41016
34671
8749
35686
51367
6921
34732
5796
95981
31638
29566
83476
90000
3512
85195
81365
68224
95245
46255
85571
75713
75740
74303
66873
10120
34595
18854
6716
41526
92598
86704
98894
43622
95454
34581
11341
18727
85665
33489
31061
17303
63055
14537
23655
82920
16084
5020
51144
11329
51275
36715
87042
43368
27370
53915
69840
61965
89122
92908
19843
81720
79612
18738
41694
91418
69671
53036
26498
71688
86525
57559
5344
65933
72096
28999
48853
88181
34020
16349
99510
1647
53064
2905
45015
96787
56820
31207
75104
62294
24115
11300
60367
20080
46390
2061
11498
32413
71449
37996
4101
74327
11907
9445
40260
84004
54797
5465
88537
88817
21814
88047
90464
91230
90952
51832
4369
64125
83039
79474
26419
23507
7126
86786
43587
53516
5200
71437
85929
76649
25786
6382
67328
37693
15828
23940
21697
86977
29405
10234
75794
51219
14634
82610
58802
21938
34442
63171
2415
33834
42645
45187
57341
49771
31973
17280
19639
53525
88717
5568
46527
14503
28303
13855
52197
60483
37796
90246
47460
83553
16833
23254
51125
47819
5864
9927
69757
56659
73098
88525
90493
32096
33712
64186
98219
82037
97818
17859
35563
2887
39779
82090
17391
68082
12297
85940
28565
66445
92538
76025
49999
9371
99279
1124
57190
21496
27403
43300
78155
501
31825
85000
48949
65537
65538
47169
47574
63356
65028
99489
82595
4807
97931
99986
89242
10229
2278
17807
93026
94817
93833
59377
20540
9464
60501
94083
47312
4256
37383
25467
4758
85560
26819
53707
51097
8709
17228
15023
88417
82256
14513
71013
3416
12444
87351
92658
39025
89630
26817
32052
799
20650
91429
37691
46467
68283
31774
93779
72539
85509
35599
93649
71069
78770
63709
38518
87480
80937
53542
75897
79546
68055
46910
82962
96851
50614
91972
35877
40244
18789
84281
57395
55792
75710
95086
2259
60345
26861
96038
49237
28722
47989
42886
99792
26760
22947
38310
14240
3885
91852
6489
83431
76259
69752
82745
89463
20366
74717
41692
76962
9858
25973
34357
65650
18035
29443
67909
78381
72656
80300
43970
1379
44641
86856
17523
71401
9804
55833
1993
30041
64038
8483
29824
56649
78235
12569
46112
98601
3638
87804
75563
13496
13777
26272
95499
48165
72067
63408
42898
44724
60060
86868
62455
4702
73724
79978
92455
99880
52163
94449
46273
16201
2932
76097
72851
97519
5018
18963
12472
8656
23120
4387
38505
53249
30659
34004
1414
2726
13764
44312
63802
73825
47532
26257
94879
37609
22587
87334
37489
74751
81783
83763
7304
1067
76212
80155
98586
81231
15471
11058
6239
38591
15445
44744
8192
62456
95100
9607
65183
8865
70271
28985
99042
17804
71595
93921
55413
10534
97607
9254
1637
95743
9369
8942
96810
85582
5449
11749
66813
20920
39159
89404
75863
70957
34149
84056
33413
29249
10015
14948
54466
80286
60286
53508
14442
31881
63781
69855
58767
61389
95462
60405
57132
4831
85699
53942
6765
91148
82043
89930
28421
21203
79335
20636
92160
13484
21044
25573
59085
31059
40522
13552
27698
808
67060
42140
49041
30842
28348
24160
8583
23810
84565
65715
44993
70264
36009
51759
77765
18053
41689
22538
39256
21024
43174
31416
34508
64219
73341
9946
11630
30215
23498
39328
31023
6910
97821
96416
54104
26169
20577
62687
66331
21494
28402
11324
8111
80764
63083
85876
98817
4773
8414
54425
42149
67940
85841
76658
48511
75534
2956
60142
5750
26454
15822
36773
33364
13643
49542
87469
39812
70119
66508
6143
91613
94911
33820
16076
92027
96903
1952
90844
18028
26718
45269
60178
94659
47462
53188
43170
22996
56144
19664
45098
98950
35487
98224
48666
49130
47766
52487
5295
34237
18996
27790
42202
30259
61610
58279
22286
74866
76583
13130
9246
3302
74751
69424
14313
38565
38964
73835
77913
11460
93500
23012
10410
45339
21236
75429
94469
69002
27916
16116
19591
63264
43907
61793
93523
21869
20072
15809
96735
96656
45291
5982
16310
36394
91758
30623
74959
47075
20810
52873
58535
14310
75885
85298
76001
13473
60727
70471
98827
4995
86587
18418
68260
46846
80211
61783
68716
16636
93945
65451
29644
39236
87785
45954
75631
95896
92929
66942
42971
13739
19815
1506
44402
12052
3156
20403
41877
80235
7226
40704
1583
10166
75474
69843
57012
72038
47978
42080
88674
58275
23884
34670
97512
11669
96976
89495
7565
89905
72789
66888
19996
8957
84747
80750
37361
87903
17506
79239
84491
41084
36295
86074
67602
11770
72269
24615
83808
20247
83047
88834
78523
6931
23504
92387
18601
20480
98234
42518
26737
71023
9407
63085
79980
10506
60188
17342
98409
94046
12933
99252
35130
49228
85326
19085
60998
73947
43700
61158
10547
43099
49992
89070
50031
89848
97809
84984
26680
12395
27502
69769
83418
53261
32855
79751
63767
9395
97093
78529
3441
26378
77781
54923
75606
79460
74008
52957
53407
34060
14115
63954
77160
80460
69376
43543
70308
83537
28527
96989
95932
72381
66758
95703
25643
15965
75454
5762
41712
88899
643
45153
15277
94777
16429
7235
74237
6789
60192
43996
57202
74308
24303
50714
71120
93679
94257
41428
93569
39136
54769
89501
11517
37880
1556
53512
53845
77010
59275
95558
82261
59918
57063
97538
54695
89844
4774
45284
12986
81318
89281
86540
71978
29936
37254
43098
23615
47863
84527
33536
3351
55648
39390
14868
93528
40946
68381
63726
17957
44008
59284
16570
3926
32699
14109
74974
38896
35235
20258
51882
32905
25891
38422
4884
55827
92028
47982
95795
56243
48861
45683
59594
4510
85073
74462
14390
26020
59195
78116
60329
3203
53752
76899
23482
2804
7360
98456
41700
58947
35066
9934
91853
77310
64708
13089
49489
56736
61071
61636
29331
26285
7320
88925
47147
92393
79739
61537
18413
55287
39654
95094
58490
93406
71994
81972
96210
95706
80428
54262
71006
31847
64196
62859
9157
28904
75948
58646
1992
53371
20283
31323
79656
27603
36600
43155
36348
32692
4693
71114
87979
44347
66208
62821
54105
54554
44794
66668
66613
41574
37282
37619
73421
1479
478
98930
46735
92778
73929
65080
62501
94212
96403
58510
38167
49356
1665
90867
98400
6358
61981
2731
67057
44542
65552
37515
99096
26698
20535
65709
68273
57817
3328
58046
59296
20158
56977
22384
29288
30906
87464
91790
41470
219
66652
95989
65927
68317
86856
64327
91028
65190
83410
58085
9732
65315
11952
8828
92013
32487
90890
60286
90305
10570
34685
65953
30729
8014
88337
76369
55272
75801
84511
13094
76021
51163
9083
58300
35833
12291
38980
26861
77481
22390
1298
87213
87705
13251
12394
79719
45738
3284
56357
36043
13854
7394
1997
60935
15408
6686
53657
70680
98840
38168
83774
91213
89332
9209
49513
25165
21501
88493
68378
15334
10884
69676
2548
14941
82927
14942
94660
45018
34578
67370
81061
64784
74764
99410
42072
90173
22449
95729
77205
21289
33897
77332
12502
39581
86541
62015
81098
24394
50509
49476
39729
77745
35505
42277
92686
34784
73571
3699
79802
8149
71069
60864
89285
62185
76626
31357
52358
99075
27086
45916
36716
77336
23248
49218
16917
9789
27586
14368
34184
94447
80196
90265
88544
15701
32542
81230
50486
22465
1281
30288
46966
72350
7504
36251
34536
483
67609
3246
15910
94695
49162
52627
72031
88762
18197
5301
98552
62135
36021
49088
56582
16217
39353
45126
48271
88247
42709
15109
10712
43990
61749
74030
32693
69254
10281
83581
86089
77890
86827
18351
88938
52342
87330
77321
57456
5528
98974
72360
84015
34995
21448
40598
67565
77153
85724
15836
81752
44785
30945
8816
88776
92694
82846
21469
78300
9480
5050
80741
3722
8229
99093
92660
76923
2775
86334
50732
24655
85308
23092
8671
36656
44541
49269
4221
38046
51345
20057
19799
96131
67354
44967
1259
76400
27814
39080
71053
37294
44130
51794
41016
68711
67239
50029
61987
70015
36363
12719
94670
38023
35811
3341
74679
96704
68962
95252
51103
20308
31661
87254
32791
99015
32221
34050
91768
60035
73130
62821
13681
33612
14615
71050
18675
98207
21079
97014
68222
73794
9733
79244
11817
61897
82586
2849
74953
67900
14453
26056
4560
46115
13310
37351
61482
61884
87753
53250
38271
77235
32423
51953
27199
63391
23003
45875
61598
44082
59241
46172
34228
85327
25416
62397
47224
24354
65246
38529
92255
96052
80938
96815
42167
10600
34167
20001
72484
38272
89604
10756
15508
22027
62709
42707
85418
2064
4934
63368
62498
64176
9540
96726
65855
34957
59123
13079
59311
40722
67960
51566
36774
48898
48382
95293
59499
98901
15294
48335
53525
21250
59091
69033
59630
38152
28093
61400
40216
49379
24769
2714
29907
34309
99440
95762
69266
74916
25193
44930
15638
93154
12848
52412
58404
61230
64057
34255
76483
95703
82591
30009
16954
41682
15394
76584
79835
59839
54336
36403
9219
79105
55470
55478
13415
71262
67593
99033
46178
92786
60315
61816
2292
73164
30580
77049
50746
10989
11304
27230
6693
93895
73591
39999
35578
88985
32935
31765
48825
87271
84520
74396
66377
39990
29874
96144
11253
97467
11529
73783
6606
71845
51952
25250
45009
82532
2299
95755
9874
13604
39337
16567
7499
12928
56566
59429
1914
5853
7546
67091
93124
92067
41487
75853
48409
71361
71997
76014
85181
83527
49798
91787
71724
1750
17037
33085
634
35689
28840
10508
49293
68178
43427
56792
81106
16345
16222
99372
22198
23768
66463
15323
32187
7950
91176
80597
95664
79526
56611
97197
79405
22761
5336
51129
40863
38725
84214
41498
74414
29406
68358
23707
13936
11786
80500
11395
28131
13074
10767
50330
53194
93583
82005
85382
1533
89533
82331
13549
69059
55294
10746
48464
78056
16082
15945
18919
54808
16511
76769
45574
45918
61480
69282
59854
73266
66134
71249
17749
95560
98369
84431
48754
91952
66436
50488
9837
72322
49171
23387
41381
4466
50485
6198
98874
66568
38495
34145
37728
55007
10915
83302
17277
72395
68936
77131
62013
35070
64733
96114
30630
79454
80546
95737
71406
63334
46225
81243
35656
95397
20982
93390
16215
71468
15940
15089
54388
54435
49234
92116
25794
76501
91770
43071
48896
77059
36555
27261
12129
17640
23376
59112
97094
20274
54849
68500
83608
17426
66095
35617
29175
87078
29007
45390
58546
44947
60479
12934
15734
9714
21402
41529
86215
29524
84600
51464
6583
37507
95077
35065
55147
18453
94177
52241
55079
65378
37093
38688
82804
3189
74305
11980
90267
19664
57370
65165
64611
34202
94451
96697
43916
15853
38226
46483
61729
39179
14299
68313
76686
25729
3378
48186
60534
13907
427
15614
79285
53873
54302
62089
73414
44959
90421
80033
64623
47792
45198
45586
81994
39649
42283
42262
71854
80510
5097
33583
19689
19397
1896
12727
61478
21626
60913
22012
35533
77693
37626
14818
31566
91928
93260
4980
53239
83681
85013
17862
31473
46563
79800
29819
2564
22084
72081
74418
18946
93531
8001
54987
29280
26250
67714
90758
47876
44980
12770
99762
22673
50397
14580
70591
58677
7840
91923
11917
91522
93288
46131
39347
39851
25932
69167
42415
64368
57600
16833
83314
51131
41186
38301
96763
83788
6015
87521
48017
50995
292
47779
90020
67041
62359
60611
25718
86552
68886
53987
94426
62174
119
50125
2025
42403
19292
60792
6771
93245
93977
90085
60728
35164
28386
57492
35304
50753
45013
83321
18101
61657
31100
8121
28698
9812
85085
70769
12716
53971
24756
7142
32498
41227
57267
34523
83630
92912
95316
6753
2509
5645
13190
63237
57161
57928
37081
92466
8682
82095
75787
26783
60104
6888
51256
88803
33052
52693
59572
45768
23017
680
69262
55515
41908
26529
6390
41890
35793
18058
64996
38302
23704
78186
17892
80865
36115
54973
73331
44797
37068
49119
87932
13525
72359
55540
2328
21763
24586
78252
67531
47603
95284
53145
3118
37192
96026
9508
95435
31820
27567
60431
86474
51271
54969
4366
48488
91084
59340
21820
52233
12760
87291
56517
26285
76002
12058
44965
97765
36644
23217
81648
599
34854
34793
3717
72046
30819
29577
83833
78991
73496
60616
65466
41119
15586
69832
89608
6670
29172
11428
75256
41933
98719
31773
68218
91073
60183
13184
88838
13179
52753
70486
13778
87607
21631
17495
76006
52450
63425
76191
31442
36921
36808
13260
78041
68746
83092
67649
91768
12265
95429
67024
70550
10500
15150
55120
1573
75333
84656
6763
88513
37410
77249
2291
41369
15232
36139
33727
67682
15916
9919
15476
52837
63079
28736
47230
31825
28181
31231
23593
56798
26660
6970
27348
53512
22120
82468
71437
13805
67125
78200
2318
20887
71801
20962
78608
87033
73453
12336
54716
89369
38607
86544
58558
18038
31633
5789
66215
59814
53372
89808
16612
80033
13130
43960
49897
35250
42780
21335
65408
26257
99535
67726
63496
71337
5040
42105
58370
94845
70793
29438
84214
25752
15983
59125
43790
63968
64914
10005
23782
34638
16165
40394
14671
45648
706
80921
97250
59838
2256
62658
86096
18143
46737
49592
89480
51777
8049
64203
46623
95194
9993
47189
20946
42328
6314
81088
6296
87580
7445
30078
22219
39963
86824
53242
85611
3882
34163
82861
63721
52771
45520
66169
70915
92257
32113
76747
60386
40163
40950
23361
35357
50944
70551
72656
93272
93217
53744
15921
80798
61190
45999
19369
17505
49176
88963
3116
53058
23127
2329
33131
92250
47849
15652
63165
56458
47766
39913
33197
4281
97215
56558
39638
64511
27109
12294
74136
36679
82391
90057
17477
59933
52408
53198
77438
1584
42161
80554
70995
81640
82883
20478
73891
47085
36131
53408
19895
83897
93321
53092
88178
6889
9651
44168
71400
53112
72815
45536
89791
55206
51945
23620
15139
4354
93170
8929
5938
51684
5835
93285
33324
88718
13764
23567
52155
49895
76976
88403
50144
86649
41495
54674
9890
67498
98842
81291
36963
71657
43179
43106
43215
95125
66727
74706
99479
76249
83635
21769
27933
89470
31407
77610
94541
45171
1177
63048
11418
94505
51451
77914
97507
9299
32588
7397
93149
31430
5040
46464
19440
64572
89571
79007
59697
72650
70066
75528
48899
70053
13649
76833
59524
45056
54443
70417
6579
71972
49817
34349
82830
17621
12263
80337
26920
44851
87734
36421
92634
9127
82886
12074
73699
88809
7433
49748
61459
77499
41628
26710
47553
55277
3543
23429
16686
74338
10198
39617
62663
60015
73967
45493
77636
86230
42182
20908
47434
46268
73682
40068
55395
56568
68494
45446
45377
75927
95194
23188
69779
53174
49898
17332
8452
69794
57113
41490
60484
67311
81107
23147
43678
71426
84992
21315
57657
27174
58575
5091
73443
32257
61511
45190
5177
30005
90637
66906
22284
2183
90094
92063
55358
56345
25747
80162
26139
82860
21652
2975
50171
19111
26123
10202
6890
27467
47869
64547
70994
6444
85990
60789
55054
47501
5979
76583
93858
12968
43490
16142
15152
49936
8206
70510
6281
33953
50672
48772
33166
88676
51748
99689
24139
94223
9891
31029
21690
57760
11928
9036
80557
14270
69825
35611
78123
92157
12194
71981
5125
72036
4476
20277
21973
12682
7139
44606
62987
57811
93379
96153
62839
61479
12195
86979
55702
22086
34360
93744
96199
46289
2781
76756
60559
88958
28719
38683
81115
57265
27016
86241
29302
31492
22870
67627
60526
30010
28585
39866
4173
21964
52371
67013
99795
64566
53992
55497
86653
4704
65594
99204
50993
68375
75960
27905
73685
21031
82940
54801
78296
9956
41042
23950
41449
80264
91577
18327
10274
20163
58193
14448
58479
10565
81461
74627
75131
51805
30124
78136
56509
95718
77340
23855
80445
69652
51760
54131
90683
34700
25284
68980
61008
82678
92930
18809
62942
860
37137
89569
37375
95330
4017
95854
22247
1830
70481
97379
69987
16958
91867
42848
29028
69208
66703
25826
38860
18463
96309
29544
69515
21593
14876
30524
20623
7806
49333
83565
25018
86470
73134
62393
98153
93503
74600
20400
95333
45081
34131
81672
78391
25999
24521
23772
95207
91224
49598
50419
26040
62259
96315
11907
204
11191
42431
20827
35350
8117
4392
60368
10939
93879
22762
9092
87382
97362
45845
99068
58795
79976
80740
53539
5975
21613
77311
17534
12838
43261
84306
55230
21872
80621
67137
22076
8165
25921
42903
43515
50390
63647
20235
61329
73878
59349
86774
77613
56711
32619
93033
31859
28947
73773
1750
51275
95387
95413
68809
24577
55026
69467
96159
76898
50089
63296
15326
58254
5569
74581
18121
55959
54580
38356
33641
28459
97706
36767
22424
70769
85738
15457
18980
14685
89230
37082
82312
969
32495
67474
41898
87521
36941
38057
80771
87030
17706
96097
61636
39627
70678
79757
95587
25259
34466
45580
70070
48524
82347
92494
19293
68085
7951
54626
99122
13533
91708
81435
30855
24204
48909
72753
28077
85850
27163
8849
89233
44869
21298
50869
84496
8329
46979
96435
49940
97797
42015
20010
46321
40714
28856
81966
25151
53159
36592
24274
66692
44653
22061
13899
85209
70970
3005
13286
73172
30168
38487
78757
75037
76138
45979
59533
84467
92958
72321
34407
90755
14336
70769
53428
71403
99625
35394
96554
52784
88339
37180
35828
32992
59241
66080
18201
46563
69085
47839
36088
99253
86327
14845
74290
62465
60824
50175
63284
70134
22496
14043
77241
53185
84812
30669
24588
789
66064
37494
53573
54403
91027
5753
3747
66620
71833
21948
29536
40918
69787
65624
40171
72466
96821
30813
51283
57646
80989
14567
44132
19837
28610
21374
73022
29774
52043
13962
30563
34459
67809
488
5214
58836
6242
8961
25456
94427
47261
54992
51698
33401
36968
8221
5867
33790
39035
73503
7788
36376
88070
51920
56213
33033
73294
45588
62807
41690
59550
93371
76149
43711
10211
97716
2547
16453
23029
44356
27233
70291
15700
78931
20044
52669
87152
25911
86459
42539
15766
10599
95267
3837
62519
67833
53222
35814
13421
32381
77504
89323
42104
70005
33035
52316
84073
51934
68769
7103
96290
12354
93746
11991
91285
13790
81012
94790
56053
83823
53681
71820
94422
48949
92009
56941
33134
61583
92755
46555
93964
86611
35878
36069
72969
85265
88385
57042
37200
73506
80497
49842
2213
90595
61833
93498
20737
59197
4640
93143
43020
74674
64963
37442
39975
73324
94384
73109
34907
3491
19664
45223
6455
71894
97644
95776
73512
86029
69170
10712
75888
49668
76906
78101
56615
38740
87951
77353
14289
8944
70496
57310
83618
51811
94752
23593
25135
5488
96702
76394
25332
32718
37969
31787
20964
35614
27563
94476
37995
13085
21540
13883
62753
98447
8336
35721
53539
12640
13074
67828
21584
83570
25138
21554
51733
36243
61499
76868
41731
74553
69614
67063
7271
7583
15202
28235
43197
59117
39064
81193
72203
60604
11428
51308
59051
36117
87029
12590
48757
16455
80419
86693
25
21909
8247
68110
58152
86098
44978
16236
60651
30944
99651
67922
54880
14854
12509
14429
90323
51573
11974
78878
12178
39755
46539
87581
75872
33568
172
24629
66376
96943
27674
66401
18852
52273
34512
77005
38371
95842
93241
99022
43139
92892
83296
14371
24098
12157
28800
14422
80083
57127
9652
92261
96882
56191
96194
72754
6112
96366
13735
72488
93309
41409
55241
28514
10034
6105
5519
48405
18300
15112
63779
61439
24356
63427
92162
48455
75584
20962
79229
55667
78089
88881
64280
74971
61425
76827
64077
67537
73193
77812
40025
82855
35573
95266
27721
45607
1372
33240
94012
19672
64704
74143
97463
89060
37570
89625
53867
29507
26939
33096
1526
5029
38330
82159
96352
99755
58986
60430
67292
48531
54594
23669
47738
90168
18935
75459
35775
36659
25051
46140
56331
89755
36635
70146
95168
90558
59771
49035
20065
86711
98484
37943
8092
36814
20102
20796
52921
95440
97578
36565
43972
52173
60234
91710
58693
79169
83522
94468
32181
8573
56960
88512
14681
9948
75011
26201
506
51134
75236
20571
54197
90072
74866
78641
26886
11321
99438
96159
6761
97016
32724
67085
65541
92958
75148
24234
88480
58670
35055
20661
83595
8367
25525
98276
18315
536
24477
18821
51671
16066
55744
5868
6138
30611
84510
49377
41932
300
45536
65045
13668
94613
32131
79210
87571
7279
3444
76051
65949
54851
13064
65896
63219
38590
80525
81534
55478
21354
356
7149
37420
56100
29370
59911
3063
30232
25640
61347
46884
87528
26393
60552
82141
58524
39762
69713
65803
59559
62116
48104
14410
91533
30352
93981
30123
10877
75516
85601
32232
75872
9103
86004
48324
54825
62267
67740
85057
87907
29087
48293
75436
55480
8845
57577
30356
64960
43642
12511
24519
22111
76967
55281
13644
7320
49263
43767
18197
41131
45720
66781
33355
71175
52786
98031
26000
15053
65771
27409
2961
94859
75702
94749
66691
84548
68678
97048
65860
12321
9559
6731
50784
86527
62012
64428
10199
27627
24547
28396
68758
86619
95178
18465
57795
64316
16497
83795
79369
82268
11205
98682
93479
3259
9783
60171
4159
78462
57219
70019
90783
83130
76750
41567
86009
55115
22347
96208
99094
46894
24605
84205
33513
36135
2670
91308
16803
19167
91456
12524
17788
19013
11207
11267
22272
37342
71438
42784
15804
45009
12803
22939
28140
5906
80858
30501
77373
3205
26710
76467
66451
67667
60672
99965
20154
79695
7625
36957
15214
15433
49481
33002
34446
77040
44270
73071
14383
15708
32207
46539
60718
61362
69479
5210
67268
50337
52063
60993
53543
78773
37461
36346
46440
14485
36311
82946
10532
60289
19903
25747
92074
69385
58749
42873
62777
3019
15944
77160
35080
48151
23700
12150
9513
9531
17360
93134
59868
69423
54127
29763
64549
7940
66110
27341
38778
18773
10288
49310
95414
30191
75057
87489
15928
50159
30362
78706
53178
62658
72218
88258
27161
12270
408
53026
21801
34120
62512
98022
19896
32992
44137
84445
40932
10247
11786
96062
45373
22074
61725
40787
68618
53134
44628
84546
3293
91342
79604
56472
70352
68175
61082
97513
80445
61491
66892
18599
11963
29404
32973
31859
78748
77110
32656
36033
3710
44443
32095
49083
82869
93820
6222
67839
46955
67203
52386
66600
58545
48342
23072
45250
16517
507
59115
13315
61998
26007
31914
73961
71764
64887
22173
66864
41997
54829
2897
45707
15624
34993
11142
98494
45165
17365
66333
8472
920
35071
75073
75817
99766
14497
21067
16283
15004
80183
45950
93354
22542
77864
83668
10658
59103
5841
77523
17453
77022
80420
63160
92647
31765
90655
7493
93283
8020
90178
1755
25292
41602
93180
1109
41368
24030
22177
74003
55386
2360
19954
48741
41254
14170
32409
51913
73274
54602
29436
90727
31624
26208
70239
40623
57974
60894
48116
51257
85266
38295
69364
10558
79897
78897
11668
37617
2927
50197
11620
58313
68909
47926
7054
10163
62097
55815
62076
51723
26769
7864
42450
74746
34073
12689
15369
8399
89936
79838
59656
91554
34485
29020
2113
14382
7917
30133
68351
27196
80330
96323
85510
49239
44250
8916
75754
22699
81084
54183
74422
24205
62047
33224
98951
12472
62265
30673
20871
52201
10511
80527
43756
44996
25900
62221
75730
50169
92354
44081
93718
89036
56756
95580
54627
1006
4496
30381
40057
1932
84564
14479
26138
46612
47703
41441
59084
9969
72114
96308
78522
98977
93187
22278
60325
19087
851
52407
85609
9557
12840
79327
98593
69597
74907
53220
86955
95755
83602
27013
97688
68166
41492
40178
31130
5548
97971
6567
31869
86438
2875
10391
85415
96062
49022
62093
31502
66225
14500
17111
75783
43693
12790
74376
13290
87697
43949
245
99804
43903
43610
13844
28421
1455
54022
59552
7003
51994
82471
55224
38432
85346
81967
40199
97760
30989
18644
45614
13567
49497
79077
89350
93190
91867
80078
6480
95916
24027
23077
95721
84282
66688
9565
12704
68143
79940
72256
91498
48286
54727
46722
3070
56425
28689
59621
70537
76031
78266
16152
89598
27763
95229
95300
20953
3449
75378
43785
99365
15758
83214
11438
40
49902
37356
12744
34397
33648
1352
25895
81934
72431
88969
1356
45208
34011
60977
15746
26394
55595
48250
32344
83358
59831
27644
20663
63280
3022
80800
78998
35132
64015
6788
35173
30269
44144
64269
64667
94144
81974
6914
92430
54405
12236
93786
99614
46247
71116
31712
88993
26711
96314
21337
26422
72497
48981
63437
52130
68355
44238
31128
3488
24605
54268
55013
54874
14765
19282
35893
8909
1256
42808
1340
72014
71396
11478
87980
33995
82594
36044
22988
9306
48710
44325
52080
21207
93306
15517
73337
78013
76107
20817
81501
712
75086
36514
55587
89851
72149
7832
15112
89757
66992
16452
78123
38388
27931
66103
72383
26877
2147
95371
52535
50857
56048
4615
88417
65706
36485
61754
43720
12592
98924
41573
13305
74010
94440
85244
80213
66589
93076
11677
72698
60069
28130
50822
14809
72413
33277
87193
15642
35425
98916
68178
2634
71317
89145
91051
37023
25630
69158
80743
54575
68082
38669
84232
58444
33109
85828
55009
99698
95256
66686
88748
71677
11168
39570
86487
99933
72848
90032
15576
24625
5300
106
43611
76617
5603
51015
13641
31234
36525
10736
2161
20959
49405
86393
79403
82514
88573
50764
98564
83829
17450
3665
55507
44971
59587
41994
44904
48787
32026
76832
73412
53678
93290
33376
30296
98894
743
60289
46480
37268
87377
48641
58227
53135
51386
37630
52001
39959
4746
66918
40140
38548
70583
95647
83519
30170
37641
44776
78958
86019
37960
68722
39698
31251
18450
86346
30145
19193
46635
76625
56461
50364
41618
14688
3499
9356
68670
55501
65667
73416
22419
5807
11965
93002
1455
11836
39524
55448
56612
34834
57820
10925
3557
13870
42176
22007
216
88673
41201
63203
81650
14014
13567
39620
28703
17067
48976
97373
88920
14643
87142
11339
20450
15459
20693
38257
27295
76569
93706
260
11404
51526
27537
31313
81748
69713
69672
81964
74738
10873
45167
56388
24888
75086
96008
69943
8505
61336
83668
97425
92331
70810
25116
29133
2621
62161
67391
46269
55083
77449
46529
66487
45327
74066
97800
27075
60131
67472
9039
34869
94698
70558
7609
35938
61996
19969
22233
70502
81305
5901
84279
89988
93064
9396
19121
95685
87909
86512
41954
42992
63961
4835
9479
9288
95253
23631
36363
55384
7456
61754
6605
18506
48664
30566
70796
10661
50535
93029
81163
48192
98930
65442
38180
8346
91190
57302
20384
79100
43814
62338
38444
24128
83526
64276
49768
78779
87907
2484
50516
11715
64238
73473
46573
12903
4040
17369
39916
54575
10398
37431
19120
25681
2873
57300
50379
10416
30954
70763
89516
91121
33102
44312
15249
32980
8588
81369
11759
12848
83853
78627
24563
64444
52101
87489
93699
72493
4858
33615
43420
31609
71046
62540
73642
90271
36193
24021
687
67147
94785
6555
58268
44239
50868
89869
77219
59456
71239
5330
72304
71444
310
13220
35888
52411
709
29587
41256
21919
63202
84676
69880
50600
47217
43522
40872
99762
83896
41559
66909
78681
64467
41530
39272
15335
47751
16491
91143
18990
38173
79800
90435
38483
93020
42675
7246
10081
72263
48502
48352
35465
33179
18233
2418
96748
78107
43290
96510
78355
1201
79771
73388
65668
37653
12660
81003
85405
45503
88499
4395
83677
68299
11182
38512
77671
53858
45759
87752
42473
10613
52456
94290
43792
87041
96708
56892
81501
39998
69754
59856
41200
65878
33245
6868
3531
62257
4224
88936
7761
9075
9684
7790
77374
37218
46302
55045
7428
8413
59149
49901
19027
11605
44192
79171
14999
40900
52416
96500
97251
22170
72708
38451
4400
5953
61671
7932
84563
82247
13220
8676
91322
22904
16466
68696
76475
79120
40093
83903
3886
15594
50157
39265
27200
94349
18436
58551
51601
87204
55051
48852
9375
27759
3655
30127
50065
65327
38059
34628
47574
51280
59656
55249
90536
76122
40297
83363
71594
80391
83619
91832
12337
33776
31097
39537
44477
49534
14440
96078
53090
69491
61283
78817
13603
64938
8945
80020
30265
47004
31000
94192
14636
90656
65793
21525
83130
6090
21240
54724
2833
4859
46557
15171
38635
77654
71060
99464
43540
85501
95543
96631
71344
73178
75448
84947
38116
745
81319
84734
47750
12319
95278
78738
2975
61071
16615
86105
67161
37856
40830
86347
59067
3739
17870
97703
97745
88930
13519
57638
90783
25414
70621
62128
98592
62421
63427
36709
63167
44747
21443
27269
57066
16721
6007
76394
94144
38975
62499
61305
76831
19681
64004
52250
23420
81874
49953
21166
87157
79825
95156
77940
5239
65777
56420
3832
28198
36200
40541
91365
97299
78336
18634
54365
11409
40994
47111
5553
96321
9611
83210
89504
29292
47215
41754
69065
45441
8060
6583
32598
87885
1739
26891
93124
67516
83311
96956
95714
19511
53849
3432
16810
48537
22066
87528
59946
79412
34639
65499
75733
60602
65062
65237
89895
12277
6992
58960
74070
15052
81895
6669
2937
83634
33560
12413
51150
33223
25722
63216
69087
79571
66648
2249
44461
5067
6129
4407
84479
40769
86259
76565
17723
51321
41802
23970
79950
65146
99282
54020
80198
81177
77041
99487
64811
10601
11901
15961
60177
53975
95530
29264
49898
62178
31513
94359
67245
37643
15119
68077
94764
1378
44642
12487
69051
2796
36458
49001
67943
35740
19373
64493
33270
96415
80333
98081
23368
8586
30395
83545
62561
25925
12809
12459
4455
60675
6819
88053
98318
21938
56130
9434
39668
17124
21921
25071
36272
74731
74072
20567
26824
9797
1413
60094
6212
81746
74527
45933
90332
4922
29478
52893
47199
58640
81704
51655
19315
88523
39708
33985
26813
12190
43419
66481
45666
81692
91552
98290
72776
81976
18858
15952
8126
36623
76046
30690
18369
66925
76623
25053
71848
22454
94298
19047
97446
76002
87054
33113
64526
43114
67098
7691
71656
26869
74173
17322
24913
82077
31965
97689
80406
50823
13641
88532
87446
6039
19222
22167
72965
12198
47220
61165
34652
57870
96564
32098
33872
83619
65211
14750
26733
48661
22442
98390
91882
96615
32064
16795
95044
64029
14485
75450
31204
28126
80334
35002
50518
15909
73521
23483
28107
37093
84648
79111
94963
81212
11209
28836
81183
92772
43586
24269
57785
82380
39011
49667
95347
71075
66462
90392
51457
80947
82194
99013
25426
62529
34016
92296
78438
7537
15779
6545
60983
16779
2008
55946
14343
13217
1134
95527
22341
44721
19796
80126
27101
75159
46145
38801
62586
12607
29193
14043
9907
11387
13057
51685
90268
63425
43981
85058
87314
76112
7955
48297
92891
9963
20596
23586
39532
21730
19113
61873
66451
55261
58351
9905
46772
4496
48706
9359
33456
94251
23402
59715
21990
52811
11400
12259
32588
71733
97317
36255
47845
5273
84552
57088
31588
21500
80674
71121
43231
16140
32994
26034
87753
7698
52291
34526
28546
17349
60237
78354
11600
83639
38069
33591
52803
65821
62202
1743
53906
75871
37998
1751
97496
38903
75191
29085
60403
72218
206
3634
4710
49552
29669
8815
73602
81960
59693
2149
15662
19930
96855
27262
3570
34925
77205
72725
17098
55759
74468
71005
31631
28819
89108
45479
67722
80652
90916
28125
52870
91122
48112
73932
57027
94133
82747
46981
76093
42441
65482
8107
62371
62338
35370
82293
13615
28927
55018
30713
84687
45839
18070
32670
74658
7179
78149
42380
87831
69066
86857
57053
76540
34969
30985
49919
29102
13732
96901
21548
72525
62383
29655
34897
24721
81377
17190
38336
10305
88561
85402
11344
50752
3472
44014
41762
27003
22163
494
31186
7581
87351
4591
84122
38673
35576
34041
84127
65661
47294
22027
38186
9678
68035
89435
50751
49412
22978
5440
76069
27891
90842
87413
94995
10666
31427
36757
54022
69943
37251
1560
77524
40954
6152
77998
95979
58080
28392
80107
23741
75686
18486
78280
85364
86521
84067
36116
52286
7045
41556
28355
51288
48750
32121
46283
75768
79900
83040
29790
66195
36643
31351
43720
77598
37503
38070
73577
11935
66462
70036
35677
58501
88523
30309
60217
91396
30728
12685
43682
54126
70593
88390
5414
19343
36863
68050
11464
16763
51090
41254
82959
4086
88957
43031
98036
42812
97453
87965
54748
80268
58002
6777
38769
62877
53438
98986
54273
84166
11672
14308
38292
82265
19050
60059
17961
55913
28109
29425
89028
95551
87031
88339
99637
75989
31370
97673
18801
45176
85639
89901
25444
59993
96678
64213
39222
50116
79551
93495
50635
91223
24155
88927
89841
43205
48986
7802
15470
93447
37227
4499
88999
24258
92838
4988
16599
40561
19014
51753
85737
21005
41654
11181
80998
54685
91746
20220
21153
71297
30067
71788
78873
70575
60716
68714
13780
26054
76516
45603
19502
30095
66454
24853
70705
75644
29841
3657
16205
65207
55410
18294
86212
13416
45827
67210
84453
37573
3782
5607
25223
33850
77395
4096
20777
54463
72810
50909
80518
65678
96512
16372
12125
62966
57577
99182
38611
3770
2839
71168
68978
74601
5815
55190
4370
51642
38753
88823
5568
42535
94430
30791
92737
71826
51239
13514
26289
40401
64424
23159
6079
77288
55883
34556
56607
13460
33738
95218
33583
52930
82738
2561
27531
88553
74103
31901
40196
12856
20725
62116
71744
31507
92907
80833
3333
60498
10700
45975
899
75124
85486
6978
68764
57722
57886
25371
71182
91624
36941
21117
60906
19680
23678
88438
24585
97782
36691
81133
26990
73768
43249
15086
5276
52508
95920
24961
13006
6620
87288
13905
98096
72775
37235
66860
30497
95121
8584
18031
3098
45525
39149
64004
65205
79179
68794
6143
93313
21838
87276
36656
95606
46878
51742
17234
99386
47662
58548
28745
70634
45836
42650
68730
34963
96238
51943
65460
7711
60527
99844
10809
6052
55345
91166
87610
50876
76312
93753
44190
98150
97381
80846
10109
44259
32588
27343
43646
96603
85891
88743
67237
48080
31393
52320
83043
43983
4263
64856
51695
64790
64700
78856
87194
36397
86374
74804
87273
62687
84909
47815
60837
98643
28661
87298
42902
77602
30994
2900
90557
16885
91643
74146
81317
39389
26466
64361
83372
30729
29217
35067
11871
10269
30276
15418
63018
16650
6574
50291
79337
91484
98107
56527
90127
43120
43825
49381
37074
74819
52282
27631
8057
60277
1778
89374
99666
44596
70087
83039
75326
15656
34458
3549
25925
64734
18967
5295
97737
25542
55587
77074
33378
70046
49953
39857
29518
93779
89238
66593
84950
57872
10576
9359
18150
28706
15086
34168
73303
85173
17207
64981
830
68018
68530
43107
49104
3850
48403
46841
45744
20342
40268
79122
6740
90221
18979
36258
352
24569
19203
1655
98794
29780
11014
16944
74838
26100
51112
48141
27626
84672
13122
44808
69042
98005
4267
34498
1855
52670
97692
47599
89364
37960
43073
96104
44533
78404
48715
44886
2973
67918
46541
1767
14050
73907
35063
88889
8
2528
37030
43986
3552
66505
88794
72594
64510
93061
23444
82717
62084
21136
46668
67800
75448
89741
63905
19982
68145
28972
81220
71118
96890
44113
89238
27293
18020
40653
16182
34380
43181
69564
94718
63085
36069
83512
52031
16931
92926
75476
99648
55010
96612
46316
22810
72061
36057
3067
8395
20554
32039
89615
8025
45282
50080
97263
72575
84452
54268
5109
18833
97450
74673
29903
60535
10743
13416
12567
44026
6342
4395
43675
77704
1007
6343
16866
89420
58753
19934
14167
79307
68325
3782
87332
13607
70214
947
2534
54667
55216
7643
89852
69018
82317
19755
29553
9412
33171
58472
53438
55865
62867
13465
33569
80227
19809
66788
85999
78562
86722
167
74221
55047
20301
61554
85007
90516
78853
87541
45183
34069
95185
35035
3087
77502
71142
48993
3266
4314
23817
73056
76531
3037
86522
26453
83264
22683
93241
85615
1245
79963
85782
91818
51362
6084
53372
36369
12952
48578
23911
58135
82647
35448
9522
2087
29302
80664
67432
32568
1330
91249
5624
94214
94286
8498
20667
93902
31181
13908
79518
48778
10223
81652
40597
77937
87736
10321
30659
17040
58899
70922
75175
57899
6370
1049
59986
35672
98066
27418
84592
99396
35019
6568
93610
29306
31419
30629
39560
62600
60889
19078
11379
71112
731
68328
65402
4819
78649
96061
21860
53901
66983
13387
11800
89705
30789
71786
41729
28855
15556
42673
44603
50575
65593
54566
96233
97012
85195
35794
59613
46085
71224
87344
33549
88307
72024
98951
9479
67025
11364
47691
20926
94699
77430
32726
84404
8219
20864
42485
53426
52772
85158
98030
19700
50752
52596
15933
64116
37791
68079
40081
228
55656
43777
33778
43963
15801
49081
69794
82827
60446
17485
20105
71497
94916
52832
72254
19487
90048
14739
72914
42821
16250
70944
62521
83354
23540
94806
47470
77683
62886
87552
77912
18542
31329
28042
78857
63483
77123
48652
62662
53921
82489
82767
25419
93757
51951
97673
13245
42000
28764
86159
84821
45014
73455
63694
28368
13347
58500
92191
91030
21386
79743
85294
56280
27424
13336
35138
7259
6812
142
69921
60733
82631
52689
2504
76389
4640
16529
5986
62992
45294
92145
47813
90308
65600
27859
35029
78947
86360
27220
86329
24098
23315
87976
80379
50739
17664
31869
74351
24476
48363
44272
1562
47346
13313
20418
23735
34306
36948
29721
97298
98594
38218
61464
88902
20170
89323
40283
15469
92035
67503
18151
16134
7170
6127
12865
57910
23791
61086
48613
64620
9449
92885
82534
56795
6199
19304
96883
56857
56252
42956
54155
54846
81175
15619
60101
1345
21295
16736
16815
13330
84240
34966
29464
91410
57445
42329
65672
97588
3415
14285
78560
29216
23523
61094
86012
46074
96751
82895
2931
69355
25851
57086
24202
23378
89058
655
41076
10353
17391
74243
23683
17983
9209
69500
25746
83006
28181
7770
80594
47949
38408
59155
77165
61931
36601
79529
24357
33352
78776
27288
19060
20980
726
43262
44358
89784
60269
85434
16489
94012
59677
56525
11996
85238
26025
54094
84596
70558
61864
65191
18507
272
40698
12025
78555
93651
7906
2912
43356
86683
46552
62416
7663
47279
22030
68373
53415
98651
70160
86257
92663
46189
42782
21011
47780
85159
75105
32376
55717
53322
13919
90577
69946
54617
18954
48502
64621
26860
67766
7977
13543
30671
86745
37558
94302
8775
22284
47717
7426
92444
33974
16441
54985
93108
37453
2765
78267
28910
35142
50337
82232
49061
40914
52179
20031
59868
17033
1004
3080
1151
8981
16624
31822
12078
70534
26124
37205
92818
90194
44631
85262
24168
77424
40248
33629
14877
59365
11896
60140
94507
62233
42372
59921
19499
94551
96304
95719
27936
97308
98800
29088
22641
31776
77262
34719
2310
19739
71924
95129
9933
32907
96743
50453
10331
53343
84082
41561
12709
95979
1701
23568
74564
60425
99841
10416
71329
12497
6135
99265
9805
21287
44705
48798
53063
21968
83517
71726
58059
71793
83207
67992
4700
79950
34797
31384
49646
18880
89297
78707
31211
7350
18627
22127
67775
18469
32543
39104
30966
55031
54722
57124
76318
99427
5922
45734
37747
5792
17460
95806
77585
667
80150
98638
96969
14948
46374
62967
33828
52023
41674
81391
59373
60302
3518
27148
95123
52414
82605
42441
7445
37327
15917
115
53106
21840
45849
7206
27632
79661
19364
21569
96680
99515
36559
10002
30815
82933
72969
80995
34956
30996
62386
94329
7650
82256
37830
19125
34670
36787
61566
42115
90466
77484
42231
59924
15676
4432
67130
59660
446
2847
81229
13478
2362
34141
39832
49529
17074
29154
30524
68383
60150
9262
79064
67800
91518
33246
86925
26189
70033
64843
84656
76851
58679
26887
36776
74355
47672
20258
50367
64470
23105
47949
77948
41819
82090
34133
91348
99164
63287
38224
83899
23437
47486
62964
7589
39005
96210
10866
65194
82596
75709
49850
59447
50741
93090
96223
25096
57114
16482
75464
21584
55939
39765
15884
97759
21855
66369
5459
37371
29656
43684
21271
53093
91170
84235
77034
30175
96797
87900
11721
79393
79962
77924
38841
30703
87366
51416
72151
60832
67898
63967
98768
40190
3732
31004
37949
25587
97374
43408
62959
27030
87092
582
96476
94615
84817
73510
41142
81614
61411
52864
61008
57725
47140
16201
88428
50858
67617
60579
11690
51868
24547
26810
92058
44631
57814
30007
70219
55188
89767
49530
82219
93212
50112
78695
87827
34929
68557
28969
32895
29968
98185
10255
4045
61677
42808
92473
28887
10426
69405
56929
62294
10304
83739
70704
54935
41554
711
25154
96742
6830
91036
95313
42
41148
74008
4221
92429
42566
49543
41677
88886
64080
68284
92932
42110
11093
1757
70997
21519
87514
27927
165
97818
11666
70869
52754
53220
87932
94260
66315
11114
1649
61628
27509
42797
35637
31730
51579
94555
97625
93256
99793
61706
61540
9077
20168
72633
27187
91165
10504
14701
19092
27021
12520
47111
14242
81626
16683
2174
92238
82998
13289
93887
44627
40798
53037
96616
88880
4616
7523
86506
97872
7316
64564
75764
32746
84732
64750
59933
92249
75254
90986
27694
18628
3506
74805
32870
1484
91488
35045
10075
90839
64686
3962
35466
21836
56999
48434
10716
77967
55957
13574
75839
79625
94490
67956
12371
95574
32706
88656
87824
7960
79643
15518
26588
99501
6675
59459
17338
14515
10856
27413
5354
75542
47727
40820
13730
21079
5606
24446
99046
61563
54373
91238
57541
48863
59194
86264
60790
91900
74921
48614
16212
70916
80484
42801
86769
87159
18612
4107
18026
45820
47872
23381
37714
11952
80553
51444
33031
86160
92242
32077
47723
62967
39667
5264
28183
98861
91529
88973
90761
82802
37587
23326
70070
34423
82479
56839
37934
1091
77299
55960
63263
41523
79341
977
53475
59895
68773
86506
46055
61015
34936
10130
40335
90955
31747
68518
89817
23276
57491
96930
22430
11430
20256
92500
45853
2735
65691
139
20178
42990
56099
99793
866
51793
770
54341
11688
85895
57200
74095
63263
8488
577
3598
99443
32324
72116
5612
71952
29607
18895
94382
57389
39151
3234
19594
58239
68926
19733
94769
28268
75832
94563
29134
43977
11685
99828
72017
97581
73380
46112
77196
81868
46690
80794
97663
95366
52910
19628
67319
98869
38523
61701
56258
94026
81288
75852
52265
50214
11937
63387
94834
4121
74302
40321
48099
85987
40149
20116
99920
13529
82581
77116
11749
45623
74262
25764
40989
43524
45392
8308
58745
83915
86362
31355
77942
67650
7207
46559
34216
35496
9946
29050
39618
600
69371
87717
86588
9520
7833
2860
39401
6766
96329
67502
52389
70591
93267
93379
30468
38659
18039
89213
38927
4401
20569
33221
88403
44128
79780
22619
79625
6079
51670
35595
6679
21041
23312
9619
46914
47497
12480
2667
54264
25161
70170
6653
12104
63437
16384
42572
18448
50776
48138
57375
55177
85059
90596
43581
29187
86729
82552
25164
9160
34222
60759
15839
71616
423
41811
18530
47921
70643
21197
18537
95804
91367
41542
7908
71156
74279
66833
89605
25055
14971
63332
80232
30
70281
40165
45569
57010
39070
70734
66170
73292
47845
98361
44908
48269
40172
79790
12542
10815
988
31079
22971
8707
88973
30880
96216
63252
14065
85821
88307
29036
65505
84892
45418
35786
41409
90987
9148
80479
78073
91670
70124
42271
6384
15032
6892
62908
11175
19434
90076
28515
66865
13047
37222
55838
60279
33438
19091
74344
35611
23750
3380
17469
8642
65150
53255
50052
56138
78756
30531
50563
86778
655
92834
93162
32040
99726
56071
43215
35512
46147
88082
18729
75546
25304
74568
35826
75095
10011
10170
27058
33761
29903
44527
58756
11405
14135
8808
67543
9243
55691
18107
96021
72699
27293
5536
21091
27020
61607
80658
62532
24106
68740
81262
99652
10396
72182
51830
1843
98545
78353
28902
48658
24608
89781
7414
36013
20268
32574
19909
29511
4618
38016
41885
93669
81661
47421
14760
8681
9028
11770
87566
49486
96862
85180
65490
7258
73714
17321
25454
88611
12026
70708
37269
36634
60489
61036
88999
97110
93610
8908
42973
14580
63276
84858
8249
44938
32279
39361
69971
57659
51131
73889
7145
64345
75421
88988
71604
49135
22661
13410
37746
34687
84118
91368
87673
60959
52404
93024
74421
46014
18285
17395
60595
81561
2253
85196
42851
34533
24558
29175
8544
92041
3064
32042
56387
78486
21030
44343
43973
43691
57753
98072
94730
58223
89440
98755
19182
58196
91779
93604
20562
10064
10999
81157
7978
29604
82706
67181
80489
7264
96356
89034
99305
99421
21076
55692
94259
58458
35
54584
2149
74140
52656
13231
32363
58448
11986
67898
16644
20117
61502
37207
46534
88853
34716
54512
34809
17422
21693
15299
41038
18050
4333
40344
33823
25409
12388
44434
83867
28776
99018
2368
2916
68027
31951
51632
42827
43937
19530
59472
80406
97384
96679
26940
2589
47747
97804
37398
65170
35850
52697
22560
70252
57030
79256
4075
98791
91645
64861
99010
36773
80231
17730
56041
64610
49681
7673
7438
9970
27203
66910
90377
40939
79941
33669
43528
27688
31474
80927
9210
67324
33624
48123
37576
7007
27379
58003
5798
19024
39216
21161
72149
19447
38891
28191
84058
88573
35864
91496
14895
79420
74758
5272
20359
71051
55294
63888
15091
86768
44815
40654
70444
94791
88777
24372
1798
16156
82375
23949
51533
37943
45110
23682
57390
84001
51873
57800
88926
4090
65648
3822
83510
56758
25446
20221
27809
80740
84109
42901
83860
45276
83555
54304
40068
72332
78676
41866
88488
77403
65815
40021
15346
27277
63704
89089
11279
31929
46889
205
36019
28890
20379
35881
85648
45826
56103
13458
26566
56564
56359
10427
1841
56266
81083
41909
28598
76112
127
33438
69867
82295
89812
85214
9572
69868
90655
20851
1797
53896
37409
54169
82786
74140
90050
68435
19966
62505
98245
62885
19070
70956
73312
20911
27222
54395
79172
72172
46859
95651
5610
16727
77946
11774
18293
87519
81642
8948
24722
99792
62844
78483
53961
61983
52624
60363
30418
88942
22869
45015
51827
58291
15971
41491
95554
43193
12239
74726
31717
59098
70377
53679
75825
64676
65454
94118
68547
47096
19418
9621
46888
82263
4457
17201
60598
73433
93917
7368
62375
16786
52383
30555
91429
68354
72046
86983
27899
84285
78061
75968
43384
64790
29647
35561
29466
95101
29680
14365
58550
65450
23987
21790
47713
28444
55344
24663
1877
49261
32031
80604
82399
84414
11159
73828
69120
83206
77163
97019
83843
55224
72987
27227
20014
18987
79141
65833
14088
8821
80198
88990
90623
4185
27133
54689
48981
82477
79352
67210
48090
11384
64167
30489
95798
75326
20669
64919
74884
97832
78290
58728
69408
67630
2307
5774
86617
81448
71607
17057
6621
68158
22400
97245
88695
49533
51934
37677
48362
31286
21239
96452
42670
85406
43293
54821
77085
63962
36092
51969
78146
30734
27049
47554
98364
29357
69680
84981
10805
41288
2039
33779
25798
40791
31024
14493
90324
82958
68522
55038
30596
89762
67842
89619
91520
11135
60792
68605
91449
96884
36927
69595
27618
63976
33501
25983
93333
3181
27316
20491
60821
45707
54270
86619
86498
85294
1113
93174
84604
85987
48212
31552
92101
32406
21171
83622
43541
81963
68579
34990
95199
5506
20937
22818
69483
54438
65153
62816
57620
8821
83307
34793
54529
37577
21413
57379
39223
38878
50554
23827
24865
15118
55380
16967
47525
92903
16941
7418
91219
85520
58761
86418
91027
79698
25588
60510
50489
7093
39678
24461
15915
39338
59254
86796
76915
80667
44175
32491
35897
11081
56318
77115
42552
28050
10434
6429
37306
27375
13847
28525
29247
88960
14943
36626
68659
40532
13488
19148
63977
53167
59961
79892
92505
19215
66688
85772
16235
27216
18263
52132
54649
90934
29247
13553
35336
56033
19982
72642
83408
50182
1167
12656
55494
32463
65634
24153
89347
79123
59653
53324
32290
19614
33217
41147
55182
16257
26919
71417
59825
61535
39901
30827
52469
85501
44380
87805
41534
80715
76800
41295
47249
77967
70303
2743
26782
35937
43249
16129
15060
19254
69454
47350
55221
19023
4849
10403
51632
48121
98172
27810
9656
38073
74989
78477
39926
35721
82634
81461
16436
59434
22756
80037
53754
9411
99133
80536
45348
58734
96666
60409
77988
82472
24111
33209
17847
28961
59964
69479
77082
58136
13641
3090
96210
88630
81567
36136
24352
64201
33949
57140
39988
73057
53530
93742
82468
52663
74278
27817
27749
87296
88226
5737
69768
28689
55299
3967
74002
15263
73447
67436
73400
3440
70526
85962
92071
68445
38450
16423
32647
72400
89915
72635
45457
43445
66377
27926
96108
57007
55743
23857
44304
60321
45947
30424
5362
17598
34392
79365
32861
24191
46801
22613
27631
33680
8575
36054
2125
47026
68829
51124
35778
58745
23759
81235
2190
6488
9161
14651
79848
81256
54860
40504
57929
807
70928
63292
34757
21672
59009
67619
62215
22162
6584
6199
55842
31512
42253
74320
78538
11083
25444
14316
86180
65556
11903
88370
88396
37417
3021
68244
35025
57882
8748
92955
75041
96029
72599
9799
34053
31608
93770
12621
70122
354
18820
42317
31866
77425
16637
26756
4860
58433
57424
91040
23989
85680
79411
28738
23097
98784
96982
58122
56666
22083
67429
48060
34464
40028
74211
68517
87988
67981
81138
58111
84687
16310
428
32906
93736
33417
59662
98596
91850
33439
89637
32192
19119
85400
60930
58568
84184
74264
16690
57203
96347
84120
21615
47163
24148
95826
15681
28489
63807
13171
86600
48494
29482
3380
81400
39570
36797
57415
38166
44999
7206
44155
93543
26325
45907
70825
84893
46444
45090
17935
19999
57789
18407
41614
4953
58908
37440
36986
87397
17599
50157
73997
82445
95991
93729
80198
35561
46878
53965
90080
91877
61171
34235
1773
3848
96495
72598
5093
42939
17688
23028
62938
91830
57788
4552
13135
16696
58344
50121
4093
75943
16630
94442
74740
12622
88171
71290
64535
35049
25255
54615
43278
86426
5203
45051
6626
18050
17650
11719
60989
51690
51100
23927
59872
8888
44831
73007
41936
3175
23128
46029
95470
56111
40471
70210
85085
44994
41501
49620
80043
83108
20588
39673
85887
42143
84725
92513
60193
18727
20585
21182
70417
71685
61461
30290
96925
6292
19649
38861
9467
42778
1242
21289
15241
58065
7851
326
3059
49352
49946
99454
48813
86886
39127
34700
45381
23852
27213
21926
58931
47798
43108
29349
35835
20921
75991
49112
27213
95640
4325
53032
54770
5567
74321
70011
63632
82173
86689
83043
47877
52988
82497
96690
39874
21625
31390
1608
61829
74956
23534
20761
39106
82995
66462
74942
3916
58805
40406
47482
70797
44732
514
41920
66651
91188
28283
30284
89713
14973
29679
37590
67961
12177
50633
24187
50154
98375
25795
11983
73331
49330
49096
12438
48677
31910
3732
52593
90715
60490
75
77865
5222
16942
19785
71874
8130
48068
18510
14195
79393
48189
51785
47354
76718
18770
87894
26872
17146
30041
55208
6829
79371
4304
35619
44400
36215
55703
96994
43282
16194
13421
21147
37768
30363
57284
25994
54845
21705
60856
69040
1098
25398
37178
64805
2116
72300
69051
28989
89446
99092
84197
12628
94816
4853
48247
39216
57420
3951
52562
703
36497
65984
38202
74265
12699
11839
260
83897
33544
61116
69289
50994
86514
6467
32151
4983
78768
1202
33972
84566
16647
34521
97194
11463
55726
61794
67031
13147
65745
19594
30202
18594
85578
84756
92859
14629
12947
9471
98526
46491
86940
67816
13838
73454
90635
62341
94789
69403
79896
28761
70322
96543
79634
67516
24358
51713
29310
91389
64860
11407
27335
11414
46353
12913
12522
55565
43895
25470
65036
42421
88313
51976
26589
2151
41783
17225
80845
36572
2980
60741
81686
73302
73636
77672
57171
97994
29385
2833
5735
10597
30593
33071
22011
76946
62336
34534
32511
6231
76356
13900
65005
64669
65876
91594
83173
24011
8819
64018
60584
11800
24759
58622
1454
98395
36294
74977
12741
82032
77811
18476
92629
8404
51547
14641
1702
30236
65527
50566
36467
58235
64466
1472
22904
46694
93067
6077
70706
18238
70095
47642
46390
11206
22616
64197
25953
58910
39174
55046
40942
16985
89875
33572
41741
57774
64565
59796
88010
46444
10362
24478
4679
74828
42302
43935
37874
51721
50013
8580
86312
36460
72574
32702
64019
95190
13251
6324
54101
52426
61371
11395
85763
51246
61319
27505
25372
42236
3653
13383
5032
14015
54213
26063
5195
96515
69999
43069
64589
36364
68002
50901
89176
40576
99955
69547
35767
13207
75872
6220
65633
53595
33967
51396
21193
11639
95253
46565
53875
15258
76300
75260
29273
30513
1323
50820
43381
87674
10242
7970
24038
78244
58871
29567
35172
75178
99114
87291
88385
91338
93511
54018
44933
43831
21767
82478
55470
33372
29044
9345
48631
5344
84605
94256
52210
2281
45077
95591
89955
71671
3561
30346
66267
78784
59913
1439
53962
75379
88731
42348
66718
98594
12718
11651
42425
34485
10482
97895
84210
39526
23593
32841
61222
24550
27097
13432
26831
88526
25375
33139
76549
28936
63485
42816
24072
39750
44256
78035
15129
49339
36735
81847
47933
49453
9851
6711
291
20333
20958
84501
76211
44551
33694
37433
69102
77143
67218
12285
82022
8945
45424
58571
37882
25261
1388
78306
65011
61996
56341
80141
11335
93076
78340
75620
58882
88191
98683
59173
8524
19642
60026
84735
64193
10072
38521
49647
87215
22091
78285
69237
31036
40061
44161
85270
65323
45549
63577
46686
7545
36270
43179
35232
45699
21520
10852
4581
26063
25888
80106
50940
45530
56484
52027
26075
66556
90548
92075
70123
28991
70360
55713
76380
26773
99874
78002
8448
61775
57931
55135
69320
94202
14666
20904
56253
52538
48108
60834
78602
73996
57292
45894
19526
30128
97921
45602
13036
4822
54029
83159
33813
24389
55224
26545
51162
71450
4548
59611
33225
62479
31098
18897
73033
45764
39801
29286
14655
87910
6472
93257
61906
80116
39151
97785
10244
53424
59739
23280
58246
13768
22792
8412
54509
78016
51309
22023
49467
55857
81634
82692
34689
29084
17942
7722
91201
57743
53361
5856
62005
59833
15465
40264
39950
54616
38049
66546
24392
14140
89827
82639
44260
12619
7403
98769
6987
58712
20792
72806
30922
18779
71851
65611
47863
89793
89685
39064
47536
59398
44920
9542
35584
60385
66158
75534
31353
4207
58432
72098
34699
48259
54737
78959
77230
78492
77728
570
37204
14872
73376
68126
33651
45227
50089
97867
35020
56127
53283
98909
15525
98204
24803
51109
74941
90961
42995
22647
11520
1428
94745
46219
49687
65834
41530
43270
60678
35610
43840
14234
50482
17216
82361
486
78796
48802
98353
13816
4929
51636
29077
20455
66192
53880
87916
57486
61193
30912
96485
89065
32340
7582
51636
98379
89768
93166
41649
50446
28776
1841
64680
95611
19058
63393
96097
97854
12196
94450
28022
33477
62438
73452
70284
44983
43684
58201
2469
4878
89113
98954
93943
21453
22888
45580
36184
12656
55098
77834
63102
227
79675
44134
95838
15085
7528
91935
29291
36076
2737
73666
69553
81527
47118
39838
26510
90802
14391
45331
12032
3504
44285
5976
41309
83525
67908
77493
96181
39358
71679
75635
39585
51355
19770
35423
82792
43650
43710
12084
96078
62799
2102
81983
44327
49220
21821
87189
40022
36212
32521
68407
56068
93158
90735
97377
76684
58643
74871
72865
14353
46550
64853
53939
14257
975
5714
13402
44625
49425
41838
40703
28576
43940
22686
89255
93160
60860
76445
49534
13424
25318
17941
85845
18476
8676
83222
95160
83671
74445
84378
98025
37348
65583
68316
67957
66558
74030
81359
11183
39807
23197
68238
68384
67137
7276
57639
76649
84488
50436
26184
97913
75754
60477
83758
94231
85506
83332
5743
69177
57778
6473
83554
11478
72056
51870
79435
38614
42253
60795
66149
82060
344
50739
50444
83834
58016
24436
60483
42504
74872
3019
56769
50627
79849
56879
61210
65355
56564
66953
50884
14342
89779
34439
42172
61835
2661
21607
16802
61266
82402
99303
43327
99099
50043
10123
82933
8059
34559
59768
66915
9432
62788
40037
60059
42637
96916
21269
7992
69832
4574
58876
526
94353
9667
42698
72541
28681
64306
89343
89947
63060
88646
49626
62159
55041
59750
61444
63100
94309
21213
46368
3741
84001
86405
80152
42990
99673
17773
50982
69506
38700
26210
86384
33053
52230
29083
21946
97263
93389
27641
3562
72801
32640
53189
34961
87681
12939
96405
67134
23600
17618
13502
43694
17971
16259
23846
60961
32284
57972
28295
18142
96672
70858
4527
46077
39440
33610
68024
36703
43351
95665
56617
16152
28305
9806
67465
32339
39097
80223
99473
62698
97841
29327
22744
32165
45586
46590
9478
94222
20914
37774
12365
17586
24984
16892
63664
64424
66854
48040
17479
10205
43705
74096
42709
88363
255
10175
20702
55704
90398
20175
18402
4591
65854
57498
36756
27792
4089
62587
22014
25003
361
34379
58942
41697
67623
38958
6121
50829
86998
39952
77386
30703
14048
20096
35418
30655
30271
56120
86360
37021
92647
21114
41612
58501
78613
94721
86293
99054
57308
24660
24057
74021
75391
99351
15718
59367
38309
38191
10196
25307
78143
87583
72363
8543
24031
7781
39199
54302
63902
25559
91323
72901
46673
49287
47755
25286
44008
50400
24340
1316
75060
64750
91689
50452
80453
7407
26171
18763
61950
36367
60422
40093
40302
32785
64989
64333
40567
4188
34987
20821
46099
42662
93722
9124
91950
57829
50763
35958
8230
91455
53627
83290
72557
45316
50094
53011
69076
76265
88126
31026
28985
48548
87472
85639
81334
68813
66325
38253
89353
1312
59074
35452
43975
69148
60928
52277
26978
11691
4587
35208
3147
58214
34850
92056
19883
1297
45067
88959
93914
33193
36337
39251
98094
40161
24891
79428
8974
91216
34033
98327
8880
93107
50131
52855
78607
11060
21484
21937
22751
26072
73497
42250
84286
8348
34307
4169
25997
95726
9480
19911
28920
62170
75515
27014
2331
406
22794
11306
7974
56827
9633
16854
66286
76117
86062
44893
87177
7546
66831
9928
33618
56680
68531
34257
65028
19190
54778
7377
14916
80611
43641
43836
42781
19156
87202
45112
35914
26348
72770
43888
99527
98756
77094
65813
74873
79508
27059
62050
87055
10242
88330
37025
66922
73213
87634
48303
92403
42413
55680
7320
23024
99321
67508
65805
34829
71063
27269
70743
97411
40
30983
96939
98796
24430
79104
90021
3938
6163
52071
7345
16405
56753
60723
99680
29967
48357
47983
22370
90770
3663
29690
30146
19337
97199
12303
54166
68262
39573
41262
82025
55965
88597
78964
71113
13027
58069
61134
33318
80584
29557
40663
13342
86310
17738
13022
16277
66096
61005
55000
73218
81020
84690
3365
16709
98241
15668
87228
82855
71593
44842
81233
27558
33439
76549
98671
62819
34618
76157
96137
31555
5714
53152
44897
8377
70891
57919
41006
53339
35276
96006
26557
32648
97049
29922
49358
11642
61943
52938
10850
33536
97780
92083
77447
31219
68632
92470
94038
19603
68628
6527
51158
90694
76032
12407
99071
46923
86678
56430
262
21954
52436
43171
70954
49485
89446
36664
77480
51389
89602
88330
1277
87382
80413
78724
34954
49045
71195
45344
68648
56175
51872
36158
63221
27904
48565
78645
91179
35243
35075
7793
73549
3863
50964
60856
53349
40410
97520
47181
8151
87123
35511
9429
90857
15924
4505
42163
81321
92052
87508
66322
48227
55732
18832
27801
99988
67398
6446
7519
18993
57873
31664
8895
61736
98980
69751
31437
55743
67271
78618
63894
70746
14129
89675
77956
46405
94181
20119
44079
86233
23979
10401
50813
96063
29233
78614
12403
12983
1412
19922
31977
75637
67938
57224
37373
66919
26975
85163
22662
94246
63781
86556
81345
94263
92584
59301
57020
86765
95772
1099
72998
36104
27852
40163
48519
57086
18777
60923
86421
36541
97197
34750
12178
65136
91974
65904
32055
18949
51067
71069
13196
14848
73977
10893
25463
66561
70194
82484
53326
82318
99935
42677
34774
27788
82840
83294
84874
17970
44217
71295
54511
57766
6046
66690
22902
98020
48946
71309
33322
13
58730
62870
31213
32708
73763
56677
99269
60309
55513
68948
42627
55448
11625
93754
83236
10817
77048
84462
28787
21265
72110
83299
95383
94508
66341
18286
92528
31639
5947
42202
31652
64678
5072
62865
13738
78835
35894
29359
55496
91407
98307
14476
46856
26284
8230
46444
37102
85278
30907
82241
22895
3017
65540
18278
97525
48233
52916
6405
79872
75216
48608
27876
39894
70032
90742
69984
48868
26636
99343
4364
34396
97651
35192
97604
40287
43422
44048
77389
28700
91307
59631
51595
10676
41523
86226
24553
6109
39142
30959
2333
14358
95919
30210
70604
82303
37304
40588
31171
80292
39932
51888
14688
53935
87080
12292
94222
46855
72693
87964
75555
64000
47595
43503
74677
5470
29729
99230
27931
68871
46541
30265
99582
58812
76827
70186
41116
30483
10775
88639
10775
67059
56879
41816
37346
60312
54108
31568
7167
43153
35884
99074
7154
99831
42577
98183
5302
88658
13765
49585
57530
76659
96202
73464
35471
73029
43650
92939
19864
70777
97931
30640
54188
54810
72456
91534
31474
42916
39455
38641
86070
75339
54068
9576
75171
96645
24111
96825
85304
54228
46410
59186
30887
42613
32650
82711
31994
92652
75650
51859
63430
73581
98851
17618
44744
87659
25505
76218
30575
64960
31212
32997
56651
85280
58925
48174
98277
99388
44999
99933
53617
7762
59119
84504
66727
8121
67215
15073
774
59218
83284
80556
49151
82135
14526
93895
69794
40031
86466
16722
21343
34030
66071
94347
19310
24997
42521
17587
24385
3873
17521
78002
27987
92992
78859
11066
17466
46074
26139
34592
21644
9424
15148
70796
91559
29674
81043
77706
86058
67509
94428
23753
1539
76851
18100
37201
1848
76974
71141
42586
80847
5014
36940
25186
14358
32151
36252
31824
94578
62391
66416
16222
88167
81564
87018
96079
27591
84414
73785
30001
68275
84565
70106
86167
61416
88207
23368
79617
81533
10861
38555
78732
15875
75495
3918
30234
7647
56522
62058
2225
18913
44827
34799
23433
42743
38170
19512
70334
22584
9649
16687
7211
94214
86794
93378
71982
91353
33099
51599
72886
43960
90154
67970
76188
82002
71888
22774
6001
28410
84832
24578
63675
46011
59377
87108
88755
97547
22972
75441
36483
32621
92129
43695
43187
95275
37073
15170
86628
86524
66769
75866
30485
73276
43836
23025
55278
32076
45799
77631
60486
46983
2209
40513
92995
61586
43974
81750
59134
66946
57191
95617
15920
65672
55664
59107
77299
92738
90629
63927
79262
73751
56145
26099
47027
16333
65476
18657
48409
11275
96288
25247
58259
98497
82113
67606
60083
26087
49356
35569
9385
22899
47539
41657
4924
3203
765
82223
12293
7746
62503
7908
81497
35000
50359
28524
51334
15836
63533
99743
27111
59821
24991
1722
74670
7104
69328
51106
49543
35036
3027
75280
74288
50566
16938
95564
70122
34055
94139
98767
41801
56642
6675
23299
91643
57035
68175
42977
72871
31709
59072
16334
7882
415
34409
98905
23871
20089
50011
73414
71478
69390
48695
45766
36309
81985
57682
6431
16040
51821
5198
57841
24816
28226
81140
16459
85261
65668
75788
74484
97377
34860
7170
21611
51628
57931
20516
75499
78021
86879
48914
49499
56270
13961
11617
92579
95946
69299
15362
11986
37472
20560
86179
62288
48786
83672
95099
50399
49340
70887
41235
63069
22100
48406
84680
73728
6337
5197
49227
710
8428
14493
66561
64698
44806
78178
57277
57104
63829
72639
85442
17654
9552
71622
79942
74690
55294
75042
41442
4634
45929
82677
67703
84381
47435
68735
58109
70125
90284
7337
70835
98713
38182
37397
63411
82989
15575
37041
40093
95757
26032
25536
13411
51936
13510
9705
42979
85156
84747
84421
89790
47029
67098
73845
31410
14534
58932
5872
84659
49217
13209
71846
47930
67743
9243
27693
50732
41171
81086
7178
53280
23471
49066
66691
91759
78928
76396
34738
64084
77496
19159
70226
24525
2610
60423
72287
33496
19355
78159
34507
68572
7720
6353
32854
75464
31949
60548
42548
73120
57986
66078
26400
81457
31496
9443
89569
10424
2191
24307
74508
79687
59819
44734
20564
62429
5157
9204
95925
24513
87363
46784
9437
11436
53137
42292
86900
85086
19192
45800
74558
77178
11879
17310
74988
43375
26753
64557
70152
45297
5216
44660
41336
65035
5747
61901
27464
10904
87457
39741
51769
74820
86525
61207
86256
56015
19851
89508
57453
55395
35309
32012
48925
63540
49322
40265
23267
92428
4822
93419
37725
26391
54432
79061
91426
60179
57314
35243
87435
61123
91336
39205
52296
94214
16764
38552
50229
52967
44413
24034
8362
96074
56046
57287
59614
21721
97553
99233
14149
18727
92653
68226
45118
47085
63639
52897
23616
37306
4492
11051
98429
95828
50256
50725
90042
83372
5630
56623
36339
50043
80658
61053
62469
53056
18341
38435
74777
15894
37668
5278
50973
46673
73504
12444
10110
53496
65341
33726
90802
69833
44778
5583
82013
11386
56309
72056
11111
78291
45031
63802
28334
25689
24856
7155
78746
59549
45590
69875
91795
99610
75154
42768
46284
65010
55212
72746
18506
36905
6473
25660
6738
67603
31244
88752
95341
3905
77160
22804
82196
22191
86607
26882
64233
27815
34037
59331
87364
79627
45558
79159
95589
20712
21927
41873
2075
93492
30972
36933
30397
53797
62594
37136
21400
10190
42240
33093
14095
35752
55898
96291
74295
58857
23173
54880
86672
57210
14211
74036
53189
59770
53195
48778
96834
75122
7004
15261
68614
37976
52195
15364
91773
14789
68852
29525
24979
11092
78970
55426
63196
51220
51717
37491
10077
74890
92372
96749
32100
22935
87137
1641
99057
40332
50419
12244
31807
73775
27505
16773
11751
79700
32137
19876
10841
989
65753
52172
28433
44724
7598
7981
95944
59315
61825
6022
50557
54197
19123
99009
93484
6261
650
8894
62945
67422
21138
11104
41197
48643
27878
69301
44696
76367
5529
71889
93709
71283
40414
22142
16007
48012
30124
11951
23680
91949
34325
90589
62498
69801
89599
72334
76062
6601
81228
55359
74023
2366
66464
31573
67362
10694
874
28410
87061
6403
299
80770
94038
40713
19265
10045
5078
65741
38349
45110
74042
72674
35699
52892
58827
41650
41578
51241
48252
22807
6601
22275
41525
89417
53848
25239
111
71074
53649
3524
93830
53949
647
87868
11014
19912
97914
32444
2005
52615
77554
92399
41641
29606
45291
469
71256
86869
51710
19508
26028
74663
58136
67554
64080
11984
9145
80543
99411
62795
84068
93241
33096
84715
97461
60462
20979
11727
92907
39336
64342
70461
31735
5984
67
93378
22805
87676
96599
90867
7184
22628
65531
65320
6534
29611
93657
15679
26507
9420
94826
10575
19013
44274
11642
16474
4737
48973
28202
97644
4661
8896
84457
36396
31232
877
46126
54037
88553
42725
44905
12089
81705
26788
93762
4591
72751
3771
36623
99258
13191
31449
9833
32204
75724
37827
48678
80461
3152
93232
94457
7813
2129
78914
60561
33361
79791
6687
3751
84696
65765
65008
96786
63822
91796
90548
68414
64547
94319
5037
63806
23862
52838
89991
56066
28562
44171
21096
25375
47323
30681
19832
71489
32810
15099
32050
82523
11242
55090
86274
95939
37207
67634
9077
1029
59430
15977
85795
40330
26648
90832
4136
50510
60023
10479
22928
88585
71002
44024
30313
34678
74705
66497
6167
23867
97948
54569
6391
9191
9659
9017
21482
63218
76652
30559
64248
52434
62888
66395
92764
89536
73580
13252
40046
33603
40084
62974
38540
11086
23350
68853
45764
14408
51703
68283
54627
49651
22853
77370
58842
32512
86388
96676
95731
79392
43587
76331
31826
6475
59078
40943
96011
32658
54195
52409
66261
94279
31735
4802
21718
71438
90007
83834
85846
41710
52118
56825
91362
74971
34196
66556
7483
36936
63233
19566
16328
6820
12249
64506
13296
71328
5449
25659
20338
75997
78069
86600
70276
9804
7754
8346
81242
97761
92181
83440
55824
44299
40266
47186
19270
74462
13742
43105
11398
76975
62672
44078
148
91273
8584
13444
78953
30386
39103
99292
6383
33524
85892
93011
43329
9998
1358
40923
24111
93539
40716
79935
54190
80982
27121
73460
71796
57216
16565
99546
50543
95589
59976
50691
86863
68560
80487
82168
15298
35943
81460
21681
69467
83704
14693
29148
93702
32403
70072
17814
42294
27140
97749
96484
24474
41223
69944
96270
14791
2861
12168
65334
14803
72144
32378
1666
57056
12865
186
72355
48808
81647
10388
18276
65351
41433
63776
75406
73836
33848
93220
16130
77340
7321
28966
1814
64896
15262
14436
79687
18124
26604
45022
32927
15100
77400
50945
72157
6617
51131
60864
71778
49130
71252
6406
14482
29038
70182
6240
2874
20383
99460
35357
97723
23133
64323
99538
88030
79586
13974
67717
14062
56931
29091
63341
72031
22843
14286
60540
45813
81769
37756
17591
30900
25361
23997
61734
54399
10531
84326
57273
30914
138
8982
28638
23271
73306
44528
27653
69244
58502
95371
99658
31785
40814
62999
3817
63658
93637
80709
9471
91758
18466
43414
39010
43827
83763
17096
98226
94294
1422
71851
25209
1560
80834
70199
24832
70492
31079
52485
56088
5933
64208
55746
37719
21375
35097
57888
1385
45086
38597
10856
36844
57063
70622
75855
17242
54385
9303
31820
48679
10726
20024
90240
12286
17210
76791
53470
87702
7870
22308
60142
13804
2868
32240
51523
24243
67337
25763
25628
28775
64360
52836
65619
37776
39810
57826
71370
94195
67130
3191
59227
94208
23215
49467
22846
40425
42611
92669
44479
50481
14977
4621
80637
34197
53213
48512
74793
20550
74275
16773
65677
38636
85962
31296
92764
25772
89123
64134
36320
72605
67325
95547
66813
6892
61366
89659
47317
3977
82328
8148
70811
13657
29121
51448
64207
82334
99961
39000
19236
74236
72125
84913
29224
74439
32562
21988
212
21685
86123
52884
10642
69800
64783
93807
76693
42501
99818
40362
62831
98499
48511
33642
12156
93984
85090
92715
76319
1403
48067
11907
91992
20193
96821
21216
94632
29383
43205
11196
67420
45680
80432
94414
15480
45215
88221
8525
87717
88039
48888
50548
86538
13751
542
15047
7735
1984
24114
406
3388
72182
12314
95380
8727
25487
32948
19711
71222
76153
30908
38642
38185
27692
33056
53666
72908
37629
78543
76977
25668
27431
43877
28559
57534
44419
59958
81622
62755
84072
98380
82495
56254
27046
77875
81333
52533
27176
1045
23755
3329
48305
78749
57867
75997
28157
27885
65257
65786
6428
42234
7807
50212
2463
52718
7746
63234
12676
5720
25990
13100
4101
8485
69355
47499
2713
67040
33
29889
68085
40140
49570
16390
18890
23789
8740
47047
51674
73997
29186
58103
32584
36993
24667
51399
89711
48765
14634
18739
54486
56976
31839
74939
81813
17546
22438
84526
84587
38823
30767
52672
95316
96690
85415
14206
20479
10507
77605
72154
856
23143
46609
33440
60136
71276
1192
66199
20041
15826
1290
90879
89154
33130
65818
70967
50676
4609
71846
51615
59784
18965
20640
55100
15655
6055
69306
36135
32914
63264
24641
33770
86407
71250
67211
62896
58878
84755
45447
78919
581
46738
69799
6087
96220
51969
77054
63248
72930
65252
14864
32715
84218
35504
87815
99873
57911
73474
52360
90825
36738
93353
24595
39497
64603
8158
18745
39833
92913
80545
18753
9846
43635
4904
15933
39855
73225
9340
3103
46156
74592
17967
78871
58810
69823
66686
75036
27734
40160
43748
18559
93250
37102
59507
49100
18057
67665
67845
57891
76931
64742
92996
86777
8377
14252
19063
64584
87477
28403
84040
33633
2995
18359
28856
78158
88183
11895
69546
15917
52055
13294
50829
61658
66748
10336
10758
84806
94353
94955
59049
71284
59698
52045
58062
84427
82649
77125
49012
70126
5528
33052
20112
24875
51411
48968
19385
55946
77215
88931
71864
29271
18578
39045
7281
85326
49381
18039
86484
43734
29346
61885
15019
89044
30282
89433
89824
12931
82910
55188
83058
4790
4592
19522
46017
56003
84842
65403
28302
62058
70686
16518
7681
89264
55563
14962
90943
21296
49353
93779
65030
78699
55665
96401
84096
85947
2186
73920
98879
85096
29108
98289
6238
33700
17811
52256
6055
2653
17659
34357
64711
88345
67227
72392
93962
22790
3706
84905
44086
53059
78684
25469
31759
34349
38222
15855
36649
40409
6127
35528
41857
51587
33817
64448
85287
67980
16704
7694
70633
50715
58404
51697
39060
25631
40441
49374
48422
44148
34279
8860
13559
29316
34329
61670
80017
72552
93877
16666
29313
4
52194
87522
51591
2363
51970
53230
70343
85026
60925
57329
35741
19329
9026
74802
44960
65819
24176
9734
9967
74808
18595
39879
4124
52924
1549
493
41828
95427
17160
87493
95431
85706
91368
63375
88070
43338
16605
74765
44717
77530
32094
80458
96859
41120
71612
58172
6940
12141
67906
33259
86949
86501
73138
7425
55778
91040
7918
13958
86467
41430
1452
98250
27137
92820
61625
15207
52510
78231
89972
97227
55761
38419
94038
68973
95891
65650
43497
19183
77791
27755
68795
64740
30609
41933
88517
86387
49325
12788
16697
35792
54218
18149
34043
81355
27321
95668
12914
96184
73899
2887
9763
46013
57658
3801
31338
53549
85804
74835
72733
63595
2590
41528
44688
33199
99813
33205
35938
49139
45993
52636
1283
16564
87137
35326
97919
30811
47347
10834
43347
37598
30073
53110
99963
87731
73264
31301
41280
59068
22488
30365
39015
25079
88245
55
74630
88059
49613
26921
53550
11958
79557
54833
28522
83046
6512
26442
13857
53859
37276
57204
7809
67349
26667
7773
71432
99931
39074
12712
75351
61563
59430
30718
2994
47675
30774
93976
52086
80387
20897
5636
92345
454
76822
20868
83501
83334
63662
13710
53545
938
70915
77706
84639
97582
85479
56071
13865
40906
85135
5568
2469
44565
36286
21815
8593
83412
15791
60679
63799
36689
66316
72497
53495
59490
9717
53348
59176
73379
83411
12721
74317
54326
90427
75308
68260
92259
31379
98477
33165
32866
4045
51986
93784
56683
73801
2377
40096
5944
63056
3895
58985
45724
92744
28833
5214
2461
98533
80742
75840
81944
93463
66509
52622
243
41817
37234
8854
89548
35711
42019
22415
56108
10357
16199
12792
510
18576
69240
6454
97984
73135
81792
60061
82232
26977
81627
84693
25510
62370
60534
23807
72185
43395
76429
72428
85213
30016
97634
91113
82079
56005
13528
38188
66362
46079
67332
66872
81007
36572
89679
78992
26059
71471
55405
8291
98448
37032
92985
40310
99402
69871
64117
71588
13266
56899
60368
14831
86915
58003
5945
68994
14008
35825
7182
80371
81905
90866
63595
79264
27438
53274
74608
53498
24745
30013
78141
39545
67046
71126
79856
66448
57349
43973
38036
70616
872
98405
1799
87787
72760
7744
73134
86768
43570
96668
83491
41827
87535
47087
21091
31325
361
95700
1175
41459
25713
79317
81004
92759
66795
60860
75560
24145
21186
29948
11113
22058
44705
12912
26198
17465
20657
99332
20586
80579
96000
4077
22406
99887
67516
59849
31213
84230
55549
32388
25689
97615
11705
23045
6726
78501
258
82286
18998
21444
12235
30111
59854
56940
59375
86052
90758
96384
1736
11344
76963
97737
31773
15721
97624
15642
91923
28837
99872
47472
77578
41913
61439
89283
81310
68166
84136
81568
66804
3134
19364
95391
49597
79219
52332
8973
81623
59442
5357
99712
70786
98673
97449
18911
14394
11425
34553
22669
56615
50777
70142
34193
9042
47933
39828
90353
32451
23965
88273
99256
27099
7638
94647
76697
3209
63331
2022
1184
22773
7379
896
9911
6052
14697
28823
36799
42475
79728
59468
99090
46858
45962
49635
55900
93896
5815
62605
26347
29780
50879
41955
73232
74869
36603
66281
78078
99934
68303
95614
39060
92034
96511
48971
98087
27560
94146
51238
70035
90227
27058
85477
37085
73021
35112
9337
83269
40928
71943
25968
87060
22822
67924
76644
14043
20879
42925
8473
37165
27580
4087
76225
19615
16950
25197
34054
44511
35695
85292
14546
25922
12350
24
79359
1723
51488
88697
84992
8768
76992
27313
95829
16166
95237
72473
30209
32468
31751
38682
69633
59331
59121
45859
95298
76072
87408
29352
20583
23103
30996
51481
65378
43347
51505
61089
61422
19346
49786
62767
28114
26778
90080
40295
42944
1669
29121
89505
34137
77224
28187
3770
36555
87309
65981
31854
79733
53389
61206
316
92845
8555
68149
74575
51902
36007
35664
29676
55353
1803
92443
99819
28581
82523
40115
87878
544
85588
93735
34681
62812
21923
54804
15719
25584
20785
47573
5317
90527
25132
21985
99724
33687
90134
74299
1941
26141
26315
47969
97846
28118
40413
97666
73052
39288
54133
77282
39833
39721
71017
90866
18885
9292
62022
34604
51228
99160
98530
56545
89687
40014
94882
5763
90053
85017
96414
8346
27510
22729
56315
25357
67200
13080
23023
56604
52369
77156
33886
8554
33229
21255
99420
68466
30548
61443
19422
98128
60603
17952
54674
66642
74318
65908
72405
64371
50925
85171
89069
78436
7900
45385
20145
91452
74817
43168
48056
27186
36676
98294
35740
86257
19550
51513
54723
66450
29308
74145
64578
6263
8450
35604
72905
82768
1513
61662
63492
68790
46833
52561
63578
71085
14298
83723
62538
89116
43243
26946
32654
79919
25241
68395
66176
61143
36260
37251
43945
65568
27749
8523
88183
36199
60480
77440
35319
78345
39102
98811
47135
2287
67725
27066
89724
98375
10789
68614
87491
54033
95561
36498
50304
37154
21245
32833
98297
57505
86436
42242
39425
14185
67117
27608
50384
27597
5048
85704
22294
60502
867
69430
79141
68592
12848
68865
66968
23637
37480
70811
94022
49393
7309
60679
86547
28554
93512
84844
2411
79948
27086
41836
10486
10555
69444
77222
38153
90844
79278
60447
51346
80146
46229
30487
65090
59077
15705
48410
99067
53185
19222
9441
2578
42883
70120
5477
71438
79984
90321
73849
76285
33759
32038
86771
44314
1482
63993
98819
8679
43272
75619
60025
39770
38200
6865
4860
13630
22570
53271
29049
92107
88845
38490
11037
31728
8611
16514
19518
88595
23187
93368
81232
73298
41758
68003
33964
59592
48349
49136
68271
91621
41107
44649
47743
95659
51514
52603
9289
90436
22226
38338
98895
11071
76829
26284
42800
1792
59150
78670
6739
82337
72038
87972
71987
30148
55975
5951
89741
20676
71439
58012
28649
12546
2661
76392
8206
70527
45348
33847
77315
67574
88538
76210
94998
81719
2494
54150
83511
61644
32820
6602
60333
21211
94574
48672
51359
66902
70976
41100
87578
42415
99113
16228
71314
18126
8972
95872
88654
54320
46071
82321
21895
34609
58532
33245
16328
77378
87395
16191
55375
20215
22794
32060
57778
33720
80733
9138
16974
51709
50238
4553
10476
65703
37133
98142
83830
46105
94014
88836
426
40086
71157
38673
91047
46041
71918
7376
39772
75665
39919
95147
12232
79065
27207
70011
12786
24292
79149
46112
92353
45739
67017
19182
11443
4150
17324
11625
66608
11339
16813
83386
67777
87970
22059
58824
50364
10329
82552
90136
85994
38824
85283
98226
17889
28842
68237
47027
69487
63738
93140
78192
9478
60157
97374
37273
80660
14699
48898
47268
42390
65711
30654
26519
70033
69065
85343
36749
79394
84248
26885
81740
23072
28520
96318
40961
73715
80908
4341
59554
60998
97481
37746
70476
73990
35121
7749
54650
66172
72999
1918
8562
55062
48924
35081
41448
17989
36776
78197
13735
21024
5083
11827
60448
49955
24498
1410
40022
21758
5751
99576
82756
19584
37323
53233
9926
72444
77334
64577
38616
50334
82847
63530
5396
48124
14963
63196
66113
51739
41394
96201
89116
62829
24380
49564
12784
48878
67326
52807
70636
73077
52383
69745
9013
89706
22978
18940
78502
16664
99869
33470
83350
82716
13352
5099
30840
28315
68295
13306
80055
9689
25859
85523
72518
50239
35087
1655
15470
2414
54462
2458
91843
23197
72203
857
29256
11533
36149
24110
44550
36018
73933
27900
35086
87285
32999
82279
15601
1295
95585
12008
10984
37796
97531
99855
88035
32618
1510
19857
35032
72324
38668
43228
11873
27223
60437
57481
38757
96586
81592
83307
48956
55525
27559
84042
59162
60559
66321
74763
78206
78258
86771
5542
16054
84302
5397
20442
33273
23259
40299
84657
11935
95319
27885
40161
22543
88322
97642
61300
1260
95586
60959
50216
67463
4870
50611
26626
81781
16932
17741
59987
11543
4513
65530
27597
5167
87279
48039
38440
26891
4691
39450
55178
10
67335
95339
22553
72010
9334
205
73270
4920
77516
23487
88736
98739
74098
15362
80520
7382
33103
40508
18925
53968
22390
46523
59136
9669
10914
13928
52912
31957
53378
8091
48320
37066
3430
87225
9076
12764
87431
82346
34037
81299
22185
22773
80038
12635
54487
60559
20018
87590
17419
38943
57911
39809
1818
33399
49478
29085
47327
18743
61042
17058
26834
25714
70476
30264
12940
95904
59381
371
94602
93418
98022
16788
32543
94413
29423
87030
54972
65793
74620
88743
21089
48883
28552
39259
82282
94382
68344
45962
13125
45739
79372
39959
71453
49848
86576
84393
45752
45957
1116
56706
55727
15491
73494
88270
9904
19270
75300
81228
1415
66272
69971
22504
15156
14875
61764
97438
9257
46460
59752
22383
8551
39124
62342
96357
5324
65270
97102
67428
11227
14571
24135
66954
30062
13981
71576
56318
33251
46876
53898
34667
13149
23869
73523
44657
38744
51639
58447
64353
14452
18200
86736
23003
73676
65431
35712
79001
30701
32815
62781
58281
47386
86916
25235
93800
898
13164
50118
50501
60040
4016
85168
89541
44237
75044
34198
99333
26683
8998
63686
41135
27198
66775
80491
17226
32206
16203
96227
79259
49018
59009
37540
12756
62277
62776
6556
79527
75940
73026
30029
52332
93394
31549
41874
53983
6593
92424
69668
49629
1422
49707
90764
44972
16482
71255
62199
65040
3811
74778
44299
52829
50139
81840
81938
12417
60968
4846
91944
53260
94225
21973
5592
87619
69875
63818
57955
76468
72595
43975
26097
90369
93682
33214
35342
10164
4469
97541
91556
24632
88671
35856
77462
38811
17696
75752
51228
95016
80598
59524
48276
74823
97850
70220
78795
67725
34039
53102
60545
22986
97077
86643
13355
90760
19857
48697
17276
40678
62590
8833
65311
51262
44689
59125
6425
78737
34877
57653
90105
31827
33529
38381
23003
31379
8601
1798
15456
58992
54900
76002
81978
51977
62645
11686
59089
98854
60383
76366
55884
39326
1551
37547
6940
62592
13024
13365
57681
64253
87370
47786
96081
20899
86167
19084
68631
11120
37234
84087
70113
8486
60089
68443
76815
39086
80129
35905
54292
56865
28623
26529
96191
46526
80428
19483
9118
93453
32848
66799
57706
20218
14585
70139
57469
17104
5575
26100
44576
42809
26540
31041
51295
2981
99485
44463
58420
95966
80368
29064
69183
25343
55593
81726
71869
36022
1209
80987
45827
34057
64138
19885
70627
95075
90025
44449
12179
95600
86901
73107
54762
13441
4149
22409
32775
3634
66872
7547
15952
63592
36611
85136
88935
8557
66862
60804
60931
68072
58143
6758
18481
38633
26643
5461
33708
33020
66262
62239
44973
53163
35347
99735
82957
39496
38496
32084
59482
5369
39631
75434
68961
76242
76922
74249
1151
43785
51405
62082
28209
9549
85192
63042
48182
28188
84855
98243
77560
51117
60482
22533
4281
12181
38620
3590
51677
77117
35674
27511
98838
75305
2946
84151
67899
79868
58400
69051
40005
26158
47485
84566
35707
32678
47609
241
77218
48816
14836
54778
99934
91671
77312
20567
3852
32284
40509
71882
25753
76183
99393
24591
67840
18691
25095
35739
98560
83495
21142
54917
9653
68628
39484
61712
17658
3445
78306
94876
68613
93142
66006
84899
1165
59670
21818
5018
91955
62327
76900
17708
54862
92645
58652
22702
11337
83747
74794
26249
83594
95936
81166
9600
80916
37002
71312
14926
56799
65970
26154
25413
75465
92161
10312
76630
51831
32131
98000
60138
94458
91252
94199
49321
83898
69203
88375
95235
52950
63169
21484
52896
75458
19002
62496
72726
56005
50161
87653
12804
16131
30159
38217
7948
22320
64882
931
90504
97013
98931
66994
7823
90184
77545
73496
90434
46748
61872
85669
99698
41393
23505
68947
33203
42507
31443
22282
14864
81604
9935
27669
14088
56446
82238
22036
95119
47120
39319
85623
60485
38251
68969
68309
44787
46515
41805
35221
93263
20029
37242
9314
77775
77099
78261
10978
35958
26056
33260
50823
7661
59547
94844
38101
32346
93434
60137
27465
56907
99457
29440
17392
54060
98409
2053
15199
61276
60211
50420
54540
80240
4014
80206
74367
97465
74819
85346
33423
875
34958
598
24888
10858
95442
62989
43204
5229
39479
70669
62136
55288
109
79528
9348
14870
97934
24547
76147
58145
91319
47039
38385
11685
43597
12753
9150
18416
14451
42573
35643
65761
43172
60532
92971
54966
39873
36175
60195
79352
23196
38683
34640
39657
18212
43988
54528
16146
84887
30675
90643
76206
94066
29028
87891
37663
58133
97041
72431
88936
55967
8074
71050
15491
84958
64021
70457
24832
197
47005
4184
39745
85688
38825
79403
20252
99165
33931
52750
405
80958
43393
76611
75024
88774
80855
12687
63259
94248
85118
68548
66567
9544
39598
82058
94503
3619
52516
19335
20168
15873
39871
59914
1561
95048
39317
38166
10566
89600
90916
10971
70558
50662
3934
61934
39436
84789
74621
19047
95390
76091
87595
61957
1987
27193
44016
96490
47165
12884
32177
83685
28757
72049
43599
46670
83449
99268
1188
94015
88868
8457
4986
75778
59119
8921
37712
14907
10062
28685
33954
5452
4776
37902
83762
23116
65095
27778
19606
28612
57014
68136
12298
2123
40185
72249
65145
23634
71518
66334
34002
76738
74791
38988
52517
33910
47909
90229
65169
74324
18915
99123
79776
40043
37025
63538
63159
18473
7668
99118
63437
64682
67254
75735
83157
23791
64337
48303
63777
35855
14637
97779
28945
89428
36768
81462
39690
1029
88044
4859
75353
6959
20334
71482
63354
73712
35020
42866
92185
59041
58336
55622
40075
25590
47710
23233
65733
28399
71536
29510
64254
2525
43642
9551
8305
80410
91014
47995
97791
95410
69206
73145
18721
89540
44627
82075
63252
95999
41293
71789
71392
99629
43764
11468
41571
7826
51053
7304
36225
22589
36815
16831
25114
80457
26382
33419
77219
33748
97766
91362
29158
83324
64507
47879
89216
25486
46307
52469
37838
87600
40610
25582
87230
84374
37050
28801
8552
4455
52458
44777
27044
89273
61608
68510
86082
87991
18281
79653
38091
32399
71015
67250
15723
51875
15129
4940
93713
77788
73761
31551
65389
30723
73486
68971
15098
26888
14124
23650
31344
66582
84780
74740
72207
46388
59603
58289
50731
77884
54294
88823
26636
41662
72425
42359
93537
3906
63651
3602
81695
37412
51506
47084
68136
24992
32407
99586
51880
46531
39588
83224
13114
40720
74317
85321
87109
33920
59963
54192
28156
30609
43015
54792
72271
31792
13504
82160
35699
77155
85763
17394
30920
37269
80830
15408
62261
13237
31346
14141
76120
87286
13718
89234
28007
88035
90908
31468
21955
50871
85660
50111
81480
45028
21256
70104
76820
34760
52264
12519
28267
38027
46265
59187
75296
43447
90947
53909
73036
22293
84403
49157
25932
98121
54743
53939
2508
45651
85407
40815
96522
71067
7278
94355
16095
28534
64459
9268
79646
16723
38139
7914
71103
84405
83453
62751
27852
90753
33013
17241
13046
17416
66398
38978
31889
21141
9269
34397
66793
94676
75212
79667
82096
98842
90374
98191
27377
54833
23811
23375
87909
61951
31289
75364
46356
31095
38115
90560
21848
71128
7801
51246
4896
90551
6577
36785
11693
15846
71182
94838
26875
62746
90857
8971
77941
81232
23514
5318
52417
47326
28693
40326
9277
76335
15690
71985
7430
70158
78897
45630
57638
3051
96876
62535
93602
3453
99320
21647
35652
86855
32837
62527
65953
23695
71498
43894
21279
11364
65564
73696
58690
10610
30375
84319
86945
62417
72656
10727
32575
51554
56357
6566
54605
69585
69101
64559
89391
84773
86207
25043
71628
19044
3922
53934
59091
91772
14180
80370
3136
79745
70419
78179
90355
794
62498
93652
63211
35155
4379
12139
3061
77088
18705
74018
46673
4158
38577
36064
88931
24784
77459
76912
60181
81381
30846
35624
73153
45026
32347
92642
24771
2766
70821
31478
3560
49671
25130
83123
1178
45861
95262
4239
22949
30319
78257
85975
34477
16835
22039
23409
57971
15851
16673
34504
97232
47519
86481
86738
8897
18828
79380
50021
21594
50201
81499
41506
16224
22982
24629
17403
85195
36244
21642
8145
82915
16252
10472
17393
49439
48863
57154
7410
64714
73827
58267
61947
37698
44748
65037
46595
79928
44417
96616
1522
10970
94468
59380
27194
33802
361
44597
18997
52957
82592
43494
35873
98844
53966
69618
48283
19182
26772
72045
83896
16951
46664
62195
71001
91412
27232
17596
71340
71649
30565
89214
82619
41385
48594
26166
75187
65308
70763
10536
18265
69707
70383
54138
68551
24349
23756
33186
43531
66880
5232
43780
83831
68248
5975
54832
59661
33208
88781
47353
21209
35698
52920
3829
77083
17866
46347
68622
83174
33462
95510
1440
3170
65893
71930
88073
6595
95687
21260
66478
62567
42844
10258
62751
11092
16234
17583
87105
65794
22716
50811
87003
58414
3731
7184
51849
37949
53531
36823
21124
86994
32334
38916
6516
14579
10846
94589
21174
22885
15849
4005
85453
75045
14263
48204
86138
46849
82139
89595
12643
21208
40406
15999
95974
60489
23183
47824
98439
93067
999
35915
96413
49685
74831
2929
64265
2029
97518
1791
24915
29720
5796
10368
4765
20060
74924
7255
83261
73415
13203
12257
10975
53609
28256
6950
30451
67791
71126
28890
60858
72125
64805
57271
38163
55988
60200
2428
58017
74071
20571
99284
20143
26368
26004
41260
62780
17280
48516
46041
7048
78071
74650
18023
31680
2906
41325
62131
87050
12451
7373
47908
929
88530
5180
39092
44518
81732
57872
18888
72155
78443
18172
92298
21163
60529
33559
83943
77809
82075
46337
84857
60146
20987
2881
8178
40246
44206
86662
27296
73010
10387
91556
73939
98918
13088
29383
59788
94821
87255
95028
66976
82050
29553
75627
3214
90082
9186
3509
67891
91261
49846
52749
67759
87186
71982
92289
43784
16188
95303
87432
89198
5691
95340
79489
4609
8429
8872
80749
19602
12479
75778
2930
10882
5331
78557
14096
11765
87743
33957
79656
95356
156
48757
79467
87342
20739
71757
47478
53280
83412
51262
42478
89103
46602
38320
10064
71383
63544
90814
90985
92376
66592
10268
3258
88275
88825
33706
16392
92921
67663
96048
88277
67819
61158
67745
71513
81897
55854
35343
35177
39266
86605
94008
44722
49560
48680
54786
20943
12224
45600
28281
4600
28544
38549
24210
33171
27374
74268
49563
20295
41932
61964
24925
26103
23122
9022
97617
5019
81228
49312
56549
36846
35918
50557
81568
1830
99237
36355
22773
27813
98307
51054
48766
26852
89603
72976
76375
33330
47245
25939
69977
5529
87903
11254
31632
27377
20276
45601
32396
17856
94914
5297
54703
47184
55854
36271
49014
71443
88978
88139
99257
87286
55546
64375
30490
45149
53703
6865
94831
17300
49156
81161
22829
53411
92415
70814
80788
29044
32767
29537
46900
44033
34834
17955
7569
7041
54227
72935
78484
59557
61075
94093
63195
16621
58468
93685
78122
12172
16903
89306
45824
82411
70467
68654
35823
79234
55820
32963
8278
4939
78852
71531
48973
13687
89486
56542
37080
60065
29478
15564
19623
6905
26010
82818
23526
830
92856
1648
29354
26111
7306
75179
8522
77773
60185
60697
57008
16005
93661
81638
20944
72513
53169
86269
2552
42656
59164
39632
2721
4994
71549
38696
11899
97559
21515
35425
14741
30723
53425
44096
56834
60732
19275
81708
54857
79460
42406
28217
11817
36067
9856
49113
24932
63025
35383
43837
22033
94547
83469
24755
15893
71370
79803
27792
85281
17670
79569
23
48393
49346
44119
21579
26430
63394
3288
81288
59206
45694
9505
71023
98113
19361
20136
39397
98739
71871
83234
20772
82770
83056
61879
98663
54426
41683
26455
39708
59353
22376
39731
7747
71723
202
45678
98153
79948
48966
95793
39154
11012
21651
26529
9125
57364
46665
48523
56103
34889
48109
93228
17659
31165
55107
32675
1944
96790
59130
58004
72496
97859
14087
96595
69582
14289
42273
84087
94237
91240
96233
33391
2252
17884
76272
27730
91600
39289
92605
47704
74178
57066
57284
8190
4584
12391
40865
6528
25534
16347
64532
98030
14206
94971
94625
83788
9260
36898
84228
3497
44490
80461
53240
63095
14697
29512
90825
6297
68801
99782
70353
59332
56848
27637
67522
61432
56381
8387
67960
81915
24734
48844
96297
38941
43815
7274
39081
69427
44172
23309
89276
5015
20122
58868
68110
34819
88380
75287
57469
73534
75069
27822
32866
48269
55460
16740
9702
28193
25127
94014
10108
66213
59211
22757
21506
19378
30031
60588
88806
90555
249
78082
11922
20372
53303
80032
71543
41683
71671
29012
31569
63092
56835
80787
11362
28647
97527
21064
56840
39006
31430
83300
5220
90641
22409
26726
10020
52440
3666
15178
59347
3916
9612
71270
40640
62915
67654
12183
20951
39326
57548
52520
2418
30735
33308
30132
59382
47187
51196
32574
86194
98979
32226
7766
89620
70987
50844
99640
39779
54511
31170
99126
74779
40783
86748
31771
3698
54403
60306
24649
93729
17854
77170
12499
48589
26830
42632
24323
90369
10180
73249
92915
9159
21827
681
15132
92814
67878
31124
32593
22389
62295
48072
13520
3078
34820
45291
23128
89223
5597
47778
99304
39804
41300
28156
4745
84482
87140
29069
74851
13672
18670
67767
39184
56850
84800
54316
49664
52678
85440
98610
91419
64087
46682
21291
83517
97854
82934
6646
87078
88532
54424
2734
44688
12076
30890
49433
96558
34382
94854
87761
48055
13525
71880
87239
70375
73033
57907
36391
42063
59699
51353
49835
23787
98035
71126
7304
12242
54061
30302
15672
58945
1078
18406
3633
13154
65649
53066
26064
31
47921
30178
64438
77798
2058
68029
64525
91443
42288
916
33507
1988
52270
99694
42127
66657
70820
65783
78899
41233
96086
94571
178
97164
29330
20163
26671
11331
89582
52735
27714
37503
99265
92153
31653
17676
76534
96178
9119
18823
13446
58978
37163
82068
58672
79290
48726
45845
61425
43977
87078
57511
54901
3609
71028
583
23772
14051
11914
13354
83138
39628
67209
82404
48133
15214
80
24668
11392
25551
59843
41191
84530
97006
23259
59554
76296
71985
5399
37721
32315
92478
11585
87216
96087
98965
87799
36211
13016
16065
65918
12506
55693
49479
94910
20179
64694
11342
44847
92438
36894
21042
33629
37776
18048
56889
97330
94344
45226
2730
48417
77541
95208
76354
81109
7647
91671
85260
60210
21039
1325
26128
33546
57019
91960
44808
93550
56654
56151
54749
49092
93045
75791
99074
30821
93839
55963
28151
4535
17541
47233
69304
11435
42441
62011
92544
66440
53682
77805
26651
74722
79130
69131
24620
52501
61091
69428
46051
34097
41931
17152
99542
51328
92943
98616
82149
86782
70931
26653
7669
88472
73886
76974
99907
32680
55337
8804
15472
9019
86609
58475
93
82091
43959
24713
34593
5050
10494
96996
55500
52425
14149
55042
3754
23444
53658
2255
26579
40941
45260
34248
29413
35499
27574
45673
84531
82911
54477
3
91931
57438
58479
8376
39529
2438
49442
90474
23840
76288
3823
95692
28713
34324
50734
48819
57768
20744
67427
84347
61685
12687
34948
7451
64538
62522
69476
49069
45434
23953
49073
53717
97743
23904
78445
53624
42694
27887
60451
82886
4175
64274
78579
49241
14950
45665
14412
72718
66410
81839
73418
28095
10879
8366
51898
75417
70888
21374
24487
32674
61679
89912
2743
59422
30168
97541
13047
72862
25428
73498
55748
45956
54124
50679
11549
69074
96345
25961
58144
62755
24153
31562
7202
51384
39928
75453
26801
27169
96827
67640
76195
58507
73904
95291
34281
4072
92832
63680
76934
34612
53530
49035
96920
7654
99714
8469
93080
96059
50783
51225
75166
91288
99139
98721
42672
55420
74174
69473
82589
71001
53466
75136
45860
27370
70427
80142
47795
79611
43822
41081
14224
97353
90116
27496
21359
6183
35966
14440
18594
3101
82017
93761
94389
81156
8834
37061
36576
83008
22886
35517
70361
76352
10654
16222
20075
97433
96364
67870
93397
56538
8951
23973
70243
15420
51469
91603
21603
3787
22395
40197
6888
4412
50310
17629
85568
59144
54690
38497
58504
93929
74014
28866
70281
1020
45088
6708
14806
57804
74578
8203
14342
99882
32176
938
15302
99997
92541
36905
3785
14936
93454
27025
35700
60117
44655
37620
35613
15697
76117
94118
9626
66484
22984
96260
83856
68072
2968
98662
42228
93899
23217
72922
93781
71745
73860
25435
71743
82753
78692
91880
97689
72146
18905
49741
48615
79912
87362
84229
11962
63479
78347
37940
29963
1331
50552
13820
85755
69873
28834
44335
80124
68404
17257
90257
40149
7470
15692
28244
90223
94384
20124
4265
82882
55382
54006
31498
51646
41368
32079
79960
4848
10426
17901
51163
28109
84805
81335
30216
54678
26522
74551
34802
94926
91808
41411
35075
99278
57103
63320
89502
67839
99796
93767
67074
55178
64125
14924
23177
5494
47003
3137
10342
73781
37390
77857
1890
22196
59193
32106
93226
85715
6657
44381
80641
14817
85792
32068
30448
42896
11740
36302
27087
11537
46421
94161
83067
10546
25437
6244
16040
72440
9382
42734
46221
46772
20592
64463
68968
79785
96569
78547
81852
19578
22928
78845
50748
8720
10913
81196
67968
39006
17498
11408
50543
63919
5569
33610
74465
47359
56207
6858
19799
65589
49592
82373
28713
70184
46836
14034
66321
59758
92581
48173
95688
15509
43370
46436
40581
70636
27632
8550
9642
45130
19958
60185
25401
41879
10147
16219
89238
66354
23077
25390
48295
89021
7763
77009
59206
70951
91043
25527
47061
99976
90053
42750
15485
33423
89186
72418
4059
16819
80968
13701
78301
17278
90238
20055
75510
386
52626
81100
83092
75703
6490
31388
64724
30605
8397
40282
17909
15792
82162
64970
15768
72215
7720
31253
21990
96907
20023
42402
30078
992
56103
24731
34622
62694
44786
26484
63080
97412
7585
46172
89467
14075
77560
70544
61033
2309
27178
78942
18101
9340
43912
33869
81555
51633
81474
19898
64892
1498
62300
94970
18842
34755
19701
69816
97449
80840
96301
76881
94604
3886
39406
84072
34313
33318
70968
95346
35628
98146
90640
70081
7487
34553
20303
5394
2538
1777
25292
67430
19627
3944
78752
54821
38700
14805
40990
36149
95645
53643
29383
90250
73881
68789
90674
8194
2107
61642
19893
54087
59788
10533
24169
67275
61438
44472
89022
63976
62601
30666
31406
98581
34611
26510
53402
73311
41316
10744
25812
36961
64387
55195
43563
38268
40336
34237
62815
42444
12231
82708
96531
72020
9593
20700
55647
71032
81524
61021
51360
44126
91688
99119
42707
26299
25629
12461
15962
66945
23206
41774
20259
3945
13322
80174
42214
53658
14412
5029
12454
42995
4089
25338
15015
13682
46038
87015
1066
43915
48036
52427
88041
39724
67898
47100
66023
93527
75913
81985
76825
15471
40112
13436
19417
69786
93610
61631
23444
24374
83012
52251
67370
87101
77589
98737
17135
39979
85752
34554
83894
33789
3333
88287
89865
71231
35387
72241
64758
11301
70578
41583
26772
10690
55019
62541
80476
64982
40524
20273
89356
23536
72524
56726
26989
66465
71816
60477
6444
57568
95031
90339
7709
98364
78626
97575
69595
30366
86168
50705
58019
56746
8641
1143
67437
63660
63685
64265
44994
4209
890
34351
44098
89766
7429
71087
56231
79245
31564
62676
53166
42947
69367
60875
41311
64345
74802
27258
94711
60970
77964
69082
34069
86605
70226
17858
66617
50263
82123
11612
54472
83014
62315
14922
89132
86096
2362
45364
81694
50278
24392
34860
93226
93759
12087
50889
74456
3242
78148
85520
80564
72464
54602
14633
75421
41180
32491
58390
91443
30967
70002
62268
13981
48669
77190
19465
34766
79552
64829
16460
29831
89221
67672
39409
99332
79759
90298
73789
83001
84798
59309
63566
73614
13911
78199
49035
55092
27043
7426
62887
58010
93780
25155
88343
58802
2346
7808
9920
98250
72638
42732
44433
78211
10404
83842
77544
90163
90493
51333
89517
75291
10642
53083
65258
40905
47634
30645
12349
74677
38071
75237
32687
48204
392
21030
7006
19090
28839
33278
17341
17829
76010
61774
96040
86414
45617
73584
92929
52462
24917
82446
44105
51911
35529
9363
9169
99516
40009
37870
74193
94432
13107
23233
42636
29852
44263
65994
48942
89454
99272
82635
7283
75282
44410
19676
78048
6379
93260
70978
58841
34530
53424
19298
2793
5306
28662
11962
21174
68671
66185
95367
79455
79292
34952
22092
25496
95568
4438
90791
85022
20063
73426
8658
95345
34188
28334
89746
56919
37946
60724
32112
72476
30500
51411
91622
52158
80073
3584
73332
65096
86121
85052
44551
65414
20004
82995
7262
15572
87434
98053
16947
7497
87832
25605
19194
22020
70291
25292
78940
8237
86016
27404
97066
32869
78815
88688
85027
75240
8624
74712
40336
94746
59764
1240
76512
96120
84235
83774
11693
88021
98180
44992
11870
86012
70597
47417
24384
57240
72709
19676
81829
75078
47081
78895
24299
25896
67583
9326
1137
92560
84038
57825
87306
60154
59065
80170
56275
59653
63944
84320
64026
78476
29312
75897
64488
16261
39666
5225
73501
28727
24901
55330
3805
71982
50578
28104
97879
34513
53783
15368
27073
54173
73193
14379
30680
48611
94549
86955
8264
74846
87627
88642
69674
16939
64539
34163
33200
20557
39388
23053
49285
64289
94735
69442
52624
45313
13899
50503
79827
67682
82223
23252
38207
55416
53984
68887
20379
48533
72194
28643
39731
59821
17286
9406
93112
98177
59921
26312
35087
15661
65717
84372
96302
60453
70166
48926
22118
84065
15781
18297
68099
98004
41550
6307
69773
95534
91546
90152
60419
63741
35148
16503
23562
68786
42261
16675
83315
2182
59339
18402
34195
41409
19126
30497
18214
89293
95776
40332
73358
11557
74982
41458
25914
16532
64117
12039
28418
55663
2191
88837
19404
53691
21692
59319
38829
63953
92346
22145
82487
68037
56899
16682
9446
76026
63532
44012
65319
59308
84345
55029
87217
75679
12839
29483
8563
76956
41522
36981
48972
60066
42170
84728
13757
63863
44047
52587
44168
52745
91084
26656
20783
47983
43338
46581
24009
23222
90594
5680
98882
91291
60710
86100
66970
73549
31935
91885
66858
73458
28866
15830
49876
71036
558
79985
51251
60958
48924
95420
13703
40008
38428
50838
4344
81766
13772
44705
21341
20718
50386
20223
28361
27448
6323
11683
997
54611
3568
84207
44421
32434
37
94297
19822
16948
90634
87426
77906
39559
82846
7961
95919
37626
75152
263
19392
5276
44969
57085
25994
11707
77309
54355
39155
99984
66038
56504
54595
69606
40712
99016
18392
57101
9665
54566
90401
300
41992
68307
56211
41190
92621
52130
78816
84125
68746
14561
89401
30067
71646
15395
41774
48955
86102
97281
48940
68492
53785
19887
38098
10849
35256
72842
84303
44921
27408
74704
61573
69401
43012
17784
26943
51985
69915
5760
36110
55013
20321
25511
85080
91967
57258
26854
57275
43360
24135
22567
11852
94272
42454
66302
5122
77710
55496
89425
38984
82904
64129
557
68657
23493
34694
95601
75478
4609
17713
27940
75974
38034
69803
61054
46353
27061
87908
19980
86773
28395
42547
14977
22667
1354
97631
44141
79064
53127
49918
34400
52384
14048
34958
37393
53893
69652
32994
45724
90613
67059
73664
66587
5093
43468
43993
67799
86881
48253
87779
73655
76648
46679
88632
15667
48033
2616
76161
43449
55743
26079
77850
8127
56479
29160
45521
10373
15164
94867
56097
22129
61927
46113
5068
83372
5933
49061
67523
92815
97314
71655
82822
90314
18334
87806
5981
82719
90422
98494
26168
46166
24574
20370
70645
81053
49530
32518
91426
81046
43738
63875
3175
22017
26341
8243
5389
32274
57304
89265
25089
54618
60920
24263
61284
79254
12070
83618
78325
2492
82112
4493
48658
6686
24864
35656
4092
90746
68174
11870
71793
11912
92098
74968
50281
18439
99564
72023
50713
56868
61288
92155
27839
22208
16418
5475
17814
28488
89093
96139
30981
71206
16984
95991
94244
58200
31647
14688
65299
16174
26559
37092
44438
18657
28412
94720
53448
27976
66743
4161
1197
44383
12668
45388
66591
45439
50863
757
73927
39957
13248
21260
27515
46584
33604
38111
4785
65251
52800
70084
81425
79359
23528
42216
14368
51940
36936
67816
96269
20031
88329
13818
64414
998
59206
47357
62789
26421
64466
36716
66378
77714
74329
10245
40650
7933
48357
45435
89536
17509
31871
87314
96868
55399
29530
27588
23692
66466
11756
36313
2849
85
66483
67263
17435
25689
14620
80224
68462
79086
33293
51193
73152
23974
61438
13802
48259
26147
75590
37795
43656
23813
25109
56876
95565
70991
84464
35609
53809
12572
71922
56658
29010
38405
23921
46445
80446
54893
43022
65260
50331
92667
16453
23483
32993
77892
53638
81252
20391
45580
19047
64048
69393
60509
37276
64958
31500
38093
567
1662
50665
88841
58320
79675
43598
98594
42473
40396
53487
85495
5657
3819
94514
22110
43654
27507
16354
13644
25111
36746
59224
60510
17146
44970
21019
54422
26280
68872
92515
26848
70534
43181
32041
28854
39208
75640
27448
81681
16036
97288
83528
21693
17459
78042
60156
77465
21901
76510
91110
47012
29608
66686
7523
46754
28008
44894
1177
54289
30118
10044
97489
652
53225
29530
45859
92434
5170
89659
74115
37559
86947
73996
75604
20758
52038
35760
98224
90292
28623
89334
53656
58231
72372
77531
4986
381
22426
22515
54670
52544
32559
68511
69549
85785
98041
15408
94571
19564
21419
85038
57123
24719
59034
49079
45477
27425
1192
43701
34069
29815
49387
87725
88046
21760
65257
9384
38493
4035
31899
9515
72931
64459
78026
42480
66596
76067
74240
61167
95631
95660
62557
69106
36731
37944
18186
82208
81721
19378
25910
15790
65545
91649
19867
53591
13409
1476
79328
68254
5511
11227
77769
94795
75686
55795
37275
58634
48215
27868
36153
43846
39880
98711
29305
76611
36655
63843
75171
34728
99573
1081
50518
65118
9083
70385
35061
22492
71862
30741
7099
93725
41969
84868
88520
34007
57016
42148
92642
5231
70016
28795
65429
26248
43858
94734
19211
96865
74929
94382
31593
74502
11816
98463
55972
20899
68849
7386
59743
57063
38127
66842
67140
96448
51711
55661
30456
25079
14161
39450
30310
529
84597
95739
26777
28456
6826
45988
41673
98107
40370
73267
72610
52186
71730
44934
89437
56931
68672
49181
13994
23152
16023
97487
19600
84086
53148
50056
9165
83661
89506
55827
84190
90456
51567
27319
18912
74745
73307
60585
72852
30029
50204
61814
98568
21935
23101
4357
95218
91773
53538
25565
14925
85914
23052
34526
86352
92552
934
95518
76213
6793
67697
76755
97249
35616
4074
32513
10361
93733
93098
99566
40114
59655
77732
55034
97942
833
59392
93160
8959
12930
18725
40236
98844
58129
74762
85197
50681
92049
97067
43246
15194
64764
20001
12443
381
40427
61308
27094
50512
54406
26660
90627
30413
4393
45661
28355
21578
5053
21516
30537
34336
56593
70774
49532
31075
61888
51081
98108
70289
48148
41355
85483
29265
77708
14278
45998
34488
75586
89444
85000
46345
16105
75627
76758
36850
37641
5114
74780
59046
42982
5318
93382
15927
92444
42915
47002
54332
10348
61463
40974
58497
19170
26457
4114
96878
40736
66464
47718
32674
55908
32719
79019
88365
24698
55778
41567
78691
77244
16348
37738
36578
38018
47472
52505
30462
6739
15860
1146
17088
93675
42120
91937
12845
68578
96051
9723
25666
78867
73794
58340
34775
6513
37360
23141
47563
9490
81060
26255
86734
97408
80345
39664
35426
27817
8521
65888
50909
24381
67035
67997
18056
25507
59934
47253
94085
72337
56977
19751
67556
47123
94444
2331
69988
31804
41824
17551
57646
22885
60158
60732
36645
56855
396
72072
1025
8917
54312
51934
49651
37699
36283
84059
63207
12569
31313
73644
84906
4642
9748
52462
51765
4192
71145
21753
52348
12970
55656
9994
52207
15815
70726
88852
89022
71122
77276
90047
96391
31589
58333
46042
85640
94616
30102
48847
7185
77767
22492
8443
82409
48592
60905
34174
52784
48403
72279
5132
77725
27935
31478
29932
60102
18556
35136
49125
6030
12413
55524
2421
60354
13858
48464
45994
8474
94918
11194
32012
72685
50038
40455
71446
98630
17713
5620
51414
66116
94251
72898
60193
22186
20728
90125
82289
39284
41613
47766
45314
70378
19642
47735
30732
33500
12551
93079
58327
23821
4273
90339
12858
70663
47146
84304
69293
64859
6276
37059
47327
527
26309
7520
39066
47037
13997
37707
86321
55611
85473
31635
42341
5115
95722
73074
54968
8274
82505
13295
48447
3130
19986
61306
73793
67132
45610
43086
48344
68239
96497
95671
68766
22806
19544
7832
69843
33541
45539
56164
5504
47364
4151
47846
52480
99873
37272
23800
24499
19777
37095
72947
22907
73433
50605
13052
56917
12567
72490
5261
80806
68987
17285
49573
8145
36829
73757
77988
86722
19297
50504
8579
83013
71007
56425
51845
87232
10049
75645
11732
46178
29092
1031
85437
2525
67988
98489
59443
80555
70979
81056
61362
39966
98341
27287
48111
51522
17396
42451
38245
36693
9307
46824
36059
80314
19601
87904
67546
29650
63550
95630
92180
8994
13013
77617
11520
81001
76106
87315
61557
47085
84723
39271
3403
83065
66558
67866
34587
83954
10317
89184
37000
35976
36008
89411
16290
71961
77315
188
17963
57217
95819
10143
66212
8832
87760
94084
89834
63866
97751
67743
27303
82474
7014
30706
81891
89924
14924
32831
90230
41593
22015
43582
77569
74376
32993
10211
62689
26661
10400
80653
83878
22571
90796
50090
47755
94909
60526
53941
75127
58277
21684
2431
40752
45050
49489
38995
51326
64414
71826
57909
6007
10194
17843
99929
922
67189
10140
63611
93850
20540
44264
94080
43111
51413
60523
7219
62674
21049
61160
37801
79327
82845
56584
36431
44247
6074
91778
95574
86840
63605
69835
9199
90151
87678
9128
91073
54867
19269
71036
65069
56161
31653
59150
15625
99418
36025
22844
62092
57074
84004
16245
36401
83201
72830
89184
27449
95256
80963
39375
98448
60920
25562
7647
67423
13240
33128
74848
84460
52397
45884
65881
24910
93889
41383
40535
93307
77408
79731
55399
34483
63736
71645
87236
63289
60827
92773
7090
56083
90088
46465
54531
51008
72027
78530
34783
1620
11658
9631
2432
80407
71867
84665
5318
65757
26049
45853
59064
3457
25585
30816
54292
5673
18813
57881
68962
79640
50654
76053
35723
40742
38870
6606
8102
27250
85136
42885
45222
96795
52516
47654
77202
24383
32319
82520
6492
74720
44726
65557
94530
86663
12725
48822
92336
31538
23055
77650
11178
73709
53703
63253
30803
92574
86211
38905
36176
71347
98142
81398
84494
50658
45404
78049
91394
77723
76921
14238
68796
21647
96147
63326
24662
8872
28500
16998
56762
51556
11001
84292
41617
64704
47545
72421
73630
33756
27678
9806
21456
25821
91204
5950
92831
52960
351
577
47036
77273
14816
15832
15272
10963
95510
39935
36188
24010
73285
92950
91918
84286
77243
33536
48991
41140
22309
38973
91249
49987
48780
12705
92160
56336
35007
84992
25649
35359
1921
72685
12632
16737
88517
27904
44053
84027
67839
96593
24389
41125
89543
16308
41763
83138
49844
90754
40631
88505
46080
31880
38492
11212
44585
47005
67548
95944
31997
93197
31303
50270
82234
43935
83360
70751
88192
27413
54778
72383
24006
79168
29860
29901
11828
71624
29392
78024
78730
70023
66529
24810
1903
21373
36022
62840
68378
19923
58784
16727
29472
6440
66998
11707
66727
50358
82458
54919
94123
53589
43655
34481
49109
73515
80734
60937
45139
10126
38961
23870
96501
21842
48680
14756
43215
84703
77596
11594
4626
52733
44673
50450
59173
11671
62157
25900
78381
44616
97172
72504
14557
40827
6985
63666
14342
87720
40955
75834
14198
96268
16056
10700
18110
64736
25456
61325
65791
19405
89271
86769
72138
33945
37220
47663
61968
15729
89915
40350
60345
87087
29206
91254
44266
36192
71272
74961
40264
12227
67147
70814
24847
83203
97866
59309
64291
23323
36987
30083
59080
26258
33204
47570
76555
86776
95233
38524
2506
1500
78874
79203
4940
8080
70458
49206
60624
41730
40519
17240
70310
7666
4407
11509
90869
2273
70819
55161
41948
7806
1596
1028
34064
51152
48598
26972
37929
60183
65496
40435
61684
60722
19638
66624
85154
90096
32182
62131
48179
72702
95723
34841
80368
130
46350
87590
2404
17169
59103
44352
41327
60699
45381
91744
11851
10331
18716
66132
86867
564
6567
48551
61286
26206
15175
62792
32654
63709
24923
97185
36411
36999
32026
33132
37129
94729
20722
39533
11898
96177
238
69578
73228
61971
61322
1431
72302
96390
67564
59169
96954
74131
24072
58240
16689
55599
37384
65696
19309
78660
62881
55720
15659
11260
5204
52788
5989
25926
8674
34239
38455
8912
3817
11683
70883
81491
13115
59537
77881
97031
35059
74835
71162
59131
49427
4204
14731
86812
86252
50392
65472
65485
6112
97483
76745
27669
50271
82734
69947
75297
33326
8403
84209
37143
20086
71444
34987
49553
30982
12868
46584
82393
87704
34099
41524
53483
54655
72607
40295
40907
22999
22119
6392
45464
35954
83138
73133
2578
82224
43080
77875
15550
67835
78437
69046
87922
49881
20385
37475
97215
33253
412
79608
37309
34511
21133
90793
89166
10092
47440
30073
49444
69560
52817
94908
21866
35955
84393
24444
34532
43825
2320
66434
11661
80757
51832
15935
30638
72217
69762
27854
5471
70174
23814
42780
21037
44947
49925
10203
71392
97366
56628
20836
66926
9446
32096
88792
61753
16489
29589
12637
76666
31909
79072
88327
29018
30904
4262
59656
19474
74025
3862
24945
60551
44029
84077
81589
5328
34003
91792
76720
31369
64773
97556
14647
90571
46004
19791
68676
78845
49380
81314
55512
97641
76738
43839
26659
7642
64454
2668
43468
54831
22882
68413
15382
66911
68843
96971
72240
19198
5116
48960
50567
86241
62869
81566
76812
8873
17709
45488
87719
83442
26802
59583
81083
3540
19774
7743
27535
84228
26763
71003
55411
49645
55769
70794
16557
24612
84117
88797
43810
5585
54109
10729
91826
33330
8647
68638
42204
26356
30479
46275
9798
73633
5858
7234
93526
25632
31329
21061
26213
58092
8416
81624
7737
80537
68770
40646
21501
69240
45795
65311
74825
16257
92392
83004
49587
17391
67994
8143
43748
98473
70770
69898
72107
76628
93484
65633
18613
24813
3046
61178
99257
27814
42802
23347
8352
27925
63993
29853
13517
26141
11517
4694
42398
3909
87698
8337
37653
55693
16481
97753
70518
87251
67651
42625
80232
77488
24610
15197
2301
27656
76375
17911
55471
35529
41258
63823
79806
21603
10028
93323
47744
21545
98018
6494
41807
85716
14832
79460
57761
31313
77213
28280
34916
44864
87257
15148
38704
11868
46697
41006
55876
23072
58917
27699
58602
16527
7874
54760
38130
17903
48084
85875
39448
62454
92369
81255
48170
23553
60715
22284
54866
37928
50564
6135
99145
54173
37635
37849
66041
84333
95207
38270
23757
70476
65969
98711
87003
73844
53472
25134
91747
1556
27361
47547
64010
36082
28803
28532
59636
89518
67168
30854
43799
17732
53341
42944
88258
90977
97145
54299
75310
92353
92569
15419
79181
74891
14131
66185
48735
67603
7671
56834
85511
51384
4381
49521
3818
49536
94405
79806
55407
61574
27013
99206
95658
80354
58502
83916
71331
71999
54568
62993
80704
47137
78413
59886
22028
92544
42423
87115
76499
50094
60301
62010
17830
64683
27883
21648
14219
22288
17807
69626
83862
44820
85184
95873
25174
60038
79789
12858
32038
34357
92203
12742
97847
86968
72628
36227
95864
15051
39695
72363
81497
99996
34373
15679
64679
62256
53680
95251
897
71487
81229
1111
16307
66414
96984
57833
26452
76774
70691
74842
27483
79247
87585
41682
66215
60213
77910
62080
91617
17605
50795
89466
33953
1521
5146
98633
80129
58826
10236
81026
30313
91465
82138
62972
74231
79122
20805
17036
72248
7849
91878
16084
87096
79463
57766
69663
56029
52028
48095
47646
85985
98891
37112
19939
412
58610
34924
80541
17436
45160
61568
47749
52977
60058
10721
43561
39180
47879
60597
27781
55728
68827
43865
59176
64643
17983
28839
20672
70012
76935
84670
55997
75826
38134
75936
92590
96745
27212
89483
30533
72372
67403
94635
41702
27461
21708
85263
82994
69587
62212
10775
41667
47391
70992
843
28386
88975
29683
49058
58987
22970
50080
31337
15148
4567
23625
24090
17664
50838
13573
48197
39562
80977
42832
81264
24790
64541
82879
7784
34128
61443
34911
92148
25187
5903
92991
53573
94879
39026
18984
70218
61996
85416
17907
93496
89983
41533
17586
23999
92371
31160
72197
48285
12137
31381
29550
36927
95922
28781
61064
46403
6577
95975
38551
48116
1879
47894
1689
13110
86921
37025
99680
65269
22442
17588
58766
28777
75473
76352
52777
84196
7512
24974
32481
36001
56355
78383
89281
68630
23517
50345
15033
30094
62672
69936
78210
80903
17830
96251
10365
4751
33277
10046
70021
72071
43986
45139
848
35811
21491
53625
20007
29004
94951
52488
81357
67659
30872
86990
36289
54389
53687
67674
835
16360
37610
95397
13615
71792
91648
23981
92896
41277
50379
79269
13348
94365
24408
14197
30176
45899
67822
66535
91255
79126
19023
72613
46785
66247
75955
83074
20636
29643
67100
21471
62355
4710
33220
75970
92854
24869
99951
85750
82498
50330
65019
95847
61047
89427
26396
7575
35327
10570
74110
26582
89696
93134
15547
36481
75733
91503
35907
96370
37498
3007
34193
99853
24069
67414
75823
16924
8635
75775
2674
7485
42457
84046
3332
3505
73473
46080
11080
25152
56651
1543
68087
46347
11029
83634
99181
86762
91489
51440
83132
45339
54448
33678
45192
78517
17444
21016
11793
26079
13143
14468
33564
55600
14866
53249
75457
88339
99329
86538
13492
72332
88081
97931
35032
15462
97917
34213
2224
5759
2005
1709
51098
56453
35387
96291
51323
52831
33659
63116
95262
63154
93936
45178
18754
8802
14779
10564
97142
30461
97102
26986
2793
1535
41269
54177
16997
39186
4742
19221
44945
6748
37282
96044
63201
72669
8687
14524
41852
42346
77641
53466
21852
87929
14997
56958
96732
29776
67522
10226
76589
80976
53564
95735
82511
94833
49912
15860
34019
54655
51434
95317
61403
88716
91361
40956
77738
16400
55481
19590
75098
49474
89409
96950
37403
4406
53908
34135
50534
21431
60713
43476
2407
14277
39211
1271
9110
89123
33483
59482
60130
1269
54799
21533
89986
62512
62490
84076
78912
34323
20018
54010
149
9427
50960
53904
30185
21220
4392
80720
42651
65105
24196
61411
79383
79759
79034
4845
68882
12517
80679
45365
30139
51830
66898
20125
14342
45740
20553
9606
96415
40571
63616
12916
49999
30928
66821
80184
52149
71213
77256
11152
52670
17804
72563
48405
97563
67949
69603
82798
96819
50282
28163
26958
2113
11413
63435
32807
73506
83988
42414
86273
24559
6030
99190
90910
53311
82363
87447
5460
69928
81055
32964
22598
98860
21880
71004
12775
89829
40607
11925
86648
7241
56440
29958
9354
84206
93393
58514
74064
77381
928
60337
18293
23310
75879
9203
76621
74594
96650
98433
44522
77706
31398
67121
92918
53278
54477
22045
59459
11436
33971
46108
18677
6763
92418
44384
90969
85812
2898
81385
79545
3826
58075
97838
27136
33954
7042
20110
24901
20044
18543
69423
97750
66293
52896
90668
19571
7373
12714
95383
18809
63037
41491
37487
69800
50261
81871
77122
36073
1121
74859
15619
4947
32934
29809
48435
83241
36851
68545
8142
73248
3441
77565
70998
69734
30462
78019
5658
54187
7085
1041
72997
86474
58884
26836
72626
9145
25059
49748
61571
26180
40960
93542
47479
73894
23351
95914
57135
76555
64460
81629
49803
84253
75547
37153
53987
22361
31524
75997
76548
38609
77038
65897
25083
35922
9085
97710
61420
34144
63810
22991
76676
4770
32885
24155
95017
56236
20070
68504
49143
882
50134
15298
85135
25681
52452
55474
48042
83976
31472
40942
38938
8510
6840
64021
60785
15925
78083
38557
66422
41894
77900
43098
63016
10785
67254
58033
83373
3676
26538
32517
4558
93024
47815
6045
35057
16619
61519
83099
16948
92991
40393
55886
17854
63585
36259
78639
95863
14343
17196
62285
72589
11448
21735
51957
22233
5341
26343
5606
9017
52881
54475
29927
62257
18643
35972
97314
35262
97492
96765
52210
6835
37158
24448
24689
17096
60708
19680
12959
91403
53228
91596
80344
64676
13331
32301
86909
35025
74996
8868
60394
44229
63343
90322
6486
81986
42646
3800
33601
56490
565
2163
63326
54076
26612
4367
71172
3672
24048
84131
95075
77276
92079
91771
58305
21762
40424
61566
56787
15421
70434
17182
59650
50130
23856
66137
32116
82854
86289
82069
39345
3207
84233
19023
57283
10845
23390
44807
30869
63790
28938
25944
57419
37369
34067
15724
59131
74491
77290
15919
6264
64077
49453
65915
14207
73309
48404
62675
72515
34693
44745
11860
54252
28978
47235
11535
56175
86978
56342
87044
50768
1632
29340
24539
39001
63407
56615
98133
54250
50258
30404
60515
14335
79857
26430
44894
69518
91186
7569
42033
42231
52314
70246
96484
97644
17481
8019
53819
20811
80714
40863
71580
82346
70203
12471
37700
33610
69087
52185
87861
35697
82589
64728
50032
62446
91158
94926
31964
98696
18847
90349
40927
71162
60595
37411
68806
94429
61783
22626
15240
42497
79841
3172
41195
50045
15644
95247
7
1083
47432
4220
36780
30021
68948
3164
8819
76458
14442
40783
75154
33289
47485
16082
4451
8080
69845
89610
2509
31628
28588
17750
90477
8429
20922
48025
74826
52918
43272
91186
54001
90705
11758
7133
37078
80707
10297
45898
73517
24739
3033
48672
58029
50518
81106
78832
74951
50951
68442
93812
98932
13382
11562
89409
21812
48837
53786
12990
1755
97059
4176
72109
4116
15935
95594
41194
12994
5892
3444
2863
30631
22830
67887
5012
73348
48993
83845
64651
16297
68639
58464
31581
82022
86378
37342
20186
35215
91129
49528
53323
88188
53705
41784
8656
85992
37378
66202
15338
43270
85999
18201
90254
8829
86089
11618
82177
51434
11815
63181
84083
96807
21645
15664
95181
8023
53007
31719
59591
60488
81247
12914
65028
51304
54698
73684
37296
8428
56238
68986
68051
42237
87188
58305
51066
73277
86275
49596
41063
98091
12777
25147
11250
34422
57163
6431
58797
10170
38150
18388
70658
19397
31302
35686
70702
2352
25722
24350
27133
81961
93337
95184
24198
80525
69841
75265
70154
56116
41213
27569
70559
53990
52716
81809
4764
9880
88240
63561
36402
42742
81950
23413
62140
29604
75451
32842
48309
1174
73544
75442
99487
66881
86978
40037
47406
56819
31654
33912
29287
72867
61482
99847
43209
30550
98008
47973
40430
2601
27887
93185
45343
26189
16598
7483
72145
92049
56677
20454
9575
30222
12248
25414
97103
15578
65452
60862
72397
13458
11126
18037
86326
72608
17884
29535
3159
32244
93861
59941
34845
21748
53126
80189
47937
86076
4024
20082
94478
60702
56889
4053
7276
85489
45820
20731
17420
27624
81593
89817
41082
92720
7854
27408
81680
42090
73296
1191
74335
67157
61133
25532
5257
30611
5721
69546
16688
9746
5980
11166
86800
79221
31571
94076
64711
93743
14807
82131
21367
12753
88300
62450
21825
12507
6210
3505
70949
95858
21049
61636
79367
82182
87169
84624
29145
9242
54170
45833
18988
76503
73351
22140
55724
4923
32568
36787
98666
47376
35270
36386
76481
23571
98836
98306
52430
21398
18163
23379
17257
39212
85016
96624
37746
88537
81249
83244
97779
51771
29077
33120
28274
18781
55260
351
23704
87829
37138
38722
51557
72409
75108
28038
12332
90296
42696
64762
11695
77211
4493
28952
32776
89509
41928
86874
94398
39529
70118
92178
7653
15548
25298
52279
34329
80558
52630
74385
84739
89769
13107
36296
62178
4568
80686
74510
94864
39734
55624
22911
33298
60117
68215
66074
65979
10144
69300
60377
66025
39419
52555
73678
71319
94205
25958
5648
91116
78588
80033
75855
68357
9492
28504
46887
14060
25542
37749
25277
81629
93373
64540
14927
69843
32756
97353
35822
59252
66653
12551
25277
22424
81459
15308
93743
92016
41266
99391
83132
36206
95776
58988
20916
5269
3844
67803
35681
29386
21905
77310
11015
15278
41851
42294
1473
74607
39647
53647
50211
22653
66199
75488
45077
64010
7148
38821
56026
48414
54564
39159
84621
50341
14499
21889
71962
18343
89692
7643
64081
11597
84954
91449
43228
43157
50095
44701
34116
89743
14701
84327
12396
97252
76167
73825
61262
83316
28998
33640
48082
83563
89151
49055
50256
3650
70944
38570
38345
60637
62565
18779
88586
63871
10228
48166
7028
60323
9220
41144
66418
23921
25471
95166
21173
17991
85344
98787
1307
14342
32427
49389
14257
21579
98445
80865
41581
69389
19435
79927
46378
98353
15058
51317
62224
41638
99483
69253
18313
25055
26749
84732
48976
68573
96250
86501
86564
81594
85288
87871
12289
17716
53612
42898
55647
52057
23764
97228
37799
59551
93507
84177
57904
8565
51846
20129
66555
67682
5734
84869
92737
32483
85953
58066
17408
82203
44567
3972
80150
46208
8195
8791
80276
61808
51689
35923
30217
75453
49503
84368
35005
59363
84898
9261
84280
36744
45742
50836
4426
51476
35705
13516
312
21658
71582
17720
20213
32501
38045
363
78709
46240
9154
58985
24400
60844
11260
70970
52649
60764
55338
4006
36479
40236
13268
20759
76981
59010
71595
97759
26839
23652
11275
27151
45310
99209
61223
81876
31711
15620
82239
10420
78213
7746
85758
2613
84942
97018
89935
53943
74134
45274
57950
10613
1862
87570
31373
78843
62932
19320
92955
89771
42973
4230
33274
4635
3440
10850
86511
51503
26470
85103
61923
4683
92849
64033
23649
94143
61052
29936
64438
51538
75210
22388
62152
77073
26310
9877
72268
89243
29197
65223
79014
72170
85806
12289
93158
5598
39491
79669
57101
65961
64772
35376
86997
73973
99410
26998
84468
76814
56934
48907
28352
48497
87647
6856
25570
13958
16733
14190
3201
62283
95766
98567
50805
81572
10856
43963
3522
66699
23633
60623
32661
88405
12351
36010
78731
28113
63008
63199
21279
36294
28458
65984
84791
16106
72840
10361
30064
5926
40904
33265
68209
36670
31832
19014
34594
59041
62978
38116
25740
2963
15091
74753
7720
27442
27115
86451
71908
90123
66003
93187
42770
94461
75523
27561
10567
48364
54275
40631
70642
95179
90248
55203
31849
38433
74217
66443
97474
53547
20911
39566
72862
36002
30672
80583
79796
57787
83386
51704
64263
49389
61244
7033
60203
36767
50946
70770
1483
5221
27754
72125
400
34354
27328
48601
72787
17898
31396
86613
87797
52307
42532
60660
88309
73204
41243
68106
47343
24629
36162
27958
90371
97406
51343
50574
34174
2290
37696
35657
23863
81802
7783
24264
16157
51463
89217
88944
69361
20614
75558
57159
72921
18090
34171
77583
7646
75414
45689
71341
16395
81851
15652
23118
95610
66995
90044
29784
85637
27741
81793
9501
9543
5928
50117
25700
57392
39334
30997
43105
59948
6555
16616
49222
40997
50787
26805
64995
26201
88846
36336
58949
87049
51988
98419
82659
35336
88464
28795
20973
32557
10589
46826
42100
32869
96943
84153
90261
36278
15150
49719
96226
38057
66335
61800
95406
17123
88605
76753
59676
77451
13089
34977
64501
81430
33397
63512
33118
21861
92308
70443
54418
19249
17270
12870
52118
14213
97023
58732
50491
28525
8451
63070
82934
91138
41222
94692
8261
29828
71445
84290
23631
887
19267
4484
98669
52664
67997
31787
90877
76657
2230
45295
12258
35852
58166
64376
50066
71541
39460
16909
16419
47911
96331
15705
39050
37554
10398
63663
83734
81843
47953
7365
99082
67221
28202
97751
36237
96199
29538
27115
89208
48121
72410
1466
83973
46928
82194
34039
34822
21655
67301
67593
69566
79984
83298
24968
17538
93696
88632
1272
91892
52937
24990
90974
20158
53192
88726
56396
65743
34616
83511
71303
82737
72273
72769
83063
35554
54963
17102
70376
92970
755
37969
78889
80740
21267
3857
14630
31316
8841
15903
39560
61779
57245
30534
98289
26789
35612
54685
92532
70229
54548
63835
69318
43174
52956
52381
78728
24271
85836
49104
17242
86591
3425
96131
83683
41044
16340
98314
72360
25182
30569
11920
3313
87814
58807
1602
14603
94419
72640
23487
64648
43540
3674
50319
86714
72982
2700
81794
97253
88536
47250
30847
91480
50675
43330
75163
91720
76023
73477
80432
17557
4046
8705
20870
8212
67512
38824
39167
61931
11464
62654
42932
71357
82680
93251
74423
55662
12303
56218
69268
840
3468
16467
92320
70496
59798
67483
78568
35821
57313
59000
53378
61359
84057
90600
69572
51569
29424
25091
29853
57241
4098
72785
28598
86778
82388
3021
58793
94691
75591
44413
11883
79060
60880
4203
65908
37030
88039
60828
89203
45352
36180
42581
23063
20238
49533
8987
71807
78958
34079
1660
36199
38177
90797
81149
41307
89537
84170
100
581
59762
60865
12464
55174
21746
33020
37434
58776
37411
98262
47980
82763
34442
6913
22178
54680
56447
31166
42840
51757
81597
60852
4308
19774
51650
85457
77433
41187
85979
93886
58120
62093
54751
70585
33619
76497
3605
71053
51626
41016
85667
15958
40131
20110
39223
78661
91142
12022
26179
33982
63779
7776
94835
84439
43902
62837
69896
21336
20376
72228
15222
78497
34321
69973
65434
84293
62823
69039
55346
30801
26407
57366
63111
82890
77476
2334
61551
84970
30709
87731
35305
10840
11859
46492
95280
55762
9329
81528
77098
46057
53756
92320
24554
4430
78645
89988
88723
57820
75379
60421
88621
18138
17787
51732
17380
11615
70419
78932
96586
1128
83015
48243
28320
11226
94735
23600
66988
4064
21481
60438
66473
91589
69110
91028
96019
47756
97368
84742
5576
89100
61516
10550
7238
79303
62282
24619
90919
49053
19903
3857
66533
19270
52100
94854
30496
63187
34806
13837
67251
72639
74275
50076
64229
43386
41104
60248
7494
54825
61343
29422
43925
22859
39972
67515
2162
18607
92134
9433
67660
28389
29642
34194
64011
81742
45400
94508
44929
80206
24697
28532
69198
98972
94961
33427
58710
52417
93675
66204
7242
71370
11979
67519
94229
51951
35035
12744
70558
43521
38529
38219
71911
68172
88765
35922
66266
34165
46782
27548
30723
71479
72432
99921
86804
67393
49700
45514
19811
43376
28071
27053
14746
40050
94573
25328
8353
45960
38072
78912
89481
76601
33483
77744
61125
22248
30019
27392
72765
93153
54940
19840
64633
27372
36114
67789
94766
85814
29655
30929
45542
57726
57982
76641
14128
68907
18321
22482
31219
56393
17746
20701
49346
51229
14797
26824
89829
44816
54216
78946
37970
9156
15138
18955
52880
67604
86744
63998
53419
32751
94927
15313
90478
69262
91954
20958
38169
10275
59792
69389
83020
77538
6442
48719
45119
37591
75543
51300
98760
46111
46598
36730
71619
61737
72037
24499
29341
75133
4850
99112
7884
99777
14426
14714
69039
22732
35673
23561
49360
11817
9302
32380
5708
32096
97451
67179
69687
89346
18480
68447
35457
65078
21529
23428
43167
9918
64280
88861
85051
69130
87973
9288
85259
18751
24002
70651
41484
76027
94212
90844
87845
19866
39576
9905
51962
37028
77084
38001
42726
11916
22801
94536
93347
44330
17964
36514
70601
82244
25375
55652
51374
29701
64940
36634
48452
5295
23637
89936
81322
17849
80780
85519
54067
36709
95424
22381
90089
72509
60382
32815
84425
99535
27351
94124
60218
45316
30639
30819
43912
72366
86471
11639
2067
67764
64625
50520
73059
88262
40456
54381
6111
37589
56253
76530
90650
51677
98911
80739
40538
75645
13554
41316
75181
57258
35440
35399
2574
66079
66218
62838
54798
69041
74477
56865
53157
39102
7385
26216
27364
64194
96950
49827
18135
53203
26357
8785
21232
41620
89524
61771
17266
19430
3087
92447
76688
38527
44198
95614
20959
26768
58453
75757
95809
32930
32622
65319
72033
56360
91535
99397
36906
4837
65577
71393
74392
91934
80178
95625
33555
86054
57396
67173
5484
76835
75972
82173
31714
20170
77787
52673
63290
36240
28430
75451
85523
77405
40770
57556
50117
48658
73305
87023
53495
38882
74768
44240
47169
54946
39865
97076
57352
13613
64249
62836
6800
56573
61361
38514
93095
55501
91188
56385
8093
35970
31836
93616
29727
72607
67524
79844
21265
57182
83219
91112
96064
57987
35352
59585
29285
75217
73013
86637
5182
53614
65826
11982
10187
43539
50497
3282
99040
58037
59667
7134
94007
7856
17102
40087
80463
84627
19931
18080
41809
19503
9192
54225
93842
60897
30163
39480
36114
3176
42469
57649
56791
8295
69631
66978
51835
36480
86613
67227
94517
62632
90713
4877
70488
7816
44964
67303
8795
81247
1735
66956
17102
27280
37533
10945
88177
67696
66777
40643
87225
9246
98292
44016
33894
84276
27346
85729
37108
13959
69308
47978
76592
60022
52855
63432
84190
14171
30736
9337
11770
48823
76293
28873
76103
30178
56170
64280
97875
22947
4924
85100
48545
3216
45468
82439
3844
72814
84520
40953
86774
53829
88931
79718
13851
58138
43150
14393
72309
90238
23730
431
39062
16375
29304
15165
46553
1826
79446
60780
41125
722
62232
89671
3938
7700
72110
24135
80515
56631
81440
83641
26812
70371
63359
57015
44861
6509
71408
33522
96748
95138
33953
52162
11513
63258
67327
74418
81436
46773
35199
22562
63847
97431
12233
67786
21484
695
8273
18351
73678
89713
1992
490
76436
81703
57505
21297
4564
45265
54819
1312
56755
88772
69826
84620
68382
37154
59039
49819
279
10590
88733
64127
8021
17318
48265
45857
34365
56538
64208
8044
62603
82552
24886
39039
64255
98744
60336
68820
44009
31507
86484
765
20279
56311
85385
5014
9817
44424
71185
10096
71366
59918
90575
79388
93588
38840
41597
27953
11730
22158
35997
74333
4710
77236
13372
85318
75980
90060
70490
19989
21567
73326
20754
41847
45989
22492
63213
55806
83268
34398
82255
54635
94316
72830
50375
87904
11671
91972
32209
23401
30482
68207
97735
35193
45443
27459
36863
21423
17520
23705
57764
39087
97031
94871
97286
43021
17363
60499
15179
16983
11249
97434
71618
5565
86617
38345
9821
98288
30318
42031
38041
60800
26590
52128
12345
88385
79588
65560
26160
13460
89265
83924
68899
2649
95147
82538
62022
28862
59389
77201
45846
70639
90988
17464
76204
77605
55810
2378
92245
2480
60761
30286
79632
3703
98767
8330
8440
94707
73890
34600
8167
79508
34876
93418
82157
30024
75956
44179
58886
35346
37732
21084
5985
28720
38549
98541
6325
10711
17271
14922
29543
94384
45209
9175
98087
43976
33857
6527
55035
24100
57479
63202
3608
92356
72972
2117
38732
48929
62648
13970
627
380
35055
6612
29101
89956
21505
51778
17019
38777
66701
46562
33161
28262
72089
47601
88590
5947
54128
43625
46399
11608
23179
66359
20316
96151
68476
75400
45080
31124
89370
62059
31504
40777
68671
76957
30733
6529
45088
47752
45306
11789
10666
94819
56403
82756
42420
61345
5055
12901
4970
51454
24509
44501
17813
61177
40652
2641
36577
2085
33765
42299
64144
81621
83077
49168
74931
30162
55697
20019
94267
17355
48160
4933
12174
20915
87689
70947
82260
9096
83848
87230
60550
24709
31731
94715
2238
88735
97356
38815
90820
47473
81114
71317
45447
80543
20485
20378
10706
92534
40397
4973
9889
4909
26258
38415
25824
30300
25714
8084
39396
9562
11666
99947
50623
59749
94662
52861
48484
8371
8028
55657
55844
5495
43326
1291
86038
63811
38021
13096
72697
78418
34421
98938
99679
60680
37353
25503
90980
79420
49939
30376
88982
61605
46675
55958
37706
57690
8819
2543
66061
16848
58200
38257
22343
1526
55901
24733
81689
93922
37830
70738
88693
88603
69676
88372
49283
23381
30228
56615
2801
80167
3344
8136
58125
50019
64094
95831
24061
89265
98374
6474
22465
72926
44732
61160
90804
16985
2246
88845
10907
56428
59583
15952
45031
29259
20677
94315
68993
50905
67282
71794
47424
70626
96282
21901
36998
76728
34085
61059
65994
32459
67534
4811
21738
28618
82324
12542
61955
84570
1388
72862
40998
77323
5167
86029
6583
25844
96696
75576
93101
80331
63722
40525
50957
60005
62427
87955
36733
96512
65367
19079
45323
32901
40243
83413
77871
22567
12308
39826
7137
30048
29040
64487
7371
34207
66868
30306
76403
63565
22234
69504
43896
85957
26382
11205
62314
5161
99161
15399
18025
64528
34479
79700
13781
74722
63114
8004
13641
75422
47830
37130
5470
93222
1617
12841
27430
68485
43148
20185
48402
65382
89690
8650
67691
16072
19856
30005
21233
35369
45405
55610
16249
96236
35310
30030
87310
98424
54386
951
73846
2216
38081
95668
95438
39698
8510
39220
24535
68010
59406
72938
49744
65448
81588
17436
81520
17796
63793
19105
53165
25550
74715
69414
21786
10025
15796
25448
24802
70182
26399
98648
88750
80832
10669
541
36882
35531
39761
61418
3541
15519
50708
69637
80967
48648
3425
78839
66445
67219
97944
35962
9121
89011
21729
30908
99037
37525
72708
23839
24060
99108
38839
12810
96292
49508
29703
33175
1391
69465
10945
4932
1336
61653
90922
82304
26653
94347
61143
9450
61566
75440
45413
70688
64451
67142
17948
79840
21019
7008
20031
61431
6116
58871
90594
18761
24731
20297
51936
26123
6114
79233
47407
7451
40886
38329
6107
83891
32677
67250
93342
10595
59042
55107
97635
23494
38601
31935
3334
59620
38944
39718
37404
61412
14941
27998
80173
39672
48295
48461
82147
70762
27694
45907
78213
84932
588
672
68824
33265
67922
78518
60213
26965
33625
74200
66811
72226
6136
86497
48198
61432
26215
85602
22844
41156
29952
19370
97181
94600
67831
95680
65362
95526
41587
59927
80458
42176
60599
65634
91793
44873
44152
68358
88190
94129
42559
55001
82707
65047
57851
47258
26479
84066
32860
65675
41575
79165
85045
38756
73765
69229
50788
39127
64755
92376
15406
61565
50904
76005
43552
59049
20878
4056
43760
9069
98186
86319
80422
97245
67718
38273
44503
10549
38692
93716
76224
80267
72881
77622
35375
46646
46851
86163
2125
27958
94891
33883
89523
62147
9888
49427
21197
47118
53484
81309
72539
68022
83980
69314
65267
51698
23939
9771
62247
62631
3487
54823
59250
92720
32445
94625
39366
79296
80789
57843
7254
92032
91726
13130
54180
17966
62557
91729
81436
32393
73038
70328
415
57018
39642
82035
25068
63581
91806
3667
26213
11645
58490
85463
4365
7288
96441
60083
86584
93582
34278
10191
85614
42356
23321
56146
60322
2230
47875
58110
34624
37265
28438
51391
10635
68080
33426
52055
48014
41584
55722
90579
53229
30565
92394
73946
37853
88835
34029
24437
82417
68307
50980
84384
10663
74301
40530
87337
92884
4758
61800
43860
58375
90238
11603
69011
74671
45030
21066
39037
2966
93141
29616
56196
23706
22010
46494
61559
27198
80524
2348
9615
65183
53329
10351
92199
27630
50882
95888
36866
71992
57688
80726
30367
64279
8682
15730
55302
53712
53149
94339
56678
46290
23955
29226
69996
62317
75721
31555
89515
72597
33903
15483
37780
87232
25834
46331
31215
93068
42220
84433
65060
16260
81512
11780
80539
90194
27510
52193
60258
80659
46532
16936
26949
86839
62515
96945
49157
38236
44852
55024
27185
95108
70507
64965
98692
12694
27649
46259
5762
86221
30693
87175
2481
28557
98955
99373
18751
26465
51566
79009
7125
14451
12297
50426
1290
74812
63724
66799
29400
24928
38176
56585
20036
8683
37903
35081
37729
65552
81340
59844
51773
28385
47019
70606
56942
45974
69979
75693
88791
37898
54702
12268
52349
83352
62695
69991
58164
26419
53143
3917
51347
91319
60502
87736
16354
14757
22817
54084
96661
20509
13928
64786
48895
60947
35393
5837
23273
21724
81531
28416
75974
52585
40685
44675
35937
3380
14667
10454
46151
67810
14371
13850
59129
91225
17938
75483
5983
40755
45919
2644
61265
59847
67431
10160
37146
19176
15997
76771
40900
13880
5188
33227
82818
62225
77902
18755
81957
8921
29209
28108
76731
59932
58310
52212
51158
76249
44048
57141
17004
6319
59785
94621
66167
43568
21133
19665
62744
53483
12789
19997
67363
34329
53224
50181
96554
47478
85289
78511
56400
30850
22971
33131
90783
81281
1696
41941
57530
62096
99082
90887
68415
75219
1860
50934
35140
22994
86952
14236
76477
99741
34233
60192
34070
3809
26726
46976
51288
12015
41839
7688
42865
64810
57171
50000
62443
58867
91941
19974
37315
7375
27213
5731
98947
29073
56665
34087
52067
43617
48323
44896
59710
98909
5089
10132
2718
31815
57108
54006
60182
98947
78046
19399
80109
35218
69400
42553
10437
61341
78879
47753
68717
6092
69836
67664
51517
26501
18103
19937
86471
66426
64833
46181
65335
86274
56314
84406
34441
29774
54764
94623
45074
32811
14023
25183
84381
83423
67736
11170
61116
62967
58923
46185
69059
28759
30201
36929
71613
48304
56866
58084
31083
38051
4265
12770
24326
76931
97176
58767
6706
51941
69743
51780
1104
83766
93315
1837
83541
77404
13007
44657
40371
71931
90843
25783
17042
21044
62712
88655
69349
35930
63091
16784
73981
83709
29554
98307
60640
26731
73427
83698
95024
43170
51830
12480
43288
45146
14317
26829
38902
27324
71486
79273
15607
62329
21408
32650
99726
472
37657
85427
36402
749
2211
10384
810
31765
25043
61450
58496
14822
61501
69872
57992
29683
82352
1280
91181
96669
28109
30083
23994
15948
25709
39601
94629
47117
88603
94355
47590
26261
79782
344
43362
81993
27080
44172
13759
52124
21974
88607
83298
99827
58480
57643
29511
57184
58923
20692
70206
3385
50776
94200
35685
92837
50153
30314
39954
55109
24670
3896
97722
4452
4241
41084
2798
31321
85256
16557
99797
23582
21516
99448
23410
96348
57091
52921
53533
32366
73613
23739
35751
40741
34291
71436
33578
796
18103
89885
55905
42773
93781
53627
63577
14374
94711
66375
62048
96319
99284
78197
36254
20801
77645
59664
17149
34736
12585
87034
67103
2550
10773
19206
59644
61416
6995
9574
62213
25098
15811
34470
84223
25945
88098
47800
40319
99161
30528
18719
11833
46164
96917
48087
83317
90914
7751
16819
25651
36688
3853
9106
55590
30979
28312
31586
92395
51659
41161
70960
76757
56972
5431
77332
82917
93529
41485
39589
9042
72013
58308
20875
34529
71577
85314
17847
62492
9417
34666
88143
46105
54871
13601
18048
85850
58265
49634
94598
9925
7147
65558
3034
80472
70989
96719
79741
80870
38204
19330
6265
26569
93991
27140
61098
65568
28807
95297
28060
38224
29963
32555
682
1187
62508
18730
3389
20774
84716
14339
47051
8216
79898
66437
88688
67239
63156
68429
64462
1360
4112
70727
27929
98103
14219
5380
80023
43026
677
24436
81251
46993
73343
98285
48180
35852
33367
67921
72978
18083
82261
20029
26299
62159
86466
31339
45750
49623
16121
10212
67335
20233
97291
95265
34688
11511
645
31063
54537
17674
55499
52140
64667
28843
50425
29199
81047
83792
97121
54025
18228
79382
90406
60879
57893
76872
92219
3643
42847
8340
30208
10183
44925
43851
21800
79613
55362
38797
10676
26252
56471
82528
94744
37491
27723
45170
66690
8770
45314
63811
62795
79894
59545
53201
40774
17438
46425
32993
37434
5625
57685
83994
15808
2610
27845
53960
98575
99560
92757
25603
25812
65580
8131
36908
3071
35854
98430
86114
60976
43745
49925
40123
39991
25823
9676
80765
43261
56102
30110
97047
61727
4147
81041
93887
23109
25239
47847
21684
24799
56956
63640
66963
38888
71771
3871
41960
23978
18654
28074
84954
78751
94351
25078
18742
20174
34754
99508
79788
7208
45970
76835
85287
50118
74229
79174
73227
99468
43373
11264
40619
16681
74904
7582
55570
46675
27805
97530
87005
62811
41956
88312
41562
52659
13390
60305
89186
64496
59813
68974
71705
22135
45809
56992
72253
20038
52519
45481
35858
95892
73097
76477
28926
48001
411
84496
11028
44569
98378
98034
7380
56686
86346
48943
9345
16088
9248
98531
80584
85413
67505
68641
7548
29667
25634
96154
66057
78153
57987
1916
90397
31084
78393
19323
79085
78805
20171
90113
23374
18549
4499
30754
75235
7197
79697
933
23285
5297
99464
20222
7062
83322
88863
14611
29341
30849
10765
95398
25354
68752
97314
15752
16188
92060
51427
95273
70865
87951
1738
10591
6500
22590
57697
98088
29787
53747
15373
69425
59044
14837
89647
66107
14511
94862
97070
43852
25712
24187
55603
51066
9291
69269
83170
25479
61329
50950
20752
32194
38901
38842
59137
61753
61432
16835
76193
7572
70582
91566
76997
29626
22756
66644
12085
37267
77858
9155
97472
3570
33342
69427
54637
42633
38696
54159
84464
26
5109
21568
48572
60362
60411
7710
22116
38195
24545
98309
45767
11479
89876
22764
41105
12632
5760
69543
66251
83619
95050
80075
87189
44745
49502
58178
3730
88199
12338
88195
4577
33799
9763
53149
94162
86526
60859
16278
24722
1756
30939
70489
13235
37167
9606
70693
49799
15366
40236
32403
15337
35286
12478
18879
96383
78333
93409
114
82884
5747
88309
87461
55899
98072
40610
50061
84599
17822
82691
9321
19578
13630
96162
49166
50798
5768
19859
16949
37487
76447
65704
52824
28085
94535
71703
24469
72868
65113
24583
55752
87212
12892
43213
43111
27316
175
9524
28267
17997
92215
53940
53928
22198
50103
19446
89348
72223
39305
22649
9710
32104
88354
78887
60189
82889
66942
1010
72109
48407
41945
44213
35620
71189
3778
95083
98506
3953
20960
26773
38303
13175
97066
8583
51725
47169
28029
41073
35744
83686
63723
45455
32142
68429
24342
8683
67670
91284
9694
39779
39692
51639
83992
91664
22829
4122
3099
37687
24427
24059
80812
62730
53587
77878
87665
5312
41399
32046
62738
77144
32084
26461
22599
64226
11242
63293
72910
78912
70929
82604
18691
26973
50595
19035
34989
89776
23157
38089
27463
47584
78500
24628
26667
48439
2506
30684
53752
43906
62731
32842
37402
94815
59303
76353
75394
70545
39646
48304
65809
26927
47260
84500
53901
14207
19887
88890
3984
59396
43331
47799
23332
21832
72427
66351
70271
91286
97036
40375
51544
76119
73217
88946
87286
48872
65299
62680
35769
21297
27336
1578
48224
74596
2430
2125
88804
38669
7368
92788
98065
50699
56939
21398
88883
29367
4101
75507
20653
1137
32234
72197
93608
5452
77495
80895
70676
59146
59927
22798
80443
87264
24376
28667
61860
43159
47145
67016
81828
70865
76156
79894
21564
33096
17644
26800
62463
38097
2307
99468
55587
34541
88017
49195
56345
81864
46442
43374
41010
6370
66172
21453
9986
6900
66472
88198
50059
29969
55215
31888
834
31371
28134
22399
80819
62130
65551
43282
227
67858
59102
55814
18751
63471
21362
91449
45335
84156
34823
86345
6878
995
24150
16864
7895
90623
5063
74307
20592
76630
22547
37779
24353
67033
76530
5173
29163
42081
64807
45742
9939
23910
17909
45042
3733
55623
36491
49069
39779
71314
51766
46658
88661
75917
63522
12909
82892
84937
87216
19836
77919
9763
57615
2273
76796
34145
7446
22311
76226
72253
84405
2517
12515
2314
47560
16249
57937
403
81670
14069
88070
33436
60727
76731
9353
40601
5992
92245
25539
93208
28434
3458
19323
86049
22083
12471
20195
29529
51134
96421
18135
35540
15291
47002
54206
79203
79603
28496
79606
61273
42565
84028
94710
19644
77112
20415
60245
83104
29013
2136
92665
57447
21947
28340
43496
44030
57164
80043
89912
24650
92817
24399
60190
8108
71401
30749
3663
51005
75597
99621
12278
34514
83650
23340
54158
60762
43756
30755
60218
89121
49244
52883
46568
87543
97576
6416
31573
54740
86460
37837
79390
79277
62236
55933
3737
49990
3034
7400
995
78631
7021
29625
29497
7023
69318
7
67785
29426
30762
44356
18547
96358
97239
81467
83901
11167
87883
15475
82259
90695
69664
78002
86324
48253
50287
90061
98243
53321
13813
15590
48304
37187
61567
77801
44210
30885
77808
11996
76663
24922
56352
95210
21281
69943
76677
5182
97463
80913
37009
79722
87960
6674
57724
74285
71279
24363
80698
85874
77684
94512
1464
25988
31699
79383
20141
92261
26621
14301
4257
3284
39224
76961
14847
76857
63257
91524
82039
77072
88789
19049
56794
76750
42075
30871
67387
29706
55234
48085
15580
49271
58949
33396
91611
7000
12779
11753
99262
39400
42406
19871
59037
81630
13185
73884
58487
76442
81760
56879
53514
70550
75928
26660
63652
34355
73883
47391
64061
29118
95476
79641
94741
70778
29389
86352
77778
42168
98105
93392
97921
56864
13264
56958
38494
26449
30842
13334
19243
12602
70213
89109
99504
62493
15769
79508
13200
89653
26899
77261
35123
38728
73254
29864
9506
2643
16216
3636
61163
30674
97029
59084
87538
26645
32394
42384
53094
63236
55718
88689
92191
42283
77798
8047
4776
9919
87556
17976
99572
30807
11589
51047
69535
1195
97263
95393
20190
29832
15382
97706
60506
12411
56790
64396
55408
89185
23132
24854
68773
95203
13543
77316
37486
91341
85364
58615
17612
89272
92943
17185
20079
20885
84584
5967
22080
81848
17712
58623
11680
33094
56329
88538
61857
29471
69286
17265
35008
8770
42119
3782
3973
72014
81098
57812
79707
82814
16427
97320
72086
25722
30857
8518
46607
15441
14485
85040
13641
32197
43663
41673
65292
16344
46563
43501
45815
15849
60767
80824
40972
19238
958
44945
91253
98408
19109
70960
81223
51888
68280
53309
77611
99137
78179
24218
30931
92664
25610
44572
41214
85625
86246
6506
1969
49161
50007
47785
65011
27126
44961
5983
46365
45919
67280
37618
44327
86390
24930
25550
38278
93211
95212
32241
8700
73391
72812
39631
82408
98422
556
23622
84048
3154
30128
86017
52315
96487
50154
17326
39966
95115
39661
86331
41034
23294
40301
85362
26036
65231
27264
64314
58442
38828
12908
67143
28572
85720
23126
10980
494
23682
34602
84542
26836
81082
86912
79152
93921
37066
12830
33887
48534
68844
20218
89568
92138
76871
91282
18174
42103
34899
98840
16897
73727
28100
392
2299
13820
23519
13279
14315
63553
64233
15209
90390
45315
2121
85894
39237
55540
98724
89476
4074
67568
26047
9994
76058
2918
1277
10584
45021
52528
25777
61919
26255
53877
62311
44907
67698
2182
74538
98365
65736
38772
13574
56126
439
32048
58372
39676
3940
57096
45505
8014
41017
71552
34360
33427
74470
51989
44012
19492
4517
69789
97763
30773
40018
76426
92032
24068
78609
66570
22433
44345
5342
52360
16823
5782
760
75195
61810
4700
48643
7315
29066
6012
95219
63426
39440
69690
15416
99804
89182
19933
85945
3297
67058
25963
79723
75442
50032
58332
42013
72465
19029
63707
41177
52204
85841
41937
27399
64004
62989
92395
87671
92055
98407
82891
71834
37847
52581
87250
37651
58115
23535
23596
61412
6946
65912
57487
82388
15944
32172
40753
4761
51201
4461
62291
3406
6654
4228
47157
70658
67218
39552
58330
75625
54312
41221
47459
92159
10154
51061
46163
68269
90949
86111
46033
97895
52023
3520
96635
84319
35692
37389
89081
3246
58202
51372
23004
64856
71952
86513
51867
55522
42418
10197
31148
96730
67770
94959
5241
77924
46021
51404
62545
36970
37516
8578
51217
5891
28450
47852
90211
64143
1593
79292
83741
76147
47016
6745
41004
35320
9610
9223
90843
52028
19420
38343
48758
3542
33302
54000
81466
95675
21756
60363
48997
59272
68941
16566
65164
97391
80771
71727
77886
82364
67371
77979
74864
14387
1076
15868
49707
10687
25091
56902
62715
60863
11597
27826
64405
44900
98178
62223
56927
36286
22586
22277
95559
7879
38843
77075
21622
19614
48802
15861
18331
32525
93840
93195
46912
94917
25415
12971
5604
66858
86226
84671
27721
97823
28849
8478
59075
43379
87053
16003
79666
25991
38280
91577
33870
77123
85004
55492
13090
50158
71353
31421
82683
81546
24616
29595
76463
50031
58918
98419
16889
45144
83090
60962
59320
28292
69440
18395
88023
56493
34398
67689
82484
89030
59266
32706
82506
60622
4550
95596
10780
75904
27017
93463
57450
51633
39410
50265
18016
14681
48684
34905
76177
48126
95867
35497
92770
81659
53893
80794
38152
4643
48483
36988
10026
24102
86046
92532
84724
90596
4480
11857
82852
31497
5320
56654
99482
61083
6919
17498
75764
71955
52403
68293
20082
64622
3791
12852
46281
74036
93646
785
78679
58482
54125
5057
98936
40171
97589
83660
30767
2069
95517
29972
49918
17190
86626
65752
94625
93546
83250
86741
81853
52005
55034
1935
16627
75177
31140
79260
49213
41138
80045
44245
99620
34170
49302
14908
74341
63244
98569
21461
81665
10438
51433
47936
43980
54411
13688
38605
64309
13291
41698
46163
65296
96733
48098
98276
88262
95590
77536
37476
36729
73934
98073
52701
8104
47375
67610
98798
26971
82531
36611
8637
9321
4396
56573
69654
58807
70261
8259
23117
83552
66310
85632
65201
79395
33730
79829
67657
45673
73717
21485
98754
47651
19558
67807
72108
83286
51769
87258
10257
50652
23869
35246
59974
44617
91819
29628
19776
78433
54239
42893
78337
20549
28525
59890
16296
78608
39719
83954
40633
13437
21791
39387
61088
41350
7194
49548
40988
75316
36806
51245
25968
77027
2844
85942
21644
11015
31922
41421
5800
2514
666
84138
39415
45544
60380
55712
24152
100
56018
81137
29889
77809
20524
90977
19159
44070
56878
60147
19386
93684
27745
61707
70712
30589
64001
92356
41604
95924
50129
47405
14790
50796
47895
54205
96340
8275
9917
36844
24727
65935
17981
54616
43745
54857
61946
79256
15279
18824
55756
51018
12508
83501
12725
99572
30442
76726
8281
88398
89002
58410
52155
3792
25558
16402
57998
38250
24678
84267
75094
65757
66555
9427
20374
26652
64284
82320
5908
95916
17496
78016
46934
46356
77869
59659
45929
24663
52737
54210
13062
41740
28972
81569
61884
54531
97972
36234
92781
39002
20502
84228
4759
3409
93655
41485
30061
74292
40157
52321
70208
57653
30338
33494
4010
24559
93153
66291
49223
62242
20501
78637
3982
49473
60206
82219
20356
58178
18453
13138
13532
55307
13718
34644
58716
7373
76129
5129
98017
16287
73803
84577
90292
20493
18071
10654
45052
27576
76945
94275
89819
13798
72912
10153
79624
49471
92372
99980
7649
10826
29470
37534
82485
43188
72178
41202
66914
48307
62683
81283
80946
36486
82213
87591
73331
16636
14597
18384
44213
91543
29011
50384
21693
18276
60537
1317
67747
69262
17650
91748
96440
63472
29282
78925
6661
1460
36479
89927
66120
99163
87562
47066
52001
69775
51009
25333
86412
65607
60069
46977
73502
89080
13713
95195
7356
90602
12865
75103
59864
30515
66852
56304
93987
12486
35230
17000
13947
88061
23279
80067
87224
10842
43485
55578
96969
10847
80911
83381
76454
40980
46710
66308
46412
60423
61503
53769
51026
74368
45224
27242
21235
28428
83547
15223
40915
35129
32223
71214
23190
55503
67633
26767
82697
11118
82345
79666
38317
79608
79400
31123
36940
26110
97431
83352
2886
58935
53473
70264
49655
98698
97506
70891
27126
97405
2466
84393
32534
34689
55607
72077
6544
23240
15196
5593
50711
97541
85260
89028
93501
64660
36504
30441
7122
33935
30145
10008
9222
83619
80272
75230
98669
94131
46121
42147
91536
64939
26541
40423
15980
98500
12500
22525
21741
27696
44470
88804
41589
29730
94184
51442
94390
30688
98235
17865
64624
28380
27873
90198
28351
24498
65428
43372
18629
27901
85520
10165
92840
28413
66940
8821
26913
79440
47698
65006
23488
92168
70162
81429
38251
64347
32871
48993
95035
47458
66858
76011
75839
94732
66210
20542
35582
47990
63915
54211
92244
65787
80728
85084
10552
47669
10257
53817
43461
74307
18824
83302
82828
88986
64731
21079
53333
13955
70072
64721
61413
36931
57084
53604
48015
23294
90499
83597
87637
70766
54160
79881
52905
34888
81317
63457
98909
91575
17274
42371
82234
52450
25673
65062
41437
6756
2493
11122
37063
72566
92195
14829
25849
49280
84785
90216
88926
75284
73813
76563
62402
27973
72796
15307
79213
54114
78764
78123
62041
12391
20494
44275
64841
62519
25690
22630
85627
28183
50105
22691
17101
42300
37520
59302
7932
22305
49518
13211
13942
39683
89774
76344
67656
78923
8004
46870
49389
86768
24993
11430
15511
61839
72057
80353
40710
97747
19335
26337
42283
85792
65380
59384
44445
19252
35039
52377
57910
84557
65588
71852
24241
71715
64548
8249
66990
72552
55119
16379
75673
96464
27809
91184
74655
99866
87889
15365
13966
7225
41703
56249
9369
7083
31985
53814
42688
67024
6192
598
51582
88132
72450
92175
59847
36998
424
26837
25903
71896
43216
1576
68360
87377
9112
59368
3596
97002
74733
17562
20579
32788
73811
29948
56224
5796
83763
98912
89173
6307
99510
40755
94439
88312
32930
70639
25310
49706
13828
67565
21602
73397
69141
6315
60774
78254
65683
64370
91608
56768
98284
12187
89557
72095
58487
62133
94244
42250
61045
83417
48557
60555
40524
59349
48867
89806
29988
90529
39512
60168
74447
77467
33565
43588
83782
10692
38194
65817
91414
29802
22585
89699
41989
28494
78146
16829
90627
72390
59079
51672
72159
23989
28579
12683
99690
93798
18841
46030
680
74706
6198
75127
52173
56116
18715
52307
66808
73262
18124
58222
3064
57061
47921
61406
85556
42420
78235
76183
14810
53666
44208
3322
94007
89139
16005
93697
82938
51199
39727
99970
25905
62278
75097
78078
18394
10164
46737
1554
83426
64861
59776
2843
38274
24050
64249
23830
66470
58836
16366
97632
12502
76926
954
6510
66065
33312
207
49003
84511
56287
48973
26768
18565
40422
4846
53311
50587
67935
54865
50365
49148
30993
53208
87422
55043
33809
27605
37865
92645
60323
51850
5148
37249
52804
28010
3314
86116
44569
68670
86979
856
33995
13747
35773
90770
34945
89084
41357
2880
60301
8074
52028
91295
61283
55803
62690
95092
83408
16908
4090
60083
68758
9238
97332
21562
37248
16998
24031
81817
2020
27362
99026
36016
41110
51151
26786
92407
40236
84495
11640
16889
8921
80020
24536
70204
35823
87227
81649
35583
4135
2091
95666
89245
11329
92998
27159
64929
26349
67542
63098
28369
94905
78476
64385
52367
29628
7523
44774
86216
8370
72766
3105
17292
52787
27642
3848
88610
31221
1849
24194
51708
3940
19860
40953
31621
29211
68112
12902
55560
35655
92353
83929
46912
70829
64667
99279
16809
88542
60405
3025
13265
33172
22483
46909
85959
66477
50757
74569
97698
68959
15115
65758
89251
51328
6711
37225
96891
91175
50127
68803
43182
58832
69084
90094
46014
33751
5725
62823
38646
66131
82201
51911
99303
21036
98820
1614
87513
65929
92535
1563
51240
7651
83673
56844
75331
90384
94069
72222
97911
60548
57377
41094
19381
26461
47540
81747
60213
53266
44570
15211
19397
43123
83474
35052
80511
82294
36666
84376
64575
45553
85939
32168
53204
69612
89012
44887
76348
83081
33461
74260
59981
90838
31706
79362
17300
79246
77461
93865
32512
38384
9076
68261
81507
92550
3313
62019
91196
56331
46395
72123
1885
48687
4291
71441
34651
9655
32681
27352
9088
66142
17964
69070
73333
49670
64784
90633
45268
42246
850
94133
80630
9926
62394
78489
18828
82060
56860
26376
54743
19608
98499
72980
84647
19143
44422
19298
28798
77103
46650
54239
59597
80966
23309
32930
30636
4445
39915
92257
46691
40765
86390
43673
67043
65136
22163
85871
63548
95375
12247
18292
14983
27099
91272
99630
46242
52046
35281
91392
45501
98283
45631
5099
79250
68940
54381
9886
73386
94297
18495
36429
51414
4885
80103
18458
86374
18618
4329
49922
13993
32929
68214
45329
60028
59487
44959
22622
11533
80240
14014
73387
94876
59646
78486
74126
44938
32867
364
18324
43516
18860
71106
94931
40097
67561
13389
26471
86179
34070
76394
16524
83351
44608
61853
59731
20447
6813
82353
48333
3405
96368
21720
98281
72366
16558
88759
17304
65777
89124
51981
9294
7984
23087
20577
48081
90648
50318
74553
93179
740
50947
9703
84092
11907
71557
43823
48707
94722
42529
13392
14479
55249
35112
29113
27615
68022
17872
44919
33799
6996
13252
43093
14980
52691
80022
79414
59691
30340
53967
52870
31081
21266
78926
31525
49525
50483
91700
14584
61557
34229
27976
76036
89478
79440
5149
33445
47462
23022
94717
81262
46370
7969
40707
61351
60661
20730
57117
36704
67422
27436
89575
98503
48702
68501
30028
14579
35336
21729
29164
96893
72310
73492
89281
78141
52933
94431
11586
395
33805
6303
98009
80175
30625
55069
57878
7638
92151
14995
44342
59573
42431
33917
74429
7485
18770
4457
38417
70458
42538
83933
67351
31201
57425
72985
9342
10358
67416
20928
27106
17573
27232
25115
14100
57857
80184
88331
65495
72335
19678
9837
48261
78462
60107
22690
2299
95229
27147
40716
65688
86038
24649
49391
17239
82075
22376
26581
8785
6144
63861
35891
40069
91093
77359
70522
65302
57543
58853
47149
46231
78531
73339
94492
73345
49798
17182
75645
61379
60681
16361
27067
63071
57363
92811
96662
55790
15187
39595
64575
37684
3457
16819
94105
10902
94178
64627
92557
68073
23480
39706
14304
18364
29397
25148
91709
79195
42330
67354
40575
19364
68
83994
82435
57431
76805
95450
13221
8345
35045
77796
62381
38502
94615
56486
49405
88793
21114
41962
73219
60946
98020
87523
79310
27418
29024
71020
22965
87706
54726
63540
7070
54794
63887
5858
12225
57044
1308
25446
81741
36353
19595
44122
74856
30562
16961
40613
35708
38075
98927
8927
99021
96947
12802
94684
40717
41826
82056
63683
29533
36782
43575
36603
91577
7462
58813
20154
64507
60121
61953
46248
12827
81548
6723
4035
28462
23684
44648
64170
78111
59927
89449
93484
56874
2252
88168
97592
44078
70224
61275
73611
23359
4850
26567
31288
28665
1732
67794
9524
61854
29747
72124
91033
27647
78847
95068
56110
18883
56068
36632
96994
15995
26082
90479
89221
44686
94999
86813
5116
81576
64440
78728
21287
85643
21647
52575
14308
23379
20369
40184
1585
66469
12308
92618
94116
7508
4038
66578
26391
76458
19563
39738
92453
45645
30217
81675
6683
41568
84840
11799
39496
65633
6879
60783
51276
28526
13358
81936
68258
50080
22120
86195
32901
34428
95166
27017
41936
99204
9948
84680
75663
29511
24418
84468
91508
70987
82495
98191
12555
83688
9990
52052
49321
33222
29187
597
78100
58898
98885
46358
8978
21005
32554
41879
71785
27720
85248
30074
43276
95196
14754
35291
24707
55524
36112
32567
26511
18607
30758
55418
2295
57101
23822
67968
90323
53010
84917
84775
11908
83802
31134
37238
21159
80040
95469
9297
24112
80717
39371
83740
92266
70477
19032
33325
26001
55144
65893
52512
90103
96651
7930
8751
70104
31753
76719
76779
1115
77989
61555
13023
78143
9041
50261
99303
89081
45730
24952
29545
42799
64323
29637
35065
34800
65021
68391
77153
20165
34284
46017
26621
47287
53947
35372
17392
2052
28443
94171
3167
22784
55726
32542
928
64767
82803
16583
70200
44885
41535
16097
87685
5858
45735
22750
57010
10756
91141
50515
47274
41777
96532
73895
89065
66831
25619
6457
68884
70414
628
88403
93199
72707
20946
10479
53826
20101
27062
24027
81339
68597
40124
69024
90807
2211
8126
64169
29320
15620
14684
76594
57397
27568
66841
46462
94399
8812
69271
79635
79226
86252
68039
88777
58959
5337
99256
12785
41790
42670
53164
23129
27619
9641
8505
34778
11852
16632
98947
41172
32252
29983
34118
89649
57551
959
52464
68303
26123
21735
47938
5350
7987
15977
10479
83298
37666
26088
96084
95809
68758
65600
18938
96378
75241
27444
31156
87094
44076
46456
44618
92680
92791
78737
82329
66695
96048
51145
34998
22172
72881
82936
43874
97220
15266
70705
96871
52932
96793
92955
48741
65552
58555
84032
78282
50149
27828
25790
37243
88256
72246
98213
80936
81390
93302
79617
48085
5703
30763
83083
44227
19996
66019
4453
33568
81285
75158
30439
50570
71952
39746
99311
53856
14654
99695
32138
64803
27523
74280
18398
15779
62879
16611
96715
44269
9914
92685
92354
31969
23448
75437
76196
59796
57808
80649
93364
39094
55807
23804
89664
44111
63550
5327
97967
78204
5023
46457
43007
48898
20738
61405
81030
83617
94369
94097
27886
4283
86782
36592
52604
26582
12029
28800
86378
69837
9449
79743
25283
81608
3547
31299
25720
83449
36627
23687
61654
58002
86497
21013
6900
7235
82419
87930
90852
93140
98380
35090
97423
85162
71682
66379
11745
63
95179
98123
86252
20980
77866
27888
2588
97765
59187
44660
81215
95814
84700
59221
70168
71197
80234
93421
78432
79005
81351
85636
72145
79731
37078
85920
81246
25112
52299
92991
25175
47478
91114
27779
84810
85333
55667
87399
99450
14855
48411
80665
27021
33111
39886
97190
20660
36473
90611
15444
15478
88314
1080
3976
84398
54510
89896
65644
79622
42196
74987
21149
6026
82453
48929
90837
67786
20948
94588
83589
35803
42999
64254
62825
92463
20493
76367
13123
73318
66978
28568
88796
55292
46000
92772
56042
16863
99021
21686
96485
41217
96673
17635
47243
79127
82916
54432
63265
3864
49020
46854
56020
8372
27461
35197
17187
64306
11564
30310
37624
78542
75230
26420
50186
37583
35545
6229
54446
34566
27915
67283
92135
40941
1270
55730
36420
84186
10163
16037
4403
75535
62892
76775
259
6705
11972
17446
71011
23536
64109
8635
18430
39339
51407
68616
93274
3304
74845
64072
37870
19113
31356
46357
76406
32626
2088
29178
33165
28603
45215
53920
4138
24459
30695
4398
31164
42667
38196
2175
66203
2305
27162
84633
57997
78570
69601
51271
98226
60799
15344
36097
79912
63052
98806
72670
95678
894
1848
45195
29497
47063
99115
49988
71523
29810
70738
19039
72477
8934
21215
55032
11240
64729
56017
85589
59651
25619
36860
57878
86418
68556
10327
82682
31608
9133
71704
43639
10028
73552
88834
55877
36967
87950
22217
24842
17760
92955
43882
90238
18242
81449
45270
45834
46178
17640
31423
5830
43259
84635
80060
46029
53192
90387
28711
1152
99520
415
44791
25900
90319
33626
98130
27286
21576
20347
68481
55688
29655
12363
45926
47897
93812
7549
10083
56342
25189
41506
62172
84800
42493
58584
30829
95685
48971
75892
13190
64844
92659
57981
90744
82978
7959
88874
26616
45887
25574
95097
1576
55229
23812
47502
19478
17624
71403
29561
73967
12944
71067
52491
97744
13560
11076
44925
25598
76399
20817
38788
41243
13476
13121
48340
12806
21081
37214
39423
66968
79140
50872
68544
34369
74685
32399
53847
8661
20154
83408
98980
33099
70827
51472
47195
740
78900
92121
42690
55299
12938
97830
12895
26415
10951
61235
39221
48384
14801
94996
15353
93942
62221
249
44663
53258
49000
98511
61919
69155
98271
60900
18606
85451
28724
65801
2543
23976
74274
45233
95627
3565
43063
8522
46332
70366
69757
1905
18751
84559
96902
50456
94853
75475
50705
39516
28733
99706
54379
90652
85213
69003
67904
3819
54454
12980
85972
73349
36956
76599
34934
32584
80164
94349
57458
26496
64715
27216
28401
83466
28127
41655
33922
22980
17130
980
62496
45863
686
33228
36516
2251
2231
20772
22422
73037
33753
8394
46386
87061
1345
97672
35997
81509
92021
93456
8005
56736
20672
52759
56555
65151
94414
90477
4483
11545
91457
83331
57408
8495
16559
10276
27098
18790
31049
49520
8179
81154
74267
54565
68215
75612
52237
4213
57122
44258
97669
81479
17347
34693
34238
73902
16196
45005
80731
20679
56550
88541
4010
13958
13388
36922
40587
40487
55712
87988
90007
63892
69142
64274
34809
53709
56239
3399
74274
29713
64009
88295
27544
81356
39340
78135
71610
55536
23140
52342
92567
79690
40883
12930
10000
54271
49852
50587
11110
21916
54927
1118
85808
40421
81744
36970
10483
37983
40369
84757
84048
20730
73053
11593
18439
28745
89728
90049
634
12868
42391
93201
92558
99626
22483
18910
70250
72335
85850
81360
94252
40777
98830
96412
81199
96927
49734
91682
34910
6455
92791
18959
27186
82196
46904
45625
10942
36632
35674
11576
49500
94418
21129
58410
10396
43613
77320
96998
32300
63170
94711
42904
20300
93541
39317
17851
90468
5403
25885
41731
11859
18676
77042
39045
17225
23946
84670
28167
76930
36696
56095
26430
47466
93576
84840
57863
53541
78512
54861
85842
58035
49572
45098
78335
59466
84415
96186
66286
89819
38423
24369
1678
57099
1411
57075
74324
41709
58097
18843
18639
94793
91290
61421
42260
84867
62613
16475
54760
41126
71336
40602
99161
37261
85701
77496
13079
86468
90034
79365
92639
28457
20087
10669
1908
37850
84096
92585
79560
42193
27780
14551
36987
19071
92325
95599
20290
54938
12074
75050
96064
99762
32005
11577
53375
34058
5425
66454
36878
95459
62172
45870
40268
82259
72891
58529
20109
56988
67466
16021
99181
11598
46925
52520
47021
39250
48119
67311
94188
76545
58714
6605
76308
7071
18182
29683
57481
23608
96138
10711
35419
74662
56581
92040
56921
45825
66921
93382
2813
34387
25756
18346
62337
89033
87219
9359
28283
35338
93022
38823
11884
51736
61780
4544
75159
79963
34227
48992
19923
46717
59704
71694
21379
16285
63734
94652
78462
30655
4387
97627
81394
46495
15974
43732
35528
3193
69443
80163
54883
62465
35338
83119
30554
97119
87663
5713
93434
38243
54706
13357
84960
30762
85051
22692
63399
65138
33696
41862
95793
38083
39489
93540
84578
71815
53624
20106
91360
23067
16621
46244
1884
51960
45715
32438
49079
49731
54504
42513
87974
25562
72222
89286
56324
73625
11978
19723
38763
62027
77937
50909
110
17427
60801
1041
89242
14425
37499
96955
53844
54121
43199
55728
6081
5266
4519
71512
54997
59023
30377
59323
937
2599
64962
57261
76224
93292
93336
31340
55319
71274
82249
55430
5053
43050
72823
94295
73827
10322
91250
27671
64443
50801
99751
86876
72420
4270
58388
43769
79645
88765
19445
80582
7716
84407
37843
293
77699
47532
31633
33019
18806
13882
4801
23859
73284
77624
34506
47111
87946
42109
91134
68742
9262
90885
55618
81682
11508
30359
41804
91153
19124
61249
71736
43193
45656
25931
43486
39707
73463
75119
72726
8621
5353
93879
32480
78637
71503
83339
25748
75802
25448
16882
44544
34710
24119
16514
32745
35627
46873
74549
26781
82350
35798
98517
25543
97806
40800
69029
37513
14264
44148
26592
22885
49501
20471
71718
28138
8327
55057
70238
84129
96857
3472
45025
47919
27591
61539
80664
79571
24765
71565
6352
7115
23715
21221
32658
21521
62021
1687
75387
92637
62187
1979
31875
11688
38802
3593
56178
47129
75002
42768
47610
71859
46240
8987
19778
90183
86879
16795
69754
11644
88360
92458
35111
12076
30031
67769
33597
92053
85808
25336
1042
47995
27315
32917
76035
66118
36510
48565
29599
27864
7685
93562
99723
70277
18901
19502
60460
5780
52649
46567
33776
41009
55377
68887
53085
85409
53008
3035
93814
38816
28371
94856
3163
72039
44126
95550
54509
96988
44115
460
24853
51800
94022
24576
22077
12924
60430
98890
35056
13079
61809
68833
70441
17186
54072
23526
18947
7081
42913
29113
62249
87637
23970
65413
59676
84448
60963
30537
81436
21431
30997
6289
89583
41372
47218
28013
70648
7648
43255
5704
37080
5064
90889
7521
38602
44962
47399
57550
68395
6665
86663
30644
94302
26985
12409
70330
27785
89725
17219
9222
27508
48216
15511
17091
5940
62729
61456
76588
86730
4711
82293
23810
9775
89534
47683
64730
34496
11434
38632
19243
18099
41647
66240
28753
68633
78649
15435
12770
84726
32654
21992
12234
97223
53856
29326
3163
32937
90782
79752
19667
11846
78397
59829
37973
67931
23864
2703
2428
35299
41335
38023
53398
82983
4263
82152
67968
99265
13939
80738
83991
46594
19083
96226
43817
72939
41904
46980
5876
49038
43084
25544
60884
21481
1725
98858
89413
25590
17913
8193
60889
59249
46216
30639
58584
66832
29143
42904
66097
43083
23642
50088
89677
42725
62666
49846
15664
4570
13178
21541
69961
56263
63437
47197
94096
65162
46055
83509
7104
80321
8054
67993
39570
70623
14985
14506
37455
44128
57410
3552
87211
81052
69992
93240
40130
32659
59438
72146
53581
72617
10039
23542
45232
89828
70740
39328
71343
33147
39190
78447
13468
47244
62793
69390
17867
77778
83896
55322
38258
41306
75226
41822
38711
45219
51414
78841
94230
10853
67339
47811
99822
77379
87706
45054
67207
74798
734
38550
24297
39924
33350
54118
87169
96143
23508
21388
90273
23757
93063
28531
65063
68289
70353
20126
29860
21768
15319
40442
48973
82659
88254
48795
76390
92312
10201
59949
83462
10935
14852
7759
50860
48202
61877
54381
44345
1738
75769
50970
25495
68832
79501
90558
53474
66207
27037
99686
4327
42356
40129
69652
41367
44735
18447
17757
37047
28648
77707
36861
39583
92559
44620
6795
57113
6498
61176
17810
8236
53298
68780
33731
38482
64633
40641
91956
30840
84030
91643
51519
26387
48124
21171
84106
92859
55970
1864
46258
970
95923
83119
56906
4834
44091
63701
61947
50589
41230
79757
75177
94528
48537
25260
33010
29522
82254
41319
60363
66284
49314
28234
9023
97438
65758
93130
6649
21728
11346
52907
39051
23621
52378
95957
28455
96469
76010
6754
63411
17240
2863
54940
11768
67752
80201
61131
97274
78807
2450
57637
61443
51764
2224
86819
65554
67982
96301
72203
6062
7647
41462
45113
47620
93840
41070
92427
6661
17081
99181
86424
50673
2044
41365
62442
69796
37918
39925
67070
33077
42375
41060
94520
10491
59636
81339
76045
43970
77640
48248
50032
1639
6062
11498
49259
16254
52568
58038
22915
86001
57219
25692
36675
75615
67057
15469
61763
21327
71746
45186
54404
14121
2598
65276
40964
62234
62968
17009
6204
56960
81609
72588
74952
87671
84086
24211
3925
53007
82250
43192
55360
55821
68884
8387
47789
52293
23856
9552
89972
11954
71090
60728
26075
73688
42357
83391
52274
5325
400
74830
62285
98361
47419
37237
2384
47857
77801
22661
864
76403
65854
56225
48576
51090
64612
96365
19736
4821
22270
9708
16775
93360
86789
59203
83401
29146
42594
52027
34471
59347
26858
13108
74060
90629
66698
76445
38486
60851
99106
55703
37254
81312
28280
2182
48755
9244
98548
68491
30417
37170
94551
47193
30530
81340
22748
30283
10486
81694
82311
61309
57393
9169
90770
31454
16150
57468
24251
70988
34671
39709
26691
88277
21022
71323
90459
69777
80568
5359
54620
10985
42529
49171
74530
89412
46864
97278
19695
73702
95325
18358
35012
52718
43879
42134
524
60029
15954
41127
47370
50625
80837
74061
38902
18211
61737
29361
4340
42305
51073
58960
53290
93602
24483
44173
99366
71347
41451
35414
45050
53128
53772
96414
5847
97652
38548
22723
74033
70854
63851
21403
21479
44688
11817
60381
79251
73554
6094
83591
32211
57167
58903
1853
67122
83386
46026
66488
71086
3830
1902
32488
56958
72027
28902
79157
69679
83802
1881
60064
71008
82084
97820
92487
43124
9637
69220
22375
99543
75314
5966
31754
48834
64869
33607
15956
64607
95986
98796
35693
99816
699
84533
73126
72726
29787
52284
58757
29941
70517
35173
949
52601
32993
93436
95725
58982
62656
18100
58525
54323
40418
6631
19509
21639
56591
51817
2598
52577
50613
54644
52393
67664
39177
25519
56742
68965
94155
31851
98906
64672
67025
99856
33625
18
9644
29350
59001
88653
63802
33878
42976
20572
56862
78837
42211
13453
30654
61162
66030
97619
15806
34775
65284
54983
76646
38378
40300
70802
70230
39207
51826
37255
55415
85452
53625
65059
31154
28978
70064
94957
62857
13040
15529
36071
8229
74093
49524
55235
35255
31906
52855
51061
66681
34491
22396
59679
72869
79049
30481
43099
34608
82308
80354
90023
84112
33980
71434
15266
62958
41499
10223
42167
70891
42105
78238
79121
32550
27762
34356
67805
76020
3563
35218
59053
38054
73966
18733
10924
53015
65566
54023
87623
64226
50730
93998
48338
84710
81785
63605
64020
23284
90180
22540
10527
48637
778
6000
81187
44893
56709
65344
20913
60272
16914
79967
14679
7233
15052
25603
76600
80618
95978
80576
44845
46708
74574
93183
47770
56359
73140
28143
95995
63321
50683
22875
11958
51461
28875
9498
12706
1936
91194
49972
62209
8109
46291
76888
15342
61343
18843
91942
41961
14821
72518
86806
77882
63445
96342
25652
36156
69482
53795
48504
32803
4478
71379
61114
72292
16606
86964
1350
18543
78158
51322
97104
2619
97613
90344
17961
75308
9187
26256
17270
40360
15126
20428
18242
78571
16770
43895
31080
86253
14042
79584
35408
34873
67315
12874
23517
83921
16190
24867
18816
94349
92542
15920
96968
6507
6264
31282
81816
31803
57538
15438
72164
89016
35866
6758
67588
68989
67005
15020
71594
81048
94604
23354
15921
61919
36229
55790
62192
52419
80657
81009
63120
73199
96929
76441
79707
19546
7723
77875
67701
81613
93313
56217
70629
45531
62976
54569
14520
29981
69589
86114
27381
80545
9469
59654
42464
62050
15444
21009
30821
96102
2018
93942
85653
15299
70383
81712
51197
94458
59587
18899
76071
52900
91468
46700
14784
54444
1270
29304
778
87211
31771
44511
67757
57592
4166
26573
19642
19610
47582
50463
32064
65952
60757
34070
81252
47492
15782
32449
41950
91722
67700
18021
44622
59169
81074
75758
29965
98696
5063
30743
85907
36834
75255
70016
94426
95773
12942
30420
31735
60524
97235
63800
42829
74345
97870
24081
21837
30004
72882
80140
21726
56935
98161
82701
16104
95587
58459
46069
94283
79874
93165
96543
16708
84772
82911
27486
96897
95853
74258
28632
72730
71494
8784
15559
45839
6654
55992
84028
53011
28874
64168
91089
85809
78682
73790
18265
74269
48602
80687
84905
28476
90204
97800
61537
91328
97063
5375
88225
92917
79634
16857
65647
67480
25642
97558
29671
48648
53550
13699
18011
98776
94220
9101
938
72902
99243
35555
63523
47845
16242
64780
92674
22798
62580
54211
14126
59644
59586
18703
68913
55572
51913
50912
23052
93907
48470
69075
58907
18372
82775
76919
33500
76995
2372
50790
66249
1615
86346
29772
65813
18940
94553
58487
41739
73485
29050
72217
49481
88636
90921
18394
60561
59186
69306
99965
53093
34128
69041
12000
52500
51816
5271
2353
45163
7643
53143
11412
25611
39489
41184
91424
58430
52089
49911
16521
25575
78961
88738
75056
83949
96011
9803
60862
55197
79109
60828
24642
29590
29869
36643
82090
98037
58266
795
59552
65910
53939
70964
91521
93428
28500
99297
68210
80590
49208
1083
22517
44521
89822
13925
44822
2185
23728
5685
73735
19190
82865
98377
48780
12734
51372
47222
27123
9639
48018
86675
91901
1957
73991
83422
11737
2491
99071
79948
99433
64631
81031
38302
9152
87205
52228
70326
89391
92308
76011
63126
11498
75228
77855
60278
4314
29228
7501
31437
38867
55519
34464
30768
73828
8455
30542
85565
27299
29613
81865
43084
94244
79249
81387
19748
66454
49967
90074
72197
42275
82438
51675
70126
57666
29531
30404
61981
58759
54257
9770
13978
26128
60587
44746
99956
85394
75288
1874
12693
21253
83739
72130
15497
62988
69869
51597
45795
19836
58023
17992
78463
40461
86020
64941
14480
15551
11698
92813
90662
65955
18935
4640
8436
79522
49386
8392
64917
41026
26618
93962
62279
10358
66092
94128
89698
35961
45725
35493
72149
3748
53486
66965
60562
55858
31906
91394
71409
43604
84207
78423
25912
19494
83063
34348
99017
48801
59092
63934
89827
85711
57896
68458
12421
40341
78938
2119
76302
24663
37613
64804
44763
7451
48121
21677
63309
96379
13071
51070
39984
13630
29493
82248
33125
12556
32948
32142
77709
8392
12428
83888
94103
70324
52346
22876
10665
31284
24996
3320
72299
78961
84476
33414
86412
32597
55092
66073
28976
68163
17143
85312
98146
46636
67560
31271
75544
16860
79765
53253
25253
92193
37141
35708
78869
5839
58585
5887
53475
99933
25559
25774
78894
10035
75540
81658
42632
30632
47731
87960
15148
64874
73273
13294
11510
57185
60917
3406
90398
40682
73011
15651
49227
26504
51359
28096
32343
26296
50335
2170
26229
75894
44296
21475
85929
19836
3133
44913
50469
50864
32874
65617
15738
22499
95263
43600
79684
56180
63358
70082
13214
36369
2085
62441
62873
69797
6889
11568
96093
57225
13738
38675
33119
58034
60150
19049
77871
63284
63962
28340
30500
13188
10309
46239
35687
5572
6191
31724
78104
69550
1806
91318
5919
20244
53759
85145
90041
60648
96713
2486
17873
10452
41161
67345
68486
1312
86394
46357
80948
66708
91049
11448
79897
17710
74039
31936
39634
80231
63660
17738
66133
81819
25408
88404
2063
79167
73549
8456
56168
86615
10942
90393
97067
52104
57738
81905
69768
60484
44615
67068
27193
52016
94868
23442
69727
68908
55378
25713
65491
19039
43452
47976
858
68860
36380
19273
64380
26282
27729
20548
29249
38671
27293
26316
7127
85032
24573
76895
45516
85540
60315
72709
37557
55184
12503
23636
24092
67882
49349
5935
3273
9153
53911
20483
94366
6643
39756
58746
49277
67485
95646
78526
6156
22939
21194
29636
24323
45768
6531
69840
31308
83199
58901
85217
38383
71405
8853
78827
55639
74555
84762
58912
60
55025
79395
94426
61668
35503
69524
10946
2988
81522
89472
25496
20814
10667
55132
45137
72787
78016
14977
20447
61215
90231
5665
15950
61636
30870
94777
33627
21777
95891
8891
21838
50916
4638
32616
28936
40141
18493
39882
43129
15
45707
84977
20829
72726
40110
82319
45513
34478
97296
82312
12045
3879
87977
27995
65515
35200
22772
15494
73329
18663
24385
95167
69579
29023
44136
98515
69164
62629
54750
28645
78996
16809
13623
99826
89535
70085
82145
51400
4563
95793
33712
32960
99673
38042
60955
81540
89594
83727
13387
62923
2390
37772
74443
88321
83148
18579
3188
68664
97560
57938
97310
76556
74747
27285
92734
80634
97370
91231
32034
18285
3377
82099
51245
3050
36493
12200
942
26087
12279
14329
89010
31021
68454
79805
19342
67954
14736
38882
36618
12296
96821
33928
5205
87920
77565
97939
84907
74935
5523
33293
9572
8900
31744
77169
28302
68237
5721
29244
94324
34352
59926
99687
65373
44732
95844
1067
12686
10581
39950
65656
39229
53123
99585
44434
57395
93502
58726
42302
68438
64249
91948
94362
73149
23692
87884
17803
91930
9957
47047
86254
44310
23325
2293
9683
84409
98138
10751
13447
25071
50701
79104
64300
3824
95041
25087
77571
88543
165
19874
73333
80766
11822
67696
70267
35514
71932
88070
43796
81889
51469
46403
26199
74795
48696
52235
75556
63186
62986
89004
88257
30039
68108
68910
50215
63149
10349
27786
51692
10514
64012
25026
91280
75834
9074
61547
27701
81006
49617
71497
79247
17438
17900
5447
92233
82949
57682
84142
62487
37020
73146
50745
83411
41254
36007
33626
20755
46356
77764
72447
56870
41777
13825
64502
33963
22899
42401
78016
20257
8370
65866
99505
25808
118
21304
34394
83067
78986
18536
61907
32358
91682
29004
32121
49288
65011
82099
86395
11367
59863
58842
84589
17992
89020
65443
68308
11919
7844
46324
48529
16214
12190
48034
42022
28661
69338
92768
11728
64676
11304
89987
13386
19338
18991
45507
84978
84002
27606
71373
11721
87469
30216
12662
21814
35588
78105
90122
47507
2301
36446
96036
34867
64989
60422
93242
93650
29760
86010
21730
94436
97315
11718
7822
33005
30709
69681
17984
31064
97287
89357
42785
1109
35925
71800
22923
71513
49905
13045
35373
68559
65843
47761
3426
47184
8184
96668
40834
54296
82679
78917
65085
96346
90635
89259
45703
37696
58941
63687
68760
56228
53045
27898
57337
5322
99698
96612
76836
65955
26009
28561
34514
8205
76322
37941
55389
858
50961
96224
55155
49992
91493
20240
62690
82128
9499
8394
36176
68440
72081
4937
41021
41478
32835
14710
46801
32533
27675
39989
98488
53684
84902
49355
61889
77576
87296
17279
78435
54609
29855
49942
4602
37700
86534
83644
19828
12385
92038
72356
80826
64120
77293
38199
21950
26480
69261
68751
59013
96936
25092
73854
50621
9994
23209
28862
87571
26857
62493
82358
97818
8700
32300
18772
46400
18834
2417
82580
31219
94455
54937
28397
58575
48582
82948
96878
75063
52210
65629
34076
49146
7074
24282
16119
33420
63843
44982
20991
90700
23827
3349
4871
32528
52001
23643
95280
87187
26060
77861
18407
20516
49150
63156
95443
97732
62457
92321
72795
14667
74303
23224
80165
81377
63858
96285
14797
27702
57619
52141
34754
81446
71842
39625
30326
23844
63269
25607
27383
89329
19820
62142
26197
85322
25299
21641
83054
87756
13962
72202
18775
4617
11778
98940
2346
75636
11577
17144
19690
69196
85637
54445
66995
57479
10422
97321
97675
90043
39280
25059
95725
75452
87201
21922
77126
28852
43563
76533
32960
73878
48735
68087
94847
76865
67028
97194
68853
94957
30690
88544
64154
16327
59341
47501
90158
86115
44822
87834
76159
455
29245
71884
92259
32798
93806
69386
78003
53722
45919
27315
43952
11006
95403
38799
87871
78783
35993
56724
73740
66683
61620
54246
99362
37313
1747
89521
23429
62922
93707
99588
79729
22952
87824
71988
72102
97982
57726
66457
68056
3645
93773
12008
31003
5528
67160
18874
84311
19505
91951
74403
2541
69923
45002
1903
7237
46749
7776
30666
26023
1483
46606
5752
40787
50782
94093
12890
48764
51819
79347
33173
55465
89472
61533
86468
95000
28693
21695
95663
64551
29998
86419
67092
99921
31421
85347
7158
78170
93124
37824
20546
10959
782
26298
51747
51564
20391
80989
16681
72211
76688
49854
44028
66161
11387
46848
77513
56433
84895
73177
20984
14893
59596
4428
14815
91017
6127
21973
85539
15603
76150
6085
26563
93284
48736
94662
61201
69127
75651
77882
57690
52339
44088
18070
34852
55475
64919
12366
11908
66166
85543
49244
81060
61491
70024
12227
52508
76152
34200
54399
91755
26702
76837
18318
36339
25573
29332
97540
11052
4983
91774
68743
73675
35862
86813
8527
91337
68084
20893
19598
34251
6436
85194
31663
67927
55219
43890
36787
31371
94442
7539
39478
21145
728
74149
73836
26301
3481
71376
53705
8465
63150
38800
82140
15364
25614
90667
23053
10050
27913
59003
60653
34349
44198
92316
18629
99417
36206
71768
47140
30649
95659
86618
68146
96387
77119
41982
22688
80601
29710
92746
5418
9212
31546
3910
24576
73512
94577
47629
83563
38842
6633
60568
73192
67183
52885
8173
82952
5443
96293
30092
36092
91953
33062
20590
88340
10182
78924
27381
7135
8634
20127
12553
34198
51673
16463
58774
41538
27392
22756
25101
66235
45741
2021
55779
12924
54906
80304
95876
60350
76597
42320
12794
84902
91734
33385
73243
18268
12309
16976
25403
37296
53455
54308
71494
21480
87123
46621
63018
30868
85729
4471
13455
47822
6493
69234
60746
61399
65890
72974
38101
58839
31646
50896
43742
23380
633
33337
58001
29294
66665
99756
82942
20120
54065
70789
41600
57540
17410
4619
88408
19491
9090
1863
67313
31935
87449
44411
93335
53339
33737
47788
28531
81735
98684
88625
21467
15669
21962
79468
44964
4979
79225
27906
25099
49642
98695
66699
7182
32457
87670
95591
68300
13113
97454
51965
45048
1256
12728
54735
70947
46465
2524
99478
28200
1208
88103
66020
33230
26417
45488
78194
31396
24713
22452
72847
90707
37500
55899
97890
86309
43569
93481
70962
73034
7287
22927
18083
24895
35656
72818
95843
82121
91694
95321
26674
9255
99777
92694
42485
26194
54534
37031
73943
95600
59483
46790
86307
13335
2689
84197
99645
62611
94030
70607
35645
17670
9886
70080
42565
45542
59251
38408
44016
50945
50082
87042
60200
49859
96088
19037
92405
50622
56068
82700
46222
31904
29491
48882
45239
48532
33079
61236
27495
43462
48195
79493
77484
58082
49573
20049
3624
25176
74810
63992
92474
24892
51034
69026
91103
47122
88064
83508
14097
44132
82561
60319
76036
12052
9201
37628
76936
58633
98864
20784
18447
47060
277
95931
5142
66202
15980
25118
91379
7142
89111
83853
32034
56497
69231
39489
3620
57295
39350
17717
17780
21911
94388
93816
50315
19942
47796
27251
94927
46661
64387
13374
93721
64664
9305
15215
30867
41637
40333
38598
48780
45796
38803
97166
2294
8034
53008
22266
65330
92358
56335
99462
30621
50723
9630
80936
70665
57427
24539
65592
4088
88927
95318
14161
53591
20975
29376
810
62613
86061
39408
27745
48210
94563
41263
66856
2598
94271
89122
84280
2981
45457
83742
33602
96180
93372
14538
83198
50799
55430
65142
71239
44357
76813
85400
14300
97788
31128
15111
76753
33542
70871
4498
98104
65435
62114
64960
68033
72737
54082
52313
75719
15891
52407
25673
28423
62131
56564
27973
29283
11994
93116
522
56351
69929
2275
70651
84069
49755
2114
60823
83297
72986
65321
81401
38421
43787
62713
6454
16525
33147
75119
8596
49038
43878
50621
77462
6009
7185
5435
51644
19179
14903
52167
91882
1184
70794
78886
85254
20549
81000
46077
20199
70338
27750
17952
8759
87890
80666
31565
20767
13813
23036
29363
62852
66914
79984
56666
89276
3522
78453
40920
39053
9709
9439
30936
10893
80233
26174
12499
17135
23526
74928
37334
93865
19031
55286
2624
6921
52304
50542
27688
66118
73578
73403
45322
56845
53387
18340
62473
73261
96793
3393
12315
22854
29185
43251
50100
9418
69425
62599
26553
92951
37528
80239
3168
72911
35526
5793
79832
87830
72687
7520
70300
46265
80923
15622
3110
50662
50314
65583
40276
63460
85329
52591
86314
14514
95842
36414
40284
81619
99014
83190
90922
52894
63429
94091
25805
15307
16236
21989
19490
88923
45861
6142
51540
43136
21765
71003
10150
88431
52938
50426
51891
54619
3017
38206
85485
15211
74620
25770
13182
89986
25312
4105
59232
5093
14548
1389
36753
47136
23378
56243
52411
69239
78737
3951
12375
16854
91306
22526
5286
44245
89304
57177
98864
92322
11735
84350
7533
86356
26472
20716
92694
68136
41173
51927
73229
72073
53316
26334
19209
93047
82577
87972
62286
61315
91923
91014
78169
99582
29892
99807
43827
19196
56985
59043
11518
68720
59745
35404
71428
2569
72472
64123
70705
13645
32402
43935
85718
85718
70269
21279
78765
69199
9251
57404
46866
17526
64770
41387
17108
94662
57547
77287
30210
14532
52683
58081
99604
12428
93485
87385
14998
65957
51508
85703
95954
262
45990
98024
85980
32612
19303
81098
18163
44906
54854
81381
78784
19624
39120
95893
30638
96667
89532
60848
27551
42215
18929
43508
70996
28766
30893
85994
11075
82401
88049
23381
82663
50392
21405
84995
99356
57060
82445
33871
1966
37299
15252
80751
73275
70724
92996
3913
83744
82528
81114
11295
41096
43
54803
12092
45162
85696
14438
72589
84449
18839
95971
83464
69231
17376
84812
84939
74437
67257
18810
92755
20909
50414
89858
94184
37491
99206
14450
21235
81735
95564
48882
39183
11959
20038
67627
57121
22086
82065
29711
6536
904
25682
6352
86488
59410
91164
71427
50199
74774
6590
59307
12035
57004
49165
22571
10847
48372
37021
32082
46459
48937
80965
1994
60897
1003
69621
34370
23089
51686
80433
45977
68942
22467
68682
55430
81878
76198
43210
48429
50972
49800
7736
79359
23156
56902
1931
34004
21626
55304
82438
84437
4242
79755
86431
81491
97110
56052
15861
20200
7738
12647
82529
76680
35114
51211
48463
33344
27410
8025
81774
94734
57825
5862
74094
97333
79116
92377
47689
742
47681
46480
85179
51923
26235
87962
49766
23346
44014
65628
59898
68104
78275
42427
61137
29741
9991
9600
63086
53753
33977
61212
48487
91802
67074
38933
5487
46191
31310
69529
63285
95344
16009
64817
63619
42244
52779
13386
81942
13146
95366
41840
81250
73641
620
58739
19734
10611
84691
99172
80716
18668
60384
45555
10470
43811
84489
32310
6354
32151
1839
85991
27495
17848
50808
91115
76444
19940
4501
58387
33086
99867
16579
30688
89860
17199
89428
25946
44162
74119
25119
41230
9140
1855
86786
19610
45666
71275
68272
68372
19778
86463
54364
47274
20663
21524
38389
97108
41464
59242
71847
90902
75461
88426
37943
65321
21978
43723
7619
82492
17842
32738
23723
43334
34594
10509
79297
96612
98136
47569
64985
17914
34033
19349
65188
54696
40873
19929
68156
98690
95523
40003
89592
70984
44782
43887
52657
83112
87610
60277
65604
21805
9367
89327
65139
43961
16188
44436
40574
14324
92006
21911
32239
42391
41260
13779
97087
98485
50061
81596
97175
61936
21599
3120
49273
82733
47007
1930
65845
34618
78559
31450
56423
87927
37129
21562
48240
53318
65999
5166
83994
74357
27077
16233
16748
84689
46365
30187
83175
12778
11783
80350
91066
49735
83470
40339
32468
46830
58622
98314
81448
53533
46116
37871
57812
99597
75785
6053
52915
41784
27571
36910
16141
54649
69495
49241
39338
32212
79429
38865
61342
91212
19216
52409
40947
19038
92748
89768
65868
51370
4434
63668
4904
50550
1539
62716
50147
93677
85121
19415
35461
12693
56325
67955
83694
42172
33548
39384
74385
12977
78250
35727
20542
97466
88136
61489
32856
97237
67609
15077
48607
72043
78745
69863
38945
96637
48932
89093
90314
50405
24860
42127
63098
97537
26434
63144
39709
59983
2529
30446
89312
80779
66174
9854
94597
70662
87696
27453
84251
55305
58882
32859
27349
53980
19074
66294
50617
84358
71739
57283
34764
96599
15762
97862
94136
42197
77359
50198
18532
79888
80644
7844
60667
63170
34051
55264
50185
21747
99069
34436
77052
57952
83647
20753
11932
2722
3400
78901
87080
75139
52536
38196
88091
68298
52411
98579
26847
29770
48777
45379
9658
29422
69576
70325
8944
3627
41941
59129
25374
41010
93566
18778
15314
77213
39532
43598
79935
42932
38851
83368
34423
91387
21564
22514
59686
90327
21094
86533
20097
86223
48265
29755
31997
17841
16432
40942
21468
58373
71
46842
99384
93637
65620
31050
70851
21504
74649
67138
80788
29852
50506
15212
21240
88423
54078
80926
78750
91524
83811
15200
77748
32076
44955
9745
49917
61388
50687
71385
19761
67111
34579
35497
60748
16552
82900
31599
38056
73901
98738
18845
3753
65596
50409
24993
70371
4487
22271
65474
12364
6083
80674
90112
54511
41981
16209
4429
3369
83249
92166
39483
50360
43098
91332
11108
59650
74232
59060
14058
48133
74150
49255
68239
56098
99664
93232
26470
20504
31856
8296
32868
37939
88970
39332
8802
30951
55541
29583
50673
38790
21750
6508
5502
81200
97840
32963
40850
88425
92023
71260
52910
66173
20516
21149
22271
36532
30734
65093
57036
62590
89741
89904
16881
78711
29236
25683
26015
1130
55267
93040
56272
93369
15900
61775
74569
30092
94738
31771
18517
3113
3031
87780
69286
39899
25281
7909
76432
72367
89355
33468
34957
79096
23373
68190
74160
68961
10226
16527
70091
65493
25919
42716
75214
41819
4491
66135
71911
15581
97906
6781
18694
17289
94561
4332
57189
36194
28593
33621
8562
17948
67089
59871
13397
6814
28062
3909
92128
38288
20436
78571
20133
62707
21287
95347
4526
25778
61482
76437
57711
75740
83218
76405
93029
94131
80737
50218
30326
9331
83839
38888
43631
67281
98759
73380
74095
43173
77289
82575
81461
14077
61147
17946
76784
82434
29645
81310
24565
7479
74100
82276
83219
73670
58682
92601
67802
55771
59171
98128
81454
43011
53368
41438
26644
68479
14818
17091
11653
8460
99667
9466
22537
60814
43765
15674
43248
73410
96984
67813
80890
87436
50090
80461
61107
25124
73062
28909
97247
32234
43389
78702
91597
96757
20140
18241
81588
34958
51684
9593
59770
51351
35412
82308
12165
79177
97982
71766
52587
11318
55931
49829
98755
22373
30291
76214
47497
3353
5123
44745
51939
64864
39799
59888
77973
59939
94481
59561
11249
46166
69155
71020
97517
4567
69680
26035
96
84014
14153
52683
95332
70084
2513
10439
8810
49156
86653
72659
68861
8128
17404
20801
72992
73555
80689
50965
49846
75171
26879
61096
37689
12386
48468
35206
33305
18148
77593
33401
18514
91746
2436
13846
78183
21301
40638
86993
70457
27291
59652
39319
51772
93409
76472
24764
83316
73513
92082
33163
48684
18961
94259
86373
31347
59079
37932
64652
93579
31877
14405
12093
39976
16841
42291
18159
38143
82929
21504
24952
26573
97508
64271
78345
7269
57095
19461
90586
30609
11543
23749
95645
46856
34360
98371
94555
93439
52655
59207
87018
84532
89964
15463
24508
6806
57754
59019
61301
40684
96875
86253
67257
10736
66877
61954
18005
23972
81415
24943
70933
92959
48692
66579
56167
83052
81302
50723
92843
33957
26282
96213
34841
16247
11676
59350
39405
69431
34721
706
10115
47949
86959
93724
58685
70188
55678
93042
94161
53445
17986
65094
62756
83030
48025
18924
66083
29327
69647
75278
63284
95929
71492
14478
28528
83168
73828
67933
52599
24901
68639
79066
89202
71951
89142
64239
42139
61172
57282
52652
14618
91620
34099
77374
74650
82124
12650
57085
27804
98649
32364
7440
94579
3856
21918
39459
87024
12098
7393
55976
53352
76032
51394
42554
64335
40537
6794
22827
1709
80428
75479
32679
72048
25930
26406
63050
24407
39056
20136
52211
37706
52500
59651
48637
72708
97922
88096
76084
10020
95489
32060
79724
87874
83455
22279
68561
40344
45425
91388
42053
42205
83220
91085
30605
9150
17491
93655
33557
56547
13791
2120
10605
82643
78124
75594
71703
76046
63691
47788
2418
75532
96200
82143
79758
96007
20774
48320
36351
82551
56060
94757
24756
55632
85842
55361
64783
3333
65368
14692
76232
95512
33165
3190
78155
11289
78784
66211
3687
58827
13999
22457
34360
26551
4600
30470
22559
41726
95142
58910
40629
51203
70019
65385
6835
55861
37098
87970
75546
2467
19015
68131
97979
52180
71321
92486
63469
66457
58697
83508
25285
89048
5965
75997
31952
26918
6467
54511
84996
1610
29773
25626
69165
99793
91011
76000
72006
44462
80323
47553
63281
99338
15684
61260
51518
3357
70098
31339
69814
45148
14847
11451
50548
20812
87448
82500
64082
10268
37011
49079
11878
66785
74705
97395
82930
82068
73395
54936
42882
53718
2489
6163
69408
34525
83775
20926
37882
53874
52265
24049
99022
83464
35500
65922
20629
39301
48423
84711
49569
85434
33790
77799
68571
24847
75194
51501
6916
64941
22790
49798
18660
41631
72314
4420
76157
56089
25347
30391
9963
93964
70792
25337
77429
6293
91260
14410
61946
39683
99121
11515
41469
49264
89314
26393
90463
64508
94246
97379
29449
17036
63530
64461
58668
52196
68882
51177
8285
10581
81568
34601
4545
68713
76290
98326
91358
83902
12736
53304
39937
28210
64819
81407
77474
70485
7800
67937
34993
2046
81669
80794
35435
61551
61608
94103
30099
46842
45280
38384
57423
43200
89337
78320
28265
65628
76647
19623
49530
5735
72927
89468
33945
37746
87227
27771
24583
95027
12061
59576
13425
10082
56723
48860
87985
18331
59315
18084
81525
20947
72820
38948
64148
62158
17268
92413
27786
10267
28389
93668
32355
1316
83136
66300
55415
70363
10424
79998
81742
38837
55927
11520
65271
12650
76732
53256
47333
36048
87692
28858
56995
60512
84158
37495
39022
17778
46261
66808
28046
74650
76829
60401
92318
59965
43053
47733
46681
69829
44084
44775
8666
11
72647
90289
29013
49380
43545
92698
1780
47589
37908
75127
8102
22066
28975
63476
39844
75236
46637
84242
66238
23466
60995
58556
99783
20401
22642
62816
90230
83078
7592
15249
99441
80239
5538
44806
45971
65436
37504
47751
13025
91764
39231
37479
13830
68206
956
70026
43442
47593
70621
26032
87411
47968
940
87194
68369
39934
50011
58600
23012
73955
90201
22453
70546
12091
67259
16518
77527
21115
80621
6905
12879
19852
44384
43061
4410
61692
29440
47852
25637
61
90236
13048
64381
91177
16595
32751
31111
66606
7703
70476
56913
97904
92929
27459
26347
76541
60329
3875
97656
57303
10780
26888
93507
71516
69949
97918
33209
15741
62122
75198
32154
52359
88247
96536
59888
4842
29287
90999
87800
53342
77827
44713
51246
70757
88524
77593
63650
48854
97820
77658
6157
24952
4546
99664
96469
90848
97582
46030
6589
59705
21228
38744
28416
25827
51632
88304
47021
80919
95655
34821
34261
73483
95886
1859
44240
84411
95804
24242
33265
9977
1900
55774
34929
6447
55438
47750
97295
69373
10132
20236
45430
31361
75332
73846
73540
26964
62150
20562
24235
57805
71735
74848
31288
67622
93059
91880
68385
88864
32474
1650
15193
34375
73776
50122
57174
45566
14225
70821
14939
24357
91057
76721
72070
82742
50567
45611
9706
29069
82525
50294
3227
54260
25142
50867
38234
18202
59100
6619
23418
91574
24621
38611
42301
98397
5085
99475
60316
35662
70296
75255
60020
77706
68329
48442
60448
18896
94053
86506
64318
92930
36800
67545
47191
61943
18412
1777
96497
77512
8397
19915
85439
49370
74878
27740
47768
96315
27216
8084
31978
13864
99691
8350
91570
68020
56792
52018
3269
67198
54877
83939
60128
91677
51484
23671
69972
86248
25449
66469
80113
50198
2736
65552
99568
93966
9644
63688
90282
36860
88124
38612
67077
4168
63314
58647
72188
20106
27018
91809
87304
81895
75748
63785
89924
43584
3808
59897
29833
45609
26366
9946
12159
45455
91850
11728
39421
1494
91768
46055
54707
79893
1019
21784
84061
64333
96783
72601
84440
40153
80763
88096
38400
72863
68233
28325
16448
72042
88222
62633
34003
30940
88931
46163
92747
80781
74243
32169
98627
66011
94576
69686
62256
95596
7822
46317
76281
4606
35271
77073
44759
16034
81522
83160
5249
49755
27837
21697
38149
16059
84330
72153
63351
73261
34668
56099
70394
8911
4620
69022
74922
15548
55060
37179
27496
62883
99848
3778
83841
51471
80851
44952
83857
62373
44464
89107
28481
72301
10804
66630
4712
11487
55135
68064
84748
89803
24163
71495
98714
45135
40517
89989
60683
95577
27168
88180
74812
43368
91958
58653
94840
89161
3606
78697
51535
48070
84156
80016
20372
94961
62998
25084
6448
34486
93148
7548
24289
33663
79043
39356
95150
35912
29345
55834
47842
72865
60366
22654
32585
68676
81308
27425
57837
84914
22475
25724
32984
6631
22092
69708
17944
85091
94793
40744
35929
4293
64645
76570
54309
43688
15926
49459
95953
61623
21645
43795
34488
82011
82801
67074
50687
64109
10851
24877
65375
49678
50601
14712
72662
72694
84420
90606
74137
95565
31351
10066
99859
12348
86636
70520
56036
18915
19979
68341
80538
57977
28488
31379
56340
11290
14805
23380
91751
42008
48257
57127
91687
98858
88191
64349
87904
88963
71307
62041
84529
19010
72107
740
31358
75096
71260
3747
94011
7591
72088
90901
81920
577
22280
38261
11867
37085
61641
19970
79094
9898
93449
87133
25108
81640
51482
13013
70604
39141
75054
71485
58152
63514
88577
89510
54962
76189
9609
65325
83780
81698
56226
82053
98627
78507
20314
26846
15592
98307
46816
11038
24557
40266
98171
49665
38258
66005
79030
25214
5147
70437
96699
79651
50303
85276
85513
5265
61465
95123
70590
61598
93173
26816
60003
8152
21675
80317
34998
53620
94976
98166
64658
19533
54784
79182
69198
93043
45187
48229
34609
66686
35018
31309
62689
85321
32937
48203
90586
10755
59678
77528
88705
52851
4344
48708
77355
42372
45377
12353
95992
40353
26871
60650
59886
81656
56184
45436
91051
17724
10017
25660
762
45035
73321
63452
30356
6259
11655
20942
33366
87685
98470
22071
56888
19167
87131
34243
61539
32508
46596
73883
72861
89819
34533
32747
71475
7070
94535
62526
24794
4553
4539
25556
49588
77860
89008
96297
471
17015
17239
50189
4700
32062
72260
77940
67581
75743
12183
45472
8251
75131
19355
81112
64951
70240
30211
52778
77310
41099
31657
2104
45652
36196
44013
11592
14056
33021
7889
30880
66389
41481
81069
87441
89895
69682
65382
57476
45425
77565
19300
53677
69049
38655
51141
34000
25247
97705
86778
2558
38804
34787
21014
808
70983
65027
12400
1392
14401
20290
32272
80790
78123
29693
84583
68018
99375
49965
25494
61153
43883
61146
14830
12932
16153
82323
63284
41400
96380
66414
60310
35184
1202
97677
52344
72185
79056
64745
89929
93457
1387
22201
90599
79510
68247
75183
63880
67622
25148
5726
28775
69031
66872
59957
98315
83025
58633
61599
40777
55013
28014
1088
6550
29216
98765
58894
17753
77821
39991
7683
87631
57730
46236
78230
53592
14483
69765
17472
98458
94914
23198
27233
80297
90070
3543
78613
89447
62176
56564
30225
33541
84578
31313
40091
30146
46430
15338
47900
40603
71681
55583
28234
29412
1819
22817
83004
16303
92582
16829
14761
3848
40027
58346
84146
46450
78241
79111
52249
40417
35675
82474
73959
36606
30139
30402
66752
92921
45740
31004
33525
17422
86587
78111
63186
4759
928
62542
21062
93511
79371
52175
13711
35751
26873
97857
98553
5115
93320
50802
61884
45348
33277
52195
98306
63416
82598
65058
56338
44690
96063
6215
78464
99002
84326
58002
3761
85255
20545
41175
95118
16268
9702
8829
52019
36576
23039
50572
41691
32711
17727
19927
78059
51004
72123
92717
30772
71073
74128
3462
15763
86543
9677
10580
85545
10356
68582
89307
11963
5479
46834
23433
21748
56537
32262
90119
93113
71653
57044
51156
4365
74771
71083
98776
25775
59558
91494
72899
30631
65622
92714
62747
52165
18743
89679
54062
29099
74613
59721
41062
80093
6556
64495
18193
79445
13110
8312
72558
1115
65356
40066
21832
40127
27501
20609
82254
87060
28455
71506
34043
10429
64220
96790
78946
82963
2821
33008
12063
77435
9082
69477
57528
15638
50325
75721
95083
79787
385
83993
80902
65742
40411
2735
22221
67912
39696
20828
71324
84503
92334
21720
94932
56554
34862
90230
55869
37684
23238
84284
15119
48672
53762
88999
64310
20439
64720
75745
226
81457
76090
97480
47199
16501
16567
85773
766
56263
6601
88442
40766
15287
26514
52050
71841
61377
42280
44062
99061
81871
28347
14180
30543
82109
3179
11206
18900
84251
3303
35478
65708
79394
32958
29260
12247
65878
31385
29365
22141
37986
34160
79260
69625
60674
47662
57818
22051
6295
1880
37464
88166
30227
67996
35061
28688
71175
62619
47588
71778
65923
83066
53839
61669
32377
99451
90268
98255
30836
35986
36748
85174
70146
32360
54799
47172
96375
12617
85576
2670
14497
23040
7188
61077
91037
58601
89765
78564
21221
37354
66695
87144
36772
20534
65165
85501
19985
55433
83756
50821
91419
36857
52347
77917
69217
7146
25090
65592
36115
10666
84614
66964
50058
91802
28041
41095
50404
17807
36012
71625
71513
2707
75121
24637
23241
56638
10139
59578
12071
93895
26751
19843
30752
79098
97760
16322
2596
39202
98266
38711
66220
82881
22027
16279
91035
50069
73726
41439
84228
9738
29416
55741
12445
20889
80378
52038
77527
6869
11616
89599
765
54719
25794
47869
33817
39906
80543
52765
79109
78810
7828
61681
78043
29856
77960
69078
79925
51687
26870
80505
61425
56286
52598
90223
77176
49328
58613
71055
56198
70230
60654
73315
41301
2800
37536
91471
42707
18080
44236
38168
13242
52065
99849
7637
81921
94162
76715
78198
45849
19937
75055
23626
92576
27653
13849
69752
76981
88815
40807
33179
59045
17814
6494
16698
36966
44031
8169
96025
78463
52406
34193
91705
20823
50395
15694
19096
44557
8761
13646
6758
28699
88701
30384
21275
16354
60586
7379
93335
49401
64538
42867
24798
98704
65713
57848
35671
9744
66018
31696
4559
34776
82242
12616
55599
48989
28310
74695
9898
37072
4693
16656
65771
93394
63392
3398
9748
40330
10777
19435
6083
91667
62302
47233
90372
28016
5082
26043
54112
71100
74091
58672
22228
72685
87640
77827
38026
15951
68874
47924
53023
73567
80932
35146
66961
60677
38544
93061
1007
65673
28848
23443
57340
7503
70676
47712
35519
92110
90107
5983
79562
80551
81007
1790
69588
68648
79617
7615
84599
64843
71891
53974
38410
52824
5472
21723
13501
60368
31136
30860
26041
59985
70655
99733
67488
41332
63798
19359
49794
70257
41694
29357
67160
22702
31147
36749
91350
10765
60716
92301
91960
32607
62627
30371
1783
68099
68446
31636
28467
99583
78849
70860
75920
49504
86945
59760
7188
50743
79119
56983
37353
37165
86340
4513
59867
17487
57614
67569
44604
18330
76222
36565
67290
38849
83288
85425
23300
51734
17062
68119
67669
12263
38979
59941
61767
25925
19701
85308
93020
15172
42291
30373
52338
44983
34887
28557
62470
92501
96127
23427
27184
72349
59992
94474
27551
43280
96251
50851
11366
29665
18971
95388
41928
74302
55329
20048
16579
91383
5356
9600
6555
63999
39973
75245
8982
91212
3803
87804
66
16282
11231
27250
88631
87575
38076
32534
30855
34327
99738
58574
63993
35061
53962
5921
9363
9291
25969
42295
17026
47677
51895
23582
11676
8220
15179
37010
99433
18982
24815
99499
35264
52398
43101
40248
39974
81177
72782
87181
15504
88872
45755
95849
23933
99717
1771
49649
25361
44092
91944
42387
8122
60191
82321
36150
68411
97501
73161
84196
32835
97976
47
68100
66726
43148
24700
6700
24325
13834
93882
56182
2707
39637
52031
42992
55707
70154
92641
97420
30599
937
56159
38721
77480
54833
74871
45892
52334
48032
46440
1521
62360
46488
69621
29087
89636
94321
52139
30314
8156
46021
86496
27215
2011
54879
70207
74070
25034
79201
71490
55633
96490
44001
10706
73971
98834
85577
36215
67520
49962
82655
69042
28674
45495
38663
74113
35132
49337
26253
81798
73845
88626
68294
17412
6989
23173
3971
81059
64559
83172
68901
20192
96015
12903
47250
86338
11737
32828
22553
95610
99142
21560
64652
27816
67056
19667
18282
18540
69004
60887
338
59201
49513
68632
92965
72855
8157
96937
70266
72717
96461
39168
9261
92476
68423
56512
78814
96512
5692
17719
92122
4834
39280
56774
49002
6336
76442
83636
24876
61798
44523
41566
37352
10389
26550
30317
83244
34707
27254
53510
23776
23716
9030
33038
32544
77453
5902
27711
90318
11594
45430
82440
32780
84710
39215
98134
7398
32009
81771
32274
10159
42646
90192
47511
53035
16742
77829
52631
51450
21435
22494
91578
61503
47876
24616
94048
41682
46870
21759
32000
58464
67189
14440
7596
68252
70007
5731
75650
18368
3854
24277
28528
62852
14469
76039
32240
31212
70220
84871
99014
8008
23717
90592
69511
71594
31561
79911
13276
78431
18022
45276
53248
1564
76068
60844
69816
62428
82927
45466
80796
3133
86095
9324
65986
565
1716
98226
48129
88288
99449
47143
96296
39519
54087
65808
11113
85648
45719
40741
80432
63742
2369
33680
65306
78437
10876
51474
57217
10156
96940
38014
13289
83036
63690
95627
99953
65406
10205
48082
53695
9655
11577
49991
49174
65664
32151
76639
67665
77871
17380
48097
57965
36101
81777
39623
14538
92653
91097
71756
2809
4389
26122
32451
3777
89812
28078
3730
71571
38284
68164
25266
64291
96093
91609
29817
61758
23761
6456
29423
17984
40188
77520
92301
76289
75649
31924
7179
68302
39373
95287
87464
60114
37761
19915
63892
27574
64345
83974
99145
18981
68491
40763
99624
64584
48724
29441
26342
72485
52249
72117
6821
8789
65989
15474
1430
41638
63750
8610
9941
3123
20249
13757
63238
58011
50024
43482
1937
14369
27456
17434
49703
12299
58197
49327
76884
23273
95121
19578
95759
47370
91696
18932
72512
57685
34407
73942
15676
98157
98904
41969
17633
19154
55726
97223
93517
5750
40705
11806
36471
84513
29240
2526
96813
3789
51854
73697
27062
46975
93275
39173
10697
1323
74458
83209
75361
8865
73504
91037
23374
72408
33006
57359
7914
5084
54582
17783
10834
95287
29589
63657
79801
58829
66184
92966
78970
34390
66663
6033
97717
76290
61558
8414
93966
36016
7976
85679
44881
97832
76716
84608
70240
26074
41967
94507
31158
96550
12290
41992
8189
41880
22001
4342
17061
88185
97308
12384
22575
80323
18417
36644
72966
79975
45059
83284
15992
69387
68963
77225
67219
45679
78185
53811
71753
20153
48318
2911
33055
76961
61255
57596
35193
99608
61939
68606
87794
75599
80990
26721
72275
15759
63366
45241
12087
24777
28525
44431
10516
13840
21656
94087
59519
16194
64250
47624
52699
28921
66887
85754
5882
44494
43350
57427
44102
21641
26033
48248
97241
7024
91322
85868
22783
71040
31109
34870
12169
75986
79301
22685
6178
17310
33124
65697
49856
97374
29673
2555
26295
12912
4661
48529
73758
64363
5956
17860
86005
31990
82461
99598
55366
73783
85466
94501
61175
32927
45724
73344
25265
25025
12381
31443
58687
45505
13492
8543
59231
43165
11098
1879
72429
15759
50408
46187
96475
72717
80399
82480
21059
62860
98430
76425
52995
83896
70926
14170
33175
33002
87514
58440
58028
99895
89883
33067
61752
19727
57963
20984
62892
69061
22863
51673
1173
89623
97860
97648
62340
94611
96480
99751
57472
94910
76176
26819
95158
63455
57342
28333
96457
61208
3125
70837
77456
9360
20257
39208
29087
78220
60192
8331
47281
99407
60004
64806
5383
74216
78806
67723
68827
91638
67475
42651
2900
60003
85823
98058
39810
43165
42743
52620
4373
62220
23457
81829
71580
43714
21038
17019
21934
97582
25350
85568
13342
1706
66726
18725
92274
61885
2800
61102
53523
86627
20105
56424
46631
5928
70834
2793
49093
13578
55413
69819
92150
78871
51648
63731
38937
89038
80750
77224
2973
22453
62792
16315
24159
45870
35040
32786
7755
54192
93888
77631
40820
30345
34055
3803
36274
4889
6596
1719
34819
62010
71538
26970
57233
39539
7053
96170
28577
4155
89746
31550
26608
68890
64217
67120
14761
15609
99906
38868
69802
10146
16499
26974
40491
50554
30777
93117
71796
53725
11189
22967
15735
82727
49937
89320
38618
73342
1843
67196
77498
91589
15098
20458
60480
79316
3930
75241
94925
3836
30461
81079
30334
46961
8053
87178
13867
38830
80295
85663
92556
7836
24983
24643
6916
74920
13964
45534
64615
15807
29082
42113
7396
44181
62571
84228
39849
66502
75821
51126
86690
6283
32206
17025
53244
40259
20555
83463
95442
17202
85479
4350
25039
10462
28993
31955
1734
59309
77489
66349
91468
6572
8462
15217
67105
87386
99445
6954
53888
75267
58080
56930
81550
6638
90307
51146
46898
10862
34609
58692
28065
20088
63042
53104
30550
8387
1411
32285
67697
78900
14986
75517
1824
23449
90734
68929
10835
90180
92235
81075
81799
66668
54357
79701
73306
44665
30847
36556
71879
81808
11600
16296
18249
74642
85752
65151
99382
87163
13788
83431
66064
28775
58948
84240
52224
49683
69522
79411
56215
61757
76838
38014
44777
31195
17715
34436
92212
64914
70992
64092
63074
98945
80388
81323
73587
66141
62827
89321
53304
76615
72752
35720
5390
31701
36313
73966
81384
5835
69729
37599
83944
46567
91965
45074
77763
26032
79510
86327
7298
66854
50419
70372
65799
47160
68048
55739
13301
30875
45060
82957
23842
17813
35030
29233
49514
87695
19551
47250
93530
89281
1201
93826
35848
93166
38900
29963
35550
18410
16291
42848
85265
66710
29572
67416
30222
97620
23155
43523
44847
68216
42833
68690
2381
94215
14275
51895
81910
33826
15497
91792
23107
16698
85618
75308
9864
24519
5271
45414
59281
37914
4614
60898
4625
34186
28315
34847
48159
67822
94723
93006
36038
53908
78048
38419
48123
8675
6666
46385
58854
22163
38177
81961
38861
23795
73621
65077
64666
95245
26843
23948
33159
47809
84846
37784
81996
29513
88984
30155
97336
59
39513
49726
70319
33914
4498
18442
42589
11164
81179
17795
49680
19356
16109
4893
43151
89730
69971
24170
84975
13166
48118
18135
60976
49316
72271
59324
95182
77607
89479
92518
94018
45344
58596
64337
95610
63094
99131
54552
90611
80310
72347
40291
99666
88456
45184
59170
94539
31507
99692
79514
61026
47810
14001
22002
13478
86273
97678
8660
80232
87157
17530
74251
48853
76127
38588
60816
39221
54072
15368
29832
34382
4067
86475
50401
92524
48012
25923
87063
79519
25615
82929
40545
89777
96931
78899
19607
99556
76577
44620
96140
80086
62150
70391
45292
54629
25332
22460
93851
95756
37828
40035
30138
58247
42863
96891
67123
90875
39166
70538
70394
81133
53468
27292
70910
66751
22543
6870
82659
15473
51490
78799
11911
13640
65543
57203
68270
7227
79663
78473
2983
33843
34860
33121
92091
77723
46365
59214
68598
85531
29753
55345
83017
99573
82637
70279
82676
21532
77149
65335
37005
28639
44134
48917
58632
26029
22472
43254
33256
18488
38079
36239
68683
72939
85713
77126
67015
48430
52693
35613
33961
98798
7310
33330
98371
89947
3610
81047
27832
80759
62734
81189
25751
23220
46458
735
49250
68931
43989
82506
3771
98420
18746
72454
87711
20811
49581
54726
69241
18626
6692
19554
17424
14002
52885
32147
20302
56495
13194
48134
53606
92280
29323
79357
15500
75782
80092
64750
61065
40433
47257
64836
55205
82355
53642
42917
3166
19575
97643
88759
38201
20687
8313
71977
34690
61198
4124
54992
34045
33670
19478
87652
25950
65153
83361
41451
40935
79806
6201
18352
20239
69810
99540
91797
68517
69535
34714
88035
89110
48709
76794
43664
69397
85108
15641
20439
62658
19766
75431
96704
69788
11261
84356
95739
76414
67717
37190
33702
47523
59743
52054
84115
45906
51595
92264
14423
37482
26978
2459
26592
92039
79253
86608
61436
80713
18602
81875
43372
54720
73658
40076
24508
84919
40784
20247
77686
8501
73789
11388
72377
49885
79794
72844
95791
47741
65108
10214
85223
8438
29025
11816
477
24631
14776
61914
5344
33378
60141
48716
88098
50152
5144
28959
35071
45928
49206
29109
70782
39348
40497
43159
89233
20292
32355
85024
68033
13815
11590
53257
22253
56968
81425
39082
81599
96201
17348
86943
45932
77490
52012
50382
27642
57156
79341
79065
3085
44900
8175
73867
84248
65024
33378
73481
85316
82085
74857
69702
95900
86447
39311
34505
43415
20736
73587
41366
33289
90936
28310
79221
68426
96674
45956
12420
53830
25297
7837
73267
70197
32364
63486
54445
97389
13216
44278
99057
95301
19135
68759
91201
21935
8070
25706
81702
45158
15646
23069
78448
6582
67731
74021
91360
64405
36329
20132
34587
61627
27969
7855
48176
60334
87693
2622
74075
910
63252
73132
96211
82388
58244
3765
20675
82666
45823
2377
27825
61469
25446
22625
68051
9529
12998
75763
73934
49328
95895
24874
10955
23865
49081
75483
551
36774
78105
74626
37684
57710
64110
50248
56450
22354
54013
77125
21373
99836
79502
49198
77658
21301
88175
45709
30830
17525
37825
21117
66853
33720
45991
94160
73937
95072
69644
74488
48198
64101
65466
85883
21811
45929
36131
78261
68283
6496
71738
6008
6332
51241
71558
83990
88894
59733
46052
36076
77259
83877
73545
60464
33949
35888
54625
7887
30960
40621
98727
95511
21074
80546
81394
42886
26475
33877
37499
11110
40373
9238
17119
63057
76831
88677
63400
82077
64763
9452
18153
58374
9681
91699
18838
59982
27587
89815
67869
74900
30436
82949
70411
51511
63495
68157
10749
89970
2034
64600
1080
58759
73838
18199
38168
67021
6877
1568
49098
87992
27372
67252
46366
37053
75303
65204
13388
19242
71372
81257
94142
1808
64206
80905
69671
44053
49062
96772
34023
67448
61373
35104
42559
51563
69655
80728
18585
76532
82296
84035
64524
9669
67639
27242
63074
42942
92447
76462
62185
63819
74072
72679
81979
54630
69937
68003
98684
35351
81127
49059
2800
58852
84163
61711
10416
53819
42439
45353
46703
41088
29388
27580
50757
97028
54822
30183
56322
63621
22998
34859
27440
97070
7539
25772
68052
93828
93775
83088
29179
91254
32148
48331
50107
32663
10043
60523
86482
52482
22228
49538
93570
67968
93470
60679
81348
48292
7215
54023
28266
30213
88882
55706
43635
12773
97830
11687
6601
7957
11128
35781
99212
43276
84112
49319
75939
10507
26194
78774
62990
48422
28312
72912
32742
38134
49944
14091
86426
57159
68114
14692
87372
73348
86751
47359
86122
933
75398
9075
8891
86526
44856
8103
29802
45321
57422
22094
55828
83616
868
35170
48390
45532
24435
81132
83666
74379
11575
86444
31538
79689
17489
35262
53038
20592
82621
55512
21525
58019
64587
30416
60898
25796
54871
90700
87469
12293
29146
59649
12261
30014
11172
60651
91898
35607
58136
91916
9986
69711
78361
57876
49401
12202
9490
18791
32794
92111
90655
70671
66482
71594
17440
27380
97390
72311
34433
1211
957
63579
60861
13218
9946
88385
90222
1844
23992
48358
93761
50330
18069
88474
24558
83822
17028
34048
18965
66174
42511
9620
36845
8993
81215
70637
36374
94957
42949
87159
96169
60258
50738
73382
89828
60684
61767
80050
78881
2111
28408
88994
68793
62830
93820
93351
46652
10848
43751
65618
77022
86262
91590
30219
95255
89157
857
47981
84115
60158
35140
96636
20416
2231
86370
10244
62915
64489
6647
58148
82952
51407
63494
51745
14237
57314
61448
77242
68162
5199
59212
61536
91461
50802
8108
3068
56312
8965
51050
40427
85475
2542
53415
22243
4773
56137
32487
84041
36978
55486
42189
19930
6894
22036
88027
21131
79350
49475
98373
63865
71026
57585
25401
78839
24740
33509
81907
81052
58826
49309
37831
60653
51852
7598
82896
72977
63735
31736
57018
17065
87222
15560
53347
94116
37596
41374
15248
33298
7201
29973
97163
94579
3911
38917
73418
28651
88778
55325
9703
47605
20987
63886
8258
72839
71484
91155
45816
51571
39243
19187
68636
26465
34747
21983
20582
88695
79709
52182
21993
3262
98507
19157
97841
2418
58074
87611
47421
46852
59288
57124
10809
80275
37362
35420
53114
8846
42927
15283
76769
82170
50822
61757
8635
1921
92
45569
90616
79801
97751
28961
99415
96259
64470
13608
15029
38896
1219
62451
2101
60508
35927
12910
40783
73290
64682
10250
98488
7609
25533
75258
6131
76355
37015
14767
78276
37108
76688
85244
33261
90792
14205
49029
3403
78676
62637
18432
17572
63857
80883
19673
24365
33163
48936
81500
6453
13618
91750
21293
37580
33635
96551
43711
26342
49919
74830
20970
3379
51519
6214
52992
42311
36772
2021
62066
31800
64659
80498
65724
28516
77734
85398
69233
10897
50686
50733
33702
80656
58836
71347
18236
92471
84251
78300
18814
34170
53130
39784
53901
21001
62351
6893
79664
99123
25267
41730
47275
89926
38581
12999
34794
16315
14749
20379
43564
65435
87464
93618
62444
46300
64965
80680
38772
49216
75332
73938
99738
44815
30074
69991
65816
92425
93237
61833
7900
18504
19915
55175
24782
58496
84527
75928
91163
99276
96307
51079
81064
123
61049
43508
46424
26015
40540
1548
91583
15873
75486
7674
60688
21912
77665
42856
14338
87254
21041
38590
5758
40957
10118
46892
99453
94645
22820
90617
10273
35479
58048
7689
35603
19098
51197
82027
61465
8090
83575
53048
40315
75413
77074
17355
97325
71092
60211
28015
58346
81253
66606
80457
22210
93076
27349
38015
4073
50170
44984
14346
85649
3033
22036
21252
38483
89585
3279
99948
97675
3206
69348
37990
94971
46423
55345
92297
17515
31909
20312
92213
29514
3270
72670
68076
12698
20
6091
16771
50190
67428
47470
52191
86813
85858
73444
25296
75443
93075
25244
89471
12634
94592
43813
7605
57367
15511
16254
91234
47420
36567
83448
93286
56189
56118
61362
68888
72490
83805
2011
39032
67585
49481
91224
54398
35339
81020
79694
27135
90447
21290
16606
3081
15883
76771
27039
89602
92282
43293
80837
56054
96212
64285
49340
52402
36755
27054
37642
25598
27212
39653
64630
94797
5487
55854
49196
40826
53226
45242
84313
43674
66533
17271
63107
98768
94043
90146
88370
2677
33440
85559
58732
29652
66196
24424
98406
2952
67831
36048
44902
95043
92054
9532
89840
97541
81739
55388
54719
34965
631
39033
94991
67164
72656
58099
65932
83051
48245
70654
85729
98037
56214
60813
27690
22410
1589
42448
41714
69420
78497
86616
80815
86903
12501
70656
796
94240
42396
55515
45557
43027
10900
40549
26543
83557
98648
8827
66608
63245
79482
68689
61283
52048
29502
5325
90810
31092
47773
32525
16864
42622
35493
97680
29525
47994
84688
30321
42234
27084
2189
4144
86464
29441
44693
13007
12998
59693
21835
95959
22938
17669
81000
573
86069
10503
5898
76879
57947
70024
25756
91163
28998
61250
88843
58524
9244
73531
5197
67831
16968
23738
71975
3432
53180
33020
32791
82530
92713
70978
78489
32003
4999
75842
32577
91068
86345
54827
67948
60644
41203
10056
51807
70202
71306
57003
45078
96903
30534
66627
81086
63854
90366
69413
67286
43546
2433
16430
26076
95146
87408
20918
43501
92408
13112
92430
83476
99457
63610
67776
76453
4813
77833
44612
75015
65491
1615
36445
62394
48502
3073
43480
12356
93439
29245
95995
53337
31678
12425
95765
43176
99833
33035
86678
8593
46147
79108
92070
61956
42718
76198
54761
63884
54031
99374
55251
19523
17341
91697
98269
65843
94770
58102
94552
4561
87347
90547
74250
19026
19324
86367
78554
35509
35755
65232
44103
81902
60693
52525
60211
19763
28723
14972
83647
99107
30698
55251
34982
48040
46948
49603
13883
58070
7705
24787
78983
11405
15334
69585
30431
51010
55952
25337
86520
8059
6922
30623
6314
67615
83148
66525
3730
28223
97849
3730
43682
44900
58981
78664
92940
22281
28268
23175
80351
52325
47963
75686
63730
79649
45271
10513
30660
17575
35851
17180
25635
42773
64155
48301
26740
63655
14826
46822
91878
29027
50552
35561
73927
25885
30577
83219
48166
75197
6395
44869
27523
70710
20555
7605
50359
82178
18119
97371
16106
53970
14551
58093
13095
95058
6394
56187
58713
21220
3009
50592
66599
53562
2505
56879
79447
33082
40098
43966
24632
46493
88835
52155
33555
9391
59760
267
7921
94231
97638
24027
64553
28542
82120
77648
23600
88514
33835
82314
26086
53197
49258
92686
6759
68115
49565
2558
1197
6015
46524
42181
68861
35360
94336
2416
61103
70449
2683
69024
81032
16674
93052
45586
61568
75172
39586
85168
80039
89774
83834
6125
42971
49444
15163
49730
17559
81080
68640
35109
87096
15165
77290
55957
66877
87979
58373
27980
74780
77409
97004
55812
10435
6408
1398
72003
97933
40985
73523
77972
47111
57358
449
90082
23154
15613
39812
40714
96693
24804
75823
141
39969
69465
56098
23198
57444
30824
51178
32224
24585
64535
88037
35020
87295
5787
23375
85228
63124
96898
63200
10235
70608
63650
317
93763
95615
56481
50829
92308
81286
43004
8802
37607
12469
64900
60806
86266
12076
28336
18490
36661
92871
22879
88033
80167
45019
11408
81747
8143
24659
44948
34731
95267
24950
35048
5382
20565
7882
56211
29225
5520
15567
38027
59479
44389
19280
20285
30655
47708
64974
49145
722
74197
88377
88755
70716
33396
16516
52464
41539
41175
13764
76270
52794
38714
27671
74529
75631
51905
47092
21208
73777
62660
75588
33256
7049
11220
69894
37704
58928
34868
3201
59650
9065
91578
64758
79782
24974
81274
48598
82866
38801
62362
75488
7947
1076
19511
82476
93059
87768
29569
14267
61545
92229
6207
94802
15630
17427
64696
53334
76356
15916
72887
36006
41333
64466
764
21115
5792
98390
69713
5010
53543
48427
96851
61491
49503
16362
60319
58914
4131
89888
89534
82028
98469
95741
76830
14099
13169
57878
83785
89525
90146
56673
25531
31480
37491
42648
52595
43283
57390
38661
64646
10934
87088
61497
88777
52944
77859
49096
28210
98342
55337
17744
96723
53806
13486
89905
84258
26655
47784
68043
16180
54282
41068
58063
85762
78559
17063
54710
38195
74454
93371
2841
1740
96811
64338
90517
66107
58549
39613
94318
73244
11302
12062
86319
65109
41900
76224
65719
68555
40360
33762
1087
94643
91183
75503
80405
69742
8918
35115
24289
99724
44838
27130
1464
58002
7820
8333
24109
82722
64299
34779
72318
75601
46842
58637
40710
5094
34861
6429
73650
75222
56544
91089
69865
47727
82944
66622
33821
91863
1738
58111
91587
62928
1593
9404
20930
25766
17737
45040
8488
82036
79819
80806
57638
43013
39443
14700
48108
74304
37482
38110
65878
10378
29199
52095
74457
28496
18718
8278
20359
20456
82741
28298
83384
687
37702
20667
26453
71792
65707
51293
70180
61878
32099
27818
4892
87894
58871
69352
78550
96353
7462
44429
23083
53013
96524
97540
97861
15242
22170
34572
52050
21264
62871
51787
21951
16925
72454
64756
5069
54513
16049
75250
16391
64500
3068
37635
68746
78291
23339
47296
90996
30801
8077
14079
167
4602
11619
14380
36196
50142
48953
4599
71406
11824
72738
9709
45101
61544
74465
50171
16057
6866
25421
48800
87718
44841
86436
56464
23133
9775
20112
30481
56929
28190
44561
73448
49144
72532
87828
85340
22674
36781
6291
94080
64957
79029
3789
26411
40573
94606
76582
72982
1472
18355
21783
5542
63196
24571
62006
2681
50698
82119
49515
23979
26661
94076
97427
75805
82960
1608
77497
5635
54741
83789
16067
36051
79170
36209
62462
36096
30815
55396
9078
48640
73751
47213
70534
53299
71784
32541
72333
22483
31012
21848
62814
57673
32276
76594
33478
15236
78202
27327
37223
49295
11116
53291
1698
6639
5852
64160
59087
53019
19556
68165
18011
9659
31731
88546
79311
3515
21087
67996
42350
68451
89844
21517
42476
38472
98111
75954
53708
92665
19633
7284
41960
30750
76927
43659
53741
82779
24171
12828
35798
60080
97345
53810
69739
29076
42356
65402
48944
79795
33398
7646
64598
39594
29163
7074
78066
27274
99380
48127
19939
19013
55411
78252
66115
32338
21911
19856
31469
62434
32684
83619
22514
46382
53781
8606
75458
12489
74008
40754
92284
23759
48401
73234
63353
93916
80308
57772
21191
79688
5899
57482
98702
77662
35734
64817
26352
73997
1026
57821
36432
50062
41440
75298
96444
95222
83904
88255
24063
74265
29009
32700
14376
93762
5934
94081
87679
86243
51853
25222
65931
74104
82704
80985
51766
34791
62155
78118
25140
63181
52291
61572
29595
10084
53223
26040
21658
53479
30647
45721
44096
59656
78421
58472
69771
84356
52554
73802
70599
20759
99024
52882
94864
98080
50220
46630
49223
28727
41101
74364
91908
9744
35936
21503
19828
5511
63895
41486
58991
94542
87208
3087
70551
81981
61560
56674
66337
30466
30476
53288
51225
45852
22523
46089
60284
89095
9072
9508
17822
66525
83872
9730
76269
36160
47585
96098
41672
27833
53936
663
38727
57496
3750
25630
39478
81662
98656
22167
12128
29132
91808
63354
91336
14331
25795
51621
19778
34867
61129
37600
1392
45001
63682
94014
81161
27619
6464
22833
55452
60400
39848
10532
34249
43599
52514
90079
25261
51171
28598
53742
96655
20406
17096
87992
51089
42891
39613
70867
94111
17094
8467
11855
62095
72149
5869
59608
99769
12333
98794
71573
89086
38642
98457
39687
98593
50972
29766
40207
2143
58364
93949
98798
78771
27397
86790
46212
86640
42755
17080
97103
59849
41899
8959
38296
30401
31180
14257
46522
43514
29403
34447
48952
68045
32905
88639
82991
83877
34757
39550
2372
93121
49851
1170
88244
93600
4313
34457
80240
47068
67889
93696
23270
26140
2655
77918
56541
33835
8527
3063
93701
37930
37511
59005
22328
70416
47644
21671
70645
98753
61221
73017
91875
11072
74187
96471
4672
94852
30928
1264
58273
15169
94960
97895
41310
97615
75813
97851
47803
693
17267
57856
38623
54778
16862
77303
41546
80858
98974
28543
79612
60195
1560
71487
71267
92099
67958
92291
86952
15239
93556
61577
46760
88516
59472
88070
2484
35285
2274
66639
52330
19541
24495
90954
90671
57709
68257
32217
38568
67232
60760
18180
43779
78672
6019
31399
70771
90329
23690
74075
21920
33598
35652
68681
38467
95124
73103
40951
46762
75377
23942
99092
94918
48437
6398
1941
6147
91008
50510
61067
58240
27622
79247
2019
6294
1618
33418
93418
8299
73461
67493
30220
7059
19498
15253
45526
30974
88356
2829
77736
63734
26771
93181
75004
91561
99579
76946
14060
6939
27456
75127
65179
55079
70726
83551
77725
88696
33321
71143
96995
6782
54989
43567
30194
90839
58820
92072
21813
47177
94902
15902
27263
38025
9083
2267
45938
25014
79213
76350
31954
23022
67829
13485
94453
54907
13388
72178
43603
46710
59674
56951
69844
31015
518
16390
21854
75691
8463
43667
22868
19717
59569
50131
74094
85004
68750
20033
26371
64316
96383
74677
87338
64213
88162
81791
19120
17903
70321
79076
80965
29995
36027
50809
77362
52897
83552
99216
28588
92015
59236
67808
28084
35157
34291
2178
20162
19394
22211
62885
83710
34947
37562
71048
15512
42076
69191
50984
59979
55864
46412
40944
85860
98791
8106
79574
51689
8010
78791
96629
25
54379
80790
44461
89536
31433
46639
26050
50827
85203
88935
34537
36502
42849
21937
68366
1278
7480
19350
61257
63345
82115
18554
65557
80906
43012
45131
48947
51022
40274
45577
67399
94653
42719
11860
84190
74152
74851
10240
41332
60054
15528
92221
12908
58377
14159
81274
76007
37991
16977
37265
1336
99092
72171
66893
79998
15183
12025
28946
82557
52299
90875
49956
46953
33594
78168
47495
24098
53019
57735
81782
29426
89615
74004
42334
64345
4515
39961
40352
58858
73290
93969
60195
72382
66140
27088
68732
97675
55465
97678
96584
24117
4905
46540
87422
54851
24708
34917
95302
94080
9004
77084
23506
98620
67440
82192
62965
88307
22153
19669
47166
95443
13639
7361
84177
96131
50801
52910
10159
22619
66940
6743
46736
71846
69636
34158
43049
94344
69075
38351
88424
78079
31788
28282
93051
15580
10475
72368
3888
48980
92038
67406
60776
22029
91119
61305
18160
41920
14215
44671
80891
97508
51415
27627
85706
21051
78137
28755
31747
47212
83459
36524
41644
15247
64806
51047
30827
91633
23416
51067
56966
31806
18473
17742
53835
9592
95399
88347
67865
9615
33019
48756
23475
786
92736
25533
38189
70873
54288
69936
34438
54099
22812
92434
85698
87619
43481
32878
79252
83249
83945
52570
15055
18771
70312
68890
44715
65712
73590
12580
91679
6609
77689
31506
23747
70425
57039
61936
57650
27679
48224
92088
81779
71037
874
67477
58656
44356
355
54260
43957
653
6831
59013
19424
93495
44255
64139
75559
17845
93072
83590
40806
70761
15096
64553
57538
88487
26489
31540
16167
74714
39981
97946
45751
40855
81775
20759
1563
98483
91371
45521
99136
14554
4534
18560
24402
65141
99051
99961
82987
92123
99904
40145
79236
31352
4699
53126
19840
31188
84667
36007
22254
24648
50305
84357
81855
48432
21468
83419
46915
12840
28940
62403
43746
49826
97315
68148
14967
96367
84462
14306
4842
84366
54452
84079
15718
59151
53557
51910
6691
38224
4269
45298
79224
70926
46007
77432
19359
67476
60851
82626
96668
6143
61382
40414
55969
58697
24915
87288
55064
9377
1595
59907
10095
72399
60338
42165
47902
13895
94076
70945
68472
98345
16243
64048
85624
78603
41480
21335
46079
2331
3961
42747
24826
65343
99513
80795
40393
24428
84436
95457
50157
2383
71716
60252
74782
32054
2418
39036
62302
96494
9981
30774
11191
42577
11174
13167
21180
52655
34502
83611
71338
54816
26358
96165
36511
42223
93312
76904
66652
77748
72362
33161
80131
60430
93414
71265
8837
95832
26653
71139
8678
36635
18265
36221
95564
29439
49389
16744
98446
83891
355
69785
38707
43065
82302
75219
85288
75614
68475
68292
69715
57189
17806
66198
17620
11220
53816
26457
23404
80469
13948
32082
17104
32213
84655
29020
78004
34044
45764
76451
34288
62471
46236
89347
21888
28538
80918
23529
20504
49394
8173
6571
6583
25979
72770
24203
37199
26586
67012
60603
23407
80960
9037
40512
29525
93693
69532
7530
44089
31649
83981
78377
10472
30217
67725
32361
75107
48643
55890
11963
98037
64063
18535
4621
90043
7657
45176
43594
50595
12189
4198
74002
93149
13235
30866
22675
23280
16751
46557
67370
64752
30538
45747
75224
77107
29824
7585
68566
78468
79827
80529
92857
43891
15416
13830
33934
39425
59007
77528
6372
71196
98078
80375
80697
27666
27593
19724
50946
60696
66281
34668
25448
96819
80416
673
90278
26592
24610
58844
21412
4438
55726
14270
64681
87494
28100
14967
26920
3459
8847
49644
74655
6926
46371
71705
34592
73965
7781
1890
34661
74063
36559
76462
87234
33327
93487
77513
59919
18097
52709
81332
38887
24787
11954
3568
12282
56406
18535
55554
59866
27383
5198
50873
50661
51570
38930
1605
41887
46712
3495
76548
20775
56406
53010
24361
6085
46497
18226
66005
80947
87288
63689
36186
12075
91995
39755
24357
48401
74642
96263
24619
2025
1462
75493
69038
69384
30775
70643
11271
77487
74139
87819
14614
46897
57182
38976
52983
20031
73554
35340
17330
60842
99029
53517
72918
7376
9624
13627
55777
84266
9891
80397
2644
11353
72242
71682
80737
3017
42326
92008
96857
32817
96179
11471
96066
69713
50447
49049
6097
40354
84389
23427
1196
99770
93296
90466
7146
2920
4094
79276
3539
13985
76025
6183
41690
64619
94217
22427
83988
52895
30787
80845
85712
43318
92317
98131
13032
59116
47180
35481
99470
47922
58908
17019
64044
68557
7485
71191
71477
11579
66819
75016
25564
42844
97551
67254
23815
91769
6033
7803
44664
53172
5001
46729
96491
97318
44860
25875
72786
8392
77708
72257
56314
52968
5628
36711
21525
13113
24254
93003
24693
91073
84371
66609
50269
98275
50216
74084
6396
72601
98239
67412
25774
3240
14141
38617
16910
75353
80844
89697
98
58552
78306
56412
11520
83934
9475
33046
97047
33729
42401
38092
24802
43124
21054
91423
57751
71270
81859
64147
43871
96451
31560
85997
99691
62053
40966
32954
37407
21810
22651
37505
96714
17309
10269
8235
1243
19745
57633
14642
69826
16386
69087
94629
75862
90141
2404
33614
61411
84264
97761
21634
80715
45673
23984
96758
7727
64950
29712
45134
86761
68715
98991
83475
86024
25612
8062
87267
45357
82047
18262
31536
14785
87349
26165
90648
77490
44921
40614
55253
45537
54727
93239
26252
401
17223
39363
8128
82174
85427
69614
85287
54143
84957
85114
40167
10569
9529
43787
72279
91576
62049
3815
6362
49398
46332
13362
43240
7605
53976
98493
53143
25055
91732
95747
25456
25308
35110
49936
7482
20538
35902
9121
91033
37211
94235
31200
64133
3764
74987
36412
11693
53388
56579
34407
2786
19263
64121
62378
26868
18097
60871
80011
59504
68956
75759
1313
94264
27221
67601
18098
64111
19856
43571
55144
57067
37806
2697
21200
57923
94036
73964
85968
47425
46895
20375
66563
66158
84496
28942
9379
18945
6165
5742
78449
75121
97853
79762
85737
25075
63716
20187
5538
83572
63758
60683
40639
17917
63380
78192
92192
57416
52156
78160
21193
15404
98535
87757
97914
83031
16699
7293
18328
22864
13036
13129
14338
10889
9244
16427
52316
72960
52967
57855
56532
33077
34890
13523
50994
98270
91715
43186
72038
60224
21346
93232
75628
36233
80989
89894
35616
14040
97188
53944
53256
26576
67074
83946
53817
76318
16726
22486
65630
69693
80341
22162
2770
15231
35685
70117
29853
43753
29655
18243
3977
51002
11475
95957
3587
8816
85851
39204
39208
99391
93148
8817
42319
76574
92763
96137
69244
25841
18623
34874
11886
15316
57036
31009
30547
9074
1126
76752
52827
30781
94995
73156
98135
22823
85465
1723
47991
71316
40927
3552
87060
50427
12369
29379
43354
21484
25516
12598
47326
60491
47473
59212
75807
20861
90221
22706
29935
7699
99458
99114
38481
10806
72270
52968
33629
57735
71043
97972
45404
11970
1524
32464
78750
13893
78195
22104
35378
3712
34702
99056
80555
98527
74620
56363
19389
64842
79069
49324
88893
94880
48439
43726
5686
37061
96695
39315
11149
67738
53639
72905
96061
55164
21721
74811
69057
99916
13267
20787
19980
64321
19843
536
62849
94464
56899
82238
75658
52320
47914
64551
47200
12705
24630
52886
49767
21325
8553
77268
5415
62193
50173
1476
17357
71894
92639
2766
71810
22258
23554
91791
86580
59749
8679
49429
70565
65578
31667
62575
34250
79581
43479
81451
92287
68109
34337
58406
89434
42891
35674
11201
21436
2199
29030
38793
74093
38021
57911
62255
60280
81465
70398
46860
57567
95429
12641
44484
61007
60660
7060
95258
56593
50539
93061
65232
18648
27398
23638
24434
86641
75664
35635
8077
94215
81017
63222
84660
19039
21134
46916
79319
18951
33666
42531
92870
29096
71524
37355
6455
32184
44415
18065
88777
11306
11126
70362
29954
54877
94000
70740
57870
86017
22727
65948
80232
3745
45522
64893
22784
83008
28161
18455
18312
78179
77338
11182
23627
48862
48537
30083
97398
9304
64500
2527
20610
91979
72889
66916
46856
83242
37656
4726
69259
60384
87026
65843
80481
48901
47088
3265
31909
75249
38072
50221
69781
15410
77756
93408
80624
42645
39843
78022
51950
4344
80549
88912
96323
53439
72181
59531
36681
9837
80609
22292
86573
83988
4487
67054
32889
51576
86671
81150
43177
24743
47724
12958
56505
25480
6367
37129
84477
62562
15151
52779
66906
12053
41692
79581
81844
13873
39112
34877
40062
36074
57169
42988
20062
61656
26394
69303
29584
13066
50453
72762
54161
14529
85720
10667
40009
8439
64148
24487
71002
79300
77266
54260
7705
35310
50194
89549
65535
5658
24426
21950
41732
97947
81290
78146
59603
7684
47449
89188
37102
14255
78302
7616
28784
64022
18283
68794
88814
82431
9633
76168
78083
3251
46780
85788
54914
96974
91689
20449
2633
16115
58751
44365
14062
40041
22512
90018
47726
86313
95558
84828
568
73860
92444
29353
54234
27079
14499
43048
25863
40484
35568
20298
60087
82349
22439
15001
95675
14128
35451
98308
30244
10554
59026
60658
50596
97890
50676
14674
84203
46234
15854
1124
20094
24651
30477
90681
51730
61328
50081
93945
18164
85650
30596
78251
84351
53035
93253
80026
83515
45056
94687
30111
55610
53713
90770
22558
51603
57798
37232
35806
4033
53087
53282
40479
77738
111
31160
29468
61439
81242
39766
95955
83244
70362
74207
83947
39749
83812
63973
23264
28868
58660
53376
830
28725
60498
23389
80328
18296
60621
32487
38681
13708
85769
95513
91446
85881
43025
37267
63672
24267
93385
59628
23863
63747
50187
7810
19848
33999
88136
59464
79219
63148
12840
80049
91874
89690
3438
72202
7987
80412
21041
63020
10472
23163
58533
1919
25396
1559
55538
89068
42178
48923
65048
66042
29022
31587
90204
65222
65586
78340
24686
44805
57841
37527
41207
49715
43569
60997
38269
51556
41409
59311
30929
51882
82474
89462
70153
7870
91021
25691
13290
49552
90966
94691
31946
19988
26278
22150
85210
8217
16843
26248
69374
74684
63775
10581
40751
23697
71579
79020
75253
29340
54683
22534
81222
53509
11997
67727
77731
19370
9770
7374
68922
736
2065
868
37076
44695
39371
38638
52912
72566
64887
22287
63602
45014
49220
4353
68711
37151
99725
60317
66492
70761
82851
64066
24270
94848
31794
18354
14219
41564
25728
99493
42301
44145
16714
95729
5192
72437
34368
58105
45003
99255
96744
24957
44269
62316
29310
12981
99468
45387
89650
65960
16148
72501
30026
56771
67350
78172
91477
97921
19737
33557
13766
78390
77702
30480
74119
82894
2917
24839
57351
64272
24094
70447
89229
84716
32764
34891
14049
32232
96631
3699
14544
29131
76200
44570
85902
59902
22743
93731
74175
58832
27288
87942
53574
4990
34774
27693
4237
54044
68885
77940
18316
92979
48388
7546
94047
97504
58789
8096
46088
55420
28147
60632
84552
20700
5202
86806
80602
44297
80538
54778
19481
7826
59072
73055
29169
93846
17101
49758
47890
85986
27698
82559
95317
92438
6457
89365
6294
65246
13813
52382
37019
58313
13014
21571
79013
18217
24729
75967
78866
5267
47097
98348
29446
6169
71403
58615
16368
88504
8373
64258
90842
52423
63169
86160
61214
69626
91877
67508
34873
5690
19891
71892
80355
32905
9815
59368
67474
34544
35336
46341
56164
98785
61041
85610
4955
32444
44225
21323
37301
68950
1933
44495
37725
65103
30655
98939
51081
22532
82800
85954
44575
19043
74198
24930
51948
365
84299
35775
34910
35987
98468
91074
34772
59509
93036
56079
8305
37261
