1
2
3
3
4
5
7
7
8
10
10
11
13
13
13
13
15
18
18
19
20
20
23
24
24
24
25
25
25
26
27
30
30
31
33
34
34
35
36
37
37
38
39
39
40
40
42
42
43
45
46
47
47
48
48
50
52
52
55
58
59
59
60
60
60
61
63
63
65
65
66
67
68
68
69
69
71
71
72
73
73
75
77
77
78
79
80
85
85
87
90
92
92
93
95
95
96
96
96
98
99
100
100
102
106
106
106
106
109
109
110
111
111
112
113
114
114
115
115
115
116
117
117
118
118
119
120
123
125
127
127
127
128
130
130
131
134
134
134
135
138
139
141
142
142
143
143
146
148
148
148
149
151
152
154
156
157
158
159
161
162
162
163
164
165
165
165
167
167
167
167
170
170
171
172
173
173
175
175
176
178
183
183
185
186
186
186
186
186
188
189
191
191
192
192
193
194
194
196
197
197
197
197
199
202
204
205
205
206
207
207
207
208
209
210
212
216
216
217
219
224
225
226
227
227
227
228
232
232
232
233
234
237
238
239
239
240
241
243
243
245
246
247
247
248
249
249
250
251
251
251
255
258
258
259
260
260
262
262
262
263
263
264
265
267
267
267
271
272
274
275
275
276
277
279
280
280
284
286
286
287
290
291
292
293
299
300
300
300
302
303
304
304
309
309
310
310
310
311
312
313
316
317
317
317
317
326
330
330
337
338
338
338
338
339
342
343
343
344
344
344
347
348
351
351
351
352
354
354
355
355
356
357
358
361
361
361
361
361
363
363
364
364
365
365
369
369
369
369
371
373
373
375
376
376
377
379
380
380
380
381
381
381
381
384
385
385
385
386
386
387
388
389
392
392
394
395
396
396
396
396
398
399
400
400
401
401
402
403
403
403
405
405
406
406
406
408
411
411
412
412
412
413
413
415
415
415
415
419
419
423
424
424
426
426
427
428
428
428
429
429
431
431
431
433
434
436
439
439
440
441
443
445
446
449
449
449
451
451
454
455
455
456
456
459
460
460
463
467
469
470
471
471
472
473
475
475
475
476
477
478
478
480
482
482
483
483
484
485
486
488
490
490
491
491
492
493
494
494
497
501
502
503
504
505
506
506
506
507
508
510
510
510
514
514
514
518
518
518
522
523
523
523
524
524
526
526
526
527
527
527
527
528
529
531
532
534
535
535
535
536
536
537
537
538
541
541
542
542
543
544
544
546
549
549
550
551
551
553
556
556
557
557
557
558
559
563
564
565
565
566
567
567
568
568
570
572
573
575
577
577
577
577
579
581
581
582
583
584
587
587
588
589
590
590
592
594
597
598
598
598
599
600
600
602
604
605
606
606
607
608
613
615
615
620
626
627
627
628
628
629
630
631
633
633
633
633
634
634
635
637
640
640
642
642
643
645
645
646
647
648
648
649
650
652
652
652
652
653
655
655
658
660
663
666
667
668
668
669
671
671
672
672
672
672
673
677
680
680
681
681
682
682
682
684
685
686
686
686
687
687
687
688
688
693
695
697
699
701
701
703
703
703
703
706
706
706
706
709
709
710
710
711
711
712
712
713
716
716
722
722
722
725
726
727
727
728
731
732
734
735
736
738
738
738
739
740
740
740
741
742
742
743
745
746
746
747
749
749
750
751
752
755
757
757
759
759
760
762
763
763
764
764
765
765
765
766
770
774
774
776
777
778
778
780
781
781
782
783
784
784
785
785
786
786
786
786
789
791
792
793
793
794
794
795
796
796
796
797
799
799
800
800
801
802
803
804
807
808
808
810
810
811
811
811
812
812
814
815
820
820
821
824
825
830
830
830
830
833
834
835
835
838
838
839
839
840
840
841
842
843
843
847
848
848
848
849
850
851
852
852
854
856
856
857
857
857
858
858
859
860
860
862
864
864
865
866
867
868
868
870
870
871
872
873
874
874
875
875
877
877
877
877
880
881
881
882
882
885
886
887
890
891
892
894
896
896
896
897
897
898
898
899
901
901
901
902
904
907
907
910
910
911
912
912
912
913
914
916
917
917
917
920
921
921
922
923
927
928
928
928
929
929
929
930
931
933
933
933
933
934
937
937
938
938
938
939
940
940
942
942
943
944
944
946
947
947
948
949
950
951
951
952
952
952
953
954
954
954
956
956
957
958
958
959
960
961
964
964
969
970
975
977
979
980
980
980
980
981
981
984
984
986
988
988
989
989
989
990
991
992
992
995
995
995
997
997
997
998
998
998
999
1000
1001
1001
1002
1003
1004
1004
1005
1006
1007
1007
1007
1007
1010
1012
1013
1014
1015
1016
1019
1019
1020
1020
1021
1023
1023
1024
1024
1025
1025
1026
1028
1029
1029
1029
1031
1031
1032
1032
1033
1033
1035
1037
1038
1041
1041
1042
1045
1045
1048
1049
1051
1056
1059
1061
1062
1064
1064
1066
1066
1067
1067
1069
1073
1074
1074
1075
1075
1075
1075
1076
1076
1077
1077
1078
1078
1079
1080
1080
1081
1082
1083
1083
1087
1088
1091
1094
1095
1098
1098
1099
1099
1100
1101
1102
1104
1106
1108
1109
1109
1109
1110
1110
1110
1111
1113
1115
1115
1116
1117
1118
1118
1118
1121
1123
1124
1124
1124
1124
1125
1126
1128
1128
1128
1130
1131
1131
1132
1133
1133
1133
1133
1133
1134
1134
1134
1137
1137
1137
1138
1139
1139
1139
1143
1146
1147
1151
1151
1151
1152
1154
1155
1157
1157
1158
1158
1161
1164
1165
1167
1168
1170
1171
1171
1173
1174
1175
1177
1177
1177
1178
1178
1180
1181
1182
1183
1183
1184
1184
1185
1185
1187
1187
1188
1190
1191
1191
1192
1192
1193
1195
1196
1196
1196
1197
1197
1199
1201
1201
1202
1202
1202
1202
1205
1206
1207
1207
1207
1208
1208
1209
1209
1211
1214
1214
1215
1215
1216
1219
1224
1226
1227
1228
1233
1235
1235
1236
1236
1238
1239
1240
1241
1242
1243
1244
1245
1245
1246
1246
1247
1248
1249
1250
1256
1256
1259
1260
1260
1264
1267
1269
1269
1270
1270
1270
1270
1271
1272
1272
1275
1277
1277
1278
1279
1280
1280
1281
1281
1282
1282
1283
1283
1284
1284
1284
1290
1290
1290
1290
1290
1291
1291
1292
1293
1293
1295
1295
1295
1297
1298
1298
1298
1300
1301
1301
1302
1303
1304
1305
1306
1307
1307
1308
1308
1310
1311
1312
1312
1312
1313
1313
1314
1316
1316
1316
1317
1318
1318
1320
1321
1323
1323
1323
1325
1326
1327
1329
1330
1331
1336
1336
1339
1340
1341
1341
1342
1343
1345
1345
1346
1348
1349
1350
1350
1352
1354
1355
1356
1356
1357
1358
1359
1360
1361
1362
1367
1370
1371
1372
1376
1378
1378
1378
1379
1379
1383
1385
1385
1385
1386
1387
1388
1388
1388
1389
1390
1391
1391
1392
1392
1392
1394
1396
1398
1399
1403
1405
1406
1410
1411
1411
1412
1413
1413
1414
1414
1415
1420
1422
1422
1422
1425
1425
1428
1428
1429
1429
1430
1430
1431
1431
1433
1436
1437
1438
1438
1439
1440
1440
1440
1442
1442
1443
1448
1452
1454
1454
1455
1455
1455
1455
1458
1458
1459
1460
1460
1460
1461
1462
1463
1464
1464
1464
1465
1466
1466
1470
1470
1472
1472
1473
1473
1476
1476
1477
1479
1481
1482
1483
1483
1484
1484
1486
1487
1489
1489
1493
1494
1494
1498
1498
1500
1500
1500
1502
1502
1502
1506
1507
1510
1510
1512
1513
1515
1516
1519
1520
1520
1521
1521
1521
1522
1523
1524
1525
1526
1526
1528
1529
1530
1531
1531
1532
1533
1533
1533
1534
1535
1535
1539
1539
1540
1543
1544
1544
1545
1548
1548
1549
1550
1551
1551
1552
1554
1554
1555
1556
1556
1556
1556
1558
1558
1559
1559
1560
1560
1560
1560
1561
1562
1562
1563
1563
1563
1564
1564
1564
1564
1565
1568
1571
1571
1571
1573
1573
1576
1576
1576
1578
1578
1580
1581
1581
1582
1582
1583
1584
1584
1584
1585
1587
1587
1589
1589
1591
1591
1591
1593
1593
1593
1594
1595
1595
1596
1600
1602
1602
1604
1604
1604
1605
1606
1607
1608
1608
1609
1610
1610
1610
1611
1613
1614
1615
1615
1617
1618
1620
1620
1622
1624
1624
1625
1627
1628
1628
1632
1633
1636
1637
1637
1638
1639
1640
1641
1642
1644
1647
1647
1648
1648
1649
1650
1651
1652
1655
1655
1657
1658
1659
1660
1660
1661
1661
1662
1662
1663
1663
1663
1665
1665
1666
1666
1666
1668
1668
1668
1668
1669
1669
1670
1670
1671
1671
1677
1678
1680
1683
1683
1684
1684
1686
1686
1687
1687
1689
1690
1692
1693
1694
1694
1694
1695
1696
1696
1697
1698
1699
1700
1701
1701
1702
1705
1706
1709
1709
1709
1710
1712
1714
1714
1716
1718
1719
1720
1722
1722
1722
1723
1723
1725
1730
1730
1732
1733
1734
1734
1735
1735
1736
1738
1738
1738
1739
1740
1741
1742
1743
1747
1749
1750
1750
1750
1751
1752
1754
1755
1755
1756
1757
1759
1759
1760
1760
1761
1762
1767
1768
1771
1773
1773
1774
1774
1775
1777
1777
1778
1779
1779
1779
1780
1781
1781
1782
1783
1783
1783
1786
1790
1790
1790
1791
1792
1792
1794
1797
1798
1798
1799
1799
1799
1801
1802
1803
1803
1803
1806
1806
1807
1807
1808
1808
1808
1809
1813
1814
1814
1814
1814
1817
1818
1818
1819
1819
1822
1824
1824
1825
1826
1826
1826
1827
1828
1829
1830
1830
1831
1831
1832
1832
1833
1833
1835
1835
1836
1836
1837
1837
1839
1841
1841
1841
1842
1843
1843
1844
1845
1845
1845
1848
1848
1849
1849
1850
1850
1851
1853
1854
1854
1855
1855
1857
1857
1857
1859
1860
1860
1860
1861
1862
1862
1862
1863
1864
1865
1867
1868
1869
1871
1872
1872
1873
1873
1874
1875
1877
1877
1878
1879
1879
1879
1880
1880
1881
1883
1884
1884
1885
1886
1888
1890
1890
1892
1893
1895
1896
1896
1900
1900
1900
1901
1902
1903
1903
1905
1908
1910
1912
1914
1916
1916
1918
1918
1919
1921
1921
1922
1923
1924
1924
1925
1927
1927
1928
1930
1930
1931
1931
1931
1932
1932
1933
1933
1934
1934
1935
1936
1937
1937
1938
1939
1940
1941
1941
1941
1941
1941
1943
1944
1945
1947
1948
1949
1951
1951
1952
1952
1956
1957
1960
1961
1961
1962
1963
1963
1965
1966
1966
1967
1969
1970
1971
1973
1975
1976
1978
1978
1979
1981
1984
1985
1985
1986
1987
1988
1988
1990
1990
1990
1992
1992
1993
1994
1994
1994
1997
1997
2000
2003
2003
2004
2005
2005
2005
2005
2006
2007
2008
2009
2009
2010
2010
2011
2011
2011
2016
2017
2017
2017
2018
2019
2020
2020
2021
2021
2021
2022
2025
2025
2026
2026
2027
2029
2030
2034
2034
2034
2036
2039
2039
2039
2044
2045
2046
2048
2051
2051
2052
2052
2053
2056
2057
2058
2059
2059
2061
2061
2063
2064
2065
2066
2067
2068
2069
2071
2071
2072
2073
2073
2073
2073
2073
2073
2075
2075
2076
2078
2078
2079
2079
2081
2084
2084
2085
2085
2085
2086
2087
2088
2089
2091
2091
2092
2093
2094
2097
2097
2098
2100
2101
2101
2102
2104
2104
2107
2107
2107
2110
2111
2111
2113
2113
2114
2116
2117
2119
2120
2120
2120
2121
2121
2121
2123
2124
2125
2125
2125
2126
2127
2128
2129
2130
2131
2131
2131
2131
2132
2134
2135
2135
2136
2136
2143
2144
2144
2145
2146
2147
2147
2148
2148
2149
2149
2150
2151
2154
2155
2156
2159
2160
2160
2161
2161
2161
2162
2163
2163
2166
2166
2168
2170
2171
2174
2174
2174
2175
2175
2176
2177
2177
2178
2178
2178
2179
2182
2182
2182
2183
2183
2185
2186
2187
2187
2189
2190
2190
2191
2191
2191
2193
2193
2194
2196
2197
2197
2199
2199
2200
2201
2203
2203
2209
2209
2210
2211
2211
2213
2213
2214
2216
2216
2217
2217
2218
2219
2219
2223
2224
2224
2225
2226
2228
2228
2229
2230
2230
2231
2231
2233
2233
2234
2235
2235
2236
2236
2237
2238
2238
2238
2241
2242
2245
2246
2246
2249
2250
2251
2251
2252
2252
2252
2253
2255
2256
2256
2256
2259
2260
2261
2263
2263
2267
2268
2270
2270
2272
2272
2273
2273
2274
2275
2275
2277
2278
2278
2281
2281
2286
2287
2287
2289
2289
2290
2291
2291
2291
2292
2293
2293
2293
2293
2294
2294
2295
2296
2299
2299
2299
2299
2301
2301
2302
2305
2306
2307
2307
2309
2310
2311
2311
2312
2314
2314
2315
2318
2320
2320
2320
2320
2320
2326
2328
2328
2329
2329
2331
2331
2331
2332
2333
2334
2334
2335
2338
2340
2342
2343
2344
2345
2346
2346
2348
2348
2348
2349
2350
2350
2350
2351
2352
2352
2352
2353
2356
2359
2360
2362
2362
2363
2364
2366
2366
2367
2368
2369
2372
2372
2372
2372
2376
2377
2377
2378
2381
2382
2382
2382
2383
2383
2384
2384
2385
2385
2388
2390
2397
2397
2398
2399
2400
2401
2403
2404
2404
2406
2407
2408
2410
2410
2411
2414
2414
2415
2416
2416
2416
2417
2417
2418
2418
2418
2418
2418
2418
2420
2420
2421
2421
2421
2422
2422
2422
2426
2428
2428
2430
2431
2432
2433
2435
2435
2436
2436
2437
2438
2438
2440
2441
2442
2442
2445
2445
2450
2450
2454
2454
2458
2458
2458
2458
2459
2459
2459
2460
2460
2461
2461
2462
2463
2463
2463
2464
2465
2466
2467
2467
2469
2469
2470
2472
2472
2475
2475
2478
2478
2478
2479
2480
2480
2481
2482
2484
2484
2485
2486
2486
2486
2489
2489
2489
2490
2491
2492
2492
2493
2493
2494
2496
2498
2499
2499
2502
2503
2504
2505
2506
2506
2506
2506
2508
2509
2509
2509
2510
2511
2512
2513
2514
2517
2520
2521
2522
2522
2524
2525
2525
2525
2526
2527
2527
2528
2529
2529
2530
2531
2531
2531
2534
2538
2538
2539
2541
2541
2541
2542
2543
2543
2543
2544
2547
2547
2548
2549
2550
2552
2552
2555
2555
2556
2556
2558
2558
2560
2561
2562
2563
2564
2566
2567
2567
2569
2571
2573
2573
2574
2575
2575
2576
2578
2578
2578
2581
2582
2583
2585
2586
2586
2587
2588
2589
2590
2592
2593
2593
2593
2595
2596
2597
2597
2598
2598
2598
2599
2599
2601
2601
2602
2603
2605
2605
2605
2607
2608
2608
2609
2610
2610
2610
2612
2613
2615
2615
2616
2616
2616
2617
2619
2621
2621
2622
2623
2624
2628
2629
2629
2633
2633
2634
2636
2636
2636
2640
2641
2641
2643
2643
2643
2644
2644
2644
2647
2649
2653
2653
2653
2653
2655
2657
2661
2661
2661
2663
2664
2664
2664
2665
2666
2666
2667
2667
2667
2668
2668
2670
2670
2670
2670
2671
2674
2674
2676
2677
2677
2679
2681
2681
2681
2682
2683
2684
2684
2685
2689
2689
2689
2697
2697
2700
2700
2701
2703
2705
2705
2706
2707
2707
2707
2707
2708
2708
2708
2709
2711
2712
2712
2713
2714
2715
2716
2717
2717
2718
2718
2718
2719
2720
2721
2722
2723
2723
2725
2726
2728
2730
2731
2732
2734
2735
2735
2736
2737
2737
2739
2741
2741
2741
2741
2741
2743
2743
2743
2745
2747
2757
2760
2762
2765
2766
2766
2768
2769
2770
2770
2772
2772
2773
2775
2776
2776
2776
2776
2777
2779
2781
2781
2781
2781
2783
2783
2786
2786
2787
2788
2789
2791
2793
2793
2793
2793
2794
2794
2794
2796
2798
2799
2800
2800
2800
2800
2800
2801
2801
2802
2802
2804
2805
2805
2806
2806
2807
2808
2808
2809
2809
2809
2813
2815
2815
2817
2820
2821
2821
2821
2822
2824
2824
2829
2829
2829
2832
2832
2833
2833
2834
2835
2837
2837
2838
2839
2841
2841
2841
2841
2841
2842
2843
2843
2844
2845
2847
2849
2849
2850
2851
2854
2854
2855
2859
2860
2861
2861
2863
2863
2865
2866
2867
2867
2868
2869
2870
2871
2872
2873
2873
2873
2873
2874
2874
2875
2875
2876
2880
2881
2883
2884
2885
2886
2887
2887
2887
2892
2892
2893
2895
2897
2898
2898
2899
2900
2900
2901
2901
2902
2903
2903
2905
2905
2906
2907
2909
2911
2911
2911
2912
2912
2916
2916
2917
2918
2920
2920
2922
2923
2924
2925
2926
2927
2929
2929
2929
2930
2930
2931
2932
2932
2932
2936
2937
2937
2938
2939
2939
2939
2943
2945
2945
2946
2948
2948
2949
2950
2951
2952
2952
2954
2956
2956
2956
2956
2957
2958
2959
2960
2961
2963
2963
2963
2964
2966
2968
2969
2970
2971
2972
2973
2973
2973
2973
2974
2974
2975
2975
2978
2978
2979
2979
2980
2981
2981
2983
2983
2986
2987
2987
2988
2989
2989
2994
2994
2994
2995
2995
2995
2998
2999
3000
3002
3005
3007
3009
3010
3011
3012
3014
3014
3017
3017
3017
3017
3019
3019
3019
3021
3021
3021
3022
3022
3022
3024
3025
3025
3025
3026
3027
3027
3029
3031
3033
3033
3033
3034
3034
3035
3035
3036
3037
3038
3038
3040
3041
3041
3042
3042
3042
3042
3042
3046
3050
3051
3054
3055
3055
3055
3056
3058
3059
3059
3059
3061
3061
3062
3063
3063
3064
3064
3065
3066
3066
3067
3068
3068
3070
3070
3071
3073
3075
3077
3078
3078
3080
3081
3082
3083
3084
3085
3087
3087
3087
3090
3092
3092
3097
3098
3098
3099
3101
3103
3103
3105
3105
3105
3105
3105
3110
3111
3112
3112
3113
3113
3114
3115
3116
3118
3118
3118
3119
3119
3119
3120
3121
3121
3121
3123
3123
3123
3123
3125
3126
3130
3130
3131
3131
3133
3133
3133
3134
3134
3134
3134
3134
3135
3136
3136
3136
3137
3137
3137
3141
3144
3144
3146
3147
3147
3149
3150
3152
3153
3153
3154
3154
3155
3156
3158
3159
3159
3159
3163
3163
3164
3165
3165
3166
3167
3168
3168
3170
3172
3174
3174
3175
3175
3176
3176
3179
3181
3182
3183
3185
3185
3188
3188
3188
3189
3189
3190
3191
3192
3193
3193
3193
3194
3194
3195
3196
3196
3196
3196
3199
3199
3200
3201
3201
3202
3203
3203
3204
3205
3206
3207
3209
3209
3214
3214
3215
3216
3218
3218
3219
3227
3227
3227
3229
3229
3229
3230
3234
3234
3236
3237
3239
3240
3242
3242
3244
3244
3246
3246
3246
3248
3251
3252
3252
3253
3254
3254
3256
3258
3259
3259
3261
3261
3262
3263
3264
3265
3265
3266
3268
3269
3269
3269
3270
3270
3270
3273
3273
3279
3279
3280
3280
3281
3281
3282
3282
3282
3284
3284
3285
3286
3287
3288
3289
3290
3292
3293
3295
3296
3296
3297
3298
3299
3300
3300
3302
3302
3303
3304
3304
3304
3305
3306
3308
3311
3312
3313
3313
3313
3313
3314
3314
3320
3320
3320
3322
3323
3325
3326
3327
3327
3328
3329
3330
3332
3333
3333
3333
3333
3334
3334
3335
3335
3335
3336
3336
3338
3341
3341
3341
3342
3343
3343
3344
3344
3345
3345
3348
3349
3351
3351
3353
3357
3359
3361
3361
3365
3365
3369
3369
3370
3371
3371
3375
3375
3375
3376
3376
3377
3378
3378
3379
3380
3380
3380
3381
3385
3385
3388
3388
3389
3390
3390
3391
3392
3393
3393
3393
3395
3395
3397
3398
3398
3398
3399
3399
3399
3400
3403
3403
3403
3404
3404
3405
3406
3406
3406
3407
3409
3413
3415
3416
3417
3419
3425
3425
3425
3426
3426
3427
3430
3432
3432
3432
3437
3438
3440
3440
3440
3441
3441
3444
3444
3444
3445
3449
3451
3452
3452
3453
3453
3453
3454
3456
3456
3457
3457
3458
3459
3459
3459
3462
3462
3462
3463
3464
3467
3468
3469
3470
3472
3472
3472
3473
3474
3477
3478
3480
3481
3485
3487
3488
3489
3490
3491
3491
3494
3495
3495
3497
3497
3498
3499
3502
3504
3505
3505
3505
3506
3506
3507
3508
3509
3509
3509
3510
3510
3512
3512
3512
3513
3514
3515
3518
3519
3519
3520
3522
3522
3522
3523
3524
3524
3525
3527
3528
3530
3530
3531
3533
3535
3539
3539
3540
3540
3541
3541
3541
3542
3542
3543
3543
3543
3546
3547
3549
3550
3552
3552
3552
3552
3552
3554
3555
3556
3557
3558
3559
3560
3561
3562
3562
3563
3564
3564
3564
3565
3567
3568
3568
3568
3569
3569
3570
3570
3577
3583
3584
3584
3586
3587
3588
3589
3590
3590
3593
3596
3598
3600
3600
3602
3604
3604
3605
3605
3606
3606
3606
3606
3608
3608
3608
3609
3610
3612
3613
3614
3618
3618
3619
3619
3620
3621
3622
3622
3624
3627
3627
3628
3628
3629
3631
3631
3632
3633
3633
3634
3634
3634
3634
3635
3635
3636
3638
3638
3638
3641
3642
3643
3644
3645
3645
3647
3650
3650
3651
3653
3655
3657
3657
3659
3659
3659
3660
3660
3661
3663
3663
3664
3664
3664
3665
3666
3666
3667
3671
3671
3672
3672
3674
3674
3676
3678
3680
3681
3683
3685
3687
3690
3690
3690
3693
3693
3693
3697
3698
3698
3699
3699
3702
3703
3704
3704
3705
3705
3706
3706
3706
3707
3708
3710
3710
3711
3712
3713
3714
3715
3716
3716
3716
3717
3718
3720
3722
3722
3723
3723
3724
3724
3726
3726
3727
3727
3728
3728
3730
3730
3730
3730
3730
3731
3732
3732
3732
3733
3734
3736
3737
3739
3741
3743
3743
3745
3747
3747
3748
3748
3749
3750
3750
3751
3751
3751
3752
3752
3753
3754
3756
3756
3756
3757
3757
3757
3758
3759
3761
3764
3764
3765
3765
3765
3766
3766
3767
3768
3770
3770
3770
3770
3770
3771
3771
3771
3772
3775
3777
3778
3778
3778
3778
3781
3782
3782
3782
3783
3783
3784
3785
3785
3787
3787
3787
3787
3789
3789
3790
3791
3792
3793
3793
3796
3796
3797
3797
3797
3799
3800
3801
3801
3803
3803
3804
3805
3807
3807
3807
3808
3808
3809
3810
3811
3811
3813
3814
3815
3817
3817
3818
3819
3819
3820
3820
3822
3823
3823
3824
3825
3826
3827
3827
3827
3828
3828
3829
3830
3832
3835
3836
3837
3840
3840
3842
3844
3844
3845
3848
3848
3848
3849
3849
3850
3852
3852
3853
3853
3853
3854
3854
3856
3856
3857
3857
3859
3862
3862
3863
3864
3864
3865
3866
3867
3869
3871
3872
3873
3874
3874
3875
3879
3880
3880
3881
3882
3882
3885
3885
3886
3886
3887
3888
3889
3893
3895
3896
3897
3898
3900
3900
3901
3901
3901
3902
3902
3902
3902
3903
3904
3904
3905
3906
3907
3908
3909
3909
3909
3910
3911
3911
3912
3912
3913
3916
3916
3916
3917
3917
3917
3918
3918
3918
3922
3924
3925
3925
3926
3926
3928
3928
3930
3930
3930
3931
3933
3934
3938
3938
3939
3940
3940
3942
3943
3944
3945
3945
3945
3949
3949
3950
3951
3951
3951
3953
3954
3958
3958
3961
3962
3963
3965
3967
3969
3971
3971
3972
3972
3973
3976
3977
3977
3977
3977
3978
3979
3979
3982
3982
3984
3984
3987
3988
3989
3989
3990
3992
3992
3993
3999
4003
4005
4006
4009
4009
4009
4010
4010
4010
4014
4016
4017
4017
4018
4019
4019
4023
4024
4026
4026
4027
4029
4029
4033
4035
4035
4035
4038
4038
4038
4039
4040
4040
4041
4041
4041
4043
4044
4044
4045
4045
4045
4045
4045
4046
4046
4047
4049
4049
4052
4053
4053
4053
4053
4055
4056
4059
4059
4064
4064
4065
4067
4067
4068
4069
4069
4069
4072
4073
4073
4074
4074
4075
4076
4076
4077
4079
4079
4085
4085
4086
4086
4087
4087
4088
4088
4088
4089
4089
4090
4090
4091
4092
4093
4093
4094
4096
4097
4097
4097
4098
4098
4098
4099
4099
4101
4101
4101
4101
4102
4102
4104
4104
4105
4106
4107
4108
4111
4112
4113
4113
4114
4115
4115
4116
4116
4116
4117
4118
4121
4121
4122
4122
4123
4124
4124
4129
4130
4131
4131
4132
4134
4135
4135
4136
4136
4136
4138
4138
4139
4141
4142
4143
4144
4144
4144
4145
4145
4145
4147
4147
4149
4150
4150
4151
4152
4152
4153
4155
4155
4157
4157
4158
4159
4159
4159
4161
4161
4166
4168
4169
4169
4170
4171
4172
4173
4174
4174
4175
4175
4175
4176
4179
4182
4183
4183
4184
4185
4188
4192
4193
4193
4194
4196
4197
4198
4198
4199
4199
4202
4202
4203
4204
4205
4205
4207
4207
4209
4209
4213
4215
4215
4215
4217
4220
4221
4221
4223
4224
4226
4228
4230
4231
4232
4232
4232
4234
4235
4237
4237
4237
4239
4240
4241
4242
4242
4244
4249
4250
4251
4251
4253
4253
4254
4254
4256
4257
4257
4260
4260
4260
4261
4262
4263
4263
4264
4265
4265
4267
4268
4269
4270
4270
4272
4273
4274
4274
4276
4277
4278
4281
4281
4283
4284
4284
4285
4285
4287
4287
4288
4289
4289
4291
4291
4291
4293
4293
4294
4297
4298
4300
4302
4303
4304
4304
4305
4306
4308
4312
4313
4314
4314
4314
4316
4317
4319
4320
4321
4325
4326
4327
4328
4329
4330
4331
4331
4331
4332
4333
4334
4335
4335
4336
4336
4338
4340
4340
4340
4341
4342
4342
4344
4344
4344
4344
4346
4350
4350
4350
4351
4353
4354
4355
4357
4357
4357
4359
4362
4364
4364
4364
4365
4365
4366
4366
4367
4367
4367
4369
4369
4370
4371
4373
4373
4377
4379
4381
4381
4383
4383
4385
4387
4387
4388
4389
4389
4390
4392
4392
4393
4395
4395
4396
4396
4397
4398
4399
4400
4400
4401
4401
4402
4403
4403
4404
4406
4407
4407
4409
4409
4410
4410
4412
4412
4413
4414
4414
4416
4417
4420
4420
4422
4426
4426
4426
4426
4426
4427
4428
4429
4430
4430
4432
4434
4435
4438
4438
4439
4442
4443
4445
4449
4450
4451
4451
4452
4453
4455
4455
4455
4455
4456
4457
4457
4458
4458
4459
4459
4459
4461
4462
4463
4463
4464
4464
4466
4466
4467
4469
4470
4471
4473
4474
4475
4476
4477
4478
4479
4479
4480
4480
4483
4484
4484
4485
4487
4487
4489
4489
4490
4491
4492
4493
4493
4493
4493
4493
4496
4496
4498
4498
4498
4498
4499
4499
4500
4501
4505
4505
4508
4508
4510
4511
4513
4513
4513
4515
4515
4517
4519
4523
4526
4526
4527
4531
4531
4534
4534
4535
4535
4537
4537
4538
4539
4541
4543
4543
4544
4545
4546
4547
4548
4550
4552
4553
4553
4553
4553
4554
4554
4557
4558
4559
4560
4561
4562
4563
4563
4564
4564
4564
4567
4567
4568
4568
4570
4571
4572
4572
4574
4574
4575
4576
4576
4577
4577
4579
4580
4580
4581
4583
4583
4583
4584
4587
4589
4590
4591
4591
4591
4591
4592
4594
4597
4599
4599
4600
4600
4601
4602
4602
4602
4602
4603
4605
4605
4605
4606
4606
4607
4608
4609
4609
4609
4609
4610
4611
4613
4614
4615
4616
4617
4618
4618
4619
4619
4620
4621
4621
4623
4623
4623
4625
4626
4627
4629
4631
4632
4634
4635
4638
4638
4639
4640
4640
4640
4640
4642
4643
4643
4643
4649
4649
4649
4650
4650
4651
4652
4653
4655
4655
4657
4658
4661
4661
4664
4665
4669
4670
4672
4673
4673
4678
4678
4679
4680
4683
4683
4689
4691
4691
4691
4693
4693
4693
4693
4694
4695
4697
4698
4699
4700
4700
4700
4702
4704
4704
4709
4710
4710
4710
4711
4711
4711
4711
4712
4713
4714
4715
4717
4717
4720
4721
4722
4724
4725
4726
4727
4727
4729
4729
4732
4734
4737
4739
4740
4740
4742
4744
4744
4744
4745
4745
4746
4746
4747
4747
4749
4750
4751
4756
4757
4758
4758
4759
4759
4759
4759
4759
4761
4763
4764
4765
4765
4770
4771
4773
4773
4774
4774
4775
4776
4776
4780
4780
4781
4781
4783
4784
4785
4785
4785
4788
4789
4790
4790
4791
4792
4792
4793
4794
4796
4796
4796
4797
4798
4799
4800
4801
4802
4802
4804
4805
4805
4807
4809
4810
4811
4811
4813
4814
4816
4816
4817
4819
4819
4821
4822
4822
4824
4824
4825
4827
4828
4829
4831
4831
4833
4834
4834
4834
4835
4835
4836
4837
4837
4837
4838
4842
4842
4845
4846
4846
4846
4848
4849
4850
4850
4852
4853
4856
4857
4858
4858
4859
4859
4860
4860
4864
4865
4865
4867
4867
4870
4870
4871
4875
4876
4877
4877
4878
4880
4881
4881
4882
4883
4884
4884
4885
4886
4886
4888
4889
4891
4892
4892
4893
4894
4895
4896
4897
4899
4902
4904
4904
4905
4906
4906
4907
4908
4908
4908
4909
4909
4912
4913
4916
4917
4920
4921
4921
4922
4922
4922
4922
4922
4923
4924
4924
4924
4925
4925
4929
4929
4932
4932
4933
4934
4935
4935
4936
4937
4937
4939
4940
4940
4941
4947
4948
4948
4949
4951
4953
4953
4953
4953
4954
4955
4957
4958
4959
4960
4963
4966
4966
4968
4968
4969
4970
4970
4970
4972
4973
4974
4978
4979
4980
4982
4983
4983
4984
4985
4985
4986
4986
4986
4987
4988
4989
4989
4989
4990
4990
4994
4994
4995
4996
4998
4999
5001
5001
5001
5006
5007
5009
5010
5012
5014
5014
5015
5016
5018
5018
5019
5019
5019
5020
5020
5021
5023
5023
5024
5025
5029
5029
5029
5029
5030
5030
5032
5034
5035
5036
5037
5037
5040
5040
5046
5047
5048
5048
5048
5050
5050
5051
5051
5052
5053
5053
5055
5056
5057
5057
5059
5063
5063
5064
5064
5065
5066
5066
5067
5067
5068
5069
5069
5070
5070
5071
5072
5072
5073
5077
5078
5082
5082
5083
5084
5085
5086
5087
5089
5091
5092
5093
5093
5093
5094
5095
5096
5097
5097
5098
5098
5099
5099
5099
5100
5103
5104
5105
5108
5109
5109
5112
5113
5114
5114
5114
5114
5115
5115
5116
5116
5116
5117
5119
5120
5121
5122
5122
5123
5123
5123
5125
5125
5125
5126
5127
5127
5128
5129
5129
5131
5132
5132
5135
5137
5138
5138
5138
5138
5138
5139
5142
5144
5144
5146
5147
5148
5148
5149
5155
5156
5156
5157
5158
5161
5163
5166
5166
5167
5167
5169
5170
5170
5171
5173
5173
5175
5175
5175
5177
5178
5180
5182
5182
5185
5186
5187
5188
5188
5191
5192
5192
5194
5194
5194
5195
5197
5197
5198
5198
5198
5199
5199
5200
5200
5202
5202
5202
5203
5203
5204
5205
5205
5208
5210
5212
5212
5213
5214
5214
5216
5217
5217
5218
5220
5220
5221
5221
5222
5222
5225
5227
5228
5228
5228
5229
5230
5231
5232
5233
5234
5239
5240
5241
5241
5241
5242
5245
5247
5249
5252
5254
5257
5257
5257
5258
5259
5260
5261
5263
5264
5264
5265
5265
5266
5267
5267
5268
5269
5271
5271
5271
5272
5273
5274
5276
5276
5277
5278
5278
5280
5283
5284
5284
5286
5286
5286
5289
5289
5290
5292
5294
5295
5295
5295
5296
5297
5297
5298
5300
5301
5301
5302
5302
5303
5306
5306
5307
5308
5309
5310
5310
5312
5312
5313
5314
5317
5318
5318
5318
5318
5319
5319
5320
5322
5322
5324
5325
5325
5325
5327
5328
5329
5330
5331
5332
5333
5336
5337
5337
5338
5340
5340
5341
5341
5342
5343
5344
5344
5344
5346
5348
5348
5350
5350
5353
5353
5354
5356
5356
5357
5358
5359
5359
5361
5362
5364
5365
5366
5368
5368
5369
5369
5369
5370
5370
5371
5374
5375
5375
5376
5379
5380
5382
5382
5382
5383
5383
5384
5386
5387
5387
5389
5389
5389
5390
5390
5394
5396
5397
5399
5399
5399
5399
5403
5404
5404
5405
5408
5409
5410
5411
5411
5414
5415
5418
5419
5420
5421
5421
5421
5423
5425
5426
5426
5427
5428
5431
5433
5435
5435
5436
5436
5437
5437
5437
5438
5440
5443
5443
5445
5445
5447
5449
5449
5452
5452
5452
5453
5459
5460
5461
5461
5462
5464
5465
5465
5466
5468
5469
5470
5470
5471
5472
5472
5473
5475
5477
5477
5479
5482
5483
5484
5487
5487
5487
5488
5489
5489
5490
5491
5493
5494
5495
5495
5496
5496
5499
5500
5500
5500
5501
5502
5504
5504
5506
5508
5509
5509
5510
5510
5511
5511
5512
5514
5515
5515
5519
5520
5520
5522
5523
5524
5526
5526
5526
5526
5527
5527
5527
5528
5528
5528
5528
5529
5529
5529
5529
5529
5530
5531
5533
5533
5536
5538
5538
5539
5540
5540
5542
5542
5544
5545
5547
5548
5548
5552
5552
5553
5554
5554
5554
5556
5560
5562
5565
5565
5566
5566
5566
5567
5567
5568
5568
5568
5569
5569
5572
5572
5575
5576
5577
5577
5577
5579
5583
5583
5584
5585
5585
5586
5586
5587
5589
5590
5590
5591
5592
5593
5593
5596
5596
5597
5597
5598
5598
5600
5601
5603
5603
5604
5606
5606
5607
5607
5609
5609
5610
5611
5612
5615
5617
5618
5620
5620
5620
5620
5621
5622
5624
5625
5626
5628
5629
5629
5629
5630
5631
5633
5635
5635
5636
5638
5640
5642
5645
5645
5645
5648
5648
5648
5651
5652
5654
5657
5658
5658
5659
5663
5663
5663
5664
5664
5665
5668
5669
5670
5671
5671
5671
5672
5673
5677
5677
5680
5680
5681
5682
5685
5685
5686
5688
5690
5690
5691
5692
5694
5695
5695
5695
5700
5701
5702
5702
5703
5703
5704
5704
5704
5705
5706
5708
5709
5712
5712
5713
5714
5714
5717
5719
5720
5721
5721
5721
5721
5723
5724
5725
5726
5728
5728
5731
5731
5733
5733
5734
5735
5735
5736
5737
5737
5737
5738
5741
5742
5742
5742
5743
5747
5747
5747
5750
5750
5750
5751
5751
5752
5753
5758
5759
5759
5760
5760
5762
5762
5762
5763
5763
5764
5765
5767
5768
5768
5769
5770
5771
5772
5774
5775
5775
5776
5777
5780
5782
5785
5785
5786
5786
5787
5789
5791
5792
5792
5793
5793
5793
5793
5796
5796
5796
5796
5797
5797
5798
5798
5798
5798
5800
5800
5800
5800
5801
5803
5807
5808
5810
5811
5811
5812
5813
5813
5814
5815
5815
5815
5819
5820
5821
5822
5825
5826
5826
5826
5826
5828
5829
5830
5832
5832
5832
5833
5834
5835
5835
5835
5837
5837
5837
5839
5839
5840
5841
5842
5844
5844
5847
5849
5850
5852
5853
5853
5854
5856
5856
5856
5856
5856
5858
5858
5858
5858
5859
5860
5861
5862
5863
5864
5865
5866
5866
5867
5867
5868
5869
5871
5872
5876
5877
5878
5880
5881
5882
5883
5885
5887
5888
5888
5891
5891
5892
5892
5893
5895
5898
5899
5901
5901
5902
5902
5902
5902
5903
5903
5904
5906
5908
5909
5910
5912
5912
5914
5915
5915
5917
5918
5919
5920
5921
5921
5922
5923
5924
5925
5925
5926
5927
5928
5928
5931
5933
5933
5934
5934
5934
5935
5935
5935
5936
5936
5938
5940
5942
5943
5943
5943
5944
5945
5946
5947
5947
5949
5950
5950
5951
5952
5953
5955
5956
5957
5958
5959
5962
5962
5963
5963
5963
5964
5965
5965
5966
5966
5967
5970
5971
5972
5974
5975
5975
5975
5976
5976
5976
5978
5979
5979
5980
5981
5981
5982
5983
5983
5983
5983
5984
5984
5984
5984
5985
5985
5986
5989
5989
5992
5993
5994
5995
5996
5997
5998
5999
6000
6001
6002
6003
6007
6007
6007
6007
6008
6008
6008
6009
6011
6012
6013
6015
6015
6017
6019
6019
6021
6022
6022
6026
6026
6029
6030
6030
6031
6032
6032
6033
6033
6035
6038
6039
6041
6044
6045
6046
6048
6050
6051
6052
6052
6053
6054
6055
6055
6055
6055
6057
6062
6062
6062
6065
6066
6067
6072
6074
6074
6074
6075
6077
6079
6079
6081
6083
6083
6084
6084
6085
6085
6085
6086
6087
6087
6087
6090
6090
6091
6092
6092
6094
6094
6097
6098
6098
6102
6103
6105
6105
6105
6105
6106
6107
6107
6109
6110
6111
6112
6112
6113
6114
6114
6114
6116
6121
6121
6121
6122
6125
6125
6127
6127
6127
6129
6129
6131
6132
6135
6135
6135
6135
6136
6136
6138
6140
6142
6143
6143
6143
6143
6144
6145
6146
6147
6148
6148
6149
6149
6150
6151
6152
6156
6157
6157
6157
6159
6160
6160
6162
6163
6163
6164
6164
6165
6167
6167
6167
6168
6169
6169
6170
6170
6173
6173
6173
6173
6175
6175
6178
6178
6181
6181
6183
6183
6185
6186
6187
6189
6189
6189
6191
6192
6192
6193
6194
6198
6198
6199
6199
6199
6200
6200
6201
6201
6202
6204
6206
6207
6208
6209
6210
6211
6212
6212
6214
6214
6215
6215
6216
6216
6217
6217
6218
6219
6219
6220
6222
6222
6222
6223
6225
6226
6227
6228
6229
6230
6231
6232
6235
6236
6237
6238
6238
6239
6240
6242
6242
6244
6244
6245
6248
6249
6250
6250
6256
6259
6259
6260
6261
6261
6261
6263
6263
6263
6264
6264
6264
6265
6266
6266
6268
6271
6271
6272
6272
6272
6273
6275
6276
6276
6279
6280
6281
6283
6284
6287
6289
6289
6291
6291
6292
6293
6294
6294
6294
6295
6296
6296
6297
6297
6299
6300
6300
6300
6302
6303
6303
6304
6304
6306
6306
6307
6307
6307
6311
6314
6314
6315
6316
6319
6322
6323
6323
6324
6325
6329
6329
6330
6332
6333
6333
6333
6336
6337
6342
6343
6343
6345
6346
6349
6352
6352
6352
6353
6353
6353
6353
6354
6355
6355
6356
6358
6362
6362
6364
6367
6369
6370
6370
6371
6371
6371
6372
6372
6376
6376
6377
6377
6379
6379
6380
6381
6382
6382
6383
6383
6383
6384
6385
6385
6386
6390
6390
6391
6391
6392
6392
6393
6394
6394
6394
6395
6395
6395
6395
6396
6396
6398
6398
6399
6402
6403
6405
6405
6405
6406
6406
6406
6407
6407
6407
6408
6408
6409
6410
6410
6411
6414
6414
6414
6415
6416
6417
6420
6424
6425
6427
6428
6429
6429
6430
6431
6431
6431
6432
6432
6433
6434
6434
6436
6440
6440
6441
6442
6444
6444
6445
6445
6446
6447
6448
6448
6449
6449
6449
6450
6452
6453
6454
6454
6454
6455
6455
6455
6455
6456
6457
6457
6458
6460
6461
6462
6463
6463
6463
6464
6464
6467
6467
6468
6468
6472
6473
6473
6474
6475
6479
6480
6481
6482
6485
6485
6486
6486
6487
6488
6488
6488
6489
6489
6490
6491
6491
6492
6492
6493
6494
6494
6494
6496
6496
6496
6497
6498
6498
6498
6500
6500
6503
6503
6504
6505
6506
6506
6507
6507
6508
6509
6509
6510
6511
6512
6512
6512
6513
6513
6513
6513
6516
6517
6518
6522
6524
6524
6525
6526
6526
6527
6527
6528
6529
6529
6529
6531
6531
6532
6533
6534
6534
6534
6536
6544
6545
6547
6547
6550
6550
6550
6551
6552
6554
6555
6555
6555
6555
6555
6555
6556
6556
6557
6557
6559
6561
6563
6566
6566
6567
6567
6567
6567
6568
6568
6568
6569
6571
6572
6573
6574
6577
6577
6578
6579
6579
6579
6579
6581
6581
6582
6582
6582
6583
6583
6583
6583
6584
6584
6586
6588
6589
6590
6593
6595
6595
6596
6597
6598
6601
6601
6601
6601
6601
6602
6602
6605
6605
6606
6606
6606
6609
6610
6610
6612
6617
6617
6617
6619
6619
6619
6620
6621
6622
6623
6624
6626
6626
6630
6631
6631
6633
6635
6636
6637
6637
6638
6638
6639
6640
6640
6640
6641
6641
6641
6643
6644
6645
6646
6646
6646
6646
6647
6647
6649
6649
6650
6651
6651
6651
6652
6653
6653
6653
6654
6654
6657
6657
6657
6659
6661
6661
6661
6663
6663
6665
6666
6669
6670
6674
6674
6675
6675
6675
6677
6677
6678
6679
6679
6679
6683
6684
6685
6686
6686
6687
6687
6688
6690
6691
6691
6691
6692
6693
6693
6695
6696
6696
6698
6699
6700
6701
6702
6705
6706
6707
6708
6709
6710
6711
6711
6713
6713
6715
6716
6721
6723
6726
6726
6726
6729
6730
6731
6731
6731
6738
6739
6739
6740
6743
6743
6745
6745
6748
6750
6751
6751
6753
6754
6754
6754
6756
6756
6756
6758
6758
6758
6758
6759
6760
6761
6763
6763
6764
6764
6765
6765
6765
6766
6766
6768
6769
6769
6771
6771
6774
6775
6775
6777
6777
6778
6779
6781
6782
6784
6784
6784
6785
6788
6789
6789
6789
6790
6792
6792
6793
6794
6794
6795
6799
6800
6800
6802
6803
6804
6805
6805
6806
6806
6811
6812
6812
6813
6814
6815
6815
6817
6819
6820
6821
6821
6823
6826
6826
6828
6828
6828
6828
6829
6829
6830
6830
6831
6831
6834
6834
6835
6835
6835
6837
6837
6838
6840
6841
6842
6846
6846
6847
6855
6856
6858
6858
6861
6861
6862
6864
6864
6865
6865
6866
6866
6868
6868
6869
6870
6874
6874
6875
6875
6875
6875
6876
6877
6878
6879
6882
6886
6888
6888
6888
6889
6889
6890
6890
6891
6891
6892
6892
6893
6893
6894
6895
6895
6896
6896
6897
6898
6900
6900
6900
6900
6900
6902
6902
6904
6905
6905
6906
6906
6908
6908
6908
6910
6910
6910
6913
6914
6916
6916
6919
6921
6921
6922
6924
6925
6926
6926
6927
6929
6930
6931
6931
6933
6935
6935
6935
6936
6937
6938
6938
6939
6940
6940
6940
6940
6946
6946
6947
6950
6954
6955
6955
6956
6956
6959
6959
6959
6959
6962
6964
6964
6965
6966
6968
6970
6971
6972
6973
6978
6978
6980
6983
6983
6983
6985
6985
6986
6987
6987
6987
6987
6989
6989
6990
6991
6992
6993
6993
6995
6995
6996
6996
6997
6998
7000
7003
7004
7004
7004
7006
7007
7008
7008
7008
7009
7010
7010
7010
7013
7014
7015
7016
7018
7018
7021
7023
7024
7024
7024
7025
7025
7026
7028
7028
7031
7033
7033
7033
7036
7039
7041
7042
7044
7044
7045
7048
7049
7049
7051
7052
7053
7053
7053
7054
7054
7055
7057
7059
7060
7060
7062
7062
7063
7064
7065
7066
7066
7070
7070
7071
7074
7074
7074
7077
7078
7079
7080
7081
7082
7083
7083
7084
7085
7085
7086
7086
7087
7088
7089
7090
7093
7093
7093
7097
7098
7098
7099
7099
7100
7103
7104
7104
7106
7106
7107
7109
7111
7113
7115
7116
7116
7118
7119
7119
7120
7122
7122
7124
7125
7126
7127
7129
7130
7131
7131
7131
7131
7133
7134
7135
7135
7136
7136
7137
7137
7139
7141
7141
7142
7142
7142
7143
7143
7144
7145
7146
7146
7146
7147
7148
7148
7149
7149
7151
7152
7153
7154
7154
7155
7155
7158
7158
7158
7166
7167
7167
7168
7169
7170
7170
7170
7172
7172
7172
7174
7176
7176
7177
7178
7178
7179
7179
7179
7180
7181
7182
7182
7182
7184
7184
7184
7185
7185
7186
7186
7187
7187
7188
7188
7188
7189
7190
7194
7194
7196
7196
7197
7197
7197
7198
7198
7201
7201
7202
7205
7206
7206
7207
7207
7208
7209
7211
7211
7212
7215
7215
7219
7221
7223
7224
7224
7225
7226
7227
7228
7233
7233
7233
7233
7234
7235
7235
7236
7237
7237
7238
7238
7240
7241
7242
7242
7244
7244
7246
7248
7249
7249
7251
7253
7254
7255
7255
7255
7255
7255
7256
7257
7258
7258
7259
7262
7264
7265
7266
7267
7267
7267
7269
7271
7272
7272
7272
7273
7273
7274
7276
7276
7277
7278
7278
7278
7279
7280
7281
7283
7283
7284
7285
7287
7288
7288
7288
7289
7292
7293
7294
7295
7297
7298
7300
7301
7302
7302
7304
7304
7304
7306
7306
7309
7310
7313
7315
7315
7316
7319
7319
7320
7320
7320
7320
7320
7321
7322
7324
7328
7330
7330
7330
7332
7334
7337
7337
7340
7345
7345
7346
7346
7346
7347
7349
7350
7350
7350
7351
7352
7354
7356
7360
7361
7361
7364
7365
7365
7366
7367
7367
7367
7367
7368
7368
7368
7369
7371
7372
7373
7373
7373
7373
7373
7373
7374
7375
7376
7376
7376
7377
7377
7379
7379
7379
7380
7380
7382
7385
7385
7386
7391
7393
7393
7394
7394
7396
7396
7397
7398
7398
7400
7402
7402
7403
7403
7404
7405
7406
7407
7408
7410
7412
7412
7414
7414
7414
7414
7416
7417
7418
7418
7420
7422
7422
7425
7426
7426
7426
7426
7428
7428
7429
7430
7430
7430
7430
7431
7433
7433
7433
7434
7438
7438
7440
7440
7441
7441
7442
7445
7445
7445
7446
7448
7448
7451
7451
7451
7453
7453
7453
7456
7456
7456
7456
7457
7458
7460
7462
7462
7463
7468
7469
7470
7473
7474
7477
7477
7479
7479
7480
7480
7482
7482
7483
7483
7485
7485
7485
7486
7487
7487
7489
7492
7492
7493
7493
7494
7495
7495
7496
7497
7497
7497
7498
7498
7499
7500
7501
7501
7502
7503
7503
7503
7504
7504
7508
7512
7512
7514
7515
7517
7519
7520
7520
7521
7522
7523
7523
7523
7523
7524
7525
7527
7528
7529
7530
7531
7531
7533
7533
7536
7537
7537
7539
7539
7540
7543
7544
7545
7545
7546
7546
7546
7547
7547
7548
7548
7548
7548
7549
7549
7553
7554
7555
7557
7558
7559
7560
7560
7565
7567
7568
7569
7569
7569
7570
7571
7572
7572
7573
7574
7574
7575
7575
7577
7578
7581
7581
7582
7582
7583
7585
7585
7586
7586
7589
7590
7591
7591
7592
7594
7595
7596
7596
7596
7598
7598
7598
7600
7600
7601
7602
7604
7604
7605
7605
7605
7605
7605
7606
7607
7607
7608
7609
7609
7613
7614
7614
7614
7615
7615
7616
7616
7616
7617
7619
7619
7619
7620
7620
7623
7623
7625
7627
7628
7629
7629
7633
7636
7637
7638
7638
7638
7639
7640
7641
7642
7642
7643
7643
7643
7643
7645
7645
7645
7646
7646
7647
7647
7647
7647
7648
7649
7649
7650
7650
7650
7651
7653
7653
7654
7654
7654
7655
7657
7657
7658
7661
7662
7663
7663
7663
7664
7664
7666
7667
7668
7669
7669
7670
7671
7673
7673
7674
7675
7678
7678
7680
7681
7683
7683
7684
7684
7685
7687
7688
7689
7690
7690
7690
7691
7691
7691
7693
7693
7694
7694
7696
7697
7698
7699
7699
7700
7700
7700
7701
7702
7702
7703
7705
7705
7705
7706
7709
7710
7711
7713
7713
7714
7716
7716
7717
7717
7719
7720
7720
7720
7722
7722
7723
7723
7723
7725
7726
7726
7727
7728
7731
7731
7733
7735
7735
7736
7737
7737
7737
7738
7738
7741
7743
7743
7744
7744
7745
7745
7746
7746
7746
7746
7747
7747
7747
7749
7749
7749
7750
7750
7751
7752
7754
7754
7754
7755
7757
7758
7759
7760
7761
7762
7763
7763
7764
7764
7766
7766
7766
7770
7771
7772
7772
7773
7776
7776
7776
7777
7780
7780
7781
7781
7782
7783
7784
7785
7786
7786
7787
7788
7790
7790
7791
7792
7793
7794
7797
7798
7799
7799
7800
7801
7802
7802
7803
7803
7806
7806
7807
7807
7808
7809
7809
7810
7813
7815
7816
7818
7819
7819
7820
7820
7821
7821
7822
7822
7823
7824
7825
7826
7826
7828
7828
7829
7830
7831
7832
7832
7833
7833
7834
7834
7836
7836
7836
7837
7839
7840
7840
7840
7844
7844
7846
7847
7849
7849
7851
7851
7853
7853
7853
7854
7854
7855
7856
7856
7860
7864
7869
7869
7870
7870
7872
7874
7876
7877
7877
7879
7879
7880
7882
7882
7883
7884
7884
7886
7887
7887
7888
7889
7890
7892
7892
7894
7894
7895
7896
7897
7900
7900
7900
7906
7908
7908
7908
7908
7909
7910
7911
7911
7914
7914
7917
7918
7919
7921
7926
7930
7932
7932
7933
7934
7937
7939
7940
7941
7941
7942
7944
7944
7946
7947
7947
7948
7948
7950
7951
7951
7952
7953
7954
7954
7955
7957
7957
7958
7959
7959
7960
7961
7962
7963
7965
7969
7969
7969
7970
7970
7970
7971
7971
7973
7974
7974
7974
7975
7976
7977
7978
7980
7980
7981
7984
7984
7985
7987
7987
7987
7988
7989
7989
7992
7992
7993
7994
7997
7998
8000
8000
8001
8004
8004
8004
8004
8005
8005
8006
8008
8008
8009
8010
8010
8010
8012
8014
8014
8014
8014
8016
8019
8020
8020
8021
8023
8023
8023
8025
8025
8028
8029
8030
8030
8030
8031
8033
8033
8034
8038
8041
8044
8044
8045
8045
8045
8047
8047
8047
8048
8049
8051
8052
8053
8053
8054
8055
8055
8056
8057
8057
8059
8059
8059
8060
8061
8061
8061
8062
8063
8067
8068
8070
8070
8074
8074
8074
8075
8076
8077
8077
8078
8079
8080
8080
8080
8081
8083
8084
8084
8084
8085
8088
8090
8090
8091
8092
8093
8093
8094
8096
8096
8099
8099
8101
8102
8102
8103
8104
8104
8106
8106
8106
8107
8108
8108
8108
8108
8109
8109
8110
8111
8113
8114
8117
8117
8117
8121
8121
8121
8121
8122
8123
8124
8124
8126
8126
8127
8128
8128
8129
8130
8130
8131
8134
8134
8135
8136
8136
8136
8137
8137
8137
8138
8139
8139
8140
8141
8142
8142
8142
8143
8143
8143
8143
8145
8145
8146
8148
8149
8149
8150
8151
8152
8154
8156
8157
8157
8157
8158
8158
8158
8162
8165
8165
8165
8167
8169
8173
8173
8173
8175
8178
8178
8179
8179
8180
8184
8184
8185
8185
8186
8188
8188
8188
8189
8190
8191
8192
8192
8192
8193
8193
8194
8194
8195
8195
8196
8197
8198
8199
8200
8201
8203
8203
8203
8205
8205
8206
8206
8206
8208
8209
8210
8212
8213
8215
8215
8216
8216
8217
8217
8218
8219
8220
8220
8221
8222
8226
8228
8229
8229
8230
8230
8231
8235
8236
8237
8238
8239
8241
8243
8243
8244
8245
8247
8249
8249
8250
8251
8251
8251
8253
8255
8256
8258
8259
8259
8259
8261
8262
8263
8264
8264
8264
8265
8267
8268
8269
8272
8273
8274
8275
8276
8278
8278
8278
8278
8280
8281
8284
8285
8285
8285
8286
8290
8291
8292
8292
8295
8295
8296
8297
8299
8299
8304
8305
8305
8307
8308
8309
8309
8309
8312
8313
8313
8315
8316
8318
8320
8321
8321
8322
8326
8327
8329
8329
8330
8331
8331
8331
8333
8335
8335
8336
8336
8336
8337
8340
8340
8340
8342
8344
8344
8345
8346
8346
8346
8346
8348
8350
8352
8353
8353
8358
8359
8362
8363
8365
8365
8365
8366
8366
8367
8370
8370
8371
8371
8372
8372
8373
8376
8377
8377
8378
8378
8380
8380
8384
8384
8387
8387
8387
8388
8392
8392
8392
8394
8394
8394
8394
8395
8397
8397
8398
8399
8400
8401
8403
8404
8404
8406
8411
8412
8413
8414
8414
8414
8414
8415
8416
8416
8421
8424
8425
8427
8428
8428
8428
8428
8429
8429
8429
8430
8434
8436
8436
8438
8438
8439
8440
8443
8443
8446
8448
8450
8451
8451
8451
8452
8455
8455
8456
8457
8459
8459
8460
8461
8461
8461
8462
8462
8463
8465
8465
8466
8467
8469
8471
8472
8472
8473
8474
8475
8476
8478
8483
8483
8485
8485
8485
8486
8487
8488
8488
8488
8489
8489
8489
8490
8490
8490
8491
8492
8493
8495
8496
8498
8500
8501
8502
8502
8503
8505
8505
8505
8506
8510
8510
8510
8514
8518
8518
8519
8521
8522
8522
8523
8523
8523
8524
8524
8525
8525
8527
8527
8527
8527
8530
8533
8535
8537
8542
8543
8543
8544
8547
8547
8549
8550
8550
8551
8552
8553
8554
8554
8554
8555
8555
8555
8557
8557
8558
8560
8562
8562
8562
8563
8563
8564
8564
8565
8565
8566
8567
8568
8571
8571
8572
8573
8573
8574
8575
8577
8578
8578
8578
8579
8580
8581
8582
8582
8583
8583
8583
8584
8584
8584
8585
8586
8588
8589
8590
8590
8592
8592
8593
8593
8593
8595
8596
8596
8596
8596
8601
8603
8605
8606
8606
8608
8610
8611
8611
8611
8613
8613
8614
8614
8618
8619
8621
8624
8625
8627
8630
8632
8634
8634
8634
8635
8635
8635
8636
8637
8637
8637
8640
8641
8641
8642
8642
8646
8647
8647
8648
8648
8649
8649
8650
8650
8654
8655
8656
8656
8656
8656
8657
8657
8658
8660
8660
8661
8666
8666
8668
8668
8671
8671
8672
8674
8675
8675
8675
8676
8676
8676
8678
8679
8679
8681
8682
8682
8683
8683
8685
8685
8686
8686
8687
8688
8688
8692
8693
8693
8693
8693
8695
8697
8697
8698
8700
8700
8700
8701
8701
8703
8703
8705
8705
8706
8707
8708
8709
8710
8712
8719
8719
8720
8721
8722
8723
8724
8727
8727
8727
8727
8727
8727
8728
8728
8728
8730
8732
8734
8735
8739
8740
8740
8743
8744
8745
8746
8747
8748
8749
8749
8751
8756
8759
8759
8759
8761
8761
8763
8763
8767
8768
8768
8770
8770
8770
8772
8775
8778
8780
8782
8784
8785
8785
8786
8788
8789
8791
8791
8795
8798
8799
8799
8799
8800
8802
8802
8802
8802
8802
8802
8804
8804
8806
8806
8807
8808
8808
8808
8809
8810
8810
8810
8812
8812
8812
8814
8815
8816
8816
8816
8817
8817
8818
8819
8819
8819
8821
8821
8821
8821
8822
8822
8823
8824
8825
8827
8828
8828
8828
8829
8829
8829
8830
8831
8832
8832
8833
8834
8835
8835
8835
8837
8841
8841
8845
8845
8846
8847
8847
8848
8849
8849
8851
8853
8853
8853
8854
8854
8856
8860
8865
8865
8865
8867
8868
8869
8869
8870
8870
8871
8871
8872
8872
8873
8873
8873
8873
8877
8878
8880
8888
8889
8889
8890
8891
8891
8891
8891
8893
8893
8893
8893
8894
8895
8896
8896
8897
8897
8900
8902
8904
8908
8909
8911
8912
8913
8913
8916
8916
8916
8917
8917
8917
8918
8921
8921
8921
8923
8923
8927
8929
8931
8931
8932
8934
8934
8934
8935
8935
8936
8939
8941
8941
8942
8943
8943
8944
8944
8944
8945
8945
8945
8945
8945
8946
8947
8947
8948
8949
8949
8950
8951
8952
8953
8954
8954
8957
8959
8959
8959
8961
8962
8965
8965
8966
8968
8970
8971
8971
8971
8972
8973
8974
8976
8977
8978
8978
8979
8979
8979
8979
8980
8980
8981
8982
8982
8982
8986
8987
8987
8987
8987
8990
8991
8991
8993
8993
8994
8994
8996
8998
8998
8998
8998
9001
9001
9004
9006
9007
9007
9007
9013
9015
9016
9017
9017
9017
9018
9019
9022
9022
9022
9023
9026
9026
9028
9028
9028
9028
9030
9030
9030
9033
9035
9036
9037
9039
9041
9042
9042
9043
9044
9048
9050
9053
9053
9053
9055
9056
9058
9062
9063
9065
9069
9070
9071
9072
9072
9073
9074
9074
9075
9075
9076
9076
9077
9077
9077
9078
9080
9082
9083
9083
9083
9083
9085
9088
9088
9088
9090
9090
9091
9092
9093
9093
9095
9096
9098
9098
9101
9101
9103
9104
9106
9107
9108
9110
9111
9112
9112
9113
9116
9117
9118
9119
9119
9119
9120
9121
9121
9123
9124
9125
9127
9127
9128
9131
9131
9131
9131
9132
9133
9134
9136
9138
9138
9139
9140
9140
9141
9141
9142
9142
9143
9144
9145
9145
9145
9146
9148
9148
9148
9148
9150
9150
9150
9150
9152
9153
9153
9154
9155
9156
9156
9156
9157
9159
9160
9161
9161
9163
9164
9165
9167
9169
9169
9171
9175
9175
9178
9178
9178
9178
9183
9185
9186
9187
9190
9191
9192
9192
9193
9199
9199
9201
9201
9202
9203
9204
9204
9208
9208
9209
9209
9209
9209
9210
9212
9212
9215
9216
9216
9219
9220
9220
9221
9222
9222
9222
9222
9223
9224
9228
9229
9230
9231
9235
9236
9237
9237
9238
9238
9239
9240
9241
9242
9243
9243
9243
9244
9244
9244
9246
9246
9248
9248
9250
9251
9253
9253
9254
9254
9255
9257
9257
9259
9260
9261
9261
9261
9262
9262
9263
9266
9266
9268
9269
9272
9273
9276
9277
9282
9283
9283
9284
9286
9287
9287
9287
9288
9288
9288
9289
9290
9291
9291
9292
9292
9294
9294
9297
9299
9300
9300
9302
9303
9304
9305
9306
9307
9308
9308
9311
9312
9313
9314
9315
9321
9321
9322
9323
9323
9324
9326
9326
9326
9329
9329
9330
9331
9333
9333
9334
9335
9336
9336
9336
9337
9337
9337
9338
9340
9340
9340
9341
9342
9342
9344
9344
9345
9345
9345
9346
9347
9347
9347
9348
9348
9349
9349
9350
9351
9353
9354
9355
9356
9358
9359
9359
9359
9360
9361
9362
9363
9363
9363
9363
9367
9369
9369
9369
9370
9371
9371
9373
9373
9375
9375
9376
9377
9378
9379
9380
9382
9382
9384
9384
9385
9385
9386
9387
9388
9391
9393
9394
9395
9396
9396
9398
9399
9404
9406
9407
9409
9411
9412
9412
9414
9416
9417
9417
9418
9419
9420
9420
9424
9424
9424
9426
9427
9427
9428
9429
9429
9429
9429
9432
9433
9433
9434
9437
9437
9438
9438
9438
9438
9439
9441
9441
9443
9443
9443
9445
9445
9446
9446
9449
9449
9449
9450
9451
9452
9452
9454
9454
9456
9457
9458
9459
9459
9462
9463
9464
9465
9466
9467
9467
9468
9469
9469
9470
9471
9471
9471
9473
9473
9474
9475
9478
9478
9479
9479
9480
9480
9481
9483
9483
9486
9486
9490
9490
9492
9492
9492
9492
9492
9493
9496
9498
9499
9499
9501
9501
9502
9502
9505
9506
9507
9508
9508
9508
9510
9510
9511
9512
9513
9515
9515
9516
9517
9518
9519
9520
9520
9522
9524
9524
9525
9525
9526
9529
9529
9530
9531
9532
9533
9534
9536
9536
9537
9538
9540
9541
9542
9543
9543
9544
9545
9545
9548
9548
9548
9549
9549
9550
9551
9552
9552
9555
9555
9556
9557
9559
9560
9562
9563
9565
9566
9568
9569
9572
9572
9574
9575
9575
9576
9576
9580
9580
9586
9586
9589
9589
9592
9593
9593
9594
9595
9596
9597
9599
9599
9600
9600
9600
9602
9603
9604
9604
9605
9605
9606
9606
9606
9606
9607
9607
9609
9610
9611
9612
9612
9612
9613
9615
9615
9615
9616
9618
9619
9619
9620
9620
9621
9621
9624
9624
9626
9626
9628
9629
9630
9630
9631
9631
9633
9633
9633
9633
9636
9637
9639
9640
9641
9642
9644
9644
9648
9649
9651
9652
9653
9655
9655
9655
9656
9657
9658
9658
9659
9659
9659
9659
9661
9662
9663
9665
9665
9667
9669
9669
9669
9669
9671
9674
9674
9676
9677
9677
9678
9679
9681
9682
9683
9683
9684
9684
9686
9687
9688
9689
9691
9694
9694
9695
9696
9697
9698
9699
9701
9701
9702
9702
9702
9703
9703
9703
9705
9705
9706
9708
9708
9709
9709
9710
9714
9716
9716
9717
9718
9723
9723
9724
9727
9727
9728
9728
9729
9729
9730
9730
9730
9731
9732
9733
9733
9733
9734
9734
9735
9735
9737
9737
9738
9738
9740
9741
9743
9744
9744
9744
9745
9745
9746
9746
9748
9748
9751
9752
9756
9758
9762
9763
9763
9763
9766
9766
9766
9768
9769
9769
9770
9770
9771
9771
9773
9773
9775
9775
9778
9782
9782
9783
9783
9784
9785
9785
9789
9789
9789
9789
9793
9797
9797
9797
9798
9799
9802
9803
9804
9804
9805
9805
9806
9806
9807
9809
9810
9811
9812
9813
9814
9814
9815
9817
9820
9821
9822
9823
9823
9825
9826
9827
9827
9829
9830
9832
9832
9833
9834
9835
9837
9837
9837
9837
9838
9839
9843
9845
9846
9851
9852
9853
9854
9854
9855
9855
9855
9856
9858
9862
9863
9864
9865
9865
9873
9874
9874
9874
9877
9878
9878
9879
9880
9881
9881
9883
9884
9886
9886
9887
9888
9888
9889
9890
9890
9891
9891
9893
9894
9895
9896
9898
9898
9898
9898
9900
9903
9904
9904
9905
9905
9905
9906
9906
9907
9908
9909
9910
9911
9911
9913
9914
9914
9915
9917
9917
9918
9918
9918
9919
9919
9920
9920
9921
9921
9921
9922
9922
9925
9926
9926
9926
9927
9928
9930
9930
9931
9933
9934
9935
9935
9936
9938
9938
9939
9939
9940
9941
9942
9946
9946
9946
9946
9946
9947
9948
9948
9952
9952
9955
9956
9957
9958
9962
9963
9963
9964
9967
9968
9969
9970
9973
9974
9974
9975
9975
9977
9977
9977
9979
9980
9981
9983
9986
9986
9987
9990
9990
9991
9991
9992
9993
9993
9994
9994
9994
9995
9995
9998
10000
10001
10002
10002
10004
10005
10005
10008
10010
10010
10011
10014
10015
10016
10016
10017
10019
10020
10020
10023
10025
10026
10028
10028
10029
10029
10029
10032
10034
10034
10035
10035
10036
10037
10038
10039
10039
10040
10041
10043
10043
10044
10045
10045
10045
10046
10047
10047
10048
10048
10049
10050
10053
10056
10056
10056
10058
10060
10062
10063
10064
10064
10066
10067
10068
10069
10070
10070
10071
10071
10072
10075
10076
10077
10077
10078
10081
10082
10082
10083
10084
10084
10085
10087
10087
10087
10089
10089
10092
10092
10093
10093
10095
10095
10096
10096
10099
10104
10105
10105
10105
10107
10107
10108
10108
10109
10110
10110
10110
10112
10114
10114
10115
10117
10118
10118
10120
10120
10123
10126
10126
10126
10129
10130
10130
10131
10132
10132
10132
10133
10133
10134
10137
10138
10139
10139
10140
10142
10143
10144
10146
10146
10146
10147
10148
10150
10153
10153
10154
10156
10156
10156
10158
10159
10159
10160
10160
10162
10163
10163
10163
10163
10164
10164
10165
10166
10166
10170
10170
10172
10172
10174
10175
10175
10177
10177
10178
10180
10182
10183
10183
10183
10185
10186
10187
10187
10188
10189
10190
10191
10193
10194
10194
10196
10196
10197
10197
10197
10198
10198
10199
10201
10202
10203
10205
10205
10205
10206
10206
10210
10211
10211
10212
10214
10215
10220
10223
10223
10224
10226
10226
10228
10229
10229
10230
10232
10232
10234
10235
10236
10236
10236
10237
10240
10241
10242
10242
10242
10243
10243
10244
10244
10245
10246
10246
10247
10247
10247
10248
10249
10250
10251
10255
10256
10257
10257
10257
10257
10258
10258
10260
10260
10260
10262
10263
10263
10265
10265
10267
10268
10268
10268
10269
10269
10273
10274
10274
10275
10276
10278
10280
10281
10283
10283
10283
10284
10285
10287
10287
10288
10288
10288
10290
10290
10292
10294
10294
10295
10296
10296
10297
10297
10298
10301
10301
10304
10304
10304
10304
10305
10305
10309
10309
10309
10310
10311
10312
10312
10313
10313
10317
10320
10321
10322
10323
10324
10325
10325
10326
10327
10328
10329
10329
10331
10331
10331
10335
10335
10336
10338
10338
10340
10342
10342
10343
10345
10347
10347
10348
10348
10349
10349
10350
10350
10351
10352
10353
10356
10356
10357
10358
10358
10358
10359
10359
10361
10361
10362
10362
10362
10364
10365
10365
10365
10366
10367
10367
10367
10368
10370
10371
10371
10373
10373
10374
10376
10377
10377
10378
10379
10383
10383
10383
10384
10387
10387
10388
10388
10389
10389
10391
10391
10392
10394
10396
10396
10396
10397
10398
10398
10398
10399
10399
10400
10400
10400
10401
10403
10404
10404
10404
10406
10407
10410
10411
10412
10413
10414
10415
10416
10416
10416
10417
10417
10417
10418
10418
10420
10422
10424
10424
10426
10426
10427
10427
10429
10429
10429
10429
10430
10430
10431
10431
10434
10434
10435
10436
10437
10438
10439
10440
10441
10441
10443
10444
10446
10448
10452
10454
10456
10458
10458
10462
10463
10464
10464
10465
10465
10465
10466
10467
10468
10468
10470
10470
10472
10472
10472
10475
10475
10475
10475
10476
10476
10477
10479
10479
10479
10479
10481
10482
10483
10483
10486
10486
10486
10488
10491
10492
10494
10494
10496
10500
10500
10501
10502
10503
10504
10505
10505
10505
10506
10506
10507
10507
10507
10507
10508
10509
10509
10510
10511
10511
10513
10514
10514
10514
10514
10515
10516
10518
10519
10519
10520
10521
10522
10523
10527
10530
10531
10532
10532
10532
10533
10534
10535
10536
10536
10538
10540
10540
10540
10542
10542
10546
10547
10547
10549
10549
10550
10552
10552
10552
10554
10555
10556
10557
10558
10558
10559
10561
10563
10564
10565
10565
10566
10567
10567
10569
10570
10570
10574
10575
10575
10576
10580
10580
10581
10581
10581
10583
10584
10587
10589
10589
10589
10590
10591
10591
10593
10595
10597
10597
10598
10599
10600
10601
10603
10605
10608
10610
10610
10611
10613
10613
10613
10614
10615
10618
10619
10619
10620
10620
10623
10624
10627
10630
10632
10633
10633
10634
10634
10635
10635
10636
10638
10640
10640
10642
10642
10644
10644
10646
10647
10647
10648
10649
10649
10649
10653
10654
10654
10654
10656
10658
10658
10659
10660
10660
10661
10662
10663
10665
10666
10666
10666
10666
10667
10667
10668
10669
10669
10670
10672
10674
10675
10675
10675
10676
10676
10677
10682
10683
10684
10684
10684
10686
10687
10687
10688
10690
10690
10690
10692
10692
10694
10695
10697
10697
10700
10700
10700
10700
10701
10702
10702
10705
10705
10706
10706
10706
10709
10710
10711
10711
10712
10712
10712
10714
10716
10717
10720
10721
10723
10726
10727
10727
10728
10729
10729
10730
10730
10732
10733
10735
10736
10736
10736
10743
10744
10744
10744
10744
10745
10746
10746
10749
10751
10751
10751
10751
10753
10754
10755
10756
10756
10756
10758
10758
10759
10761
10761
10763
10764
10765
10765
10767
10767
10773
10775
10775
10775
10776
10776
10777
10777
10777
10779
10780
10780
10780
10781
10781
10782
10783
10785
10785
10785
10786
10789
10789
10793
10797
10799
10800
10803
10804
10805
10805
10805
10806
10806
10807
10809
10809
10809
10810
10811
10813
10815
10816
10816
10817
10817
10821
10822
10826
10830
10831
10833
10834
10834
10834
10835
10836
10836
10838
10840
10841
10841
10842
10845
10846
10846
10847
10847
10848
10848
10849
10850
10850
10851
10851
10851
10852
10853
10853
10854
10856
10856
10856
10857
10858
10858
10859
10861
10861
10862
10862
10862
10862
10863
10866
10867
10867
10868
10870
10871
10872
10872
10872
10873
10873
10876
10876
10877
10877
10879
10879
10879
10882
10883
10884
10885
10887
10889
10891
10893
10893
10896
10897
10898
10900
10902
10903
10904
10905
10906
10906
10907
10907
10909
10910
10912
10913
10913
10914
10914
10914
10915
10916
10919
10921
10921
10923
10924
10924
10925
10925
10926
10928
10930
10934
10934
10934
10935
10935
10935
10936
10937
10939
10939
10940
10940
10942
10942
10942
10944
10945
10945
10946
10946
10949
10950
10950
10951
10951
10953
10953
10955
10955
10957
10958
10958
10959
10961
10961
10962
10963
10967
10970
10971
10975
10975
10976
10976
10977
10978
10978
10980
10980
10981
10981
10982
10984
10984
10984
10985
10985
10989
10990
10991
10992
10995
10996
10999
11001
11001
11003
11005
11005
11005
11005
11005
11006
11006
11006
11007
11009
11009
11010
11012
11012
11013
11014
11014
11014
11015
11015
11023
11023
11024
11024
11025
11025
11028
11028
11029
11029
11030
11031
11032
11032
11032
11034
11036
11037
11037
11038
11038
11038
11042
11043
11044
11045
11046
11046
11048
11048
11050
11051
11051
11052
11054
11055
11056
11057
11058
11058
11058
11060
11062
11065
11066
11067
11067
11067
11069
11069
11070
11071
11072
11074
11075
11075
11076
11076
11076
11077
11078
11080
11081
11081
11083
11085
11085
11086
11089
11090
11091
11092
11092
11092
11093
11093
11097
11098
11098
11101
11101
11104
11107
11108
11108
11108
11109
11110
11110
11111
11113
11113
11113
11113
11114
11114
11115
11115
11116
11116
11117
11118
11118
11119
11120
11122
11126
11126
11128
11128
11128
11132
11133
11134
11134
11135
11135
11142
11142
11144
11147
11149
11149
11149
11149
11149
11150
11151
11152
11152
11154
11156
11159
11161
11162
11164
11164
11164
11165
11166
11167
11168
11169
11170
11171
11172
11172
11173
11173
11174
11174
11175
11178
11179
11181
11182
11182
11183
11183
11183
11184
11184
11187
11187
11189
11189
11189
11190
11191
11191
11193
11194
11194
11194
11195
11196
11201
11201
11203
11205
11205
11205
11206
11206
11207
11207
11209
11209
11211
11212
11212
11212
11213
11213
11213
11215
11216
11220
11220
11223
11225
11226
11227
11227
11227
11230
11231
11236
11237
11238
11238
11240
11240
11240
11240
11242
11242
11244
11248
11249
11249
11250
11253
11253
11253
11254
11257
11257
11258
11259
11260
11260
11261
11262
11264
11267
11269
11271
11271
11275
11275
11277
11279
11281
11282
11283
11283
11283
11284
11285
11289
11289
11289
11290
11290
11291
11291
11292
11293
11295
11296
11297
11299
11299
11300
11301
11301
11302
11303
11303
11304
11304
11306
11306
11306
11306
11309
11309
11310
11312
11312
11318
11318
11319
11321
11321
11321
11322
11324
11328
11328
11329
11329
11330
11330
11331
11331
11335
11336
11336
11336
11337
11338
11338
11338
11338
11339
11339
11339
11340
11341
11341
11342
11342
11342
11343
11344
11344
11346
11348
11352
11352
11353
11354
11355
11355
11358
11361
11361
11362
11363
11364
11364
11364
11364
11364
11365
11366
11366
11367
11367
11368
11369
11370
11371
11373
11373
11375
11379
11379
11380
11384
11384
11386
11387
11387
11388
11390
11390
11391
11392
11394
11395
11395
11398
11400
11401
11403
11404
11404
11405
11405
11405
11406
11407
11407
11407
11408
11408
11409
11409
11411
11411
11412
11413
11413
11414
11415
11418
11418
11421
11422
11425
11425
11426
11428
11428
11429
11430
11430
11430
11432
11433
11434
11434
11435
11436
11436
11437
11438
11438
11438
11440
11441
11441
11442
11443
11443
11443
11445
11445
11448
11448
11450
11450
11451
11451
11453
11454
11456
11456
11456
11458
11459
11460
11460
11462
11463
11464
11464
11464
11467
11467
11468
11471
11471
11472
11473
11474
11475
11478
11478
11479
11479
11480
11481
11481
11481
11483
11483
11483
11485
11487
11487
11488
11490
11491
11494
11495
11496
11498
11498
11498
11498
11498
11499
11499
11500
11500
11504
11505
11508
11508
11509
11510
11511
11511
11512
11513
11514
11515
11515
11516
11516
11517
11517
11517
11518
11519
11519
11520
11520
11520
11520
11520
11521
11522
11523
11523
11523
11527
11529
11530
11530
11530
11532
11533
11533
11535
11536
11537
11538
11539
11540
11540
11541
11543
11543
11545
11549
11549
11549
11550
11551
11551
11552
11552
11555
11556
11557
11558
11562
11562
11563
11563
11564
11564
11564
11568
11569
11570
11570
11571
11574
11575
11576
11577
11577
11577
11578
11579
11581
11583
11583
11585
11586
11586
11587
11589
11589
11590
11590
11590
11592
11592
11592
11593
11593
11594
11594
11594
11595
11596
11597
11597
11598
11598
11600
11600
11603
11603
11603
11604
11605
11608
11609
11609
11610
11610
11611
11612
11612
11613
11615
11615
11616
11617
11617
11617
11618
11619
11619
11620
11620
11621
11623
11625
11625
11627
11630
11630
11633
11633
11635
11636
11636
11636
11637
11637
11638
11639
11639
11640
11640
11640
11642
11642
11642
11643
11644
11644
11645
11646
11646
11647
11648
11651
11653
11655
11658
11658
11658
11658
11659
11661
11663
11665
11665
11666
11666
11668
11669
11669
11671
11671
11671
11672
11674
11676
11676
11676
11676
11677
11677
11678
11679
11680
11683
11683
11685
11685
11686
11686
11687
11688
11688
11690
11691
11693
11693
11693
11695
11696
11696
11697
11697
11698
11699
11705
11707
11707
11707
11708
11709
11709
11714
11714
11715
11716
11718
11719
11721
11721
11722
11722
11725
11726
11727
11727
11728
11728
11730
11732
11734
11735
11737
11737
11739
11739
11740
11741
11741
11744
11744
11745
11745
11746
11746
11746
11746
11746
11749
11749
11750
11751
11753
11753
11756
11756
11756
11758
11759
11764
11765
11768
11768
11770
11770
11770
11773
11774
11774
11775
11775
11778
11778
11780
11780
11780
11783
11786
11786
11786
11787
11787
11789
11789
11792
11793
11794
11796
11798
11798
11799
11800
11800
11802
11803
11805
11806
11808
11811
11815
11815
11816
11816
11816
11817
11817
11817
11817
11817
11820
11822
11823
11823
11824
11825
11827
11827
11828
11828
11832
11833
11835
11836
11838
11839
11840
11843
11845
11845
11846
11846
11847
11847
11848
11848
11849
11849
11851
11852
11852
11852
11855
11857
11859
11859
11859
11860
11860
11860
11861
11864
11864
11866
11867
11867
11868
11870
11870
11870
11871
11873
11874
11878
11878
11879
11881
11881
11882
11882
11882
11883
11883
11884
11884
11886
11886
11886
11887
11889
11890
11891
11895
11896
11898
11898
11898
11899
11899
11899
11900
11901
11902
11902
11903
11906
11906
11907
11907
11907
11907
11908
11908
11908
11909
11910
11911
11912
11914
11915
11915
11915
11916
11917
11917
11919
11919
11920
11920
11922
11925
11925
11927
11928
11928
11932
11932
11933
11934
11935
11935
11936
11936
11937
11937
11937
11940
11946
11949
11951
11951
11952
11952
11953
11954
11954
11955
11957
11958
11958
11959
11962
11962
11963
11963
11963
11964
11964
11965
11965
11966
11970
11970
11972
11974
11974
11975
11978
11978
11979
11979
11980
11981
11982
11983
11984
11984
11985
11986
11986
11988
11989
11989
11989
11991
11991
11993
11994
11994
11994
11996
11996
11997
11997
11998
11999
11999
12000
12000
12003
12006
12008
12008
12011
12012
12014
12015
12016
12018
12020
12021
12021
12022
12023
12023
12025
12025
12026
12026
12026
12029
12031
12032
12032
12034
12035
12036
12038
12038
12039
12040
12040
12043
12044
12045
12047
12048
12048
12049
12052
12052
12052
12053
12054
12055
12056
12056
12056
12058
12058
12058
12060
12060
12061
12061
12062
12063
12066
12070
12071
12074
12074
12075
12076
12076
12076
12076
12077
12078
12078
12078
12080
12081
12083
12084
12085
12087
12087
12088
12089
12089
12090
12091
12091
12091
12092
12093
12093
12098
12100
12101
12103
12104
12104
12105
12106
12108
12108
12110
12111
12116
12118
12121
12122
12123
12123
12123
12125
12128
12129
12131
12131
12135
12135
12137
12139
12140
12141
12141
12143
12144
12147
12148
12150
12152
12152
12153
12154
12154
12155
12155
12155
12156
12157
12157
12157
12158
12159
12160
12161
12163
12165
12165
12167
12168
12168
12169
12169
12171
12172
12172
12174
12174
12174
12174
12176
12177
12178
12178
12178
12178
12179
12180
12181
12182
12183
12183
12183
12187
12187
12188
12188
12188
12189
12189
12190
12190
12193
12194
12194
12195
12195
12196
12198
12198
12200
12200
12201
12202
12202
12203
12206
12209
12210
12211
12212
12214
12214
12216
12221
12223
12223
12224
12225
12225
12225
12227
12227
12231
12231
12232
12233
12233
12234
12235
12235
12236
12236
12237
12238
12239
12239
12239
12240
12241
12242
12242
12244
12245
12245
12246
12247
12247
12247
12247
12248
12248
12249
12250
12250
12252
12254
12257
12258
12258
12258
12259
12259
12261
12261
12261
12262
12263
12263
12263
12264
12265
12267
12267
12268
12268
12270
12270
12274
12274
12275
12276
12277
12278
12278
12279
12279
12281
12282
12284
12285
12286
12286
12288
12289
12289
12290
12290
12291
12291
12292
12293
12293
12294
12295
12295
12296
12297
12297
12297
12298
12298
12299
12301
12302
12303
12303
12304
12305
12307
12308
12308
12308
12308
12309
12311
12313
12314
12315
12315
12315
12315
12319
12321
12327
12327
12328
12328
12329
12329
12330
12330
12332
12333
12335
12336
12337
12337
12338
12340
12342
12342
12342
12342
12345
12345
12345
12346
12346
12347
12347
12348
12348
12349
12350
12350
12350
12351
12351
12352
12352
12353
12354
12354
12355
12356
12357
12361
12363
12363
12364
12365
12365
12366
12367
12369
12370
12370
12370
12370
12371
12371
12374
12375
12376
12377
12378
12380
12381
12381
12382
12383
12384
12385
12386
12386
12387
12388
12388
12388
12391
12391
12391
12394
12394
12395
12396
12396
12398
12400
12400
12403
12403
12404
12407
12407
12407
12408
12408
12409
12409
12409
12411
12411
12411
12412
12413
12413
12413
12413
12415
12415
12417
12417
12418
12418
12420
12420
12421
12421
12422
12425
12426
12428
12428
12429
12430
12430
12432
12435
12437
12438
12438
12441
12442
12443
12444
12444
12444
12445
12445
12446
12451
12453
12454
12456
12458
12458
12459
12460
12461
12461
12461
12464
12465
12466
12468
12468
12469
12471
12471
12472
12472
12473
12474
12475
12478
12479
12480
12480
12480
12481
12483
12485
12485
12486
12486
12487
12487
12488
12488
12489
12489
12490
12492
12497
12497
12497
12497
12499
12499
12499
12499
12500
12501
12502
12502
12502
12503
12503
12505
12506
12507
12507
12507
12508
12508
12509
12509
12510
12511
12515
12517
12519
12519
12520
12520
12520
12520
12522
12524
12525
12525
12530
12533
12534
12536
12537
12537
12538
12542
12542
12542
12542
12546
12548
12548
12548
12551
12551
12553
12554
12555
12556
12556
12559
12560
12563
12567
12567
12567
12569
12569
12569
12572
12577
12580
12583
12585
12587
12587
12589
12590
12591
12592
12595
12595
12598
12598
12601
12602
12602
12602
12607
12607
12609
12609
12610
12612
12612
12614
12615
12616
12617
12617
12618
12618
12619
12620
12620
12621
12621
12622
12623
12624
12625
12627
12628
12629
12630
12630
12632
12632
12632
12634
12635
12636
12636
12636
12637
12637
12638
12639
12639
12639
12639
12640
12641
12642
12643
12647
12648
12650
12650
12652
12652
12653
12655
12655
12656
12656
12656
12657
12657
12657
12660
12661
12662
12662
12665
12666
12667
12668
12668
12670
12670
12673
12674
12674
12675
12676
12676
12677
12678
12679
12681
12682
12683
12684
12685
12686
12686
12687
12687
12687
12689
12690
12690
12692
12693
12693
12693
12694
12696
12697
12698
12699
12699
12701
12701
12703
12704
12704
12705
12705
12705
12706
12706
12709
12710
12712
12713
12713
12714
12714
12714
12715
12716
12717
12717
12718
12719
12719
12719
12721
12721
12725
12725
12726
12727
12728
12730
12732
12733
12733
12734
12734
12734
12734
12735
12736
12737
12741
12742
12742
12743
12744
12744
12744
12744
12745
12746
12748
12748
12748
12749
12750
12753
12753
12755
12755
12755
12756
12757
12758
12760
12761
12764
12765
12765
12766
12766
12770
12770
12770
12772
12773
12773
12775
12777
12777
12778
12778
12778
12779
12781
12784
12784
12784
12785
12786
12788
12788
12789
12790
12792
12792
12793
12793
12794
12797
12797
12799
12799
12800
12802
12803
12804
12805
12806
12806
12808
12809
12809
12810
12810
12810
12810
12812
12812
12813
12813
12816
12817
12821
12822
12823
12824
12825
12827
12827
12828
12828
12830
12830
12830
12832
12833
12833
12835
12837
12838
12839
12840
12840
12840
12841
12842
12845
12848
12848
12848
12848
12848
12851
12851
12852
12855
12856
12858
12858
12858
12862
12863
12864
12865
12865
12865
12867
12868
12868
12868
12869
12870
12873
12874
12874
12876
12877
12878
12878
12879
12880
12883
12884
12890
12891
12892
12892
12893
12895
12895
12899
12899
12901
12901
12902
12902
12903
12903
12905
12905
12906
12908
12908
12908
12909
12910
12912
12912
12912
12913
12914
12914
12916
12917
12917
12919
12921
12922
12924
12924
12926
12928
12930
12930
12930
12930
12931
12932
12933
12933
12934
12934
12936
12937
12938
12939
12939
12939
12939
12940
12941
12942
12942
12942
12942
12944
12944
12944
12946
12947
12947
12947
12950
12952
12958
12958
12959
12959
12960
12963
12963
12964
12964
12965
12966
12968
12968
12970
12971
12973
12975
12976
12977
12977
12978
12979
12980
12980
12981
12982
12983
12983
12985
12986
12990
12992
12992
12994
12994
12995
12995
12997
12998
12998
12998
12999
13000
13000
13000
13003
13004
13005
13006
13006
13007
13007
13009
13012
13012
13013
13013
13014
13016
13016
13016
13018
13022
13022
13022
13023
13024
13025
13025
13027
13027
13028
13030
13031
13032
13034
13035
13035
13035
13036
13036
13036
13037
13039
13040
13040
13040
13040
13044
13045
13045
13046
13046
13047
13047
13047
13048
13048
13049
13049
13050
13051
13052
13053
13053
13054
13055
13056
13057
13057
13058
13059
13062
13062
13062
13064
13065
13066
13067
13071
13073
13074
13074
13075
13076
13077
13078
13078
13079
13079
13079
13079
13080
13080
13082
13083
13084
13085
13088
13089
13089
13090
13091
13092
13093
13094
13094
13094
13095
13096
13096
13098
13100
13100
13104
13106
13107
13107
13108
13109
13110
13110
13112
13112
13113
13113
13114
13115
13118
13118
13120
13121
13122
13122
13123
13125
13127
13128
13129
13129
13129
13130
13130
13130
13130
13133
13134
13134
13135
13136
13136
13137
13138
13139
13140
13141
13141
13143
13143
13145
13146
13147
13147
13149
13150
13150
13153
13154
13154
13155
13158
13159
13159
13160
13161
13162
13163
13164
13166
13166
13167
13167
13167
13168
13169
13170
13170
13170
13171
13171
13171
13172
13173
13174
13175
13176
13177
13178
13179
13181
13182
13182
13184
13185
13185
13186
13187
13188
13189
13190
13190
13190
13191
13192
13193
13194
13196
13200
13202
13202
13203
13203
13205
13207
13208
13209
13211
13211
13211
13213
13214
13214
13216
13216
13217
13217
13217
13217
13218
13218
13219
13219
13220
13220
13220
13221
13222
13222
13223
13224
13224
13229
13229
13231
13234
13235
13235
13235
13237
13239
13239
13239
13240
13240
13240
13241
13242
13242
13243
13243
13245
13245
13246
13248
13248
13249
13250
13250
13251
13251
13252
13252
13253
13253
13255
13256
13257
13260
13264
13265
13265
13266
13267
13267
13268
13268
13275
13276
13276
13277
13279
13282
13282
13286
13286
13286
13289
13289
13289
13290
13290
13290
13291
13294
13294
13295
13296
13297
13298
13300
13301
13305
13305
13306
13306
13307
13309
13310
13310
13310
13312
13312
13313
13314
13315
13316
13318
13318
13319
13319
13321
13322
13322
13322
13323
13323
13330
13331
13334
13334
13335
13336
13336
13339
13340
13342
13342
13343
13344
13345
13347
13348
13349
13350
13352
13354
13354
13355
13355
13355
13355
13356
13356
13356
13357
13358
13362
13365
13366
13367
13369
13369
13372
13372
13374
13376
13377
13378
13382
13383
13384
13386
13386
13386
13387
13387
13388
13388
13388
13388
13388
13389
13390
13392
13392
13394
13396
13397
13398
13399
13400
13401
13402
13404
13408
13409
13409
13410
13411
13411
13414
13414
13415
13416
13416
13421
13421
13421
13421
13421
13422
13423
13424
13425
13426
13427
13428
13429
13431
13431
13432
13435
13436
13437
13437
13440
13441
13443
13444
13445
13446
13446
13447
13448
13449
13449
13453
13453
13454
13454
13455
13456
13457
13458
13458
13458
13459
13460
13460
13461
13462
13462
13462
13463
13465
13465
13467
13468
13470
13471
13471
13473
13476
13476
13478
13478
13478
13480
13481
13481
13484
13485
13485
13485
13486
13488
13488
13488
13490
13490
13492
13492
13493
13493
13494
13496
13498
13500
13501
13502
13502
13503
13504
13504
13505
13506
13507
13509
13509
13510
13510
13510
13511
13512
13514
13515
13516
13517
13517
13517
13519
13519
13520
13522
13523
13524
13524
13525
13525
13525
13526
13528
13529
13529
13529
13530
13532
13533
13534
13536
13537
13537
13537
13538
13540
13541
13541
13542
13542
13542
13543
13543
13543
13547
13549
13549
13549
13550
13551
13551
13552
13553
13554
13556
13556
13559
13559
13559
13560
13561
13562
13566
13567
13567
13567
13569
13572
13572
13573
13574
13574
13574
13575
13576
13578
13578
13580
13581
13583
13583
13584
13584
13586
13588
13589
13591
13591
13592
13592
13592
13595
13598
13598
13598
13599
13601
13602
13603
13604
13605
13606
13607
13607
13607
13607
13608
13608
13611
13613
13614
13615
13615
13616
13618
13619
13620
13622
13623
13623
13624
13625
13625
13627
13630
13630
13630
13632
13636
13639
13639
13640
13641
13641
13641
13641
13641
13643
13643
13644
13644
13645
13645
13646
13647
13647
13648
13649
13649
13650
13650
13654
13655
13655
13656
13656
13657
13661
13663
13663
13663
13665
13666
13667
13668
13668
13668
13671
13671
13672
13672
13673
13675
13677
13678
13679
13681
13682
13683
13686
13687
13688
13688
13688
13690
13690
13690
13690
13690
13690
13691
13694
13695
13695
13695
13696
13699
13699
13701
13701
13701
13702
13703
13705
13707
13708
13708
13710
13711
13713
13713
13714
13714
13715
13718
13718
13720
13729
13730
13730
13730
13731
13731
13732
13732
13733
13733
13733
13735
13735
13736
13737
13738
13738
13739
13740
13741
13742
13746
13747
13747
13749
13749
13749
13750
13750
13750
13751
13754
13757
13757
13759
13759
13761
13764
13764
13764
13764
13765
13766
13768
13769
13770
13770
13772
13774
13775
13775
13775
13777
13777
13777
13777
13777
13778
13779
13780
13780
13781
13782
13785
13788
13789
13790
13791
13792
13793
13794
13795
13797
13798
13799
13800
13801
13802
13803
13804
13805
13806
13807
13807
13811
13813
13813
13813
13815
13815
13816
13818
13820
13820
13820
13821
13821
13824
13824
13825
13825
13826
13828
13828
13830
13830
13830
13830
13831
13831
13832
13834
13835
13836
13836
13837
13837
13838
13840
13844
13846
13847
13849
13850
13851
13852
13853
13854
13854
13855
13855
13857
13857
13858
13859
13859
13861
13863
13864
13865
13865
13867
13867
13869
13870
13871
13872
13872
13872
13873
13874
13875
13878
13880
13880
13882
13882
13883
13883
13883
13884
13887
13887
13891
13892
13893
13893
13894
13895
13896
13896
13897
13899
13899
13899
13900
13901
13901
13905
13906
13907
13907
13908
13911
13914
13916
13917
13917
13919
13919
13919
13921
13923
13925
13925
13928
13928
13930
13930
13930
13930
13935
13935
13936
13939
13942
13942
13943
13944
13944
13945
13945
13947
13948
13954
13955
13955
13958
13958
13958
13959
13960
13960
13961
13961
13962
13962
13962
13963
13963
13964
13966
13966
13969
13969
13970
13970
13972
13972
13973
13974
13974
13978
13980
13981
13981
13981
13981
13981
13981
13982
13982
13983
13984
13985
13985
13986
13990
13990
13991
13991
13992
13993
13993
13994
13995
13997
13999
13999
14000
14001
14001
14002
14005
14008
14008
14008
14009
14010
14011
14014
14014
14015
14015
14015
14016
14017
14018
14019
14022
14022
14023
14023
14026
14027
14027
14027
14028
14028
14028
14028
14030
14030
14032
14034
14035
14040
14042
14042
14043
14043
14043
14045
14046
14047
14048
14048
14049
14050
14050
14051
14053
14055
14056
14057
14058
14059
14060
14060
14060
14061
14061
14062
14062
14065
14069
14070
14072
14073
14073
14073
14075
14075
14077
14079
14081
14082
14085
14086
14086
14087
14088
14088
14088
14090
14090
14091
14094
14095
14095
14095
14096
14096
14096
14097
14097
14097
14098
14098
14099
14099
14100
14101
14105
14105
14107
14108
14109
14111
14113
14115
14115
14116
14116
14117
14117
14119
14121
14122
14122
14123
14124
14124
14125
14125
14126
14128
14128
14128
14129
14131
14134
14135
14136
14137
14137
14139
14140
14140
14141
14141
14142
14142
14143
14143
14145
14145
14146
14147
14147
14147
14149
14149
14153
14153
14153
14153
14154
14155
14157
14158
14159
14159
14160
14160
14161
14161
14161
14161
14162
14163
14166
14167
14169
14169
14170
14170
14170
14170
14171
14175
14175
14178
14178
14178
14178
14180
14180
14180
14180
14183
14184
14185
14187
14188
14190
14190
14193
14195
14195
14196
14197
14197
14197
14198
14198
14199
14201
14202
14203
14204
14205
14205
14206
14206
14207
14207
14207
14208
14211
14213
14213
14213
14214
14215
14215
14216
14216
14217
14219
14219
14219
14219
14220
14221
14223
14224
14225
14226
14228
14229
14230
14230
14230
14231
14234
14235
14236
14237
14237
14238
14238
14240
14242
14242
14248
14250
14252
14252
14252
14252
14253
14253
14253
14253
14254
14255
14255
14257
14257
14257
14257
14259
14259
14260
14262
14263
14264
14266
14267
14267
14268
14269
14270
14270
14270
14271
14274
14275
14276
14277
14278
14278
14280
14281
14282
14285
14285
14285
14286
14287
14287
14288
14289
14289
14290
14290
14292
14294
14295
14295
14295
14298
14299
14300
14300
14301
14301
14301
14304
14304
14305
14306
14306
14306
14307
14308
14308
14310
14311
14313
14314
14314
14315
14316
14316
14317
14317
14318
14321
14322
14324
14324
14324
14325
14327
14327
14329
14330
14330
14331
14332
14333
14335
14336
14338
14338
14338
14339
14342
14342
14342
14342
14342
14343
14343
14345
14346
14346
14346
14348
14349
14350
14350
14353
14355
14358
14358
14358
14362
14363
14365
14365
14367
14368
14368
14368
14369
14369
14369
14370
14371
14371
14373
14374
14374
14374
14374
14376
14379
14379
14380
14381
14382
14382
14383
14383
14385
14385
14386
14387
14390
14391
14391
14393
14394
14394
14394
14398
14398
14399
14401
14401
14402
14403
14404
14404
14405
14405
14408
14408
14409
14410
14410
14410
14411
14412
14412
14414
14416
14419
14420
14420
14420
14421
14422
14423
14425
14426
14427
14429
14431
14431
14434
14436
14436
14438
14438
14438
14440
14440
14440
14441
14442
14442
14444
14445
14448
14450
14451
14451
14451
14452
14453
14454
14458
14459
14462
14462
14464
14465
14465
14467
14468
14468
14469
14469
14472
14474
14475
14475
14476
14476
14478
14478
14478
14479
14479
14480
14482
14482
14482
14483
14485
14485
14485
14486
14488
14492
14493
14493
14497
14497
14498
14498
14499
14499
14499
14500
14501
14501
14502
14502
14503
14506
14507
14507
14509
14509
14510
14511
14511
14512
14512
14513
14513
14513
14514
14515
14515
14517
14517
14518
14518
14519
14519
14520
14521
14522
14523
14524
14525
14526
14528
14529
14531
14532
14532
14532
14532
14534
14535
14537
14537
14538
14538
14539
14539
14540
14544
14544
14544
14545
14546
14548
14551
14551
14551
14551
14552
14553
14553
14554
14555
14557
14557
14559
14560
14561
14562
14567
14569
14569
14569
14569
14571
14577
14577
14578
14579
14579
14579
14579
14580
14580
14580
14581
14582
14582
14582
14584
14585
14588
14591
14593
14593
14597
14597
14599
14600
14601
14601
14603
14604
14604
14604
14608
14611
14612
14613
14614
14614
14615
14618
14620
14621
14621
14625
14628
14629
14630
14633
14634
14634
14635
14636
14636
14636
14637
14637
14640
14641
14641
14641
14641
14641
14642
14643
14643
14644
14647
14647
14648
14651
14651
14653
14654
14655
14658
14660
14661
14663
14665
14666
14667
14667
14667
14668
14671
14671
14672
14674
14674
14676
14679
14681
14681
14681
14684
14684
14685
14685
14686
14686
14688
14688
14688
14688
14688
14688
14690
14692
14692
14692
14693
14693
14694
14694
14696
14697
14697
14699
14699
14700
14700
14700
14701
14701
14701
14702
14702
14703
14704
14709
14710
14710
14710
14711
14712
14714
14714
14716
14717
14718
14718
14719
14720
14721
14721
14724
14724
14726
14726
14727
14727
14730
14731
14731
14732
14732
14734
14735
14736
14736
14736
14739
14741
14742
14745
14746
14749
14749
14750
14750
14751
14752
14752
14754
14756
14756
14757
14758
14759
14760
14761
14761
14761
14761
14762
14762
14762
14763
14765
14765
14767
14767
14770
14772
14773
14775
14776
14777
14778
14779
14780
14782
14783
14783
14784
14784
14785
14787
14789
14789
14789
14790
14790
14791
14795
14795
14797
14797
14797
14799
14801
14801
14802
14803
14803
14805
14805
14806
14807
14807
14807
14808
14809
14810
14810
14811
14815
14815
14816
14816
14817
14818
14818
14818
14820
14821
14821
14822
14822
14823
14824
14825
14825
14826
14828
14829
14830
14830
14830
14831
14832
14834
14834
14835
14835
14836
14837
14838
14838
14839
14844
14845
14845
14845
14846
14846
14847
14847
14848
14848
14848
14850
14850
14852
14853
14854
14854
14855
14855
14856
14858
14859
14860
14864
14864
14866
14867
14868
14869
14870
14871
14871
14872
14873
14873
14874
14874
14875
14876
14877
14881
14882
14882
14886
14886
14888
14888
14889
14889
14890
14892
14893
14894
14895
14895
14896
14897
14898
14898
14901
14901
14903
14904
14907
14907
14908
14910
14914
14914
14916
14917
14922
14922
14922
14923
14923
14924
14924
14924
14925
14926
14927
14928
14931
14931
14931
14932
14932
14932
14932
14933
14934
14936
14936
14937
14937
14938
14939
14940
14941
14941
14942
14942
14942
14943
14947
14948
14948
14948
14948
14949
14950
14951
14952
14955
14956
14957
14957
14962
14962
14963
14964
14964
14967
14967
14967
14967
14969
14969
14969
14971
14972
14972
14972
14973
14973
14974
14974
14975
14975
14975
14977
14977
14977
14977
14978
14979
14980
14980
14981
14983
14984
14985
14986
14986
14991
14992
14993
14995
14997
14998
14998
14998
14999
14999
15001
15001
15001
15001
15002
15003
15004
15004
15004
15005
15006
15008
15008
15010
15010
15011
15013
15014
15015
15019
15019
15020
15023
15023
15024
15025
15026
15028
15028
15029
15030
15031
15032
15032
15032
15033
15035
15039
15039
15039
15045
15046
15047
15047
15048
15049
15051
15052
15052
15053
15053
15053
15055
15055
15056
15058
15060
15061
15061
15061
15061
15063
15064
15066
15067
15073
15074
15076
15077
15077
15077
15079
15085
15086
15086
15086
15087
15087
15088
15089
15091
15091
15091
15091
15093
15093
15093
15094
15096
15098
15098
15099
15099
15100
15100
15100
15103
15103
15103
15104
15104
15109
15111
15111
15112
15112
15112
15113
15113
15114
15114
15115
15115
15115
15116
15117
15117
15118
15118
15119
15119
15119
15120
15120
15121
15121
15123
15125
15125
15126
15127
15127
15129
15129
15130
15132
15134
15135
15136
15136
15138
15139
15140
15142
15142
15143
15143
15144
15146
15147
15148
15148
15148
15148
15150
15150
15151
15152
15153
15154
15156
15157
15158
15159
15159
15162
15163
15164
15165
15165
15166
15167
15168
15169
15170
15170
15171
15172
15173
15173
15173
15174
15175
15175
15176
15176
15178
15179
15179
15179
15179
15180
15180
15180
15181
15181
15181
15182
15182
15182
15183
15185
15186
15187
15189
15191
15193
15193
15193
15194
15196
15197
15199
15199
15200
15200
15202
15202
15204
15207
15207
15207
15209
15209
15210
15211
15211
15212
15212
15213
15214
15214
15215
15216
15217
15218
15219
15222
15223
15223
15226
15227
15228
15228
15229
15231
15232
15232
15234
15235
15235
15236
15236
15236
15237
15238
15239
15239
15240
15241
15242
15243
15247
15247
15248
15248
15248
15249
15249
15249
15249
15252
15253
15254
15258
15258
15261
15262
15263
15263
15264
15264
15265
15266
15266
15266
15268
15268
15270
15271
15272
15272
15272
15273
15275
15275
15277
15278
15278
15278
15279
15279
15281
15282
15283
15283
15283
15284
15284
15284
15287
15288
15291
15292
15294
15294
15294
15295
15295
15298
15298
15299
15299
15302
15303
15304
15305
15307
15307
15308
15309
15310
15313
15313
15314
15316
15319
15320
15321
15323
15323
15325
15326
15330
15331
15332
15333
15334
15334
15334
15334
15335
15337
15337
15337
15338
15338
15341
15342
15342
15344
15346
15347
15351
15352
15353
15353
15354
15354
15355
15355
15356
15356
15357
15358
15358
15362
15362
15364
15364
15365
15365
15365
15365
15366
15367
15367
15368
15368
15368
15369
15370
15371
15372
15373
15373
15374
15376
15377
15378
15379
15381
15382
15382
15382
15384
15386
15387
15388
15392
15392
15394
15394
15395
15396
15396
15396
15397
15399
15401
15404
15404
15406
15406
15407
15408
15408
15408
15409
15409
15410
15412
15413
15415
15416
15416
15418
15419
15419
15420
15420
15421
15421
15421
15422
15425
15426
15428
15430
15432
15433
15433
15435
15436
15436
15438
15441
15441
15443
15444
15444
15445
15445
15447
15453
15455
15456
15457
15457
15459
15459
15459
15462
15463
15464
15465
15465
15469
15469
15470
15470
15471
15471
15472
15473
15474
15475
15475
15476
15476
15478
15478
15480
15480
15483
15483
15483
15484
15484
15485
15486
15491
15491
15494
15496
15496
15497
15497
15498
15499
15500
15501
15503
15504
15504
15507
15508
15509
15511
15511
15511
15512
15515
15516
15516
15516
15517
15518
15518
15519
15520
15521
15521
15522
15523
15525
15525
15526
15526
15528
15529
15534
15535
15539
15542
15545
15547
15547
15548
15548
15550
15551
15552
15552
15556
15558
15559
15560
15561
15562
15563
15564
15564
15564
15565
15567
15571
15572
15572
15574
15575
15576
15578
15580
15580
15581
15583
15586
15588
15589
15590
15590
15591
15592
15594
15594
15595
15601
15603
15603
15605
15606
15606
15607
15607
15609
15609
15610
15613
15614
15616
15616
15617
15619
15619
15620
15620
15621
15622
15623
15624
15624
15625
15625
15625
15626
15627
15627
15629
15630
15630
15632
15632
15632
15635
15636
15637
15638
15638
15638
15639
15639
15639
15640
15641
15641
15641
15642
15642
15642
15644
15644
15646
15646
15650
15651
15651
15651
15652
15652
15653
15655
15655
15656
15659
15659
15659
15660
15660
15660
15661
15661
15661
15662
15662
15664
15664
15665
15666
15666
15667
15667
15668
15668
15669
15672
15672
15674
15674
15676
15676
15679
15679
15680
15680
15680
15681
15682
15683
15684
15685
15686
15686
15687
15688
15688
15689
15690
15690
15692
15694
15696
15697
15697
15697
15698
15698
15698
15699
15700
15700
15701
15701
15701
15702
15705
15705
15705
15706
15706
15707
15707
15707
15707
15708
15708
15710
15710
15711
15711
15712
15714
15715
15715
15715
15717
15718
15718
15718
15719
15719
15720
15721
15721
15723
15723
15724
15724
15728
15728
15729
15730
15730
15732
15734
15734
15734
15735
15736
15738
15740
15740
15741
15743
15743
15744
15746
15747
15751
15752
15753
15757
15758
15758
15759
15759
15759
15761
15762
15763
15764
15765
15765
15766
15766
15767
15767
15768
15769
15769
15770
15771
15774
15775
15776
15778
15779
15779
15779
15779
15780
15781
15782
15782
15782
15783
15785
15785
15786
15788
15790
15791
15792
15794
15796
15796
15797
15797
15801
15803
15804
15804
15806
15807
15808
15808
15808
15809
15809
15810
15811
15814
15815
15815
15816
15817
15821
15822
15824
15825
15826
15826
15826
15828
15829
15829
15830
15831
15832
15835
15836
15836
15836
15837
15839
15840
15840
15842
15842
15843
15844
15845
15846
15846
15846
15849
15849
15849
15851
15853
15853
15853
15854
15855
15855
15856
15857
15858
15860
15860
15860
15861
15861
15861
15862
15863
15864
15864
15866
15867
15868
15872
15873
15873
15873
15873
15874
15875
15876
15878
15880
15883
15884
15887
15888
15890
15891
15893
15893
15894
15895
15896
15896
15897
15898
15900
15900
15902
15902
15903
15903
15904
15905
15908
15909
15910
15912
15913
15913
15915
15915
15916
15916
15916
15917
15917
15917
15917
15918
15918
15919
15919
15920
15920
15920
15921
15921
15924
15925
15926
15926
15927
15928
15930
15933
15933
15933
15935
15935
15938
15940
15940
15942
15942
15944
15944
15944
15945
15947
15948
15949
15949
15950
15951
15952
15952
15952
15952
15953
15953
15954
15954
15955
15956
15958
15959
15961
15961
15961
15962
15963
15965
15967
15967
15967
15968
15968
15970
15971
15971
15974
15974
15975
15977
15977
15980
15980
15980
15981
15982
15982
15983
15987
15989
15990
15991
15992
15992
15993
15993
15995
15996
15997
15997
15999
15999
16003
16003
16004
16005
16005
16006
16007
16009
16011
16013
16014
16014
16015
16016
16021
16023
16024
16025
16025
16026
16026
16027
16029
16030
16030
16031
16031
16032
16034
16036
16037
16037
16037
16038
16038
16040
16040
16040
16042
16043
16044
16044
16046
16046
16046
16048
16049
16049
16049
16051
16051
16051
16052
16053
16054
16055
16056
16057
16058
16059
16060
16063
16065
16065
16066
16067
16067
16067
16067
16067
16070
16071
16072
16074
16074
16076
16078
16078
16078
16079
16082
16082
16082
16084
16084
16084
16088
16088
16090
16090
16091
16095
16096
16096
16096
16096
16097
16098
16101
16101
16103
16103
16103
16104
16104
16105
16105
16106
16106
16109
16110
16110
16112
16115
16115
16115
16116
16119
16119
16120
16121
16125
16127
16129
16129
16129
16130
16131
16132
16134
16136
16138
16138
16140
16140
16141
16142
16146
16146
16147
16148
16150
16150
16151
16152
16152
16153
16154
16156
16157
16157
16160
16161
16162
16162
16165
16165
16165
16166
16166
16167
16172
16173
16174
16174
16174
16178
16178
16179
16180
16182
16184
16187
16187
16187
16188
16188
16188
16188
16189
16190
16190
16190
16190
16190
16191
16194
16194
16195
16196
16198
16199
16199
16200
16200
16201
16201
16201
16202
16203
16205
16205
16206
16206
16207
16207
16207
16208
16208
16209
16212
16213
16213
16214
16215
16216
16216
16217
16217
16219
16219
16221
16222
16222
16222
16224
16224
16227
16227
16227
16227
16228
16229
16229
16230
16231
16233
16233
16234
16235
16236
16236
16236
16239
16239
16240
16242
16243
16243
16243
16244
16245
16247
16249
16249
16250
16250
16252
16253
16254
16254
16254
16257
16257
16257
16258
16259
16260
16260
16260
16261
16265
16268
16268
16270
16271
16274
16274
16274
16275
16275
16276
16277
16278
16279
16279
16282
16283
16284
16285
16287
16289
16290
16291
16295
16295
16296
16296
16296
16297
16297
16298
16299
16301
16301
16303
16303
16303
16304
16305
16307
16307
16308
16308
16308
16308
16309
16310
16310
16310
16315
16315
16315
16316
16316
16319
16319
16321
16322
16322
16322
16323
16323
16324
16327
16328
16328
16331
16333
16334
16335
16336
16336
16337
16338
16339
16340
16341
16342
16344
16344
16345
16346
16347
16348
16348
16349
16349
16352
16352
16352
16354
16354
16354
16355
16356
16358
16359
16360
16360
16361
16362
16362
16362
16366
16367
16368
16368
16369
16369
16370
16372
16374
16374
16375
16376
16376
16378
16379
16379
16381
16383
16384
16384
16384
16386
16390
16390
16391
16391
16392
16393
16394
16395
16398
16398
16399
16400
16402
16403
16404
16405
16406
16406
16408
16408
16411
16411
16411
16412
16412
16412
16413
16413
16416
16418
16419
16419
16420
16423
16423
16425
16426
16427
16427
16428
16429
16429
16430
16431
16432
16432
16434
16435
16436
16436
16439
16441
16441
16444
16444
16444
16444
16446
16448
16449
16450
16451
16452
16452
16452
16453
16453
16454
16455
16455
16456
16458
16458
16459
16459
16459
16460
16460
16463
16464
16466
16467
16467
16468
16470
16471
16474
16475
16476
16476
16477
16478
16480
16481
16482
16482
16485
16489
16489
16489
16491
16494
16494
16495
16497
16497
16497
16499
16499
16501
16501
16502
16503
16504
16505
16509
16510
16511
16511
16512
16514
16514
16515
16515
16516
16516
16517
16518
16518
16518
16521
16523
16524
16525
16527
16527
16527
16527
16528
16529
16529
16529
16530
16532
16532
16532
16533
16539
16539
16540
16544
16544
16545
16546
16546
16546
16547
16549
16550
16550
16550
16552
16552
16555
16557
16557
16558
16559
16564
16564
16565
16566
16567
16567
16570
16574
16576
16577
16579
16579
16579
16579
16580
16581
16582
16582
16583
16583
16584
16584
16586
16587
16589
16593
16593
16595
16595
16596
16597
16598
16598
16598
16599
16599
16599
16603
16605
16606
16606
16607
16611
16611
16612
16612
16613
16613
16614
16615
16616
16617
16618
16619
16620
16620
16620
16621
16621
16622
16623
16623
16624
16625
16627
16627
16629
16629
16630
16632
16632
16634
16635
16635
16636
16636
16636
16637
16639
16640
16640
16642
16643
16644
16644
16645
16646
16647
16650
16650
16652
16654
16656
16658
16659
16659
16660
16663
16663
16664
16666
16666
16666
16667
16671
16673
16674
16675
16680
16680
16681
16681
16682
16682
16682
16683
16684
16685
16686
16686
16687
16688
16689
16690
16690
16690
16690
16691
16693
16696
16696
16697
16698
16698
16699
16704
16708
16708
16709
16709
16710
16710
16711
16712
16712
16714
16715
16719
16721
16721
16722
16722
16723
16723
16726
16727
16727
16727
16728
16729
16730
16730
16731
16731
16732
16732
16733
16734
16735
16736
16736
16737
16737
16738
16738
16739
16740
16740
16742
16744
16748
16749
16750
16751
16752
16752
16758
16759
16760
16761
16763
16764
16764
16765
16765
16770
16771
16771
16771
16772
16772
16772
16773
16773
16773
16773
16774
16774
16775
16775
16776
16776
16776
16776
16777
16779
16784
16785
16786
16787
16788
16790
16792
16795
16795
16797
16798
16799
16802
16803
16803
16805
16806
16807
16809
16809
16810
16810
16812
16813
16813
16814
16814
16815
16815
16818
16819
16819
16819
16823
16825
16826
16826
16828
16829
16829
16829
16831
16831
16832
16833
16833
16835
16835
16835
16835
16839
16841
16842
16842
16843
16843
16846
16847
16847
16847
16848
16848
16848
16848
16849
16851
16853
16853
16853
16854
16854
16855
16855
16856
16856
16857
16858
16859
16860
16860
16862
16862
16863
16863
16864
16864
16864
16865
16866
16868
16869
16870
16874
16875
16876
16876
16876
16879
16880
16881
16882
16882
16883
16885
16885
16885
16886
16889
16889
16892
16892
16892
16897
16898
16899
16900
16901
16902
16903
16903
16904
16905
16906
16907
16907
16908
16909
16909
16909
16910
16911
16914
16914
16917
16917
16921
16921
16922
16923
16924
16925
16925
16927
16928
16929
16929
16929
16931
16931
16931
16932
16932
16932
16932
16936
16936
16937
16938
16939
16940
16941
16941
16942
16943
16944
16947
16948
16948
16949
16950
16951
16952
16952
16952
16954
16957
16958
16959
16961
16961
16961
16962
16964
16967
16968
16969
16970
16971
16974
16976
16976
16976
16977
16977
16978
16981
16982
16983
16983
16984
16985
16985
16985
16985
16985
16989
16992
16995
16996
16997
16997
16998
16998
17000
17000
17000
17003
17004
17005
17007
17008
17009
17009
17012
17013
17015
17015
17015
17016
17018
17018
17019
17019
17019
17019
17021
17021
17023
17025
17026
17028
17030
17033
17034
17034
17035
17036
17036
17037
17037
17037
17038
17038
17039
17040
17040
17042
17042
17043
17044
17045
17046
17049
17049
17054
17056
17057
17057
17057
17057
17058
17058
17060
17061
17061
17061
17062
17063
17064
17065
17067
17068
17074
17077
17077
17080
17081
17081
17084
17084
17084
17085
17086
17087
17088
17091
17091
17091
17093
17094
17096
17096
17096
17097
17097
17098
17100
17101
17101
17101
17102
17102
17102
17104
17104
17105
17106
17107
17107
17108
17108
17111
17111
17111
17111
17111
17115
17115
17115
17116
17119
17121
17123
17123
17124
17127
17128
17128
17129
17130
17130
17132
17133
17133
17134
17135
17135
17136
17136
17136
17139
17140
17141
17141
17142
17143
17143
17144
17145
17146
17146
17146
17149
17152
17152
17152
17153
17153
17153
17155
17158
17160
17166
17169
17171
17171
17174
17175
17175
17176
17178
17179
17180
17180
17181
17182
17182
17184
17184
17185
17185
17185
17186
17187
17189
17189
17190
17190
17193
17194
17195
17196
17196
17196
17197
17197
17199
17199
17200
17201
17201
17202
17202
17203
17203
17207
17207
17210
17210
17211
17213
17213
17215
17215
17216
17216
17217
17219
17220
17220
17221
17222
17223
17225
17225
17225
17226
17227
17228
17228
17229
17229
17233
17234
17234
17235
17237
17239
17239
17239
17240
17240
17240
17241
17242
17242
17242
17244
17245
17245
17245
17246
17247
17252
17253
17253
17253
17255
17255
17257
17257
17265
17266
17266
17267
17268
17269
17270
17270
17270
17271
17271
17274
17275
17276
17276
17276
17276
17277
17277
17277
17277
17278
17279
17279
17280
17280
17281
17284
17284
17285
17285
17286
17287
17289
17291
17292
17293
17294
17295
17297
17300
17300
17301
17303
17304
17307
17308
17309
17310
17310
17314
17315
17318
17318
17319
17321
17322
17322
17323
17323
17323
17323
17324
17325
17326
17326
17326
17326
17326
17328
17328
17330
17331
17332
17332
17334
17337
17338
17338
17339
17339
17341
17341
17342
17342
17342
17344
17345
17346
17347
17347
17348
17349
17351
17352
17353
17353
17353
17355
17355
17355
17356
17356
17357
17357
17358
17360
17363
17363
17363
17365
17365
17366
17367
17368
17369
17369
17370
17372
17372
17374
17376
17376
17377
17379
17379
17380
17380
17380
17380
17381
17383
17383
17385
17390
17391
17391
17391
17392
17392
17392
17393
17393
17394
17394
17395
17396
17398
17400
17402
17402
17403
17404
17407
17408
17409
17410
17411
17412
17412
17412
17413
17415
17416
17419
17419
17420
17422
17422
17423
17423
17423
17424
17426
17426
17427
17427
17432
17432
17432
17432
17434
17434
17435
17436
17436
17438
17438
17438
17438
17440
17440
17441
17442
17442
17443
17444
17444
17446
17450
17453
17454
17459
17459
17459
17460
17462
17463
17463
17464
17464
17464
17465
17466
17466
17469
17469
17469
17469
17470
17470
17470
17472
17474
17475
17476
17477
17478
17479
17480
17480
17481
17482
17485
17485
17487
17488
17489
17490
17491
17491
17494
17494
17495
17495
17496
17498
17498
17498
17500
17500
17501
17501
17503
17505
17506
17506
17506
17509
17511
17513
17513
17515
17516
17517
17518
17518
17518
17519
17520
17521
17523
17524
17525
17526
17526
17529
17530
17531
17531
17534
17534
17536
17536
17538
17541
17541
17543
17544
17544
17545
17546
17548
17550
17551
17551
17552
17553
17557
17558
17558
17559
17559
17562
17564
17569
17570
17571
17572
17573
17574
17574
17575
17578
17578
17579
17581
17581
17582
17583
17586
17586
17587
17588
17588
17590
17591
17593
17596
17598
17599
17603
17605
17605
17605
17607
17609
17611
17612
17613
17615
17617
17618
17618
17620
17620
17621
17621
17621
17624
17626
17627
17628
17628
17629
17629
17630
17630
17632
17632
17633
17633
17634
17635
17636
17637
17638
17639
17639
17640
17640
17640
17640
17644
17644
17646
17647
17650
17650
17650
17650
17651
17652
17653
17653
17654
17658
17659
17659
17662
17663
17664
17664
17665
17666
17667
17668
17668
17669
17669
17669
17670
17670
17670
17671
17671
17674
17674
17676
17676
17680
17681
17682
17682
17683
17686
17688
17688
17688
17689
17689
17691
17695
17695
17696
17698
17699
17702
17703
17706
17708
17708
17708
17709
17709
17710
17712
17713
17713
17715
17716
17717
17717
17719
17720
17721
17721
17723
17724
17724
17726
17727
17728
17728
17729
17730
17732
17733
17733
17735
17737
17737
17738
17738
17741
17741
17742
17744
17745
17746
17747
17749
17750
17750
17753
17753
17755
17755
17755
17756
17757
17758
17759
17759
17759
17760
17763
17766
17772
17773
17774
17774
17774
17776
17776
17777
17778
17778
17780
17780
17780
17783
17783
17784
17787
17787
17788
17788
17789
17789
17790
17791
17793
17795
17795
17796
17803
17803
17804
17804
17804
17806
17806
17807
17807
17807
17807
17807
17810
17810
17811
17813
17813
17813
17814
17814
17814
17816
17817
17820
17821
17821
17822
17822
17823
17824
17824
17829
17830
17830
17832
17832
17833
17834
17836
17837
17838
17840
17840
17841
17842
17843
17843
17844
17844
17845
17847
17847
17847
17847
17848
17849
17850
17850
17851
17852
17854
17854
17855
17856
17858
17858
17858
17859
17860
17862
17862
17865
17865
17865
17865
17866
17866
17866
17867
17869
17870
17872
17872
17873
17875
17876
17876
17877
17881
17884
17884
17884
17885
17885
17887
17889
17889
17890
17891
17892
17893
17894
17894
17895
17897
17898
17898
17900
17900
17901
17903
17903
17904
17906
17906
17907
17908
17909
17909
17909
17911
17911
17911
17913
17913
17913
17914
17917
17917
17918
17921
17921
17921
17924
17926
17928
17929
17932
17933
17934
17935
17937
17938
17940
17940
17941
17941
17941
17942
17943
17944
17944
17944
17945
17946
17946
17946
17947
17948
17948
17948
17948
17949
17952
17952
17955
17955
17955
17956
17956
17957
17959
17959
17960
17961
17961
17961
17963
17964
17964
17966
17966
17967
17968
17969
17970
17971
17971
17975
17975
17976
17976
17978
17980
17981
17982
17983
17983
17983
17984
17984
17985
17986
17986
17989
17990
17991
17992
17992
17992
17993
17994
17995
17995
17997
17999
18005
18008
18010
18011
18011
18016
18016
18017
18017
18018
18018
18020
18020
18021
18021
18022
18022
18022
18023
18023
18025
18025
18026
18026
18027
18027
18028
18031
18032
18033
18035
18037
18038
18039
18039
18041
18042
18045
18048
18048
18050
18050
18053
18055
18056
18056
18057
18057
18058
18062
18064
18064
18065
18066
18067
18068
18068
18069
18069
18070
18070
18071
18071
18072
18073
18080
18080
18082
18082
18082
18083
18083
18083
18083
18084
18085
18086
18086
18088
18089
18090
18090
18091
18091
18095
18095
18095
18097
18097
18098
18098
18099
18099
18100
18100
18101
18101
18103
18103
18103
18106
18107
18110
18111
18112
18113
18114
18114
18115
18119
18121
18121
18123
18124
18124
18124
18125
18126
18126
18126
18127
18132
18132
18134
18135
18135
18135
18135
18136
18136
18137
18137
18138
18142
18142
18143
18144
18147
18148
18149
18149
18149
18150
18151
18151
18153
18154
18154
18157
18158
18159
18159
18159
18160
18161
18163
18163
18164
18170
18172
18174
18178
18180
18180
18182
18186
18187
18187
18189
18191
18191
18193
18194
18197
18197
18198
18199
18199
18200
18201
18201
18202
18202
18204
18206
18210
18211
18212
18212
18213
18214
18214
18214
18217
18217
18218
18219
18221
18224
18226
18226
18228
18228
18233
18233
18233
18233
18235
18236
18236
18236
18238
18240
18240
18241
18242
18242
18242
18243
18246
18248
18248
18249
18251
18253
18254
18255
18256
18256
18257
18257
18258
18258
18262
18262
18263
18263
18265
18265
18265
18265
18265
18265
18267
18268
18268
18269
18270
18271
18272
18276
18276
18276
18278
18281
18282
18283
18283
18283
18284
18285
18285
18286
18292
18292
18293
18293
18293
18294
18294
18295
18296
18296
18297
18300
18300
18302
18303
18307
18309
18310
18310
18312
18312
18313
18313
18314
18315
18316
18316
18318
18318
18321
18324
18327
18328
18329
18330
18330
18331
18331
18333
18334
18336
18337
18337
18338
18340
18340
18341
18343
18343
18343
18346
18346
18346
18347
18350
18351
18351
18351
18351
18352
18352
18354
18354
18354
18355
18358
18359
18359
18360
18362
18363
18364
18364
18365
18366
18366
18367
18368
18369
18372
18378
18379
18381
18384
18386
18387
18388
18392
18393
18394
18394
18395
18397
18398
18399
18400
18401
18402
18402
18402
18405
18406
18407
18407
18407
18409
18410
18410
18411
18412
18412
18413
18413
18414
18416
18416
18416
18416
18417
18418
18418
18418
18419
18420
18421
18423
18424
18424
18428
18428
18429
18429
18429
18430
18430
18430
18431
18432
18433
18434
18434
18436
18436
18437
18437
18437
18438
18439
18439
18440
18441
18442
18443
18444
18444
18446
18447
18447
18447
18447
18448
18450
18453
18453
18455
18457
18458
18459
18459
18461
18463
18463
18463
18465
18466
18469
18469
18469
18472
18473
18473
18475
18475
18476
18476
18476
18476
18477
18478
18480
18481
18483
18483
18486
18486
18488
18490
18491
18493
18494
18494
18494
18495
18495
18499
18501
18504
18505
18506
18506
18506
18507
18508
18510
18510
18512
18513
18513
18514
18515
18516
18517
18517
18521
18521
18522
18523
18528
18530
18532
18533
18533
18533
18533
18533
18534
18535
18535
18535
18536
18536
18536
18536
18537
18540
18541
18542
18542
18542
18543
18543
18547
18549
18554
18556
18557
18559
18560
18560
18563
18564
18565
18565
18566
18566
18568
18569
18571
18573
18576
18578
18579
18580
18580
18581
18584
18585
18589
18591
18591
18591
18593
18594
18594
18595
18599
18600
18601
18602
18602
18603
18604
18604
18605
18606
18606
18607
18607
18608
18609
18609
18611
18611
18612
18613
18615
18615
18616
18618
18620
18623
18623
18625
18626
18627
18627
18628
18629
18629
18629
18634
18636
18637
18639
18642
18643
18643
18644
18644
18645
18645
18646
18648
18648
18651
18653
18653
18654
18655
18655
18657
18657
18657
18659
18659
18660
18660
18660
18662
18663
18663
18667
18667
18668
18670
18671
18675
18676
18677
18677
18679
18681
18686
18690
18691
18691
18692
18694
18695
18696
18700
18700
18701
18701
18703
18703
18704
18705
18705
18706
18706
18707
18708
18709
18710
18713
18713
18715
18716
18716
18717
18718
18718
18719
18719
18721
18721
18723
18725
18725
18727
18727
18727
18729
18730
18730
18730
18730
18732
18733
18733
18734
18735
18738
18738
18739
18740
18741
18742
18742
18743
18743
18744
18745
18746
18747
18748
18748
18751
18751
18751
18751
18751
18753
18754
18755
18755
18757
18758
18761
18763
18763
18765
18765
18767
18770
18770
18771
18772
18773
18774
18775
18777
18778
18778
18779
18779
18781
18781
18782
18783
18784
18786
18786
18789
18790
18790
18790
18791
18792
18793
18797
18800
18801
18802
18802
18803
18806
18806
18808
18809
18809
18810
18810
18812
18813
18814
18814
18815
18816
18816
18817
18818
18819
18819
18820
18821
18823
18823
18824
18824
18824
18824
18828
18828
18828
18828
18830
18831
18832
18832
18833
18834
18834
18835
18835
18838
18838
18839
18839
18840
18841
18841
18842
18842
18843
18843
18843
18845
18847
18847
18848
18851
18851
18852
18853
18854
18854
18857
18857
18858
18859
18859
18860
18862
18862
18863
18870
18871
18873
18874
18877
18878
18878
18878
18879
18880
18880
18883
18883
18883
18884
18885
18885
18886
18886
18887
18888
18888
18890
18890
18890
18890
18892
18893
18893
18895
18895
18896
18897
18897
18897
18899
18899
18899
18899
18900
18900
18900
18901
18901
18902
18903
18905
18905
18907
18907
18907
18909
18910
18911
18912
18913
18915
18915
18915
18915
18916
18918
18919
18920
18920
18920
18920
18923
18924
18925
18925
18928
18929
18929
18932
18932
18933
18935
18935
18937
18938
18939
18940
18940
18940
18941
18943
18945
18945
18945
18946
18946
18947
18949
18951
18951
18954
18954
18955
18957
18958
18959
18961
18961
18961
18963
18965
18965
18965
18967
18971
18972
18973
18975
18978
18979
18980
18981
18981
18982
18982
18982
18982
18983
18984
18987
18987
18988
18989
18990
18990
18990
18990
18991
18993
18995
18996
18997
18998
18998
18998
19000
19000
19002
19002
19004
19010
19013
19013
19013
19013
19014
19014
19015
19015
19018
19019
19021
19022
19022
19023
19023
19023
19023
19024
19024
19024
19026
19027
19027
19028
19028
19029
19029
19029
19030
19031
19032
19035
19036
19037
19038
19039
19039
19039
19041
19042
19042
19043
19044
19044
19045
19045
19047
19047
19047
19047
19049
19049
19049
19049
19050
19050
19053
19053
19053
19053
19054
19054
19056
19057
19057
19058
19058
19058
19059
19059
19060
19060
19061
19062
19063
19063
19068
19068
19069
19070
19071
19072
19073
19073
19074
19075
19076
19076
19077
19078
19079
19083
19083
19084
19084
19084
19085
19086
19087
19087
19090
19091
19092
19093
19093
19094
19096
19097
19097
19097
19098
19098
19098
19102
19103
19105
19108
19109
19111
19111
19111
19113
19113
19115
19116
19117
19119
19120
19120
19121
19122
19123
19124
19125
19126
19127
19128
19133
19135
19136
19138
19139
19140
19143
19143
19145
19145
19146
19146
19147
19148
19148
19148
19150
19151
19151
19151
19153
19154
19154
19155
19156
19157
19157
19159
19159
19159
19159
19159
19162
19164
19165
19167
19167
19167
19169
19170
19170
19170
19171
19172
19173
19174
19176
19176
19179
19181
19182
19182
19182
19182
19182
19183
19184
19184
19186
19186
19187
19187
19190
19190
19190
19190
19192
19192
19193
19194
19196
19198
19199
19200
19200
19201
19201
19201
19203
19205
19206
19206
19207
19207
19208
19208
19209
19209
19210
19211
19212
19215
19216
19218
19221
19221
19222
19222
19223
19224
19225
19225
19227
19229
19229
19229
19230
19231
19232
19236
19238
19238
19239
19239
19241
19242
19242
19242
19243
19243
19243
19244
19244
19245
19249
19249
19252
19254
19254
19256
19257
19261
19261
19262
19263
19264
19265
19265
19267
19267
19269
19270
19270
19270
19273
19275
19277
19278
19279
19279
19279
19280
19282
19283
19285
19287
19289
19290
19290
19292
19292
19293
19294
19294
19295
19295
19296
19296
19297
19298
19298
19298
19298
19298
19298
19299
19300
19302
19303
19303
19303
19303
19304
19304
19304
19306
19309
19310
19310
19312
19312
19313
19315
19317
19319
19319
19320
19320
19321
19321
19323
19323
19324
19324
19324
19327
19329
19330
19330
19331
19334
19335
19335
19335
19337
19338
19342
19343
19343
19343
19346
19347
19349
19350
19351
19351
19353
19355
19355
19355
19356
19356
19358
19359
19359
19359
19360
19361
19362
19363
19364
19364
19364
19365
19366
19367
19368
19369
19370
19370
19373
19376
19378
19378
19378
19380
19380
19381
19384
19385
19386
19387
19388
19388
19389
19390
19391
19391
19392
19393
19394
19397
19397
19397
19398
19399
19399
19400
19401
19402
19404
19405
19406
19408
19409
19410
19412
19413
19413
19413
19415
19415
19416
19417
19417
19417
19418
19418
19419
19420
19422
19423
19424
19424
19425
19426
19428
19429
19429
19430
19430
19430
19432
19433
19434
19434
19435
19435
19436
19438
19439
19440
19442
19445
19446
19447
19448
19449
19449
19452
19454
19454
19455
19457
19458
19460
19461
19461
19465
19465
19467
19469
19471
19472
19472
19474
19474
19475
19476
19478
19478
19478
19479
19479
19480
19481
19482
19483
19487
19487
19490
19491
19491
19492
19492
19492
19492
19494
19496
19497
19497
19498
19499
19500
19502
19502
19502
19503
19503
19505
19505
19506
19507
19507
19508
19509
19510
19511
19511
19511
19511
19512
19514
19515
19515
19516
19518
19518
19519
19520
19522
19523
19524
19524
19526
19526
19528
19528
19528
19529
19529
19530
19530
19532
19533
19533
19536
19537
19541
19542
19544
19545
19546
19546
19548
19550
19551
19551
19552
19553
19554
19554
19554
19554
19555
19556
19556
19556
19558
19559
19562
19563
19564
19565
19566
19567
19569
19571
19572
19575
19576
19578
19578
19578
19578
19579
19583
19583
19584
19585
19585
19587
19590
19591
19591
19591
19594
19594
19595
19597
19598
19598
19600
19600
19601
19601
19602
19603
19606
19606
19606
19607
19607
19608
19610
19610
19614
19614
19615
19616
19619
19619
19620
19621
19623
19623
19623
19624
19624
19624
19627
19628
19629
19632
19633
19633
19633
19635
19636
19636
19637
19637
19638
19639
19640
19641
19642
19642
19642
19642
19643
19644
19646
19646
19649
19650
19650
19651
19653
19654
19655
19660
19661
19661
19662
19664
19664
19664
19665
19665
19665
19667
19667
19668
19669
19669
19669
19670
19671
19672
19673
19673
19674
19676
19676
19678
19678
19680
19680
19680
19681
19681
19682
19682
19684
19688
19689
19689
19690
19690
19693
19695
19697
19699
19700
19701
19701
19701
19701
19702
19707
19711
19713
19713
19714
19716
19717
19718
19718
19719
19719
19719
19723
19724
19724
19725
19726
19727
19727
19729
19730
19731
19733
19734
19735
19736
19737
19737
19739
19745
19745
19746
19748
19748
19749
19751
19753
19754
19755
19756
19758
19759
19760
19760
19761
19762
19762
19763
19764
19765
19765
19766
19768
19770
19770
19770
19774
19774
19775
19776
19777
19777
19778
19778
19778
19778
19779
19782
19783
19784
19785
19785
19786
19787
19789
19790
19791
19792
19796
19796
19796
19799
19799
19800
19800
19805
19805
19806
19807
19808
19809
19811
19813
19815
19815
19815
19816
19817
19819
19820
19820
19821
19822
19822
19822
19823
19823
19824
19824
19827
19828
19828
19832
19835
19836
19836
19836
19836
19837
19840
19840
19840
19842
19842
19843
19843
19843
19844
19848
19849
19851
19851
19852
19852
19856
19856
19856
19856
19857
19857
19858
19859
19859
19860
19861
19864
19865
19865
19865
19866
19866
19867
19868
19870
19871
19874
19874
19874
19876
19877
19878
19878
19879
19879
19880
19881
19882
19883
19883
19885
19886
19887
19887
19888
19890
19890
19891
19893
19893
19893
19894
19895
19896
19896
19898
19898
19900
19902
19902
19903
19903
19903
19903
19906
19906
19909
19911
19911
19912
19912
19913
19914
19915
19915
19915
19917
19920
19920
19921
19922
19923
19923
19924
19924
19926
19926
19927
19928
19929
19929
19929
19930
19930
19931
19932
19933
19933
19933
19934
19934
19934
19937
19937
19938
19938
19939
19939
19939
19939
19940
19942
19945
19947
19950
19951
19951
19954
19954
19955
19957
19958
19958
19958
19960
19960
19960
19961
19962
19963
19963
19966
19966
19967
19967
19968
19969
19970
19970
19971
19971
19974
19974
19976
19976
19977
19978
19979
19980
19980
19980
19982
19982
19983
19984
19985
19986
19986
19987
19987
19988
19988
19989
19989
19990
19992
19992
19994
19996
19996
19996
19996
19997
19997
19998
19999
19999
19999
20001
20001
20002
20003
20004
20006
20007
20008
20010
20012
20014
20014
20017
20017
20018
20018
20019
20019
20021
20023
20023
20024
20025
20025
20027
20028
20028
20029
20029
20029
20031
20031
20031
20031
20031
20033
20033
20033
20034
20034
20036
20036
20038
20038
20038
20040
20040
20040
20040
20041
20041
20042
20044
20044
20044
20048
20049
20050
20050
20053
20053
20055
20056
20056
20057
20059
20060
20062
20063
20063
20063
20064
20064
20065
20066
20066
20067
20069
20069
20070
20071
20071
20072
20072
20074
20074
20075
20075
20076
20076
20076
20079
20080
20080
20081
20082
20082
20082
20083
20084
20084
20085
20086
20087
20087
20088
20089
20090
20091
20092
20094
20096
20096
20097
20097
20097
20101
20101
20102
20102
20103
20105
20105
20105
20106
20106
20106
20107
20107
20108
20109
20110
20110
20111
20112
20112
20115
20116
20117
20119
20119
20120
20120
20122
20123
20123
20124
20125
20126
20126
20127
20128
20128
20129
20130
20132
20132
20133
20134
20135
20135
20136
20136
20136
20137
20138
20140
20140
20141
20142
20142
20143
20143
20143
20144
20145
20146
20147
20148
20148
20149
20150
20153
20153
20154
20154
20154
20158
20158
20162
20163
20163
20164
20165
20167
20168
20168
20170
20170
20170
20171
20174
20174
20174
20175
20176
20177
20177
20177
20178
20179
20180
20180
20183
20183
20184
20185
20185
20186
20186
20186
20186
20187
20189
20189
20189
20190
20192
20192
20193
20194
20195
20195
20196
20196
20197
20197
20198
20198
20198
20199
20200
20200
20201
20203
20208
20209
20209
20210
20211
20213
20215
20215
20217
20218
20218
20218
20218
20219
20219
20219
20220
20221
20221
20221
20221
20222
20222
20222
20223
20225
20225
20229
20231
20232
20233
20233
20234
20234
20235
20236
20237
20238
20239
20240
20240
20243
20244
20246
20247
20247
20247
20249
20250
20250
20251
20251
20252
20252
20253
20255
20255
20255
20256
20257
20257
20258
20258
20258
20258
20259
20261
20263
20263
20265
20266
20266
20268
20269
20270
20271
20272
20273
20273
20273
20273
20273
20274
20274
20276
20276
20277
20277
20278
20279
20279
20280
20281
20283
20284
20285
20285
20286
20290
20290
20290
20292
20292
20295
20295
20297
20297
20298
20299
20300
20300
20301
20302
20303
20304
20304
20305
20306
20306
20307
20308
20312
20312
20312
20314
20314
20315
20315
20316
20316
20320
20320
20321
20322
20322
20329
20333
20333
20334
20334
20335
20335
20335
20336
20336
20338
20341
20342
20342
20345
20347
20348
20350
20352
20353
20356
20356
20357
20358
20359
20359
20361
20364
20364
20365
20366
20366
20366
20366
20367
20367
20369
20370
20370
20371
20371
20372
20372
20374
20375
20375
20376
20376
20376
20378
20379
20379
20379
20379
20381
20383
20383
20384
20384
20385
20386
20390
20391
20391
20394
20396
20398
20399
20399
20400
20400
20400
20401
20402
20403
20403
20406
20406
20406
20406
20408
20409
20410
20410
20410
20412
20413
20413
20413
20414
20415
20416
20416
20416
20417
20418
20418
20420
20420
20422
20423
20423
20424
20425
20425
20428
20430
20433
20434
20434
20436
20439
20439
20442
20442
20443
20445
20447
20447
20447
20449
20450
20450
20451
20453
20454
20455
20455
20456
20457
20458
20458
20458
20459
20459
20460
20460
20461
20462
20464
20467
20467
20467
20471
20472
20472
20474
20475
20477
20478
20478
20479
20480
20480
20480
20482
20482
20483
20484
20484
20485
20486
20490
20490
20490
20491
20491
20493
20493
20494
20494
20494
20496
20496
20498
20501
20501
20502
20502
20504
20504
20504
20504
20505
20507
20509
20510
20511
20514
20515
20516
20516
20516
20520
20520
20521
20522
20524
20527
20529
20531
20533
20534
20535
20537
20537
20538
20539
20540
20540
20542
20542
20545
20546
20547
20547
20548
20549
20549
20550
20550
20552
20553
20553
20554
20554
20555
20555
20557
20557
20558
20559
20560
20561
20561
20561
20562
20562
20562
20563
20564
20565
20566
20567
20567
20567
20569
20569
20570
20571
20571
20572
20572
20573
20574
20576
20577
20577
20577
20578
20579
20580
20582
20582
20583
20584
20585
20586
20586
20586
20588
20588
20590
20590
20590
20591
20592
20592
20592
20595
20596
20596
20596
20600
20601
20609
20609
20610
20611
20612
20613
20614
20619
20623
20623
20624
20626
20628
20629
20635
20636
20636
20637
20638
20638
20638
20639
20640
20642
20643
20648
20649
20649
20650
20651
20652
20652
20652
20653
20657
20660
20660
20660
20661
20663
20663
20663
20663
20667
20667
20668
20668
20669
20669
20669
20670
20670
20672
20672
20672
20673
20674
20675
20675
20676
20677
20678
20679
20679
20679
20681
20685
20687
20688
20691
20692
20692
20693
20698
20699
20700
20700
20701
20702
20704
20707
20709
20712
20714
20714
20716
20717
20718
20718
20718
20719
20722
20723
20723
20725
20725
20727
20728
20729
20729
20730
20730
20730
20731
20734
20735
20736
20737
20738
20738
20739
20740
20740
20741
20742
20743
20744
20745
20745
20751
20752
20752
20752
20753
20753
20754
20755
20755
20756
20758
20759
20759
20759
20761
20764
20767
20768
20769
20769
20769
20770
20772
20772
20774
20774
20775
20776
20777
20777
20778
20778
20779
20779
20783
20784
20784
20785
20786
20787
20787
20789
20789
20792
20792
20794
20794
20796
20797
20801
20801
20803
20805
20809
20809
20810
20810
20811
20811
20812
20812
20812
20813
20814
20814
20815
20815
20816
20817
20817
20818
20818
20818
20820
20821
20822
20823
20825
20826
20827
20828
20829
20831
20832
20832
20835
20836
20836
20838
20839
20840
20842
20842
20844
20846
20849
20849
20851
20854
20856
20857
20859
20861
20861
20863
20864
20866
20868
20869
20869
20870
20871
20874
20875
20875
20877
20878
20878
20878
20878
20879
20883
20883
20884
20885
20887
20887
20888
20889
20890
20893
20893
20895
20896
20897
20897
20898
20899
20899
20901
20902
20904
20904
20907
20907
20908
20909
20909
20911
20911
20911
20913
20913
20914
20914
20914
20915
20916
20916
20916
20918
20918
20919
20920
20921
20921
20922
20922
20924
20926
20926
20927
20927
20928
20929
20929
20930
20937
20937
20942
20942
20943
20944
20944
20946
20946
20947
20948
20950
20951
20952
20952
20953
20955
20957
20958
20958
20959
20959
20959
20960
20962
20962
20962
20964
20967
20967
20969
20970
20972
20973
20973
20973
20975
20979
20980
20980
20981
20982
20982
20983
20983
20984
20984
20986
20987
20987
20987
20988
20989
20990
20990
20991
20994
20994
20997
21001
21002
21004
21004
21005
21005
21006
21007
21007
21008
21008
21008
21009
21011
21012
21013
21014
21014
21015
21016
21017
21017
21017
21018
21019
21019
21022
21022
21023
21023
21024
21024
21027
21028
21030
21030
21031
21032
21032
21034
21035
21036
21036
21037
21038
21039
21039
21040
21041
21041
21041
21041
21042
21042
21044
21044
21044
21047
21048
21049
21049
21051
21054
21054
21055
21057
21057
21059
21059
21059
21061
21061
21062
21063
21063
21064
21066
21067
21067
21070
21070
21071
21071
21074
21074
21076
21076
21076
21077
21077
21079
21079
21079
21080
21081
21081
21081
21083
21084
21084
21085
21085
21086
21087
21089
21090
21090
21091
21091
21091
21094
21094
21095
21096
21097
21097
21101
21104
21104
21104
21105
21107
21108
21110
21113
21113
21114
21114
21115
21115
21115
21117
21117
21120
21121
21124
21125
21125
21127
21128
21129
21131
21132
21132
21133
21133
21134
21135
21136
21138
21139
21141
21142
21143
21145
21145
21146
21147
21147
21147
21147
21149
21149
21153
21154
21155
21155
21155
21156
21159
21159
21159
21161
21162
21162
21163
21165
21165
21166
21166
21170
21170
21170
21171
21171
21171
21173
21173
21174
21174
21174
21175
21176
21176
21176
21180
21182
21183
21183
21185
21186
21186
21187
21188
21188
21189
21191
21191
21191
21193
21193
21193
21193
21193
21194
21197
21197
21197
21199
21199
21200
21200
21200
21201
21201
21201
21202
21203
21204
21204
21205
21205
21206
21206
21207
21207
21207
21207
21208
21208
21209
21211
21211
21212
21213
21214
21215
21215
21215
21216
21218
21219
21220
21220
21220
21220
21221
21221
21221
21222
21223
21226
21226
21228
21232
21233
21235
21235
21235
21236
21239
21240
21240
21243
21244
21245
21246
21248
21248
21250
21250
21251
21252
21253
21255
21255
21255
21256
21258
21258
21258
21260
21260
21261
21264
21264
21264
21265
21265
21266
21266
21267
21267
21269
21269
21271
21274
21275
21275
21276
21278
21279
21279
21279
21279
21280
21281
21285
21286
21287
21287
21287
21287
21289
21289
21290
21291
21291
21292
21293
21294
21295
21295
21295
21295
21296
21297
21297
21298
21298
21298
21298
21300
21300
21301
21301
21302
21303
21304
21304
21304
21307
21309
21310
21311
21314
21314
21315
21317
21317
21318
21320
21323
21324
21324
21324
21325
21326
21327
21327
21330
21330
21332
21333
21333
21335
21335
21336
21336
21337
21337
21338
21339
21340
21341
21343
21346
21346
21346
21347
21348
21350
21354
21357
21358
21359
21361
21361
21362
21362
21363
21367
21367
21370
21370
21372
21373
21373
21373
21373
21374
21374
21375
21378
21379
21379
21380
21380
21381
21383
21385
21386
21386
21386
21386
21387
21388
21388
21388
21390
21391
21395
21398
21398
21398
21400
21402
21403
21405
21406
21408
21408
21410
21411
21411
21412
21412
21413
21413
21414
21415
21418
21418
21419
21419
21420
21423
21423
21425
21425
21428
21429
21430
21431
21431
21431
21435
21436
21441
21443
21444
21444
21444
21445
21447
21448
21449
21451
21452
21452
21453
21453
21454
21455
21455
21456
21461
21464
21464
21465
21465
21467
21468
21468
21469
21471
21472
21472
21472
21474
21475
21478
21478
21479
21480
21481
21481
21482
21482
21484
21484
21484
21484
21485
21486
21487
21487
21490
21491
21492
21494
21494
21495
21495
21496
21496
21496
21496
21496
21499
21500
21500
21500
21501
21501
21502
21503
21504
21504
21505
21506
21509
21509
21510
21511
21513
21514
21515
21516
21516
21516
21516
21517
21519
21519
21520
21520
21521
21524
21524
21525
21525
21525
21525
21526
21526
21527
21527
21529
21529
21531
21532
21532
21532
21533
21534
21536
21536
21537
21540
21540
21541
21542
21544
21545
21546
21546
21548
21549
21553
21554
21554
21555
21557
21558
21559
21559
21560
21560
21560
21562
21562
21564
21564
21565
21567
21568
21569
21569
21569
21570
21570
21571
21572
21572
21573
21576
21576
21576
21577
21577
21578
21579
21579
21581
21583
21584
21584
21585
21586
21587
21590
21590
21590
21591
21593
21593
21594
21595
21597
21599
21599
21599
21600
21602
21602
21603
21603
21604
21607
21609
21610
21611
21611
21613
21615
21615
21615
21616
21617
21618
21619
21622
21624
21625
21625
21626
21626
21626
21627
21631
21631
21632
21634
21634
21639
21641
21641
21641
21642
21642
21642
21644
21644
21645
21645
21645
21647
21647
21647
21647
21648
21651
21652
21653
21654
21655
21655
21656
21657
21658
21658
21658
21659
21660
21660
21662
21664
21665
21667
21668
21671
21671
21671
21672
21673
21675
21677
21677
21677
21681
21681
21681
21684
21684
21684
21685
21685
21686
21686
21687
21689
21690
21690
21692
21693
21693
21693
21695
21695
21696
21697
21697
21697
21699
21702
21704
21705
21705
21706
21707
21708
21708
21708
21710
21711
21712
21714
21715
21715
21717
21718
21719
21720
21720
21720
21721
21721
21723
21723
21723
21724
21724
21725
21725
21725
21726
21726
21727
21728
21729
21729
21730
21730
21730
21731
21732
21734
21734
21735
21735
21738
21738
21739
21741
21742
21743
21746
21747
21748
21748
21749
21750
21750
21753
21753
21753
21755
21756
21756
21758
21758
21758
21759
21760
21762
21763
21763
21764
21765
21766
21767
21768
21768
21768
21769
21771
21771
21774
21774
21774
21774
21777
21777
21778
21779
21780
21783
21783
21784
21786
21787
21788
21790
21791
21791
21791
21792
21793
21793
21794
21796
21797
21799
21800
21801
21803
21805
21806
21807
21810
21811
21812
21813
21813
21814
21814
21814
21815
21817
21818
21818
21819
21820
21821
21825
21826
21826
21827
21829
21831
21832
21832
21833
21833
21833
21835
21835
21836
21837
21837
21838
21838
21839
21840
21840
21841
21842
21842
21843
21846
21846
21848
21848
21848
21852
21852
21852
21854
21855
21857
21860
21860
21860
21861
21861
21863
21866
21866
21869
21870
21870
21872
21872
21872
21873
21877
21880
21883
21883
21884
21888
21888
21889
21890
21890
21891
21892
21894
21895
21895
21898
21898
21899
21900
21901
21901
21901
21905
21905
21906
21907
21909
21911
21911
21911
21911
21912
21912
21916
21916
21918
21918
21919
21920
21920
21920
21921
21921
21922
21923
21923
21925
21926
21927
21927
21930
21930
21931
21932
21934
21935
21935
21935
21935
21937
21937
21938
21938
21939
21939
21940
21944
21944
21944
21945
21946
21946
21946
21947
21947
21948
21948
21950
21950
21950
21951
21954
21955
21956
21958
21958
21961
21962
21963
21964
21964
21964
21964
21965
21966
21968
21968
21968
21971
21971
21971
21972
21972
21972
21973
21973
21973
21974
21974
21975
21977
21978
21980
21981
21982
21983
21983
21985
21988
21989
21990
21990
21990
21992
21992
21993
21995
21996
21999
22000
22000
22001
22002
22003
22005
22007
22009
22010
22011
22011
22011
22012
22014
22014
22015
22017
22018
22019
22019
22020
22020
22020
22020
22021
22022
22022
22023
22023
22024
22026
22026
22027
22027
22027
22027
22028
22029
22030
22031
22033
22036
22036
22036
22036
22037
22037
22038
22039
22039
22039
22040
22042
22045
22045
22046
22048
22049
22051
22051
22055
22057
22058
22058
22059
22060
22061
22061
22061
22062
22066
22066
22066
22066
22067
22067
22070
22070
22070
22071
22072
22072
22074
22075
22076
22077
22079
22080
22080
22083
22083
22084
22085
22085
22085
22086
22086
22086
22089
22090
22091
22091
22092
22092
22093
22094
22097
22097
22098
22100
22101
22101
22103
22104
22105
22106
22106
22107
22107
22108
22109
22110
22111
22112
22113
22113
22116
22117
22118
22118
22118
22119
22119
22120
22120
22122
22123
22126
22127
22129
22129
22130
22133
22134
22135
22136
22140
22141
22142
22143
22144
22145
22145
22145
22145
22146
22146
22146
22150
22150
22150
22152
22153
22153
22157
22158
22158
22159
22160
22160
22160
22162
22162
22163
22163
22163
22164
22167
22167
22168
22170
22170
22170
22171
22172
22173
22174
22174
22177
22177
22177
22178
22180
22183
22183
22185
22186
22187
22189
22190
22191
22192
22192
22195
22196
22196
22196
22198
22198
22201
22201
22204
22204
22205
22206
22208
22208
22210
22210
22210
22210
22211
22212
22214
22216
22216
22217
22219
22219
22220
22221
22222
22222
22223
22225
22226
22226
22227
22228
22228
22228
22230
22231
22233
22233
22234
22234
22237
22238
22240
22241
22243
22243
22245
22245
22247
22248
22251
22253
22253
22254
22255
22258
22260
22262
22264
22266
22269
22269
22270
22270
22270
22271
22271
22271
22272
22273
22275
22276
22277
22278
22279
22279
22280
22281
22281
22282
22284
22284
22284
22284
22286
22286
22287
22288
22289
22292
22293
22293
22294
22296
22297
22300
22302
22303
22303
22304
22305
22305
22308
22309
22309
22309
22311
22312
22312
22313
22313
22314
22316
22320
22320
22324
22326
22327
22328
22329
22330
22333
22339
22340
22341
22342
22343
22344
22345
22345
22346
22347
22349
22351
22353
22354
22358
22358
22358
22359
22361
22362
22365
22366
22367
22369
22369
22370
22373
22374
22374
22375
22376
22376
22379
22380
22381
22381
22383
22384
22385
22385
22385
22388
22388
22388
22388
22389
22390
22390
22390
22392
22392
22393
22395
22396
22396
22399
22399
22399
22400
22402
22406
22407
22407
22408
22408
22409
22409
22410
22410
22414
22414
22415
22415
22416
22417
22418
22419
22419
22420
22420
22422
22422
22423
22423
22423
22424
22424
22424
22424
22426
22427
22427
22430
22430
22433
22433
22434
22436
22436
22438
22439
22439
22442
22442
22445
22445
22447
22448
22449
22449
22449
22452
22453
22453
22453
22454
22457
22457
22457
22458
22460
22461
22464
22465
22465
22467
22468
22469
22470
22472
22475
22476
22476
22478
22479
22480
22481
22482
22482
22483
22483
22483
22483
22483
22483
22486
22486
22488
22491
22492
22492
22492
22493
22494
22494
22496
22497
22497
22497
22498
22499
22500
22500
22501
22501
22502
22504
22504
22505
22505
22505
22506
22506
22506
22508
22508
22510
22510
22512
22512
22513
22513
22513
22514
22514
22515
22516
22516
22517
22517
22518
22518
22519
22520
22521
22521
22522
22523
22525
22525
22525
22526
22527
22528
22531
22531
22531
22532
22532
22532
22533
22533
22534
22536
22537
22538
22538
22540
22541
22542
22543
22543
22544
22546
22546
22547
22548
22551
22553
22553
22554
22555
22556
22557
22558
22559
22560
22562
22563
22564
22564
22567
22567
22567
22569
22570
22570
22571
22571
22571
22573
22573
22574
22575
22575
22578
22581
22581
22582
22582
22584
22585
22586
22586
22586
22586
22587
22588
22589
22590
22590
22593
22595
22596
22596
22597
22598
22599
22599
22604
22608
22609
22611
22613
22615
22615
22616
22618
22619
22619
22620
22622
22625
22626
22626
22627
22628
22628
22630
22632
22633
22634
22636
22640
22641
22642
22642
22642
22643
22643
22644
22644
22647
22649
22650
22651
22651
22652
22653
22653
22654
22658
22658
22661
22661
22662
22662
22664
22665
22665
22667
22667
22669
22670
22671
22673
22674
22674
22674
22675
22675
22676
22680
22680
22680
22683
22683
22684
22684
22685
22686
22687
22687
22688
22688
22690
22690
22691
22692
22692
22694
22694
22696
22698
22698
22698
22699
22699
22701
22701
22702
22702
22702
22703
22705
22705
22706
22706
22711
22712
22713
22713
22715
22715
22715
22716
22716
22717
22717
22718
22720
22723
22723
22727
22727
22729
22730
22730
22732
22738
22739
22742
22742
22743
22744
22748
22748
22748
22749
22750
22750
22751
22751
22754
22755
22756
22756
22756
22756
22757
22759
22760
22760
22761
22762
22762
22763
22764
22764
22765
22766
22769
22772
22773
22773
22773
22773
22774
22774
22777
22778
22778
22779
22781
22783
22783
22783
22784
22784
22784
22784
22785
22785
22789
22790
22790
22791
22792
22794
22794
22798
22798
22798
22801
22803
22804
22804
22805
22805
22806
22807
22807
22810
22811
22811
22812
22812
22814
22815
22815
22817
22817
22817
22817
22818
22818
22820
22820
22822
22823
22823
22826
22827
22827
22827
22828
22829
22829
22829
22829
22830
22833
22834
22834
22835
22835
22836
22836
22837
22837
22841
22843
22843
22844
22844
22844
22844
22845
22846
22849
22849
22852
22853
22854
22854
22854
22854
22856
22858
22859
22862
22862
22863
22864
22866
22867
22868
22869
22870
22872
22874
22874
22875
22876
22876
22877
22877
22879
22879
22879
22880
22882
22883
22883
22885
22885
22885
22886
22886
22887
22888
22890
22890
22891
22893
22895
22895
22898
22898
22899
22899
22900
22901
22901
22902
22902
22904
22904
22904
22907
22911
22912
22913
22915
22918
22919
22920
22921
22922
22922
22923
22924
22926
22927
22928
22928
22930
22931
22932
22933
22934
22934
22935
22937
22938
22938
22938
22938
22939
22939
22940
22941
22946
22947
22947
22947
22948
22949
22949
22950
22951
22952
22953
22959
22961
22962
22963
22963
22965
22965
22967
22970
22971
22971
22971
22972
22973
22974
22974
22975
22977
22978
22978
22979
22980
22981
22982
22984
22985
22986
22988
22989
22990
22991
22992
22993
22994
22994
22994
22996
22997
22998
22999
23002
23002
23003
23003
23003
23003
23004
23005
23006
23007
23009
23010
23012
23012
23012
23013
23014
23017
23018
23021
23022
23022
23023
23023
23024
23024
23025
23025
23026
23028
23028
23029
23029
23031
23031
23034
23036
23039
23039
23040
23043
23045
23045
23046
23047
23047
23052
23052
23053
23053
23055
23056
23058
23058
23059
23059
23061
23061
23062
23063
23064
23065
23065
23066
23066
23066
23066
23067
23067
23068
23069
23069
23070
23072
23072
23072
23072
23074
23077
23077
23078
23083
23083
23085
23086
23087
23087
23087
23089
23092
23093
23095
23095
23097
23101
23102
23102
23103
23103
23104
23104
23104
23105
23107
23107
23107
23109
23111
23115
23116
23117
23117
23117
23118
23118
23118
23120
23121
23122
23126
23126
23127
23127
23128
23128
23129
23129
23129
23129
23130
23131
23131
23132
23133
23133
23136
23138
23139
23140
23141
23141
23143
23143
23145
23146
23146
23146
23146
23147
23148
23149
23149
23152
23153
23153
23153
23154
23155
23155
23156
23157
23159
23160
23160
23160
23161
23161
23162
23163
23169
23173
23173
23173
23173
23174
23175
23176
23177
23177
23178
23179
23181
23183
23183
23184
23185
23187
23188
23190
23191
23192
23193
23196
23196
23197
23197
23198
23198
23201
23201
23204
23204
23205
23206
23207
23208
23209
23209
23212
23213
23214
23215
23217
23217
23217
23217
23219
23220
23221
23222
23224
23225
23226
23228
23231
23233
23233
23236
23238
23240
23240
23241
23241
23243
23243
23244
23244
23245
23245
23246
23248
23250
23252
23252
23252
23253
23254
23256
23257
23259
23259
23263
23263
23264
23265
23266
23267
23270
23270
23271
23271
23271
23272
23272
23273
23273
23273
23273
23275
23276
23276
23279
23279
23280
23280
23280
23281
23282
23282
23284
23284
23285
23289
23289
23292
23294
23294
23294
23296
23296
23296
23297
23298
23299
23300
23300
23300
23301
23301
23302
23303
23309
23309
23309
23309
23309
23310
23312
23313
23313
23314
23315
23315
23316
23318
23318
23319
23319
23319
23319
23319
23321
23321
23323
23323
23323
23323
23323
23324
23325
23325
23326
23328
23331
23332
23335
23336
23337
23337
23338
23338
23339
23340
23341
23341
23344
23345
23346
23346
23347
23348
23348
23350
23350
23351
23352
23353
23354
23354
23355
23355
23356
23356
23358
23359
23360
23360
23361
23361
23363
23365
23365
23365
23368
23368
23368
23368
23370
23370
23371
23373
23374
23374
23375
23375
23376
23378
23378
23379
23379
23379
23379
23380
23380
23381
23381
23381
23381
23384
23384
23385
23387
23387
23388
23389
23390
23390
23390
23392
23395
23395
23395
23396
23396
23397
23397
23398
23400
23401
23401
23402
23402
23404
23405
23407
23407
23407
23407
23409
23410
23413
23416
23417
23418
23419
23419
23419
23420
23420
23422
23425
23426
23427
23427
23428
23429
23429
23429
23430
23432
23433
23433
23435
23435
23436
23436
23437
23437
23439
23442
23443
23444
23444
23444
23445
23445
23447
23448
23449
23450
23450
23451
23454
23455
23455
23456
23456
23457
23457
23457
23458
23459
23461
23465
23466
23468
23468
23468
23469
23469
23469
23471
23471
23472
23474
23475
23476
23480
23481
23482
23482
23483
23483
23484
23484
23487
23487
23487
23487
23487
23488
23488
23493
23494
23496
23497
23498
23498
23500
23500
23503
23504
23505
23506
23506
23506
23507
23507
23507
23508
23508
23511
23514
23517
23517
23519
23519
23520
23521
23523
23524
23525
23525
23526
23526
23526
23527
23528
23528
23529
23529
23530
23532
23533
23534
23535
23536
23536
23536
23540
23540
23541
23542
23543
23544
23545
23550
23550
23551
23551
23552
23552
23553
23554
23554
23556
23557
23558
23561
23562
23563
23563
23564
23566
23567
23567
23568
23568
23569
23571
23574
23575
23575
23577
23577
23580
23581
23582
23582
23583
23585
23586
23588
23589
23590
23593
23593
23593
23593
23595
23596
23596
23596
23597
23600
23600
23600
23601
23602
23603
23603
23605
23605
23606
23607
23608
23609
23609
23610
23610
23611
23612
23615
23615
23616
23616
23618
23620
23621
23621
23622
23623
23624
23625
23626
23627
23627
23628
23629
23629
23631
23631
23633
23634
23636
23636
23637
23637
23637
23637
23638
23638
23638
23641
23641
23641
23642
23642
23643
23643
23645
23646
23646
23647
23647
23647
23648
23649
23649
23649
23649
23650
23650
23650
23651
23652
23652
23653
23655
23655
23657
23658
23662
23664
23665
23666
23668
23669
23669
23670
23671
23671
23674
23675
23677
23677
23678
23678
23680
23680
23681
23681
23682
23682
23683
23684
23684
23687
23688
23688
23689
23689
23690
23691
23691
23692
23692
23692
23695
23695
23697
23698
23699
23699
23700
23702
23704
23704
23704
23705
23705
23706
23707
23708
23709
23711
23712
23713
23714
23715
23716
23716
23717
23717
23719
23720
23722
23723
23723
23724
23725
23727
23728
23728
23728
23730
23730
23731
23731
23732
23732
23732
23734
23734
23735
23736
23738
23738
23739
23739
23741
23743
23743
23745
23747
23747
23748
23748
23749
23749
23749
23750
23753
23754
23755
23756
23757
23757
23758
23759
23759
23759
23761
23761
23761
23762
23764
23765
23766
23767
23768
23771
23772
23772
23772
23773
23774
23775
23775
23776
23776
23776
23776
23779
23781
23782
23787
23787
23787
23789
23791
23791
23791
23793
23795
23795
23796
23800
23800
23802
23804
23806
23807
23807
23808
23810
23810
23811
23812
23812
23813
23814
23815
23815
23817
23817
23821
23821
23821
23822
23824
23825
23826
23827
23827
23828
23828
23829
23830
23831
23832
23836
23838
23839
23839
23840
23841
23842
23844
23844
23845
23846
23849
23849
23852
23853
23855
23856
23856
23857
23857
23859
23859
23862
23862
23862
23863
23863
23863
23864
23865
23866
23866
23867
23869
23869
23869
23870
23870
23870
23871
23871
23873
23873
23873
23873
23875
23876
23877
23877
23879
23882
23884
23885
23886
23888
23889
23890
23891
23892
23895
23897
23898
23901
23902
23902
23904
23906
23906
23907
23910
23910
23911
23912
23912
23913
23916
23916
23921
23921
23921
23922
23924
23926
23927
23927
23928
23929
23930
23933
23933
23934
23934
23935
23935
23936
23937
23939
23940
23942
23943
23946
23947
23948
23948
23949
23950
23951
23952
23953
23954
23954
23955
23956
23956
23958
23960
23960
23961
23964
23965
23965
23966
23966
23967
23967
23967
23970
23970
23971
23971
23972
23973
23974
23976
23978
23979
23979
23979
23980
23981
23981
23981
23982
23984
23984
23985
23986
23987
23987
23987
23988
23988
23989
23989
23990
23991
23992
23992
23994
23996
23997
23997
23997
23998
23999
24000
24000
24001
24002
24002
24004
24005
24006
24006
24009
24010
24010
24011
24013
24016
24018
24020
24021
24022
24023
24023
24025
24025
24026
24026
24026
24027
24027
24027
24028
24030
24030
24031
24031
24031
24034
24034
24037
24037
24038
24039
24039
24039
24040
24041
24041
24042
24044
24044
24048
24049
24049
24050
24050
24057
24057
24059
24060
24061
24063
24064
24064
24066
24066
24067
24068
24068
24069
24069
24072
24072
24072
24073
24074
24074
24075
24077
24080
24080
24081
24081
24086
24086
24088
24089
24090
24090
24092
24092
24094
24094
24095
24095
24097
24098
24098
24098
24099
24100
24102
24103
24106
24106
24107
24109
24109
24110
24111
24111
24111
24111
24112
24112
24112
24112
24113
24114
24115
24115
24115
24115
24116
24117
24117
24119
24123
24126
24126
24127
24128
24135
24135
24135
24135
24135
24138
24139
24139
24140
24142
24142
24143
24145
24145
24148
24150
24151
24152
24152
24152
24153
24153
24153
24153
24155
24155
24155
24158
24159
24160
24163
24166
24167
24168
24169
24170
24170
24170
24170
24171
24171
24172
24172
24173
24174
24175
24176
24177
24177
24181
24187
24187
24187
24189
24189
24191
24193
24194
24196
24196
24196
24198
24202
24203
24203
24204
24205
24205
24205
24206
24206
24208
24208
24209
24210
24210
24211
24213
24214
24215
24216
24218
24219
24219
24219
24220
24220
24220
24221
24226
24226
24228
24233
24233
24234
24234
24235
24235
24236
24240
24241
24242
24242
24243
24243
24244
24245
24245
24249
24250
24251
24252
24252
24252
24252
24254
24254
24256
24256
24256
24257
24257
24258
24262
24262
24263
24263
24263
24264
24264
24264
24265
24267
24269
24270
24270
24270
24271
24273
24273
24274
24276
24277
24282
24287
24287
24288
24289
24289
24289
24290
24290
24291
24291
24292
24294
24296
24297
24297
24299
24301
24301
24302
24303
24305
24307
24310
24311
24314
24315
24316
24317
24317
24321
24322
24323
24323
24323
24323
24325
24326
24330
24339
24339
24340
24342
24345
24346
24347
24347
24349
24350
24352
24352
24353
24354
24354
24356
24356
24357
24357
24357
24358
24359
24360
24360
24361
24361
24361
24362
24363
24365
24369
24369
24370
24371
24372
24373
24373
24374
24374
24376
24376
24377
24379
24380
24381
24381
24382
24383
24384
24384
24385
24385
24385
24385
24387
24388
24389
24389
24392
24392
24392
24392
24394
24395
24396
24396
24397
24397
24399
24399
24400
24400
24401
24401
24401
24402
24403
24406
24407
24407
24408
24408
24408
24409
24409
24409
24410
24416
24418
24423
24424
24425
24426
24427
24427
24428
24428
24429
24429
24430
24430
24434
24435
24435
24435
24436
24436
24436
24437
24438
24438
24440
24442
24443
24443
24444
24446
24447
24448
24451
24452
24454
24456
24458
24459
24461
24464
24466
24467
24467
24468
24469
24469
24472
24474
24476
24476
24476
24477
24478
24478
24478
24480
24481
24482
24483
24483
24483
24484
24486
24487
24487
24492
24495
24495
24496
24498
24498
24499
24499
24499
24504
24504
24505
24505
24508
24508
24508
24509
24512
24512
24513
24518
24519
24519
24520
24521
24521
24522
24522
24523
24525
24527
24529
24530
24532
24532
24535
24536
24537
24539
24539
24540
24542
24542
24543
24544
24544
24544
24545
24545
24547
24547
24547
24547
24550
24553
24553
24554
24557
24557
24557
24558
24558
24559
24559
24563
24563
24564
24564
24564
24565
24567
24569
24571
24571
24573
24573
24574
24576
24576
24577
24578
24578
24583
24583
24585
24585
24585
24585
24585
24586
24588
24588
24588
24590
24591
24591
24591
24591
24593
24595
24596
24598
24599
24601
24603
24604
24604
24605
24605
24606
24606
24606
24607
24608
24610
24610
24612
24612
24613
24613
24615
24615
24616
24616
24616
24616
24617
24618
24618
24619
24619
24619
24620
24621
24621
24621
24622
24622
24623
24623
24624
24625
24625
24625
24625
24627
24628
24629
24629
24629
24629
24629
24630
24631
24631
24632
24632
24633
24635
24637
24638
24639
24640
24641
24642
24642
24643
24643
24644
24648
24648
24649
24649
24649
24649
24650
24651
24652
24655
24659
24659
24660
24661
24662
24663
24663
24663
24667
24668
24669
24670
24670
24670
24673
24674
24675
24675
24676
24678
24678
24681
24682
24683
24684
24685
24686
24687
24687
24689
24691
24692
24693
24693
24696
24696
24697
24698
24700
24702
24702
24702
24703
24704
24707
24708
24708
24708
24709
24709
24710
24711
24712
24713
24713
24715
24716
24718
24718
24718
24719
24720
24721
24722
24722
24725
24727
24727
24727
24728
24728
24729
24730
24731
24731
24731
24733
24733
24733
24734
24734
24734
24735
24735
24735
24736
24736
24737
24737
24738
24739
24740
24740
24743
24743
24743
24744
24745
24745
24745
24749
24750
24752
24753
24753
24754
24755
24756
24756
24756
24758
24759
24760
24764
24765
24766
24767
24769
24769
24771
24772
24773
24773
24776
24777
24777
24781
24781
24781
24781
24782
24782
24783
24784
24784
24785
24785
24786
24786
24787
24787
24788
24789
24789
24790
24791
24792
24794
24794
24795
24798
24799
24800
24802
24802
24802
24803
24804
24804
24807
24808
24809
24810
24812
24813
24813
24813
24815
24816
24816
24817
24818
24820
24820
24822
24824
24825
24826
24826
24827
24827
24828
24829
24830
24831
24832
24832
24832
24834
24834
24834
24836
24837
24838
24839
24841
24842
24847
24847
24847
24847
24847
24848
24848
24853
24853
24853
24854
24854
24856
24856
24858
24860
24864
24864
24865
24866
24866
24867
24867
24867
24869
24870
24872
24873
24874
24874
24875
24876
24876
24877
24878
24879
24879
24881
24881
24883
24886
24886
24887
24888
24888
24888
24889
24891
24891
24891
24892
24895
24895
24898
24901
24901
24901
24902
24902
24904
24904
24904
24906
24906
24906
24908
24909
24909
24910
24910
24910
24910
24911
24911
24912
24912
24913
24914
24915
24915
24916
24917
24919
24921
24922
24923
24924
24925
24925
24925
24926
24928
24928
24929
24930
24930
24932
24937
24939
24940
24940
24941
24943
24945
24946
24946
24949
24950
24952
24952
24952
24954
24957
24957
24959
24961
24963
24965
24966
24968
24971
24971
24973
24974
24974
24974
24974
24978
24978
24979
24981
24982
24982
24983
24983
24984
24984
24984
24985
24986
24986
24986
24988
24990
24991
24992
24992
24993
24993
24993
24996
24997
24997
24998
25002
25003
25003
25005
25005
25007
25007
25011
25014
25015
25018
25019
25021
25023
25025
25026
25026
25027
25034
25036
25037
25038
25039
25039
25040
25040
25040
25043
25043
25044
25044
25046
25049
25050
25051
25052
25053
25053
25055
25055
25055
25059
25059
25059
25059
25061
25063
25064
25065
25067
25068
25068
25068
25068
25069
25071
25071
25071
25073
25074
25075
25075
25075
25076
25078
25079
25079
25082
25083
25084
25084
25086
25087
25088
25089
25090
25090
25091
25091
25092
25093
25094
25095
25095
25096
25097
25097
25098
25098
25098
25099
25101
25101
25102
25102
25103
25105
25106
25107
25108
25109
25109
25110
25111
25112
25113
25113
25114
25115
25116
25118
25119
25120
25120
25122
25123
25124
25124
25125
25127
25128
25129
25129
25129
25129
25130
25130
25130
25130
25131
25132
25132
25133
25134
25135
25135
25136
25137
25138
25140
25142
25143
25145
25147
25148
25148
25148
25149
25150
25150
25151
25151
25152
25154
25154
25155
25155
25155
25155
25158
25161
25163
25164
25164
25165
25166
25169
25170
25170
25172
25172
25174
25175
25176
25176
25177
25179
25179
25180
25182
25183
25184
25186
25186
25187
25187
25189
25192
25192
25193
25194
25197
25198
25200
25200
25204
25206
25206
25209
25213
25213
25214
25218
25220
25220
25221
25222
25223
25223
25223
25226
25226
25228
25228
25228
25228
25232
25233
25235
25238
25239
25239
25239
25240
25241
25242
25244
25247
25247
25248
25248
25250
25253
25253
25255
25256
25259
25260
25261
25261
25263
25264
25265
25266
25267
25269
25269
25270
25270
25277
25277
25277
25278
25279
25281
25282
25283
25283
25284
25284
25285
25286
25288
25292
25292
25292
25294
25294
25296
25296
25296
25297
25297
25298
25298
25299
25299
25301
25302
25304
25304
25304
25306
25306
25307
25308
25310
25311
25311
25311
25312
25315
25315
25315
25315
25318
25319
25319
25320
25320
25321
25322
25324
25324
25325
25328
25329
25332
25332
25332
25332
25333
25334
25335
25336
25336
25337
25337
25337
25338
25339
25341
25342
25343
25347
25350
25353
25353
25354
25354
25355
25357
25357
25357
25358
25359
25361
25361
25362
25364
25367
25369
25370
25371
25372
25372
25373
25374
25374
25375
25375
25375
25377
25377
25378
25378
25379
25387
25388
25388
25389
25389
25390
25391
25392
25392
25393
25393
25395
25396
25396
25398
25400
25400
25401
25401
25401
25402
25403
25403
25404
25404
25405
25405
25407
25408
25408
25409
25410
25411
25412
25412
25413
25414
25414
25414
25415
25415
25416
25416
25419
25421
25421
25422
25422
25423
25424
25425
25425
25426
25428
25430
25431
25435
25435
25435
25435
25436
25436
25437
25437
25440
25444
25444
25446
25446
25446
25448
25448
25448
25449
25449
25450
25450
25450
25454
25455
25456
25456
25456
25459
25459
25461
25462
25462
25463
25464
25464
25464
25467
25468
25469
25470
25471
25473
25478
25479
25480
25481
25484
25484
25486
25487
25487
25489
25490
25494
25494
25495
25496
25496
25497
25498
25498
25500
25501
25501
25503
25503
25503
25504
25505
25507
25507
25507
25510
25510
25511
25512
25515
25516
25516
25517
25519
25519
25525
25527
25529
25530
25531
25532
25532
25532
25533
25533
25534
25535
25536
25536
25536
25539
25540
25542
25542
25543
25543
25544
25550
25550
25551
25552
25553
25553
25553
25554
25555
25556
25557
25558
25558
25559
25559
25560
25560
25561
25561
25561
25562
25562
25563
25563
25564
25565
25565
25566
25567
25567
25567
25569
25569
25570
25571
25573
25573
25573
25574
25574
25574
25575
25575
25579
25580
25580
25581
25582
25582
25582
25582
25584
25585
25587
25588
25589
25590
25590
25591
25597
25598
25598
25601
25602
25603
25603
25603
25603
25604
25605
25606
25607
25607
25610
25610
25611
25612
25614
25615
25616
25616
25617
25617
25619
25619
25619
25620
25624
25624
25626
25628
25628
25628
25629
25630
25630
25631
25632
25634
25635
25637
25638
25640
25642
25643
25643
25643
25645
25647
25648
25649
25649
25651
25651
25652
25653
25654
25656
25658
25658
25658
25659
25659
25660
25660
25660
25660
25661
25662
25662
25663
25664
25665
25666
25668
25669
25669
25672
25673
25673
25676
25676
25677
25679
25681
25681
25682
25683
25683
25683
25684
25684
25688
25689
25689
25689
25690
25690
25691
25691
25692
25695
25695
25696
25699
25700
25700
25702
25702
25706
25706
25706
25706
25707
25709
25709
25712
25713
25713
25713
25714
25714
25714
25715
25718
25720
25720
25722
25722
25722
25722
25724
25724
25725
25726
25727
25728
25728
25729
25729
25729
25730
25730
25737
25740
25740
25740
25741
25741
25742
25746
25747
25747
25747
25748
25751
25752
25753
25753
25756
25756
25760
25760
25763
25763
25764
25764
25765
25766
25766
25766
25770
25770
25772
25772
25774
25774
25774
25774
25774
25775
25777
25777
25778
25779
25779
25783
25783
25783
25783
25784
25786
25786
25788
25789
25790
25790
25791
25793
25794
25794
25794
25795
25795
25796
25798
25798
25800
25800
25801
25802
25805
25805
25808
25810
25812
25812
25812
25812
25813
25813
25818
25819
25819
25821
25822
25823
25823
25824
25826
25827
25828
25829
25834
25834
25841
25842
25844
25845
25848
25849
25849
25850
25851
25851
25852
25856
25856
25856
25857
25857
25858
25859
25860
25862
25863
25863
25868
25869
25870
25871
25873
25875
25875
25876
25878
25881
25882
25882
25883
25884
25885
25885
25888
25891
25891
25891
25892
25892
25892
25895
25896
25897
25897
25898
25899
25899
25900
25900
25900
25900
25901
25901
25902
25902
25903
25903
25903
25904
25904
25905
25906
25907
25907
25907
25909
25909
25909
25909
25910
25911
25912
25914
25917
25919
25921
25922
25922
25922
25923
25925
25925
25925
25925
25926
25928
25929
25930
25931
25932
25932
25933
25934
25934
25938
25939
25939
25942
25944
25945
25946
25947
25947
25948
25948
25948
25949
25950
25951
25951
25953
25953
25953
25953
25954
25955
25956
25958
25958
25959
25961
25961
25963
25963
25966
25966
25967
25968
25968
25968
25969
25971
25973
25974
25975
25978
25979
25979
25979
25980
25983
25983
25984
25987
25988
25990
25991
25991
25992
25994
25994
25997
25999
26000
26001
26001
26002
26003
26003
26004
26004
26004
26006
26007
26007
26007
26009
26010
26011
26015
26015
26016
26018
26020
26023
26024
26024
26025
26025
26025
26028
26029
26032
26032
26032
26032
26033
26033
26033
26034
26034
26035
26035
26036
26037
26040
26040
26041
26041
26043
26043
26043
26047
26049
26050
26051
26053
26054
26054
26056
26056
26057
26058
26059
26060
26061
26061
26063
26063
26064
26064
26065
26066
26066
26067
26068
26069
26070
26071
26072
26074
26074
26075
26075
26075
26076
26076
26079
26079
26081
26082
26084
26084
26084
26086
26087
26087
26087
26088
26088
26088
26089
26092
26093
26093
26094
26095
26095
26097
26099
26100
26100
26103
26103
26105
26107
26107
26108
26108
26109
26109
26109
26110
26111
26113
26114
26115
26117
26121
26121
26122
26122
26123
26123
26123
26123
26124
26128
26128
26129
26131
26134
26135
26138
26139
26139
26139
26140
26140
26141
26141
26142
26143
26144
26144
26147
26151
26154
26156
26158
26160
26161
26163
26163
26165
26166
26166
26168
26169
26169
26170
26171
26171
26171
26174
26174
26175
26175
26179
26180
26180
26180
26181
26183
26184
26188
26189
26189
26189
26194
26194
26194
26196
26197
26197
26198
26199
26199
26199
26200
26201
26201
26201
26203
26204
26206
26206
26206
26207
26208
26208
26208
26209
26210
26210
26211
26211
26213
26213
26214
26215
26215
26215
26215
26216
26217
26222
26228
26228
26228
26229
26232
26235
26235
26237
26241
26242
26242
26243
26244
26244
26246
26248
26248
26249
26250
26250
26251
26252
26252
26253
26255
26255
26255
26255
26256
26257
26257
26258
26258
26261
26265
26266
26266
26267
26267
26272
26272
26272
26274
26276
26276
26278
26279
26280
26282
26282
26284
26284
26285
26285
26288
26289
26292
26293
26293
26293
26295
26296
26296
26297
26298
26299
26299
26299
26300
26301
26305
26306
26306
26308
26308
26309
26310
26311
26311
26312
26313
26315
26315
26315
26316
26317
26318
26324
26324
26324
26325
26326
26331
26334
26334
26335
26335
26337
26337
26341
26342
26342
26342
26343
26346
26346
26347
26347
26347
26348
26349
26349
26351
26352
26353
26354
26356
26357
26357
26358
26360
26363
26364
26366
26368
26368
26369
26369
26371
26372
26374
26376
26376
26378
26380
26382
26382
26382
26386
26387
26391
26391
26393
26393
26393
26394
26394
26394
26396
26397
26397
26398
26399
26399
26400
26406
26407
26411
26415
26415
26417
26419
26419
26420
26421
26422
26422
26424
26425
26427
26430
26430
26430
26431
26431
26431
26432
26434
26438
26438
26440
26441
26442
26442
26442
26442
26443
26443
26443
26445
26445
26449
26450
26451
26452
26452
26452
26453
26453
26453
26453
26454
26455
26455
26457
26457
26459
26461
26461
26461
26461
26461
26462
26465
26465
26466
26466
26466
26470
26470
26471
26471
26472
26473
26475
26475
26477
26477
26479
26479
26480
26481
26482
26483
26484
26484
26485
26489
26490
26492
26492
26492
26494
26494
26495
26496
26496
26498
26498
26499
26499
26500
26501
26501
26503
26504
26505
26507
26509
26510
26510
26511
26512
26514
26514
26514
26515
26515
26515
26516
26517
26518
26518
26519
26519
26520
26522
26522
26526
26528
26529
26529
26529
26530
26537
26538
26538
26539
26539
26540
26541
26542
26542
26543
26543
26545
26545
26549
26550
26550
26551
26551
26553
26553
26555
26557
26559
26562
26563
26563
26563
26563
26564
26565
26566
26566
26567
26567
26567
26569
26569
26571
26572
26573
26573
26576
26576
26576
26576
26578
26578
26578
26579
26580
26581
26582
26582
26582
26583
26583
26584
26584
26586
26588
26589
26590
26590
26590
26591
26592
26592
26592
26592
26593
26598
26599
26599
26602
26603
26604
26604
26607
26608
26608
26612
26612
26614
26615
26616
26617
26618
26618
26620
26621
26621
26622
26623
26626
26626
26627
26629
26630
26632
26632
26634
26636
26636
26637
26643
26643
26644
26645
26645
26648
26648
26650
26650
26651
26651
26651
26652
26653
26653
26653
26653
26655
26656
26656
26658
26659
26659
26660
26660
26660
26661
26661
26661
26664
26665
26665
26667
26667
26667
26667
26669
26671
26671
26674
26675
26675
26676
26679
26680
26682
26682
26683
26684
26685
26685
26686
26687
26689
26689
26690
26690
26691
26691
26691
26691
26692
26696
26698
26698
26702
26702
26703
26704
26705
26706
26707
26707
26708
26709
26710
26710
26710
26710
26711
26712
26713
26713
26714
26714
26715
26716
26718
26720
26721
26722
26724
26725
26726
26726
26727
26730
26730
26731
26731
26733
26735
26737
26740
26740
26741
26742
26742
26743
26743
26743
26744
26745
26746
26746
26748
26749
26751
26753
26753
26754
26754
26756
26759
26760
26762
26763
26765
26766
26767
26768
26768
26769
26770
26770
26771
26771
26772
26772
26773
26773
26773
26773
26774
26775
26775
26776
26776
26777
26778
26779
26780
26781
26782
26783
26784
26786
26786
26788
26789
26791
26791
26794
26795
26795
26800
26801
26802
26802
26803
26805
26805
26807
26808
26810
26812
26813
26813
26816
26817
26817
26817
26818
26819
26819
26819
26819
26823
26823
26823
26824
26824
26824
26825
26825
26826
26827
26829
26829
26829
26830
26830
26831
26832
26834
26834
26835
26835
26836
26836
26836
26837
26837
26839
26839
26839
26839
26843
26844
26846
26846
26847
26847
26848
26850
26851
26852
26853
26853
26854
26855
26856
26856
26857
26857
26858
26860
26860
26861
26861
26862
26863
26864
26865
26868
26868
26869
26869
26870
26870
26871
26872
26873
26875
26876
26877
26878
26878
26879
26879
26879
26880
26880
26882
26882
26882
26883
26885
26886
26886
26886
26887
26888
26888
26888
26888
26889
26891
26891
26894
26894
26895
26896
26898
26899
26902
26904
26906
26907
26908
26910
26911
26911
26911
26913
26918
26918
26918
26919
26919
26919
26920
26920
26920
26921
26921
26921
26924
26925
26925
26927
26927
26927
26927
26928
26929
26929
26931
26932
26933
26934
26936
26937
26937
26938
26939
26940
26943
26944
26945
26946
26948
26948
26949
26949
26950
26952
26952
26955
26956
26957
26958
26964
26965
26967
26967
26969
26969
26970
26971
26971
26972
26973
26974
26975
26977
26977
26978
26978
26978
26978
26979
26979
26981
26983
26985
26985
26986
26988
26989
26990
26991
26992
26993
26994
26995
26997
26998
27003
27003
27006
27006
27008
27013
27013
27014
27016
27017
27017
27017
27018
27018
27019
27020
27021
27021
27023
27024
27024
27025
27025
27027
27030
27031
27034
27035
27035
27037
27038
27039
27040
27043
27044
27044
27045
27046
27049
27049
27051
27052
27053
27053
27054
27054
27057
27057
27058
27058
27059
27061
27061
27061
27061
27062
27062
27064
27065
27066
27067
27069
27069
27070
27072
27073
27074
27075
27076
27077
27077
27079
27080
27084
27084
27084
27085
27086
27086
27087
27088
27094
27094
27095
27095
27096
27096
27097
27097
27098
27098
27098
27099
27099
27099
27100
27101
27104
27106
27106
27108
27109
27109
27111
27111
27112
27113
27115
27115
27117
27118
27119
27119
27120
27121
27122
27122
27123
27123
27126
27126
27128
27130
27133
27133
27133
27134
27134
27135
27136
27136
27137
27137
27138
27140
27140
27146
27147
27148
27148
27148
27149
27151
27151
27152
27155
27155
27155
27155
27157
27158
27159
27161
27161
27162
27163
27163
27165
27165
27166
27166
27168
27169
27170
27173
27174
27174
27175
27175
27175
27176
27177
27178
27181
27184
27185
27186
27186
27186
27186
27187
27187
27189
27193
27193
27194
27194
27194
27195
27196
27197
27198
27198
27199
27200
27200
27203
27207
27207
27208
27209
27210
27212
27212
27213
27213
27213
27215
27215
27216
27216
27216
27216
27220
27221
27222
27223
27224
27225
27227
27227
27230
27230
27231
27232
27232
27233
27233
27235
27235
27236
27238
27238
27239
27240
27242
27242
27249
27249
27249
27250
27250
27251
27252
27253
27253
27254
27254
27256
27256
27256
27258
27261
27262
27262
27263
27263
27264
27265
27265
27265
27267
27269
27269
27269
27271
27272
27274
27275
27277
27278
27280
27280
27280
27281
27282
27283
27284
27284
27285
27285
27286
27286
27287
27288
27288
27289
27289
27290
27290
27291
27291
27292
27292
27293
27293
27293
27294
27295
27296
27296
27299
27299
27300
27301
27301
27303
27306
27307
27312
27313
27313
27315
27315
27315
27315
27316
27316
27316
27319
27321
27322
27324
27324
27327
27328
27329
27333
27334
27334
27334
27334
27334
27335
27335
27335
27336
27336
27339
27341
27342
27343
27344
27346
27347
27347
27348
27348
27349
27349
27349
27351
27351
27352
27353
27355
27357
27357
27357
27361
27362
27362
27363
27364
27370
27370
27372
27372
27372
27372
27373
27374
27374
27375
27375
27377
27377
27377
27379
27380
27380
27380
27381
27381
27381
27381
27383
27383
27383
27384
27386
27387
27390
27390
27391
27392
27392
27393
27395
27397
27398
27399
27399
27402
27402
27403
27403
27404
27404
27405
27405
27406
27407
27408
27408
27409
27409
27410
27410
27410
27410
27411
27412
27412
27413
27413
27414
27418
27418
27419
27420
27420
27423
27424
27424
27425
27425
27425
27425
27426
27427
27429
27429
27430
27430
27431
27432
27435
27436
27436
27437
27438
27440
27442
27444
27448
27448
27448
27449
27449
27450
27451
27452
27453
27453
27454
27454
27454
27456
27456
27456
27457
27458
27459
27459
27460
27461
27461
27461
27461
27463
27464
27465
27465
27465
27466
27467
27469
27470
27471
27474
27478
27479
27480
27483
27484
27484
27486
27486
27486
27489
27491
27494
27494
27494
27495
27495
27496
27496
27497
27498
27499
27499
27501
27501
27502
27503
27504
27505
27505
27507
27508
27509
27509
27510
27510
27510
27511
27512
27512
27513
27513
27515
27515
27518
27519
27521
27522
27523
27523
27525
27526
27531
27531
27532
27533
27534
27535
27537
27537
27537
27538
27538
27543
27543
27544
27544
27544
27546
27547
27548
27549
27550
27550
27551
27551
27551
27551
27557
27557
27558
27559
27560
27561
27561
27563
27564
27567
27568
27568
27569
27569
27570
27570
27571
27571
27574
27574
27575
27576
27577
27577
27577
27578
27578
27579
27580
27580
27582
27584
27586
27586
27587
27587
27588
27588
27589
27591
27591
27591
27592
27593
27593
27594
27597
27597
27597
27600
27603
27605
27606
27608
27608
27609
27609
27610
27610
27611
27611
27612
27612
27612
27613
27615
27616
27616
27618
27618
27619
27619
27620
27621
27622
27622
27623
27624
27626
27627
27627
27630
27631
27631
27631
27632
27632
27636
27637
27637
27637
27637
27638
27639
27639
27639
27639
27640
27641
27642
27642
27642
27642
27643
27644
27646
27647
27648
27649
27649
27650
27651
27653
27653
27654
27655
27656
27656
27657
27659
27660
27661
27662
27663
27663
27666
27667
27667
27669
27669
27669
27669
27670
27671
27671
27671
27671
27672
27674
27674
27675
27677
27678
27679
27679
27680
27680
27681
27683
27684
27685
27685
27688
27688
27688
27688
27689
27689
27690
27692
27693
27693
27694
27694
27695
27696
27696
27698
27698
27698
27698
27699
27701
27702
27702
27702
27702
27703
27704
27705
27705
27706
27706
27708
27711
27714
27716
27717
27718
27720
27721
27721
27721
27723
27724
27729
27730
27731
27731
27734
27736
27738
27738
27740
27740
27741
27743
27744
27745
27745
27747
27747
27748
27748
27749
27749
27750
27750
27751
27753
27753
27754
27754
27755
27757
27759
27760
27760
27762
27763
27764
27764
27767
27768
27769
27770
27771
27771
27772
27775
27776
27778
27779
27779
27780
27780
27781
27785
27786
27786
27786
27788
27790
27792
27792
27796
27796
27798
27799
27801
27801
27804
27805
27805
27809
27809
27810
27813
27813
27814
27814
27814
27815
27816
27816
27817
27817
27817
27817
27818
27820
27822
27823
27824
27824
27825
27826
27828
27828
27829
27829
27832
27833
27833
27835
27837
27838
27839
27842
27844
27844
27845
27845
27846
27847
27852
27852
27852
27852
27852
27853
27854
27854
27855
27857
27857
27858
27858
27859
27859
27861
27864
27866
27867
27868
27871
27872
27873
27873
27873
27874
27876
27877
27878
27880
27881
27882
27883
27883
27883
27885
27885
27886
27886
27886
27887
27887
27887
27887
27888
27889
27890
27891
27891
27891
27895
27895
27897
27898
27899
27899
27900
27901
27904
27904
27905
27905
27905
27906
27906
27906
27907
27908
27911
27912
27913
27915
27916
27916
27918
27919
27922
27925
27926
27927
27927
27929
27929
27929
27931
27931
27932
27933
27935
27936
27936
27936
27937
27937
27938
27939
27940
27948
27950
27950
27951
27951
27951
27951
27953
27954
27955
27958
27958
27959
27965
27969
27970
27972
27973
27973
27976
27976
27976
27977
27979
27980
27981
27982
27983
27985
27985
27986
27986
27987
27988
27992
27992
27993
27993
27995
27996
27998
27998
27999
28001
28002
28004
28004
28005
28006
28007
28007
28008
28010
28011
28012
28012
28013
28013
28014
28015
28016
28016
28019
28019
28020
28022
28024
28025
28026
28027
28029
28032
28036
28037
28037
28038
28041
28041
28041
28042
28046
28046
28046
28047
28047
28049
28050
28050
28050
28051
28051
28051
28053
28056
28060
28062
28065
28065
28067
28071
28072
28072
28074
28077
28078
28080
28083
28084
28085
28085
28087
28090
28091
28093
28093
28095
28096
28098
28099
28100
28100
28100
28102
28103
28104
28104
28104
28105
28105
28106
28106
28107
28108
28108
28109
28109
28109
28113
28114
28114
28115
28115
28118
28118
28118
28120
28121
28121
28122
28125
28126
28127
28128
28130
28131
28131
28131
28132
28132
28134
28135
28135
28135
28136
28137
28138
28139
28140
28141
28142
28143
28143
28144
28144
28146
28146
28147
28148
28148
28150
28150
28150
28151
28154
28156
28156
28157
28158
28158
28159
28161
28163
28163
28165
28166
28167
28167
28169
28170
28172
28172
28173
28173
28175
28176
28177
28179
28181
28181
28181
28181
28183
28183
28183
28185
28187
28188
28188
28189
28190
28190
28191
28192
28193
28193
28193
28195
28196
28197
28198
28199
28200
28200
28200
28201
28202
28202
28209
28209
28209
28210
28210
28211
28211
28212
28212
28213
28214
28216
28217
28217
28217
28220
28221
28222
28223
28225
28226
28230
28231
28234
28234
28235
28235
28242
28242
28244
28246
28246
28247
28247
28249
28251
28256
28256
28259
28261
28261
28262
28263
28264
28265
28265
28266
28266
28267
28267
28268
28268
28269
28272
28273
28274
28277
28278
28279
28280
28280
28280
28281
28282
28283
28283
28285
28287
28287
28287
28289
28289
28291
28292
28292
28294
28295
28295
28298
28298
28299
28299
28302
28302
28302
28303
28304
28305
28307
28307
28307
28308
28308
28310
28310
28311
28312
28312
28312
28312
28315
28315
28315
28318
28320
28323
28324
28325
28325
28328
28330
28333
28334
28334
28336
28339
28339
28340
28340
28340
28342
28342
28342
28343
28345
28345
28347
28348
28348
28348
28350
28351
28351
28352
28354
28354
28355
28355
28356
28359
28361
28361
28361
28364
28364
28364
28367
28368
28368
28369
28369
28371
28372
28373
28374
28378
28378
28380
28383
28385
28385
28386
28386
28387
28388
28389
28389
28390
28390
28391
28392
28392
28392
28395
28396
28396
28397
28397
28398
28399
28401
28402
28402
28403
28407
28407
28408
28409
28409
28410
28410
28411
28412
28412
28412
28413
28413
28413
28414
28414
28416
28416
28416
28416
28417
28418
28420
28421
28421
28423
28423
28425
28425
28426
28428
28430
28432
28433
28434
28434
28437
28437
28438
28438
28439
28441
28442
28443
28443
28443
28444
28447
28450
28455
28455
28455
28455
28456
28456
28457
28458
28459
28459
28461
28462
28467
28470
28471
28476
28476
28477
28477
28478
28478
28481
28481
28483
28486
28488
28488
28489
28492
28492
28494
28494
28495
28495
28496
28496
28496
28497
28499
28500
28500
28501
28501
28503
28504
28504
28504
28505
28509
28513
28514
28514
28514
28514
28515
28515
28515
28515
28515
28516
28517
28517
28518
28519
28520
28520
28522
28524
28524
28525
28525
28525
28525
28525
28526
28527
28527
28528
28528
28528
28528
28528
28529
28531
28531
28531
28532
28532
28533
28534
28538
28542
28543
28543
28543
28544
28546
28546
28546
28549
28551
28552
28553
28553
28554
28556
28556
28556
28557
28557
28558
28559
28559
28560
28561
28562
28562
28564
28565
28565
28565
28568
28571
28572
28572
28576
28577
28577
28577
28578
28579
28579
28581
28581
28581
28582
28584
28584
28585
28586
28586
28587
28588
28588
28588
28591
28591
28591
28592
28593
28594
28596
28597
28598
28598
28598
28598
28600
28603
28604
28610
28612
28612
28613
28614
28614
28618
28619
28621
28623
28623
28623
28626
28626
28627
28630
28631
28632
28633
28633
28635
28635
28636
28638
28638
28639
28639
28640
28643
28643
28644
28645
28645
28647
28648
28648
28649
28649
28651
28657
28659
28660
28660
28661
28661
28662
28665
28665
28665
28666
28666
28667
28667
28668
28668
28668
28669
28671
28674
28675
28676
28677
28681
28682
28682
28683
28683
28684
28685
28686
28687
28688
28688
28688
28689
28689
28693
28693
28695
28698
28699
28700
28702
28703
28703
28705
28706
28710
28711
28711
28712
28713
28713
28715
28715
28716
28716
28716
28717
28718
28719
28719
28720
28720
28720
28721
28722
28723
28724
28725
28727
28727
28729
28729
28731
28733
28734
28736
28737
28738
28738
28739
28741
28741
28742
28743
28745
28745
28748
28750
28751
28753
28753
28755
28756
28757
28759
28761
28761
28762
28764
28764
28764
28766
28766
28769
28770
28772
28772
28775
28775
28775
28775
28776
28776
28776
28777
28778
28780
28780
28780
28781
28784
28784
28787
28787
28795
28795
28795
28796
28797
28798
28799
28800
28800
28801
28801
28803
28804
28804
28807
28809
28811
28811
28811
28814
28815
28815
28816
28819
28821
28823
28825
28826
28829
28832
28832
28833
28834
28835
28836
28836
28837
28839
28839
28839
28840
28840
28840
28841
28842
28843
28848
28848
28849
28849
28852
28853
28854
28855
28855
28856
28856
28857
28858
28858
28860
28862
28862
28862
28864
28864
28866
28866
28868
28868
28869
28869
28870
28871
28873
28873
28874
28875
28875
28876
28877
28881
28883
28884
28887
28889
28890
28890
28891
28892
28892
28895
28898
28900
28900
28901
28901
28901
28902
28902
28903
28903
28904
28905
28905
28906
28908
28909
28909
28910
28910
28912
28912
28913
28916
28916
28917
28919
28919
28919
28920
28921
28922
28922
28926
28926
28926
28927
28931
28931
28933
28933
28934
28934
28935
28936
28936
28936
28938
28940
28941
28942
28945
28945
28946
28946
28946
28947
28948
28950
28950
28950
28951
28952
28952
28959
28961
28961
28961
28963
28963
28965
28966
28966
28967
28968
28969
28969
28972
28972
28973
28975
28975
28976
28977
28977
28978
28978
28978
28978
28978
28981
28981
28983
28984
28985
28985
28986
28989
28990
28991
28991
28992
28992
28993
28994
28998
28998
28998
28999
29000
29001
29001
29002
29004
29004
29006
29007
29009
29009
29010
29011
29012
29012
29012
29013
29013
29013
29016
29017
29018
29020
29020
29022
29023
29024
29024
29025
29025
29025
29026
29027
29027
29027
29028
29028
29028
29030
29032
29032
29034
29034
29034
29034
29035
29036
29036
29037
29038
29040
29040
29042
29043
29044
29044
29045
29047
29048
29048
29049
29050
29050
29050
29052
29052
29054
29055
29060
29062
29063
29063
29064
29066
29067
29068
29068
29069
29069
29069
29070
29073
29074
29075
29075
29076
29077
29077
29078
29082
29082
29082
29083
29083
29083
29083
29084
29085
29085
29086
29087
29087
29087
29088
29089
29090
29091
29092
29096
29096
29097
29099
29100
29101
29102
29105
29105
29107
29108
29109
29111
29112
29113
29113
29113
29113
29113
29115
29116
29116
29118
29118
29118
29118
29119
29120
29121
29121
29121
29121
29122
29128
29130
29131
29131
29132
29133
29133
29133
29134
29134
29135
29136
29136
29137
29137
29138
29142
29142
29142
29143
29143
29144
29145
29145
29145
29146
29146
29147
29148
29148
29151
29152
29152
29153
29154
29155
29157
29158
29159
29159
29160
29160
29161
29163
29163
29163
29163
29164
29164
29164
29165
29166
29166
29169
29170
29171
29171
29172
29172
29172
29173
29174
29175
29175
29175
29175
29175
29177
29178
29179
29182
29183
29185
29186
29186
29186
29187
29187
29187
29189
29190
29192
29193
29193
29193
29194
29195
29196
29197
29199
29199
29201
29202
29203
29205
29206
29207
29208
29208
29209
29211
29212
29214
29216
29216
29217
29217
29222
29224
29225
29226
29228
29230
29231
29231
29233
29233
29236
29236
29238
29239
29239
29240
29240
29240
29241
29244
29244
29244
29245
29245
29245
29246
29247
29247
29249
29249
29252
29255
29256
29258
29259
29260
29260
29260
29262
29262
29263
29263
29263
29264
29265
29265
29266
29267
29269
29269
29269
29271
29271
29272
29273
29273
29274
29278
29278
29280
29282
29282
29283
29283
29283
29285
29285
29286
29287
29287
29287
29287
29287
29288
29289
29290
29291
29291
29291
29291
29292
29294
29296
29297
29299
29300
29302
29302
29302
29303
29303
29304
29304
29304
29305
29305
29306
29306
29306
29307
29308
29309
29310
29310
29310
29311
29311
29312
29313
29314
29316
29316
29320
29320
29321
29321
29322
29322
29323
29323
29326
29327
29327
29329
29329
29329
29330
29330
29331
29332
29333
29333
29339
29340
29340
29341
29341
29343
29345
29345
29346
29346
29349
29350
29350
29351
29351
29351
29352
29352
29353
29354
29355
29356
29357
29357
29357
29359
29359
29361
29363
29363
29364
29365
29367
29367
29369
29370
29371
29372
29376
29376
29377
29377
29379
29380
29381
29383
29383
29383
29383
29385
29386
29387
29388
29389
29389
29389
29392
29392
29395
29397
29398
29400
29400
29402
29403
29404
29405
29405
29405
29406
29407
29408
29409
29410
29411
29411
29412
29413
29413
29413
29413
29416
29420
29422
29422
29423
29423
29423
29424
29425
29425
29426
29426
29426
29427
29428
29431
29431
29431
29432
29432
29435
29436
29437
29438
29439
29440
29440
29440
29441
29441
29441
29443
29446
29447
29449
29451
29454
29458
29458
29460
29460
29463
29464
29466
29467
29467
29468
29468
29470
29471
29472
29474
29474
29475
29478
29478
29478
29478
29480
29480
29482
29483
29486
29486
29487
29487
29489
29490
29491
29491
29491
29492
29493
29494
29497
29497
29497
29499
29499
29500
29502
29503
29503
29504
29507
29507
29508
29509
29510
29511
29511
29511
29512
29513
29513
29514
29515
29515
29517
29518
29518
29521
29522
29522
29523
29523
29524
29525
29525
29525
29525
29526
29526
29527
29528
29528
29529
29529
29529
29530
29530
29531
29533
29534
29535
29535
29535
29536
29537
29538
29540
29543
29544
29545
29546
29547
29547
29548
29548
29550
29553
29553
29554
29555
29555
29556
29557
29557
29560
29561
29561
29561
29562
29566
29566
29566
29567
29568
29569
29569
29570
29571
29572
29572
29572
29573
29575
29576
29577
29577
29578
29578
29578
29581
29581
29582
29582
29583
29583
29583
29584
29587
29588
29588
29589
29589
29590
29590
29590
29591
29592
29593
29595
29595
29595
29597
29599
29600
29602
29603
29604
29604
29605
29606
29607
29607
29608
29609
29609
29609
29610
29611
29611
29612
29612
29613
29613
29614
29615
29616
29616
29619
29623
29625
29625
29626
29626
29626
29628
29628
29628
29628
29631
29636
29637
29637
29638
29642
29643
29644
29644
29645
29645
29647
29648
29648
29649
29650
29652
29654
29655
29655
29655
29655
29656
29656
29657
29658
29658
29659
29659
29659
29663
29665
29667
29669
29671
29672
29672
29673
29674
29674
29676
29676
29677
29678
29679
29679
29680
29682
29683
29683
29683
29683
29684
29685
29685
29686
29690
29690
29691
29693
29693
29695
29695
29697
29698
29700
29701
29703
29703
29704
29705
29706
29706
29708
29709
29709
29710
29711
29712
29712
29713
29713
29715
29715
29715
29717
29717
29720
29720
29721
29723
29726
29727
29728
29728
29729
29730
29731
29731
29733
29733
29734
29735
29735
29736
29736
29738
29740
29741
29742
29743
29745
29747
29751
29751
29751
29752
29753
29753
29755
29755
29755
29756
29757
29760
29760
29763
29763
29766
29766
29766
29770
29770
29771
29772
29773
29773
29774
29774
29774
29775
29776
29780
29780
29782
29782
29783
29783
29783
29783
29784
29785
29787
29787
29788
29788
29789
29790
29791
29793
29794
29794
29798
29799
29800
29800
29800
29802
29802
29803
29805
29805
29807
29807
29809
29809
29809
29810
29810
29812
29814
29815
29816
29817
29819
29819
29820
29824
29824
29824
29824
29825
29827
29827
29828
29829
29830
29830
29831
29831
29832
29832
29833
29834
29835
29836
29836
29841
29843
29844
29844
29851
29852
29852
29853
29853
29853
29853
29853
29854
29855
29856
29858
29858
29860
29860
29864
29865
29865
29866
29867
29868
29869
29869
29870
29871
29872
29874
29874
29876
29879
29883
29888
29888
29889
29889
29891
29892
29893
29895
29897
29899
29901
29903
29903
29903
29904
29904
29907
29912
29913
29919
29920
29922
29923
29924
29925
29927
29928
29930
29932
29934
29934
29935
29936
29936
29936
29936
29937
29938
29941
29942
29942
29944
29945
29945
29948
29948
29952
29954
29954
29956
29957
29958
29958
29959
29963
29963
29963
29963
29963
29965
29965
29967
29968
29968
29968
29969
29969
29970
29972
29972
29972
29973
29973
29973
29975
29979
29981
29983
29984
29988
29991
29992
29995
29996
29997
29997
29997
29998
30001
30001
30003
30003
30004
30004
30004
30004
30005
30005
30005
30007
30007
30008
30009
30009
30010
30010
30011
30011
30012
30013
30014
30015
30016
30019
30019
30019
30021
30021
30021
30021
30022
30024
30024
30024
30024
30024
30024
30026
30027
30027
30028
30029
30029
30029
30030
30031
30031
30031
30032
30033
30034
30035
30036
30037
30039
30039
30040
30040
30041
30041
30042
30042
30042
30046
30048
30048
30051
30052
30053
30060
30061
30062
30064
30064
30064
30065
30066
30066
30067
30067
30068
30069
30070
30072
30073
30073
30073
30074
30074
30075
30078
30078
30079
30080
30081
30083
30083
30083
30083
30084
30085
30085
30085
30088
30088
30092
30092
30092
30092
30094
30095
30099
30101
30102
30106
30107
30107
30107
30109
30109
30110
30110
30110
30111
30111
30113
30114
30115
30115
30117
30118
30118
30119
30121
30123
30123
30124
30124
30124
30124
30125
30126
30127
30128
30128
30128
30128
30132
30132
30132
30133
30137
30138
30139
30139
30143
30144
30144
30145
30145
30145
30146
30146
30148
30152
30155
30155
30155
30156
30156
30157
30159
30160
30161
30162
30163
30164
30168
30168
30170
30170
30172
30173
30175
30175
30176
30176
30176
30178
30178
30182
30182
30183
30185
30186
30187
30187
30188
30189
30191
30191
30194
30194
30196
30197
30197
30198
30198
30198
30199
30201
30202
30202
30208
30208
30209
30209
30210
30210
30211
30211
30213
30215
30215
30216
30216
30216
30217
30217
30217
30217
30218
30219
30219
30220
30221
30221
30221
30222
30222
30224
30225
30225
30226
30227
30228
30228
30228
30228
30230
30231
30232
30234
30236
30238
30241
30242
30244
30244
30245
30247
30249
30249
30250
30252
30254
30259
30259
30260
30261
30261
30263
30264
30265
30265
30265
30266
30268
30269
30269
30270
30271
30271
30271
30272
30274
30275
30276
30280
30282
30283
30283
30283
30284
30284
30285
30286
30286
30286
30287
30288
30288
30289
30290
30291
30291
30292
30294
30295
30295
30296
30300
30302
30304
30304
30305
30306
30308
30309
30309
30310
30310
30312
30313
30313
30313
30314
30314
30317
30317
30318
30318
30319
30320
30320
30321
30326
30326
30333
30334
30335
30337
30337
30338
30340
30342
30345
30346
30348
30352
30355
30355
30356
30356
30357
30359
30359
30361
30362
30363
30363
30364
30364
30365
30366
30366
30367
30368
30368
30369
30369
30370
30371
30372
30373
30373
30374
30375
30375
30376
30377
30377
30381
30381
30382
30383
30384
30385
30386
30386
30386
30388
30389
30390
30391
30391
30394
30394
30395
30395
30396
30397
30398
30399
30399
30400
30401
30402
30404
30404
30404
30404
30412
30413
30413
30413
30414
30415
30416
30417
30417
30417
30417
30418
30418
30420
30421
30421
30422
30423
30423
30424
30425
30427
30431
30432
30434
30436
30436
30437
30438
30439
30439
30440
30441
30442
30442
30442
30443
30446
30447
30448
30449
30451
30451
30451
30454
30455
30456
30456
30457
30459
30459
30461
30461
30462
30462
30464
30466
30468
30468
30468
30470
30471
30474
30475
30476
30477
30477
30479
30479
30480
30481
30481
30482
30483
30484
30485
30485
30485
30486
30487
30487
30489
30489
30490
30491
30494
30496
30497
30497
30500
30500
30500
30501
30501
30504
30505
30505
30508
30508
30510
30510
30512
30513
30515
30523
30523
30524
30524
30524
30524
30525
30528
30529
30530
30531
30531
30533
30533
30534
30534
30534
30534
30535
30537
30537
30538
30538
30539
30539
30539
30540
30542
30543
30543
30544
30546
30546
30546
30547
30548
30550
30550
30550
30553
30554
30554
30554
30555
30555
30557
30559
30559
30559
30561
30562
30563
30565
30565
30565
30566
30568
30568
30569
30569
30570
30571
30574
30575
30576
30577
30578
30579
30580
30582
30583
30589
30591
30592
30593
30594
30594
30594
30595
30596
30596
30597
30599
30601
30601
30601
30602
30602
30602
30603
30603
30603
30604
30604
30605
30605
30605
30607
30609
30609
30609
30611
30611
30613
30619
30621
30622
30622
30623
30623
30625
30626
30627
30629
30630
30631
30631
30632
30634
30635
30636
30636
30637
30638
30638
30639
30639
30640
30642
30644
30644
30644
30645
30646
30647
30647
30647
30649
30649
30650
30650
30651
30654
30654
30655
30655
30655
30655
30655
30657
30659
30659
30660
30660
30661
30662
30663
30665
30666
30666
30666
30667
30669
30669
30671
30672
30672
30672
30673
30674
30675
30675
30676
30676
30678
30679
30680
30681
30682
30683
30683
30684
30687
30688
30688
30689
30689
30690
30690
30691
30693
30694
30695
30697
30697
30698
30699
30701
30702
30703
30703
30704
30706
30706
30706
30707
30708
30709
30709
30709
30713
30714
30716
30717
30718
30722
30722
30723
30723
30723
30724
30727
30728
30729
30729
30730
30730
30732
30732
30732
30733
30734
30734
30735
30735
30735
30736
30741
30743
30746
30746
30749
30750
30750
30752
30752
30753
30754
30754
30755
30755
30757
30757
30757
30758
30759
30759
30761
30761
30761
30762
30762
30763
30767
30767
30767
30767
30767
30767
30768
30768
30771
30772
30773
30774
30774
30775
30777
30777
30777
30778
30779
30779
30781
30781
30783
30784
30785
30786
30787
30789
30791
30795
30797
30798
30799
30800
30800
30801
30801
30803
30804
30806
30806
30807
30808
30808
30808
30808
30810
30811
30811
30811
30812
30812
30813
30815
30815
30816
30818
30818
30819
30819
30820
30821
30821
30821
30822
30824
30824
30827
30827
30827
30827
30827
30828
30828
30828
30829
30830
30830
30831
30833
30836
30837
30839
30840
30840
30841
30841
30842
30842
30843
30846
30846
30847
30847
30849
30849
30850
30851
30852
30854
30855
30855
30857
30857
30857
30858
30859
30859
30860
30864
30864
30866
30867
30868
30869
30869
30870
30871
30871
30872
30875
30877
30878
30880
30880
30880
30882
30884
30885
30885
30885
30885
30887
30887
30890
30892
30893
30893
30893
30893
30894
30897
30898
30898
30898
30900
30900
30901
30903
30903
30904
30904
30906
30907
30907
30908
30908
30908
30909
30912
30912
30913
30914
30914
30915
30915
30917
30917
30919
30920
30920
30920
30922
30922
30922
30924
30925
30927
30928
30928
30928
30929
30929
30930
30931
30931
30932
30932
30933
30936
30936
30938
30939
30939
30940
30942
30944
30945
30945
30947
30949
30949
30951
30952
30953
30954
30955
30956
30956
30957
30958
30959
30959
30960
30960
30961
30962
30962
30965
30966
30967
30967
30972
30972
30973
30974
30975
30975
30976
30979
30979
30979
30981
30982
30982
30982
30982
30983
30984
30985
30989
30989
30990
30991
30992
30992
30993
30994
30995
30996
30996
30997
30997
30999
31000
31000
31000
31002
31003
31003
31003
31004
31004
31004
31007
31009
31010
31010
31012
31012
31013
31014
31014
31015
31017
31018
31019
31020
31020
31021
31023
31024
31026
31026
31026
31027
31029
31031
31031
31033
31035
31035
31036
31036
31036
31037
31037
31040
31040
31041
31042
31043
31043
31047
31047
31047
31048
31049
31049
31050
31054
31055
31055
31057
31058
31059
31059
31060
31061
31063
31064
31065
31066
31067
31068
31070
31073
31075
31078
31079
31079
31079
31080
31081
31083
31083
31084
31084
31090
31091
31092
31093
31095
31096
31097
31098
31098
31099
31100
31102
31103
31104
31104
31104
31107
31109
31109
31110
31111
31111
31111
31115
31115
31118
31119
31121
31123
31124
31124
31124
31124
31124
31125
31127
31128
31128
31130
31131
31132
31134
31134
31136
31136
31137
31140
31143
31144
31146
31147
31147
31148
31148
31152
31152
31154
31154
31155
31156
31157
31158
31160
31160
31164
31165
31166
31166
31167
31170
31171
31171
31173
31173
31177
31178
31179
31180
31180
31180
31181
31181
31182
31183
31183
31183
31186
31187
31188
31188
31188
31189
31193
31195
31196
31197
31197
31197
31198
31199
31199
31200
31201
31201
31202
31204
31205
31206
31206
31207
31209
31211
31211
31212
31212
31213
31213
31214
31214
31215
31219
31219
31219
31219
31220
31221
31222
31223
31227
31231
31232
31234
31235
31239
31240
31241
31244
31244
31245
31246
31247
31249
31250
31251
31252
31253
31253
31256
31257
31258
31258
31260
31262
31262
31264
31269
31270
31271
31271
31275
31275
31276
31277
31282
31282
31284
31284
31284
31285
31285
31285
31286
31286
31286
31287
31288
31288
31288
31289
31290
31291
31295
31296
31298
31298
31299
31300
31301
31301
31301
31302
31303
31303
31303
31305
31305
31307
31307
31308
31309
31310
31312
31313
31313
31313
31313
31314
31314
31315
31315
31316
31316
31319
31320
31321
31322
31323
31323
31323
31324
31325
31326
31327
31327
31328
31329
31329
31332
31335
31336
31337
31338
31338
31339
31339
31339
31339
31340
31340
31341
31341
31341
31342
31344
31344
31345
31345
31346
31347
31347
31348
31349
31351
31351
31351
31351
31352
31352
31353
31353
31354
31355
31355
31355
31356
31357
31357
31358
31361
31361
31364
31364
31367
31369
31369
31370
31370
31371
31371
31371
31373
31373
31375
31376
31376
31377
31379
31379
31379
31380
31381
31381
31381
31382
31382
31383
31383
31384
31385
31385
31388
31388
31389
31390
31390
31390
31392
31393
31394
31396
31396
31396
31396
31398
31399
31399
31400
31401
31402
31406
31407
31409
31410
31411
31412
31415
31415
31416
31416
31417
31418
31419
31419
31419
31419
31420
31420
31421
31421
31421
31423
31424
31427
31429
31429
31430
31430
31433
31433
31435
31435
31435
31435
31435
31437
31437
31437
31438
31439
31439
31439
31440
31440
31442
31443
31443
31443
31447
31448
31448
31449
31449
31450
31450
31452
31452
31454
31455
31458
31458
31458
31460
31461
31461
31462
31462
31463
31463
31465
31466
31468
31468
31469
31469
31469
31470
31472
31472
31473
31474
31474
31476
31477
31478
31478
31478
31478
31480
31481
31483
31484
31484
31484
31485
31486
31487
31490
31490
31490
31492
31494
31496
31496
31496
31497
31498
31499
31500
31502
31502
31504
31506
31507
31507
31507
31507
31507
31507
31507
31512
31512
31513
31513
31514
31514
31517
31517
31521
31523
31523
31524
31525
31525
31525
31526
31528
31528
31533
31533
31534
31536
31536
31537
31538
31538
31538
31540
31540
31541
31541
31543
31543
31545
31546
31547
31548
31549
31549
31549
31550
31551
31551
31552
31552
31555
31555
31556
31558
31559
31560
31561
31562
31564
31564
31565
31566
31567
31568
31568
31568
31569
31569
31570
31571
31571
31573
31573
31574
31576
31576
31577
31577
31579
31581
31581
31586
31586
31587
31588
31588
31588
31589
31590
31591
31593
31595
31596
31597
31599
31601
31603
31603
31607
31608
31608
31609
31609
31610
31611
31611
31618
31619
31620
31621
31621
31622
31624
31624
31625
31626
31626
31626
31628
31628
31631
31631
31632
31633
31633
31634
31635
31636
31638
31638
31638
31639
31640
31642
31642
31643
31644
31644
31646
31646
31647
31649
31649
31651
31652
31652
31653
31653
31654
31656
31656
31657
31657
31658
31658
31659
31659
31660
31660
31661
31663
31663
31664
31665
31665
31665
31667
31668
31670
31671
31672
31673
31677
31678
31680
31682
31682
31684
31685
31688
31691
31691
31695
31696
31697
31699
31700
31701
31702
31702
31703
31704
31704
31705
31706
31706
31707
31707
31709
31711
31711
31712
31714
31717
31717
31719
31720
31721
31721
31723
31724
31724
31726
31728
31728
31728
31730
31730
31731
31731
31733
31734
31734
31735
31735
31735
31735
31736
31736
31737
31737
31738
31741
31742
31742
31742
31744
31745
31747
31747
31747
31751
31753
31754
31755
31759
31760
31760
31761
31761
31761
31761
31763
31765
31765
31765
31766
31767
31769
31771
31771
31771
31772
31772
31773
31773
31774
31774
31776
31776
31779
31779
31781
31781
31782
31783
31783
31785
31787
31787
31787
31788
31788
31792
31794
31794
31795
31795
31796
31796
31797
31800
31800
31801
31802
31803
31804
31804
31804
31804
31806
31807
31807
31812
31812
31813
31815
31816
31818
31818
31820
31820
31822
31824
31824
31824
31825
31825
31826
31827
31831
31831
31831
31832
31834
31834
31835
31836
31836
31837
31837
31838
31839
31839
31839
31840
31843
31845
31847
31849
31851
31852
31853
31854
31854
31856
31859
31859
31860
31866
31866
31866
31867
31869
31869
31869
31871
31871
31873
31875
31877
31878
31879
31880
31881
31881
31883
31884
31886
31887
31888
31888
31888
31889
31889
31892
31893
31895
31896
31896
31898
31898
31899
31900
31901
31903
31903
31904
31904
31904
31906
31906
31908
31909
31909
31909
31910
31913
31913
31914
31915
31916
31920
31922
31923
31924
31924
31924
31926
31926
31929
31930
31931
31932
31932
31933
31933
31934
31934
31934
31935
31935
31935
31935
31936
31937
31938
31939
31944
31944
31946
31946
31947
31949
31949
31951
31951
31952
31952
31954
31954
31955
31955
31957
31959
31960
31962
31963
31964
31964
31965
31966
31966
31967
31968
31968
31968
31969
31969
31969
31973
31977
31978
31979
31979
31979
31980
31983
31983
31985
31985
31985
31988
31988
31989
31989
31989
31990
31990
31991
31994
31997
31997
31998
31999
32000
32000
32001
32001
32002
32003
32004
32005
32006
32009
32011
32011
32011
32012
32012
32013
32014
32015
32017
32020
32020
32026
32026
32028
32031
32031
32034
32034
32034
32036
32037
32038
32038
32038
32038
32039
32040
32040
32041
32041
32042
32042
32046
32048
32048
32050
32052
32054
32055
32056
32059
32060
32060
32060
32060
32061
32062
32063
32063
32064
32064
32066
32068
32072
32072
32073
32076
32076
32077
32079
32082
32082
32082
32084
32084
32084
32089
32089
32089
32090
32092
32093
32094
32094
32095
32095
32096
32096
32096
32096
32098
32098
32099
32100
32101
32101
32102
32104
32105
32106
32110
32112
32112
32113
32114
32115
32116
32117
32117
32120
32121
32121
32121
32121
32122
32123
32126
32127
32130
32131
32131
32132
32133
32133
32134
32136
32137
32137
32138
32142
32142
32146
32146
32147
32148
32148
32151
32151
32151
32151
32154
32154
32156
32159
32160
32165
32165
32165
32168
32168
32168
32169
32170
32172
32175
32175
32176
32177
32178
32179
32179
32180
32180
32181
32182
32184
32186
32187
32187
32187
32189
32191
32192
32194
32194
32195
32196
32197
32197
32198
32199
32200
32201
32201
32204
32205
32205
32206
32206
32206
32207
32207
32207
32207
32207
32208
32208
32209
32209
32211
32212
32212
32213
32213
32217
32221
32222
32222
32223
32224
32224
32226
32228
32228
32229
32232
32232
32232
32234
32234
32237
32237
32238
32239
32240
32240
32240
32241
32244
32245
32248
32250
32250
32250
32252
32252
32252
32252
32253
32254
32255
32257
32257
32258
32258
32262
32266
32267
32271
32272
32274
32274
32275
32276
32276
32276
32277
32278
32279
32282
32284
32284
32284
32285
32287
32287
32288
32290
32291
32291
32292
32293
32293
32296
32296
32296
32296
32300
32300
32300
32300
32301
32303
32303
32306
32307
32308
32309
32309
32310
32310
32312
32312
32315
32317
32318
32318
32319
32320
32321
32323
32324
32328
32330
32331
32332
32334
32336
32338
32339
32339
32340
32343
32343
32343
32344
32344
32345
32346
32347
32349
32350
32350
32352
32352
32353
32355
32355
32355
32355
32355
32358
32358
32358
32359
32360
32360
32361
32362
32362
32362
32363
32364
32364
32364
32365
32366
32366
32366
32367
32367
32368
32371
32372
32372
32373
32373
32374
32376
32376
32377
32378
32379
32380
32381
32381
32382
32384
32385
32386
32386
32388
32388
32393
32393
32394
32395
32396
32398
32399
32399
32401
32402
32403
32403
32406
32407
32408
32409
32409
32413
32413
32414
32416
32416
32417
32417
32418
32419
32419
32419
32423
32423
32423
32423
32425
32427
32428
32431
32432
32434
32434
32436
32437
32438
32439
32442
32444
32444
32444
32445
32446
32447
32449
32451
32451
32453
32453
32455
32456
32457
32457
32457
32458
32458
32459
32459
32461
32461
32463
32463
32464
32464
32468
32468
32468
32474
32475
32476
32476
32478
32478
32480
32480
32480
32480
32481
32483
32484
32484
32487
32487
32487
32488
32488
32490
32491
32491
32491
32493
32493
32494
32494
32495
32498
32499
32499
32501
32502
32503
32503
32503
32504
32508
32510
32511
32512
32512
32513
32515
32515
32515
32516
32517
32518
32518
32521
32521
32522
32522
32523
32524
32524
32525
32525
32527
32528
32529
32532
32533
32534
32534
32535
32535
32536
32537
32538
32540
32541
32541
32542
32542
32543
32543
32543
32544
32545
32545
32549
32550
32551
32551
32552
32553
32554
32554
32554
32555
32555
32555
32556
32556
32557
32558
32559
32560
32562
32562
32563
32565
32566
32567
32568
32568
32570
32570
32571
32573
32573
32574
32574
32575
32577
32581
32581
32582
32584
32584
32584
32585
32585
32586
32588
32588
32588
32590
32590
32592
32592
32593
32594
32596
32597
32597
32598
32599
32599
32599
32601
32603
32603
32603
32604
32606
32606
32607
32607
32608
32608
32610
32611
32612
32612
32612
32612
32614
32615
32616
32616
32618
32619
32621
32621
32622
32622
32622
32626
32626
32628
32630
32630
32631
32631
32632
32640
32640
32642
32644
32647
32647
32648
32649
32650
32650
32653
32654
32654
32654
32654
32656
32658
32658
32659
32661
32661
32661
32661
32662
32662
32663
32663
32665
32666
32670
32670
32670
32674
32674
32674
32675
32676
32677
32678
32678
32679
32679
32680
32680
32681
32682
32684
32684
32685
32686
32687
32690
32691
32691
32692
32693
32693
32696
32697
32699
32700
32700
32701
32702
32702
32705
32706
32706
32708
32708
32709
32711
32715
32715
32717
32717
32718
32719
32719
32724
32724
32725
32726
32726
32726
32728
32729
32729
32732
32732
32732
32733
32734
32734
32736
32737
32738
32739
32740
32742
32743
32745
32746
32746
32747
32748
32748
32749
32751
32751
32751
32752
32753
32756
32756
32761
32763
32764
32765
32766
32767
32769
32770
32770
32770
32774
32775
32776
32777
32779
32779
32780
32780
32782
32782
32785
32785
32786
32788
32788
32789
32790
32790
32790
32791
32791
32794
32794
32795
32798
32800
32800
32801
32802
32803
32803
32804
32804
32807
32807
32808
32809
32810
32811
32811
32813
32815
32815
32816
32817
32817
32817
32818
32818
32818
32819
32820
32821
32822
32823
32825
32828
32828
32829
32830
32831
32832
32833
32833
32835
32835
32835
32837
32838
32838
32841
32842
32842
32842
32848
32848
32850
32851
32852
32854
32854
32855
32856
32856
32858
32858
32858
32859
32860
32860
32861
32863
32864
32864
32866
32866
32866
32867
32868
32868
32868
32869
32869
32870
32870
32871
32872
32873
32874
32874
32877
32878
32880
32881
32881
32881
32882
32882
32885
32887
32889
32889
32889
32892
32893
32895
32895
32895
32897
32898
32899
32899
32900
32900
32901
32901
32902
32903
32903
32904
32905
32905
32905
32906
32907
32908
32913
32914
32914
32915
32915
32916
32917
32918
32918
32918
32918
32920
32921
32921
32922
32923
32927
32927
32928
32929
32929
32930
32930
32930
32934
32934
32935
32937
32937
32943
32945
32945
32946
32948
32948
32948
32948
32951
32951
32953
32953
32953
32954
32956
32958
32959
32960
32960
32961
32963
32963
32964
32965
32966
32967
32968
32968
32970
32971
32973
32974
32974
32977
32978
32979
32980
32980
32981
32984
32984
32985
32991
32992
32992
32992
32992
32992
32993
32993
32993
32993
32994
32994
32994
32994
32997
32998
32998
32998
32999
33000
33001
33002
33002
33002
33003
33003
33005
33005
33006
33006
33008
33009
33010
33010
33010
33010
33010
33013
33014
33016
33019
33019
33019
33020
33020
33020
33021
33022
33023
33025
33026
33027
33028
33029
33030
33031
33031
33033
33033
33034
33035
33035
33035
33038
33039
33040
33043
33045
33045
33046
33046
33047
33051
33052
33052
33053
33055
33055
33056
33057
33058
33058
33062
33062
33065
33067
33067
33068
33070
33071
33071
33072
33074
33075
33077
33077
33079
33082
33083
33084
33085
33086
33088
33089
33089
33091
33092
33093
33094
33096
33096
33096
33098
33099
33099
33099
33102
33103
33103
33103
33103
33104
33106
33109
33109
33111
33111
33112
33113
33114
33114
33115
33116
33118
33119
33120
33120
33121
33122
33122
33124
33124
33125
33126
33127
33128
33129
33129
33129
33130
33131
33131
33132
33133
33134
33135
33135
33136
33136
33139
33139
33139
33143
33145
33147
33147
33147
33148
33148
33149
33149
33150
33150
33150
33151
33151
33151
33153
33154
33154
33155
33156
33156
33156
33158
33159
33160
33160
33160
33161
33161
33162
33163
33163
33165
33165
33165
33166
33168
33170
33171
33171
33172
33172
33172
33173
33175
33175
33175
33175
33176
33179
33179
33179
33179
33185
33185
33186
33186
33186
33187
33187
33188
33193
33193
33194
33196
33197
33199
33200
33200
33201
33203
33203
33204
33204
33205
33205
33206
33206
33206
33206
33208
33209
33209
33211
33212
33214
33215
33216
33217
33218
33220
33220
33220
33221
33221
33222
33223
33224
33224
33225
33227
33227
33227
33228
33228
33229
33229
33229
33230
33233
33233
33233
33236
33236
33240
33241
33242
33244
33245
33245
33246
33248
33248
33250
33250
33251
33252
33253
33256
33256
33256
33257
33259
33259
33260
33261
33261
33265
33265
33265
33268
33270
33271
33273
33273
33274
33274
33274
33277
33277
33277
33278
33278
33278
33281
33283
33283
33285
33285
33286
33288
33289
33289
33292
33293
33293
33293
33293
33295
33296
33298
33298
33300
33302
33303
33305
33305
33307
33308
33308
33310
33310
33310
33312
33313
33313
33314
33315
33316
33316
33317
33318
33318
33318
33321
33321
33322
33322
33324
33325
33325
33326
33326
33326
33326
33327
33327
33328
33330
33330
33330
33331
33331
33332
33332
33334
33336
33337
33338
33339
33342
33342
33343
33344
33347
33350
33350
33350
33351
33352
33353
33354
33355
33355
33356
33357
33357
33359
33360
33361
33361
33364
33364
33365
33366
33367
33367
33368
33369
33372
33376
33376
33378
33378
33378
33380
33380
33385
33386
33386
33387
33390
33391
33391
33392
33393
33396
33396
33397
33398
33398
33399
33400
33401
33401
33403
33404
33406
33406
33407
33407
33408
33408
33408
33409
33409
33412
33413
33414
33415
33415
33417
33418
33419
33419
33419
33420
33420
33420
33423
33423
33423
33424
33425
33426
33426
33427
33427
33427
33427
33428
33428
33429
33429
33432
33433
33435
33435
33436
33436
33437
33438
33438
33438
33439
33439
33439
33440
33440
33442
33443
33444
33444
33445
33448
33448
33453
33453
33454
33456
33456
33456
33456
33461
33461
33462
33463
33465
33468
33470
33470
33471
33476
33477
33477
33478
33480
33482
33483
33483
33487
33487
33487
33489
33489
33489
33493
33493
33493
33494
33494
33494
33495
33496
33496
33497
33497
33500
33500
33501
33501
33503
33503
33504
33507
33507
33509
33511
33512
33513
33513
33513
33517
33518
33522
33524
33525
33525
33527
33529
33530
33531
33536
33536
33536
33536
33538
33539
33539
33540
33541
33541
33541
33541
33542
33542
33543
33544
33545
33546
33546
33548
33548
33548
33549
33549
33549
33550
33550
33550
33554
33554
33555
33555
33555
33556
33556
33557
33557
33557
33558
33559
33560
33560
33562
33563
33564
33565
33565
33566
33566
33568
33568
33569
33571
33572
33572
33573
33578
33579
33580
33581
33583
33583
33584
33585
33588
33591
33594
33594
33597
33598
33598
33600
33601
33602
33602
33602
33603
33604
33604
33605
33607
33608
33609
33610
33610
33610
33612
33612
33614
33614
33615
33615
33615
33617
33618
33618
33619
33619
33621
33624
33624
33624
33625
33625
33626
33626
33627
33628
33629
33629
33629
33629
33631
33633
33634
33634
33635
33635
33635
33635
33636
33639
33640
33641
33642
33642
33644
33645
33646
33648
33648
33650
33651
33652
33652
33654
33654
33656
33656
33659
33660
33663
33664
33665
33666
33669
33670
33670
33670
33672
33672
33678
33678
33679
33679
33679
33680
33680
33681
33682
33687
33688
33691
33692
33694
33696
33699
33700
33700
33700
33701
33702
33702
33702
33702
33702
33706
33706
33706
33706
33708
33709
33711
33711
33712
33712
33717
33719
33719
33719
33720
33720
33721
33725
33726
33726
33727
33728
33728
33729
33729
33730
33731
33736
33736
33737
33737
33738
33740
33741
33741
33741
33741
33742
33744
33745
33748
33749
33750
33750
33751
33751
33752
33753
33753
33753
33754
33756
33757
33757
33759
33760
33761
33761
33762
33762
33763
33765
33768
33770
33770
33770
33771
33773
33773
33776
33776
33776
33777
33778
33779
33783
33783
33784
33786
33789
33790
33790
33793
33793
33798
33798
33799
33799
33799
33799
33801
33802
33804
33805
33805
33806
33806
33807
33809
33811
33812
33813
33813
33813
33813
33813
33817
33817
33818
33820
33820
33821
33823
33826
33827
33828
33828
33829
33834
33835
33835
33836
33837
33839
33840
33842
33843
33843
33847
33848
33848
33850
33850
33851
33852
33852
33852
33853
33853
33855
33855
33856
33857
33857
33857
33859
33859
33861
33863
33863
33869
33870
33870
33871
33871
33872
33873
33874
33875
33877
33878
33878
33879
33880
33880
33883
33883
33885
33886
33887
33888
33888
33889
33889
33889
33889
33890
33891
33891
33893
33894
33895
33897
33899
33900
33900
33902
33903
33904
33904
33906
33906
33907
33908
33908
33909
33910
33911
33912
33913
33914
33916
33917
33917
33917
33918
33918
33920
33922
33928
33928
33929
33930
33931
33932
33932
33933
33934
33934
33935
33942
33944
33945
33945
33945
33946
33946
33947
33949
33949
33949
33950
33950
33951
33953
33953
33953
33954
33954
33954
33957
33957
33961
33961
33963
33964
33965
33965
33966
33967
33968
33969
33969
33971
33972
33972
33973
33973
33974
33975
33976
33976
33977
33978
33978
33978
33979
33980
33980
33980
33980
33982
33982
33984
33985
33985
33989
33990
33991
33995
33995
33995
33996
33999
34000
34002
34003
34003
34004
34004
34004
34005
34007
34007
34009
34010
34010
34011
34014
34015
34015
34015
34016
34018
34018
34018
34019
34019
34020
34022
34023
34026
34028
34029
34029
34029
34030
34030
34032
34033
34033
34033
34034
34034
34035
34035
34036
34037
34037
34037
34037
34039
34039
34039
34039
34041
34041
34042
34043
34043
34044
34045
34048
34049
34050
34051
34053
34054
34054
34055
34055
34055
34056
34057
34058
34059
34060
34062
34063
34064
34064
34064
34067
34067
34068
34069
34069
34069
34069
34070
34070
34070
34070
34072
34073
34074
34076
34076
34077
34078
34079
34079
34082
34083
34084
34085
34085
34085
34087
34093
34094
34094
34095
34097
34099
34099
34101
34104
34105
34106
34107
34108
34110
34112
34115
34116
34117
34118
34119
34119
34120
34120
34124
34128
34128
34128
34129
34131
34132
34133
34133
34133
34134
34135
34135
34137
34141
34143
34143
34144
34144
34145
34145
34146
34147
34149
34149
34150
34151
34154
34155
34156
34158
34158
34158
34159
34160
34161
34161
34163
34163
34165
34167
34168
34170
34170
34171
34172
34172
34173
34174
34174
34183
34184
34184
34185
34185
34186
34187
34187
34188
34188
34189
34189
34189
34189
34190
34191
34193
34193
34193
34194
34194
34194
34195
34196
34197
34197
34197
34198
34198
34198
34200
34200
34202
34204
34205
34207
34212
34213
34213
34214
34215
34216
34217
34220
34222
34222
34222
34223
34223
34223
34223
34225
34225
34227
34228
34228
34229
34233
34235
34236
34236
34237
34237
34238
34239
34239
34241
34242
34243
34245
34248
34248
34249
34249
34250
34251
34251
34255
34257
34257
34257
34259
34260
34260
34261
34261
34263
34264
34266
34266
34268
34269
34270
34272
34273
34274
34276
34277
34278
34279
34280
34281
34281
34284
34284
34286
34288
34288
34291
34291
34292
34292
34293
34295
34298
34302
34304
34306
34306
34307
34309
34311
34311
34311
34313
34313
34314
34314
34315
34315
34315
34316
34320
34320
34321
34322
34323
34324
34325
34326
34327
34328
34329
34329
34329
34330
34331
34332
34333
34334
34336
34337
34337
34338
34340
34341
34341
34344
34345
34346
34346
34348
34348
34348
34348
34349
34349
34349
34350
34351
34352
34352
34352
34353
34354
34354
34355
34355
34356
34356
34357
34357
34357
34357
34358
34360
34360
34360
34360
34360
34361
34365
34365
34367
34368
34368
34369
34370
34370
34370
34371
34373
34373
34373
34374
34375
34375
34376
34377
34379
34379
34379
34380
34380
34381
34381
34382
34382
34384
34385
34385
34385
34385
34386
34387
34387
34389
34390
34391
34392
34393
34394
34394
34394
34396
34396
34397
34397
34397
34398
34398
34400
34400
34401
34401
34401
34402
34403
34407
34407
34407
34407
34409
34409
34409
34410
34416
34417
34418
34419
34421
34421
34422
34423
34423
34424
34426
34428
34428
34428
34430
34433
34436
34436
34437
34438
34438
34439
34441
34441
34441
34442
34442
34446
34446
34447
34447
34447
34447
34448
34449
34450
34450
34456
34456
34457
34458
34459
34459
34459
34461
34461
34462
34464
34464
34465
34466
34466
34466
34467
34470
34470
34471
34474
34475
34477
34478
34478
34479
34479
34481
34481
34483
34484
34485
34485
34485
34486
34487
34488
34488
34488
34488
34491
34491
34491
34494
34496
34496
34496
34498
34498
34499
34502
34503
34504
34504
34505
34505
34505
34506
34507
34508
34508
34508
34509
34510
34510
34511
34511
34512
34512
34513
34514
34514
34515
34515
34519
34519
34519
34521
34523
34525
34525
34526
34526
34527
34529
34529
34530
34532
34533
34533
34534
34534
34534
34535
34536
34537
34538
34541
34543
34543
34544
34546
34550
34553
34553
34554
34555
34556
34557
34558
34558
34559
34560
34561
34561
34565
34566
34570
34571
34572
34572
34572
34572
34573
34573
34573
34574
34576
34578
34578
34579
34579
34580
34580
34581
34581
34581
34582
34584
34587
34587
34587
34589
34592
34592
34592
34593
34593
34593
34593
34594
34594
34594
34595
34595
34600
34601
34602
34603
34604
34605
34607
34608
34608
34609
34609
34609
34611
34611
34612
34612
34612
34612
34612
34613
34613
34616
34618
34618
34618
34619
34621
34621
34622
34622
34623
34623
34624
34626
34628
34629
34629
34629
34629
34632
34633
34635
34636
34636
34637
34638
34638
34639
34640
34642
34642
34643
34644
34645
34648
34649
34650
34651
34652
34652
34652
34653
34657
34657
34660
34661
34664
34665
34666
34666
34666
34666
34667
34668
34668
34668
34670
34670
34671
34671
34673
34674
34674
34677
34678
34681
34684
34685
34685
34686
34687
34687
34687
34688
34689
34689
34689
34690
34690
34692
34693
34693
34694
34697
34699
34700
34700
34701
34702
34703
34703
34703
34704
34704
34705
34706
34706
34707
34710
34713
34714
34714
34715
34716
34717
34718
34719
34721
34721
34722
34723
34723
34724
34728
34731
34731
34732
34735
34736
34737
34738
34741
34742
34742
34744
34747
34748
34748
34750
34750
34754
34754
34754
34754
34755
34755
34755
34757
34757
34758
34760
34762
34763
34764
34764
34766
34768
34770
34770
34770
34772
34774
34774
34774
34775
34775
34776
34776
34776
34777
34778
34779
34780
34782
34783
34783
34783
34784
34787
34790
34790
34790
34791
34791
34792
34793
34793
34794
34794
34795
34797
34797
34797
34799
34799
34800
34802
34803
34805
34806
34808
34808
34809
34809
34810
34812
34813
34815
34818
34818
34818
34819
34819
34819
34820
34821
34822
34823
34824
34824
34826
34826
34829
34830
34831
34832
34834
34834
34841
34841
34842
34845
34845
34846
34847
34848
34850
34850
34850
34851
34852
34852
34854
34854
34855
34856
34856
34857
34859
34859
34860
34860
34860
34861
34862
34862
34864
34866
34867
34867
34867
34868
34869
34870
34871
34873
34873
34874
34876
34877
34877
34878
34883
34884
34884
34885
34885
34886
34886
34887
34887
34888
34889
34889
34889
34890
34890
34891
34891
34893
34896
34897
34898
34899
34900
34903
34904
34905
34905
34905
34906
34907
34908
34910
34910
34911
34911
34911
34912
34914
34914
34914
34916
34917
34918
34924
34924
34924
34925
34925
34929
34929
34931
34932
34932
34934
34934
34934
34935
34935
34936
34939
34939
34940
34940
34941
34942
34942
34943
34945
34945
34945
34947
34947
34948
34948
34949
34951
34952
34953
34953
34954
34956
34957
34957
34958
34958
34958
34961
34961
34963
34964
34965
34966
34967
34968
34968
34969
34971
34974
34975
34975
34977
34980
34982
34983
34983
34985
34987
34987
34987
34988
34989
34989
34990
34990
34993
34993
34993
34994
34995
34996
34997
34997
34997
34998
34998
34999
34999
34999
35000
35001
35001
35002
35003
35005
35005
35007
35007
35007
35008
35008
35012
35012
35013
35014
35018
35019
35019
35020
35020
35020
35020
35021
35022
35023
35023
35025
35025
35028
35028
35029
35029
35030
35032
35032
35033
35035
35035
35036
35036
35037
35037
35039
35040
35041
35043
35044
35045
35045
35048
35049
35049
35050
35051
35052
35052
35053
35055
35055
35055
35056
35057
35059
35060
35061
35061
35061
35063
35064
35064
35065
35065
35065
35066
35067
35069
35069
35070
35070
35071
35071
35071
35073
35075
35075
35076
35076
35079
35080
35081
35081
35086
35087
35087
35090
35090
35091
35092
35093
35095
35097
35098
35100
35100
35101
35104
35104
35109
35110
35110
35111
35111
35112
35112
35112
35113
35114
35114
35114
35115
35115
35116
35117
35119
35120
35121
35122
35123
35123
35124
35125
35126
35127
35127
35129
35130
35130
35130
35131
35131
35132
35132
35133
35135
35136
35138
35140
35140
35142
35143
35144
35144
35146
35146
35148
35148
35148
35149
35155
35155
35156
35157
35159
35160
35161
35164
35167
35170
35172
35172
35173
35173
35173
35176
35177
35181
35181
35182
35184
35185
35186
35188
35192
35192
35193
35193
35193
35194
35196
35197
35197
35197
35198
35199
35200
35200
35200
35206
35208
35213
35215
35216
35217
35218
35218
35220
35221
35222
35226
35227
35228
35229
35230
35230
35232
35233
35233
35233
35235
35238
35240
35241
35241
35243
35243
35244
35244
35246
35247
35247
35248
35250
35254
35255
35256
35256
35257
35257
35260
35262
35262
35263
35264
35267
35269
35270
35271
35272
35273
35273
35274
35274
35274
35276
35276
35276
35280
35280
35281
35285
35285
35285
35286
35287
35290
35290
35291
35293
35294
35294
35295
35296
35298
35299
35303
35303
35303
35304
35304
35304
35304
35305
35308
35309
35309
35310
35310
35311
35312
35314
35315
35315
35315
35319
35319
35320
35320
35321
35321
35325
35326
35326
35327
35330
35330
35330
35332
35333
35334
35335
35336
35336
35336
35336
35336
35337
35337
35338
35338
35339
35339
35340
35342
35343
35344
35346
35346
35346
35347
35348
35350
35350
35351
35352
35352
35352
35353
35354
35355
35357
35357
35358
35358
35358
35359
35359
35360
35361
35361
35361
35361
35364
35364
35364
35366
35369
35369
35370
35370
35370
35372
35372
35373
35373
35375
35376
35378
35382
35383
35383
35385
35385
35387
35387
35387
35388
35389
35389
35390
35391
35391
35393
35394
35394
35396
35399
35400
35400
35400
35402
35403
35404
35404
35405
35408
35409
35411
35411
35412
35412
35414
35415
35415
35416
35416
35416
35418
35419
35420
35422
35422
35422
35423
35424
35425
35425
35425
35426
35428
35429
35430
35431
35431
35434
35435
35435
35437
35437
35440
35440
35440
35441
35442
35443
35444
35446
35447
35448
35448
35450
35451
35452
35453
35453
35455
35456
35457
35458
35459
35461
35465
35465
35466
35466
35467
35469
35471
35471
35475
35476
35478
35479
35479
35481
35485
35485
35485
35485
35486
35487
35488
35489
35490
35490
35493
35493
35496
35497
35497
35499
35500
35501
35501
35503
35504
35505
35508
35509
35510
35511
35512
35514
35514
35517
35518
35519
35520
35520
35520
35521
35523
35524
35525
35526
35527
35527
35528
35528
35529
35529
35529
35530
35531
35531
35532
35532
35533
35533
35539
35540
35540
35540
35542
35542
35545
35546
35548
35549
35550
35550
35552
35552
35553
35553
35554
35554
35555
35558
35558
35558
35559
35561
35561
35561
35561
35563
35564
35565
35566
35566
35568
35569
35569
35569
35572
35573
35573
35576
35577
35578
35581
35582
35582
35583
35584
35586
35588
35588
35588
35588
35588
35589
35591
35592
35593
35594
35595
35596
35599
35602
35603
35603
35604
35604
35607
35607
35607
35609
35610
35610
35611
35611
35611
35612
35613
35613
35613
35614
35614
35614
35614
35616
35616
35617
35617
35619
35620
35623
35624
35624
35624
35624
35626
35626
35626
35627
35628
35631
35632
35632
35635
35637
35640
35640
35642
35643
35645
35646
35649
35652
35652
35655
35656
35656
35656
35656
35657
35660
35661
35661
35661
35662
35663
35663
35664
35669
35670
35671
35672
35673
35673
35674
35674
35674
35675
35677
35679
35679
35681
35682
35683
35683
35684
35685
35685
35686
35686
35687
35687
35687
35689
35691
35691
35692
35692
35692
35693
35694
35695
35696
35697
35697
35697
35698
35699
35699
35700
35700
35700
35701
35702
35705
35705
35707
35708
35708
35710
35711
35711
35711
35712
35712
35716
35720
35721
35721
35722
35723
35723
35725
35726
35727
35727
35728
35729
35732
35732
35734
35734
35734
35735
35738
35738
35739
35740
35740
35741
35742
35744
35744
35745
35747
35748
35748
35750
35751
35751
35751
35751
35752
35753
35753
35753
35754
35755
35756
35757
35759
35759
35760
35762
35766
35767
35768
35769
35771
35773
35774
35775
35775
35775
35777
35778
35779
35780
35781
35781
35781
35784
35786
35787
35787
35787
35788
35788
35790
35791
35792
35793
35793
35793
35793
35794
35794
35795
35797
35798
35798
35799
35803
35803
35803
35805
35806
35806
35807
35807
35811
35811
35812
35813
35814
35817
35817
35817
35818
35821
35822
35822
35823
35823
35825
35825
35826
35827
35827
35828
35828
35828
35828
35829
35832
35832
35833
35833
35835
35836
35837
35839
35840
35841
35842
35844
35844
35847
35847
35848
35850
35851
35852
35852
35853
35854
35855
35856
35856
35857
35857
35857
35858
35858
35861
35861
35862
35864
35865
35865
35866
35866
35867
35871
35873
35875
35876
35877
35877
35878
35879
35879
35880
35881
35881
35881
35882
35884
35885
35885
35885
35886
35886
35887
35887
35888
35888
35888
35891
35891
35893
35893
35893
35894
35894
35894
35897
35900
35902
35902
35905
35905
35906
35906
35907
35909
35909
35912
35914
35915
35918
35920
35921
35922
35922
35922
35923
35924
35925
35925
35925
35926
35927
35928
35929
35929
35930
35930
35930
35931
35931
35936
35936
35937
35937
35937
35937
35937
35937
35938
35938
35939
35939
35939
35939
35940
35943
35944
35944
35945
35946
35947
35950
35954
35954
35954
35955
35957
35958
35958
35961
35961
35961
35962
35962
35963
35966
35966
35966
35969
35970
35971
35971
35972
35973
35976
35976
35976
35977
35977
35981
35982
35983
35983
35985
35986
35986
35987
35987
35987
35987
35988
35989
35989
35993
35997
35997
35997
35997
36001
36002
36003
36003
36003
36003
36006
36006
36007
36007
36007
36007
36008
36008
36009
36009
36010
36011
36011
36012
36012
36013
36015
36015
36016
36016
36018
36018
36018
36019
36021
36022
36022
36022
36023
36025
36027
36028
36033
36036
36037
36038
36041
36043
36043
36044
36045
36046
36047
36048
36048
36049
36051
36051
36054
36055
36057
36059
36060
36061
36062
36062
36064
36064
36067
36067
36069
36069
36071
36073
36074
36074
36074
36076
36076
36078
36078
36082
36082
36083
36083
36087
36087
36088
36092
36092
36096
36096
36096
36096
36097
36097
36100
36100
36101
36104
36104
36104
36105
36107
36108
36110
36111
36112
36114
36114
36114
36114
36114
36114
36115
36115
36116
36117
36118
36119
36120
36120
36121
36121
36122
36122
36126
36127
36128
36131
36131
36131
36131
36132
36133
36134
36135
36135
36136
36136
36138
36139
36141
36142
36144
36144
36148
36149
36149
36149
36149
36150
36150
36150
36151
36151
36153
36156
36156
36157
36158
36159
36160
36160
36161
36161
36162
36166
36167
36167
36167
36168
36172
36173
36175
36176
36176
36176
36176
36180
36180
36182
36182
36184
36184
36184
36185
36186
36188
36188
36188
36188
36190
36191
36192
36193
36193
36194
36196
36196
36196
36196
36196
36199
36199
36200
36200
36204
36205
36206
36206
36209
36209
36211
36212
36213
36214
36214
36215
36215
36215
36218
36220
36221
36222
36224
36225
36225
36225
36226
36227
36229
36231
36233
36234
36234
36234
36234
36234
36235
36236
36237
36237
36238
36239
36240
36240
36242
36242
36243
36244
36244
36244
36247
36250
36251
36251
36252
36252
36252
36252
36254
36255
36256
36257
36258
36258
36259
36259
36259
36259
36260
36260
36260
36262
36264
36264
36267
36268
36269
36269
36270
36270
36271
36271
36272
36272
36273
36273
36274
36274
36275
36277
36278
36280
36281
36283
36283
36284
36285
36285
36286
36286
36287
36289
36289
36290
36290
36294
36294
36294
36295
36296
36298
36299
36302
36307
36309
36310
36311
36311
36311
36311
36313
36313
36316
36318
36320
36321
36324
36325
36325
36329
36329
36331
36332
36333
36336
36336
36337
36338
36339
36339
36340
36342
36344
36345
36346
36346
36348
36348
36350
36350
36351
36353
36355
36357
36359
36361
36361
36362
36363
36363
36364
36364
36366
36367
36367
36369
36369
36371
36373
36374
36375
36376
36378
36378
36378
36379
36379
36380
36384
36386
36389
36389
36390
36390
36391
36391
36393
36394
36395
36396
36396
36396
36396
36397
36401
36402
36402
36403
36403
36403
36404
36406
36408
36410
36411
36412
36412
36414
36414
36414
36420
36421
36424
36425
36425
36428
36429
36431
36431
36432
36433
36433
36433
36435
36436
36438
36441
36441
36442
36443
36445
36446
36447
36447
36450
36455
36455
36456
36458
36458
36458
36460
36460
36461
36463
36463
36467
36467
36468
36471
36471
36472
36472
36473
36473
36474
36475
36476
36479
36479
36480
36480
36481
36481
36483
36483
36485
36486
36486
36488
36490
36491
36493
36497
36497
36498
36500
36502
36503
36504
36508
36509
36509
36510
36511
36511
36513
36514
36514
36514
36514
36515
36516
36516
36517
36518
36518
36520
36520
36523
36524
36524
36525
36526
36527
36527
36530
36531
36531
36531
36532
36532
36532
36533
36534
36540
36541
36541
36541
36541
36542
36545
36548
36554
36555
36555
36555
36555
36556
36556
36557
36558
36559
36559
36559
36561
36563
36564
36565
36565
36567
36572
36572
36572
36575
36575
36576
36576
36577
36577
36578
36579
36579
36579
36579
36580
36580
36580
36582
36583
36588
36588
36592
36592
36592
36598
36598
36598
36599
36600
36600
36601
36601
36602
36603
36603
36606
36606
36606
36609
36611
36611
36613
36614
36614
36618
36618
36620
36620
36620
36621
36622
36623
36623
36626
36626
36627
36628
36629
36631
36631
36632
36632
36632
36633
36634
36634
36635
36635
36636
36637
36639
36639
36640
36640
36641
36642
36642
36643
36643
36644
36644
36645
36645
36647
36647
36648
36649
36651
36654
36655
36655
36656
36656
36656
36658
36658
36659
36661
36661
36662
36664
36664
36665
36666
36666
36668
36670
36674
36675
36676
36676
36678
36679
36681
36681
36681
36682
36683
36684
36685
36687
36688
36688
36688
36689
36691
36691
36691
36693
36693
36695
36696
36700
36702
36703
36703
36703
36704
36705
36706
36706
36709
36709
36709
36709
36710
36711
36713
36713
36715
36715
36715
36716
36716
36717
36720
36720
36721
36721
36729
36729
36730
36730
36731
36732
36732
36733
36733
36735
36735
36737
36738
36738
36739
36742
36744
36744
36745
36746
36746
36748
36749
36749
36751
36753
36753
36755
36755
36756
36756
36756
36756
36757
36757
36758
36762
36766
36766
36766
36766
36767
36767
36768
36768
36769
36769
36772
36772
36773
36773
36773
36774
36774
36774
36776
36776
36777
36780
36780
36781
36781
36782
36782
36783
36783
36785
36787
36787
36787
36788
36789
36790
36793
36795
36796
36796
36797
36799
36800
36801
36804
36805
36806
36806
36807
36808
36810
36811
36812
36813
36814
36815
36815
36817
36822
36823
36823
36823
36823
36824
36824
36827
36828
36829
36829
36831
36831
36832
36834
36835
36837
36841
36841
36842
36844
36844
36845
36846
36848
36850
36851
36851
36852
36854
36854
36855
36856
36856
36857
36860
36860
36861
36862
36863
36863
36863
36865
36865
36865
36865
36866
36866
36867
36867
36869
36869
36871
36872
36875
36876
36877
36878
36878
36879
36881
36882
36884
36886
36886
36888
36890
36892
36894
36895
36895
36895
36896
36896
36898
36898
36899
36899
36900
36905
36905
36906
36908
36909
36910
36914
36915
36916
36916
36919
36919
36919
36919
36921
36921
36922
36923
36925
36926
36927
36927
36929
36931
36932
36933
36935
36936
36936
36937
36937
36940
36940
36941
36941
36942
36942
36944
36944
36944
36945
36948
36948
36948
36954
36955
36956
36957
36957
36958
36958
36961
36961
36961
36963
36963
36963
36965
36966
36966
36966
36967
36968
36968
36969
36970
36970
36971
36973
36974
36975
36975
36977
36978
36978
36979
36979
36981
36983
36984
36985
36986
36986
36986
36987
36987
36987
36987
36987
36988
36989
36989
36990
36991
36991
36993
36994
36995
36996
36998
36998
36999
37000
37002
37003
37004
37005
37009
37009
37010
37010
37011
37012
37015
37015
37017
37019
37019
37019
37020
37021
37021
37023
37025
37025
37025
37025
37027
37028
37029
37030
37030
37031
37032
37032
37033
37034
37035
37036
37037
37037
37040
37041
37046
37046
37046
37047
37049
37050
37051
37053
37057
37059
37059
37061
37061
37063
37063
37064
37065
37066
37066
37068
37070
37070
37072
37072
37073
37074
37076
37076
37078
37078
37078
37079
37080
37080
37081
37081
37081
37082
37084
37085
37085
37085
37085
37088
37089
37089
37090
37092
37093
37093
37095
37096
37098
37102
37102
37102
37103
37105
37108
37108
37108
37110
37110
37112
37112
37114
37114
37115
37117
37120
37120
37121
37123
37127
37129
37129
37129
37129
37130
37130
37131
37131
37132
37132
37133
37133
37136
37137
37137
37138
37138
37138
37141
37143
37143
37143
37143
37145
37146
37151
37151
37153
37154
37154
37155
37157
37158
37158
37158
37162
37162
37163
37164
37165
37165
37167
37167
37170
37170
37170
37172
37173
37174
37177
37178
37178
37179
37179
37180
37181
37182
37183
37184
37184
37186
37187
37188
37190
37190
37192
37194
37197
37197
37199
37199
37200
37201
37201
37201
37203
37204
37204
37204
37204
37204
37205
37205
37207
37207
37207
37209
37211
37214
37214
37215
37216
37218
37218
37219
37220
37221
37221
37222
37222
37222
37222
37223
37225
37226
37226
37227
37227
37229
37230
37231
37231
37231
37231
37232
37233
37234
37234
37235
37236
37236
37237
37238
37238
37239
37242
37242
37243
37246
37247
37248
37249
37250
37251
37251
37254
37254
37255
37258
37261
37261
37261
37261
37265
37265
37266
37267
37267
37267
37268
37268
37269
37269
37269
37272
37272
37273
37274
37275
37276
37276
37277
37281
37282
37282
37282
37284
37286
37287
37289
37293
37294
37295
37295
37296
37296
37296
37297
37299
37299
37301
37301
37302
37302
37303
37304
37305
37305
37306
37306
37307
37309
37309
37312
37313
37315
37315
37315
37317
37321
37321
37323
37324
37326
37326
37327
37328
37330
37331
37333
37334
37334
37334
37335
37336
37342
37342
37342
37342
37346
37347
37348
37348
37348
37349
37350
37350
37351
37351
37351
37352
37352
37353
37353
37354
37354
37355
37355
37356
37357
37360
37360
37361
37361
37362
37363
37365
37366
37366
37369
37369
37370
37371
37373
37374
37375
37377
37378
37383
37384
37385
37385
37388
37389
37389
37390
37390
37392
37393
37393
37394
37394
37396
37397
37397
37398
37398
37399
37402
37403
37404
37406
37407
37408
37409
37410
37410
37411
37411
37412
37413
37413
37413
37414
37415
37416
37416
37417
37419
37420
37421
37421
37423
37424
37426
37426
37427
37427
37430
37431
37431
37431
37431
37433
37434
37434
37436
37437
37440
37442
37443
37443
37446
37447
37448
37448
37450
37450
37453
37454
37455
37457
37457
37458
37459
37459
37460
37461
37462
37463
37463
37464
37465
37467
37469
37472
37472
37472
37473
37473
37475
37476
37476
37477
37477
37479
37480
37480
37481
37482
37482
37482
37484
37485
37486
37487
37487
37488
37489
37489
37490
37490
37491
37491
37491
37491
37491
37492
37492
37492
37494
37494
37494
37495
37498
37498
37499
37499
37500
37500
37501
37503
37503
37503
37504
37504
37505
37505
37505
37507
37508
37509
37510
37510
37510
37510
37511
37511
37513
37515
37515
37516
37518
37520
37520
37521
37523
37523
37525
37527
37527
37527
37528
37529
37532
37533
37533
37534
37535
37535
37536
37537
37538
37539
37539
37540
37540
37541
37541
37542
37546
37547
37548
37550
37550
37553
37553
37554
37554
37555
37556
37557
37558
37558
37558
37559
37559
37561
37562
37562
37564
37566
37566
37567
37568
37570
37573
37573
37574
37576
37576
37577
37579
37580
37580
37580
37582
37583
37584
37584
37586
37586
37587
37588
37589
37590
37590
37591
37591
37592
37593
37596
37596
37596
37598
37598
37599
37599
37600
37600
37601
37602
37605
37607
37607
37609
37610
37613
37613
37613
37617
37618
37618
37619
37620
37621
37624
37626
37626
37628
37628
37628
37629
37630
37630
37632
37633
37634
37635
37635
37635
37635
37636
37636
37636
37639
37639
37640
37641
37641
37641
37641
37642
37643
37643
37647
37649
37650
37651
37651
37653
37653
37654
37654
37654
37656
37657
37660
37660
37661
37661
37662
37663
37666
37666
37666
37667
37668
37669
37671
37672
37673
37676
37677
37681
37681
37682
37683
37684
37684
37684
37687
37687
37689
37689
37690
37690
37691
37692
37693
37693
37694
37695
37695
37695
37696
37696
37698
37699
37700
37700
37700
37701
37702
37702
37704
37704
37706
37706
37707
37707
37707
37707
37708
37709
37711
37712
37712
37712
37713
37713
37714
37716
37719
37719
37721
37722
37724
37725
37725
37726
37726
37728
37728
37728
37729
37729
37732
37732
37732
37732
37733
37733
37735
37738
37740
37740
37740
37742
37743
37744
37746
37746
37746
37746
37747
37747
37747
37749
37749
37749
37749
37750
37752
37755
37756
37757
37758
37761
37761
37762
37763
37765
37768
37768
37770
37772
37774
37776
37776
37777
37778
37779
37779
37779
37780
37780
37780
37780
37781
37784
37786
37788
37789
37791
37791
37795
37796
37796
37799
37799
37800
37801
37801
37803
37803
37806
37806
37807
37809
37809
37809
37809
37815
37815
37815
37816
37819
37820
37821
37822
37822
37824
37825
37827
37827
37828
37829
37830
37830
37830
37831
37832
37832
37837
37838
37839
37840
37840
37842
37843
37843
37844
37845
37845
37847
37847
37849
37850
37851
37853
37855
37856
37860
37861
37863
37864
37865
37866
37867
37870
37870
37870
37871
37871
37872
37873
37873
37874
37874
37876
37878
37880
37881
37882
37882
37882
37883
37886
37890
37891
37892
37896
37896
37897
37898
37898
37900
37900
37902
37903
37903
37903
37905
37907
37908
37909
37910
37914
37914
37916
37916
37918
37918
37919
37920
37921
37923
37926
37927
37928
37929
37929
37930
37930
37930
37930
37930
37931
37931
37932
37932
37933
37933
37934
37934
37937
37937
37937
37938
37939
37939
37940
37940
37941
37943
37943
37943
37944
37946
37946
37946
37949
37949
37949
37953
37953
37953
37954
37958
37958
37960
37960
37962
37963
37964
37967
37967
37968
37969
37969
37970
37970
37971
37971
37973
37974
37975
37976
37981
37982
37982
37983
37983
37986
37988
37990
37991
37993
37993
37994
37995
37995
37996
37996
37996
37998
38000
38000
38001
38004
38005
38007
38007
38008
38010
38010
38013
38014
38014
38015
38015
38016
38018
38018
38019
38020
38021
38021
38022
38023
38023
38025
38025
38026
38027
38027
38027
38028
38028
38029
38032
38034
38034
38034
38035
38036
38037
38038
38041
38041
38042
38042
38043
38043
38044
38044
38045
38045
38045
38045
38045
38046
38046
38049
38051
38054
38056
38057
38057
38059
38059
38059
38061
38061
38062
38062
38062
38065
38066
38069
38069
38070
38071
38071
38072
38072
38073
38074
38075
38076
38076
38076
38077
38077
38079
38079
38079
38081
38081
38083
38085
38086
38087
38089
38091
38092
38093
38094
38095
38096
38097
38097
38098
38098
38101
38101
38102
38103
38103
38109
38110
38111
38113
38113
38113
38113
38114
38115
38116
38116
38117
38120
38121
38124
38125
38127
38128
38128
38130
38131
38134
38134
38134
38137
38138
38139
38139
38139
38141
38143
38144
38144
38145
38146
38147
38149
38150
38151
38151
38151
38152
38152
38153
38155
38155
38155
38158
38158
38163
38166
38166
38167
38167
38168
38168
38168
38168
38169
38169
38169
38170
38171
38173
38174
38174
38175
38176
38176
38177
38177
38177
38179
38180
38181
38182
38185
38185
38186
38188
38189
38191
38192
38192
38193
38194
38195
38195
38195
38196
38196
38197
38199
38199
38199
38200
38201
38202
38204
38206
38206
38207
38207
38208
38210
38212
38215
38217
38217
38217
38217
38218
38219
38219
38220
38222
38222
38224
38224
38224
38224
38224
38225
38226
38226
38227
38227
38227
38228
38230
38233
38234
38234
38234
38235
38236
38238
38238
38238
38238
38239
38239
38240
38241
38242
38243
38243
38243
38245
38246
38250
38251
38251
38253
38253
38255
38255
38257
38257
38257
38258
38258
38261
38262
38268
38268
38269
38269
38270
38270
38271
38271
38272
38272
38273
38274
38277
38277
38278
38278
38279
38279
38280
38281
38281
38283
38283
38284
38288
38288
38290
38292
38295
38295
38296
38298
38298
38301
38301
38301
38302
38302
38303
38304
38309
38310
38310
38310
38311
38313
38314
38316
38317
38319
38320
38320
38324
38327
38327
38328
38329
38329
38330
38331
38331
38332
38333
38333
38333
38334
38336
38336
38336
38337
38338
38338
38339
38339
38341
38343
38344
38345
38345
38346
38348
38349
38351
38352
38352
38353
38354
38355
38355
38356
38356
38358
38358
38359
38367
38367
38368
38369
38371
38371
38373
38376
38378
38378
38381
38383
38384
38384
38385
38388
38389
38390
38391
38400
38400
38401
38402
38405
38407
38408
38408
38410
38412
38414
38415
38415
38417
38418
38418
38419
38419
38420
38421
38422
38423
38428
38430
38430
38432
38433
38435
38439
38440
38441
38442
38444
38444
38444
38444
38444
38445
38447
38450
38451
38451
38451
38454
38454
38455
38460
38460
38463
38465
38467
38467
38469
38470
38472
38478
38479
38480
38481
38481
38481
38482
38482
38483
38483
38483
38486
38487
38489
38489
38490
38490
38492
38492
38493
38494
38495
38496
38496
38497
38499
38499
38500
38500
38501
38502
38504
38505
38505
38509
38510
38512
38512
38512
38512
38514
38515
38516
38518
38519
38519
38520
38521
38521
38523
38523
38524
38524
38527
38527
38529
38529
38529
38530
38530
38531
38531
38532
38533
38537
38537
38538
38540
38540
38540
38541
38544
38544
38545
38545
38546
38547
38548
38548
38549
38549
38550
38551
38551
38552
38552
38553
38553
38554
38555
38555
38557
38557
38560
38563
38564
38565
38565
38568
38570
38571
38572
38573
38574
38576
38577
38578
38579
38580
38581
38585
38587
38588
38588
38589
38590
38590
38591
38591
38594
38597
38597
38598
38598
38599
38601
38601
38602
38604
38605
38606
38607
38609
38609
38610
38610
38611
38611
38611
38612
38614
38614
38615
38615
38615
38616
38616
38617
38618
38618
38620
38620
38620
38620
38620
38620
38621
38621
38622
38623
38624
38626
38629
38630
38632
38633
38634
38635
38635
38636
38636
38638
38640
38641
38641
38642
38642
38644
38646
38646
38647
38648
38649
38649
38650
38650
38650
38651
38652
38655
38655
38659
38659
38659
38661
38661
38661
38663
38663
38664
38665
38665
38668
38669
38669
38669
38671
38672
38673
38673
38674
38675
38675
38675
38676
38681
38681
38681
38682
38683
38683
38687
38688
38688
38689
38690
38692
38692
38695
38695
38696
38696
38697
38698
38700
38700
38702
38704
38706
38707
38707
38709
38711
38711
38711
38711
38711
38712
38713
38714
38716
38720
38720
38721
38722
38722
38724
38724
38725
38725
38725
38726
38726
38727
38727
38728
38729
38732
38732
38733
38735
38735
38736
38737
38738
38738
38738
38740
38740
38741
38743
38744
38744
38744
38748
38749
38750
38753
38753
38754
38754
38755
38756
38756
38756
38757
38759
38763
38765
38769
38771
38771
38772
38772
38772
38773
38774
38774
38774
38774
38777
38777
38778
38780
38781
38782
38785
38785
38788
38788
38789
38790
38793
38794
38795
38797
38799
38799
38799
38800
38801
38801
38801
38802
38802
38803
38804
38807
38807
38808
38811
38814
38815
38815
38816
38820
38821
38822
38823
38823
38823
38823
38824
38824
38825
38825
38826
38828
38828
38828
38829
38830
38835
38837
38839
38839
38839
38840
38841
38841
38842
38842
38843
38843
38847
38849
38851
38851
38851
38853
38854
38855
38855
38856
38857
38858
38859
38860
38861
38861
38863
38865
38865
38867
38868
38870
38871
38871
38872
38873
38878
38878
38880
38881
38882
38882
38887
38888
38888
38888
38891
38891
38896
38896
38897
38900
38900
38900
38901
38901
38901
38901
38902
38902
38902
38903
38903
38903
38905
38909
38914
38915
38915
38916
38916
38916
38916
38917
38917
38917
38919
38920
38926
38927
38930
38931
38933
38935
38936
38937
38937
38937
38938
38940
38940
38941
38941
38941
38943
38944
38944
38944
38945
38945
38948
38949
38950
38951
38951
38952
38953
38954
38956
38958
38960
38961
38962
38962
38963
38964
38964
38964
38965
38967
38969
38970
38973
38974
38975
38975
38976
38976
38977
38978
38978
38979
38979
38979
38980
38984
38988
38991
38992
38993
38993
38994
38994
38995
38998
39000
39001
39002
39002
39002
39003
39004
39005
39006
39006
39007
39008
39008
39010
39010
39010
39011
39011
39012
39012
39012
39015
39016
39017
39017
39018
39019
39021
39021
39021
39022
39024
39025
39025
39025
39026
39026
39027
39028
39029
39030
39032
39033
39033
39034
39035
39035
39035
39035
39036
39037
39038
39039
39040
39040
39041
39043
39044
39045
39045
39047
39049
39050
39050
39051
39051
39053
39055
39056
39060
39060
39060
39060
39061
39062
39063
39064
39064
39066
39069
39070
39070
39071
39072
39073
39073
39074
39077
39080
39080
39081
39082
39083
39084
39085
39086
39086
39086
39087
39088
39089
39090
39091
39091
39092
39094
39095
39096
39097
39098
39098
39102
39102
39102
39102
39103
39104
39106
39106
39106
39107
39109
39111
39111
39112
39113
39114
39114
39115
39117
39119
39120
39121
39121
39122
39122
39123
39123
39124
39124
39125
39126
39127
39127
39127
39128
39131
39135
39136
39136
39138
39139
39140
39141
39141
39142
39143
39144
39149
39151
39151
39154
39154
39154
39155
39156
39159
39159
39159
39160
39160
39162
39165
39166
39166
39167
39167
39167
39168
39169
39170
39171
39172
39173
39174
39177
39177
39178
39179
39179
39180
39180
39181
39182
39183
39183
39184
39184
39186
39187
39188
39189
39190
39190
39192
39192
39192
39195
39199
39201
39202
39204
39204
39205
39206
39207
39208
39208
39208
39209
39210
39211
39212
39214
39214
39215
39216
39216
39216
39216
39217
39219
39220
39220
39221
39221
39221
39221
39222
39223
39223
39224
39224
39225
39227
39228
39229
39230
39231
39236
39236
39237
39237
39238
39243
39243
39245
39246
39246
39246
39249
39249
39250
39251
39251
39255
39256
39256
39256
39258
39259
39260
39260
39262
39265
39265
39265
39266
39266
39270
39271
39271
39272
39276
39280
39280
39281
39281
39284
39285
39285
39286
39287
39288
39289
39292
39294
39295
39296
39297
39299
39301
39302
39303
39303
39305
39305
39307
39308
39309
39310
39311
39314
39314
39315
39316
39316
39317
39317
39318
39319
39319
39320
39321
39323
39323
39326
39326
39327
39327
39328
39328
39332
39332
39333
39334
39336
39337
39338
39338
39338
39339
39339
39340
39340
39342
39342
39344
39345
39345
39347
39347
39348
39350
39350
39351
39353
39353
39354
39355
39356
39357
39358
39359
39361
39363
39363
39363
39365
39366
39367
39370
39370
39371
39371
39372
39373
39374
39375
39378
39380
39381
39381
39384
39387
39388
39388
39388
39389
39390
39391
39392
39393
39393
39396
39396
39397
39399
39400
39400
39401
39402
39404
39405
39406
39408
39408
39409
39410
39412
39412
39414
39415
39416
39416
39418
39419
39419
39421
39423
39423
39423
39425
39425
39425
39425
39429
39430
39433
39434
39434
39436
39436
39437
39439
39439
39440
39440
39440
39441
39443
39445
39446
39448
39448
39450
39450
39450
39454
39455
39455
39455
39456
39456
39457
39457
39458
39458
39459
39459
39460
39460
39461
39462
39464
39466
39467
39467
39468
39468
39470
39473
39473
39475
39478
39478
39479
39479
39480
39480
39480
39482
39483
39484
39484
39487
39487
39487
39488
39488
39489
39489
39489
39491
39494
39495
39496
39496
39496
39497
39497
39498
39499
39499
39500
39501
39504
39504
39505
39506
39507
39509
39511
39512
39512
39512
39513
39513
39516
39519
39519
39521
39521
39523
39523
39524
39526
39526
39527
39528
39529
39529
39529
39529
39531
39532
39532
39533
39535
39537
39537
39539
39541
39543
39545
39549
39550
39550
39551
39552
39552
39554
39556
39558
39559
39559
39560
39560
39562
39563
39564
39564
39564
39566
39568
39569
39569
39570
39570
39570
39571
39572
39573
39576
39576
39578
39580
39581
39583
39583
39585
39586
39588
39589
39589
39592
39592
39593
39593
39594
39595
39597
39598
39598
39598
39601
39601
39602
39603
39603
39605
39611
39612
39613
39613
39613
39617
39618
39620
39623
39623
39625
39625
39625
39626
39627
39627
39628
39628
39631
39631
39631
39632
39634
39635
39636
39637
39638
39641
39642
39642
39642
39646
39647
39648
39649
39653
39653
39653
39654
39655
39655
39655
39657
39660
39661
39661
39662
39662
39663
39664
39665
39666
39667
39668
39672
39673
39676
39676
39678
39678
39679
39680
39682
39682
39683
39683
39684
39685
39686
39686
39686
39686
39687
39687
39687
39689
39690
39692
39692
39695
39696
39698
39698
39699
39700
39701
39701
39702
39703
39704
39706
39706
39707
39708
39708
39709
39709
39711
39712
39713
39715
39715
39716
39718
39718
39719
39719
39720
39721
39721
39722
39723
39724
39724
39726
39727
39729
39729
39731
39731
39731
39732
39732
39734
39738
39740
39741
39741
39745
39745
39746
39746
39746
39749
39750
39750
39755
39755
39756
39757
39757
39757
39758
39759
39760
39761
39762
39762
39763
39763
39763
39765
39766
39766
39766
39767
39769
39770
39770
39770
39772
39772
39776
39776
39777
39778
39779
39779
39779
39779
39780
39780
39781
39783
39784
39789
39792
39792
39793
39796
39799
39799
39800
39801
39801
39803
39804
39806
39806
39807
39808
39809
39809
39810
39810
39812
39812
39815
39816
39817
39822
39822
39824
39824
39826
39827
39828
39828
39828
39830
39832
39833
39833
39834
39836
39837
39838
39840
39841
39842
39843
39844
39844
39846
39847
39848
39849
39849
39851
39854
39855
39855
39856
39857
39857
39860
39862
39862
39863
39865
39866
39867
39871
39871
39873
39873
39873
39874
39874
39874
39876
39878
39879
39880
39880
39882
39882
39885
39886
39887
39888
39889
39890
39892
39893
39894
39895
39897
39898
39899
39899
39901
39902
39906
39908
39908
39908
39912
39912
39913
39914
39915
39916
39919
39919
39920
39920
39921
39921
39921
39924
39925
39926
39927
39927
39927
39928
39930
39930
39931
39931
39932
39932
39934
39934
39935
39935
39936
39937
39937
39938
39944
39945
39946
39946
39947
39948
39950
39950
39950
39951
39952
39952
39954
39957
39959
39959
39959
39961
39961
39963
39966
39966
39969
39969
39970
39971
39972
39973
39973
39973
39974
39975
39976
39977
39979
39979
39980
39981
39984
39985
39985
39986
39987
39988
39989
39989
39990
39990
39991
39991
39994
39994
39994
39994
39994
39995
39998
39999
39999
39999
40001
40003
40005
40005
40007
40007
40008
40009
40009
40010
40012
40013
40013
40014
40018
40018
40020
40021
40021
40022
40022
40024
40025
40025
40027
40028
40028
40029
40030
40030
40031
40034
40035
40035
40036
40036
40037
40037
40037
40038
40038
40041
40041
40042
40042
40043
40045
40046
40046
40047
40048
40050
40051
40054
40057
40059
40060
40060
40061
40061
40062
40062
40063
40063
40064
40065
40066
40068
40068
40068
40069
40070
40072
40073
40074
40074
40075
40075
40075
40076
40081
40082
40084
40085
40086
40086
40086
40087
40089
40091
40092
40093
40093
40093
40093
40096
40096
40096
40097
40098
40102
40107
40108
40108
40108
40110
40111
40112
40113
40114
40115
40117
40121
40122
40123
40124
40127
40127
40127
40128
40129
40129
40130
40131
40133
40133
40133
40134
40140
40140
40140
40141
40142
40143
40143
40145
40147
40149
40149
40153
40153
40153
40155
40155
40157
40157
40157
40157
40158
40159
40159
40160
40160
40161
40161
40161
40162
40162
40163
40163
40164
40165
40166
40166
40167
40167
40167
40169
40171
40171
40172
40172
40174
40175
40176
40177
40177
40178
40180
40180
40184
40185
40187
40188
40188
40190
40195
40196
40197
40199
40201
40204
40205
40207
40210
40212
40215
40216
40216
40217
40218
40220
40220
40221
40223
40224
40228
40231
40234
40236
40236
40236
40236
40237
40237
40239
40239
40239
40241
40242
40242
40243
40243
40244
40246
40248
40248
40248
40250
40251
40252
40252
40254
40254
40256
40257
40259
40259
40259
40260
40262
40262
40263
40263
40264
40264
40265
40266
40266
40266
40266
40267
40267
40267
40268
40268
40269
40269
40271
40274
40276
40278
40281
40282
40283
40284
40285
40287
40287
40288
40288
40291
40291
40291
40291
40292
40295
40295
40295
40297
40299
40299
40299
40299
40299
40300
40300
40301
40302
40302
40305
40306
40306
40309
40310
40312
40314
40314
40315
40315
40315
40317
40319
40321
40323
40326
40326
40328
40330
40330
40330
40331
40331
40332
40332
40332
40333
40333
40333
40334
40334
40334
40334
40335
40336
40336
40339
40339
40340
40341
40342
40343
40344
40344
40344
40344
40345
40346
40347
40348
40348
40349
40350
40351
40352
40353
40354
40354
40356
40357
40357
40358
40360
40360
40362
40365
40366
40369
40370
40370
40370
40371
40371
40372
40373
40373
40373
40373
40375
40377
40378
40383
40386
40386
40393
40393
40394
40394
40394
40395
40396
40397
40397
40400
40401
40405
40406
40406
40406
40407
40409
40410
40411
40413
40413
40414
40414
40415
40415
40415
40417
40417
40418
40421
40422
40422
40423
40424
40424
40425
40426
40427
40427
40429
40430
40430
40431
40432
40433
40433
40435
40435
40437
40439
40439
40441
40442
40442
40443
40443
40443
40445
40445
40450
40450
40450
40453
40453
40453
40453
40455
40456
40457
40457
40458
40459
40459
40460
40461
40462
40462
40463
40466
40466
40471
40472
40475
40476
40477
40477
40477
40479
40480
40482
40484
40485
40487
40490
40491
40494
40497
40499
40503
40504
40505
40506
40508
40509
40510
40512
40513
40513
40516
40517
40517
40519
40519
40519
40520
40521
40522
40523
40524
40524
40524
40525
40526
40527
40528
40530
40532
40532
40535
40535
40536
40536
40537
40537
40537
40538
40538
40539
40540
40541
40543
40545
40548
40549
40549
40551
40551
40552
40552
40554
40556
40556
40557
40559
40561
40561
40562
40563
40564
40564
40567
40569
40570
40571
40573
40574
40574
40575
40575
40576
40577
40581
40584
40584
40584
40584
40586
40587
40588
40590
40590
40591
40591
40591
40592
40593
40595
40596
40597
40598
40600
40600
40601
40602
40603
40606
40607
40607
40609
40610
40610
40610
40612
40613
40613
40613
40614
40615
40619
40619
40619
40620
40621
40622
40623
40623
40624
40626
40627
40627
40629
40629
40630
40631
40631
40632
40633
40633
40636
40637
40638
40639
40639
40639
40640
40641
40643
40644
40644
40644
40645
40645
40645
40646
40646
40647
40648
40649
40649
40650
40652
40652
40653
40653
40653
40654
40658
40660
40662
40662
40663
40663
40664
40664
40668
40670
40674
40676
40678
40681
40682
40682
40684
40684
40685
40685
40686
40686
40688
40688
40689
40689
40690
40690
40692
40693
40695
40696
40698
40698
40698
40700
40701
40701
40703
40703
40704
40705
40705
40706
40707
40708
40709
40709
40710
40710
40710
40712
40713
40713
40713
40714
40714
40714
40716
40716
40717
40718
40720
40722
40722
40727
40728
40728
40730
40730
40730
40732
40733
40736
40736
40737
40738
40738
40741
40741
40742
40743
40744
40744
40746
40749
40750
40751
40752
40752
40753
40754
40754
40755
40755
40761
40763
40763
40765
40765
40766
40766
40768
40769
40770
40770
40770
40774
40774
40775
40777
40777
40777
40778
40778
40779
40780
40781
40781
40783
40783
40783
40783
40784
40784
40786
40787
40787
40790
40791
40791
40794
40796
40798
40800
40800
40805
40806
40806
40806
40807
40807
40807
40810
40811
40812
40814
40815
40815
40817
40818
40820
40820
40823
40825
40825
40826
40827
40827
40827
40830
40830
40831
40831
40831
40833
40834
40834
40835
40837
40838
40840
40841
40842
40847
40850
40850
40851
40852
40852
40853
40855
40855
40855
40856
40856
40858
40863
40863
40864
40865
40865
40866
40867
40869
40872
40873
40879
40881
40882
40883
40886
40890
40895
40896
40897
40898
40900
40900
40900
40901
40901
40902
40903
40904
40904
40905
40906
40907
40908
40909
40912
40913
40913
40914
40914
40915
40915
40916
40917
40918
40920
40921
40923
40925
40927
40927
40927
40928
40931
40931
40932
40934
40935
40935
40935
40939
40940
40940
40941
40941
40942
40942
40942
40942
40943
40944
40944
40946
40946
40947
40950
40950
40951
40952
40953
40953
40953
40954
40955
40955
40956
40956
40956
40957
40957
40957
40957
40959
40960
40961
40961
40964
40964
40966
40969
40969
40972
40972
40974
40974
40975
40976
40976
40977
40977
40980
40982
40982
40983
40983
40985
40988
40989
40990
40990
40990
40990
40992
40994
40997
40997
40997
40998
41001
41002
41002
41003
41004
41004
41004
41004
41006
41006
41006
41007
41007
41009
41009
41010
41010
41010
41010
41012
41013
41016
41016
41016
41016
41017
41017
41019
41020
41021
41021
41024
41026
41027
41028
41029
41029
41030
41031
41033
41034
41036
41038
41038
41040
41041
41041
41042
41043
41043
41044
41044
41044
41046
41052
41057
41058
41059
41060
41062
41062
41062
41063
41066
41067
41067
41068
41068
41069
41070
41071
41072
41072
41073
41073
41076
41076
41077
41080
41081
41081
41082
41082
41083
41084
41084
41084
41085
41087
41087
41088
41089
41091
41091
41092
41093
41094
41094
41095
41095
41096
41096
41098
41099
41099
41100
41100
41101
41104
41104
41105
41105
41105
41105
41107
41108
41108
41110
41110
41111
41111
41112
41114
41115
41116
41116
41116
41119
41120
41120
41123
41123
41125
41125
41126
41127
41128
41129
41129
41131
41134
41134
41134
41135
41138
41139
41140
41140
41141
41142
41143
41144
41144
41147
41148
41149
41149
41149
41150
41151
41156
41159
41161
41161
41162
41164
41170
41171
41171
41171
41172
41173
41175
41175
41177
41178
41179
41180
41181
41184
41186
41186
41187
41189
41190
41191
41193
41193
41194
41195
41196
41197
41198
41199
41200
41200
41201
41201
41201
41202
41203
41203
41203
41204
41206
41207
41208
41208
41209
41213
41213
41213
41214
41215
41217
41218
41218
41219
41219
41221
41222
41223
41224
41225
41225
41226
41227
41228
41228
41228
41230
41230
41230
41232
41233
41235
41238
41238
41239
41239
41243
41243
41243
41245
41248
41251
41252
41254
41254
41254
41255
41256
41256
41256
41256
41258
41258
41259
41259
41260
41260
41262
41263
41265
41265
41266
41267
41267
41269
41270
41271
41272
41274
41276
41277
41280
41281
41282
41288
41289
41291
41291
41292
41293
41293
41295
41295
41299
41300
41300
41301
41301
41303
41306
41306
41307
41308
41309
41310
41310
41311
41312
41312
41313
41313
41316
41316
41316
41319
41322
41325
41326
41327
41327
41328
41331
41332
41332
41332
41333
41333
41333
41335
41335
41336
41336
41336
41336
41340
41341
41343
41343
41344
41347
41347
41347
41350
41350
41352
41352
41355
41355
41357
41358
41362
41363
41364
41364
41365
41366
41367
41367
41368
41368
41369
41370
41370
41372
41374
41374
41375
41378
41381
41382
41382
41383
41385
41385
41387
41388
41390
41392
41393
41393
41394
41399
41400
41400
41401
41402
41406
41406
41407
41407
41409
41409
41409
41409
41409
41410
41411
41412
41412
41413
41415
41417
41418
41419
41421
41421
41422
41424
41424
41427
41428
41428
41428
41430
41430
41431
41433
41437
41438
41439
41440
41440
41441
41441
41442
41442
41445
41447
41447
41448
41449
41449
41451
41451
41451
41451
41455
41456
41458
41458
41458
41459
41462
41464
41464
41468
41468
41469
41470
41470
41473
41478
41478
41480
41480
41481
41482
41484
41484
41484
41485
41485
41486
41486
41487
41487
41490
41491
41491
41491
41492
41492
41495
41495
41498
41499
41501
41506
41506
41506
41506
41510
41512
41519
41521
41521
41522
41522
41523
41523
41524
41524
41525
41526
41527
41528
41529
41529
41530
41530
41532
41532
41532
41533
41533
41534
41534
41535
41537
41537
41538
41539
41542
41542
41542
41545
41546
41550
41550
41552
41553
41554
41554
41554
41555
41555
41556
41558
41558
41558
41559
41561
41562
41562
41563
41563
41564
41564
41565
41566
41567
41567
41567
41567
41568
41568
41568
41570
41570
41571
41571
41572
41573
41574
41574
41575
41576
41576
41577
41577
41578
41578
41581
41581
41583
41584
41584
41585
41587
41587
41587
41588
41589
41591
41592
41593
41595
41597
41599
41600
41600
41601
41602
41604
41605
41605
41609
41612
41612
41613
41613
41614
41617
41617
41618
41620
41620
41621
41623
41625
41626
41628
41630
41631
41633
41637
41637
41638
41638
41638
41640
41641
41641
41642
41644
41645
41647
41647
41647
41649
41650
41650
41651
41652
41654
41655
41655
41655
41657
41658
41658
41659
41661
41662
41664
41667
41669
41669
41669
41672
41672
41673
41673
41673
41674
41674
41674
41674
41675
41677
41678
41680
41682
41682
41682
41683
41683
41683
41684
41685
41685
41686
41687
41688
41689
41689
41690
41690
41690
41691
41691
41692
41692
41692
41694
41694
41695
41697
41697
41698
41698
41699
41699
41700
41702
41702
41703
41705
41705
41706
41706
41706
41709
41710
41710
41710
41710
41712
41712
41713
41714
41716
41722
41723
41726
41726
41729
41730
41730
41731
41731
41731
41732
41734
41735
41736
41736
41736
41738
41738
41739
41739
41740
41740
41741
41741
41742
41744
41744
41745
41746
41748
41748
41749
41751
41751
41752
41754
41756
41756
41757
41757
41758
41758
41762
41762
41763
41765
41766
41766
41767
41770
41771
41771
41774
41774
41777
41777
41777
41782
41783
41784
41784
41786
41789
41790
41790
41792
41794
41795
41801
41802
41802
41803
41803
41804
41805
41805
41805
41807
41807
41809
41811
41813
41816
41817
41818
41819
41819
41819
41822
41822
41824
41824
41824
41826
41826
41827
41827
41827
41828
41830
41836
41838
41838
41839
41840
41845
41845
41846
41846
41847
41849
41850
41850
41851
41852
41852
41854
41855
41857
41858
41859
41861
41862
41864
41864
41866
41867
41868
41870
41871
41871
41873
41873
41874
41874
41875
41876
41877
41877
41877
41879
41879
41880
41881
41882
41883
41884
41885
41885
41887
41888
41889
41890
41894
41898
41898
41898
41899
41900
41902
41902
41902
41903
41903
41904
41904
41908
41909
41910
41910
41910
41913
41913
41913
41913
41915
41915
41917
41918
41919
41920
41920
41920
41922
41922
41923
41924
41925
41926
41926
41928
41928
41929
41930
41930
41931
41932
41932
41932
41933
41933
41936
41936
41937
41937
41941
41941
41945
41945
41947
41948
41949
41950
41950
41951
41951
41951
41952
41954
41955
41956
41956
41958
41958
41960
41960
41961
41962
41965
41967
41967
41969
41969
41970
41975
41976
41976
41978
41978
41981
41981
41982
41983
41983
41986
41988
41989
41989
41990
41991
41992
41992
41993
41994
41995
41997
42000
42001
42005
42005
42006
42007
42008
42008
42010
42013
42015
42017
42019
42019
42019
42019
42021
42022
42022
42023
42025
42028
42028
42029
42031
42031
42031
42033
42035
42035
42037
42038
42042
42043
42045
42047
42049
42049
42050
42050
42051
42053
42057
42059
42062
42062
42063
42065
42066
42066
42067
42067
42068
42069
42070
42072
42074
42074
42075
42075
42076
42076
42078
42078
42080
42080
42081
42082
42085
42085
42089
42090
42090
42093
42095
42095
42097
42100
42101
42103
42104
42104
42104
42105
42105
42106
42106
42108
42108
42109
42110
42110
42111
42111
42112
42113
42114
42114
42115
42115
42118
42119
42120
42120
42123
42124
42127
42127
42134
42134
42137
42139
42139
42140
42141
42143
42144
42145
42147
42148
42149
42151
42152
42154
42155
42157
42158
42159
42160
42161
42163
42163
42163
42163
42163
42164
42165
42167
42167
42167
42168
42170
42171
42172
42172
42174
42176
42176
42178
42178
42180
42180
42181
42181
42182
42183
42184
42186
42188
42189
42193
42193
42193
42194
42195
42196
42197
42197
42197
42198
42200
42202
42202
42202
42203
42204
42204
42204
42205
42210
42211
42211
42212
42213
42214
42215
42215
42216
42216
42217
42217
42218
42218
42219
42220
42220
42223
42223
42223
42226
42226
42226
42227
42227
42227
42228
42229
42230
42231
42231
42233
42234
42234
42235
42236
42237
42237
42238
42240
42241
42241
42242
42243
42244
42244
42246
42246
42246
42249
42250
42250
42253
42253
42253
42259
42259
42260
42261
42262
42263
42263
42265
42267
42270
42271
42271
42272
42273
42274
42275
42277
42278
42279
42279
42280
42281
42283
42283
42283
42287
42287
42288
42291
42291
42292
42293
42294
42294
42295
42295
42298
42299
42300
42300
42301
42301
42302
42302
42302
42304
42304
42305
42308
42309
42309
42311
42311
42312
42313
42313
42313
42314
42317
42317
42319
42319
42320
42323
42325
42326
42327
42328
42329
42330
42330
42330
42332
42334
42334
42335
42337
42337
42338
42340
42341
42345
42346
42347
42347
42347
42348
42349
42350
42350
42351
42355
42356
42356
42356
42356
42356
42357
42357
42357
42358
42359
42360
42362
42367
42369
42371
42372
42372
42373
42375
42377
42379
42380
42381
42384
42387
42388
42388
42389
42390
42391
42391
42392
42392
42394
42396
42398
42398
42399
42400
42401
42401
42401
42402
42403
42403
42404
42405
42406
42406
42407
42408
42409
42411
42412
42412
42413
42413
42414
42414
42414
42415
42415
42417
42417
42418
42418
42420
42420
42421
42423
42424
42425
42427
42427
42429
42431
42431
42433
42433
42433
42438
42439
42441
42441
42441
42442
42443
42444
42444
42444
42445
42445
42445
42448
42448
42448
42449
42450
42450
42451
42452
42454
42457
42458
42458
42461
42461
42463
42464
42469
42469
42473
42473
42475
42475
42476
42477
42478
42480
42483
42485
42485
42485
42485
42486
42488
42489
42489
42491
42492
42493
42497
42497
42497
42497
42498
42499
42501
42501
42504
42505
42505
42505
42505
42507
42507
42507
42508
42510
42511
42512
42513
42514
42515
42516
42518
42519
42521
42522
42523
42524
42525
42526
42527
42529
42529
42529
42530
42531
42531
42532
42532
42533
42535
42538
42538
42538
42539
42539
42539
42540
42545
42546
42546
42547
42548
42551
42552
42553
42553
42554
42554
42555
42558
42559
42559
42561
42562
42564
42565
42565
42566
42568
42570
42572
42573
42575
42575
42577
42577
42579
42579
42580
42581
42581
42581
42586
42589
42589
42589
42594
42594
42595
42595
42596
42599
42600
42602
42603
42603
42604
42605
42605
42608
42609
42610
42610
42611
42611
42611
42612
42613
42618
42619
42619
42621
42622
42623
42625
42625
42625
42626
42627
42628
42628
42629
42632
42632
42633
42633
42634
42636
42636
42637
42638
42638
42640
42641
42644
42645
42645
42646
42646
42646
42647
42648
42648
42650
42650
42651
42651
42656
42658
42659
42661
42662
42666
42666
42667
42668
42668
42668
42670
42670
42672
42673
42673
42673
42673
42674
42675
42677
42679
42679
42681
42683
42684
42684
42688
42688
42688
42689
42690
42690
42692
42693
42694
42694
42696
42696
42697
42698
42699
42700
42700
42701
42703
42704
42706
42707
42707
42707
42707
42707
42708
42709
42709
42709
42712
42713
42716
42716
42718
42718
42719
42719
42719
42720
42725
42725
42725
42726
42729
42729
42730
42732
42734
42734
42734
42736
42738
42740
42741
42741
42741
42741
42742
42742
42742
42743
42743
42743
42744
42744
42746
42747
42749
42749
42750
42750
42753
42753
42753
42753
42754
42754
42755
42755
42758
42761
42762
42762
42768
42768
42770
42770
42773
42773
42777
42778
42778
42778
42779
42779
42780
42780
42780
42781
42781
42782
42783
42783
42783
42784
42785
42786
42787
42791
42794
42794
42796
42797
42797
42799
42800
42800
42801
42802
42803
42804
42804
42804
42808
42808
42809
42810
42810
42812
42812
42812
42814
42814
42815
42816
42819
42820
42821
42825
42825
42827
42827
42829
42829
42832
42832
42833
42833
42836
42840
42840
42840
42842
42844
42844
42844
42847
42848
42848
42849
42850
42850
42851
42851
42851
42852
42855
42855
42856
42858
42860
42862
42863
42865
42866
42866
42867
42867
42867
42868
42868
42873
42873
42873
42874
42874
42874
42875
42876
42877
42878
42878
42880
42882
42882
42883
42883
42884
42885
42886
42886
42888
42891
42891
42891
42893
42895
42896
42898
42898
42900
42901
42901
42902
42903
42903
42904
42904
42905
42905
42907
42910
42912
42913
42915
42916
42917
42917
42918
42919
42919
42922
42925
42927
42927
42928
42929
42932
42932
42932
42936
42936
42937
42937
42939
42940
42940
42942
42942
42944
42944
42944
42944
42947
42947
42949
42950
42951
42954
42955
42956
42956
42959
42962
42964
42966
42967
42967
42967
42968
42971
42971
42972
42973
42973
42974
42975
42975
42976
42976
42977
42977
42979
42981
42982
42988
42990
42990
42991
42992
42992
42992
42993
42995
42995
42995
42997
42999
42999
43000
43003
43003
43004
43004
43006
43006
43007
43007
43008
43010
43011
43012
43012
43012
43013
43014
43014
43015
43015
43020
43021
43022
43023
43024
43024
43025
43026
43027
43027
43031
43035
43038
43040
43045
43045
43046
43047
43048
43048
43049
43050
43053
43054
43055
43059
43061
43063
43063
43064
43065
43066
43066
43069
43071
43072
43072
43073
43074
43075
43077
43077
43078
43078
43080
43081
43083
43083
43084
43084
43084
43086
43087
43088
43089
43091
43092
43092
43093
43093
43095
43095
43098
43098
43098
43099
43099
43100
43101
43104
43104
43105
43105
43106
43107
43108
43108
43110
43111
43111
43111
43111
43114
43116
43117
43118
43118
43120
43120
43120
43121
43123
43124
43124
43126
43126
43129
43129
43133
43134
43136
43138
43139
43140
43142
43142
43143
43145
43147
43147
43148
43148
43149
43150
43151
43151
43152
43152
43153
43153
43153
43154
43154
43154
43155
43155
43155
43157
43158
43159
43159
43159
43160
43161
43161
43165
43165
43165
43166
43167
43168
43170
43170
43170
43171
43172
43173
43173
43174
43174
43175
43176
43176
43177
43178
43178
43178
43179
43179
43179
43179
43181
43181
43182
43182
43184
43186
43187
43187
43187
43188
43188
43192
43192
43193
43193
43193
43194
43194
43197
43199
43200
43200
43202
43203
43204
43205
43205
43207
43209
43210
43213
43213
43215
43215
43215
43216
43218
43227
43228
43228
43228
43231
43233
43235
43237
43239
43240
43242
43242
43243
43243
43245
43246
43248
43249
43249
43250
43250
43250
43250
43251
43252
43254
43255
43255
43256
43256
43256
43257
43259
43259
43260
43261
43261
43261
43261
43262
43262
43264
43265
43265
43266
43269
43269
43270
43270
43272
43272
43273
43274
43276
43276
43277
43278
43278
43278
43279
43280
43281
43282
43282
43282
43283
43285
43286
43286
43288
43288
43289
43289
43289
43290
43293
43293
43293
43297
43297
43297
43298
43299
43299
43299
43299
43300
43304
43305
43306
43308
43308
43314
43314
43315
43315
43316
43318
43318
43319
43320
43321
43322
43322
43324
43325
43326
43327
43327
43329
43330
43331
43332
43332
43334
43334
43337
43338
43338
43338
43339
43341
43342
43343
43345
43345
43346
43346
43347
43347
43349
43349
43350
43350
43351
43351
43352
43353
43353
43354
43356
43357
43357
43360
43362
43364
43365
43368
43368
43369
43370
43370
43372
43372
43373
43374
43375
43376
43376
43377
43378
43379
43380
43380
43381
43382
43383
43383
43383
43384
43384
43386
43387
43387
43387
43389
43389
43391
43392
43392
43393
43394
43395
43395
43401
43403
43406
43408
43408
43408
43409
43410
43411
43412
43413
43414
43415
43415
43417
43419
43419
43419
43420
43420
43421
43422
43422
43426
43427
43427
43427
43427
43429
43430
43430
43433
43434
43436
43437
43438
43440
43441
43442
43443
43444
43444
43444
43445
43445
43446
43447
43447
43449
43449
43449
43449
43449
43450
43452
43454
43459
43461
43462
43464
43464
43465
43466
43468
43468
43470
43470
43474
43476
43477
43479
43480
43480
43480
43481
43481
43482
43483
43483
43485
43485
43485
43485
43485
43486
43486
43486
43488
43489
43490
43491
43492
43493
43494
43494
43495
43496
43496
43496
43497
43498
43499
43501
43501
43502
43503
43503
43504
43505
43506
43508
43508
43508
43510
43512
43512
43514
43514
43514
43515
43515
43516
43516
43518
43520
43520
43521
43522
43522
43523
43523
43524
43525
43527
43528
43531
43533
43539
43540
43540
43541
43542
43543
43545
43546
43547
43548
43552
43552
43555
43558
43558
43558
43558
43558
43559
43559
43561
43563
43563
43563
43564
43566
43566
43567
43567
43568
43568
43569
43569
43570
43571
43572
43572
43575
43575
43577
43577
43578
43581
43582
43582
43584
43584
43586
43587
43587
43587
43588
43589
43594
43594
43594
43594
43594
43595
43595
43595
43596
43597
43597
43598
43598
43598
43598
43599
43599
43599
43600
43600
43602
43603
43604
43604
43605
43606
43606
43608
43608
43609
43610
43611
43611
43613
43615
43617
43619
43620
43622
43622
43623
43624
43625
43625
43625
43630
43631
43631
43632
43634
43635
43635
43637
43639
43640
43641
43641
43642
43642
43642
43642
43643
43643
43644
43645
43646
43647
43648
43649
43649
43650
43650
43651
43652
43654
43654
43654
43655
43656
43656
43657
43659
43659
43660
43660
43660
43661
43663
43663
43664
43664
43667
43667
43669
43669
43671
43673
43674
43675
43678
43678
43678
43679
43679
43680
43680
43682
43682
43682
43684
43684
43686
43688
43689
43690
43690
43690
43691
43692
43692
43693
43694
43694
43695
43699
43700
43701
43702
43702
43703
43705
43706
43708
43709
43709
43710
43710
43711
43711
43712
43714
43714
43718
43718
43720
43720
43720
43723
43723
43724
43725
43725
43726
43727
43732
43734
43736
43738
43739
43742
43742
43742
43743
43745
43745
43746
43746
43747
43748
43748
43751
43751
43752
43753
43755
43756
43756
43756
43757
43758
43759
43760
43763
43763
43763
43764
43764
43765
43766
43767
43769
43769
43770
43770
43773
43774
43775
43775
43777
43779
43780
43783
43784
43784
43785
43785
43786
43787
43787
43787
43788
43790
43792
43793
43794
43794
43795
43795
43796
43796
43799
43804
43804
43804
43805
43805
43806
43808
43808
43810
43810
43810
43811
43812
43813
43813
43814
43814
43814
43815
43815
43817
43817
43821
43821
43821
43822
43822
43822
43823
43825
43825
43826
43827
43827
43828
43828
43831
43832
43832
43833
43833
43834
43834
43836
43836
43837
43839
43840
43841
43842
43844
43845
43845
43846
43846
43847
43849
43850
43851
43852
43855
43856
43856
43857
43858
43860
43860
43860
43861
43864
43865
43868
43869
43869
43871
43874
43874
43875
43876
43877
43877
43878
43878
43879
43879
43881
43882
43883
43884
43885
43885
43887
43888
43890
43891
43891
43894
43895
43895
43895
43896
43901
43902
43903
43903
43903
43906
43906
43907
43910
43911
43912
43912
43915
43915
43915
43916
43916
43917
43918
43924
43925
43925
43926
43926
43928
43929
43929
43934
43935
43935
43935
43935
43937
43937
43939
43940
43940
43943
43945
43947
43948
43949
43950
43952
43952
43954
43954
43956
43957
43957
43958
43958
43958
43959
43960
43960
43960
43961
43963
43963
43963
43964
43966
43966
43970
43970
43971
43972
43972
43972
43973
43973
43973
43974
43974
43975
43975
43975
43975
43976
43977
43977
43977
43978
43980
43980
43980
43981
43983
43983
43985
43986
43986
43987
43988
43989
43989
43990
43990
43991
43993
43993
43995
43996
43996
43997
44001
44001
44002
44003
44004
44005
44007
44008
44008
44008
44009
44010
44011
44012
44012
44012
44013
44014
44014
44014
44014
44015
44016
44016
44016
44016
44017
44022
44024
44024
44026
44028
44028
44029
44029
44030
44030
44031
44031
44032
44033
44034
44037
44039
44040
44043
44043
44044
44044
44047
44048
44048
44049
44052
44053
44053
44053
44057
44058
44058
44062
44062
44063
44064
44066
44066
44066
44067
44067
44068
44069
44070
44071
44072
44076
44076
44076
44077
44078
44078
44078
44078
44079
44081
44081
44082
44082
44082
44084
44085
44086
44086
44086
44088
44089
44091
44092
44093
44094
44096
44096
44097
44098
44098
44098
44099
44101
44101
44102
44103
44105
44105
44107
44108
44110
44111
44112
44113
44114
44114
44114
44114
44115
44118
44119
44120
44122
44122
44125
44125
44126
44126
44128
44128
44128
44130
44131
44132
44132
44132
44134
44134
44135
44136
44136
44137
44137
44138
44138
44140
44141
44141
44142
44142
44144
44144
44145
44147
44147
44147
44148
44148
44148
44148
44148
44152
44152
44153
44154
44155
44156
44156
44161
44162
44162
44163
44163
44163
44163
44165
44165
44166
44168
44168
44171
44172
44172
44173
44174
44174
44175
44175
44175
44175
44176
44176
44179
44179
44180
44181
44181
44181
44183
44186
44187
44188
44188
44190
44191
44191
44192
44194
44198
44198
44200
44200
44202
44202
44205
44205
44205
44206
44207
44207
44208
44210
44211
44213
44213
44213
44215
44215
44216
44216
44217
44217
44225
44227
44227
44229
44229
44236
44237
44238
44238
44239
44240
44240
44241
44241
44242
44242
44245
44245
44247
44247
44249
44250
44250
44251
44251
44251
44251
44253
44253
44254
44255
44256
44258
44258
44259
44259
44259
44260
44261
44262
44263
44264
44266
44269
44269
44270
44270
44270
44271
44272
44272
44273
44273
44273
44274
44275
44275
44277
44278
44279
44281
44282
44285
44287
44289
44289
44291
44291
44294
44296
44296
44297
44299
44299
44299
44299
44300
44300
44302
44304
44304
44305
44308
44310
44312
44312
44312
44312
44313
44314
44314
44314
44316
44317
44318
44318
44318
44320
44325
44326
44326
44327
44327
44328
44328
44330
44330
44332
44333
44334
44335
44338
44339
44339
44340
44340
44342
44343
44343
44345
44345
44345
44346
44347
44347
44349
44351
44352
44352
44356
44356
44356
44356
44356
44357
44357
44358
44360
44362
44365
44365
44365
44365
44365
44368
44368
44368
44372
44376
44376
44378
44378
44379
44380
44381
44382
44383
44383
44383
44384
44384
44384
44385
44389
44391
44395
44397
44400
44401
44401
44401
44402
44402
44403
44403
44405
44407
44408
44410
44410
44411
44413
44413
44413
44413
44415
44417
44417
44417
44418
44418
44419
44420
44421
44422
44424
44424
44425
44428
44429
44430
44430
44431
44431
44431
44432
44433
44433
44434
44434
44435
44436
44436
44436
44436
44438
44438
44439
44439
44441
44441
44442
44442
44443
44445
44445
44449
44449
44450
44450
44451
44451
44452
44452
44455
44459
44461
44461
44462
44463
44464
44466
44466
44468
44469
44470
44472
44472
44473
44477
44479
44479
44479
44481
44481
44482
44483
44484
44484
44486
44487
44489
44490
44491
44492
44493
44493
44494
44494
44495
44495
44496
44496
44499
44500
44500
44500
44500
44500
44501
44501
44503
44503
44505
44507
44508
44509
44511
44511
44515
44518
44518
44520
44520
44521
44522
44522
44522
44523
44525
44526
44527
44527
44528
44528
44529
44531
44532
44532
44533
44533
44538
44540
44541
44541
44542
44544
44544
44545
44546
44547
44547
44549
44550
44550
44551
44551
44551
44552
44555
44556
44557
44561
44561
44562
44565
44565
44566
44566
44567
44567
44569
44569
44570
44570
44571
44572
44573
44575
44575
44576
44576
44577
44580
44580
44585
44585
44585
44585
44585
44587
44589
44589
44591
44592
44594
44594
44596
44596
44597
44599
44600
44603
44603
44604
44606
44607
44607
44608
44608
44612
44615
44615
44615
44616
44617
44618
44618
44618
44619
44620
44620
44621
44622
44623
44624
44625
44627
44627
44627
44627
44628
44628
44630
44630
44631
44631
44636
44637
44637
44640
44641
44642
44645
44645
44647
44648
44649
44649
44649
44650
44651
44653
44654
44655
44655
44656
44657
44657
44657
44659
44660
44660
44660
44660
44661
44661
44662
44663
44664
44665
44666
44666
44669
44669
44670
44670
44671
44671
44673
44674
44674
44675
44678
44681
44684
44686
44688
44688
44688
44688
44689
44690
44690
44692
44693
44695
44696
44697
44697
44699
44699
44701
44701
44701
44703
44704
44705
44705
44705
44706
44706
44708
44710
44711
44713
44713
44713
44715
44715
44717
44719
44719
44721
44722
44722
44722
44722
44724
44724
44725
44726
44728
44732
44732
44732
44733
44734
44735
44735
44737
44740
44744
44744
44744
44745
44745
44745
44746
44746
44747
44747
44748
44750
44751
44751
44755
44759
44760
44762
44762
44763
44763
44764
44765
44765
44768
44768
44769
44770
44771
44772
44772
44773
44773
44773
44774
44775
44776
44776
44777
44777
44777
44778
44778
44782
44782
44783
44785
44786
44787
44790
44790
44790
44790
44791
44791
44794
44796
44797
44798
44799
44799
44801
44802
44803
44803
44804
44804
44805
44806
44806
44806
44807
44807
44808
44808
44809
44813
44814
44815
44815
44815
44815
44816
44817
44818
44820
44820
44822
44822
44822
44825
44825
44827
44827
44827
44830
44830
44830
44831
44833
44833
44834
44835
44835
44835
44836
44838
44838
44841
44841
44841
44842
44845
44845
44847
44847
44847
44848
44849
44850
44851
44852
44853
44854
44854
44856
44856
44857
44860
44860
44861
44862
44862
44864
44864
44867
44868
44869
44869
44870
44870
44872
44873
44873
44874
44880
44881
44881
44881
44884
44885
44885
44886
44887
44888
44889
44891
44891
44893
44893
44894
44894
44895
44896
44897
44899
44900
44900
44900
44902
44902
44903
44904
44905
44905
44905
44906
44906
44907
44907
44908
44908
44909
44913
44914
44914
44915
44919
44919
44920
44920
44921
44921
44923
44925
44925
44929
44930
44932
44933
44934
44937
44938
44938
44939
44941
44942
44943
44944
44945
44945
44945
44946
44947
44947
44948
44950
44950
44952
44952
44952
44954
44955
44955
44957
44958
44959
44959
44960
44961
44961
44962
44963
44964
44964
44965
44965
44966
44966
44966
44967
44967
44968
44969
44970
44971
44972
44973
44973
44973
44975
44975
44976
44977
44978
44979
44980
44982
44983
44983
44984
44986
44991
44991
44992
44993
44993
44994
44994
44995
44996
44999
44999
45000
45001
45001
45002
45002
45002
45003
45003
45003
45005
45007
45009
45009
45013
45013
45014
45014
45014
45015
45015
45015
45016
45016
45018
45019
45019
45020
45021
45022
45022
45022
45023
45023
45025
45026
45026
45026
45028
45028
45029
45030
45030
45030
45030
45031
45031
45031
45032
45033
45033
45034
45035
45035
45035
45040
45042
45042
45042
45043
45043
45043
45044
45044
45047
45048
45049
45050
45050
45050
45051
45051
45052
45052
45052
45052
45054
45054
45056
45056
45059
45060
45062
45067
45069
45071
45072
45074
45074
45074
45075
45076
45077
45077
45078
45078
45079
45079
45080
45081
45082
45085
45086
45086
45086
45086
45088
45088
45088
45088
45089
45090
45091
45097
45097
45098
45098
45098
45099
45101
45101
45103
45103
45103
45104
45104
45105
45105
45106
45107
45110
45110
45110
45112
45113
45113
45114
45116
45117
45117
45118
45118
45118
45119
45119
45119
45120
45121
45122
45124
45126
45130
45130
45130
45131
45131
45132
45134
45134
45135
45137
45139
45139
45139
45144
45145
45146
45147
45148
45148
45149
45153
45153
45153
45155
45157
45158
45160
45160
45161
45161
45162
45163
45164
45164
45165
45166
45167
45167
45170
45171
45171
45174
45175
45176
45176
45178
45182
45182
45182
45183
45184
45184
45185
45186
45187
45187
45187
45190
45192
45193
45195
45196
45196
45198
45198
45199
45201
45202
45206
45206
45206
45207
45208
45209
45210
45212
45215
45215
45215
45216
45216
45217
45219
45219
45220
45220
45222
45223
45224
45224
45224
45225
45226
45227
45227
45227
45229
45232
45233
45233
45234
45235
45238
45239
45240
45240
45241
45241
45241
45242
45242
45243
45243
45244
45247
45250
45251
45256
45257
45257
45260
45261
45263
45264
45265
45265
45266
45268
45268
45269
45269
45269
45269
45270
45270
45271
45271
45272
45272
45274
45276
45276
45278
45280
45282
45284
45286
45288
45289
45290
45290
45291
45291
45291
45292
45292
45293
45294
45295
45297
45298
45298
45300
45300
45302
45303
45305
45306
45309
45310
45313
45313
45314
45314
45314
45315
45316
45316
45316
45317
45318
45320
45321
45322
45323
45327
45328
45328
45329
45330
45331
45331
45333
45335
45335
45336
45339
45339
45339
45341
45341
45342
45343
45344
45344
45346
45346
45347
45348
45348
45348
45348
45349
45349
45351
45351
45352
45352
45353
45354
45357
45359
45359
45359
45361
45361
45364
45364
45365
45365
45365
45366
45368
45370
45373
45373
45375
45375
45377
45377
45378
45379
45380
45381
45381
45382
45385
45386
45386
45387
45388
45390
45392
45392
45393
45395
45395
45397
45398
45400
45400
45403
45404
45404
45405
45410
45413
45414
45414
45415
45417
45418
45418
45420
45422
45424
45424
45425
45425
45425
45426
45429
45430
45430
45430
45430
45430
45431
45432
45433
45433
45434
45435
45435
45436
45437
45437
45439
45439
45439
45439
45440
45441
45441
45443
45444
45446
45446
45447
45447
45448
45448
45449
45451
45451
45452
45453
45453
45455
45455
45455
45455
45456
45457
45457
45457
45463
45464
45464
45464
45466
45466
45468
45468
45472
45472
45474
45476
45477
45479
45480
45481
45482
45485
45486
45487
45488
45488
45493
45493
45494
45495
45495
45496
45498
45498
45499
45500
45501
45502
45502
45503
45504
45505
45505
45507
45508
45511
45512
45513
45514
45514
45514
45516
45517
45520
45521
45521
45521
45522
45523
45524
45524
45524
45525
45526
45526
45526
45527
45530
45530
45530
45531
45531
45532
45532
45532
45532
45534
45534
45536
45536
45536
45537
45537
45539
45540
45541
45541
45542
45542
45542
45544
45545
45547
45547
45548
45549
45551
45551
45551
45553
45555
45557
45558
45558
45559
45560
45560
45564
45565
45565
45566
45567
45569
45569
45571
45574
45574
45577
45577
45578
45579
45580
45580
45580
45582
45583
45585
45586
45586
45586
45587
45588
45588
45589
45590
45590
45591
45595
45595
45599
45600
45600
45601
45601
45602
45603
45604
45604
45605
45605
45607
45609
45610
45611
45611
45612
45614
45614
45617
45617
45618
45623
45625
45630
45631
45632
45633
45635
45639
45639
45641
45641
45641
45645
45645
45645
45646
45647
45647
45647
45648
45651
45652
45655
45656
45656
45657
45658
45660
45661
45661
45663
45664
45665
45665
45666
45666
45671
45673
45673
45673
45673
45674
45674
45678
45679
45680
45682
45682
45683
45683
45684
45684
45685
45685
45688
45689
45694
45694
45694
45697
45699
45700
45700
45701
45702
45703
45704
45707
45707
45707
45707
45709
45711
45714
45714
45715
45716
45716
45718
45718
45718
45719
45720
45721
45723
45723
45724
45724
45724
45725
45726
45726
45727
45728
45729
45729
45730
45731
45732
45733
45734
45735
45735
45735
45735
45735
45736
45738
45738
45739
45739
45739
45740
45740
45741
45742
45742
45742
45744
45747
45747
45747
45748
45748
45748
45750
45751
45752
45752
45754
45755
45756
45756
45756
45757
45758
45759
45759
45759
45759
45760
45760
45761
45763
45763
45764
45764
45764
45765
45766
45766
45767
45768
45768
45768
45768
45769
45772
45773
45775
45777
45777
45779
45781
45781
45782
45782
45784
45786
45787
45787
45788
45789
45792
45792
45794
45794
45794
45795
45795
45795
45796
45797
45799
45799
45800
45802
45802
45803
45807
45809
45811
45813
45813
45815
45816
45820
45820
45821
45822
45822
45823
45823
45824
45824
45825
45826
45827
45827
45832
45833
45833
45833
45834
45835
45836
45836
45837
45839
45839
45842
45842
45844
45845
45845
45845
45845
45846
45846
45849
45849
45852
45852
45853
45853
45856
45857
45857
45859
45859
45859
45860
45861
45861
45861
45863
45864
45864
45864
45868
45870
45870
45870
45872
45873
45875
45879
45882
45882
45883
45884
45884
45885
45887
45887
45891
45891
45892
45894
45894
45897
45898
45899
45902
45902
45906
45906
45906
45907
45907
45908
45909
45911
45915
45916
45916
45917
45917
45917
45918
45918
45919
45919
45919
45920
45920
45921
45923
45923
45923
45926
45927
45928
45929
45929
45929
45932
45932
45932
45933
45934
45938
45938
45939
45939
45943
45944
45947
45947
45947
45948
45949
45950
45950
45954
45954
45956
45956
45957
45957
45957
45960
45960
45961
45962
45962
45962
45964
45965
45966
45966
45968
45969
45970
45971
45971
45974
45975
45975
45977
45979
45981
45982
45982
45984
45984
45986
45988
45988
45988
45988
45989
45989
45990
45991
45991
45991
45993
45994
45994
45998
45999
46000
46000
46002
46004
46004
46007
46008
46010
46011
46011
46013
46013
46014
46014
46015
46016
46017
46017
46017
46018
46019
46020
46021
46021
46021
46022
46023
46023
46023
46025
46026
46026
46029
46029
46030
46030
46031
46032
46033
46034
46037
46038
46039
46039
46041
46041
46041
46042
46043
46043
46044
46046
46047
46047
46050
46051
46051
46052
46055
46055
46055
46055
46055
46057
46058
46059
46061
46064
46065
46067
46067
46069
46069
46071
46074
46074
46075
46075
46076
46077
46077
46078
46079
46079
46080
46080
46080
46083
46085
46086
46088
46088
46089
46091
46091
46094
46094
46096
46096
46097
46098
46099
46100
46100
46101
46101
46102
46102
46103
46103
46104
46105
46105
46107
46108
46111
46112
46112
46112
46113
46115
46115
46115
46116
46120
46120
46121
46123
46125
46126
46128
46130
46131
46134
46137
46138
46138
46140
46140
46143
46145
46145
46145
46145
46147
46147
46147
46147
46148
46149
46151
46151
46154
46156
46156
46156
46156
46156
46158
46159
46159
46159
46161
46162
46163
46163
46163
46163
46164
46164
46165
46166
46166
46168
46170
46170
46172
46172
46174
46176
46178
46178
46178
46181
46183
46185
46185
46185
46187
46187
46188
46189
46189
46189
46190
46191
46192
46193
46196
46201
46201
46202
46206
46206
46206
46207
46208
46209
46212
46213
46215
46216
46216
46217
46218
46218
46219
46219
46221
46222
46225
46225
46229
46229
46231
46234
46236
46236
46238
46239
46240
46240
46240
46241
46242
46244
46244
46245
46246
46247
46248
46248
46248
46250
46250
46254
46255
46255
46255
46255
46257
46257
46257
46258
46259
46260
46261
46261
46261
46265
46265
46265
46265
46268
46268
46269
46270
46270
46273
46273
46274
46275
46280
46281
46281
46283
46284
46284
46286
46286
46289
46289
46290
46290
46291
46292
46295
46299
46299
46300
46302
46303
46303
46303
46304
46306
46307
46307
46308
46309
46309
46311
46312
46313
46313
46313
46314
46315
46316
46316
46317
46317
46318
46321
46321
46321
46322
46323
46323
46324
46327
46327
46328
46328
46329
46330
46330
46331
46331
46331
46332
46332
46333
46334
46334
46335
46335
46336
46337
46338
46338
46338
46339
46339
46341
46341
46341
46343
46343
46344
46344
46345
46345
46347
46347
46348
46348
46349
46349
46350
46350
46352
46353
46353
46356
46356
46356
46356
46356
46357
46357
46358
46358
46360
46360
46361
46361
46362
46364
46365
46365
46365
46365
46366
46367
46368
46368
46368
46368
46370
46370
46371
46372
46374
46375
46375
46378
46378
46382
46383
46384
46385
46386
46386
46386
46387
46388
46388
46389
46390
46390
46390
46391
46392
46393
46394
46394
46395
46395
46398
46399
46400
46400
46400
46403
46403
46405
46405
46406
46406
46407
46407
46408
46409
46410
46410
46412
46412
46413
46414
46417
46417
46418
46419
46420
46421
46423
46424
46425
46430
46430
46431
46432
46432
46433
46436
46437
46438
46438
46439
46440
46440
46440
46442
46442
46442
46444
46444
46444
46444
46445
46445
46446
46447
46448
46450
46453
46456
46457
46457
46458
46458
46459
46459
46460
46460
46460
46461
46462
46463
46464
46465
46465
46465
46466
46467
46470
46471
46472
46474
46475
46476
46477
46480
46480
46480
46481
46483
46483
46485
46485
46488
46488
46490
46491
46491
46492
46492
46493
46493
46494
46494
46495
46495
46496
46497
46497
46500
46501
46501
46506
46507
46508
46508
46508
46510
46513
46514
46515
46517
46518
46521
46522
46522
46523
46524
46524
46525
46525
46526
46527
46527
46528
46529
46531
46532
46534
46534
46536
46537
46537
46539
46539
46539
46540
46540
46541
46541
46541
46544
46546
46546
46546
46547
46547
46548
46549
46550
46551
46551
46552
46553
46553
46555
46556
46557
46557
46559
46559
46561
46562
46562
46563
46563
46563
46565
46567
46567
46568
46573
46573
46575
46575
46577
46579
46580
46581
46581
46582
46584
46584
46584
46584
46589
46590
46592
46594
46595
46596
46597
46598
46598
46598
46601
46602
46603
46605
46606
46607
46607
46609
46611
46612
46612
46613
46614
46614
46616
46617
46618
46618
46618
46620
46621
46623
46624
46625
46626
46628
46629
46630
46631
46633
46634
46635
46635
46636
46636
46637
46637
46637
46639
46639
46642
46644
46644
46645
46645
46645
46646
46647
46647
46648
46649
46650
46650
46652
46652
46653
46653
46655
46655
46655
46657
46658
46659
46659
46659
46659
46659
46660
46661
46661
46662
46662
46664
46664
46664
46665
46665
46668
46670
46670
46672
46673
46673
46673
46673
46674
46675
46675
46675
46675
46676
46679
46680
46681
46682
46682
46682
46683
46684
46686
46687
46690
46690
46690
46691
46692
46693
46694
46694
46696
46697
46697
46699
46699
46699
46700
46700
46701
46701
46703
46704
46705
46705
46706
46708
46710
46710
46710
46711
46712
46713
46715
46717
46717
46717
46719
46719
46720
46722
46724
46725
46726
46726
46727
46727
46729
46731
46735
46735
46735
46736
46737
46737
46738
46741
46744
46744
46747
46748
46749
46749
46752
46754
46754
46757
46760
46760
46760
46762
46762
46765
46765
46766
46766
46767
46767
46767
46769
46769
46771
46772
46772
46772
46773
46774
46774
46776
46778
46780
46782
46784
46784
46785
46786
46788
46790
46793
46793
46793
46793
46796
46798
46798
46801
46801
46801
46802
46803
46805
46806
46809
46811
46816
46816
46816
46817
46817
46821
46822
46822
46824
46826
46827
46828
46829
46829
46830
46832
46833
46833
46833
46834
46836
46838
46841
46841
46842
46842
46842
46842
46843
46844
46844
46845
46846
46847
46848
46848
46848
46849
46850
46850
46850
46851
46852
46853
46854
46855
46856
46856
46856
46856
46856
46858
46859
46859
46860
46860
46861
46864
46866
46867
46867
46869
46870
46870
46870
46873
46873
46874
46875
46876
46878
46878
46880
46884
46884
46886
46887
46887
46887
46887
46888
46889
46890
46891
46892
46892
46894
46894
46895
46895
46896
46897
46897
46898
46898
46898
46900
46900
46901
46903
46904
46905
46907
46908
46909
46910
46910
46911
46912
46912
46913
46914
46915
46915
46916
46916
46918
46922
46923
46924
46924
46925
46928
46928
46932
46934
46936
46938
46939
46940
46944
46944
46948
46948
46949
46952
46953
46953
46954
46955
46958
46960
46961
46962
46966
46966
46967
46968
46972
46974
46974
46974
46975
46975
46975
46976
46976
46977
46978
46979
46979
46980
46981
46981
46983
46985
46986
46987
46988
46993
46994
46995
46996
46997
46998
46998
46999
47000
47001
47001
47002
47002
47002
47003
47004
47005
47005
47007
47008
47010
47011
47011
47011
47012
47013
47015
47016
47016
47017
47017
47018
47018
47019
47019
47021
47021
47021
47024
47024
47024
47025
47025
47026
47026
47026
47027
47027
47029
47029
47029
47031
47032
47032
47034
47036
47036
47037
47038
47039
47039
47045
47047
47047
47048
47050
47051
47051
47051
47052
47052
47058
47060
47060
47061
47063
47064
47065
47065
47066
47066
47068
47068
47072
47075
47079
47080
47081
47084
47084
47085
47085
47085
47085
47087
47087
47087
47088
47088
47088
47088
47090
47092
47092
47092
47093
47096
47096
47096
47097
47097
47098
47098
47099
47100
47100
47106
47111
47111
47111
47111
47114
47114
47114
47114
47116
47117
47118
47118
47120
47120
47121
47122
47123
47126
47128
47128
47129
47129
47129
47131
47134
47135
47136
47137
47139
47140
47140
47142
47143
47144
47145
47146
47146
47147
47148
47148
47149
47151
47153
47154
47157
47159
47159
47159
47160
47162
47163
47165
47165
47166
47166
47166
47168
47169
47169
47169
47170
47171
47172
47173
47175
47177
47177
47177
47178
47179
47180
47181
47181
47184
47184
47184
47184
47186
47186
47187
47187
47188
47188
47188
47189
47191
47191
47192
47193
47194
47195
47195
47197
47197
47198
47199
47199
47200
47201
47202
47202
47204
47206
47207
47211
47212
47213
47213
47215
47217
47217
47217
47218
47218
47219
47220
47222
47222
47224
47224
47225
47229
47230
47233
47233
47233
47234
47235
47235
47236
47237
47238
47240
47240
47243
47243
47244
47245
47245
47249
47249
47250
47250
47250
47251
47252
47252
47253
47254
47257
47258
47258
47260
47261
47262
47263
47264
47265
47267
47268
47272
47273
47274
47274
47275
47275
47275
47277
47278
47278
47279
47280
47280
47281
47282
47282
47283
47283
47283
47285
47286
47287
47287
47287
47293
47294
47294
47296
47296
47297
47299
47299
47300
47301
47302
47302
47303
47304
47304
47305
47307
47308
47310
47310
47311
47312
47313
47313
47314
47317
47319
47319
47320
47320
47321
47323
47324
47326
47326
47327
47327
47329
47329
47329
47329
47331
47331
47333
47333
47333
47334
47335
47336
47336
47338
47340
47343
47343
47345
47345
47346
47347
47348
47349
47350
47352
47352
47353
47353
47354
47354
47357
47357
47359
47359
47361
47362
47364
47366
47366
47370
47370
47371
47373
47375
47375
47375
47376
47376
47379
47381
47382
47383
47384
47386
47389
47391
47391
47392
47393
47393
47393
47393
47395
47395
47395
47399
47401
47405
47405
47405
47406
47407
47407
47407
47409
47412
47412
47413
47415
47416
47417
47417
47417
47419
47420
47420
47421
47421
47424
47424
47424
47425
47425
47425
47426
47427
47429
47430
47432
47432
47432
47433
47434
47434
47435
47435
47435
47436
47438
47439
47440
47442
47443
47444
47446
47447
47447
47447
47449
47450
47451
47451
47452
47455
47458
47458
47459
47459
47460
47461
47462
47462
47463
47464
47465
47465
47465
47465
47466
47466
47466
47467
47469
47470
47470
47471
47472
47472
47473
47473
47474
47478
47478
47478
47479
47479
47481
47482
47483
47484
47485
47485
47486
47486
47488
47491
47492
47493
47493
47494
47495
47496
47497
47497
47497
47498
47499
47500
47501
47501
47501
47502
47503
47504
47507
47511
47512
47512
47512
47513
47514
47516
47517
47517
47518
47519
47521
47522
47523
47523
47524
47524
47525
47525
47527
47528
47529
47530
47532
47532
47534
47536
47536
47538
47539
47540
47542
47545
47545
47547
47548
47551
47553
47553
47553
47554
47554
47559
47560
47561
47562
47563
47563
47563
47563
47563
47564
47564
47564
47565
47566
47567
47568
47569
47570
47570
47571
47572
47573
47574
47574
47574
47579
47579
47582
47582
47584
47585
47585
47586
47588
47589
47590
47590
47592
47592
47593
47593
47595
47595
47596
47598
47599
47599
47601
47603
47603
47603
47604
47605
47605
47608
47608
47608
47609
47610
47611
47613
47615
47615
47620
47620
47622
47623
47624
47625
47627
47629
47629
47630
47630
47632
47634
47634
47635
47636
47639
47640
47642
47644
47646
47646
47647
47648
47649
47651
47653
47654
47654
47654
47654
47655
47657
47660
47662
47662
47663
47663
47664
47666
47669
47669
47670
47671
47672
47673
47675
47676
47677
47678
47678
47680
47681
47681
47682
47683
47689
47689
47691
47692
47694
47695
47696
47698
47699
47700
47703
47704
47705
47706
47708
47708
47710
47710
47710
47712
47713
47713
47714
47714
47715
47717
47718
47719
47719
47719
47722
47722
47723
47724
47725
47726
47727
47727
47727
47727
47728
47729
47730
47731
47732
47733
47733
47734
47735
47735
47735
47738
47740
47740
47741
47741
47742
47742
47743
47743
47744
47746
47747
47749
47750
47750
47751
47751
47751
47752
47753
47754
47755
47755
47755
47756
47758
47761
47761
47763
47765
47766
47766
47766
47766
47766
47768
47768
47768
47770
47770
47771
47771
47772
47772
47773
47773
47774
47774
47775
47777
47777
47778
47778
47779
47780
47780
47781
47782
47782
47782
47783
47784
47785
47785
47785
47786
47786
47788
47788
47788
47788
47789
47792
47792
47794
47795
47796
47796
47797
47797
47798
47799
47800
47800
47800
47802
47803
47808
47809
47810
47810
47811
47811
47813
47813
47814
47815
47815
47815
47818
47818
47818
47819
47822
47822
47822
47822
47823
47824
47825
47826
47826
47828
47829
47830
47830
47832
47834
47834
47835
47836
47838
47839
47840
47841
47842
47845
47845
47845
47845
47846
47846
47846
47847
47849
47852
47852
47852
47853
47856
47856
47856
47857
47859
47861
47862
47863
47863
47863
47863
47865
47865
47867
47867
47867
47867
47869
47869
47872
47873
47873
47873
47875
47875
47876
47876
47876
47876
47877
47877
47878
47879
47879
47883
47885
47886
47889
47890
47891
47893
47894
47894
47895
47896
47897
47898
47898
47900
47902
47902
47907
47908
47909
47911
47911
47912
47912
47914
47915
47916
47918
47919
47921
47921
47921
47921
47922
47924
47925
47926
47927
47929
47930
47931
47932
47933
47933
47933
47933
47934
47934
47936
47937
47938
47942
47942
47943
47944
47947
47947
47948
47948
47948
47949
47949
47949
47949
47951
47953
47956
47958
47958
47958
47960
47961
47961
47963
47963
47963
47968
47969
47970
47972
47973
47973
47976
47977
47978
47978
47978
47980
47980
47981
47982
47983
47983
47983
47984
47985
47987
47987
47988
47989
47989
47990
47990
47991
47993
47993
47994
47994
47995
47995
48001
48002
48009
48010
48011
48012
48012
48012
48013
48014
48014
48015
48017
48017
48018
48018
48019
48019
48019
48023
48024
48025
48025
48032
48032
48032
48033
48033
48033
48034
48036
48036
48036
48039
48040
48040
48040
48042
48047
48047
48051
48052
48054
48055
48055
48056
48059
48060
48063
48063
48065
48067
48067
48068
48068
48068
48069
48070
48071
48072
48074
48074
48076
48076
48077
48077
48079
48080
48081
48082
48082
48083
48083
48084
48085
48085
48087
48090
48090
48090
48091
48092
48092
48094
48095
48095
48095
48096
48097
48097
48097
48098
48099
48102
48103
48104
48108
48108
48109
48111
48112
48113
48113
48114
48116
48116
48116
48118
48119
48120
48120
48121
48121
48121
48122
48123
48123
48123
48124
48124
48126
48126
48127
48129
48131
48133
48133
48133
48133
48134
48136
48137
48138
48138
48139
48140
48141
48143
48144
48145
48148
48151
48154
48154
48154
48156
48157
48157
48158
48158
48159
48160
48162
48163
48163
48165
48165
48165
48166
48166
48169
48170
48173
48173
48174
48174
48175
48176
48179
48179
48180
48180
48182
48182
48186
48188
48188
48189
48189
48190
48190
48192
48192
48192
48195
48197
48198
48198
48200
48201
48202
48203
48204
48204
48205
48207
48208
48210
48210
48210
48211
48212
48215
48215
48216
48216
48216
48217
48218
48218
48219
48220
48221
48221
48224
48224
48226
48227
48227
48228
48229
48229
48230
48233
48233
48233
48233
48233
48236
48237
48238
48239
48239
48239
48239
48240
48241
48242
48243
48243
48243
48245
48247
48247
48248
48248
48250
48250
48252
48252
48252
48253
48253
48255
48257
48258
48259
48259
48261
48261
48265
48265
48265
48265
48268
48269
48269
48269
48270
48271
48276
48276
48277
48280
48280
48281
48281
48283
48284
48285
48285
48286
48287
48288
48289
48291
48291
48292
48292
48293
48294
48294
48295
48295
48295
48297
48300
48301
48301
48303
48303
48303
48304
48304
48304
48305
48305
48307
48309
48312
48313
48315
48317
48317
48317
48318
48320
48320
48323
48324
48324
48325
48325
48325
48326
48329
48330
48330
48331
48333
48335
48338
48340
48341
48341
48342
48344
48345
48348
48349
48352
48356
48356
48357
48357
48358
48358
48358
48358
48359
48359
48359
48360
48362
48362
48363
48364
48364
48368
48368
48369
48370
48371
48372
48374
48376
48381
48382
48382
48383
48383
48384
48385
48386
48388
48390
48390
48392
48393
48395
48397
48399
48400
48401
48401
48402
48403
48403
48403
48404
48404
48404
48405
48405
48405
48406
48407
48407
48409
48409
48410
48410
48411
48411
48413
48414
48417
48420
48421
48422
48422
48422
48423
48427
48428
48429
48430
48432
48434
48434
48434
48435
48437
48437
48439
48439
48442
48444
48444
48447
48447
48449
48452
48455
48458
48461
48463
48463
48464
48464
48467
48468
48468
48468
48469
48469
48470
48472
48473
48474
48474
48474
48476
48482
48483
48484
48484
48485
48485
48486
48487
48487
48488
48491
48492
48492
48494
48497
48500
48501
48502
48502
48502
48502
48504
48504
48505
48506
48507
48510
48511
48511
48511
48511
48511
48512
48513
48514
48516
48517
48518
48519
48520
48521
48523
48524
48524
48528
48529
48529
48530
48531
48532
48533
48534
48535
48537
48537
48537
48537
48538
48539
48540
48541
48543
48545
48547
48547
48548
48548
48548
48548
48548
48549
48549
48550
48551
48551
48552
48556
48557
48557
48557
48559
48561
48563
48565
48565
48569
48570
48572
48573
48573
48574
48574
48576
48576
48578
48578
48579
48580
48582
48585
48589
48589
48590
48590
48592
48594
48596
48598
48598
48601
48601
48601
48602
48603
48604
48604
48607
48607
48608
48608
48611
48611
48613
48614
48615
48616
48621
48621
48625
48626
48628
48631
48633
48634
48634
48635
48635
48635
48637
48637
48640
48641
48643
48643
48643
48644
48645
48648
48648
48648
48648
48649
48649
48652
48654
48655
48658
48658
48658
48658
48660
48661
48661
48661
48663
48664
48666
48669
48670
48672
48672
48672
48673
48676
48676
48677
48678
48679
48680
48680
48681
48682
48683
48684
48684
48686
48686
48687
48688
48689
48691
48692
48693
48694
48694
48695
48696
48697
48699
48699
48701
48701
48702
48702
48702
48703
48704
48704
48706
48706
48707
48708
48709
48710
48710
48711
48712
48713
48713
48715
48715
48715
48716
48717
48719
48719
48720
48720
48720
48721
48723
48723
48724
48724
48724
48726
48728
48729
48730
48734
48735
48735
48735
48736
48737
48737
48738
48741
48741
48741
48741
48741
48742
48743
48746
48747
48749
48750
48751
48754
48755
48755
48756
48757
48757
48757
48758
48764
48765
48765
48766
48767
48772
48775
48777
48777
48777
48778
48778
48779
48780
48780
48780
48780
48780
48781
48783
48785
48786
48787
48787
48792
48795
48797
48797
48798
48798
48800
48801
48801
48802
48802
48802
48805
48806
48806
48808
48808
48809
48809
48810
48810
48811
48811
48811
48812
48812
48813
48815
48816
48819
48820
48820
48820
48821
48822
48822
48823
48823
48823
48824
48825
48829
48831
48833
48833
48834
48834
48836
48837
48838
48838
48839
48839
48839
48841
48841
48842
48844
48845
48845
48846
48847
48848
48850
48852
48852
48853
48853
48853
48854
48855
48855
48856
48857
48860
48861
48862
48862
48863
48863
48863
48867
48867
48868
48868
48869
48870
48871
48872
48874
48877
48878
48882
48882
48883
48887
48887
48887
48888
48888
48888
48889
48891
48893
48895
48896
48896
48897
48897
48898
48898
48898
48899
48899
48901
48901
48901
48901
48905
48905
48907
48907
48909
48911
48912
48912
48914
48914
48914
48915
48917
48917
48920
48923
48923
48924
48924
48925
48925
48926
48927
48929
48929
48931
48932
48933
48934
48934
48936
48937
48937
48940
48940
48941
48941
48941
48942
48942
48943
48943
48944
48946
48946
48947
48947
48948
48949
48949
48950
48952
48952
48953
48953
48954
48955
48956
48956
48957
48958
48958
48960
48960
48960
48962
48963
48964
48964
48965
48966
48968
48968
48969
48971
48971
48972
48973
48973
48973
48973
48974
48974
48974
48976
48976
48976
48977
48980
48981
48981
48981
48981
48982
48986
48988
48989
48989
48989
48991
48991
48991
48992
48993
48993
48993
48997
49000
49000
49001
49001
49002
49002
49003
49006
49010
49010
49010
49011
49011
49012
49012
49012
49014
49015
49015
49015
49017
49018
49018
49020
49020
49022
49022
49022
49026
49027
49028
49029
49030
49035
49035
49035
49036
49038
49038
49041
49041
49042
49043
49043
49045
49046
49047
49047
49049
49049
49049
49049
49049
49049
49051
49051
49052
49052
49053
49055
49055
49058
49058
49058
49058
49058
49059
49060
49061
49061
49061
49062
49062
49063
49063
49063
49063
49065
49066
49067
49068
49069
49069
49073
49074
49074
49076
49079
49079
49079
49080
49081
49081
49081
49082
49082
49083
49083
49083
49088
49088
49089
49092
49092
49092
49092
49093
49093
49094
49094
49094
49095
49096
49096
49097
49098
49098
49098
49100
49103
49103
49103
49104
49104
49104
49105
49109
49109
49110
49110
49110
49111
49112
49112
49112
49112
49113
49113
49113
49116
49118
49119
49119
49119
49121
49122
49122
49123
49123
49124
49125
49126
49128
49130
49130
49130
49135
49135
49135
49135
49135
49136
49136
49138
49139
49140
49140
49141
49141
49142
49143
49144
49144
49144
49145
49145
49145
49146
49146
49147
49148
49149
49150
49150
49150
49151
49151
49153
49156
49156
49157
49157
49161
49161
49162
49162
49162
49163
49165
49165
49166
49166
49168
49168
49169
49170
49171
49171
49171
49173
49174
49174
49175
49175
49176
49176
49176
49177
49177
49180
49180
49181
49182
49185
49187
49189
49190
49193
49195
49195
49196
49196
49198
49198
49199
49201
49203
49206
49206
49207
49208
49208
49210
49211
49211
49213
49215
49216
49216
49217
49217
49218
49218
49220
49220
49222
49222
49223
49223
49223
49225
49225
49226
49227
49227
49227
49228
49230
49231
49233
49234
49236
49237
49237
49239
49240
49241
49241
49241
49243
49244
49244
49244
49249
49250
49255
49258
49258
49258
49259
49259
49261
49263
49264
49264
49265
49265
49266
49266
49269
49271
49272
49272
49273
49275
49275
49276
49277
49279
49280
49281
49282
49282
49283
49283
49285
49287
49287
49288
49293
49293
49295
49295
49296
49297
49297
49301
49302
49302
49305
49306
49306
49309
49310
49310
49310
49310
49311
49312
49314
49315
49315
49316
49316
49317
49319
49319
49321
49321
49322
49324
49324
49325
49326
49327
49327
49328
49328
49328
49328
49330
49331
49333
49337
49339
49340
49340
49340
49340
49341
49342
49346
49346
49347
49348
49349
49351
49352
49352
49353
49353
49355
49355
49356
49356
49357
49358
49359
49359
49360
49362
49362
49370
49370
49374
49377
49379
49379
49380
49380
49381
49381
49384
49386
49386
49386
49387
49389
49389
49389
49389
49389
49389
49390
49391
49391
49393
49394
49395
49395
49397
49397
49398
49398
49398
49399
49401
49401
49402
49405
49405
49406
49408
49408
49410
49411
49412
49413
49415
49416
49416
49418
49418
49419
49419
49420
49421
49421
49422
49424
49425
49426
49427
49427
49428
49429
49429
49433
49434
49434
49439
49440
49442
49443
49444
49444
49444
49444
49444
49445
49445
49450
49450
49451
49452
49453
49453
49453
49453
49455
49457
49457
49459
49464
49464
49465
49467
49467
49471
49471
49471
49473
49474
49475
49476
49476
49476
49476
49477
49477
49478
49479
49481
49481
49481
49482
49485
49485
49486
49488
49488
49489
49489
49489
49491
49494
49494
49495
49496
49496
49497
49497
49499
49499
49500
49500
49501
49502
49502
49503
49503
49504
49504
49506
49508
49508
49509
49510
49511
49512
49513
49513
49513
49513
49514
49515
49515
49515
49515
49516
49517
49517
49518
49518
49519
49520
49521
49522
49522
49524
49525
49525
49525
49526
49528
49529
49530
49530
49530
49530
49532
49533
49533
49533
49534
49534
49534
49536
49536
49537
49537
49538
49540
49540
49540
49540
49542
49542
49543
49543
49543
49543
49546
49548
49549
49549
49551
49552
49552
49552
49553
49554
49558
49559
49560
49561
49561
49563
49563
49563
49564
49565
49565
49567
49569
49569
49570
49570
49570
49570
49572
49573
49573
49575
49581
49584
49585
49585
49585
49587
49587
49588
49589
49592
49592
49592
49593
49595
49596
49597
49598
49601
49601
49603
49604
49607
49609
49610
49611
49613
49613
49614
49615
49615
49615
49615
49615
49617
49619
49620
49621
49621
49622
49623
49626
49628
49629
49630
49631
49634
49634
49634
49634
49635
49636
49640
49641
49641
49642
49643
49644
49645
49645
49646
49646
49647
49648
49649
49651
49651
49653
49655
49664
49664
49665
49667
49667
49667
49668
49668
49670
49671
49672
49674
49675
49676
49678
49678
49678
49680
49681
49683
49683
49683
49684
49685
49685
49686
49687
49688
49691
49692
49693
49693
49694
49694
49695
49696
49700
49703
49703
49703
49703
49706
49706
49707
49707
49710
49710
49711
49712
49714
49714
49714
49715
49716
49719
49719
49721
49721
49724
49724
49724
49724
49726
49726
49726
49727
49729
49730
49730
49730
49731
49731
49731
49731
49733
49733
49734
49735
49735
49735
49737
49737
49738
49741
49743
49744
49744
49745
49747
49747
49748
49748
49754
49754
49755
49755
49755
49755
49757
49758
49759
49761
49765
49765
49766
49766
49767
49767
49768
49769
49770
49770
49771
49772
49772
49774
49774
49777
49778
49778
49780
49781
49782
49785
49786
49790
49791
49793
49794
49794
49797
49797
49798
49798
49798
49799
49800
49800
49801
49801
49803
49805
49805
49809
49812
49815
49816
49817
49817
49819
49819
49819
49821
49821
49826
49826
49827
49827
49829
49831
49833
49834
49834
49835
49842
49844
49845
49846
49846
49846
49847
49848
49849
49850
49850
49851
49852
49852
49853
49853
49854
49856
49858
49859
49859
49859
49862
49866
49867
49868
49869
49870
49875
49876
49879
49881
49882
49883
49885
49888
49895
49897
49898
49898
49898
49899
49900
49901
49901
49902
49902
49903
49905
49906
49909
49909
49909
49911
49912
49913
49916
49916
49917
49917
49918
49918
49918
49919
49919
49922
49923
49925
49925
49928
49928
49929
49930
49933
49935
49936
49936
49936
49937
49939
49939
49940
49942
49942
49944
49944
49944
49946
49950
49951
49952
49953
49953
49954
49955
49956
49959
49962
49962
49965
49967
49969
49969
49970
49972
49974
49974
49974
49975
49976
49977
49978
49981
49981
49982
49982
49986
49987
49988
49990
49991
49992
49992
49992
49992
49993
49993
49994
49994
49994
49994
49998
49999
49999
49999
49999
50000
50000
50001
50001
50004
50007
50008
50011
50011
50011
50012
50012
50013
50013
50013
50013
50013
50014
50015
50016
50017
50019
50019
50021
50021
50023
50024
50025
50027
50029
50031
50031
50032
50032
50032
50032
50032
50034
50034
50034
50035
50037
50037
50038
50038
50039
50040
50040
50043
50043
50045
50049
50049
50051
50052
50053
50054
50056
50058
50059
50059
50060
50061
50061
50062
50064
50065
50066
50067
50068
50069
50069
50070
50070
50070
50071
50074
50076
50076
50080
50080
50080
50081
50082
50082
50082
50085
50087
50088
50088
50089
50089
50090
50090
50091
50091
50093
50094
50094
50094
50095
50095
50096
50097
50098
50100
50101
50102
50103
50103
50104
50105
50107
50107
50107
50108
50110
50111
50112
50113
50115
50115
50116
50116
50117
50117
50118
50118
50118
50119
50121
50122
50122
50125
50126
50126
50127
50128
50129
50129
50130
50131
50131
50131
50134
50138
50139
50139
50141
50142
50143
50144
50147
50147
50148
50149
50149
50150
50151
50152
50153
50154
50154
50154
50155
50157
50157
50157
50158
50159
50159
50160
50160
50160
50161
50164
50164
50167
50169
50170
50171
50171
50173
50173
50175
50176
50181
50181
50182
50185
50186
50187
50189
50189
50190
50190
50191
50193
50194
50194
50197
50198
50198
50198
50199
50201
50201
50203
50204
50204
50207
50207
50207
50211
50212
50212
50214
50214
50215
50215
50216
50216
50216
50216
50218
50218
50219
50220
50220
50220
50221
50221
50223
50223
50223
50224
50226
50227
50229
50230
50232
50232
50233
50234
50236
50236
50237
50238
50238
50239
50239
50239
50240
50240
50241
50245
50245
50245
50246
50247
50248
50248
50248
50250
50251
50254
50255
50256
50256
50256
50256
50256
50258
50258
50260
50261
50261
50261
50262
50263
50263
50265
50267
50267
50269
50270
50271
50274
50274
50278
50278
50279
50281
50282
50283
50287
50287
50289
50291
50291
50291
50291
50292
50292
50292
50294
50300
50300
50301
50301
50302
50302
50303
50304
50304
50305
50306
50307
50307
50309
50310
50314
50315
50318
50319
50324
50324
50325
50327
50327
50330
50330
50330
50331
50334
50335
50335
50336
50337
50337
50337
50339
50339
50341
50342
50345
50345
50349
50349
50354
50356
50358
50358
50359
50359
50359
50360
50360
50361
50362
50363
50363
50364
50364
50364
50365
50367
50368
50371
50375
50379
50379
50379
50380
50381
50381
50382
50382
50382
50382
50383
50384
50384
50384
50386
50386
50386
50386
50388
50389
50389
50390
50391
50391
50392
50392
50394
50394
50394
50395
50396
50396
50397
50399
50400
50401
50402
50402
50402
50404
50405
50406
50408
50408
50409
50410
50411
50411
50413
50414
50414
50419
50419
50419
50419
50419
50420
50420
50420
50422
50422
50425
50426
50426
50427
50428
50429
50430
50432
50433
50435
50436
50437
50440
50444
50444
50445
50446
50446
50447
50449
50449
50450
50450
50451
50452
50453
50453
50453
50453
50455
50456
50456
50457
50457
50463
50467
50467
50468
50469
50469
50471
50472
50472
50475
50476
50476
50476
50479
50480
50480
50481
50481
50481
50482
50482
50483
50483
50484
50484
50485
50486
50486
50488
50489
50489
50490
50491
50491
50492
50493
50494
50494
50495
50495
50495
50496
50497
50497
50500
50501
50503
50504
50504
50504
50505
50506
50507
50508
50509
50510
50510
50512
50513
50515
50516
50516
50518
50518
50518
50520
50520
50521
50521
50524
50524
50528
50528
50534
50535
50536
50537
50539
50540
50541
50542
50542
50543
50543
50546
50548
50548
50548
50548
50550
50550
50552
50552
50554
50554
50554
50555
50557
50557
50558
50559
50560
50562
50563
50564
50564
50565
50566
50566
50567
50567
50567
50567
50567
50569
50570
50570
50570
50572
50572
50574
50575
50576
50576
50578
50579
50585
50587
50587
50589
50589
50592
50592
50595
50595
50596
50596
50597
50597
50597
50598
50600
50600
50601
50601
50601
50601
50602
50602
50605
50607
50611
50611
50611
50612
50612
50613
50614
50616
50617
50618
50619
50621
50621
50621
50622
50622
50623
50624
50625
50625
50626
50627
50627
50627
50628
50632
50633
50633
50635
50635
50636
50636
50636
50639
50639
50642
50644
50645
50645
50647
50647
50648
50652
50653
50653
50654
50655
50658
50658
50659
50660
50661
50662
50662
50662
50665
50667
50669
50669
50672
50673
50673
50673
50674
50675
50675
50675
50675
50676
50676
50679
50680
50681
50683
50684
50684
50685
50686
50686
50687
50687
50687
50688
50689
50691
50693
50693
50694
50698
50698
50699
50699
50700
50701
50702
50705
50705
50705
50708
50708
50711
50712
50713
50714
50714
50715
50716
50717
50719
50719
50719
50721
50722
50723
50723
50725
50725
50726
50726
50727
50728
50729
50729
50730
50730
50731
50731
50732
50732
50732
50733
50733
50734
50734
50734
50736
50736
50737
50738
50739
50739
50741
50742
50742
50743
50745
50745
50746
50748
50748
50749
50751
50751
50752
50752
50752
50753
50755
50756
50756
50757
50757
50757
50757
50760
50761
50763
50763
50764
50764
50766
50766
50767
50768
50771
50771
50772
50773
50774
50776
50776
50776
50777
50779
50780
50780
50782
50783
50783
50784
50787
50788
50789
50790
50791
50793
50795
50796
50798
50799
50799
50799
50799
50800
50801
50801
50802
50802
50802
50805
50808
50809
50811
50813
50813
50813
50815
50816
50817
50817
50819
50819
50820
50821
50822
50822
50822
50823
50823
50823
50825
50827
50828
50829
50829
50829
50830
50831
50831
50832
50832
50833
50835
50835
50835
50836
50836
50838
50838
50838
50839
50840
50841
50843
50844
50844
50844
50845
50846
50847
50849
50849
50850
50851
50851
50852
50852
50853
50853
50854
50857
50858
50860
50860
50861
50861
50862
50863
50863
50864
50867
50867
50867
50868
50869
50870
50870
50871
50871
50872
50873
50873
50875
50876
50878
50878
50879
50879
50880
50882
50882
50884
50884
50884
50887
50887
50888
50889
50889
50889
50891
50891
50896
50898
50899
50899
50900
50900
50901
50901
50902
50904
50904
50905
50905
50906
50909
50909
50909
50910
50911
50912
50912
50916
50922
50922
50925
50925
50926
50926
50930
50931
50933
50933
50934
50936
50937
50939
50940
50942
50943
50944
50945
50945
50946
50946
50947
50947
50950
50951
50956
50957
50957
50960
50961
50961
50963
50964
50965
50966
50968
50970
50971
50971
50972
50972
50973
50974
50975
50979
50979
50980
50982
50982
50982
50984
50984
50985
50985
50986
50986
50989
50992
50992
50993
50993
50993
50993
50994
50994
50994
50995
50995
50996
50998
51002
51002
51004
51004
51004
51004
51005
51007
51008
51009
51009
51009
51010
51014
51015
51015
51018
51018
51018
51019
51022
51022
51024
51024
51024
51026
51026
51026
51027
51030
51031
51031
51034
51034
51038
51043
51045
51047
51047
51048
51049
51049
51049
51050
51051
51052
51053
51053
51054
51054
51055
51056
51061
51061
51062
51062
51062
51063
51066
51066
51066
51067
51067
51068
51070
51072
51073
51074
51074
51075
51075
51075
51078
51079
51081
51081
51081
51081
51083
51083
51086
51086
51088
51089
51089
51090
51090
51092
51092
51095
51096
51097
51097
51097
51098
51098
51098
51100
51101
51103
51103
51103
51103
51106
51107
51108
51109
51112
51117
51119
51120
51121
51124
51125
51125
51126
51126
51129
51131
51131
51131
51131
51133
51134
51134
51134
51134
51135
51136
51139
51139
51140
51141
51141
51143
51144
51145
51146
51146
51147
51147
51148
51148
51149
51150
51151
51152
51153
51153
51155
51155
51156
51157
51158
51158
51159
51160
51161
51161
51162
51162
51162
51163
51163
51163
51169
51169
51170
51171
51172
51173
51175
51177
51177
51178
51179
51179
51181
51181
51181
51182
51184
51185
51185
51186
51187
51189
51190
51190
51190
51191
51192
51192
51192
51193
51193
51193
51195
51196
51197
51197
51198
51199
51201
51201
51203
51206
51208
51208
51209
51210
51210
51210
51211
51214
51216
51216
51217
51218
51219
51219
51220
51221
51221
51222
51222
51225
51225
51228
51228
51229
51231
51231
51233
51233
51233
51235
51236
51236
51238
51238
51239
51239
51239
51240
51240
51241
51241
51244
51245
51245
51245
51246
51246
51246
51247
51248
51248
51250
51251
51254
51256
51257
51258
51258
51259
51260
51262
51262
51263
51270
51271
51271
51272
51273
51274
51275
51275
51275
51276
51278
51279
51279
51280
51280
51283
51283
51285
51287
51288
51288
51290
51293
51294
51295
51295
51297
51298
51299
51300
51304
51304
51305
51308
51309
51309
51309
51309
51311
51313
51316
51317
51317
51318
51321
51322
51323
51323
51324
51325
51326
51326
51328
51328
51329
51329
51332
51333
51334
51334
51336
51338
51338
51340
51343
51344
51345
51346
51347
51349
51351
51352
51352
51353
51353
51354
51355
51355
51355
51359
51359
51360
51360
51362
51363
51365
51367
51367
51367
51370
51371
51372
51372
51374
51375
51377
51380
51381
51383
51383
51384
51384
51385
51385
51385
51386
51386
51388
51388
51389
51391
51393
51394
51394
51394
51396
51399
51399
51400
51400
51401
51403
51403
51404
51404
51405
51407
51407
51408
51411
51411
51411
51413
51414
51414
51414
51415
51415
51415
51416
51416
51417
51420
51421
51423
51423
51423
51423
51426
51427
51429
51430
51431
51432
51432
51433
51433
51434
51434
51435
51435
51437
51438
51440
51440
51442
51442
51444
51444
51444
51448
51449
51450
51450
51450
51451
51451
51453
51454
51455
51457
51458
51461
51463
51464
51464
51464
51465
51466
51469
51469
51471
51471
51471
51471
51472
51474
51474
51475
51475
51476
51477
51477
51480
51481
51481
51481
51481
51482
51484
51485
51487
51488
51488
51488
51490
51490
51495
51497
51498
51500
51501
51501
51502
51503
51504
51505
51505
51506
51507
51508
51511
51511
51512
51513
51513
51514
51516
51517
51518
51519
51519
51519
51522
51522
51523
51523
51523
51523
51524
51526
51530
51530
51532
51533
51535
51535
51536
51537
51538
51538
51540
51540
51541
51542
51543
51543
51544
51545
51546
51547
51549
51552
51552
51554
51555
51555
51555
51556
51556
51557
51557
51559
51559
51560
51560
51563
51563
51564
51564
51566
51566
51567
51567
51569
51569
51569
51570
51570
51570
51571
51572
51572
51573
51574
51574
51575
51576
51576
51579
51580
51582
51582
51584
51587
51587
51587
51588
51591
51591
51591
51591
51593
51595
51595
51595
51597
51597
51599
51599
51601
51603
51603
51604
51605
51605
51606
51607
51607
51608
51610
51611
51611
51612
51613
51614
51614
51615
51615
51617
51618
51620
51620
51621
51621
51623
51623
51625
51625
51626
51627
51628
51628
51628
51629
51630
51631
51632
51632
51632
51633
51633
51634
51636
51636
51636
51637
51639
51639
51640
51642
51642
51643
51644
51645
51646
51646
51646
51647
51647
51647
51648
51648
51649
51650
51651
51651
51651
51654
51655
51655
51656
51656
51658
51659
51663
51666
51667
51667
51670
51670
51671
51671
51672
51672
51672
51673
51673
51673
51674
51675
51675
51677
51677
51677
51678
51678
51679
51681
51684
51684
51685
51685
51685
51686
51686
51686
51686
51686
51687
51688
51689
51689
51690
51690
51690
51692
51692
51692
51693
51693
51695
51697
51698
51698
51698
51701
51702
51703
51704
51704
51705
51706
51707
51708
51709
51709
51710
51710
51711
51713
51713
51713
51715
51715
51717
51717
51717
51719
51719
51721
51722
51723
51723
51725
51726
51726
51728
51730
51731
51732
51732
51733
51734
51735
51736
51736
51736
51736
51738
51739
51739
51742
51742
51742
51745
51745
51745
51746
51747
51748
51748
51749
51753
51753
51753
51757
51757
51759
51760
51760
51760
51763
51764
51764
51765
51766
51766
51767
51767
51769
51769
51769
51771
51772
51773
51774
51776
51777
51778
51778
51779
51780
51780
51781
51782
51784
51785
51787
51787
51788
51789
51790
51791
51792
51792
51792
51793
51794
51796
51796
51799
51799
51800
51800
51800
51801
51801
51803
51805
51805
51806
51806
51807
51808
51808
51808
51810
51811
51811
51811
51812
51813
51814
51814
51816
51817
51819
51821
51821
51824
51826
51827
51829
51829
51830
51830
51830
51830
51831
51832
51832
51832
51832
51833
51833
51833
51834
51835
51835
51837
51837
51838
51839
51840
51842
51843
51844
51845
51846
51847
51848
51849
51849
51850
51852
51853
51854
51856
51857
51858
51858
51859
51860
51860
51860
51864
51865
51866
51867
51868
51868
51870
51870
51872
51872
51873
51875
51875
51875
51876
51876
51877
51880
51880
51881
51882
51882
51886
51887
51887
51888
51888
51890
51891
51891
51894
51895
51895
51896
51896
51897
51898
51899
51899
51900
51900
51901
51901
51902
51904
51905
51909
51910
51910
51911
51911
51913
51913
51913
51913
51916
51917
51919
51920
51922
51923
51923
51924
51926
51926
51926
51927
51927
51931
51932
51934
51934
51934
51934
51936
51936
51936
51938
51939
51940
51940
51941
51943
51945
51945
51947
51948
51950
51951
51951
51952
51953
51953
51956
51957
51960
51961
51962
51962
51962
51963
51965
51969
51969
51969
51970
51975
51975
51975
51976
51976
51977
51977
51979
51979
51981
51981
51982
51983
51984
51984
51985
51985
51986
51986
51988
51989
51989
51990
51994
51994
51994
51996
51997
51999
52001
52001
52001
52003
52003
52004
52004
52005
52005
52009
52011
52012
52015
52016
52016
52018
52019
52021
52023
52023
52023
52023
52024
52027
52027
52027
52028
52028
52028
52028
52029
52031
52031
52033
52033
52038
52038
52038
52039
52040
52040
52040
52041
52041
52041
52043
52045
52045
52046
52047
52047
52048
52049
52049
52050
52050
52052
52054
52054
52054
52055
52055
52057
52058
52060
52060
52062
52062
52063
52063
52064
52065
52065
52066
52066
52067
52068
52070
52070
52070
52071
52071
52072
52072
52073
52075
52079
52079
52080
52082
52082
52082
52086
52086
52087
52089
52089
52092
52092
52094
52094
52094
52095
52095
52095
52097
52097
52100
52100
52100
52101
52104
52104
52106
52106
52107
52108
52109
52109
52110
52111
52112
52113
52115
52118
52118
52120
52124
52124
52125
52126
52127
52127
52127
52128
52129
52130
52130
52131
52132
52132
52134
52139
52139
52140
52141
52141
52142
52144
52144
52146
52149
52152
52152
52154
52155
52155
52155
52155
52156
52158
52161
52162
52163
52164
52165
52165
52165
52166
52167
52168
52171
52172
52172
52172
52172
52172
52173
52173
52174
52174
52175
52175
52177
52179
52180
52182
52183
52183
52184
52185
52186
52186
52191
52192
52193
52193
52194
52194
52195
52195
52196
52196
52196
52197
52198
52201
52204
52204
52207
52207
52210
52210
52210
52210
52211
52211
52212
52215
52216
52216
52216
52218
52220
52224
52228
52228
52228
52230
52230
52232
52233
52235
52237
52237
52237
52237
52238
52238
52240
52240
52240
52241
52241
52243
52244
52248
52249
52249
52250
52250
52250
52251
52251
52252
52252
52253
52254
52256
52256
52257
52258
52258
52258
52259
52263
52264
52265
52265
52265
52266
52267
52270
52270
52273
52273
52274
52274
52275
52275
52275
52276
52277
52278
52279
52281
52282
52283
52284
52285
52286
52288
52291
52291
52292
52293
52294
52295
52296
52298
52299
52299
52299
52300
52302
52304
52304
52304
52305
52307
52307
52310
52310
52311
52312
52313
52314
52315
52316
52316
52316
52318
52318
52318
52318
52320
52320
52321
52323
52325
52330
52330
52330
52331
52332
52332
52333
52333
52334
52335
52338
52338
52338
52339
52341
52342
52342
52343
52344
52344
52346
52347
52347
52347
52348
52349
52349
52352
52354
52357
52358
52359
52359
52360
52360
52360
52365
52366
52367
52367
52369
52370
52371
52371
52373
52373
52377
52378
52378
52378
52378
52379
52381
52381
52382
52382
52383
52383
52384
52384
52386
52386
52389
52390
52391
52393
52393
52395
52397
52398
52399
52399
52402
52403
52404
52406
52407
52407
52407
52408
52408
52409
52409
52410
52411
52411
52411
52411
52412
52412
52413
52414
52416
52416
52417
52417
52419
52420
52423
52425
52425
52426
52426
52427
52427
52428
52429
52430
52430
52432
52433
52434
52434
52436
52440
52440
52440
52445
52446
52447
52450
52450
52450
52450
52452
52453
52454
52456
52458
52458
52462
52462
52462
52462
52463
52463
52463
52464
52464
52468
52469
52469
52470
52470
52471
52471
52472
52473
52475
52478
52478
52479
52479
52480
52481
52482
52482
52484
52485
52485
52486
52487
52488
52488
52489
52490
52491
52492
52493
52495
52498
52499
52500
52500
52501
52501
52501
52505
52505
52505
52507
52508
52508
52509
52509
52510
52510
52510
52512
52512
52512
52513
52513
52514
52516
52516
52517
52517
52517
52519
52520
52520
52520
52520
52521
52522
52522
52523
52524
52525
52526
52528
52528
52528
52529
52532
52532
52533
52533
52535
52536
52537
52538
52538
52539
52540
52541
52543
52544
52545
52546
52547
52549
52550
52553
52553
52553
52554
52554
52555
52558
52559
52559
52560
52560
52561
52562
52564
52564
52564
52565
52567
52568
52568
52568
52570
52570
52571
52575
52577
52579
52580
52581
52581
52582
52585
52585
52586
52587
52587
52587
52587
52589
52591
52591
52591
52593
52593
52594
52595
52596
52598
52598
52599
52599
52600
52601
52601
52602
52603
52604
52604
52604
52608
52609
52614
52614
52615
52615
52616
52620
52620
52621
52622
52622
52624
52624
52624
52626
52626
52627
52627
52628
52630
52630
52631
52631
52634
52636
52637
52638
52642
52645
52645
52645
52646
52649
52649
52649
52649
52650
52652
52653
52655
52655
52655
52656
52656
52657
52657
52657
52659
52662
52663
52663
52664
52664
52666
52669
52670
52670
52670
52670
52671
52672
52673
52673
52673
52674
52674
52675
52677
52678
52678
52680
52680
52681
52683
52683
52683
52684
52686
52686
52687
52688
52689
52691
52691
52692
52693
52693
52695
52697
52699
52699
52699
52699
52700
52701
52703
52703
52705
52708
52709
52711
52714
52716
52716
52717
52718
52718
52721
52725
52727
52727
52729
52729
52732
52733
52734
52734
52735
52737
52739
52739
52740
52740
52740
52741
52742
52743
52744
52745
52745
52746
52747
52748
52749
52750
52751
52752
52753
52753
52753
52754
52755
52756
52757
52758
52759
52760
52760
52761
52764
52765
52766
52770
52771
52772
52773
52773
52773
52774
52775
52777
52778
52779
52779
52779
52780
52780
52781
52784
52784
52785
52786
52786
52787
52787
52788
52788
52788
52789
52791
52794
52794
52795
52796
52797
52797
52799
52800
52800
52802
52802
52803
52803
52804
52805
52807
52810
52810
52810
52811
52811
52814
52814
52817
52819
52821
52821
52822
52822
52824
52824
52824
52826
52826
52826
52827
52829
52830
52831
52831
52832
52832
52834
52834
52836
52836
52837
52838
52839
52843
52844
52844
52844
52845
52849
52849
52850
52851
52851
52852
52853
52854
52854
52855
52855
52855
52855
52856
52856
52859
52859
52861
52862
52864
52865
52866
52869
52870
52870
52873
52875
52875
52875
52880
52880
52881
52882
52882
52883
52884
52885
52885
52885
52886
52886
52888
52888
52890
52892
52893
52894
52895
52896
52896
52896
52897
52897
52897
52899
52900
52900
52901
52905
52906
52907
52907
52910
52910
52910
52912
52912
52914
52915
52916
52917
52918
52918
52918
52920
52920
52921
52921
52924
52927
52929
52930
52931
52932
52933
52934
52937
52938
52938
52938
52940
52942
52944
52946
52947
52949
52950
52952
52956
52957
52957
52957
52957
52959
52960
52961
52966
52967
52967
52968
52968
52969
52970
52973
52974
52974
52976
52977
52977
52977
52978
52979
52983
52984
52984
52987
52987
52987
52988
52989
52991
52992
52994
52994
52995
52998
52998
53001
53002
53003
53004
53005
53006
53007
53007
53007
53007
53008
53008
53008
53009
53009
53010
53010
53010
53011
53011
53011
53013
53014
53015
53018
53019
53019
53022
53023
53023
53024
53025
53026
53028
53029
53029
53029
53031
53032
53035
53035
53035
53035
53035
53036
53037
53038
53038
53039
53041
53045
53045
53046
53047
53048
53050
53050
53055
53055
53056
53057
53057
53057
53058
53059
53059
53059
53059
53060
53062
53063
53064
53064
53065
53066
53066
53067
53068
53070
53070
53079
53079
53080
53083
53085
53085
53085
53087
53087
53087
53088
53089
53090
53092
53093
53093
53093
53094
53094
53096
53096
53096
53097
53097
53098
53102
53104
53106
53107
53108
53109
53110
53112
53112
53114
53115
53116
53119
53119
53120
53122
53123
53125
53126
53126
53126
53127
53128
53130
53131
53132
53132
53133
53134
53135
53135
53136
53137
53137
53139
53140
53140
53140
53140
53142
53143
53143
53143
53143
53143
53143
53145
53146
53148
53148
53148
53149
53149
53149
53152
53152
53156
53157
53158
53159
53159
53161
53161
53161
53163
53163
53164
53164
53164
53165
53166
53167
53168
53168
53169
53169
53172
53172
53174
53178
53179
53179
53180
53180
53182
53185
53185
53186
53187
53188
53189
53189
53189
53192
53192
53193
53194
53195
53195
53197
53198
53198
53201
53202
53202
53203
53204
53207
53207
53207
53208
53208
53208
53209
53213
53213
53214
53214
53215
53215
53216
53220
53220
53221
53221
53221
53222
53222
53223
53224
53225
53226
53226
53227
53228
53228
53229
53229
53229
53230
53231
53233
53239
53239
53240
53240
53242
53242
53242
53242
53244
53244
53246
53248
53249
53249
53249
53250
53251
53253
53253
53253
53255
53256
53256
53257
53257
53257
53258
53260
53260
53261
53263
53263
53264
53264
53264
53264
53264
53266
53267
53268
53271
53273
53273
53274
53274
53275
53276
53278
53279
53280
53280
53281
53282
53283
53283
53285
53286
53286
53288
53290
53291
53298
53299
53299
53302
53302
53303
53304
53304
53305
53309
53309
53310
53311
53311
53311
53314
53314
53316
53316
53317
53318
53318
53318
53321
53321
53322
53323
53324
53325
53326
53326
53329
53329
53329
53331
53332
53332
53333
53334
53335
53336
53337
53337
53338
53339
53339
53341
53342
53343
53346
53347
53348
53348
53348
53349
53351
53352
53354
53356
53357
53357
53361
53361
53368
53371
53372
53372
53375
53376
53378
53378
53378
53380
53382
53384
53385
53387
53387
53387
53388
53389
53389
53389
53390
53390
53390
53393
53393
53393
53395
53396
53396
53398
53402
53404
53406
53407
53407
53407
53408
53408
53410
53411
53412
53414
53414
53415
53415
53415
53416
53419
53419
53420
53420
53422
53423
53424
53424
53424
53425
53426
53426
53428
53428
53428
53428
53433
53433
53433
53434
53438
53438
53438
53439
53440
53445
53445
53448
53449
53452
53454
53455
53456
53456
53456
53456
53465
53466
53466
53467
53468
53468
53468
53470
53470
53471
53472
53472
53473
53473
53473
53474
53474
53475
53475
53475
53475
53475
53476
53477
53478
53479
53479
53481
53481
53482
53483
53483
53484
53484
53486
53487
53488
53491
53492
53493
53494
53495
53495
53495
53496
53497
53498
53498
53498
53499
53499
53502
53504
53504
53506
53508
53508
53509
53509
53510
53510
53510
53510
53511
53512
53512
53512
53513
53514
53516
53517
53517
53518
53520
53522
53523
53524
53525
53525
53527
53528
53528
53529
53530
53530
53531
53533
53533
53534
53537
53538
53539
53539
53540
53540
53541
53542
53542
53542
53543
53543
53543
53544
53545
53546
53547
53549
53550
53550
53550
53550
53553
53554
53555
53556
53557
53557
53557
53558
53559
53560
53560
53561
53562
53562
53563
53563
53564
53564
53568
53568
53570
53572
53573
53573
53574
53576
53579
53579
53580
53581
53582
53584
53585
53587
53588
53589
53590
53591
53591
53592
53592
53593
53595
53595
53596
53598
53600
53600
53600
53603
53604
53605
53606
53606
53606
53606
53607
53609
53612
53612
53613
53614
53615
53617
53617
53617
53617
53617
53618
53618
53620
53620
53620
53621
53621
53623
53623
53624
53624
53625
53625
53626
53627
53627
53627
53632
53633
53633
53633
53635
53637
53637
53638
53639
53640
53642
53643
53644
53647
53648
53648
53649
53650
53650
53650
53651
53652
53652
53653
53653
53656
53656
53657
53658
53658
53659
53662
53665
53666
53666
53666
53668
53668
53669
53670
53671
53672
53672
53674
53677
53678
53678
53679
53679
53680
53680
53681
53682
53682
53684
53685
53687
53687
53689
53689
53691
53692
53692
53694
53695
53695
53696
53701
53703
53703
53703
53704
53705
53705
53705
53705
53707
53707
53708
53709
53710
53711
53712
53713
53715
53715
53717
53718
53719
53719
53722
53722
53724
53725
53725
53727
53729
53730
53732
53735
53735
53736
53738
53741
53742
53742
53742
53743
53743
53744
53747
53747
53750
53752
53752
53753
53754
53754
53756
53756
53757
53757
53759
53761
53761
53762
53764
53767
53769
53769
53769
53770
53770
53771
53771
53772
53777
53777
53781
53782
53782
53783
53784
53785
53786
53786
53787
53787
53787
53788
53788
53789
53790
53791
53793
53793
53793
53794
53794
53795
53795
53795
53797
53798
53798
53798
53799
53801
53801
53802
53804
53805
53805
53806
53807
53807
53809
53810
53811
53811
53814
53815
53816
53817
53817
53817
53818
53819
53819
53819
53826
53826
53826
53826
53826
53829
53830
53830
53830
53830
53831
53831
53832
53833
53833
53834
53835
53835
53836
53839
53839
53839
53839
53840
53841
53841
53843
53843
53843
53844
53845
53847
53848
53848
53849
53850
53851
53853
53854
53856
53856
53858
53858
53859
53863
53867
53868
53870
53870
53870
53872
53873
53874
53875
53875
53877
53877
53877
53879
53879
53880
53880
53885
53886
53886
53888
53890
53891
53891
53893
53893
53893
53893
53893
53893
53893
53894
53894
53895
53896
53898
53901
53901
53901
53902
53904
53904
53906
53906
53906
53907
53908
53908
53909
53910
53910
53911
53912
53915
53915
53917
53920
53920
53921
53922
53924
53924
53924
53927
53927
53928
53930
53931
53933
53934
53934
53935
53936
53937
53939
53939
53939
53939
53939
53940
53940
53941
53942
53943
53944
53944
53947
53949
53949
53949
53950
53950
53950
53951
53951
53952
53953
53954
53956
53957
53959
53959
53960
53961
53961
53961
53962
53962
53962
53962
53965
53966
53966
53967
53968
53968
53969
53970
53970
53971
53973
53973
53974
53975
53976
53976
53976
53977
53978
53980
53980
53983
53984
53984
53985
53985
53986
53986
53987
53987
53987
53988
53990
53991
53992
53993
53993
53994
53998
53998
54000
54000
54000
54001
54001
54001
54003
54004
54006
54006
54006
54007
54007
54007
54008
54009
54010
54010
54013
54014
54015
54018
54018
54020
54022
54022
54022
54023
54023
54023
54025
54026
54026
54027
54028
54028
54029
54031
54033
54033
54035
54036
54036
54037
54037
54037
54038
54038
54040
54040
54042
54043
54044
54048
54050
54051
54052
54052
54054
54054
54056
54056
54058
54060
54061
54061
54062
54063
54064
54065
54067
54067
54068
54072
54072
54072
54073
54075
54076
54076
54077
54078
54080
54081
54082
54082
54083
54084
54084
54086
54087
54087
54087
54088
54090
54091
54092
54094
54097
54098
54099
54099
54101
54101
54101
54104
54105
54108
54108
54109
54112
54113
54113
54114
54114
54118
54120
54121
54121
54124
54125
54126
54127
54128
54129
54129
54131
54133
54133
54135
54136
54138
54138
54143
54143
54145
54145
54148
54149
54150
54150
54153
54154
54155
54155
54158
54159
54160
54160
54161
54162
54163
54163
54166
54166
54167
54168
54169
54169
54170
54171
54172
54173
54173
54173
54175
54177
54177
54180
54180
54181
54181
54182
54183
54185
54185
54186
54186
54187
54187
54187
54188
54188
54188
54188
54189
54190
54191
54192
54192
54194
54195
54196
54197
54197
54197
54198
54202
54204
54204
54205
54206
54206
54206
54207
54207
54207
54207
54209
54209
54210
54211
54211
54213
54214
54216
54217
54217
54218
54218
54219
54221
54225
54227
54227
54227
54228
54234
54234
54235
54239
54239
54240
54242
54243
54244
54246
54247
54249
54250
54252
54252
54256
54257
54259
54259
54260
54260
54260
54262
54262
54264
54264
54265
54267
54267
54268
54268
54268
54270
54270
54270
54271
54273
54273
54274
54275
54275
54276
54277
54282
54284
54285
54286
54286
54288
54289
54291
54292
54292
54294
54295
54296
54297
54297
54298
54299
54299
54302
54302
54302
54304
54306
54307
54307
54308
54308
54308
54309
54312
54312
54315
54316
54318
54320
54320
54322
54323
54323
54324
54325
54326
54328
54328
54329
54329
54330
54331
54332
54332
54332
54334
54335
54336
54337
54340
54340
54341
54342
54348
54349
54349
54351
54351
54353
54353
54355
54357
54357
54360
54364
54364
54365
54367
54367
54372
54373
54373
54374
54375
54376
54378
54378
54379
54379
54379
54380
54381
54381
54381
54381
54381
54382
54383
54383
54385
54386
54388
54389
54389
54395
54395
54398
54399
54399
54399
54399
54402
54402
54403
54403
54404
54405
54406
54408
54408
54410
54410
54411
54411
54411
54414
54416
54417
54418
54420
54422
54423
54424
54425
54426
54430
54430
54432
54432
54433
54434
54435
54436
54437
54438
54438
54440
54443
54443
54444
54445
54445
54446
54446
54448
54452
54452
54454
54455
54457
54461
54462
54463
54466
54466
54467
54471
54472
54472
54472
54472
54473
54474
54474
54475
54476
54476
54477
54477
54477
54480
54481
54485
54485
54486
54487
54487
54489
54489
54489
54490
54492
54495
54495
54498
54499
54502
54504
54505
54506
54507
54507
54508
54509
54509
54510
54511
54511
54511
54511
54511
54512
54512
54512
54513
54516
54516
54516
54517
54517
54519
54520
54520
54520
54520
54520
54521
54522
54522
54523
54524
54528
54529
54529
54531
54531
54533
54533
54533
54534
54537
54537
54538
54538
54539
54540
54540
54541
54543
54544
54546
54548
54548
54550
54551
54552
54552
54553
54553
54553
54554
54554
54556
54557
54558
54563
54564
54565
54566
54566
54568
54568
54569
54569
54569
54570
54570
54572
54575
54575
54575
54576
54577
54578
54579
54579
54580
54581
54582
54582
54584
54584
54584
54586
54586
54586
54587
54588
54591
54592
54594
54595
54596
54597
54598
54600
54600
54600
54600
54602
54602
54604
54604
54604
54605
54605
54605
54605
54606
54609
54611
54613
54615
54616
54616
54616
54617
54618
54619
54620
54620
54621
54622
54622
54622
54625
54625
54625
54626
54627
54627
54627
54629
54630
54630
54631
54634
54635
54637
54638
54641
54643
54644
54645
54647
54647
54647
54648
54649
54649
54650
54653
54653
54654
54655
54655
54655
54657
54658
54661
54665
54665
54666
54667
54670
54674
54674
54674
54678
54680
54680
54681
54683
54684
54685
54685
54685
54685
54685
54689
54689
54690
54690
54691
54692
54695
54695
54696
54698
54700
54700
54702
54703
54703
54704
54704
54706
54707
54709
54710
54710
54710
54711
54712
54712
54714
54715
54716
54716
54718
54719
54719
54720
54720
54720
54720
54722
54722
54723
54724
54724
54726
54726
54727
54727
54729
54729
54730
54731
54734
54735
54735
54736
54736
54737
54740
54740
54741
54741
54742
54743
54743
54743
54744
54745
54748
54749
54749
54750
54750
54750
54750
54751
54752
54752
54754
54754
54757
54759
54760
54760
54761
54762
54763
54764
54765
54766
54769
54769
54770
54770
54773
54774
54777
54778
54778
54778
54778
54778
54779
54783
54783
54784
54785
54786
54787
54789
54791
54792
54794
54795
54796
54797
54797
54798
54799
54799
54799
54800
54801
54803
54803
54804
54804
54805
54806
54808
54808
54810
54813
54813
54814
54815
54816
54816
54817
54819
54821
54821
54821
54821
54822
54823
54825
54825
54826
54827
54828
54829
54829
54829
54830
54831
54832
54833
54833
54833
54834
54836
54838
54838
54839
54845
54845
54846
54846
54846
54849
54850
54850
54851
54851
54851
54852
54852
54853
54854
54856
54857
54857
54858
54858
54860
54861
54861
54861
54862
54862
54865
54865
54866
54867
54867
54867
54870
54871
54871
54872
54873
54874
54877
54877
54877
54879
54879
54879
54880
54880
54880
54883
54883
54883
54884
54888
54889
54891
54893
54894
54894
54895
54896
54896
54898
54898
54900
54901
54904
54905
54906
54907
54907
54909
54911
54912
54912
54913
54914
54915
54915
54915
54915
54917
54918
54918
54919
54919
54921
54923
54923
54927
54928
54930
54935
54935
54935
54936
54937
54938
54938
54938
54940
54940
54945
54945
54946
54948
54952
54956
54956
54957
54957
54958
54959
54959
54960
54962
54963
54966
54967
54967
54967
54968
54969
54971
54971
54972
54972
54973
54973
54973
54974
54978
54979
54980
54983
54984
54984
54985
54985
54986
54987
54989
54991
54992
54992
54992
54994
54995
54997
54998
55000
55001
55001
55005
55005
55007
55007
55009
55009
55009
55010
55011
55012
55012
55013
55013
55013
55017
55018
55018
55019
55024
55024
55025
55025
55026
55027
55027
55029
55030
55031
55032
55032
55032
55033
55033
55034
55034
55034
55035
55035
55036
55038
55039
55039
55041
55042
55043
55045
55045
55046
55046
55047
55051
55053
55053
55054
55054
55056
55057
55057
55058
55060
55060
55061
55062
55063
55064
55065
55066
55066
55069
55069
55069
55074
55077
55078
55079
55079
55079
55079
55080
55082
55083
55084
55085
55089
55090
55092
55092
55092
55093
55094
55095
55096
55098
55100
55101
55104
55105
55105
55105
55107
55107
55107
55109
55109
55112
55113
55113
55115
55117
55119
55120
55124
55125
55126
55130
55132
55132
55133
55135
55135
55136
55139
55140
55143
55144
55144
55144
55147
55149
55149
55155
55155
55157
55161
55161
55164
55164
55164
55166
55169
55174
55174
55174
55175
55176
55176
55176
55177
55177
55178
55178
55179
55182
55182
55183
55183
55183
55184
55184
55185
55186
55187
55187
55188
55188
55189
55190
55190
55193
55195
55197
55198
55198
55198
55198
55199
55202
55203
55203
55204
55205
55206
55207
55208
55208
55208
55209
55210
55210
55212
55212
55214
55215
55216
55217
55219
55221
55221
55222
55224
55224
55224
55225
55226
55228
55228
55229
55229
55230
55230
55231
55233
55234
55235
55235
55238
55241
55242
55242
55243
55245
55246
55246
55247
55248
55249
55249
55250
55251
55251
55253
55253
55253
55254
55256
55256
55258
55259
55260
55261
55261
55264
55264
55265
55266
55266
55266
55267
55267
55267
55269
55272
55273
55277
55277
55278
55278
55279
55281
55281
55286
55286
55287
55288
55292
55292
55293
55294
55294
55294
55297
55298
55299
55299
55300
55300
55302
55304
55305
55307
55307
55310
55314
55318
55319
55320
55322
55322
55323
55323
55324
55325
55325
55326
55327
55329
55329
55330
55331
55334
55335
55336
55337
55337
55337
55338
55338
55338
55339
55342
55343
55344
55345
55345
55345
55346
55346
55346
55346
55348
55349
55349
55350
55351
55353
55354
55356
55357
55358
55359
55359
55360
55360
55361
55361
55361
55362
55363
55363
55366
55370
55370
55372
55375
55376
55377
55378
55378
55378
55379
55379
55380
55382
55384
55385
55386
55386
55387
55388
55388
55389
55389
55389
55395
55395
55396
55396
55397
55399
55399
55400
55401
55401
55402
55402
55405
55405
55407
55407
55407
55407
55408
55410
55410
55411
55411
55411
55412
55412
55413
55413
55413
55414
55414
55415
55415
55416
55417
55418
55420
55420
55421
55422
55422
55422
55423
55424
55426
55426
55428
55429
55430
55430
55430
55433
55438
55438
55441
55442
55443
55443
55445
55445
55446
55447
55448
55448
55450
55452
55452
55454
55459
55460
55460
55461
55462
55464
55465
55465
55466
55467
55469
55470
55470
55471
55474
55475
55478
55478
55480
55480
55481
55483
55483
55484
55484
55485
55486
55486
55491
55491
55492
55494
55494
55494
55495
55496
55496
55497
55499
55500
55500
55501
55501
55502
55503
55503
55503
55506
55507
55511
55512
55512
55512
55513
55515
55515
55515
55515
55516
55517
55519
55520
55522
55523
55524
55524
55524
55524
55525
55526
55528
55530
55531
55534
55534
55535
55535
55536
55538
55538
55539
55540
55540
55540
55540
55540
55541
55541
55541
55541
55543
55544
55544
55545
55546
55546
55547
55547
55549
55549
55550
55554
55554
55556
55557
55559
55559
55560
55560
55562
55563
55563
55565
55567
55568
55570
55570
55570
55572
55578
55578
55583
55587
55587
55587
55590
55590
55591
55591
55592
55592
55593
55594
55595
55595
55596
55596
55597
55599
55599
55600
55600
55602
55603
55605
55607
55608
55608
55609
55610
55610
55611
55611
55612
55613
55615
55617
55618
55618
55622
55622
55622
55623
55624
55628
55631
55632
55633
55634
55637
55637
55638
55639
55640
55640
55642
55643
55645
55646
55647
55647
55647
55648
55649
55652
55653
55653
55654
55654
55656
55656
55657
55658
55660
55661
55662
55662
55663
55664
55664
55665
55665
55665
55666
55667
55667
55668
55669
55669
55669
55672
55677
55678
55679
55680
55680
55680
55680
55681
55682
55683
55684
55684
55687
55688
55690
55691
55691
55691
55692
55693
55693
55693
55693
55696
55697
55698
55699
55699
55700
55701
55701
55702
55702
55702
55703
55703
55703
55704
55704
55706
55707
55710
55710
55711
55712
55712
55712
55712
55713
55713
55714
55715
55716
55716
55717
55717
55717
55717
55718
55719
55720
55721
55722
55724
55724
55726
55726
55726
55726
55726
55727
55728
55728
55729
55730
55730
55731
55732
55734
55737
55738
55739
55741
55741
55743
55743
55743
55743
55743
55744
55744
55746
55747
55748
55752
55755
55756
55756
55756
55758
55759
55761
55762
55766
55766
55769
55769
55770
55770
55771
55774
55774
55775
55776
55776
55777
55777
55778
55778
55779
55779
55779
55781
55785
55786
55788
55788
55790
55790
55791
55791
55792
55792
55794
55795
55796
55797
55799
55802
55802
55803
55804
55806
55807
55808
55810
55811
55812
55812
55814
55814
55815
55815
55817
55820
55820
55821
55824
55824
55824
55826
55827
55827
55828
55828
55830
55831
55833
55833
55834
55838
55839
55840
55841
55842
55842
55842
55844
55847
55852
55854
55854
55854
55854
55855
55857
55857
55858
55859
55861
55862
55863
55864
55865
55865
55866
55867
55869
55870
55873
55874
55876
55877
55881
55882
55883
55884
55884
55886
55890
55892
55895
55896
55897
55898
55899
55899
55899
55899
55900
55900
55901
55901
55901
55902
55902
55905
55905
55906
55907
55907
55908
55909
55909
55912
55913
55919
55925
55927
55927
55928
55930
55931
55932
55933
55934
55936
55939
55944
55944
55944
55946
55946
55949
55952
55956
55957
55957
55958
55959
55960
55962
55963
55964
55964
55965
55967
55967
55967
55967
55968
55968
55969
55969
55969
55970
55971
55971
55972
55973
55973
55975
55976
55976
55982
55982
55983
55985
55986
55986
55986
55987
55987
55987
55988
55988
55991
55992
55994
55997
55998
56003
56004
56005
56005
56007
56008
56009
56009
56012
56013
56013
56013
56014
56015
56016
56016
56017
56017
56017
56018
56018
56020
56020
56020
56020
56021
56021
56023
56023
56026
56026
56026
56027
56027
56029
56030
56031
56033
56033
56035
56036
56041
56042
56043
56046
56046
56048
56050
56051
56052
56053
56053
56054
56054
56060
56062
56066
56067
56067
56068
56068
56068
56068
56069
56071
56071
56071
56073
56074
56075
56075
56076
56077
56077
56079
56080
56081
56082
56083
56087
56088
56088
56088
56089
56089
56090
56090
56092
56094
56094
56095
56095
56097
56098
56098
56098
56099
56099
56100
56100
56100
56100
56101
56101
56102
56103
56103
56103
56104
56104
56105
56106
56108
56108
56108
56109
56109
56110
56110
56110
56111
56111
56111
56114
56116
56116
56116
56116
56117
56118
56119
56120
56121
56123
56125
56126
56127
56127
56128
56130
56133
56136
56136
56137
56137
56138
56139
56141
56143
56144
56144
56145
56146
56149
56149
56149
56151
56157
56157
56159
56161
56164
56164
56164
56164
56165
56166
56166
56166
56167
56168
56168
56170
56170
56173
56175
56175
56178
56178
56180
56181
56182
56182
56184
56187
56189
56189
56190
56191
56191
56192
56192
56196
56196
56197
56198
56198
56198
56201
56203
56203
56203
56204
56207
56207
56209
56209
56209
56210
56210
56210
56211
56211
56211
56213
56213
56214
56215
56217
56218
56218
56221
56221
56224
56224
56225
56226
56226
56227
56227
56228
56231
56236
56237
56237
56238
56239
56240
56242
56243
56243
56246
56248
56249
56252
56252
56252
56253
56253
56253
56254
56254
56255
56255
56257
56258
56258
56260
56261
56261
56262
56262
56263
56263
56266
56266
56267
56270
56272
56272
56274
56275
56276
56277
56279
56280
56280
56280
56283
56283
56283
56286
56286
56287
56287
56287
56289
56295
56295
56295
56297
56299
56300
56302
56303
56304
56304
56305
56308
56309
56309
56311
56312
56312
56312
56313
56314
56314
56315
56316
56316
56317
56318
56318
56321
56322
56323
56324
56325
56326
56328
56329
56330
56331
56331
56331
56335
56336
56337
56338
56340
56341
56342
56342
56344
56344
56345
56345
56347
56350
56351
56352
56352
56352
56353
56353
56354
56355
56355
56357
56357
56359
56359
56360
56361
56363
56366
56368
56372
56372
56375
56379
56380
56381
56381
56384
56385
56387
56387
56388
56389
56391
56393
56396
56398
56400
56401
56402
56403
56403
56406
56406
56409
56411
56412
56412
56415
56418
56420
56420
56421
56423
56424
56425
56425
56427
56428
56428
56430
56430
56431
56433
56436
56436
56437
56440
56440
56441
56442
56443
56443
56446
56447
56448
56449
56450
56451
56453
56453
56453
56456
56456
56458
56458
56458
56461
56461
56464
56465
56470
56471
56472
56472
56474
56475
56476
56479
56479
56480
56480
56481
56481
56482
56482
56483
56484
56484
56486
56490
56490
56492
56492
56493
56495
56495
56495
56496
56497
56497
56500
56501
56501
56502
56504
56505
56505
56507
56508
56509
56509
56510
56510
56512
56512
56513
56513
56514
56517
56517
56518
56519
56522
56522
56525
56526
56527
56527
56527
56527
56527
56527
56527
56529
56531
56532
56533
56534
56534
56537
56537
56538
56538
56541
56542
56543
56544
56544
56544
56544
56544
56545
56545
56545
56547
56547
56547
56548
56549
56550
56550
56552
56552
56554
56554
56554
56555
56557
56558
56558
56560
56562
56564
56564
56564
56564
56566
56566
56567
56568
56570
56571
56573
56573
56575
56577
56578
56579
56579
56580
56581
56581
56581
56582
56583
56584
56584
56585
56585
56590
56590
56591
56591
56592
56593
56593
56598
56600
56601
56604
56604
56605
56606
56606
56606
56607
56607
56609
56609
56611
56612
56612
56612
56612
56613
56615
56615
56615
56615
56617
56617
56620
56623
56623
56624
56625
56626
56628
56631
56634
56635
56638
56639
56642
56642
56643
56643
56646
56649
56650
56651
56651
56653
56653
56654
56654
56654
56658
56659
56659
56660
56665
56665
56666
56666
56666
56667
56667
56667
56668
56670
56671
56673
56674
56675
56676
56677
56677
56678
56678
56680
56680
56681
56682
56682
56682
56683
56683
56684
56686
56687
56687
56688
56690
56691
56698
56698
56699
56701
56702
56706
56706
56707
56707
56707
56707
56708
56709
56709
56710
56711
56713
56713
56714
56716
56719
56720
56723
56724
56725
56726
56727
56729
56730
56730
56735
56736
56736
56738
56738
56738
56739
56739
56739
56739
56740
56742
56742
56746
56746
56746
56747
56747
56748
56748
56749
56749
56752
56752
56753
56755
56756
56758
56758
56759
56760
56761
56761
56762
56763
56764
56764
56767
56768
56768
56769
56771
56774
56776
56778
56779
56781
56782
56783
56784
56785
56786
56786
56786
56787
56790
56791
56791
56792
56792
56792
56794
56795
56795
56798
56798
56799
56799
56800
56801
56804
56808
56814
56816
56817
56818
56819
56820
56820
56821
56821
56822
56823
56823
56825
56826
56826
56827
56828
56829
56830
56834
56834
56835
56835
56835
56839
56839
56840
56842
56843
56844
56844
56844
56844
56845
56845
56845
56848
56848
56850
56851
56855
56855
56855
56857
56860
56861
56861
56862
56862
56863
56864
56865
56865
56866
56868
56868
56868
56868
56869
56869
56870
56870
56872
56872
56874
56875
56876
56876
56876
56876
56877
56878
56878
56878
56879
56879
56879
56879
56885
56885
56886
56888
56889
56889
56889
56892
56895
56895
56895
56896
56896
56897
56899
56899
56899
56902
56902
56902
56905
56906
56906
56907
56907
56909
56909
56913
56917
56917
56917
56919
56919
56920
56920
56921
56921
56923
56924
56925
56925
56926
56927
56929
56929
56929
56930
56931
56931
56931
56932
56934
56935
56935
56936
56939
56940
56941
56942
56942
56942
56945
56951
56951
56951
56952
56952
56956
56957
56957
56958
56958
56958
56960
56960
56964
56964
56965
56966
56966
56968
56969
56969
56971
56971
56972
56975
56976
56977
56977
56980
56982
56982
56983
56983
56983
56984
56984
56985
56985
56986
56988
56988
56991
56992
56992
56993
56995
56997
56998
56999
57001
57002
57003
57004
57004
57004
57005
57006
57007
57008
57010
57010
57010
57011
57012
57012
57013
57013
57014
57014
57015
57016
57016
57016
57017
57018
57018
57018
57019
57019
57019
57020
57021
57023
57023
57025
57026
57027
57027
57030
57030
57033
57035
57036
57036
57036
57039
57039
57041
57042
57043
57044
57044
57047
57051
57051
57053
57055
57056
57056
57057
57058
57060
57060
57061
57061
57062
57062
57063
57063
57063
57065
57066
57066
57066
57067
57068
57070
57071
57074
57074
57075
57081
57083
57083
57084
57084
57085
57085
57086
57086
57088
57090
57091
57091
57092
57094
57094
57095
57095
57096
57096
57098
57099
57099
57101
57101
57101
57103
57103
57104
57105
57107
57108
57110
57111
57111
57113
57113
57114
57114
57115
57115
57116
57117
57117
57118
57119
57119
57121
57122
57123
57123
57124
57124
57124
57125
57125
57126
57127
57127
57127
57131
57132
57132
57134
57135
57138
57140
57141
57141
57142
57144
57144
57147
57147
57147
57148
57149
57150
57150
57150
57153
57154
57154
57156
57159
57159
57159
57160
57160
57161
57163
57163
57164
57165
57167
57167
57167
57169
57169
57170
57171
57171
57171
57172
57173
57174
57174
57174
57177
57178
57179
57182
57182
57183
57184
57185
57187
57187
57188
57189
57189
57190
57191
57191
57192
57194
57200
57200
57200
57202
57203
57203
57204
57207
57207
57209
57210
57214
57216
57217
57217
57217
57219
57219
57222
57223
57224
57225
57225
57227
57230
57232
57232
57233
57233
57234
57239
57240
57241
57241
57242
57243
57245
57248
57249
57250
57256
57258
57258
57258
57259
57261
57261
57261
57261
57262
57263
57265
57266
57267
57268
57271
57271
57272
57272
57273
57273
57275
57275
57277
57277
57278
57280
57281
57282
57283
57283
57283
57284
57284
57285
57286
57287
57288
57288
57290
57292
57292
57294
57295
57296
57297
57298
57298
57300
57302
57303
57303
57304
57304
57308
57310
57313
57313
57313
57314
57314
57314
57315
57318
57319
57321
57321
57321
57324
57324
57326
57329
57336
57336
57337
57337
57338
57338
57339
57339
57340
57340
57341
57341
57341
57342
57344
57345
57349
57350
57351
57351
57352
57352
57352
57353
57354
57357
57357
57357
57358
57359
57361
57362
57363
57364
57365
57366
57366
57367
57368
57369
57370
57371
57375
57376
57377
57377
57378
57378
57379
57379
57380
57382
57382
57387
57388
57389
57389
57390
57390
57391
57392
57392
57393
57394
57394
57395
57395
57396
57397
57397
57399
57404
57406
57407
57408
57409
57409
57409
57410
57411
57415
57416
57416
57417
57419
57420
57422
57422
57423
57423
57424
57425
57427
57427
57430
57431
57431
57432
57435
57436
57437
57437
57438
57438
57440
57444
57445
57445
57446
57447
57448
57448
57449
57450
57451
57452
57453
57453
57456
57456
57456
57457
57458
57460
57461
57463
57463
57467
57467
57467
57467
57468
57468
57469
57469
57469
57470
57472
57472
57472
57473
57474
57476
57478
57479
57479
57481
57481
57482
57484
57484
57485
57486
57486
57487
57489
57489
57490
57490
57491
57492
57493
57493
57494
57495
57496
57497
57498
57501
57502
57504
57505
57505
57505
57508
57511
57513
57514
57514
57514
57515
57517
57518
57520
57520
57522
57523
57523
57526
57527
57528
57529
57530
57530
57532
57532
57534
57534
57534
57538
57538
57538
57538
57539
57540
57541
57542
57543
57546
57547
57548
57550
57550
57551
57552
57554
57554
57556
57558
57559
57561
57564
57566
57567
57567
57567
57568
57570
57572
57573
57574
57577
57577
57577
57577
57578
57578
57581
57585
57585
57585
57585
57585
57585
57585
57588
57592
57594
57596
57597
57598
57598
57600
57602
57607
57608
57610
57610
57613
57614
57614
57615
57616
57619
57619
57620
57620
57621
57622
57622
57622
57623
57624
57626
57627
57630
57631
57632
57632
57632
57633
57633
57634
57635
57636
57636
57637
57638
57638
57638
57638
57638
57639
57643
57643
57645
57646
57646
57646
57646
57648
57648
57649
57650
57651
57653
57653
57653
57655
57657
57658
57659
57659
57660
57663
57666
57666
57669
57670
57670
57672
57673
57673
57674
57675
57679
57680
57681
57682
57682
57685
57685
57685
57685
57686
57688
57688
57690
57690
57690
57694
57694
57694
57696
57696
57697
57699
57700
57701
57702
57703
57706
57706
57707
57709
57710
57710
57711
57712
57713
57713
57714
57715
57718
57722
57722
57724
57725
57726
57726
57727
57728
57729
57730
57734
57735
57735
57735
57735
57737
57737
57738
57740
57741
57743
57749
57749
57751
57751
57752
57753
57753
57753
57754
57755
57756
57756
57758
57759
57760
57760
57761
57761
57761
57764
57765
57766
57766
57766
57766
57767
57768
57768
57768
57770
57770
57772
57772
57773
57774
57775
57776
57777
57778
57778
57778
57779
57780
57784
57785
57787
57788
57788
57789
57792
57793
57793
57794
57794
57795
57796
57797
57798
57800
57804
57804
57804
57805
57806
57807
57807
57808
57809
57810
57811
57812
57812
57812
57814
57815
57817
57818
57819
57820
57820
57820
57821
57824
57825
57825
57826
57826
57827
57827
57829
57831
57833
57836
57837
57837
57840
57841
57841
57842
57843
57847
57847
57848
57851
57851
57851
57851
57852
57855
57855
57855
57856
57856
57857
57857
57862
57862
57863
57864
57864
57866
57867
57867
57867
57867
57869
57870
57870
57872
57872
57873
57876
57877
57878
57878
57878
57878
57878
57881
57881
57882
57882
57884
57886
57888
57889
57890
57890
57891
57893
57896
57896
57897
57899
57900
57900
57901
57901
57904
57904
57905
57907
57908
57909
57910
57910
57911
57911
57911
57911
57911
57911
57912
57913
57913
57917
57919
57923
57927
57927
57928
57928
57929
57929
57930
57931
57931
57931
57931
57932
57932
57937
57938
57940
57941
57941
57943
57944
57944
57947
57947
57948
57950
57952
57953
57953
57954
57955
57955
57957
57961
57962
57963
57963
57964
57965
57966
57969
57969
57971
57971
57972
57973
57974
57974
57975
57977
57977
57981
57982
57984
57984
57984
57985
57986
57987
57987
57989
57992
57993
57995
57997
57998
57998
57999
58001
58002
58002
58002
58002
58003
58003
58003
58003
58004
58006
58008
58009
58009
58010
58011
58012
58012
58012
58013
58013
58014
58016
58017
58017
58018
58019
58019
58020
58021
58022
58022
58023
58024
58024
58025
58026
58027
58028
58028
58029
58030
58030
58031
58032
58033
58034
58034
58035
58035
58035
58037
58038
58039
58046
58047
58048
58048
58048
58051
58052
58054
58055
58055
58058
58058
58059
58059
58062
58063
58065
58066
58066
58069
58069
58070
58070
58071
58074
58074
58074
58075
58078
58079
58080
58080
58080
58081
58082
58083
58083
58084
58085
58085
58085
58086
58090
58091
58091
58092
58092
58093
58095
58096
58097
58097
58098
58099
58100
58102
58102
58102
58102
58103
58103
58103
58105
58105
58109
58110
58111
58111
58112
58113
58113
58115
58115
58117
58119
58120
58120
58120
58121
58122
58122
58124
58125
58126
58126
58126
58127
58127
58129
58129
58131
58131
58132
58133
58134
58135
58136
58136
58136
58136
58137
58138
58138
58139
58139
58139
58140
58140
58141
58142
58142
58142
58143
58143
58143
58144
58145
58147
58148
58148
58152
58152
58153
58154
58155
58158
58160
58160
58160
58160
58161
58161
58164
58164
58164
58166
58167
58169
58170
58171
58172
58173
58174
58175
58175
58176
58177
58178
58178
58183
58184
58184
58188
58190
58191
58191
58192
58193
58196
58197
58198
58200
58200
58200
58201
58201
58202
58203
58208
58209
58212
58214
58216
58218
58219
58220
58220
58222
58223
58224
58227
58228
58230
58231
58232
58232
58233
58235
58235
58236
58237
58238
58238
58239
58240
58240
58240
58241
58242
58244
58244
58246
58246
58247
58248
58248
58249
58250
58252
58253
58254
58255
58256
58256
58259
58265
58266
58266
58267
58267
58268
58268
58268
58269
58270
58271
58271
58272
58273
58273
58275
58275
58275
58276
58277
58277
58279
58280
58281
58281
58282
58283
58283
58287
58287
58288
58289
58290
58291
58291
58292
58292
58292
58294
58294
58298
58298
58299
58299
58300
58300
58302
58303
58303
58305
58305
58305
58305
58307
58308
58308
58310
58311
58313
58313
58313
58313
58314
58314
58317
58317
58317
58317
58319
58320
58323
58325
58327
58327
58329
58330
58330
58330
58332
58333
58333
58336
58336
58337
58338
58340
58340
58341
58342
58344
58346
58346
58347
58349
58350
58351
58352
58354
58357
58360
58361
58362
58362
58362
58363
58364
58365
58366
58366
58366
58367
58370
58370
58371
58372
58372
58373
58373
58373
58373
58374
58374
58375
58377
58378
58385
58386
58387
58387
58388
58390
58391
58393
58393
58396
58397
58398
58400
58401
58404
58404
58406
58406
58407
58409
58409
58410
58410
58412
58413
58414
58414
58415
58415
58417
58418
58418
58419
58420
58422
58423
58423
58424
58426
58426
58429
58429
58430
58430
58432
58432
58433
58434
58434
58437
58437
58440
58440
58440
58442
58443
58444
58445
58447
58447
58447
58448
58448
58448
58453
58458
58459
58461
58461
58462
58464
58464
58466
58468
58469
58469
58471
58472
58472
58475
58479
58479
58480
58482
58482
58486
58486
58487
58487
58487
58487
58490
58490
58490
58491
58494
58496
58496
58496
58497
58497
58499
58499
58500
58501
58501
58502
58502
58504
58504
58506
58507
58508
58508
58508
58510
58511
58511
58514
58514
58514
58516
58517
58519
58522
58524
58524
58525
58526
58526
58527
58529
58530
58532
58532
58533
58533
58534
58535
58535
58536
58536
58537
58537
58539
58539
58542
58543
58544
58545
58545
58545
58546
58547
58548
58548
58548
58549
58550
58551
58552
58553
58555
58556
58557
58557
58558
58562
58563
58568
58569
58570
58571
58573
58574
58575
58575
58579
58579
58581
58581
58582
58584
58584
58585
58588
58590
58592
58592
58593
58593
58593
58594
58594
58596
58596
58597
58598
58599
58600
58601
58602
58603
58604
58604
58607
58609
58610
58611
58612
58613
58615
58615
58615
58615
58618
58620
58622
58622
58622
58622
58623
58623
58626
58631
58632
58632
58633
58633
58634
58634
58635
58636
58637
58639
58640
58640
58640
58643
58645
58646
58646
58647
58649
58650
58651
58652
58652
58653
58656
58656
58656
58657
58657
58659
58660
58660
58663
58665
58666
58668
58669
58669
58670
58671
58672
58672
58673
58673
58674
58674
58677
58677
58677
58679
58679
58680
58680
58681
58682
58685
58686
58687
58687
58690
58691
58692
58692
58692
58693
58695
58695
58697
58697
58697
58698
58699
58699
58700
58700
58702
58705
58707
58707
58708
58710
58711
58712
58713
58714
58714
58715
58716
58718
58721
58722
58723
58724
58726
58727
58728
58728
58730
58732
58732
58734
58736
58737
58739
58740
58745
58745
58745
58746
58747
58749
58751
58753
58753
58753
58754
58755
58755
58756
58756
58757
58759
58759
58759
58760
58761
58762
58763
58763
58766
58767
58767
58768
58770
58771
58774
58774
58775
58776
58777
58778
58778
58778
58779
58779
58781
58781
58784
58785
58785
58789
58790
58790
58791
58791
58793
58793
58794
58795
58796
58797
58798
58802
58802
58805
58807
58807
58807
58808
58808
58809
58810
58811
58812
58813
58816
58817
58818
58818
58818
58820
58821
58824
58826
58826
58827
58827
58827
58828
58828
58829
58829
58832
58832
58832
58832
58836
58836
58836
58836
58838
58838
58839
58839
58841
58841
58841
58842
58842
58842
58844
58844
58845
58846
58846
58846
58847
58848
58848
58851
58852
58852
58852
58853
58853
58854
58854
58857
58858
58858
58858
58862
58862
58863
58865
58865
58866
58867
58868
58871
58871
58871
58876
58877
58877
58878
58879
58882
58882
58882
58883
58884
58885
58885
58886
58888
58889
58892
58892
58894
58898
58899
58901
58901
58902
58903
58905
58907
58907
58908
58908
58910
58910
58910
58910
58911
58912
58912
58914
58914
58917
58918
58918
58919
58920
58922
58923
58923
58925
58927
58928
58929
58929
58929
58931
58932
58932
58934
58935
58936
58938
58940
58941
58942
58943
58945
58946
58946
58947
58948
58949
58949
58952
58952
58953
58955
58956
58959
58959
58960
58960
58960
58965
58970
58973
58973
58978
58981
58981
58982
58984
58985
58985
58986
58986
58987
58987
58987
58987
58988
58989
58991
58992
58994
58995
58996
59000
59001
59001
59001
59003
59004
59005
59007
59007
59007
59008
59009
59009
59009
59010
59011
59013
59013
59016
59017
59017
59018
59018
59019
59020
59023
59026
59028
59029
59030
59031
59032
59033
59034
59036
59037
59039
59039
59039
59040
59041
59041
59042
59042
59042
59043
59044
59044
59044
59044
59045
59045
59045
59046
59048
59048
59049
59049
59050
59051
59053
59054
59054
59060
59060
59060
59064
59065
59067
59067
59067
59068
59068
59068
59068
59069
59070
59070
59072
59072
59073
59074
59075
59077
59077
59078
59079
59079
59080
59081
59082
59084
59084
59084
59084
59085
59085
59086
59087
59089
59091
59091
59091
59092
59092
59092
59093
59093
59094
59095
59095
59096
59098
59100
59100
59101
59102
59102
59102
59103
59103
59103
59103
59105
59105
59107
59107
59109
59111
59111
59112
59112
59112
59114
59114
59115
59115
59116
59117
59117
59119
59119
59119
59120
59121
59121
59121
59123
59123
59125
59125
59127
59128
59129
59129
59129
59130
59131
59131
59132
59134
59134
59136
59136
59137
59137
59142
59143
59143
59144
59145
59146
59148
59149
59150
59150
59151
59151
59151
59152
59153
59153
59155
59156
59158
59162
59162
59163
59164
59168
59169
59169
59170
59170
59170
59171
59172
59173
59173
59173
59175
59175
59176
59176
59178
59180
59181
59182
59183
59183
59184
59184
59185
59186
59186
59186
59187
59187
59188
59193
59194
59195
59195
59196
59197
59198
59199
59199
59200
59201
59201
59203
59204
59205
59205
59206
59206
59206
59206
59207
59210
59211
59211
59212
59212
59212
59213
59213
59214
59215
59218
59218
59221
59222
59223
59224
59224
59226
59226
59227
59227
59228
59231
59232
59235
59236
59239
59239
59239
59241
59241
59241
59242
59243
59247
59247
59249
59249
59250
59251
59252
59253
59253
59254
59254
59254
59256
59256
59259
59260
59263
59264
59266
59267
59268
59270
59270
59270
59270
59270
59272
59272
59274
59275
59279
59280
59281
59281
59281
59282
59282
59282
59283
59284
59284
59286
59288
59288
59292
59295
59296
59296
59296
59298
59300
59301
59302
59303
59303
59305
59307
59308
59309
59309
59309
59310
59311
59311
59313
59315
59315
59316
59319
59319
59320
59322
59323
59323
59323
59324
59324
59324
59326
59330
59331
59331
59332
59332
59335
59336
59336
59339
59339
59339
59340
59341
59345
59347
59347
59347
59349
59349
59349
59350
59353
59361
59363
59363
59365
59367
59368
59368
59368
59371
59372
59373
59373
59374
59375
59376
59376
59377
59377
59379
59379
59380
59381
59382
59382
59384
59384
59384
59384
59385
59389
59392
59393
59393
59396
59396
59396
59396
59396
59396
59397
59398
59398
59399
59400
59402
59403
59403
59404
59406
59406
59408
59410
59410
59415
59416
59416
59417
59419
59420
59420
59422
59422
59423
59428
59428
59429
59429
59430
59430
59432
59432
59433
59434
59434
59434
59434
59436
59438
59440
59440
59442
59442
59443
59443
59447
59447
59450
59453
59453
59453
59453
59454
59456
59457
59457
59458
59459
59459
59461
59463
59463
59464
59464
59465
59465
59466
59467
59468
59468
59469
59470
59472
59472
59473
59473
59473
59474
59474
59475
59476
59476
59479
59479
59480
59482
59482
59482
59482
59483
59484
59487
59487
59487
59487
59488
59489
59489
59490
59494
59495
59495
59498
59498
59498
59499
59501
59502
59502
59503
59504
59505
59505
59506
59506
59507
59508
59509
59511
59513
59513
59515
59516
59519
59523
59523
59523
59524
59524
59528
59528
59531
59531
59532
59533
59534
59535
59536
59536
59536
59536
59537
59538
59540
59543
59545
59546
59547
59547
59548
59549
59550
59551
59552
59552
59552
59552
59553
59553
59554
59554
59554
59555
59556
59557
59558
59559
59561
59565
59569
59570
59572
59572
59572
59573
59573
59575
59576
59577
59577
59578
59583
59583
59583
59584
59584
59585
59585
59586
59587
59587
59587
59588
59590
59591
59592
59594
59596
59596
59597
59597
59598
59598
59599
59600
59601
59602
59602
59603
59603
59603
59607
59607
59608
59611
59613
59613
59613
59614
59615
59616
59618
59618
59618
59619
59620
59620
59621
59621
59625
59627
59628
59630
59631
59635
59636
59636
59638
59639
59641
59641
59643
59644
59644
59644
59646
59649
59649
59650
59650
59650
59651
59651
59652
59652
59653
59653
59653
59653
59654
59655
59656
59656
59656
59656
59656
59656
59657
59658
59658
59659
59659
59660
59661
59662
59664
59667
59668
59669
59670
59670
59670
59671
59673
59674
59676
59676
59677
59678
59678
59679
59679
59680
59684
59684
59685
59686
59686
59687
59690
59691
59691
59693
59693
59693
59695
59695
59697
59698
59699
59700
59701
59701
59701
59703
59704
59705
59710
59711
59712
59712
59714
59715
59715
59716
59716
59717
59721
59721
59721
59727
59727
59727
59731
59731
59731
59732
59733
59733
59735
59736
59736
59737
59738
59738
59739
59739
59740
59740
59741
59743
59743
59745
59747
59749
59749
59750
59750
59752
59753
59753
59755
59755
59756
59758
59758
59758
59760
59760
59761
59762
59764
59764
59765
59766
59768
59768
59768
59768
59769
59770
59770
59771
59772
59775
59776
59777
59777
59778
59780
59781
59781
59781
59783
59784
59785
59785
59788
59788
59789
59790
59792
59792
59792
59795
59796
59796
59796
59797
59798
59799
59801
59802
59803
59803
59804
59806
59806
59810
59813
59813
59814
59814
59815
59815
59817
59819
59819
59819
59820
59821
59821
59823
59823
59824
59824
59825
59829
59831
59831
59833
59835
59835
59835
59838
59838
59838
59839
59839
59843
59844
59845
59847
59847
59847
59849
59849
59849
59850
59852
59852
59854
59854
59854
59856
59856
59856
59858
59860
59863
59863
59864
59866
59867
59868
59868
59869
59871
59871
59871
59872
59872
59873
59874
59875
59875
59875
59877
59877
59879
59880
59885
59886
59886
59886
59888
59888
59890
59892
59894
59895
59895
59895
59895
59896
59897
59897
59898
59899
59900
59902
59902
59903
59907
59908
59908
59911
59913
59913
59913
59913
59914
59914
59915
59916
59917
59918
59918
59918
59919
59919
59921
59921
59921
59921
59923
59923
59924
59925
59925
59925
59926
59927
59927
59927
59928
59928
59930
59931
59931
59932
59933
59933
59934
59939
59939
59939
59941
59941
59941
59942
59943
59943
59946
59947
59947
59947
59948
59949
59949
59952
59957
59958
59960
59960
59961
59963
59964
59964
59965
59968
59970
59973
59973
59974
59974
59975
59976
59976
59978
59979
59981
59981
59982
59982
59983
59983
59984
59985
59986
59986
59987
59990
59991
59992
59992
59992
59993
59993
59994
59994
59995
59996
59999
59999
60000
60003
60003
60003
60004
60005
60005
60006
60006
60007
60009
60015
60015
60015
60015
60016
60018
60020
60020
60022
60022
60023
60023
60024
60025
60026
60027
60027
60028
60028
60029
60030
60030
60031
60035
60037
60038
60040
60040
60040
60040
60040
60043
60047
60049
60050
60050
60050
60052
60054
60054
60054
60055
60058
60059
60059
60060
60061
60062
60064
60064
60065
60066
60066
60066
60067
60068
60069
60069
60069
60074
60074
60077
60079
60080
60080
60083
60083
60083
60085
60085
60086
60086
60087
60088
60088
60088
60089
60094
60094
60097
60100
60101
60102
60102
60104
60107
60108
60110
60111
60114
60114
60114
60116
60117
60117
60121
60122
60124
60126
60127
60128
60130
60131
60133
60134
60136
60137
60138
60140
60140
60141
60141
60142
60142
60144
60144
60146
60146
60147
60150
60150
60150
60151
60152
60154
60156
60156
60157
60158
60158
60159
60159
60161
60165
60167
60168
60168
60169
60171
60171
60172
60174
60175
60177
60177
60178
60179
60179
60179
60179
60181
60181
60182
60182
60183
60183
60183
60185
60185
60185
60186
60187
60188
60189
60190
60190
60190
60191
60192
60192
60192
60192
60192
60193
60193
60194
60195
60195
60195
60195
60197
60199
60199
60200
60200
60200
60203
60203
60204
60206
60208
60210
60211
60211
60211
60213
60213
60213
60213
60213
60213
60216
60217
60217
60217
60218
60218
60221
60221
60223
60223
60224
60227
60229
60230
60231
60231
60232
60233
60234
60234
60234
60236
60237
60237
60238
60239
60240
60241
60241
60242
60245
60247
60247
60248
60249
60249
60251
60252
60253
60253
60254
60258
60258
60259
60261
60262
60267
60268
60269
60270
60272
60272
60274
60274
60277
60277
60278
60279
60279
60280
60282
60283
60284
60284
60285
60286
60286
60288
60289
60289
60289
60289
60289
60292
60296
60297
60298
60298
60299
60300
60301
60301
60301
60302
60305
60306
60306
60307
60308
60309
60309
60309
60310
60310
60311
60312
60313
60314
60315
60315
60316
60316
60317
60318
60319
60319
60319
60319
60320
60320
60321
60322
60322
60323
60323
60325
60325
60325
60328
60329
60329
60330
60331
60332
60333
60334
60334
60335
60336
60337
60338
60341
60342
60343
60345
60345
60345
60345
60345
60345
60346
60350
60351
60351
60352
60353
60354
60354
60356
60360
60362
60362
60362
60363
60363
60363
60363
60365
60366
60367
60368
60368
60368
60369
60369
60369
60371
60372
60372
60374
60377
60380
60381
60381
60381
60382
60383
60384
60384
60385
60385
60386
60387
60388
60388
60390
60394
60394
60398
60400
60401
60401
60403
60403
60405
60405
60406
60406
60407
60408
60409
60410
60411
60412
60414
60417
60418
60419
60419
60421
60421
60422
60422
60423
60423
60423
60424
60425
60428
60429
60430
60430
60430
60431
60431
60431
60432
60432
60432
60432
60436
60437
60437
60437
60438
60440
60443
60445
60445
60445
60446
60446
60446
60447
60448
60448
60448
60449
60449
60449
60449
60450
60451
60453
60454
60457
60459
60460
60461
60462
60464
60464
60464
60465
60466
60468
60468
60469
60469
60470
60472
60473
60474
60474
60474
60475
60477
60477
60477
60478
60479
60480
60480
60480
60481
60482
60483
60483
60483
60484
60484
60485
60485
60486
60486
60487
60487
60488
60488
60489
60489
60489
60490
60491
60491
60492
60492
60498
60498
60498
60499
60501
60501
60502
60502
60506
60506
60508
60508
60508
60509
60509
60510
60510
60512
60513
60515
60517
60520
60520
60520
60522
60523
60523
60523
60524
60525
60526
60526
60526
60527
60529
60530
60532
60532
60534
60534
60535
60535
60536
60537
60537
60538
60539
60540
60540
60541
60541
60541
60543
60543
60544
60545
60545
60547
60548
60548
60548
60549
60549
60549
60550
60551
60551
60552
60554
60555
60556
60556
60557
60559
60559
60559
60559
60559
60561
60561
60562
60564
60564
60566
60568
60570
60572
60573
60573
60574
60576
60577
60579
60582
60584
60584
60584
60585
60585
60586
60587
60588
60589
60589
60589
60592
60594
60595
60595
60597
60598
60598
60599
60601
60602
60603
60603
60604
60606
60606
60606
60608
60611
60612
60615
60616
60617
60617
60619
60620
60620
60621
60622
60622
60623
60624
60624
60625
60626
60627
60629
60630
60632
60632
60632
60633
60637
60638
60639
60640
60642
60643
60644
60644
60648
60648
60648
60650
60650
60651
60651
60653
60653
60653
60654
60654
60655
60656
60658
60660
60660
60660
60661
60662
60662
60662
60663
60663
60663
60665
60666
60667
60667
60667
60670
60671
60671
60672
60674
60675
60677
60677
60678
60678
60679
60679
60679
60679
60680
60680
60681
60681
60682
60682
60682
60683
60683
60684
60684
60684
60687
60688
60688
60689
60690
60693
60693
60694
60695
60695
60696
60697
60697
60697
60697
60698
60699
60701
60701
60702
60703
60703
60703
60704
60704
60705
60705
60706
60707
60708
60710
60713
60713
60714
60715
60715
60716
60716
60717
60718
60718
60720
60721
60722
60723
60724
60724
60727
60727
60727
60728
60728
60728
60729
60730
60732
60732
60733
60739
60741
60743
60743
60745
60745
60746
60746
60746
60748
60751
60751
60753
60753
60756
60757
60757
60758
60759
60759
60760
60761
60762
60763
60764
60764
60765
60765
60767
60769
60773
60774
60774
60776
60777
60780
60780
60781
60782
60783
60783
60784
60785
60786
60788
60789
60789
60790
60792
60792
60793
60794
60795
60796
60799
60799
60800
60801
60804
60804
60806
60808
60811
60813
60813
60814
60814
60816
60821
60821
60822
60822
60823
60824
60824
60826
60827
60827
60828
60828
60829
60830
60831
60832
60832
60832
60834
60834
60834
60835
60835
60835
60837
60838
60838
60839
60840
60842
60844
60844
60845
60846
60847
60848
60849
60849
60851
60851
60852
60852
60853
60856
60856
60856
60858
60858
60859
60860
60860
60860
60860
60861
60862
60862
60863
60864
60864
60864
60865
60865
60866
60866
60866
60868
60871
60875
60875
60876
60876
60877
60878
60878
60878
60879
60879
60879
60880
60884
60885
60886
60887
60889
60889
60893
60893
60893
60894
60894
60894
60894
60895
60897
60897
60897
60898
60898
60900
60905
60905
60906
60907
60909
60911
60912
60912
60913
60915
60917
60918
60919
60920
60920
60920
60923
60923
60924
60924
60925
60927
60928
60928
60930
60931
60933
60934
60935
60936
60937
60940
60941
60942
60945
60946
60947
60949
60951
60952
60953
60955
60958
60959
60959
60959
60961
60962
60963
60968
60970
60972
60973
60976
60976
60976
60977
60977
60977
60982
60982
60983
60985
60986
60986
60987
60988
60989
60989
60989
60991
60991
60993
60993
60994
60995
60997
60997
60998
60998
60998
60999
61000
61001
61002
61002
61002
61003
61004
61005
61007
61008
61008
61009
61010
61015
61015
61015
61017
61021
61021
61022
61026
61027
61028
61029
61030
61030
61030
61031
61031
61032
61032
61033
61034
61036
61038
61039
61041
61041
61042
61042
61045
61047
61047
61049
61049
61050
61052
61053
61053
61053
61053
61054
61054
61055
61055
61056
61057
61058
61059
61059
61064
61064
61065
61065
61065
61067
61071
61071
61073
61075
61075
61076
61077
61077
61077
61079
61082
61082
61082
61083
61083
61086
61088
61089
61091
61091
61093
61094
61096
61098
61098
61099
61101
61102
61102
61103
61104
61104
61104
61104
61107
61107
61108
61109
61109
61112
61113
61114
61114
61115
61115
61116
61116
61116
61118
61119
61123
61124
61125
61126
61129
61129
61131
61132
61133
61134
61134
61136
61136
61136
61137
61138
61138
61139
61139
61140
61141
61143
61143
61146
61147
61150
61151
61152
61152
61153
61154
61157
61157
61157
61158
61158
61159
61160
61160
61161
61162
61163
61163
61164
61165
61167
61167
61167
61168
61169
61170
61170
61171
61172
61172
61172
61174
61174
61174
61175
61175
61176
61177
61178
61180
61182
61183
61183
61184
61185
61186
61186
61189
61190
61190
61193
61194
61194
61196
61197
61198
61198
61200
61201
61201
61201
61202
61206
61207
61207
61207
61207
61208
61208
61209
61210
61210
61212
61212
61214
61214
61215
61216
61216
61221
61222
61222
61223
61225
61226
61227
61230
61230
61231
61232
61234
61234
61235
61236
61236
61237
61237
61244
61244
61245
61246
61249
61249
61249
61250
61250
61250
61251
61251
61253
61254
61255
61256
61257
61259
61260
61260
61262
61262
61262
61263
61265
61266
61266
61267
61269
61270
61270
61273
61273
61274
61275
61276
61276
61276
61277
61277
61278
61279
61283
61283
61283
61283
61284
61286
61288
61292
61293
61293
61294
61294
61295
61298
61298
61300
61301
61305
61305
61305
61305
61306
61306
61308
61309
61309
61310
61310
61311
61312
61312
61315
61316
61317
61318
61319
61319
61321
61322
61323
61324
61324
61324
61325
61327
61328
61328
61329
61329
61330
61330
61332
61332
61332
61332
61332
61333
61334
61335
61336
61336
61339
61341
61341
61342
61343
61343
61343
61345
61345
61347
61350
61351
61351
61353
61354
61358
61359
61359
61361
61361
61362
61362
61362
61363
61366
61368
61371
61372
61372
61373
61376
61377
61379
61380
61381
61381
61382
61382
61383
61387
61387
61388
61389
61390
61393
61394
61397
61398
61399
61399
61399
61400
61402
61403
61404
61404
61405
61406
61406
61408
61409
61410
61410
61410
61411
61411
61411
61411
61411
61412
61412
61413
61413
61413
61413
61415
61416
61416
61418
61420
61420
61421
61422
61422
61425
61425
61425
61427
61427
61428
61429
61430
61431
61431
61432
61432
61432
61434
61436
61437
61437
61437
61438
61438
61439
61439
61439
61439
61441
61442
61443
61443
61443
61443
61444
61444
61446
61446
61448
61450
61450
61452
61452
61452
61453
61453
61456
61456
61457
61459
61461
61463
61464
61464
61465
61465
61465
61466
61467
61469
61471
61471
61474
61475
61477
61478
61478
61479
61480
61480
61481
61482
61482
61482
61483
61483
61484
61484
61486
61487
61488
61489
61490
61491
61491
61491
61491
61494
61496
61497
61498
61498
61499
61501
61501
61502
61502
61503
61503
61504
61505
61510
61511
61511
61513
61514
61516
61519
61520
61520
61521
61525
61525
61527
61528
61529
61531
61532
61533
61533
61534
61535
61536
61537
61537
61537
61537
61539
61539
61540
61540
61541
61543
61543
61544
61545
61545
61546
61547
61549
61549
61549
61549
61550
61551
61551
61553
61554
61555
61555
61557
61557
61558
61559
61559
61560
61563
61563
61563
61565
61565
61566
61566
61566
61566
61567
61568
61568
61571
61572
61572
61573
61574
61575
61577
61577
61579
61579
61579
61580
61581
61581
61582
61583
61584
61584
61585
61586
61588
61588
61593
61593
61596
61598
61598
61599
61601
61602
61604
61604
61605
61607
61607
61607
61607
61607
61608
61608
61608
61610
61610
61610
61610
61610
61611
61612
61616
61619
61619
61620
61620
61623
61623
61625
61626
61627
61627
61628
61628
61631
61631
61631
61631
61635
61636
61636
61636
61636
61636
61636
61637
61637
61638
61639
61640
61641
61641
61642
61644
61644
61647
61649
61651
61651
61653
61653
61654
61655
61656
61656
61657
61658
61662
61662
61664
61665
61665
61668
61668
61668
61669
61669
61670
61670
61671
61673
61673
61675
61677
61679
61681
61682
61684
61685
61686
61686
61688
61691
61692
61695
61700
61701
61702
61702
61704
61705
61706
61707
61708
61709
61711
61711
61712
61712
61712
61713
61713
61714
61715
61715
61717
61721
61725
61725
61726
61726
61727
61729
61729
61729
61732
61734
61734
61736
61737
61737
61738
61740
61741
61746
61747
61747
61748
61749
61750
61752
61752
61753
61753
61753
61754
61754
61755
61755
61755
61757
61757
61758
61758
61759
61759
61760
61760
61763
61764
61766
61766
61767
61767
61769
61771
61772
61774
61775
61775
61776
61777
61779
61780
61781
61781
61782
61783
61783
61783
61784
61784
61786
61788
61789
61791
61793
61794
61796
61796
61798
61798
61799
61800
61800
61800
61803
61803
61805
61805
61808
61809
61810
61810
61811
61813
61814
61814
61814
61816
61817
61818
61822
61822
61823
61824
61825
61825
61829
61830
61832
61833
61833
61835
61835
61835
61836
61836
61839
61839
61839
61839
61842
61844
61845
61850
61852
61852
61853
61854
61855
61855
61857
61858
61858
61860
61864
61864
61865
61866
61866
61868
61870
61871
61871
61872
61873
61874
61876
61876
61877
61877
61877
61878
61878
61879
61880
61883
61884
61884
61884
61884
61884
61885
61885
61885
61888
61888
61889
61890
61890
61893
61893
61893
61893
61894
61895
61895
61896
61897
61897
61899
61899
61901
61902
61906
61906
61906
61907
61908
61910
61911
61914
61914
61914
61915
61915
61916
61916
61916
61919
61919
61919
61919
61921
61923
61923
61924
61924
61926
61927
61927
61928
61929
61930
61931
61931
61934
61934
61935
61936
61936
61937
61939
61939
61939
61943
61943
61944
61945
61946
61946
61947
61947
61947
61948
61948
61950
61950
61951
61951
61951
61952
61953
61953
61954
61955
61955
61956
61956
61957
61961
61962
61964
61964
61964
61965
61966
61966
61966
61966
61966
61967
61968
61968
61971
61971
61973
61975
61975
61980
61980
61981
61981
61983
61984
61986
61986
61987
61987
61989
61993
61994
61994
61995
61996
61996
61996
61998
61998
61999
61999
62000
62000
62000
62001
62002
62003
62004
62004
62004
62005
62006
62009
62009
62010
62010
62011
62011
62012
62013
62013
62015
62016
62017
62017
62017
62019
62020
62020
62021
62021
62021
62021
62022
62022
62022
62025
62027
62027
62027
62028
62029
62031
62033
62036
62037
62038
62038
62039
62040
62041
62041
62041
62043
62047
62048
62049
62049
62050
62050
62053
62053
62055
62055
62057
62058
62058
62058
62059
62059
62060
62064
62065
62066
62066
62066
62068
62068
62069
62069
62070
62070
62072
62073
62076
62076
62076
62080
62081
62082
62084
62085
62085
62087
62087
62088
62088
62089
62089
62090
62092
62093
62093
62094
62095
62095
62096
62096
62097
62097
62097
62099
62100
62101
62103
62104
62104
62105
62106
62106
62106
62111
62111
62113
62114
62114
62115
62116
62116
62116
62117
62119
62120
62122
62125
62128
62128
62130
62130
62131
62131
62131
62131
62131
62131
62133
62133
62135
62135
62135
62136
62136
62136
62137
62138
62138
62139
62140
62140
62142
62143
62145
62145
62147
62150
62150
62150
62150
62152
62152
62153
62155
62155
62155
62157
62158
62159
62159
62159
62161
62161
62161
62161
62161
62162
62162
62163
62165
62166
62167
62167
62168
62170
62172
62172
62172
62172
62174
62174
62174
62175
62175
62175
62176
62178
62178
62178
62178
62185
62185
62187
62189
62190
62190
62192
62193
62194
62195
62195
62197
62199
62199
62201
62202
62202
62204
62205
62209
62210
62211
62212
62212
62213
62213
62214
62214
62215
62216
62217
62217
62220
62221
62221
62222
62223
62223
62224
62224
62225
62227
62227
62228
62229
62231
62232
62232
62233
62233
62234
62235
62236
62236
62238
62239
62240
62241
62241
62242
62245
62247
62247
62247
62249
62249
62251
62255
62255
62255
62256
62256
62256
62257
62257
62257
62259
62259
62261
62261
62265
62267
62267
62268
62268
62268
62268
62269
62271
62277
62278
62279
62282
62283
62284
62285
62285
62285
62286
62286
62286
62287
62288
62289
62289
62290
62291
62291
62292
62292
62294
62294
62294
62294
62294
62295
62296
62297
62300
62302
62302
62307
62307
62308
62309
62309
62311
62311
62314
62315
62315
62316
62317
62318
62324
62325
62325
62326
62327
62327
62329
62329
62331
62332
62334
62336
62336
62336
62337
62338
62338
62340
62340
62341
62342
62345
62346
62346
62350
62351
62353
62355
62355
62355
62357
62357
62358
62359
62360
62361
62362
62364
62368
62369
62370
62371
62371
62373
62374
62375
62378
62379
62380
62381
62381
62382
62383
62383
62386
62386
62386
62386
62390
62391
62391
62393
62393
62394
62394
62394
62397
62397
62397
62398
62398
62399
62400
62402
62402
62403
62407
62407
62408
62408
62412
62414
62415
62416
62416
62417
62418
62418
62419
62421
62421
62424
62426
62427
62427
62428
62429
62429
62430
62430
62430
62432
62432
62434
62435
62435
62438
62438
62441
62441
62441
62442
62443
62444
62446
62446
62449
62450
62451
62452
62452
62452
62454
62455
62455
62455
62456
62456
62457
62457
62460
62460
62461
62462
62462
62462
62463
62464
62465
62465
62467
62468
62469
62469
62470
62471
62473
62474
62479
62479
62479
62480
62482
62485
62487
62490
62490
62491
62492
62492
62493
62493
62493
62496
62496
62496
62498
62498
62498
62498
62499
62500
62501
62503
62503
62504
62505
62506
62508
62509
62510
62512
62512
62513
62515
62515
62518
62518
62519
62519
62519
62519
62520
62521
62522
62525
62526
62526
62527
62529
62530
62530
62531
62532
62532
62533
62535
62538
62538
62539
62540
62540
62541
62542
62542
62545
62546
62548
62548
62549
62549
62553
62553
62555
62557
62557
62557
62561
62561
62562
62563
62565
62567
62568
62568
62568
62569
62569
62569
62571
62571
62571
62572
62572
62574
62574
62575
62575
62575
62576
62576
62577
62577
62578
62580
62580
62583
62583
62584
62585
62586
62586
62587
62587
62587
62590
62590
62592
62593
62593
62593
62594
62594
62594
62594
62595
62595
62596
62596
62598
62599
62600
62601
62603
62603
62605
62605
62610
62611
62612
62613
62613
62615
62615
62616
62616
62617
62617
62618
62618
62619
62619
62619
62623
62624
62626
62627
62628
62628
62629
62631
62631
62632
62632
62632
62633
62633
62634
62634
62636
62637
62637
62644
62644
62645
62645
62648
62648
62649
62650
62652
62653
62654
62655
62655
62656
62657
62657
62657
62657
62658
62658
62658
62658
62658
62658
62659
62660
62660
62660
62660
62661
62662
62663
62666
62666
62667
62668
62668
62669
62669
62670
62672
62672
62674
62675
62676
62676
62678
62679
62680
62680
62680
62681
62682
62683
62684
62684
62685
62685
62685
62685
62687
62687
62689
62689
62690
62690
62690
62693
62693
62694
62694
62695
62696
62696
62698
62698
62698
62699
62703
62703
62707
62708
62709
62711
62712
62712
62713
62713
62713
62715
62716
62720
62720
62720
62722
62724
62726
62726
62726
62729
62730
62731
62732
62733
62734
62734
62736
62738
62738
62739
62739
62741
62741
62744
62744
62744
62745
62746
62747
62748
62749
62750
62750
62751
62751
62753
62755
62755
62755
62755
62756
62761
62761
62763
62763
62763
62765
62766
62766
62767
62768
62769
62773
62773
62776
62776
62777
62777
62777
62778
62779
62780
62781
62788
62788
62789
62789
62790
62791
62792
62792
62793
62794
62795
62795
62799
62807
62807
62808
62808
62811
62812
62812
62812
62814
62814
62815
62815
62816
62816
62816
62817
62819
62819
62819
62821
62821
62821
62823
62823
62824
62825
62825
62825
62827
62829
62829
62830
62831
62831
62831
62833
62834
62836
62837
62837
62838
62838
62839
62840
62844
62848
62849
62850
62852
62852
62853
62857
62859
62859
62860
62861
62862
62863
62865
62865
62866
62867
62868
62869
62869
62870
62871
62872
62873
62877
62879
62879
62879
62879
62881
62881
62881
62883
62883
62884
62884
62885
62885
62885
62886
62887
62888
62892
62892
62892
62895
62895
62896
62896
62898
62904
62906
62906
62908
62908
62912
62913
62914
62915
62915
62915
62916
62917
62919
62919
62919
62922
62923
62923
62924
62924
62925
62928
62929
62929
62932
62932
62934
62934
62935
62935
62936
62937
62938
62938
62941
62942
62945
62947
62948
62948
62949
62950
62954
62955
62956
62958
62959
62959
62959
62959
62960
62961
62962
62962
62964
62965
62966
62967
62967
62967
62968
62968
62969
62970
62971
62971
62972
62974
62975
62976
62976
62977
62978
62980
62981
62984
62984
62986
62987
62987
62988
62988
62989
62989
62989
62990
62992
62992
62993
62993
62994
62995
62995
62998
62999
63000
63000
63001
63002
63003
63003
63004
63006
63006
63008
63010
63010
63011
63011
63012
63012
63015
63015
63016
63016
63018
63018
63020
63021
63022
63022
63025
63025
63025
63026
63029
63030
63031
63032
63034
63035
63037
63038
63038
63038
63040
63040
63041
63042
63042
63042
63043
63044
63047
63047
63047
63047
63048
63050
63050
63052
63053
63055
63056
63057
63057
63058
63060
63061
63061
63062
63063
63063
63063
63064
63064
63064
63066
63067
63069
63069
63070
63071
63072
63073
63073
63074
63074
63075
63078
63079
63080
63080
63081
63082
63083
63085
63085
63086
63087
63088
63089
63091
63091
63092
63093
63094
63094
63095
63095
63096
63097
63098
63098
63098
63099
63100
63102
63105
63105
63106
63106
63107
63107
63109
63110
63111
63111
63114
63115
63115
63116
63116
63116
63116
63120
63121
63121
63122
63122
63123
63124
63124
63126
63127
63131
63132
63132
63132
63133
63134
63134
63135
63136
63136
63136
63137
63137
63137
63138
63139
63141
63142
63143
63144
63144
63146
63146
63147
63148
63148
63149
63150
63150
63151
63154
63154
63156
63156
63156
63157
63159
63159
63160
63163
63164
63164
63165
63165
63167
63167
63169
63169
63170
63170
63170
63171
63171
63171
63173
63175
63178
63179
63179
63179
63180
63180
63181
63181
63182
63182
63183
63183
63184
63186
63186
63187
63187
63190
63190
63190
63195
63196
63196
63196
63199
63199
63200
63201
63201
63202
63202
63202
63203
63203
63204
63205
63206
63207
63207
63208
63209
63211
63211
63211
63213
63213
63214
63214
63215
63215
63216
63218
63219
63219
63219
63221
63221
63222
63222
63225
63226
63227
63228
63229
63231
63233
63234
63234
63236
63236
63236
63237
63237
63238
63239
63243
63244
63245
63246
63246
63246
63246
63247
63248
63249
63252
63252
63252
63253
63253
63256
63257
63257
63258
63259
63260
63263
63263
63263
63264
63264
63265
63265
63267
63268
63269
63271
63272
63273
63276
63276
63279
63280
63281
63282
63284
63284
63284
63284
63285
63286
63287
63288
63289
63289
63290
63292
63293
63295
63296
63296
63297
63299
63303
63307
63308
63309
63309
63313
63314
63318
63319
63320
63320
63320
63321
63324
63325
63325
63326
63326
63329
63331
63331
63332
63333
63334
63334
63335
63336
63336
63336
63337
63341
63341
63343
63343
63344
63344
63345
63346
63347
63348
63350
63350
63351
63353
63354
63354
63355
63356
63358
63358
63358
63359
63360
63361
63361
63363
63364
63366
63366
63366
63367
63368
63369
63373
63374
63375
63377
63379
63380
63381
63386
63386
63387
63387
63388
63391
63392
63393
63394
63394
63396
63398
63399
63400
63401
63403
63407
63408
63408
63409
63411
63411
63416
63420
63425
63425
63425
63426
63427
63427
63427
63427
63428
63429
63430
63430
63432
63432
63435
63435
63436
63437
63437
63437
63437
63440
63441
63444
63444
63445
63445
63450
63452
63453
63454
63454
63455
63456
63457
63460
63461
63462
63468
63469
63469
63470
63471
63471
63472
63473
63475
63475
63476
63479
63479
63483
63484
63484
63485
63486
63486
63488
63490
63491
63491
63492
63493
63494
63494
63494
63495
63496
63496
63497
63499
63500
63500
63502
63502
63504
63512
63512
63513
63513
63514
63517
63520
63521
63521
63522
63523
63524
63524
63527
63527
63530
63530
63532
63533
63535
63537
63538
63538
63540
63540
63540
63544
63544
63546
63546
63547
63548
63548
63550
63550
63551
63552
63552
63553
63553
63554
63555
63556
63556
63557
63558
63559
63559
63559
63560
63560
63561
63562
63564
63565
63565
63566
63569
63569
63569
63570
63570
63572
63573
63573
63574
63574
63577
63577
63577
63578
63579
63580
63581
63581
63582
63584
63584
63585
63587
63590
63590
63590
63592
63594
63594
63595
63595
63595
63596
63597
63598
63600
63600
63602
63602
63602
63603
63604
63605
63605
63609
63610
63611
63613
63614
63614
63615
63616
63619
63619
63619
63619
63620
63620
63621
63629
63630
63631
63632
63633
63633
63636
63637
63637
63639
63640
63642
63644
63647
63647
63647
63648
63649
63650
63650
63651
63651
63652
63652
63655
63655
63656
63657
63658
63658
63659
63659
63660
63660
63660
63661
63662
63663
63664
63664
63666
63668
63670
63672
63672
63672
63673
63674
63675
63677
63677
63678
63679
63680
63680
63682
63683
63683
63684
63685
63685
63685
63686
63687
63688
63688
63689
63690
63690
63691
63692
63693
63694
63694
63695
63696
63697
63698
63699
63700
63701
63701
63703
63703
63704
63705
63706
63707
63707
63709
63709
63709
63710
63716
63717
63719
63721
63721
63722
63722
63723
63723
63724
63725
63726
63727
63727
63730
63731
63734
63734
63734
63735
63736
63736
63737
63738
63738
63739
63741
63742
63742
63743
63743
63743
63745
63747
63747
63747
63750
63752
63753
63754
63755
63755
63758
63760
63761
63761
63761
63762
63763
63765
63766
63767
63769
63771
63775
63776
63777
63777
63779
63779
63779
63779
63781
63781
63782
63784
63785
63785
63785
63788
63789
63790
63791
63792
63793
63794
63795
63796
63797
63798
63799
63799
63799
63800
63802
63802
63802
63802
63805
63805
63806
63806
63807
63807
63810
63811
63811
63811
63814
63815
63815
63816
63818
63818
63819
63820
63822
63822
63823
63824
63825
63825
63826
63829
63829
63830
63834
63835
63836
63837
63839
63839
63839
63841
63842
63843
63843
63845
63847
63848
63848
63849
63850
63851
63853
63854
63854
63857
63858
63860
63861
63861
63863
63863
63864
63865
63866
63867
63870
63870
63871
63871
63871
63872
63872
63873
63873
63875
63877
63877
63880
63884
63886
63887
63887
63888
63889
63890
63891
63892
63892
63892
63894
63895
63895
63899
63902
63903
63904
63904
63905
63909
63910
63910
63915
63915
63916
63919
63919
63922
63922
63924
63924
63925
63925
63925
63926
63927
63927
63927
63930
63931
63931
63933
63933
63933
63933
63934
63936
63937
63938
63941
63943
63944
63946
63947
63949
63951
63953
63954
63960
63961
63962
63962
63962
63967
63968
63969
63969
63971
63973
63973
63975
63976
63976
63976
63976
63977
63978
63982
63987
63988
63989
63991
63992
63993
63993
63993
63995
63998
63999
63999
63999
63999
64000
64001
64002
64004
64004
64004
64007
64009
64010
64010
64010
64011
64012
64014
64014
64014
64014
64015
64018
64019
64019
64020
64020
64021
64021
64021
64022
64022
64024
64024
64026
64028
64029
64029
64029
64030
64031
64031
64033
64035
64037
64037
64038
64038
64038
64039
64040
64042
64042
64044
64045
64046
64047
64048
64048
64048
64051
64054
64056
64056
64057
64057
64059
64061
64061
64063
64063
64065
64066
64066
64066
64067
64067
64072
64072
64074
64075
64077
64077
64077
64078
64079
64080
64080
64081
64081
64082
64083
64084
64084
64086
64086
64086
64087
64089
64090
64092
64092
64094
64095
64097
64100
64100
64101
64101
64101
64102
64102
64103
64103
64103
64104
64105
64109
64109
64109
64110
64110
64111
64116
64116
64117
64117
64118
64118
64118
64120
64120
64121
64121
64122
64123
64124
64124
64125
64125
64127
64128
64129
64129
64130
64132
64133
64134
64134
64136
64137
64138
64138
64139
64141
64142
64143
64143
64143
64143
64143
64144
64146
64147
64147
64147
64148
64148
64150
64154
64154
64154
64155
64155
64157
64157
64158
64158
64160
64160
64160
64162
64166
64167
64168
64169
64170
64172
64173
64174
64176
64176
64177
64178
64179
64181
64182
64183
64186
64188
64190
64193
64194
64195
64196
64197
64199
64199
64200
64201
64203
64203
64206
64207
64207
64208
64208
64208
64212
64212
64212
64213
64213
64214
64215
64217
64217
64218
64219
64219
64220
64220
64224
64226
64226
64227
64229
64229
64229
64231
64231
64232
64232
64233
64233
64235
64236
64238
64238
64239
64241
64245
64246
64246
64248
64249
64249
64249
64249
64250
64253
64253
64254
64254
64254
64255
64258
64260
64261
64261
64263
64265
64265
64266
64267
64267
64268
64269
64271
64272
64274
64274
64276
64276
64277
64277
64279
64279
64280
64280
64280
64281
64281
64281
64282
64282
64284
64285
64285
64287
64288
64288
64289
64290
64291
64291
64292
64294
64295
64299
64299
64300
64301
64301
64302
64302
64303
64304
64305
64305
64306
64306
64306
64309
64310
64311
64311
64312
64312
64314
64315
64315
64316
64316
64317
64318
64318
64320
64320
64321
64322
64322
64323
64323
64323
64323
64324
64325
64326
64327
64327
64328
64329
64330
64330
64330
64332
64332
64333
64333
64335
64337
64337
64338
64340
64342
64342
64343
64344
64345
64345
64345
64345
64346
64346
64347
64348
64348
64349
64351
64352
64352
64353
64353
64356
64360
64360
64361
64363
64364
64367
64367
64368
64370
64370
64371
64374
64375
64375
64376
64376
64378
64379
64380
64380
64380
64381
64382
64383
64385
64387
64387
64388
64388
64390
64391
64392
64392
64393
64395
64395
64396
64396
64397
64402
64403
64404
64405
64405
64405
64411
64411
64414
64414
64414
64414
64414
64415
64417
64420
64423
64424
64424
64425
64426
64427
64428
64428
64430
64430
64431
64433
64434
64438
64438
64439
64440
64443
64444
64446
64447
64448
64448
64449
64450
64450
64451
64451
64452
64453
64454
64454
64455
64455
64456
64457
64459
64459
64460
64461
64462
64463
64463
64464
64466
64466
64466
64466
64467
64467
64468
64470
64470
64471
64473
64474
64474
64475
64475
64476
64480
64481
64482
64486
64487
64488
64489
64491
64492
64493
64493
64495
64495
64496
64500
64500
64500
64501
64502
64502
64505
64506
64506
64507
64507
64507
64508
64508
64508
64509
64510
64511
64511
64512
64516
64516
64516
64517
64517
64519
64521
64522
64523
64524
64524
64525
64525
64525
64526
64526
64528
64528
64529
64531
64531
64531
64531
64532
64534
64535
64535
64537
64538
64538
64538
64539
64540
64541
64541
64541
64542
64543
64543
64544
64547
64547
64548
64549
64550
64551
64551
64551
64553
64553
64553
64557
64559
64559
64559
64560
64560
64560
64562
64564
64565
64566
64569
64572
64574
64575
64575
64575
64577
64578
64578
64582
64582
64583
64584
64584
64585
64587
64589
64591
64594
64595
64596
64598
64598
64598
64599
64600
64600
64601
64601
64601
64601
64602
64603
64603
64603
64605
64607
64610
64610
64610
64611
64612
64614
64614
64615
64616
64617
64619
64620
64620
64621
64622
64622
64623
64623
64624
64625
64627
64628
64628
64629
64630
64631
64631
64632
64633
64633
64633
64635
64637
64638
64640
64641
64641
64642
64643
64644
64644
64645
64646
64648
64648
64650
64651
64652
64652
64652
64656
64656
64658
64659
64660
64660
64660
64662
64662
64663
64664
64665
64666
64667
64667
64667
64668
64669
64669
64670
64672
64672
64673
64674
64676
64676
64676
64676
64677
64677
64678
64679
64680
64681
64682
64682
64683
64686
64688
64689
64690
64691
64694
64695
64696
64696
64697
64698
64698
64700
64704
64704
64707
64707
64708
64711
64711
64711
64714
64714
64714
64715
64716
64718
64719
64720
64721
64721
64721
64722
64723
64724
64725
64726
64727
64728
64729
64730
64730
64730
64730
64731
64731
64731
64731
64731
64732
64733
64733
64734
64736
64736
64736
64738
64740
64741
64742
64742
64742
64743
64745
64745
64745
64747
64748
64749
64749
64750
64750
64750
64751
64751
64752
64752
64754
64754
64754
64755
64756
64756
64758
64758
64762
64762
64763
64764
64764
64767
64767
64769
64769
64770
64772
64773
64773
64776
64777
64779
64780
64780
64782
64783
64783
64784
64784
64784
64784
64786
64788
64788
64788
64790
64790
64790
64796
64799
64800
64803
64803
64803
64804
64805
64805
64806
64806
64806
64806
64807
64807
64807
64809
64810
64811
64811
64813
64815
64816
64817
64817
64818
64818
64819
64819
64820
64821
64822
64822
64823
64826
64827
64829
64830
64832
64833
64833
64835
64836
64837
64841
64841
64842
64842
64843
64843
64843
64844
64846
64846
64847
64849
64850
64851
64852
64852
64853
64853
64853
64855
64856
64856
64856
64856
64859
64859
64860
64861
64861
64862
64864
64864
64864
64865
64865
64866
64866
64866
64869
64869
64871
64872
64873
64874
64874
64874
64877
64878
64879
64880
64882
64884
64884
64885
64887
64887
64887
64887
64887
64887
64888
64888
64888
64890
64890
64891
64892
64893
64895
64896
64900
64904
64904
64904
64904
64905
64905
64906
64906
64907
64910
64911
64911
64912
64914
64914
64914
64915
64917
64917
64918
64918
64919
64919
64919
64920
64920
64920
64921
64922
64923
64926
64929
64930
64934
64935
64937
64938
64939
64939
64939
64940
64941
64941
64942
64943
64948
64949
64949
64950
64950
64951
64952
64957
64958
64960
64960
64960
64960
64960
64961
64961
64962
64962
64962
64962
64963
64963
64963
64965
64965
64966
64967
64968
64968
64969
64969
64970
64970
64970
64971
64972
64973
64974
64974
64976
64978
64979
64979
64979
64981
64981
64982
64982
64982
64983
64984
64985
64986
64989
64989
64992
64994
64995
64995
64995
64996
64997
65002
65004
65005
65005
65006
65006
65006
65006
65006
65007
65008
65009
65010
65010
65010
65011
65011
65011
65014
65015
65015
65019
65020
65021
65022
65022
65024
65025
65025
65025
65026
65027
65028
65028
65028
65030
65030
65031
65032
65033
65034
65035
65035
65036
65037
65037
65037
65038
65040
65040
65043
65045
65047
65048
65050
65050
65051
65052
65053
65054
65054
65054
65056
65057
65058
65058
65058
65059
65060
65061
65062
65062
65062
65062
65062
65063
65065
65068
65069
65069
65069
65070
65071
65071
65072
65072
65074
65076
65077
65077
65078
65080
65082
65085
65087
65087
65088
65089
65090
65090
65093
65094
65094
65095
65095
65095
65096
65096
65096
65096
65097
65099
65099
65099
65100
65100
65100
65102
65103
65104
65105
65108
65109
65109
65109
65110
65111
65111
65112
65113
65114
65115
65117
65117
65118
65119
65120
65121
65121
65121
65122
65124
65125
65126
65127
65128
65129
65129
65133
65135
65136
65136
65136
65138
65139
65139
65139
65140
65141
65142
65142
65143
65143
65145
65146
65146
65147
65149
65149
65149
65149
65150
65151
65151
65152
65153
65153
65153
65155
65157
65158
65162
65164
65165
65165
65166
65167
65169
65169
65170
65170
65171
65173
65174
65176
65176
65176
65177
65178
65179
65179
65182
65183
65183
65183
65186
65187
65188
65188
65190
65190
65191
65191
65191
65191
65194
65194
65194
65194
65195
65197
65198
65198
65200
65201
65201
65203
65204
65204
65205
65205
65207
65211
65214
65215
65216
65217
65218
65219
65220
65221
65222
65223
65224
65225
65228
65229
65229
65231
65232
65232
65233
65234
65235
65235
65235
65237
65238
65238
65239
65240
65243
65244
65246
65246
65251
65251
65252
65252
65252
65253
65255
65255
65256
65257
65257
65257
65258
65260
65263
65267
65267
65269
65270
65271
65273
65274
65275
65276
65276
65277
65278
65278
65278
65278
65280
65281
65281
65282
65283
65283
65284
65285
65286
65286
65290
65290
65292
65294
65294
65295
65296
65296
65297
65298
65299
65299
65299
65301
65302
65305
65305
65306
65307
65308
65309
65311
65311
65314
65314
65314
65315
65317
65319
65319
65320
65320
65321
65321
65321
65322
65322
65323
65325
65327
65327
65330
65330
65331
65333
65334
65335
65335
65335
65336
65340
65341
65341
65341
65343
65344
65345
65349
65351
65351
65352
65352
65353
65353
65354
65355
65355
65356
65357
65361
65362
65363
65365
65367
65367
65368
65368
65368
65369
65370
65371
65372
65373
65373
65375
65376
65377
65377
65378
65378
65378
65380
65380
65382
65382
65382
65383
65383
65383
65385
65387
65389
65390
65393
65393
65395
65396
65396
65397
65399
65399
65399
65400
65400
65401
65401
65401
65402
65402
65403
65403
65404
65404
65406
65408
65408
65413
65414
65415
65417
65417
65417
65418
65421
65421
65423
65424
65424
65425
65426
65426
65428
65428
65429
65429
65429
65430
65431
65431
65432
65432
65433
65434
65434
65435
65435
65435
65435
65436
65439
65440
65441
65442
65443
65444
65444
65445
65446
65447
65448
65450
65450
65451
65452
65453
65453
65453
65454
65455
65457
65457
65459
65460
65464
65464
65464
65466
65466
65468
65468
65469
65470
65471
65472
65472
65474
65475
65475
65476
65478
65479
65481
65482
65482
65482
65484
65485
65486
65487
65487
65488
65489
65489
65490
65490
65491
65491
65491
65492
65493
65493
65494
65495
65495
65495
65496
65496
65497
65498
65498
65498
65499
65502
65503
65505
65505
65506
65507
65510
65510
65514
65515
65515
65516
65519
65520
65524
65525
65527
65530
65530
65530
65531
65531
65533
65534
65535
65536
65537
65537
65537
65538
65539
65540
65540
65541
65542
65543
65543
65545
65548
65549
65551
65551
65551
65552
65552
65552
65552
65552
65554
65554
65554
65555
65556
65556
65556
65557
65557
65558
65558
65558
65558
65559
65560
65560
65561
65563
65564
65565
65566
65567
65568
65568
65569
65569
65571
65571
65571
65575
65576
65577
65578
65578
65579
65580
65580
65580
65581
65583
65583
65583
65585
65586
65588
65588
65589
65590
65591
65592
65592
65593
65594
65595
65596
65596
65599
65599
65600
65600
65600
65601
65602
65602
65604
65604
65606
65606
65606
65607
65611
65611
65613
65614
65614
65616
65616
65617
65618
65619
65620
65620
65622
65623
65624
65628
65628
65629
65630
65631
65633
65633
65633
65633
65634
65634
65636
65639
65641
65642
65643
65644
65644
65644
65647
65647
65647
65648
65649
65650
65650
65651
65651
65653
65653
65654
65655
65656
65656
65656
65659
65661
65661
65662
65663
65664
65665
65666
65667
65668
65668
65668
65668
65670
65671
65671
65672
65672
65672
65673
65674
65674
65674
65675
65675
65675
65675
65677
65677
65678
65678
65679
65679
65680
65680
65681
65683
65683
65685
65687
65688
65689
65691
65691
65691
65694
65694
65696
65697
65697
65700
65702
65703
65703
65703
65704
65706
65707
65707
65707
65707
65708
65708
65709
65709
65710
65711
65712
65712
65712
65713
65715
65717
65717
65719
65721
65721
65724
65726
65727
65728
65729
65729
65729
65732
65733
65734
65736
65736
65736
65738
65740
65741
65741
65741
65742
65743
65745
65745
65745
65747
65748
65749
65749
65752
65752
65752
65753
65755
65757
65757
65758
65758
65759
65760
65760
65761
65762
65765
65766
65768
65768
65769
65769
65771
65771
65771
65775
65776
65776
65777
65777
65777
65778
65778
65779
65781
65782
65782
65783
65783
65783
65785
65786
65787
65789
65791
65793
65793
65794
65794
65797
65798
65799
65799
65800
65801
65802
65802
65803
65803
65805
65805
65808
65808
65809
65810
65812
65813
65813
65815
65815
65816
65817
65818
65819
65821
65823
65823
65823
65824
65825
65826
65829
65830
65831
65832
65833
65834
65835
65836
65836
65837
65838
65838
65840
65841
65842
65843
65843
65843
65843
65844
65845
65846
65848
65851
65853
65854
65854
65854
65854
65855
65855
65855
65856
65857
65857
65859
65860
65860
65861
65866
65867
65867
65867
65868
65870
65873
65873
65875
65876
65878
65878
65878
65878
65878
65879
65881
65881
65885
65886
65887
65888
65889
65890
65890
65891
65891
65893
65893
65894
65895
65896
65897
65898
65899
65901
65902
65903
65904
65906
65906
65907
65908
65908
65910
65911
65911
65911
65912
65915
65915
65915
65916
65918
65918
65919
65920
65920
65922
65923
65925
65926
65927
65928
65929
65930
65931
65931
65931
65932
65932
65933
65933
65934
65935
65935
65936
65937
65939
65940
65941
65942
65943
65947
65948
65948
65949
65952
65952
65953
65953
65953
65955
65955
65956
65956
65957
65959
65960
65960
65960
65961
65965
65968
65968
65969
65970
65971
65978
65978
65979
65981
65984
65984
65984
65986
65988
65988
65989
65989
65990
65990
65991
65994
65994
65994
65994
65994
65996
65998
65998
65999
65999
66000
66002
66003
66003
66004
66004
66005
66005
66006
66006
66008
66009
66011
66013
66014
66015
66017
66018
66018
66019
66019
66020
66020
66020
66021
66023
66023
66024
66024
66025
66025
66026
66027
66028
66030
66031
66032
66033
66034
66035
66036
66037
66038
66038
66038
66041
66042
66043
66046
66046
66046
66048
66050
66052
66054
66057
66058
66060
66061
66062
66064
66064
66064
66065
66068
66070
66071
66073
66074
66074
66075
66077
66078
66079
66079
66079
66080
66081
66083
66087
66088
66088
66091
66091
66092
66092
66094
66095
66096
66097
66099
66100
66102
66103
66104
66105
66107
66107
66107
66110
66111
66113
66113
66115
66116
66117
66117
66118
66118
66119
66119
66120
66124
66126
66130
66131
66131
66132
66132
66133
66133
66134
66134
66135
66136
66136
66137
66137
66137
66137
66139
66140
66141
66142
66142
66143
66144
66144
66148
66149
66149
66149
66151
66156
66157
66158
66158
66160
66160
66161
66162
66163
66163
66166
66167
66167
66167
66168
66168
66169
66170
66170
66171
66172
66172
66172
66173
66174
66174
66176
66176
66180
66181
66183
66184
66184
66184
66185
66185
66186
66188
66189
66190
66190
66192
66192
66194
66195
66196
66196
66196
66198
66198
66199
66199
66199
66202
66202
66202
66203
66203
66203
66204
66205
66206
66207
66208
66210
66211
66212
66213
66213
66215
66215
66215
66217
66217
66218
66220
66221
66222
66225
66226
66226
66226
66226
66229
66233
66235
66236
66238
66239
66240
66242
66244
66245
66246
66247
66247
66247
66249
66249
66250
66250
66251
66253
66254
66255
66255
66258
66261
66262
66262
66266
66266
66267
66267
66268
66270
66271
66271
66271
66271
66272
66275
66276
66279
66280
66280
66281
66281
66281
66281
66284
66284
66285
66286
66286
66286
66286
66286
66288
66288
66288
66289
66291
66291
66293
66294
66294
66297
66300
66300
66302
66302
66303
66308
66310
66311
66315
66315
66316
66317
66318
66321
66321
66322
66324
66325
66325
66327
66329
66330
66331
66332
66333
66334
66335
66337
66338
66338
66341
66342
66344
66347
66347
66349
66351
66351
66352
66354
66359
66359
66360
66361
66362
66363
66363
66365
66369
66369
66369
66370
66373
66373
66373
66375
66375
66375
66376
66376
66377
66377
66377
66377
66377
66378
66379
66379
66380
66383
66388
66389
66390
66391
66391
66393
66394
66395
66397
66397
66398
66401
66401
66401
66403
66407
66410
66414
66414
66414
66415
66415
66415
66416
66416
66418
66418
66419
66421
66422
66422
66424
66424
66425
66425
66425
66426
66426
66426
66427
66430
66431
66434
66436
66437
66438
66440
66440
66440
66442
66442
66442
66443
66445
66445
66445
66445
66446
66446
66448
66450
66450
66451
66451
66451
66453
66454
66454
66454
66454
66455
66455
66456
66456
66456
66457
66457
66457
66457
66457
66458
66458
66460
66461
66462
66462
66462
66462
66463
66463
66464
66464
66465
66465
66466
66467
66467
66467
66468
66468
66469
66469
66469
66470
66470
66471
66472
66473
66473
66474
66474
66474
66474
66477
66477
66478
66480
66481
66481
66482
66483
66484
66484
66485
66486
66487
66488
66490
66492
66497
66497
66498
66500
66502
66502
66504
66505
66508
66508
66509
66509
66509
66511
66512
66513
66515
66521
66521
66522
66523
66523
66524
66524
66524
66525
66525
66525
66526
66529
66530
66530
66532
66533
66533
66535
66535
66538
66539
66540
66541
66543
66544
66545
66546
66547
66548
66548
66549
66554
66555
66555
66556
66556
66558
66558
66558
66561
66561
66563
66565
66567
66568
66570
66570
66574
66576
66577
66578
66579
66582
66582
66584
66587
66587
66589
66590
66591
66592
66592
66593
66593
66593
66596
66596
66596
66597
66597
66598
66598
66598
66599
66600
66601
66601
66601
66603
66606
66606
66606
66608
66608
66609
66609
66610
66612
66613
66613
66617
66619
66619
66620
66621
66621
66621
66622
66622
66623
66624
66624
66624
66625
66627
66627
66630
66630
66631
66632
66632
66634
66636
66638
66639
66639
66639
66640
66641
66641
66642
66642
66644
66644
66646
66647
66648
66651
66651
66651
66652
66652
66653
66654
66656
66657
66657
66660
66662
66662
66663
66663
66665
66667
66668
66668
66668
66672
66673
66677
66678
66681
66681
66682
66683
66686
66686
66686
66686
66688
66688
66689
66690
66690
66691
66691
66692
66692
66693
66695
66695
66695
66697
66697
66698
66699
66699
66699
66699
66699
66701
66703
66703
66704
66706
66708
66708
66710
66712
66713
66714
66714
66714
66716
66718
66720
66720
66724
66726
66726
66726
66727
66727
66727
66727
66728
66729
66729
66732
66735
66735
66736
66740
66740
66742
66743
66743
66744
66745
66746
66746
66748
66749
66751
66751
66751
66752
66757
66758
66758
66761
66761
66762
66763
66769
66770
66770
66771
66773
66775
66775
66777
66781
66783
66784
66785
66785
66788
66788
66793
66795
66795
66798
66799
66799
66802
66803
66804
66804
66805
66807
66808
66808
66808
66808
66808
66810
66811
66811
66811
66811
66811
66813
66813
66814
66814
66815
66815
66816
66817
66819
66819
66820
66821
66821
66822
66822
66823
66824
66826
66828
66828
66829
66830
66831
66831
66832
66832
66833
66833
66834
66835
66836
66836
66837
66841
66841
66842
66844
66845
66846
66847
66848
66848
66848
66851
66852
66853
66853
66853
66854
66854
66855
66856
66858
66858
66858
66859
66860
66860
66861
66862
66864
66864
66865
66866
66867
66868
66869
66871
66872
66872
66872
66872
66873
66875
66877
66877
66878
66880
66880
66881
66881
66881
66881
66883
66887
66887
66888
66891
66892
66893
66893
66895
66895
66897
66898
66898
66900
66901
66902
66904
66904
66905
66906
66906
66907
66909
66909
66910
66911
66912
66913
66913
66914
66914
66915
66916
66918
66919
66921
66921
66922
66922
66925
66925
66925
66926
66926
66928
66929
66933
66933
66934
66936
66938
66940
66940
66940
66942
66942
66944
66945
66946
66946
66950
66951
66951
66953
66954
66954
66955
66955
66956
66956
66959
66959
66961
66962
66963
66963
66963
66964
66965
66967
66968
66968
66969
66969
66970
66973
66973
66975
66976
66976
66977
66977
66978
66978
66978
66980
66981
66982
66982
66983
66985
66985
66986
66987
66988
66988
66989
66990
66990
66990
66992
66992
66992
66992
66992
66994
66995
66995
66995
66997
66998
66998
66999
67003
67005
67006
67007
67007
67009
67010
67010
67012
67013
67013
67015
67016
67016
67017
67019
67020
67021
67022
67024
67024
67025
67025
67025
67028
67030
67031
67031
67033
67035
67036
67036
67036
67036
67038
67039
67040
67040
67040
67041
67041
67043
67046
67047
67049
67049
67050
67054
67054
67055
67056
67056
67056
67057
67057
67058
67058
67059
67059
67060
67062
67063
67063
67067
67068
67068
67069
67070
67073
67074
67074
67074
67074
67075
67075
67077
67078
67080
67080
67085
67089
67090
67090
67090
67091
67091
67092
67095
67096
67097
67097
67097
67098
67098
67100
67100
67100
67101
67102
67103
67103
67104
67105
67106
67106
67110
67111
67114
67114
67114
67116
67117
67117
67118
67119
67120
67121
67121
67122
67122
67122
67123
67123
67124
67125
67126
67129
67129
67129
67130
67130
67130
67130
67132
67132
67132
67133
67133
67134
67134
67135
67135
67137
67137
67138
67139
67140
67140
67140
67140
67141
67142
67142
67143
67145
67146
67147
67147
67147
67150
67150
67152
67157
67157
67158
67160
67160
67161
67163
67164
67165
67166
67166
67167
67167
67168
67173
67174
67175
67176
67177
67177
67179
67179
67180
67180
67181
67182
67183
67185
67189
67189
67191
67192
67193
67193
67194
67196
67198
67198
67199
67200
67200
67202
67203
67207
67209
67209
67210
67210
67211
67212
67213
67214
67215
67215
67215
67218
67218
67219
67219
67220
67221
67222
67224
67225
67226
67226
67227
67227
67231
67232
67232
67233
67235
67237
67237
67239
67239
67239
67239
67242
67245
67246
67248
67248
67250
67250
67250
67250
67251
67252
67254
67254
67254
67254
67254
67255
67257
67257
67258
67259
67259
67261
67262
67262
67263
67263
67266
67268
67268
67271
67272
67275
67276
67278
67280
67280
67281
67282
67283
67283
67284
67285
67286
67286
67287
67290
67290
67292
67294
67297
67298
67299
67299
67300
67301
67303
67303
67306
67307
67308
67310
67311
67311
67313
67315
67318
67319
67319
67322
67323
67324
67324
67325
67325
67325
67326
67327
67327
67328
67330
67332
67332
67332
67334
67335
67335
67335
67337
67339
67339
67339
67340
67345
67346
67346
67347
67349
67349
67350
67350
67350
67351
67352
67354
67354
67354
67354
67354
67355
67355
67360
67361
67362
67363
67365
67366
67368
67370
67370
67370
67371
67372
67373
67373
67375
67375
67379
67382
67382
67383
67383
67384
67385
67386
67387
67389
67389
67389
67390
67391
67391
67393
67393
67395
67395
67397
67398
67399
67401
67402
67403
67403
67406
67407
67407
67411
67412
67412
67412
67414
67414
67415
67415
67416
67416
67418
67420
67422
67422
67422
67423
67427
67428
67428
67428
67429
67429
67430
67431
67431
67431
67431
67432
67433
67434
67435
67435
67436
67436
67437
67437
67438
67439
67440
67440
67441
67442
67448
67449
67451
67451
67452
67453
67454
67455
67455
67457
67457
67461
67462
67463
67463
67464
67464
67465
67466
67468
67471
67471
67472
67472
67472
67473
67474
67474
67475
67475
67476
67477
67477
67477
67478
67480
67480
67480
67481
67483
67485
67485
67486
67487
67488
67489
67490
67493
67493
67493
67494
67498
67498
67500
67501
67501
67502
67503
67505
67508
67508
67508
67509
67509
67509
67512
67515
67516
67516
67516
67516
67519
67520
67521
67522
67522
67522
67523
67523
67523
67524
67524
67524
67525
67526
67526
67529
67529
67529
67531
67533
67534
67537
67542
67543
67543
67545
67545
67546
67547
67547
67547
67548
67548
67549
67552
67554
67555
67556
67557
67559
67560
67561
67562
67564
67564
67564
67565
67565
67565
67565
67567
67568
67568
67569
67570
67570
67571
67574
67575
67575
67578
67580
67581
67581
67583
67584
67585
67585
67588
67589
67590
67590
67593
67593
67593
67593
67594
67599
67601
67601
67602
67602
67602
67602
67603
67603
67603
67604
67606
67608
67608
67609
67609
67610
67613
67613
67614
67615
67615
67615
67617
67619
67620
67622
67622
67623
67627
67627
67628
67630
67630
67631
67631
67633
67634
67634
67636
67637
67637
67639
67639
67640
67640
67640
67642
67643
67644
67645
67647
67648
67649
67649
67650
67651
67653
67654
67654
67654
67655
67655
67656
67657
67659
67660
67660
67662
67662
67663
67663
67663
67663
67664
67664
67664
67665
67665
67666
67667
67667
67669
67669
67670
67672
67673
67674
67677
67677
67679
67680
67682
67682
67682
67682
67683
67685
67687
67687
67689
67691
67691
67693
67696
67696
67696
67696
67697
67697
67698
67700
67701
67701
67702
67703
67703
67703
67706
67707
67707
67713
67713
67714
67716
67717
67717
67718
67718
67719
67720
67722
67723
67725
67725
67725
67725
67726
67727
67727
67728
67728
67729
67730
67731
67731
67732
67733
67733
67734
67734
67736
67737
67737
67738
67738
67738
67740
67740
67740
67742
67742
67743
67743
67743
67745
67745
67746
67746
67747
67747
67748
67749
67751
67752
67752
67752
67753
67756
67756
67757
67757
67759
67759
67761
67761
67761
67764
67764
67764
67766
67767
67768
67769
67770
67770
67771
67772
67773
67773
67773
67775
67775
67776
67777
67778
67779
67779
67779
67783
67785
67786
67786
67786
67788
67788
67788
67789
67791
67791
67791
67793
67794
67796
67796
67797
67799
67799
67800
67800
67800
67802
67803
67803
67803
67805
67805
67807
67807
67808
67808
67809
67810
67811
67813
67814
67816
67816
67818
67819
67819
67819
67820
67820
67822
67822
67823
67825
67825
67827
67828
67829
67831
67831
67831
67833
67833
67834
67835
67836
67836
67839
67839
67839
67839
67840
67841
67842
67842
67842
67845
67846
67846
67849
67852
67852
67853
67854
67858
67858
67859
67861
67861
67864
67864
67865
67866
67869
67869
67870
67871
67873
67873
67874
67875
67876
67876
67878
67878
67879
67880
67882
67882
67883
67887
67887
67889
67890
67891
67891
67895
67896
67897
67898
67898
67898
67898
67899
67900
67900
67903
67903
67904
67904
67905
67906
67906
67908
67909
67911
67912
67913
67914
67917
67917
67918
67920
67920
67920
67920
67920
67921
67922
67922
67923
67924
67925
67927
67927
67931
67933
67934
67935
67935
67935
67937
67938
67939
67940
67940
67942
67943
67945
67947
67948
67948
67949
67951
67954
67955
67955
67956
67957
67958
67958
67959
67959
67960
67960
67960
67961
67961
67961
67962
67967
67968
67968
67968
67968
67968
67969
67970
67970
67970
67971
67971
67974
67976
67976
67976
67978
67978
67978
67979
67979
67979
67980
67981
67982
67983
67984
67984
67988
67988
67988
67992
67993
67993
67994
67994
67994
67995
67996
67996
67997
67997
67999
68002
68002
68003
68003
68003
68004
68005
68007
68009
68010
68011
68015
68016
68016
68016
68017
68018
68018
68019
68020
68021
68022
68022
68023
68023
68024
68025
68026
68027
68029
68030
68031
68032
68033
68033
68034
68034
68035
68037
68037
68037
68038
68039
68041
68043
68045
68045
68046
68047
68048
68050
68051
68051
68051
68052
68054
68054
68055
68056
68058
68061
68061
68062
68063
68064
68064
68066
68067
68069
68071
68072
68072
68072
68073
68075
68076
68077
68079
68080
68080
68080
68081
68082
68082
68082
68082
68082
68083
68084
68084
68085
68085
68085
68086
68087
68087
68087
68090
68095
68096
68096
68097
68099
68099
68100
68100
68101
68102
68102
68103
68104
68106
68106
68106
68107
68108
68109
68109
68110
68110
68112
68112
68112
68112
68114
68114
68114
68114
68115
68119
68119
68125
68126
68127
68127
68129
68131
68133
68135
68136
68136
68136
68136
68139
68139
68141
68141
68142
68142
68142
68143
68144
68145
68146
68146
68147
68147
68148
68149
68150
68153
68153
68156
68157
68157
68158
68158
68158
68159
68162
68162
68163
68164
68164
68165
68165
68166
68166
68170
68172
68172
68172
68173
68174
68174
68174
68175
68175
68176
68178
68178
68178
68180
68185
68187
68187
68188
68189
68190
68192
68193
68193
68193
68198
68200
68202
68202
68204
68206
68206
68207
68209
68210
68214
68215
68215
68216
68216
68217
68217
68218
68219
68220
68221
68221
68222
68223
68224
68226
68226
68228
68229
68233
68236
68237
68237
68237
68238
68238
68238
68239
68239
68240
68241
68243
68244
68244
68246
68247
68247
68248
68252
68252
68253
68253
68254
68257
68258
68260
68260
68261
68262
68263
68264
68267
68269
68270
68271
68272
68273
68274
68275
68275
68275
68275
68279
68280
68283
68283
68283
68283
68284
68284
68286
68286
68288
68289
68290
68291
68292
68293
68294
68294
68295
68295
68295
68297
68298
68298
68299
68300
68302
68302
68303
68303
68303
68305
68307
68307
68307
68308
68309
68309
68310
68311
68311
68313
68313
68314
68315
68316
68316
68317
68319
68319
68319
68319
68320
68320
68323
68324
68325
68325
68326
68328
68328
68329
68329
68331
68332
68333
68334
68339
68339
68340
68340
68340
68341
68341
68342
68343
68343
68343
68343
68344
68344
68348
68349
68349
68350
68351
68351
68351
68352
68354
68354
68355
68357
68357
68357
68358
68358
68358
68358
68358
68359
68359
68360
68361
68363
68366
68366
68366
68367
68368
68368
68369
68369
68369
68371
68372
68372
68372
68373
68375
68378
68378
68378
68379
68381
68381
68382
68383
68383
68383
68384
68385
68386
68386
68388
68389
68389
68391
68392
68395
68395
68395
68399
68401
68401
68404
68405
68407
68407
68407
68408
68408
68409
68411
68411
68411
68412
68413
68413
68414
68415
68415
68416
68417
68418
68420
68420
68421
68422
68423
68423
68425
68426
68429
68429
68429
68430
68435
68437
68437
68438
68439
68440
68441
68442
68443
68444
68444
68444
68445
68445
68446
68447
68447
68450
68451
68453
68454
68458
68458
68458
68461
68462
68463
68465
68465
68466
68466
68466
68467
68471
68471
68471
68472
68474
68475
68476
68476
68478
68479
68479
68481
68482
68483
68484
68485
68486
68486
68490
68491
68491
68491
68492
68494
68496
68499
68500
68500
68500
68501
68502
68504
68505
68505
68506
68507
68509
68510
68511
68514
68514
68517
68517
68518
68518
68519
68520
68520
68520
68522
68522
68523
68523
68524
68530
68531
68531
68533
68533
68535
68536
68538
68538
68539
68541
68544
68544
68545
68545
68545
68547
68547
68547
68548
68549
68551
68551
68551
68552
68552
68552
68553
68554
68555
68556
68557
68557
68558
68559
68559
68560
68560
68561
68561
68561
68565
68566
68567
68568
68569
68570
68570
68571
68572
68573
68576
68578
68579
68580
68582
68582
68583
68583
68584
68587
68591
68592
68592
68595
68596
68597
68598
68598
68599
68600
68603
68604
68605
68606
68607
68608
68613
68613
68614
68614
68615
68616
68617
68618
68620
68621
68622
68624
68624
68625
68626
68627
68628
68628
68628
68630
68631
68631
68632
68632
68632
68632
68633
68633
68634
68634
68636
68638
68638
68638
68638
68639
68639
68640
68640
68641
68641
68641
68642
68646
68647
68648
68648
68648
68649
68650
68650
68651
68654
68655
68657
68657
68659
68659
68660
68660
68661
68662
68664
68664
68664
68665
68668
68668
68670
68670
68670
68671
68671
68672
68672
68672
68674
68676
68676
68676
68676
68676
68677
68678
68679
68679
68681
68681
68682
68682
68683
68684
68686
68689
68690
68694
68696
68696
68696
68697
68697
68701
68704
68705
68706
68708
68708
68711
68711
68713
68714
68715
68716
68717
68719
68720
68722
68724
68724
68725
68725
68729
68730
68730
68732
68732
68732
68733
68735
68736
68739
68740
68740
68740
68742
68743
68744
68745
68745
68746
68746
68746
68746
68750
68750
68750
68750
68750
68751
68752
68752
68753
68754
68755
68756
68758
68758
68758
68759
68759
68760
68761
68762
68762
68762
68763
68764
68766
68767
68767
68769
68769
68770
68770
68770
68771
68773
68773
68773
68778
68780
68782
68782
68785
68785
68786
68786
68786
68787
68789
68789
68789
68790
68791
68792
68792
68792
68792
68793
68794
68794
68795
68796
68797
68799
68800
68801
68802
68803
68806
68807
68808
68808
68809
68809
68809
68810
68812
68813
68814
68814
68815
68820
68821
68823
68823
68824
68824
68826
68827
68827
68827
68829
68831
68832
68832
68833
68833
68834
68836
68838
68838
68839
68840
68840
68841
68843
68843
68844
68844
68844
68846
68849
68852
68853
68853
68853
68855
68857
68858
68858
68860
68860
68861
68861
68861
68865
68865
68866
68871
68871
68872
68873
68874
68874
68879
68879
68882
68882
68884
68884
68884
68885
68886
68887
68887
68888
68890
68890
68890
68895
68896
68898
68898
68899
68900
68901
68902
68902
68902
68904
68907
68907
68908
68909
68909
68909
68910
68912
68913
68917
68919
68922
68923
68923
68925
68926
68929
68930
68930
68931
68931
68932
68934
68934
68936
68937
68937
68939
68940
68941
68942
68942
68942
68943
68944
68945
68947
68947
68947
68948
68948
68950
68952
68953
68954
68956
68959
68960
68960
68961
68961
68961
68962
68962
68963
68965
68968
68968
68969
68970
68970
68971
68971
68972
68973
68974
68974
68978
68978
68978
68979
68980
68981
68981
68982
68982
68982
68986
68987
68987
68987
68987
68989
68991
68992
68993
68994
68994
68994
68997
68997
68998
69002
69002
69003
69003
69004
69006
69008
69008
69008
69009
69009
69011
69012
69014
69017
69018
69018
69019
69019
69022
69022
69024
69024
69024
69025
69026
69028
69029
69029
69031
69031
69031
69033
69033
69033
69036
69038
69039
69039
69040
69040
69041
69041
69042
69042
69042
69042
69045
69045
69046
69046
69048
69049
69049
69051
69051
69051
69051
69054
69055
69056
69056
69057
69057
69057
69058
69059
69059
69059
69061
69062
69063
69065
69065
69065
69066
69067
69068
69070
69070
69070
69070
69072
69073
69074
69074
69075
69075
69076
69077
69077
69078
69082
69082
69082
69084
69084
69084
69085
69085
69087
69087
69087
69088
69092
69094
69095
69100
69101
69102
69102
69103
69104
69105
69106
69108
69109
69110
69110
69110
69111
69115
69120
69121
69123
69127
69129
69130
69131
69132
69133
69134
69134
69134
69134
69135
69136
69139
69139
69141
69141
69141
69142
69142
69142
69145
69145
69145
69148
69149
69152
69155
69155
69155
69157
69157
69158
69162
69162
69164
69165
69166
69167
69168
69169
69169
69170
69170
69170
69171
69174
69175
69175
69177
69180
69182
69183
69185
69186
69187
69187
69187
69191
69191
69194
69194
69195
69196
69196
69196
69198
69198
69198
69199
69199
69200
69201
69203
69203
69204
69206
69206
69208
69211
69212
69214
69214
69215
69217
69219
69220
69222
69224
69225
69226
69226
69228
69229
69229
69230
69231
69231
69233
69233
69234
69234
69234
69237
69239
69239
69240
69240
69241
69244
69244
69244
69245
69246
69248
69250
69252
69253
69254
69255
69255
69257
69258
69259
69259
69261
69262
69262
69262
69265
69266
69268
69269
69270
69271
69271
69273
69273
69281
69282
69282
69284
69285
69286
69286
69288
69289
69291
69292
69293
69294
69296
69298
69299
69299
69300
69300
69301
69301
69303
69303
69304
69304
69304
69304
69306
69306
69306
69307
69308
69309
69311
69314
69316
69316
69316
69318
69318
69318
69319
69319
69320
69322
69322
69324
69326
69326
69328
69328
69330
69333
69334
69338
69338
69338
69339
69340
69341
69341
69342
69342
69344
69347
69348
69348
69349
69349
69349
69351
69352
69353
69355
69355
69355
69355
69356
69361
69363
69364
69364
69366
69367
69367
69367
69371
69371
69371
69373
69374
69375
69376
69376
69378
69379
69380
69381
69381
69382
69382
69382
69382
69383
69383
69384
69385
69385
69385
69386
69387
69387
69387
69388
69389
69389
69390
69390
69391
69391
69391
69391
69392
69392
69392
69392
69393
69393
69393
69393
69394
69396
69397
69398
69399
69400
69401
69402
69402
69403
69404
69405
69408
69408
69413
69414
69415
69415
69416
69419
69420
69422
69423
69423
69423
69423
69424
69425
69425
69427
69427
69427
69428
69429
69429
69430
69431
69433
69433
69433
69433
69435
69436
69436
69436
69438
69438
69439
69440
69441
69442
69443
69443
69444
69444
69445
69445
69447
69449
69450
69452
69453
69454
69454
69455
69456
69457
69458
69459
69462
69465
69465
69465
69467
69467
69470
69471
69472
69473
69475
69476
69476
69476
69476
69477
69479
69479
69479
69480
69480
69481
69481
69482
69483
69484
69487
69489
69490
69491
69491
69492
69492
69495
69495
69500
69504
69506
69506
69507
69509
69510
69511
69511
69513
69514
69515
69516
69516
69517
69518
69519
69520
69522
69523
69524
69524
69524
69529
69529
69531
69532
69535
69535
69536
69537
69537
69539
69540
69540
69541
69542
69543
69545
69545
69545
69546
69546
69547
69548
69548
69548
69549
69550
69550
69550
69552
69553
69557
69557
69559
69560
69560
69561
69562
69563
69564
69565
69566
69566
69567
69568
69572
69572
69573
69573
69575
69576
69578
69579
69582
69582
69583
69585
69585
69586
69586
69587
69587
69587
69588
69588
69589
69591
69591
69594
69595
69595
69595
69596
69597
69601
69603
69603
69603
69606
69610
69612
69612
69614
69614
69614
69616
69617
69618
69618
69620
69621
69621
69621
69625
69626
69626
69626
69626
69627
69628
69630
69631
69631
69631
69633
69634
69635
69635
69636
69637
69640
69641
69641
69641
69642
69644
69646
69647
69648
69648
69649
69651
69651
69652
69652
69652
69653
69654
69655
69656
69659
69660
69663
69663
69664
69664
69666
69666
69668
69670
69671
69671
69672
69672
69673
69674
69674
69675
69676
69676
69678
69679
69680
69680
69681
69681
69681
69682
69683
69683
69684
69686
69686
69687
69687
69687
69687
69690
69690
69690
69693
69694
69695
69695
69696
69697
69697
69699
69699
69700
69702
69703
69707
69708
69708
69709
69711
69711
69713
69713
69713
69713
69714
69714
69715
69716
69721
69721
69726
69726
69727
69727
69728
69729
69731
69734
69734
69734
69737
69737
69739
69740
69740
69742
69743
69744
69745
69745
69745
69749
69751
69751
69752
69752
69752
69752
69754
69754
69754
69756
69757
69757
69757
69758
69760
69762
69762
69765
69765
69766
69767
69768
69768
69768
69769
69769
69770
69771
69771
69771
69772
69772
69773
69773
69773
69775
69776
69777
69778
69779
69779
69781
69784
69784
69785
69785
69786
69786
69787
69788
69789
69789
69792
69792
69792
69793
69793
69794
69794
69794
69796
69796
69797
69797
69799
69799
69799
69800
69800
69800
69801
69802
69802
69802
69802
69803
69804
69806
69810
69811
69811
69812
69814
69814
69816
69816
69816
69817
69819
69819
69820
69822
69822
69823
69823
69825
69826
69826
69827
69828
69829
69829
69831
69832
69832
69832
69833
69833
69834
69835
69835
69836
69836
69837
69838
69839
69839
69840
69840
69841
69841
69843
69843
69843
69843
69844
69844
69845
69846
69846
69846
69847
69848
69850
69850
69851
69851
69853
69854
69855
69856
69857
69858
69859
69860
69861
69862
69863
69864
69864
69865
69865
69867
69868
69868
69869
69869
69871
69872
69873
69875
69875
69877
69879
69879
69880
69880
69880
69882
69884
69884
69885
69885
69885
69888
69888
69890
69891
69893
69893
69894
69894
69896
69898
69898
69899
69902
69903
69906
69906
69909
69910
69912
69914
69915
69921
69921
69921
69923
69925
69927
69928
69929
69932
69936
69936
69936
69936
69937
69940
69940
69941
69942
69942
69943
69943
69943
69943
69943
69944
69944
69944
69946
69947
69947
69947
69948
69948
69948
69949
69950
69951
69954
69954
69958
69958
69959
69959
69961
69961
69961
69961
69963
69964
69969
69969
69969
69970
69971
69971
69971
69972
69972
69972
69973
69974
69977
69978
69979
69980
69981
69982
69982
69984
69984
69985
69986
69987
69988
69989
69991
69991
69991
69992
69993
69996
69996
69997
69998
69998
69999
70002
70003
70003
70004
70005
70007
70008
70009
70010
70010
70011
70011
70012
70012
70012
70012
70012
70014
70015
70016
70016
70019
70019
70020
70021
70023
70024
70024
70024
70025
70026
70026
70026
70027
70028
70032
70032
70033
70033
70034
70035
70036
70036
70038
70040
70040
70040
70041
70045
70046
70047
70049
70051
70053
70055
70057
70059
70060
70061
70062
70064
70064
70064
70065
70065
70066
70066
70066
70069
70070
70070
70071
70072
70072
70074
70076
70076
70077
70077
70080
70081
70082
70082
70083
70084
70084
70084
70084
70085
70086
70086
70087
70087
70087
70089
70091
70093
70095
70095
70095
70095
70095
70098
70102
70103
70104
70104
70106
70110
70113
70113
70113
70117
70117
70118
70118
70119
70120
70120
70121
70121
70121
70122
70122
70123
70124
70124
70125
70126
70126
70128
70128
70130
70132
70132
70134
70134
70135
70135
70136
70137
70139
70140
70140
70140
70142
70142
70145
70146
70146
70150
70151
70152
70153
70153
70153
70154
70154
70154
70154
70154
70154
70156
70156
70158
70160
70162
70162
70163
70164
70166
70166
70167
70168
70170
70170
70171
70174
70174
70177
70179
70180
70181
70182
70182
70182
70184
70185
70186
70186
70188
70189
70190
70190
70191
70192
70194
70194
70196
70197
70198
70198
70198
70199
70199
70200
70200
70202
70202
70202
70203
70204
70204
70204
70204
70206
70206
70207
70208
70209
70210
70210
70211
70213
70213
70213
70213
70214
70216
70216
70218
70219
70220
70220
70220
70220
70224
70225
70226
70226
70227
70229
70230
70230
70231
70231
70231
70234
70236
70238
70239
70240
70240
70241
70243
70243
70246
70247
70250
70251
70252
70252
70252
70255
70256
70257
70257
70257
70258
70259
70260
70261
70261
70261
70262
70262
70264
70264
70266
70267
70269
70270
70271
70271
70271
70273
70273
70276
70277
70278
70278
70279
70280
70281
70281
70282
70284
70285
70287
70288
70288
70289
70289
70289
70291
70291
70294
70296
70300
70303
70306
70308
70310
70310
70312
70312
70312
70313
70314
70317
70318
70319
70319
70320
70321
70322
70322
70322
70324
70325
70326
70327
70327
70328
70330
70334
70338
70341
70343
70345
70345
70348
70352
70353
70353
70356
70357
70358
70360
70361
70361
70361
70362
70362
70362
70363
70366
70368
70369
70369
70371
70371
70372
70373
70375
70376
70377
70378
70379
70380
70382
70383
70383
70384
70385
70385
70386
70387
70388
70389
70390
70390
70390
70391
70393
70393
70394
70394
70394
70395
70396
70396
70398
70398
70398
70399
70399
70400
70401
70403
70405
70411
70411
70411
70413
70414
70414
70415
70416
70417
70417
70418
70418
70419
70419
70419
70420
70421
70423
70425
70427
70428
70428
70429
70429
70430
70430
70433
70434
70437
70439
70439
70441
70441
70443
70443
70444
70447
70447
70447
70449
70451
70451
70451
70453
70456
70457
70457
70458
70458
70458
70458
70459
70461
70461
70463
70463
70463
70464
70466
70467
70467
70468
70471
70474
70474
70475
70476
70476
70476
70476
70476
70477
70477
70479
70480
70481
70485
70486
70486
70487
70488
70488
70488
70489
70489
70490
70490
70490
70492
70492
70493
70493
70493
70495
70495
70496
70496
70496
70499
70501
70502
70502
70503
70507
70508
70510
70510
70511
70514
70514
70514
70517
70518
70520
70520
70521
70521
70521
70521
70522
70522
70522
70523
70525
70526
70526
70527
70527
70528
70529
70529
70530
70530
70531
70531
70531
70532
70532
70533
70533
70533
70534
70534
70534
70534
70535
70537
70538
70540
70541
70541
70541
70541
70542
70544
70544
70545
70545
70546
70546
70546
70547
70549
70550
70550
70550
70550
70550
70551
70551
70552
70553
70556
70557
70558
70558
70558
70558
70559
70561
70562
70562
70563
70565
70565
70566
70566
70567
70567
70568
70570
70570
70570
70571
70571
70574
70575
70578
70578
70580
70580
70582
70582
70582
70582
70582
70583
70583
70584
70585
70586
70587
70590
70590
70590
70591
70591
70591
70592
70593
70593
70593
70597
70599
70599
70600
70600
70601
70603
70604
70604
70606
70607
70607
70608
70608
70609
70611
70613
70614
70615
70616
70621
70621
70622
70622
70623
70626
70626
70626
70627
70628
70628
70629
70630
70630
70630
70633
70633
70633
70634
70636
70636
70636
70637
70637
70637
70639
70639
70639
70639
70640
70642
70642
70642
70642
70642
70643
70643
70644
70645
70645
70645
70647
70648
70650
70650
70651
70651
70652
70654
70654
70655
70655
70656
70657
70658
70658
70658
70659
70660
70662
70662
70663
70663
70665
70665
70666
70668
70669
70671
70672
70673
70675
70676
70676
70676
70678
70678
70679
70679
70680
70682
70682
70683
70684
70686
70686
70688
70691
70691
70691
70693
70695
70695
70697
70697
70697
70697
70698
70702
70702
70704
70705
70705
70705
70705
70706
70706
70707
70708
70710
70710
70711
70711
70712
70712
70713
70713
70716
70717
70718
70724
70726
70726
70727
70727
70727
70728
70730
70730
70731
70734
70736
70738
70738
70740
70740
70740
70741
70742
70742
70743
70743
70744
70746
70746
70749
70749
70750
70751
70751
70753
70753
70754
70756
70756
70757
70758
70761
70761
70762
70763
70763
70763
70765
70766
70769
70769
70769
70769
70770
70770
70770
70771
70774
70775
70777
70778
70778
70779
70780
70782
70782
70786
70788
70789
70791
70792
70793
70794
70794
70794
70796
70796
70796
70796
70797
70802
70802
70807
70807
70810
70811
70811
70812
70814
70814
70814
70814
70814
70815
70815
70818
70819
70820
70821
70821
70824
70824
70825
70826
70827
70829
70829
70830
70830
70830
70830
70834
70834
70834
70835
70835
70836
70836
70836
70836
70837
70837
70837
70838
70839
70839
70839
70840
70841
70843
70845
70850
70851
70853
70853
70854
70854
70857
70858
70858
70859
70860
70862
70862
70863
70864
70864
70865
70865
70867
70868
70869
70869
70871
70871
70873
70873
70874
70874
70874
70875
70877
70881
70881
70881
70883
70883
70884
70885
70887
70887
70887
70887
70888
70889
70890
70891
70891
70891
70893
70893
70894
70895
70897
70897
70898
70901
70901
70901
70903
70906
70908
70910
70911
70912
70912
70913
70915
70915
70915
70916
70920
70920
70922
70923
70923
70924
70926
70926
70926
70928
70928
70929
70931
70931
70932
70932
70933
70933
70934
70935
70936
70937
70940
70943
70944
70944
70944
70945
70947
70947
70948
70948
70949
70950
70951
70952
70954
70956
70956
70957
70959
70960
70960
70961
70962
70964
70965
70966
70967
70967
70967
70968
70968
70968
70970
70970
70970
70971
70972
70973
70973
70976
70978
70978
70978
70979
70980
70982
70983
70984
70985
70987
70987
70987
70987
70988
70988
70988
70989
70991
70992
70992
70993
70994
70995
70995
70996
70997
70998
70999
71000
71000
71001
71001
71002
71002
71002
71003
71003
71003
71004
71004
71005
71006
71007
71008
71009
71010
71011
71011
71011
71013
71015
71016
71016
71017
71018
71019
71019
71020
71020
71022
71023
71023
71023
71024
71025
71026
71028
71029
71031
71031
71032
71036
71036
71037
71037
71037
71039
71040
71040
71041
71041
71041
71043
71046
71047
71048
71050
71050
71051
71052
71053
71053
71053
71053
71054
71054
71055
71056
71056
71056
71057
71059
71059
71060
71061
71062
71063
71063
71063
71064
71067
71067
71069
71069
71069
71069
71070
71072
71073
71073
71074
71075
71076
71076
71077
71077
71079
71080
71082
71083
71083
71084
71085
71086
71087
71089
71090
71090
71091
71092
71092
71092
71095
71100
71103
71103
71103
71104
71106
71107
71107
71107
71108
71112
71113
71114
71114
71114
71116
71118
71119
71120
71120
71121
71121
71121
71122
71122
71124
71125
71126
71126
71126
71127
71127
71128
71128
71131
71132
71136
71139
71141
71141
71142
71143
71143
71145
71145
71146
71148
71148
71149
71149
71151
71151
71152
71153
71153
71154
71154
71156
71157
71162
71162
71168
71168
71170
71171
71171
71172
71175
71175
71175
71178
71178
71180
71182
71182
71183
71185
71185
71188
71188
71189
71190
71191
71191
71191
71195
71196
71196
71196
71197
71203
71204
71205
71205
71206
71206
71212
71212
71213
71213
71214
71214
71216
71219
71219
71222
71223
71223
71224
71225
71230
71231
71232
71233
71236
71236
71239
71239
71239
71240
71241
71242
71243
71244
71245
71247
71248
71249
71250
71250
71251
71252
71255
71255
71256
71256
71257
71258
71260
71260
71262
71263
71265
71265
71267
71270
71270
71272
71274
71274
71275
71276
71277
71279
71279
71279
71280
71283
71284
71284
71286
71290
71293
71295
71296
71297
71299
71301
71301
71302
71303
71303
71304
71305
71306
71307
71308
71309
71310
71311
71312
71312
71313
71313
71314
71314
71316
71317
71317
71318
71319
71319
71319
71320
71321
71322
71323
71323
71324
71325
71327
71328
71328
71329
71331
71334
71334
71336
71336
71337
71337
71338
71340
71340
71340
71341
71341
71343
71343
71344
71346
71346
71347
71347
71347
71349
71351
71351
71353
71356
71357
71357
71357
71360
71361
71363
71364
71366
71366
71368
71370
71370
71370
71370
71372
71373
71373
71373
71376
71376
71377
71377
71379
71379
71379
71379
71381
71383
71383
71384
71385
71385
71386
71386
71388
71388
71390
71390
71391
71391
71392
71392
71393
71393
71396
71396
71397
71398
71399
71400
71400
71400
71401
71401
71403
71403
71403
71404
71404
71405
71406
71406
71406
71407
71407
71408
71409
71412
71412
71413
71416
71417
71417
71417
71421
71421
71422
71423
71423
71423
71425
71426
71427
71427
71427
71428
71428
71429
71431
71432
71433
71433
71434
71435
71436
71437
71437
71438
71438
71438
71439
71439
71440
71441
71443
71443
71444
71444
71444
71445
71446
71449
71449
71450
71450
71451
71453
71454
71455
71455
71456
71457
71457
71458
71462
71465
71467
71468
71468
71471
71474
71474
71475
71475
71475
71477
71477
71477
71478
71479
71481
71481
71482
71483
71484
71484
71485
71486
71486
71487
71487
71487
71488
71489
71489
71489
71490
71491
71491
71491
71492
71493
71493
71494
71494
71495
71495
71497
71497
71497
71498
71499
71503
71503
71505
71506
71506
71508
71509
71510
71512
71512
71512
71513
71513
71513
71513
71513
71515
71515
71515
71516
71518
71519
71520
71522
71523
71523
71523
71523
71524
71526
71526
71527
71528
71530
71531
71532
71532
71533
71536
71537
71538
71539
71540
71541
71541
71541
71543
71545
71545
71546
71549
71551
71552
71552
71552
71554
71556
71557
71557
71558
71558
71559
71560
71561
71561
71563
71565
71566
71568
71569
71571
71573
71573
71576
71577
71578
71579
71580
71580
71582
71582
71582
71582
71582
71583
71583
71584
71584
71584
71585
71588
71590
71593
71593
71594
71594
71594
71594
71595
71595
71595
71597
71597
71598
71599
71600
71600
71604
71605
71607
71608
71608
71608
71610
71610
71612
71613
71613
71613
71614
71616
71616
71618
71618
71619
71619
71620
71620
71621
71622
71624
71624
71625
71626
71627
71628
71631
71632
71637
71637
71640
71643
71643
71645
71645
71646
71646
71647
71649
71649
71650
71652
71653
71655
71656
71657
71658
71658
71660
71661
71663
71664
71664
71665
71667
71669
71671
71671
71671
71672
71672
71674
71676
71676
71677
71677
71678
71679
71680
71681
71682
71682
71685
71688
71688
71690
71694
71695
71695
71696
71697
71699
71700
71700
71702
71703
71703
71704
71705
71705
71706
71709
71712
71712
71712
71713
71715
71716
71716
71716
71716
71718
71719
71720
71722
71722
71723
71724
71726
71726
71727
71727
71729
71730
71731
71732
71733
71733
71733
71735
71735
71735
71735
71736
71736
71738
71738
71738
71739
71739
71742
71743
71744
71744
71745
71746
71747
71748
71751
71753
71755
71756
71757
71757
71757
71757
71758
71762
71763
71764
71764
71765
71766
71767
71768
71768
71768
71769
71769
71770
71771
71777
71778
71778
71778
71778
71780
71784
71784
71785
71786
71786
71788
71788
71789
71789
71789
71789
71790
71791
71792
71792
71792
71793
71793
71793
71794
71795
71796
71796
71797
71800
71800
71801
71802
71805
71805
71805
71806
71807
71809
71810
71811
71815
71815
71815
71816
71816
71818
71820
71823
71823
71824
71824
71826
71826
71827
71828
71831
71831
71833
71833
71834
71836
71839
71840
71841
71841
71842
71842
71842
71844
71845
71845
71845
71845
71846
71846
71846
71846
71847
71848
71848
71849
71851
71851
71851
71852
71854
71854
71854
71857
71857
71858
71859
71860
71860
71862
71862
71862
71864
71867
71868
71869
71870
71871
71871
71871
71873
71874
71876
71879
71880
71882
71882
71883
71884
71885
71888
71888
71889
71890
71891
71891
71892
71894
71894
71896
71896
71896
71897
71901
71901
71903
71905
71905
71906
71907
71908
71908
71911
71911
71911
71911
71912
71912
71916
71918
71919
71920
71922
71922
71923
71924
71924
71925
71926
71928
71930
71931
71931
71932
71932
71933
71935
71936
71936
71937
71939
71940
71942
71943
71944
71944
71947
71949
71951
71952
71952
71952
71953
71954
71955
71958
71959
71960
71961
71962
71962
71962
71963
71963
71963
71963
71967
71968
71970
71971
71972
71972
71974
71974
71974
71974
71974
71975
71975
71977
71978
71981
71982
71982
71982
71982
71982
71984
71985
71985
71987
71987
71988
71992
71994
71994
71997
71997
71997
71999
71999
71999
72000
72003
72003
72004
72006
72008
72009
72010
72011
72013
72013
72014
72014
72014
72015
72015
72017
72017
72020
72020
72020
72021
72023
72023
72023
72023
72024
72026
72027
72027
72028
72031
72031
72031
72031
72032
72033
72035
72036
72037
72038
72038
72038
72038
72038
72039
72041
72042
72042
72043
72045
72046
72046
72046
72048
72048
72048
72049
72049
72049
72049
72049
72049
72052
72053
72053
72054
72055
72055
72056
72056
72057
72057
72058
72058
72059
72059
72061
72061
72062
72064
72064
72067
72067
72067
72067
72068
72070
72070
72071
72071
72071
72071
72072
72073
72073
72074
72075
72077
72079
72081
72081
72081
72083
72086
72088
72089
72089
72089
72093
72095
72096
72096
72097
72097
72098
72098
72098
72101
72102
72102
72102
72107
72107
72108
72108
72108
72109
72109
72110
72110
72110
72111
72111
72114
72114
72116
72117
72120
72123
72123
72124
72124
72125
72125
72125
72125
72125
72129
72130
72130
72131
72133
72136
72137
72138
72139
72139
72141
72142
72144
72145
72145
72145
72146
72146
72148
72148
72149
72149
72149
72149
72149
72149
72151
72153
72154
72155
72155
72156
72156
72156
72157
72159
72159
72162
72163
72164
72168
72169
72170
72170
72171
72172
72174
72174
72177
72177
72178
72178
72179
72181
72181
72182
72182
72182
72182
72183
72184
72185
72185
72186
72186
72187
72188
72190
72191
72192
72192
72193
72194
72195
72196
72196
72197
72197
72197
72198
72200
72200
72201
72202
72202
72203
72203
72203
72207
72207
72207
72208
72211
72212
72212
72213
72214
72215
72215
72215
72217
72217
72217
72218
72218
72219
72220
72221
72221
72222
72222
72223
72223
72225
72226
72226
72227
72228
72229
72230
72230
72231
72231
72232
72234
72234
72235
72235
72237
72239
72240
72240
72240
72241
72241
72241
72242
72246
72248
72248
72249
72249
72250
72253
72253
72253
72254
72254
72256
72257
72257
72259
72259
72260
72263
72263
72264
72267
72268
72269
72269
72270
72270
72271
72271
72273
72274
72275
72275
72275
72278
72279
72279
72279
72280
72281
72283
72283
72285
72285
72286
72287
72287
72287
72288
72290
72290
72290
72290
72292
72293
72293
72294
72294
72299
72299
72300
72301
72302
72302
72304
72304
72304
72305
72306
72308
72308
72309
72310
72311
72311
72314
72318
72321
72322
72322
72324
72329
72329
72330
72330
72330
72331
72332
72332
72332
72333
72333
72333
72334
72335
72335
72335
72337
72340
72341
72341
72342
72342
72347
72348
72348
72349
72349
72349
72350
72352
72352
72355
72355
72355
72355
72355
72356
72356
72356
72357
72358
72359
72360
72360
72361
72362
72363
72363
72364
72364
72366
72366
72367
72367
72368
72368
72372
72372
72372
72374
72376
72376
72377
72377
72380
72380
72381
72381
72382
72382
72383
72383
72389
72389
72390
72390
72390
72392
72392
72395
72395
72396
72397
72398
72398
72399
72400
72400
72401
72403
72405
72405
72405
72408
72408
72408
72408
72409
72409
72410
72410
72412
72413
72415
72417
72418
72418
72419
72420
72421
72425
72426
72426
72427
72428
72428
72429
72431
72431
72431
72432
72433
72435
72435
72435
72437
72440
72441
72441
72443
72444
72447
72447
72450
72451
72452
72453
72453
72453
72453
72454
72454
72454
72455
72456
72457
72458
72462
72463
72464
72464
72464
72465
72465
72466
72467
72468
72470
72471
72472
72472
72473
72476
72476
72477
72479
72483
72484
72484
72485
72486
72486
72488
72490
72490
72491
72492
72492
72492
72493
72496
72497
72497
72499
72501
72502
72502
72502
72502
72503
72504
72504
72505
72506
72507
72509
72511
72512
72513
72513
72514
72514
72515
72517
72517
72518
72518
72518
72519
72520
72520
72520
72522
72523
72524
72525
72526
72527
72527
72529
72529
72531
72532
72534
72535
72539
72539
72541
72541
72546
72546
72549
72552
72552
72555
72556
72557
72557
72557
72558
72559
72559
72560
72561
72562
72562
72563
72563
72566
72566
72566
72566
72566
72566
72568
72569
72570
72571
72572
72574
72574
72575
72575
72578
72580
72580
72583
72583
72583
72585
72587
72588
72588
72589
72589
72590
72591
72592
72594
72595
72595
72596
72597
72597
72598
72599
72599
72601
72601
72603
72604
72605
72605
72607
72607
72608
72608
72610
72610
72611
72613
72615
72617
72617
72617
72618
72621
72624
72625
72626
72627
72627
72628
72629
72632
72632
72633
72633
72633
72634
72635
72638
72638
72638
72639
72639
72639
72639
72639
72640
72640
72642
72642
72642
72643
72644
72647
72650
72653
72656
72656
72656
72656
72656
72656
72657
72658
72659
72659
72662
72662
72664
72666
72666
72667
72669
72670
72670
72670
72671
72672
72674
72674
72679
72683
72684
72685
72685
72685
72685
72687
72689
72692
72692
72692
72693
72693
72694
72696
72697
72697
72698
72699
72699
72699
72700
72702
72702
72702
72703
72703
72704
72705
72706
72707
72708
72708
72708
72708
72709
72709
72709
72710
72710
72711
72713
72713
72717
72717
72718
72720
72721
72723
72723
72725
72725
72726
72726
72726
72726
72729
72730
72730
72730
72730
72731
72732
72733
72733
72734
72736
72737
72738
72739
72739
72740
72741
72743
72743
72743
72744
72744
72745
72746
72747
72751
72752
72752
72753
72754
72754
72756
72757
72758
72759
72760
72760
72761
72761
72762
72762
72765
72766
72766
72767
72767
72769
72770
72770
72772
72773
72775
72776
72779
72782
72782
72783
72784
72785
72785
72786
72786
72787
72787
72787
72788
72789
72790
72791
72792
72792
72795
72796
72796
72797
72798
72800
72801
72801
72806
72806
72806
72808
72809
72810
72810
72811
72812
72812
72814
72814
72815
72815
72815
72816
72818
72820
72820
72820
72821
72821
72821
72823
72823
72830
72830
72832
72834
72835
72839
72839
72839
72840
72842
72842
72842
72844
72844
72846
72847
72847
72847
72848
72849
72851
72852
72854
72855
72855
72857
72857
72859
72861
72862
72862
72862
72863
72863
72864
72864
72864
72865
72865
72866
72867
72867
72867
72868
72868
72868
72869
72870
72870
72870
72871
72871
72872
72873
72876
72878
72880
72880
72881
72881
72881
72882
72884
72884
72885
72885
72886
72887
72887
72889
72889
72890
72891
72893
72895
72895
72898
72899
72901
72901
72902
72904
72905
72905
72908
72909
72909
72910
72911
72912
72912
72912
72913
72913
72914
72917
72918
72921
72922
72922
72926
72926
72926
72927
72929
72930
72930
72931
72932
72933
72934
72935
72936
72936
72936
72937
72937
72938
72939
72939
72939
72941
72941
72944
72947
72947
72952
72953
72959
72959
72959
72960
72964
72965
72965
72965
72966
72968
72969
72969
72970
72970
72971
72972
72972
72974
72974
72974
72975
72976
72976
72977
72978
72980
72982
72982
72982
72985
72986
72987
72988
72989
72989
72991
72991
72992
72993
72995
72995
72997
72997
72998
72999
72999
73001
73001
73002
73003
73004
73004
73004
73004
73005
73006
73007
73008
73009
73010
73010
73010
73011
73011
73013
73013
73016
73017
73019
73020
73021
73021
73022
73022
73023
73026
73028
73029
73030
73030
73031
73031
73033
73033
73033
73034
73035
73036
73036
73036
73036
73037
73037
73037
73038
73038
73039
73041
73042
73043
73044
73044
73046
73046
73046
73050
73050
73052
73052
73053
73054
73055
73055
73056
73057
73057
73058
73059
73060
73062
73062
73062
73065
73065
73066
73066
73067
73067
73069
73070
73071
73071
73073
73074
73076
73076
73077
73077
73078
73081
73081
73083
73083
73086
73086
73088
73092
73093
73097
73098
73101
73102
73103
73103
73107
73107
73108
73108
73109
73109
73111
73112
73113
73115
73116
73118
73120
73120
73122
73122
73123
73126
73128
73130
73132
73133
73133
73134
73134
73134
73135
73137
73137
73138
73138
73140
73140
73141
73142
73145
73145
73146
73146
73148
73149
73149
73151
73152
73153
73153
73155
73156
73157
73160
73161
73163
73164
73167
73170
73171
73172
73172
73174
73177
73177
73178
73179
73179
73180
73181
73181
73182
73183
73184
73184
73187
73192
73193
73193
73195
73196
73198
73199
73199
73199
73201
73202
73202
73202
73204
73206
73207
73208
73211
73211
73213
73215
73217
73217
73218
73219
73220
73223
73224
73225
73227
73228
73229
73231
73232
73232
73232
73234
73234
73235
73235
73236
73236
73238
73240
73241
73243
73243
73243
73244
73245
73247
73248
73249
73250
73251
73253
73254
73255
73255
73259
73261
73261
73261
73261
73262
73262
73262
73264
73266
73267
73267
73267
73268
73270
73272
73273
73273
73273
73274
73275
73276
73276
73277
73281
73281
73284
73285
73286
73287
73287
73288
73288
73290
73290
73291
73291
73292
73292
73294
73296
73296
73298
73298
73298
73301
73302
73303
73305
73305
73306
73306
73307
73308
73309
73310
73311
73312
73312
73314
73315
73315
73316
73318
73318
73320
73320
73321
73324
73325
73326
73326
73327
73328
73328
73329
73329
73330
73331
73331
73331
73332
73333
73333
73333
73333
73333
73334
73334
73334
73337
73338
73339
73339
73340
73341
73342
73342
73343
73343
73344
73344
73345
73347
73347
73347
73348
73348
73348
73349
73349
73350
73351
73351
73354
73356
73357
73358
73359
73360
73360
73360
73361
73362
73363
73365
73366
73367
73368
73368
73371
73372
73374
73376
73377
73378
73379
73379
73379
73379
73380
73380
73380
73381
73381
73381
73381
73382
73382
73385
73386
73386
73386
73387
73387
73387
73388
73389
73391
73393
73395
73395
73396
73397
73397
73398
73399
73400
73400
73400
73402
73402
73402
73403
73403
73405
73405
73406
73406
73407
73407
73407
73409
73410
73410
73412
73412
73412
73414
73414
73415
73416
73418
73418
73418
73418
73421
73423
73424
73426
73427
73428
73429
73430
73433
73433
73433
73435
73436
73438
73439
73440
73443
73443
73444
73444
73447
73447
73448
73448
73450
73451
73452
73453
73454
73455
73458
73458
73458
73458
73458
73459
73459
73459
73460
73461
73461
73462
73462
73463
73463
73464
73465
73466
73468
73471
73471
73473
73473
73473
73473
73474
73474
73477
73479
73480
73480
73481
73483
73483
73483
73484
73484
73485
73486
73490
73491
73492
73492
73493
73494
73494
73494
73495
73496
73496
73497
73497
73498
73501
73502
73502
73503
73504
73504
73505
73506
73506
73509
73509
73510
73512
73512
73513
73513
73513
73514
73514
73515
73516
73517
73517
73518
73519
73519
73521
73521
73523
73523
73523
73523
73525
73526
73527
73528
73529
73531
73531
73532
73533
73534
73535
73535
73536
73538
73539
73540
73542
73544
73545
73545
73546
73548
73549
73549
73549
73550
73550
73552
73554
73554
73555
73558
73559
73559
73560
73560
73563
73563
73563
73565
73565
73567
73569
73570
73570
73570
73571
73572
73575
73576
73577
73577
73578
73579
73580
73581
73584
73584
73587
73587
73587
73589
73590
73591
73591
73595
73598
73601
73602
73602
73604
73605
73606
73609
73611
73611
73612
73613
73614
73614
73616
73617
73617
73618
73619
73620
73621
73623
73624
73625
73626
73627
73629
73629
73630
73631
73633
73635
73636
73639
73641
73642
73642
73643
73644
73646
73647
73647
73649
73650
73650
73652
73652
73653
73654
73655
73655
73656
73657
73657
73657
73658
73658
73659
73664
73664
73664
73665
73666
73666
73668
73669
73670
73672
73673
73674
73675
73676
73676
73676
73677
73678
73678
73680
73681
73682
73684
73685
73685
73687
73688
73689
73692
73695
73696
73697
73697
73699
73702
73707
73707
73709
73711
73712
73713
73714
73715
73716
73717
73717
73719
73719
73720
73724
73726
73726
73727
73727
73727
73728
73729
73733
73733
73734
73735
73736
73736
73737
73737
73739
73739
73740
73742
73744
73746
73747
73747
73749
73749
73750
73751
73751
73752
73754
73757
73757
73757
73758
73758
73760
73760
73761
73761
73762
73763
73764
73765
73766
73768
73768
73770
73770
73772
73772
73772
73773
73775
73776
73776
73776
73777
73780
73781
73781
73783
73783
73785
73788
73789
73789
73790
73790
73793
73793
73793
73794
73794
73794
73794
73797
73799
73799
73801
73802
73803
73804
73807
73808
73808
73808
73809
73811
73811
73813
73813
73815
73819
73819
73823
73823
73825
73825
73825
73827
73827
73827
73827
73828
73828
73828
73829
73829
73833
73834
73835
73835
73836
73836
73836
73836
73836
73837
73838
73842
73843
73844
73845
73845
73846
73846
73846
73846
73847
73849
73853
73854
73855
73855
73856
73859
73860
73860
73860
73862
73863
73864
73866
73867
73868
73871
73871
73872
73872
73872
73878
73878
73880
73881
73881
73883
73883
73883
73883
73884
73886
73887
73887
73887
73887
73887
73889
73889
73890
73891
73891
73892
73894
73895
73897
73898
73898
73899
73899
73901
73902
73904
73905
73907
73908
73908
73909
73910
73910
73910
73913
73915
73918
73918
73919
73920
73921
73922
73926
73927
73927
73927
73927
73929
73929
73929
73932
73932
73933
73934
73934
73937
73938
73939
73940
73940
73942
73942
73943
73944
73946
73946
73946
73946
73947
73948
73949
73949
73949
73950
73955
73955
73955
73955
73956
73957
73958
73959
73960
73961
73961
73964
73965
73965
73965
73966
73966
73966
73967
73967
73968
73968
73969
73970
73971
73971
73973
73975
73977
73979
73981
73982
73983
73985
73987
73989
73990
73991
73991
73996
73996
73996
73997
73997
73997
73997
73998
74001
74002
74002
74002
74003
74004
74006
74007
74008
74008
74008
74008
74009
74009
74010
74011
74012
74013
74014
74014
74014
74014
74018
74019
74020
74021
74021
74023
74023
74024
74025
74026
74027
74027
74028
74029
74030
74030
74032
74033
74033
74036
74036
74036
74037
74038
74038
74039
74040
74042
74042
74043
74046
74047
74047
74048
74050
74051
74051
74053
74053
74056
74057
74058
74058
74059
74059
74060
74060
74061
74061
74063
74064
74066
74067
74068
74070
74070
74071
74072
74072
74073
74073
74075
74075
74079
74081
74081
74082
74084
74084
74085
74085
74085
74085
74087
74091
74092
74093
74093
74093
74093
74094
74094
74095
74095
74095
74096
74097
74098
74100
74101
74103
74104
74105
74110
74112
74112
74113
74115
74115
74116
74117
74119
74119
74121
74122
74122
74122
74124
74126
74128
74131
74133
74133
74134
74134
74134
74135
74135
74135
74136
74136
74136
74137
74138
74139
74139
74140
74140
74140
74140
74141
74141
74142
74143
74143
74145
74146
74146
74149
74150
74152
74154
74154
74156
74157
74158
74158
74159
74160
74161
74161
74165
74165
74166
74168
74168
74173
74174
74175
74177
74178
74179
74183
74183
74186
74187
74187
74187
74189
74190
74193
74194
74194
74194
74195
74197
74197
74198
74200
74201
74201
74203
74207
74208
74211
74212
74215
74216
74217
74218
74221
74221
74224
74224
74227
74229
74229
74231
74232
74232
74233
74236
74236
74237
74237
74239
74240
74242
74243
74243
74245
74245
74246
74246
74248
74249
74250
74251
74253
74254
74258
74260
74260
74261
74262
74262
74263
74264
74265
74265
74267
74267
74268
74269
74272
74273
74274
74274
74275
74275
74275
74275
74278
74278
74279
74280
74280
74281
74282
74283
74285
74286
74288
74289
74290
74290
74290
74290
74291
74292
74292
74292
74293
74295
74299
74301
74302
74302
74303
74303
74303
74304
74304
74305
74305
74306
74307
74307
74308
74311
74312
74313
74313
74314
74316
74316
74316
74317
74317
74318
74320
74321
74323
74324
74324
74326
74327
74327
74329
74331
74331
74331
74331
74332
74333
74333
74335
74336
74337
74338
74338
74341
74341
74342
74343
74344
74345
74345
74346
74346
74347
74347
74347
74348
74351
74355
74357
74358
74361
74361
74362
74363
74364
74365
74365
74366
74366
74366
74367
74367
74367
74368
74368
74369
74370
74372
74373
74374
74376
74376
74376
74377
74379
74379
74381
74381
74382
74385
74385
74387
74389
74390
74390
74392
74392
74393
74395
74396
74401
74402
74403
74403
74407
74408
74410
74413
74413
74414
74414
74414
74414
74418
74418
74418
74419
74419
74421
74422
74423
74423
74424
74428
74429
74430
74430
74432
74432
74433
74433
74437
74437
74437
74439
74441
74443
74443
74445
74447
74447
74451
74451
74452
74453
74454
74455
74456
74456
74457
74458
74458
74459
74459
74461
74462
74462
74462
74464
74465
74465
74466
74468
74468
74470
74470
74474
74475
74477
74477
74477
74479
74482
74484
74485
74486
74488
74490
74490
74491
74491
74491
74491
74500
74500
74502
74502
74502
74502
74503
74505
74505
74508
74508
74508
74510
74512
74512
74514
74516
74516
74517
74522
74522
74525
74526
74527
74528
74529
74530
74531
74533
74534
74536
74537
74538
74538
74545
74546
74547
74547
74549
74551
74553
74553
74554
74554
74555
74558
74560
74564
74566
74566
74568
74569
74569
74570
74571
74571
74573
74573
74574
74575
74576
74576
74577
74578
74580
74581
74587
74589
74589
74590
74591
74592
74592
74594
74596
74598
74598
74600
74601
74602
74604
74604
74605
74605
74607
74607
74608
74608
74608
74610
74611
74612
74612
74613
74614
74616
74616
74618
74619
74620
74620
74620
74620
74620
74621
74621
74621
74625
74626
74627
74630
74631
74632
74632
74632
74632
74633
74633
74634
74637
74637
74640
74642
74642
74642
74643
74644
74644
74646
74647
74648
74649
74650
74650
74650
74651
74652
74654
74655
74655
74655
74656
74656
74656
74657
74657
74658
74658
74658
74662
74663
74664
74667
74668
74670
74670
74671
74671
74672
74673
74674
74675
74676
74677
74677
74677
74677
74678
74678
74679
74681
74681
74682
74682
74683
74684
74684
74685
74685
74686
74686
74687
74688
74690
74694
74695
74698
74699
74699
74702
74704
74704
74704
74705
74705
74706
74706
74707
74708
74712
74712
74712
74714
74714
74715
74715
74717
74718
74718
74720
74722
74722
74722
74724
74724
74726
74726
74728
74729
74729
74731
74732
74733
74734
74738
74738
74738
74740
74740
74740
74744
74744
74745
74745
74745
74746
74746
74747
74749
74751
74751
74751
74752
74753
74754
74754
74755
74756
74758
74758
74758
74759
74759
74762
74762
74762
74763
74763
74764
74764
74765
74765
74767
74768
74768
74768
74769
74770
74771
74774
74774
74776
74777
74777
74778
74779
74779
74780
74780
74782
74782
74785
74789
74791
74791
74793
74794
74794
74795
74797
74798
74798
74799
74800
74801
74802
74802
74803
74803
74804
74805
74806
74808
74809
74809
74809
74810
74811
74811
74811
74812
74812
74812
74815
74817
74819
74819
74820
74821
74821
74821
74821
74823
74823
74824
74825
74825
74826
74827
74828
74830
74830
74830
74831
74833
74835
74835
74835
74838
74841
74842
74842
74842
74845
74845
74845
74845
74846
74847
74848
74848
74848
74848
74851
74851
74851
74852
74852
74855
74856
74857
74857
74859
74860
74864
74864
74866
74866
74866
74867
74868
74869
74869
74871
74871
74871
74872
74872
74873
74878
74879
74880
74884
74884
74889
74890
74891
74891
74894
74895
74899
74900
74900
74900
74901
74903
74904
74906
74907
74907
74908
74908
74915
74916
74920
74921
74921
74922
74924
74924
74925
74925
74928
74929
74929
74931
74932
74934
74935
74935
74939
74940
74941
74942
74942
74944
74945
74945
74946
74946
74947
74951
74951
74952
74952
74952
74952
74953
74955
74955
74956
74956
74958
74959
74961
74961
74961
74963
74964
74964
74965
74965
74967
74968
74968
74970
74971
74971
74974
74975
74976
74977
74977
74978
74981
74982
74982
74982
74984
74985
74987
74987
74988
74989
74989
74991
74996
74996
74998
74998
74998
75000
75002
75004
75005
75006
75006
75006
75008
75010
75010
75011
75014
75015
75016
75019
75021
75023
75024
75024
75025
75025
75027
75027
75031
75031
75032
75036
75036
75037
75038
75038
75039
75039
75041
75042
75042
75044
75045
75046
75047
75048
75049
75050
75050
75051
75053
75054
75055
75055
75055
75056
75056
75056
75057
75057
75057
75059
75060
75062
75063
75063
75063
75063
75065
75065
75069
75069
75069
75071
75071
75072
75073
75076
75078
75079
75080
75082
75085
75086
75086
75086
75087
75087
75089
75090
75090
75094
75094
75095
75095
75096
75097
75097
75098
75098
75099
75100
75103
75104
75105
75107
75108
75108
75108
75108
75109
75109
75111
75111
75112
75114
75115
75117
75117
75118
75119
75119
75119
75121
75121
75122
75123
75124
75125
75127
75127
75127
75127
75128
75129
75131
75131
75131
75132
75133
75133
75133
75136
75136
75139
75141
75142
75142
75142
75145
75145
75146
75146
75146
75148
75148
75151
75151
75151
75152
75152
75153
75154
75154
75154
75156
75157
75157
75158
75158
75159
75159
75160
75160
75161
75161
75163
75163
75163
75164
75165
75166
75167
75167
75168
75171
75171
75171
75172
75175
75177
75177
75178
75179
75180
75181
75182
75183
75184
75184
75185
75187
75188
75190
75191
75191
75194
75195
75195
75196
75197
75198
75198
75199
75199
75200
75201
75203
75203
75203
75203
75205
75207
75208
75208
75209
75209
75210
75212
75212
75214
75214
75216
75217
75217
75217
75219
75219
75222
75223
75223
75224
75226
75226
75227
75228
75229
75229
75230
75230
75231
75231
75233
75234
75234
75234
75235
75236
75236
75236
75237
75239
75240
75240
75240
75241
75241
75244
75244
75245
75245
75245
75249
75249
75250
75250
75253
75253
75253
75253
75254
75254
75255
75255
75255
75256
75256
75258
75259
75260
75260
75262
75265
75265
75265
75266
75266
75267
75270
75271
75272
75273
75277
75278
75279
75279
75280
75281
75281
75282
75284
75284
75284
75286
75287
75287
75288
75289
75291
75293
75294
75296
75297
75297
75297
75298
75298
75298
75299
75299
75300
75300
75302
75303
75303
75304
75305
75306
75308
75308
75308
75308
75310
75310
75310
75314
75316
75316
75316
75318
75319
75320
75323
75323
75323
75326
75326
75328
75328
75330
75330
75331
75332
75332
75333
75333
75335
75338
75339
75341
75344
75345
75346
75347
75351
75351
75353
75353
75355
75356
75356
75357
75357
75358
75358
75361
75364
75364
75365
75368
75370
75371
75372
75372
75372
75373
75374
75374
75375
75376
75377
75377
75378
75379
75379
75379
75379
75381
75384
75387
75388
75389
75389
75390
75391
75393
75393
75394
75395
75398
75399
75400
75400
75401
75401
75402
75403
75403
75406
75406
75407
75407
75408
75409
75410
75410
75412
75413
75414
75414
75415
75416
75416
75417
75417
75418
75419
75421
75421
75422
75422
75423
75424
75429
75430
75431
75433
75433
75434
75435
75436
75437
75440
75441
75441
75442
75442
75443
75443
75445
75446
75447
75448
75448
75449
75450
75451
75451
75451
75451
75452
75452
75452
75453
75453
75453
75453
75454
75454
75455
75457
75458
75458
75458
75459
75459
75459
75459
75460
75461
75463
75464
75464
75465
75465
75465
75465
75468
75468
75468
75469
75470
75472
75472
75473
75474
75475
75475
75476
75476
75476
75476
75478
75478
75479
75482
75483
75483
75484
75484
75486
75486
75487
75488
75488
75490
75491
75493
75493
75495
75495
75496
75497
75498
75498
75498
75499
75499
75501
75502
75503
75505
75506
75506
75507
75510
75510
75512
75515
75515
75516
75516
75517
75517
75518
75519
75522
75523
75523
75524
75527
75528
75528
75532
75534
75534
75535
75539
75540
75540
75542
75542
75543
75543
75544
75545
75546
75546
75546
75547
75547
75550
75554
75554
75555
75555
75556
75556
75557
75558
75558
75559
75560
75560
75563
75563
75567
75567
75568
75571
75572
75572
75572
75573
75573
75575
75576
75576
75577
75577
75578
75580
75580
75583
75584
75586
75587
75587
75588
75588
75590
75590
75591
75591
75592
75593
75594
75595
75597
75597
75598
75598
75599
75599
75599
75600
75601
75601
75603
75604
75606
75607
75609
75612
75614
75615
75615
75616
75619
75619
75619
75620
75620
75621
75624
75625
75625
75627
75627
75627
75628
75631
75631
75632
75632
75632
75635
75636
75637
75637
75640
75640
75640
75641
75642
75642
75642
75644
75645
75645
75645
75645
75648
75649
75650
75650
75650
75651
75653
75653
75654
75654
75656
75657
75657
75658
75659
75659
75660
75660
75663
75664
75665
75666
75671
75671
75672
75672
75672
75673
75679
75683
75683
75685
75686
75686
75686
75687
75690
75690
75691
75692
75693
75693
75694
75696
75700
75700
75702
75702
75702
75702
75703
75704
75706
75706
75707
75709
75710
75711
75712
75713
75714
75715
75716
75718
75719
75720
75721
75721
75721
75721
75722
75723
75724
75724
75724
75724
75730
75733
75733
75735
75738
75739
75740
75740
75743
75743
75744
75745
75747
75747
75748
75749
75750
75751
75752
75754
75754
75755
75755
75756
75757
75757
75757
75758
75758
75759
75760
75762
75763
75764
75764
75768
75769
75770
75771
75772
75774
75774
75775
75775
75778
75778
75778
75778
75781
75782
75782
75782
75782
75783
75784
75784
75785
75785
75787
75787
75787
75788
75789
75789
75790
75791
75792
75794
75794
75797
75798
75799
75799
75801
75801
75802
75804
75805
75805
75807
75807
75811
75811
75813
75813
75814
75816
75817
75819
75821
75822
75823
75823
75823
75824
75825
75825
75826
75826
75830
75831
75831
75832
75832
75834
75834
75834
75834
75835
75836
75839
75839
75840
75842
75842
75843
75843
75845
75846
75846
75848
75850
75850
75851
75852
75852
75853
75855
75855
75856
75858
75859
75862
75862
75863
75863
75866
75866
75869
75869
75870
75871
75872
75872
75872
75872
75872
75876
75876
75879
75880
75881
75884
75885
75887
75888
75889
75890
75890
75891
75892
75892
75893
75894
75897
75897
75904
75905
75905
75905
75906
75907
75913
75916
75916
75916
75917
75918
75919
75920
75920
75922
75922
75924
75926
75927
75928
75928
75928
75928
75930
75930
75932
75933
75936
75937
75938
75939
75939
75940
75940
75941
75943
75943
75944
75944
75945
75946
75947
75948
75949
75949
75950
75950
75952
75954
75955
75955
75956
75957
75958
75958
75960
75960
75960
75963
75964
75965
75967
75967
75968
75968
75969
75969
75970
75972
75974
75974
75974
75976
75978
75979
75980
75980
75981
75981
75982
75985
75985
75986
75989
75990
75991
75992
75993
75994
75994
75996
75997
75997
75997
75997
75997
76000
76000
76001
76002
76002
76002
76003
76004
76004
76005
76006
76006
76007
76009
76010
76010
76011
76011
76011
76012
76014
76015
76015
76017
76020
76021
76022
76022
76023
76023
76024
76025
76025
76026
76026
76027
76027
76028
76029
76031
76032
76032
76033
76034
76035
76035
76035
76036
76036
76036
76036
76037
76038
76039
76039
76040
76040
76044
76045
76045
76046
76046
76047
76051
76053
76053
76056
76056
76057
76058
76059
76061
76061
76062
76062
76063
76067
76068
76069
76069
76069
76071
76072
76072
76077
76077
76079
76081
76082
76084
76086
76087
76087
76088
76090
76091
76092
76093
76095
76095
76095
76097
76097
76097
76097
76099
76099
76101
76101
76102
76103
76103
76103
76105
76105
76105
76105
76106
76107
76112
76112
76112
76114
76117
76117
76118
76118
76119
76120
76122
76122
76122
76125
76126
76127
76127
76128
76129
76129
76129
76131
76133
76136
76137
76137
76138
76139
76140
76142
76143
76143
76146
76147
76147
76147
76148
76149
76150
76151
76152
76152
76153
76153
76156
76156
76157
76157
76157
76158
76158
76159
76160
76160
76161
76162
76167
76167
76167
76168
76168
76168
76170
76171
76171
76174
76174
76176
76177
76177
76179
76183
76183
76187
76187
76188
76189
76190
76190
76191
76191
76193
76193
76195
76196
76197
76198
76198
76198
76200
76202
76204
76205
76206
76206
76208
76208
76210
76210
76211
76211
76212
76213
76214
76215
76215
76216
76216
76217
76218
76218
76220
76222
76222
76223
76223
76224
76224
76224
76225
76225
76226
76226
76226
76227
76228
76229
76229
76232
76234
76238
76241
76242
76243
76247
76247
76248
76249
76249
76249
76249
76251
76251
76254
76255
76256
76258
76259
76262
76263
76265
76265
76268
76268
76268
76269
76269
76270
76271
76272
76273
76273
76273
76274
76276
76277
76277
76278
76281
76281
76281
76285
76285
76288
76289
76289
76289
76290
76290
76292
76293
76295
76295
76296
76296
76298
76300
76300
76302
76303
76303
76304
76305
76308
76308
76312
76312
76312
76317
76318
76318
76318
76319
76322
76324
76326
76328
76328
76328
76328
76331
76333
76335
76335
76336
76336
76337
76338
76343
76344
76346
76348
76348
76350
76351
76351
76351
76352
76352
76353
76353
76354
76354
76355
76356
76356
76357
76359
76359
76361
76361
76363
76364
76364
76365
76365
76366
76366
76367
76367
76367
76368
76369
76370
76372
76375
76375
76376
76376
76377
76380
76381
76382
76382
76382
76383
76384
76388
76389
76390
76392
76392
76393
76393
76393
76394
76394
76394
76394
76394
76395
76396
76396
76397
76398
76398
76399
76400
76401
76401
76402
76403
76403
76403
76405
76406
76406
76408
76409
76411
76412
76413
76413
76414
76420
76420
76425
76425
76425
76426
76426
76426
76429
76429
76430
76432
76433
76434
76434
76436
76436
76437
76437
76437
76438
76440
76441
76442
76442
76443
76443
76444
76444
76444
76444
76445
76445
76447
76447
76449
76451
76451
76452
76453
76453
76453
76454
76455
76458
76458
76459
76459
76459
76459
76461
76462
76462
76463
76463
76464
76464
76464
76466
76467
76468
76469
76469
76470
76471
76471
76472
76472
76472
76472
76473
76475
76475
76477
76477
76479
76480
76481
76483
76484
76485
76486
76487
76488
76490
76490
76495
76495
76497
76499
76500
76500
76501
76503
76507
76510
76511
76512
76512
76514
76514
76515
76516
76517
76517
76518
76519
76524
76524
76524
76527
76527
76530
76530
76531
76532
76533
76534
76537
76539
76539
76540
76541
76542
76542
76544
76545
76548
76548
76549
76549
76549
76550
76553
76554
76554
76554
76554
76555
76555
76555
76556
76561
76561
76561
76562
76563
76564
76564
76565
76565
76566
76566
76567
76569
76569
76570
76570
76572
76574
76574
76577
76578
76579
76582
76582
76583
76583
76583
76584
76584
76586
76587
76588
76589
76589
76590
76591
76592
76593
76594
76594
76594
76594
76595
76595
76595
76597
76598
76598
76599
76599
76600
76600
76601
76601
76602
76604
76604
76604
76604
76608
76611
76611
76612
76613
76614
76615
76616
76617
76620
76620
76621
76621
76623
76624
76625
76626
76627
76627
76628
76630
76630
76632
76632
76639
76639
76640
76641
76641
76641
76641
76642
76642
76644
76644
76646
76647
76648
76649
76649
76652
76656
76656
76656
76657
76658
76658
76659
76659
76660
76660
76662
76663
76663
76666
76666
76667
76667
76667
76670
76670
76670
76671
76672
76672
76673
76676
76677
76679
76680
76680
76680
76683
76683
76684
76686
76688
76688
76688
76688
76692
76692
76693
76696
76697
76697
76698
76698
76699
76700
76701
76701
76703
76704
76704
76705
76710
76710
76712
76712
76712
76714
76715
76716
76716
76717
76718
76718
76719
76719
76720
76720
76721
76724
76725
76726
76726
76726
76727
76728
76731
76731
76731
76731
76732
76738
76738
76742
76742
76744
76745
76747
76747
76747
76749
76750
76750
76750
76750
76751
76752
76752
76753
76753
76754
76754
76755
76755
76755
76756
76756
76756
76757
76758
76758
76760
76761
76763
76763
76763
76768
76769
76769
76769
76771
76771
76771
76774
76775
76775
76775
76776
76778
76778
76779
76781
76783
76784
76785
76787
76790
76791
76793
76793
76794
76794
76796
76796
76800
76801
76802
76803
76805
76806
76807
76808
76809
76810
76811
76812
76812
76813
76814
76815
76815
76817
76819
76820
76821
76822
76823
76823
76825
76825
76827
76827
76829
76829
76829
76830
76831
76831
76831
76832
76833
76834
76835
76835
76835
76835
76835
76836
76836
76837
76838
76841
76842
76846
76847
76848
76850
76851
76851
76852
76854
76854
76856
76856
76857
76860
76860
76861
76862
76865
76865
76868
76869
76870
76871
76872
76875
76876
76876
76879
76879
76879
76881
76881
76884
76884
76885
76887
76888
76891
76892
76892
76895
76898
76899
76899
76900
76900
76904
76905
76906
76906
76907
76907
76911
76912
76912
76913
76913
76914
76915
76915
76916
76919
76919
76921
76921
76921
76921
76922
76922
76923
76926
76927
76927
76928
76929
76930
76930
76931
76931
76931
76934
76935
76936
76936
76937
76938
76942
76943
76945
76946
76946
76946
76950
76953
76954
76956
76957
76958
76961
76961
76962
76962
76963
76963
76963
76965
76967
76968
76968
76971
76972
76974
76974
76975
76976
76976
76977
76977
76977
76979
76981
76981
76981
76985
76985
76987
76988
76990
76990
76990
76991
76992
76992
76993
76994
76994
76995
76996
76997
76998
76998
76999
77000
77002
77003
77003
77005
77006
77008
77008
77009
77009
77010
77013
77017
77018
77019
77019
77021
77021
77022
77022
77023
77023
77024
77027
77030
77032
77032
77032
77034
77034
77036
77038
77040
77041
77042
77043
77044
77045
77046
77048
77048
77048
77049
77051
77052
77054
77054
77057
77059
77059
77060
77063
77064
77068
77068
77068
77070
77071
77072
77073
77073
77073
77073
77073
77074
77074
77074
77075
77079
77082
77083
77084
77084
77084
77085
77088
77091
77094
77094
77095
77096
77098
77099
77101
77103
77103
77104
77105
77107
77109
77110
77110
77111
77111
77112
77112
77113
77113
77115
77115
77115
77115
77116
77117
77117
77119
77120
77121
77122
77122
77123
77123
77123
77125
77125
77126
77126
77129
77130
77130
77131
77132
77139
77141
77141
77143
77143
77144
77145
77146
77147
77147
77149
77149
77149
77153
77153
77154
77154
77155
77156
77157
77157
77160
77160
77160
77162
77162
77162
77163
77163
77165
77167
77167
77167
77169
77169
77170
77170
77170
77171
77171
77172
77176
77176
77177
77178
77178
77179
77179
77180
77185
77190
77190
77190
77196
77196
77200
77201
77201
77201
77202
77202
77202
77204
77205
77205
77207
77207
77211
77213
77213
77215
77215
77216
77217
77218
77218
77218
77219
77219
77220
77222
77222
77222
77223
77224
77224
77224
77225
77225
77226
77230
77230
77230
77232
77233
77234
77234
77235
77236
77237
77238
77238
77239
77240
77241
77241
77242
77242
77242
77243
77243
77244
77249
77251
77254
77254
77254
77256
77256
77259
77261
77262
77262
77262
77264
77264
77266
77267
77268
77270
77271
77271
77272
77273
77275
77276
77276
77276
77277
77278
77281
77281
77282
77283
77283
77287
77287
77287
77288
77289
77290
77290
77292
77292
77293
77295
77296
77299
77299
77300
77302
77303
77303
77304
77305
77307
77307
77309
77309
77310
77310
77310
77311
77311
77311
77312
77313
77315
77315
77316
77317
77317
77318
77320
77321
77321
77321
77321
77321
77323
77325
77327
77329
77329
77329
77332
77332
77332
77333
77334
77334
77334
77334
77335
77336
77336
77337
77338
77338
77338
77340
77340
77340
77340
77342
77343
77344
77346
77347
77349
77349
77350
77350
77353
77353
77355
77356
77356
77359
77359
77360
77362
77365
77365
77367
77369
77370
77371
77372
77373
77374
77374
77378
77379
77381
77381
77382
77382
77384
77386
77386
77387
77389
77391
77392
77392
77393
77395
77395
77398
77399
77400
77400
77403
77404
77405
77406
77408
77409
77411
77413
77415
77419
77421
77423
77424
77425
77428
77429
77429
77430
77431
77432
77433
77433
77435
77438
77438
77439
77440
77441
77441
77442
77445
77445
77446
77446
77447
77449
77449
77449
77451
77452
77452
77453
77454
77455
77455
77456
77456
77458
77458
77459
77459
77460
77461
77461
77461
77462
77462
77463
77465
77467
77471
77471
77474
77476
77478
77478
77479
77479
77480
77480
77481
77483
77483
77484
77484
77487
77488
77488
77489
77489
77489
77490
77490
77490
77491
77491
77492
77493
77493
77493
77493
77495
77496
77496
77497
77498
77498
77499
77502
77504
77504
77505
77506
77509
77511
77511
77511
77512
77513
77513
77515
77515
77515
77516
77516
77518
77520
77521
77522
77523
77524
77525
77527
77527
77527
77528
77528
77529
77530
77531
77532
77533
77534
77534
77536
77537
77538
77538
77538
77540
77541
77541
77544
77544
77545
77546
77549
77549
77550
77551
77551
77552
77552
77554
77557
77557
77557
77558
77560
77560
77560
77560
77562
77565
77565
77565
77565
77568
77569
77570
77571
77571
77572
77572
77574
77574
77576
77576
77577
77578
77579
77580
77582
77583
77584
77585
77586
77586
77589
77589
77589
77589
77590
77592
77593
77593
77594
77596
77598
77599
77600
77601
77602
77602
77604
77604
77604
77604
77605
77605
77607
77608
77609
77610
77610
77611
77611
77613
77613
77617
77617
77618
77618
77618
77619
77619
77620
77622
77624
77624
77627
77628
77630
77631
77631
77631
77632
77633
77634
77636
77636
77640
77640
77640
77641
77641
77643
77644
77644
77644
77645
77645
77646
77646
77647
77648
77648
77648
77649
77650
77651
77651
77654
77658
77658
77658
77658
77660
77661
77662
77662
77662
77665
77665
77669
77671
77672
77672
77672
77675
77679
77680
77682
77683
77684
77684
77685
77685
77685
77686
77689
77692
77692
77693
77694
77694
77699
77700
77701
77702
77704
77706
77706
77706
77706
77706
77707
77708
77708
77708
77709
77710
77711
77712
77713
77714
77717
77717
77723
77723
77725
77725
77726
77726
77728
77731
77731
77731
77731
77732
77734
77734
77735
77736
77738
77738
77738
77740
77740
77742
77742
77744
77745
77745
77746
77748
77748
77748
77751
77751
77751
77753
77755
77756
77756
77756
77756
77757
77757
77758
77763
77763
77763
77764
77764
77765
77767
77767
77768
77769
77771
77773
77775
77775
77778
77778
77778
77779
77781
77783
77783
77786
77787
77787
77787
77788
77791
77796
77798
77798
77799
77799
77801
77801
77802
77803
77805
77805
77806
77806
77808
77808
77808
77809
77809
77809
77810
77811
77811
77812
77813
77813
77814
77815
77817
77817
77818
77819
77819
77821
77822
77822
77827
77827
77827
77828
77829
77829
77829
77831
77833
77833
77833
77834
77835
77836
77836
77837
77841
77841
77845
77848
77850
77850
77851
77852
77852
77854
77855
77857
77857
77857
77858
77858
77858
77858
77859
77860
77861
77862
77862
77863
77864
77864
77865
77866
77866
77867
77867
77868
77869
77869
77870
77871
77871
77871
77871
77875
77875
77875
77875
77875
77878
77879
77881
77882
77882
77882
77884
77884
77884
77884
77885
77886
77886
77886
77886
77887
77890
77892
77892
77894
77895
77895
77896
77897
77899
77899
77900
77900
77900
77901
77902
77902
77905
77905
77906
77907
77909
77909
77910
77912
77912
77913
77913
77914
77914
77915
77916
77917
77917
77918
77918
77919
77922
77923
77924
77924
77925
77926
77928
77932
77933
77937
77937
77938
77940
77940
77940
77941
77942
77942
77943
77943
77943
77944
77946
77948
77949
77952
77955
77956
77958
77960
77961
77964
77967
77967
77968
77970
77971
77972
77973
77973
77973
77974
77974
77975
77975
77976
77977
77979
77979
77980
77985
77987
77988
77988
77988
77989
77989
77993
77998
77999
78000
78001
78002
78002
78002
78003
78003
78004
78005
78005
78009
78012
78013
78014
78016
78016
78016
78016
78016
78018
78019
78020
78021
78021
78021
78022
78022
78024
78025
78026
78026
78027
78027
78028
78032
78032
78034
78035
78035
78036
78039
78041
78042
78042
78043
78044
78046
78046
78048
78048
78049
78049
78049
78051
78052
78053
78056
78056
78059
78059
78061
78061
78063
78063
78066
78066
78066
78067
78068
78069
78069
78070
78070
78071
78072
78073
78075
78075
78075
78075
78076
78077
78078
78078
78079
78079
78080
78081
78082
78083
78083
78083
78085
78087
78088
78089
78089
78090
78091
78092
78092
78093
78095
78095
78099
78099
78100
78101
78104
78105
78105
78105
78107
78108
78111
78111
78113
78113
78114
78115
78116
78116
78117
78117
78117
78118
78119
78119
78120
78122
78123
78123
78123
78123
78124
78124
78125
78132
78132
78133
78135
78135
78136
78137
78140
78140
78141
78141
78141
78142
78142
78143
78143
78143
78144
78144
78144
78145
78146
78146
78146
78146
78147
78148
78149
78152
78152
78153
78153
78154
78155
78155
78158
78158
78158
78158
78158
78159
78160
78160
78162
78166
78167
78168
78169
78169
78170
78170
78171
78172
78173
78174
78174
78176
78177
78178
78178
78179
78179
78179
78179
78181
78182
78183
78183
78184
78185
78186
78187
78187
78188
78189
78189
78189
78190
78192
78192
78192
78192
78194
78194
78195
78195
78196
78197
78197
78197
78197
78198
78198
78199
78200
78200
78202
78203
78204
78204
78204
78206
78206
78210
78211
78212
78213
78213
78216
78220
78220
78220
78220
78220
78222
78225
78225
78225
78227
78227
78227
78230
78231
78231
78232
78233
78234
78235
78235
78235
78237
78238
78238
78239
78241
78241
78242
78244
78244
78245
78250
78250
78251
78251
78252
78252
78253
78254
78254
78254
78255
78256
78257
78258
78258
78259
78260
78261
78261
78261
78263
78266
78267
78267
78272
78272
78274
78275
78275
78276
78278
78280
78280
78282
78282
78284
78285
78285
78287
78287
78287
78290
78291
78291
78292
78295
78296
78300
78300
78301
78301
78302
78302
78304
78304
78305
78306
78306
78306
78307
78312
78317
78317
78319
78320
78321
78321
78324
78324
78325
78325
78325
78327
78330
78333
78334
78335
78336
78336
78337
78340
78340
78340
78342
78343
78345
78345
78345
78347
78347
78348
78348
78348
78353
78353
78354
78354
78354
78354
78355
78359
78359
78361
78361
78363
78363
78363
78364
78365
78366
78367
78367
78368
78370
78374
78376
78377
78378
78380
78381
78381
78383
78383
78386
78386
78390
78390
78391
78392
78392
78393
78393
78394
78395
78395
78397
78397
78398
78402
78403
78404
78406
78408
78412
78413
78414
78415
78418
78418
78421
78421
78422
78423
78423
78423
78426
78427
78430
78431
78431
78432
78433
78435
78435
78435
78436
78436
78436
78437
78437
78438
78438
78439
78443
78443
78443
78445
78447
78447
78448
78449
78449
78450
78451
78451
78453
78453
78453
78454
78455
78456
78457
78460
78462
78462
78462
78462
78463
78463
78463
78463
78463
78464
78464
78467
78468
78469
78470
78470
78470
78471
78472
78473
78473
78474
78475
78475
78476
78476
78476
78476
78477
78478
78479
78479
78481
78483
78483
78484
78486
78486
78489
78489
78489
78490
78492
78496
78497
78497
78497
78499
78499
78500
78501
78502
78502
78503
78505
78507
78507
78510
78510
78511
78512
78512
78514
78514
78517
78518
78518
78518
78519
78522
78523
78523
78523
78525
78525
78525
78526
78526
78526
78529
78530
78530
78531
78535
78535
78536
78538
78540
78542
78543
78543
78547
78547
78550
78554
78555
78555
78555
78555
78556
78557
78559
78559
78559
78559
78560
78560
78562
78564
78566
78566
78568
78569
78570
78571
78571
78573
78575
78576
78577
78577
78579
78582
78584
78586
78588
78589
78592
78593
78597
78597
78598
78598
78600
78601
78601
78602
78602
78603
78604
78606
78606
78607
78607
78607
78607
78607
78608
78608
78608
78608
78609
78609
78612
78613
78613
78613
78614
78615
78616
78616
78618
78624
78626
78626
78627
78627
78627
78630
78630
78631
78632
78633
78634
78634
78636
78637
78637
78637
78638
78639
78641
78641
78642
78643
78643
78644
78645
78645
78645
78649
78649
78649
78650
78653
78658
78658
78660
78660
78661
78661
78661
78662
78663
78664
78664
78669
78670
78672
78672
78674
78676
78676
78677
78679
78681
78681
78682
78683
78684
78684
78688
78690
78690
78690
78691
78691
78691
78692
78693
78694
78695
78697
78699
78699
78701
78702
78702
78702
78703
78703
78704
78705
78706
78707
78707
78709
78709
78711
78711
78712
78712
78713
78714
78714
78714
78716
78722
78722
78722
78723
78723
78724
78727
78727
78728
78728
78728
78728
78730
78730
78731
78732
78732
78733
78737
78737
78737
78737
78738
78738
78741
78742
78745
78746
78746
78747
78748
78748
78749
78750
78750
78750
78751
78751
78752
78753
78754
78756
78757
78757
78758
78758
78760
78763
78764
78765
78765
78766
78768
78768
78768
78770
78770
78771
78773
78774
78776
78779
78780
78781
78782
78783
78784
78784
78784
78784
78784
78785
78785
78786
78787
78788
78789
78791
78792
78795
78796
78796
78799
78800
78800
78800
78803
78804
78805
78806
78807
78809
78809
78810
78811
78812
78814
78814
78814
78815
78816
78816
78816
78816
78817
78818
78819
78821
78822
78822
78824
78824
78827
78829
78830
78830
78830
78832
78833
78833
78835
78837
78837
78838
78839
78839
78839
78841
78841
78842
78843
78843
78844
78845
78845
78845
78846
78847
78849
78849
78852
78853
78856
78856
78856
78857
78859
78859
78863
78864
78866
78866
78867
78868
78869
78870
78870
78871
78871
78871
78871
78872
78873
78874
78876
78877
78878
78878
78878
78879
78879
78880
78881
78884
78886
78887
78887
78887
78887
78889
78889
78890
78893
78894
78894
78895
78895
78897
78897
78899
78899
78899
78900
78900
78900
78900
78901
78901
78903
78903
78904
78904
78904
78906
78911
78911
78911
78912
78912
78912
78914
78915
78915
78917
78918
78919
78919
78920
78922
78923
78924
78924
78924
78925
78926
78926
78926
78927
78928
78928
78929
78931
78931
78932
78932
78933
78933
78938
78939
78939
78940
78940
78942
78942
78942
78943
78943
78944
78944
78946
78946
78946
78947
78953
78954
78954
78955
78955
78957
78958
78958
78959
78961
78961
78961
78964
78965
78966
78966
78970
78970
78974
78976
78980
78983
78983
78985
78986
78986
78989
78990
78991
78991
78992
78992
78993
78993
78993
78996
78996
78998
78999
79000
79000
79001
79005
79007
79008
79009
79009
79013
79013
79014
79014
79016
79016
79019
79019
79020
79020
79023
79026
79027
79029
79030
79030
79031
79032
79032
79034
79036
79036
79038
79038
79038
79039
79043
79043
79045
79047
79049
79049
79049
79049
79050
79052
79053
79054
79056
79056
79058
79059
79060
79061
79064
79064
79065
79065
79066
79069
79072
79074
79075
79076
79077
79079
79081
79082
79082
79083
79083
79085
79086
79092
79093
79093
79094
79096
79096
79098
79098
79098
79099
79100
79100
79102
79104
79104
79105
79106
79108
79108
79109
79109
79111
79111
79114
79116
79118
79119
79120
79121
79122
79122
79122
79123
79123
79123
79124
79126
79126
79127
79130
79131
79132
79135
79136
79137
79138
79138
79138
79140
79141
79141
79141
79143
79144
79149
79150
79150
79152
79152
79154
79157
79159
79162
79165
79166
79167
79168
79169
79170
79171
79171
79172
79174
79174
79175
79177
79177
79178
79178
79178
79179
79179
79181
79182
79182
79183
79184
79188
79189
79190
79193
79194
79194
79195
79195
79195
79195
79197
79197
79200
79200
79201
79201
79202
79203
79203
79204
79207
79209
79210
79210
79213
79213
79213
79215
79219
79219
79219
79219
79220
79220
79221
79221
79224
79225
79225
79226
79228
79229
79231
79232
79233
79234
79235
79236
79237
79238
79238
79239
79242
79242
79244
79245
79245
79246
79247
79247
79247
79247
79248
79249
79249
79250
79251
79251
79252
79252
79252
79253
79253
79254
79254
79256
79256
79259
79259
79260
79260
79260
79261
79262
79262
79264
79264
79267
79268
79269
79269
79271
79271
79271
79271
79273
79274
79276
79277
79277
79278
79280
79281
79281
79285
79286
79286
79288
79288
79289
79290
79291
79292
79292
79293
79294
79295
79295
79296
79297
79300
79301
79303
79304
79304
79304
79307
79310
79310
79311
79311
79311
79314
79315
79315
79316
79316
79317
79317
79318
79319
79320
79320
79322
79324
79326
79327
79327
79328
79328
79329
79330
79334
79334
79335
79336
79336
79337
79337
79340
79341
79341
79342
79343
79343
79347
79347
79348
79349
79350
79350
79350
79350
79352
79352
79352
79354
79356
79356
79357
79357
79359
79359
79359
79360
79362
79362
79364
79365
79365
79365
79367
79367
79368
79369
79369
79370
79371
79371
79372
79372
79372
79372
79373
79373
79374
79375
79377
79380
79380
79381
79382
79383
79383
79383
79384
79386
79388
79389
79390
79390
79391
79391
79392
79392
79392
79393
79393
79394
79394
79395
79395
79396
79398
79400
79403
79403
79405
79408
79411
79411
79411
79412
79414
79415
79417
79419
79420
79420
79421
79423
79424
79425
79426
79426
79428
79428
79429
79429
79429
79430
79430
79431
79431
79432
79432
79432
79434
79435
79435
79436
79440
79440
79440
79440
79445
79446
79446
79447
79447
79447
79448
79454
79454
79455
79458
79460
79460
79460
79461
79463
79463
79464
79466
79467
79467
79468
79468
79468
79470
79471
79472
79474
79476
79480
79481
79482
79484
79489
79491
79493
79498
79500
79501
79501
79502
79502
79503
79506
79508
79508
79508
79508
79508
79509
79510
79510
79514
79516
79518
79519
79520
79521
79522
79522
79522
79524
79525
79526
79527
79527
79528
79529
79529
79532
79533
79534
79535
79536
79537
79538
79541
79543
79545
79546
79551
79552
79553
79557
79557
79558
79560
79561
79562
79562
79569
79569
79571
79571
79574
79576
79576
79578
79578
79581
79581
79581
79581
79584
79585
79585
79586
79586
79588
79591
79591
79591
79594
79598
79599
79600
79602
79602
79602
79603
79603
79604
79606
79606
79607
79608
79608
79609
79611
79611
79612
79612
79613
79613
79614
79614
79617
79617
79617
79617
79622
79622
79624
79624
79624
79624
79624
79624
79625
79625
79627
79627
79631
79631
79632
79634
79634
79635
79636
79636
79637
79638
79639
79640
79641
79641
79643
79643
79644
79644
79645
79646
79648
79649
79650
79650
79651
79653
79654
79655
79656
79656
79656
79657
79660
79660
79661
79663
79664
79665
79666
79666
79666
79666
79666
79667
79668
79669
79670
79673
79674
79674
79675
79675
79676
79676
79677
79678
79679
79679
79680
79681
79684
79685
79686
79686
79687
79687
79688
79688
79689
79690
79690
79694
79695
79695
79695
79696
79697
79698
79698
79699
79699
79700
79700
79700
79700
79701
79702
79703
79703
79705
79706
79707
79707
79709
79709
79709
79715
79718
79718
79719
79719
79722
79723
79724
79724
79724
79728
79729
79729
79731
79731
79733
79733
79734
79735
79738
79738
79739
79739
79740
79740
79741
79743
79743
79745
79747
79751
79751
79752
79752
79753
79754
79755
79757
79757
79757
79758
79759
79759
79759
79759
79759
79760
79762
79762
79765
79766
79767
79768
79769
79771
79776
79777
79777
79778
79778
79780
79780
79781
79782
79782
79785
79785
79787
79788
79789
79789
79790
79791
79794
79794
79795
79795
79796
79796
79799
79800
79800
79801
79801
79801
79802
79803
79804
79804
79804
79805
79806
79806
79806
79806
79808
79809
79809
79814
79814
79816
79819
79819
79825
79825
79827
79827
79828
79828
79829
79832
79832
79834
79835
79835
79837
79837
79838
79839
79840
79840
79841
79841
79841
79842
79843
79844
79844
79844
79845
79847
79848
79849
79853
79854
79854
79855
79856
79856
79856
79857
79859
79859
79859
79861
79862
79862
79863
79864
79864
79867
79867
79868
79868
79870
79872
79872
79874
79875
79876
79877
79877
79878
79878
79881
79881
79884
79884
79885
79886
79887
79888
79888
79888
79890
79892
79892
79893
79894
79894
79895
79896
79896
79897
79897
79897
79898
79898
79900
79901
79901
79903
79908
79909
79909
79911
79911
79912
79912
79912
79913
79915
79915
79916
79916
79919
79919
79919
79919
79923
79925
79926
79927
79927
79928
79928
79929
79929
79930
79931
79935
79935
79935
79937
79937
79938
79939
79940
79941
79942
79944
79948
79948
79948
79948
79949
79950
79950
79950
79950
79951
79952
79956
79956
79958
79960
79962
79963
79963
79964
79965
79967
79967
79967
79968
79968
79969
79972
79972
79973
79974
79974
79975
79975
79976
79976
79976
79976
79977
79978
79978
79978
79979
79980
79982
79983
79983
79984
79984
79984
79985
79988
79991
79992
79992
79992
79993
79994
79998
79998
79999
80000
80005
80009
80009
80011
80012
80014
80016
80017
80017
80019
80020
80020
80021
80021
80022
80023
80023
80024
80024
80026
80026
80031
80031
80032
80032
80032
80033
80033
80033
80037
80037
80037
80037
80038
80038
80038
80039
80040
80040
80042
80043
80043
80045
80045
80046
80046
80046
80049
80050
80052
80053
80054
80054
80055
80055
80056
80057
80058
80060
80066
80067
80067
80071
80072
80072
80073
80073
80073
80074
80074
80074
80074
80075
80075
80076
80078
80078
80078
80081
80083
80086
80087
80091
80091
80092
80092
80093
80094
80095
80096
80096
80098
80098
80103
80103
80103
80106
80106
80107
80107
80107
80107
80109
80109
80110
80110
80112
80113
80113
80113
80113
80113
80114
80114
80116
80116
80119
80123
80124
80126
80128
80129
80129
80129
80129
80131
80133
80134
80136
80136
80137
80138
80138
80139
80140
80141
80142
80143
80146
80147
80148
80149
80149
80149
80149
80150
80150
80152
80155
80157
80157
80159
80160
80160
80161
80162
80163
80164
80164
80164
80165
80165
80165
80166
80166
80167
80167
80169
80169
80170
80170
80171
80173
80174
80174
80174
80174
80175
80176
80176
80178
80178
80180
80182
80183
80183
80184
80184
80184
80184
80185
80187
80188
80189
80191
80192
80195
80196
80196
80198
80198
80198
80198
80200
80201
80205
80205
80206
80206
80206
80206
80211
80211
80211
80213
80215
80215
80215
80216
80217
80218
80218
80218
80221
80222
80223
80223
80224
80224
80227
80227
80231
80231
80232
80232
80232
80232
80233
80234
80235
80235
80235
80237
80238
80238
80239
80239
80240
80240
80240
80242
80242
80244
80245
80249
80254
80256
80257
80257
80259
80264
80264
80264
80266
80267
80267
80267
80268
80268
80268
80269
80269
80270
80272
80274
80275
80275
80276
80277
80279
80280
80281
80285
80286
80286
80287
80287
80288
80292
80292
80292
80295
80295
80297
80298
80300
80301
80303
80304
80305
80306
80306
80307
80308
80309
80309
80309
80310
80310
80311
80311
80314
80316
80317
80319
80319
80321
80321
80323
80323
80325
80325
80326
80328
80328
80329
80329
80330
80330
80331
80331
80331
80333
80333
80334
80336
80337
80337
80339
80341
80343
80344
80344
80345
80345
80346
80348
80349
80350
80351
80353
80354
80354
80354
80355
80355
80355
80357
80361
80365
80368
80368
80368
80368
80370
80370
80370
80370
80371
80371
80375
80375
80376
80377
80377
80377
80378
80379
80379
80381
80382
80383
80383
80384
80385
80385
80387
80388
80389
80391
80391
80393
80395
80397
80398
80399
80401
80402
80403
80405
80406
80406
80406
80407
80407
80407
80408
80410
80410
80411
80412
80413
80413
80414
80415
80416
80416
80419
80420
80420
80420
80421
80422
80428
80428
80428
80428
80428
80429
80430
80432
80432
80432
80433
80434
80435
80440
80441
80441
80441
80441
80443
80444
80445
80445
80445
80446
80448
80449
80450
80451
80453
80453
80453
80455
80457
80457
80457
80458
80458
80459
80460
80460
80461
80461
80461
80462
80463
80463
80464
80464
80464
80466
80467
80468
80469
80469
80470
80472
80474
80474
80476
80476
80477
80479
80481
80484
80484
80485
80487
80488
80488
80489
80489
80489
80491
80494
80497
80497
80497
80498
80498
80500
80500
80501
80504
80505
80505
80509
80510
80510
80510
80511
80511
80511
80514
80515
80516
80517
80518
80519
80520
80521
80521
80522
80523
80523
80524
80525
80525
80525
80527
80529
80533
80533
80534
80534
80536
80537
80537
80537
80537
80538
80538
80539
80540
80541
80542
80542
80543
80543
80543
80545
80545
80546
80546
80547
80549
80551
80551
80552
80553
80554
80554
80555
80555
80556
80557
80558
80558
80560
80564
80567
80568
80570
80570
80572
80575
80575
80576
80579
80580
80580
80581
80582
80583
80583
80584
80584
80584
80587
80588
80590
80590
80590
80591
80593
80594
80597
80597
80598
80598
80598
80599
80600
80601
80601
80601
80602
80604
80604
80606
80607
80607
80609
80610
80611
80611
80613
80616
80618
80619
80620
80620
80621
80621
80623
80624
80624
80627
80629
80629
80630
80630
80630
80630
80630
80631
80632
80634
80635
80637
80639
80641
80642
80643
80643
80644
80644
80645
80648
80648
80649
80649
80650
80652
80653
80654
80655
80655
80656
80657
80658
80658
80658
80659
80660
80662
80662
80663
80663
80664
80664
80664
80664
80664
80665
80666
80667
80671
80673
80674
80674
80675
80676
80677
80679
80680
80681
80681
80681
80683
80686
80687
80689
80689
80694
80694
80696
80697
80697
80697
80698
80698
80699
80699
80702
80704
80704
80705
80706
80707
80709
80709
80711
80713
80713
80714
80715
80715
80716
80716
80717
80717
80717
80720
80720
80722
80723
80723
80724
80726
80726
80727
80728
80728
80728
80729
80731
80731
80731
80732
80732
80733
80734
80734
80734
80735
80737
80737
80738
80739
80739
80740
80740
80740
80741
80742
80742
80743
80743
80743
80744
80746
80746
80749
80749
80750
80750
80751
80751
80751
80755
80757
80758
80759
80760
80761
80763
80764
80764
80765
80765
80766
80766
80766
80767
80768
80769
80770
80771
80771
80771
80773
80776
80777
80777
80779
80780
80781
80782
80782
80782
80783
80785
80787
80787
80787
80788
80788
80788
80788
80789
80790
80790
80790
80791
80793
80794
80794
80794
80795
80796
80796
80797
80798
80800
80800
80801
80803
80803
80803
80803
80803
80804
80805
80806
80806
80806
80808
80808
80808
80809
80809
80810
80810
80812
80812
80812
80812
80813
80814
80815
80815
80815
80818
80819
80819
80821
80823
80823
80824
80826
80826
80828
80830
80830
80830
80831
80832
80832
80833
80833
80834
80835
80837
80837
80840
80840
80841
80842
80842
80844
80845
80845
80846
80847
80847
80851
80851
80855
80855
80855
80858
80858
80858
80859
80861
80862
80863
80863
80865
80865
80870
80870
80871
80872
80873
80874
80876
80877
80878
80881
80882
80883
80884
80886
80887
80889
80890
80891
80892
80892
80892
80893
80894
80895
80895
80897
80899
80900
80902
80903
80903
80905
80905
80905
80906
80906
80906
80908
80911
80912
80913
80913
80913
80915
80916
80916
80918
80918
80919
80921
80921
80921
80923
80926
80927
80931
80932
80933
80934
80935
80936
80936
80937
80938
80940
80941
80942
80946
80946
80946
80947
80947
80947
80948
80949
80950
80950
80951
80951
80958
80958
80960
80961
80961
80963
80965
80965
80966
80967
80968
80969
80971
80972
80973
80973
80974
80974
80974
80976
80976
80976
80977
80977
80977
80977
80979
80980
80982
80985
80985
80987
80987
80987
80988
80989
80989
80989
80989
80990
80991
80994
80995
80997
80997
80998
80998
80998
80999
80999
80999
81000
81000
81001
81001
81002
81002
81003
81003
81004
81006
81007
81007
81008
81009
81009
81011
81011
81012
81012
81012
81013
81014
81016
81017
81020
81020
81022
81023
81024
81026
81026
81027
81028
81030
81031
81032
81036
81037
81037
81038
81039
81041
81042
81043
81044
81044
81045
81046
81047
81047
81047
81048
81048
81048
81049
81052
81052
81053
81055
81056
81056
81058
81059
81059
81060
81060
81061
81061
81063
81064
81064
81064
81066
81068
81069
81069
81074
81075
81076
81079
81080
81081
81081
81081
81082
81082
81083
81083
81084
81086
81086
81087
81088
81089
81090
81091
81092
81092
81096
81098
81098
81098
81100
81101
81103
81104
81104
81105
81106
81106
81106
81107
81107
81109
81109
81112
81112
81114
81114
81114
81114
81114
81115
81117
81118
81118
81120
81124
81126
81127
81128
81129
81132
81133
81133
81135
81135
81136
81136
81137
81137
81138
81140
81142
81142
81146
81147
81149
81150
81150
81154
81154
81155
81156
81157
81157
81157
81157
81161
81161
81161
81162
81163
81164
81165
81165
81166
81167
81167
81168
81168
81169
81172
81174
81174
81175
81175
81177
81177
81177
81179
81179
81179
81179
81180
81181
81183
81186
81187
81188
81189
81190
81193
81195
81196
81199
81199
81200
81203
81203
81204
81207
81208
81209
81211
81211
81211
81212
81215
81215
81219
81219
81220
81221
81221
81222
81222
81222
81223
81223
81224
81227
81228
81228
81228
81229
81229
81230
81231
81232
81232
81233
81233
81233
81235
81237
81237
81238
81241
81242
81242
81242
81242
81242
81243
81243
81246
81247
81247
81247
81249
81250
81250
81250
81251
81252
81252
81253
81254
81255
81256
81256
81256
81257
81257
81258
81259
81261
81262
81262
81264
81265
81266
81267
81271
81274
81274
81274
81278
81278
81278
81280
81280
81281
81281
81281
81283
81285
81285
81286
81286
81287
81288
81288
81288
81290
81291
81296
81299
81300
81300
81302
81302
81305
81306
81308
81309
81310
81310
81310
81312
81312
81312
81314
81315
81316
81317
81317
81317
81318
81318
81318
81318
81318
81319
81319
81321
81321
81321
81322
81323
81324
81326
81328
81328
81330
81332
81333
81334
81335
81335
81337
81337
81339
81339
81340
81340
81340
81341
81343
81345
81346
81348
81351
81351
81352
81352
81353
81355
81355
81356
81356
81356
81357
81359
81360
81363
81364
81364
81365
81367
81369
81369
81371
81371
81376
81377
81377
81377
81378
81378
81380
81381
81381
81382
81384
81385
81386
81387
81387
81388
81390
81391
81393
81393
81394
81394
81398
81398
81399
81400
81400
81401
81403
81404
81404
81406
81406
81407
81412
81415
81416
81417
81418
81418
81419
81419
81424
81425
81425
81425
81427
81428
81428
81429
81429
81430
81431
81433
81435
81435
81436
81436
81436
81436
81439
81439
81440
81440
81440
81440
81440
81442
81443
81444
81446
81447
81447
81448
81448
81448
81449
81449
81451
81451
81454
81454
81455
81457
81457
81457
81457
81459
81460
81460
81461
81461
81461
81462
81465
81466
81467
81467
81468
81469
81470
81471
81472
81472
81474
81476
81477
81478
81479
81480
81480
81481
81482
81487
81488
81491
81491
81493
81497
81497
81498
81499
81499
81500
81501
81501
81501
81502
81502
81503
81503
81506
81507
81508
81508
81509
81509
81512
81515
81516
81517
81518
81520
81521
81522
81522
81522
81524
81524
81524
81524
81525
81525
81527
81527
81528
81528
81529
81530
81531
81533
81534
81534
81538
81539
81540
81541
81541
81542
81544
81545
81546
81547
81548
81548
81549
81550
81550
81550
81553
81554
81555
81555
81557
81558
81559
81560
81560
81561
81561
81562
81564
81566
81567
81567
81568
81568
81568
81568
81569
81569
81569
81572
81576
81576
81576
81577
81580
81581
81584
81586
81588
81588
81589
81591
81591
81592
81593
81594
81594
81596
81597
81598
81599
81600
81601
81602
81602
81603
81604
81604
81606
81606
81607
81608
81609
81609
81610
81612
81612
81612
81613
81613
81613
81613
81614
81617
81619
81620
81621
81622
81623
81624
81625
81625
81626
81626
81627
81628
81629
81629
81630
81633
81634
81634
81636
81638
81638
81640
81640
81640
81642
81643
81645
81647
81648
81648
81649
81650
81650
81651
81651
81651
81652
81654
81654
81656
81657
81658
81658
81658
81659
81659
81661
81662
81662
81664
81665
81666
81669
81669
81670
81670
81670
81670
81671
81672
81675
81676
81676
81677
81678
81680
81681
81681
81681
81682
81686
81686
81688
81688
81689
81690
81692
81692
81694
81694
81695
81696
81697
81698
81698
81700
81701
81702
81702
81703
81704
81705
81705
81708
81709
81712
81712
81713
81713
81714
81715
81716
81716
81717
81719
81720
81721
81725
81726
81726
81726
81728
81729
81731
81731
81732
81734
81735
81735
81736
81739
81739
81739
81740
81741
81742
81742
81743
81744
81744
81746
81747
81747
81747
81748
81748
81748
81750
81750
81752
81753
81756
81757
81759
81760
81763
81766
81766
81769
81771
81773
81774
81775
81775
81777
81779
81781
81781
81782
81783
81783
81783
81783
81785
81789
81789
81791
81791
81792
81793
81793
81794
81798
81799
81802
81805
81806
81808
81809
81809
81810
81810
81813
81813
81813
81815
81815
81815
81816
81817
81817
81817
81818
81819
81820
81823
81824
81825
81826
81828
81828
81829
81829
81830
81831
81832
81834
81835
81837
81837
81839
81839
81840
81842
81843
81844
81846
81847
81848
81851
81852
81853
81853
81854
81855
81856
81858
81859
81864
81864
81865
81868
81869
81870
81871
81871
81871
81872
81874
81874
81874
81875
81875
81876
81877
81877
81878
81879
81880
81882
81883
81884
81884
81884
81886
81886
81888
81889
81889
81890
81891
81891
81894
81895
81895
81895
81897
81897
81899
81900
81900
81902
81902
81902
81902
81902
81905
81905
81906
81907
81909
81910
81911
81912
81914
81915
81916
81918
81920
81920
81920
81921
81921
81926
81927
81928
81928
81929
81930
81931
81932
81933
81933
81934
81936
81937
81937
81938
81938
81939
81939
81939
81940
81940
81941
81942
81943
81944
81945
81945
81947
81947
81948
81949
81950
81951
81951
81952
81954
81954
81954
81954
81955
81956
81957
81957
81959
81960
81961
81961
81961
81963
81964
81964
81964
81966
81967
81972
81973
81974
81974
81975
81975
81976
81978
81979
81980
81981
81981
81983
81983
81985
81985
81985
81986
81986
81990
81990
81991
81991
81993
81994
81996
81996
81997
82002
82003
82005
82006
82006
82007
82009
82010
82010
82011
82012
82013
82016
82017
82017
82017
82018
82019
82019
82020
82022
82022
82022
82025
82025
82026
82027
82028
82030
82030
82030
82032
82034
82035
82036
82037
82037
82038
82039
82039
82039
82040
82041
82041
82043
82044
82046
82047
82047
82049
82050
82052
82053
82056
82056
82057
82058
82060
82060
82061
82063
82065
82066
82066
82067
82068
82068
82069
82070
82071
82073
82074
82075
82075
82075
82077
82077
82077
82079
82082
82083
82084
82085
82087
82090
82090
82090
82090
82091
82092
82092
82093
82093
82095
82095
82096
82096
82096
82097
82098
82099
82099
82099
82099
82099
82102
82103
82104
82104
82105
82106
82108
82109
82109
82110
82110
82112
82113
82113
82115
82116
82119
82119
82119
82120
82121
82122
82123
82123
82124
82125
82126
82127
82127
82128
82128
82131
82131
82132
82132
82132
82135
82136
82138
82138
82138
82139
82140
82141
82143
82143
82144
82145
82145
82146
82147
82147
82148
82149
82149
82150
82150
82152
82154
82155
82157
82158
82159
82159
82160
82162
82163
82166
82168
82170
82171
82172
82173
82173
82174
82174
82175
82176
82176
82176
82176
82177
82178
82178
82178
82182
82184
82188
82191
82192
82193
82194
82194
82195
82196
82196
82200
82200
82201
82201
82203
82204
82207
82208
82210
82212
82212
82213
82215
82218
82219
82219
82220
82223
82223
82224
82224
82232
82232
82234
82234
82234
82235
82236
82237
82238
82238
82238
82239
82240
82241
82242
82243
82244
82244
82247
82248
82249
82250
82254
82254
82255
82256
82256
82258
82259
82259
82260
82261
82261
82263
82264
82265
82265
82265
82265
82266
82266
82268
82272
82274
82275
82276
82276
82277
82278
82279
82280
82282
82282
82282
82284
82285
82285
82286
82289
82289
82290
82292
82293
82293
82293
82294
82294
82295
82296
82298
82299
82300
82302
82302
82303
82303
82303
82304
82304
82305
82305
82306
82306
82306
82307
82308
82308
82308
82308
82311
82311
82312
82312
82312
82313
82314
82314
82316
82317
82318
82319
82320
82320
82321
82321
82323
82323
82324
82324
82325
82325
82328
82328
82329
82330
82331
82332
82332
82333
82333
82334
82335
82337
82337
82338
82339
82339
82340
82342
82345
82345
82346
82346
82346
82347
82349
82349
82349
82350
82350
82351
82352
82352
82353
82353
82354
82354
82354
82355
82358
82360
82361
82362
82363
82364
82365
82371
82373
82374
82375
82375
82375
82377
82380
82381
82388
82388
82388
82388
82390
82391
82392
82393
82394
82399
82400
82401
82402
82402
82404
82408
82408
82408
82409
82409
82411
82411
82415
82417
82419
82420
82424
82425
82426
82426
82430
82430
82431
82434
82434
82435
82436
82438
82438
82439
82440
82440
82441
82442
82444
82445
82445
82445
82445
82446
82451
82452
82453
82455
82456
82456
82457
82457
82457
82458
82461
82462
82462
82463
82464
82465
82465
82466
82468
82468
82468
82470
82471
82471
82472
82472
82473
82474
82474
82474
82476
82477
82478
82479
82480
82482
82483
82484
82484
82484
82485
82485
82487
82489
82489
82489
82490
82492
82493
82495
82495
82495
82495
82495
82496
82497
82497
82498
82498
82499
82500
82503
82504
82504
82505
82506
82506
82506
82506
82507
82507
82510
82511
82514
82514
82517
82520
82520
82520
82521
82523
82523
82525
82525
82525
82525
82528
82528
82529
82530
82530
82531
82532
82532
82532
82533
82534
82538
82538
82539
82539
82540
82544
82544
82545
82545
82548
82548
82549
82551
82552
82552
82552
82552
82557
82557
82557
82558
82558
82559
82560
82561
82561
82561
82561
82564
82564
82565
82565
82566
82566
82568
82568
82569
82570
82571
82575
82575
82577
82577
82578
82580
82581
82582
82584
82584
82585
82586
82587
82587
82588
82588
82588
82589
82589
82590
82591
82592
82592
82593
82594
82594
82594
82595
82596
82597
82598
82599
82601
82602
82602
82603
82603
82604
82604
82605
82609
82610
82611
82612
82613
82616
82618
82619
82619
82621
82622
82623
82624
82626
82627
82627
82627
82629
82630
82631
82632
82633
82634
82635
82635
82635
82636
82637
82637
82639
82639
82640
82640
82641
82643
82644
82647
82649
82649
82650
82652
82654
82655
82656
82656
82657
82658
82659
82659
82659
82659
82659
82660
82660
82660
82662
82663
82663
82664
82666
82666
82667
82670
82672
82672
82673
82674
82676
82676
82677
82678
82678
82679
82680
82681
82682
82682
82683
82687
82688
82688
82691
82692
82692
82694
82697
82697
82697
82699
82700
82700
82701
82703
82704
82706
82707
82708
82708
82709
82711
82713
82715
82716
82717
82717
82718
82719
82719
82721
82722
82722
82723
82723
82724
82724
82727
82731
82731
82733
82734
82736
82736
82737
82737
82738
82738
82738
82739
82741
82742
82742
82744
82744
82744
82745
82745
82745
82747
82747
82747
82747
82750
82752
82753
82756
82756
82757
82760
82760
82762
82763
82766
82767
82768
82768
82769
82770
82770
82770
82774
82775
82775
82777
82779
82779
82782
82782
82783
82783
82783
82785
82786
82786
82786
82786
82789
82791
82792
82794
82795
82795
82798
82799
82800
82801
82801
82802
82802
82803
82804
82804
82804
82805
82806
82808
82808
82811
82813
82814
82814
82816
82816
82817
82818
82818
82819
82820
82820
82822
82822
82822
82824
82824
82824
82825
82827
82827
82827
82828
82828
82829
82830
82830
82832
82834
82835
82836
82837
82840
82840
82841
82843
82844
82844
82845
82845
82846
82846
82846
82846
82847
82849
82850
82850
82851
82852
82854
82855
82855
82855
82855
82858
82860
82861
82861
82861
82863
82864
82865
82866
82866
82867
82868
82868
82869
82870
82872
82873
82873
82875
82878
82879
82881
82881
82882
82882
82882
82882
82883
82884
82884
82886
82886
82887
82888
82889
82889
82890
82891
82891
82892
82894
82894
82894
82895
82896
82897
82900
82902
82903
82904
82905
82907
82910
82910
82910
82911
82911
82915
82915
82916
82916
82917
82917
82919
82920
82920
82920
82920
82920
82921
82922
82925
82927
82927
82928
82929
82929
82929
82930
82931
82933
82933
82934
82934
82934
82934
82935
82935
82936
82936
82938
82940
82941
82942
82943
82944
82944
82945
82946
82947
82948
82949
82949
82950
82951
82952
82952
82952
82955
82956
82957
82957
82958
82958
82959
82959
82960
82961
82962
82963
82964
82966
82966
82967
82972
82972
82972
82974
82977
82977
82978
82978
82979
82981
82981
82983
82983
82983
82987
82989
82989
82989
82990
82991
82992
82992
82992
82994
82994
82995
82995
82995
82998
82998
83000
83001
83002
83004
83004
83004
83005
83006
83007
83008
83008
83008
83009
83010
83010
83010
83011
83011
83012
83013
83013
83014
83014
83014
83015
83016
83017
83017
83018
83020
83020
83023
83025
83028
83030
83031
83032
83034
83035
83035
83036
83038
83039
83039
83040
83040
83041
83043
83043
83045
83045
83046
83046
83047
83047
83047
83051
83052
83052
83053
83054
83056
83057
83057
83058
83060
83063
83063
83063
83065
83066
83066
83067
83067
83068
83069
83071
83072
83072
83074
83074
83074
83077
83077
83078
83079
83079
83079
83081
83083
83088
83089
83090
83090
83090
83092
83092
83096
83098
83099
83100
83100
83100
83102
83104
83105
83106
83107
83108
83110
83112
83113
83114
83115
83117
83118
83118
83119
83119
83119
83121
83121
83122
83123
83124
83125
83126
83128
83128
83129
83130
83130
83130
83131
83132
83132
83133
83133
83135
83136
83136
83136
83137
83137
83138
83138
83138
83139
83139
83140
83141
83144
83145
83145
83148
83148
83148
83149
83149
83150
83151
83154
83156
83157
83157
83159
83159
83159
83160
83160
83165
83168
83169
83170
83171
83172
83172
83173
83174
83175
83176
83186
83189
83190
83190
83190
83192
83196
83196
83198
83199
83201
83203
83206
83207
83207
83208
83208
83208
83208
83208
83209
83210
83210
83212
83214
83214
83214
83215
83215
83217
83218
83219
83219
83219
83219
83220
83220
83222
83224
83227
83228
83229
83232
83233
83234
83236
83237
83237
83240
83241
83242
83242
83243
83244
83244
83244
83244
83246
83246
83248
83248
83249
83249
83249
83250
83250
83251
83253
83255
83256
83258
83258
83261
83261
83261
83263
83264
83266
83267
83267
83268
83269
83272
83276
83277
83282
83284
83284
83285
83286
83287
83287
83288
83289
83290
83293
83294
83296
83297
83297
83298
83298
83298
83298
83299
83300
83302
83302
83303
83303
83307
83307
83308
83310
83310
83311
83311
83314
83314
83315
83315
83316
83316
83317
83317
83320
83320
83320
83321
83321
83321
83322
83323
83324
83327
83328
83330
83331
83332
83334
83334
83335
83336
83338
83339
83340
83341
83344
83344
83344
83344
83345
83346
83348
83349
83350
83350
83351
83352
83352
83352
83354
83354
83355
83355
83355
83358
83358
83358
83358
83360
83361
83361
83363
83365
83365
83365
83366
83367
83368
83368
83371
83372
83372
83372
83373
83376
83376
83377
83377
83377
83378
83379
83380
83381
83382
83384
83384
83385
83386
83386
83386
83386
83390
83391
83391
83392
83392
83392
83392
83393
83396
83397
83401
83402
83402
83406
83408
83408
83408
83410
83411
83411
83412
83412
83413
83414
83414
83414
83415
83417
83418
83419
83422
83423
83424
83426
83426
83426
83428
83430
83431
83431
83432
83436
83437
83437
83438
83439
83440
83441
83442
83443
83445
83446
83447
83447
83447
83448
83448
83448
83449
83449
83449
83450
83451
83453
83453
83453
83455
83455
83458
83459
83459
83461
83462
83463
83464
83464
83464
83464
83465
83466
83467
83468
83468
83468
83469
83470
83471
83471
83471
83473
83474
83474
83475
83475
83476
83476
83477
83481
83486
83491
83492
83493
83494
83494
83495
83498
83498
83500
83501
83501
83503
83503
83507
83508
83508
83509
83509
83510
83510
83511
83511
83512
83512
83514
83515
83515
83517
83517
83517
83519
83519
83520
83522
83522
83523
83525
83526
83527
83527
83528
83528
83528
83530
83531
83536
83537
83539
83540
83540
83541
83542
83543
83543
83544
83545
83545
83545
83545
83545
83546
83547
83551
83552
83552
83552
83553
83554
83555
83555
83556
83557
83558
83560
83561
83562
83563
83563
83565
83568
83570
83572
83574
83575
83576
83577
83579
83580
83581
83581
83584
83586
83588
83589
83590
83591
83591
83593
83594
83594
83595
83595
83597
83597
83598
83598
83599
83600
83601
83601
83601
83602
83603
83603
83604
83605
83607
83607
83608
83611
83612
83614
83614
83615
83616
83617
83618
83618
83618
83619
83619
83619
83619
83619
83620
83621
83621
83621
83621
83622
83623
83623
83624
83624
83624
83627
83630
83634
83634
83635
83636
83639
83641
83642
83644
83644
83647
83647
83647
83648
83648
83649
83650
83650
83650
83650
83652
83657
83660
83660
83661
83662
83663
83666
83668
83668
83668
83671
83672
83673
83673
83673
83674
83675
83677
83679
83679
83681
83681
83683
83685
83686
83686
83687
83688
83689
83693
83693
83693
83694
83694
83695
83698
83704
83704
83705
83705
83706
83708
83708
83709
83710
83710
83713
83713
83714
83714
83715
83716
83716
83718
83718
83720
83720
83721
83723
83723
83725
83727
83730
83733
83733
83734
83734
83734
83734
83736
83737
83738
83738
83739
83739
83740
83741
83742
83742
83742
83744
83746
83747
83747
83747
83748
83749
83750
83755
83756
83756
83756
83757
83757
83757
83758
83758
83758
83762
83763
83763
83763
83763
83763
83764
83765
83765
83766
83774
83774
83774
83774
83775
83777
83778
83780
83782
83782
83784
83785
83785
83785
83788
83788
83789
83789
83789
83791
83792
83792
83793
83793
83793
83793
83793
83793
83795
83795
83800
83802
83802
83803
83805
83807
83808
83811
83812
83817
83818
83818
83822
83822
83823
83829
83830
83830
83831
83831
83832
83833
83834
83834
83834
83836
83838
83838
83839
83840
83841
83841
83842
83842
83842
83842
83843
83844
83845
83848
83848
83848
83849
83850
83850
83852
83853
83853
83853
83854
83856
83856
83856
83857
83857
83860
83862
83862
83863
83867
83867
83868
83868
83872
83873
83877
83877
83878
83879
83881
83885
83885
83885
83887
83888
83888
83889
83891
83891
83893
83894
83894
83894
83896
83896
83896
83896
83896
83896
83897
83897
83897
83897
83898
83898
83898
83898
83899
83901
83901
83901
83902
83903
83903
83904
83905
83908
83908
83909
83911
83913
83913
83914
83915
83916
83917
83921
83922
83922
83923
83923
83923
83923
83924
83924
83927
83927
83929
83929
83930
83930
83933
83933
83933
83934
83936
83937
83937
83939
83940
83942
83943
83944
83944
83945
83945
83945
83946
83947
83947
83947
83949
83949
83950
83951
83952
83954
83954
83957
83959
83969
83969
83971
83972
83973
83973
83974
83976
83976
83976
83977
83978
83980
83980
83981
83981
83983
83984
83984
83984
83986
83988
83988
83988
83990
83991
83992
83993
83994
83994
83994
83995
83995
83997
83999
83999
84000
84001
84001
84002
84002
84003
84004
84004
84006
84006
84007
84009
84010
84012
84014
84014
84015
84015
84016
84019
84019
84024
84025
84027
84027
84028
84028
84029
84030
84032
84032
84034
84035
84035
84035
84035
84035
84038
84039
84040
84040
84041
84042
84045
84046
84046
84047
84048
84048
84050
84052
84053
84056
84057
84057
84057
84058
84059
84059
84060
84061
84064
84064
84065
84066
84067
84068
84068
84069
84072
84072
84072
84073
84076
84076
84077
84077
84077
84079
84080
84080
84080
84080
84082
84082
84083
84085
84086
84086
84086
84087
84087
84087
84087
84090
84092
84094
84095
84095
84096
84096
84098
84100
84102
84102
84103
84104
84105
84106
84107
84108
84109
84109
84110
84111
84111
84112
84112
84115
84115
84117
84117
84118
84118
84120
84120
84120
84122
84122
84122
84125
84125
84126
84127
84129
84129
84131
84133
84135
84136
84136
84138
84139
84141
84142
84144
84145
84145
84146
84146
84146
84148
84150
84150
84150
84151
84153
84153
84154
84155
84155
84156
84156
84157
84157
84158
84159
84161
84162
84163
84166
84167
84167
84167
84169
84170
84170
84170
84173
84174
84176
84176
84177
84177
84177
84181
84182
84184
84184
84184
84186
84187
84187
84189
84189
84189
84189
84190
84190
84190
84190
84191
84191
84195
84196
84196
84197
84197
84199
84200
84203
84204
84205
84205
84206
84206
84207
84207
84209
84210
84211
84213
84214
84214
84214
84214
84217
84217
84218
84219
84223
84224
84225
84228
84228
84228
84228
84228
84229
84229
84230
84231
84232
84233
84233
84234
84235
84235
84237
84237
84238
84239
84240
84240
84240
84240
84242
84244
84245
84247
84248
84248
84250
84251
84251
84251
84253
84253
84254
84256
84258
84262
84262
84262
84263
84264
84265
84265
84266
84266
84267
84267
84267
84267
84268
84269
84270
84271
84272
84273
84274
84275
84276
84279
84279
84280
84280
84281
84281
84281
84282
84283
84284
84284
84285
84285
84286
84286
84286
84289
84289
84289
84290
84290
84291
84292
84293
84293
84293
84293
84294
84298
84299
84301
84302
84302
84303
84303
84304
84304
84304
84305
84305
84306
84306
84307
84311
84311
84313
84314
84315
84317
84318
84319
84319
84320
84320
84320
84322
84325
84325
84325
84326
84326
84326
84327
84330
84331
84333
84334
84335
84337
84340
84340
84344
84345
84347
84348
84350
84351
84352
84353
84356
84356
84357
84358
84358
84360
84362
84364
84366
84367
84368
84368
84371
84372
84374
84375
84376
84377
84377
84378
84378
84381
84381
84381
84383
84384
84384
84386
84386
84386
84389
84393
84393
84393
84394
84397
84398
84398
84399
84400
84401
84403
84404
84405
84405
84406
84406
84406
84407
84408
84409
84409
84411
84414
84414
84414
84414
84415
84416
84419
84420
84420
84420
84421
84423
84423
84423
84423
84424
84425
84425
84426
84427
84428
84430
84431
84431
84433
84434
84435
84436
84437
84438
84439
84439
84440
84441
84445
84446
84448
84448
84449
84449
84449
84451
84451
84451
84452
84452
84452
84453
84453
84457
84457
84458
84458
84460
84460
84461
84462
84462
84463
84463
84464
84464
84465
84467
84468
84468
84469
84472
84474
84475
84476
84477
84477
84477
84478
84479
84480
84482
84483
84486
84486
84487
84488
84488
84489
84489
84491
84492
84494
84494
84495
84496
84496
84496
84496
84498
84498
84500
84501
84501
84501
84503
84503
84503
84504
84504
84505
84506
84506
84508
84508
84510
84511
84511
84513
84513
84514
84516
84517
84518
84518
84518
84520
84520
84520
84520
84522
84522
84524
84526
84527
84527
84529
84529
84529
84529
84530
84531
84531
84532
84533
84533
84535
84535
84538
84539
84542
84543
84544
84546
84548
84548
84549
84549
84551
84552
84552
84554
84555
84557
84559
84559
84563
84563
84564
84564
84565
84565
84565
84566
84566
84566
84567
84568
84568
84569
84570
84570
84571
84576
84576
84577
84577
84578
84578
84579
84581
84581
84583
84584
84584
84587
84587
84588
84588
84589
84589
84591
84592
84592
84592
84592
84592
84592
84592
84596
84597
84598
84599
84599
84600
84600
84600
84604
84604
84605
84605
84605
84608
84609
84610
84612
84614
84618
84619
84619
84620
84620
84621
84623
84623
84624
84624
84626
84627
84627
84630
84631
84633
84634
84635
84637
84638
84639
84639
84641
84642
84643
84644
84644
84645
84647
84648
84648
84649
84649
84650
84651
84653
84654
84655
84655
84656
84656
84656
84657
84658
84659
84659
84660
84664
84664
84665
84665
84665
84666
84667
84667
84670
84670
84670
84670
84670
84671
84672
84672
84675
84676
84680
84680
84680
84680
84683
84684
84685
84686
84687
84687
84688
84688
84689
84689
84690
84691
84692
84693
84693
84693
84694
84695
84696
84696
84697
84699
84700
84702
84703
84706
84706
84710
84710
84711
84713
84713
84714
84714
84715
84715
84716
84716
84717
84719
84720
84721
84723
84723
84723
84724
84725
84725
84725
84725
84726
84726
84726
84728
84728
84728
84731
84732
84732
84732
84733
84733
84734
84734
84735
84735
84735
84736
84739
84739
84742
84745
84747
84747
84747
84748
84748
84752
84753
84755
84755
84756
84756
84757
84758
84759
84761
84762
84762
84762
84765
84765
84767
84768
84772
84773
84773
84775
84775
84776
84777
84777
84778
84779
84780
84781
84783
84785
84787
84789
84790
84790
84791
84792
84794
84796
84798
84798
84798
84799
84800
84800
84803
84803
84805
84805
84806
84806
84808
84810
84810
84811
84812
84812
84812
84813
84814
84816
84817
84818
84818
84821
84821
84822
84823
84823
84823
84824
84825
84826
84826
84828
84831
84832
84833
84833
84838
84838
84840
84840
84840
84842
84842
84844
84844
84846
84846
84848
84849
84850
84850
84853
84855
84857
84857
84858
84859
84860
84861
84863
84865
84865
84867
84867
84868
84869
84870
84871
84871
84873
84874
84877
84877
84878
84878
84880
84880
84882
84886
84887
84887
84888
84889
84889
84892
84892
84892
84893
84895
84895
84897
84898
84898
84899
84899
84901
84902
84902
84904
84904
84905
84905
84906
84906
84907
84907
84909
84910
84911
84911
84913
84914
84914
84915
84915
84917
84917
84918
84919
84919
84923
84923
84924
84924
84924
84926
84927
84928
84928
84929
84929
84931
84932
84932
84932
84934
84937
84938
84939
84940
84940
84941
84941
84942
84945
84947
84947
84950
84950
84954
84954
84954
84955
84957
84958
84958
84960
84960
84962
84969
84970
84970
84971
84972
84974
84974
84975
84975
84975
84976
84976
84977
84978
84978
84978
84981
84984
84985
84987
84988
84988
84988
84989
84989
84990
84991
84992
84992
84992
84994
84995
84996
84996
84996
84997
84999
85000
85000
85001
85002
85003
85003
85004
85004
85004
85007
85007
85009
85009
85012
85013
85016
85016
85017
85017
85017
85021
85022
85023
85024
85024
85026
85026
85026
85027
85027
85028
85029
85031
85032
85032
85034
85036
85037
85038
85040
85040
85040
85040
85042
85042
85043
85044
85045
85045
85046
85048
85049
85049
85050
85051
85051
85052
85052
85056
85056
85057
85057
85057
85058
85059
85059
85060
85061
85061
85066
85070
85072
85073
85073
85076
85078
85079
85080
85081
85081
85084
85084
85085
85085
85086
85086
85088
85090
85090
85091
85094
85096
85097
85100
85102
85103
85103
85104
85104
85105
85106
85106
85108
85110
85111
85111
85112
85114
85114
85116
85117
85118
85118
85118
85120
85121
85122
85123
85123
85123
85124
85126
85126
85126
85129
85129
85129
85129
85130
85131
85131
85132
85133
85135
85135
85135
85136
85136
85142
85144
85145
85145
85148
85150
85150
85151
85154
85154
85154
85155
85156
85157
85158
85159
85160
85162
85163
85163
85163
85164
85168
85168
85168
85171
85173
85173
85174
85174
85174
85174
85177
85178
85178
85179
85180
85181
85183
85184
85185
85185
85186
85189
85190
85190
85191
85192
85192
85192
85194
85194
85194
85194
85195
85195
85195
85196
85197
85198
85199
85199
85201
85202
85203
85204
85205
85209
85209
85210
85212
85213
85213
85214
85216
85216
85217
85217
85218
85218
85219
85220
85220
85223
85223
85224
85226
85226
85228
85231
85234
85238
85238
85239
85239
85242
85242
85243
85244
85244
85244
85247
85247
85248
85248
85248
85248
85250
85254
85255
85256
85256
85259
85260
85260
85261
85262
85262
85262
85263
85263
85263
85263
85265
85265
85265
85266
85266
85266
85269
85270
85271
85273
85276
85278
85278
85278
85278
85280
85280
85280
85281
85281
85282
85283
85287
85287
85287
85288
85288
85289
85290
85292
85294
85294
85295
85298
85298
85299
85302
85303
85304
85307
85308
85308
85308
85308
85310
85310
85312
85313
85314
85314
85316
85317
85318
85318
85321
85321
85321
85322
85324
85326
85326
85327
85328
85329
85330
85331
85331
85333
85334
85334
85340
85343
85344
85346
85346
85346
85346
85347
85347
85353
85353
85353
85355
85357
85361
85362
85362
85362
85363
85364
85364
85367
85369
85372
85374
85375
85377
85377
85378
85378
85378
85381
85381
85382
85384
85384
85385
85385
85385
85388
85388
85389
85392
85392
85394
85397
85398
85400
85400
85402
85402
85402
85403
85403
85403
85404
85405
85406
85407
85407
85409
85409
85412
85413
85414
85415
85415
85416
85417
85418
85419
85419
85425
85425
85427
85427
85427
85429
85430
85432
85433
85434
85434
85435
85435
85436
85436
85437
85439
85440
85441
85442
85446
85451
85451
85452
85453
85453
85454
85455
85455
85457
85459
85459
85461
85463
85464
85465
85466
85470
85472
85472
85473
85473
85474
85474
85475
85477
85477
85479
85479
85479
85481
85483
85483
85483
85485
85485
85485
85486
85486
85488
85489
85490
85491
85492
85492
85492
85493
85493
85493
85494
85494
85495
85497
85498
85500
85501
85501
85501
85503
85505
85506
85507
85508
85509
85510
85510
85511
85511
85513
85515
85518
85519
85519
85520
85520
85520
85522
85523
85523
85524
85524
85525
85526
85531
85531
85535
85535
85537
85537
85538
85538
85539
85539
85540
85543
85545
85545
85551
85554
85556
85558
85559
85560
85561
85563
85565
85568
85568
85568
85571
85573
85573
85574
85574
85576
85577
85578
85578
85578
85579
85582
85583
85584
85585
85586
85588
85588
85589
85590
85595
85597
85599
85601
85601
85602
85602
85605
85605
85606
85607
85609
85610
85611
85612
85613
85614
85614
85615
85615
85618
85619
85620
85622
85622
85622
85623
85624
85625
85627
85632
85634
85634
85635
85636
85637
85637
85637
85639
85639
85639
85640
85642
85643
85643
85644
85645
85648
85648
85648
85648
85649
85650
85650
85650
85651
85651
85653
85654
85656
85657
85658
85658
85659
85659
85659
85659
85660
85661
85661
85662
85663
85663
85663
85664
85665
85667
85669
85670
85671
85671
85672
85674
85674
85674
85675
85675
85679
85679
85680
85680
85680
85685
85687
85688
85689
85693
85693
85695
85695
85696
85698
85698
85698
85699
85701
85701
85702
85703
85703
85704
85705
85706
85706
85706
85708
85710
85711
85712
85713
85713
85713
85713
85714
85715
85715
85716
85718
85718
85718
85719
85719
85720
85720
85724
85726
85726
85729
85729
85729
85729
85730
85731
85732
85733
85735
85736
85737
85737
85738
85740
85741
85741
85742
85742
85744
85748
85750
85750
85752
85752
85753
85754
85754
85755
85756
85757
85758
85762
85763
85763
85764
85765
85769
85769
85769
85772
85772
85773
85774
85775
85782
85783
85783
85784
85785
85785
85785
85786
85788
85788
85789
85790
85792
85792
85793
85795
85795
85796
85798
85798
85804
85806
85808
85808
85809
85809
85810
85810
85811
85812
85814
85814
85814
85815
85815
85816
85816
85818
85819
85821
85823
85828
85829
85831
85832
85832
85833
85834
85836
85838
85838
85841
85841
85842
85842
85844
85844
85845
85845
85846
85847
85850
85850
85850
85851
85851
85852
85856
85856
85858
85858
85860
85864
85865
85865
85867
85868
85869
85870
85871
85871
85874
85875
85876
85879
85879
85879
85880
85881
85881
85883
85883
85883
85884
85884
85884
85884
85885
85886
85887
85888
85889
85891
85892
85893
85894
85894
85894
85895
85896
85896
85896
85897
85900
85902
85906
85907
85908
85910
85910
85911
85914
85915
85915
85919
85920
85920
85922
85922
85923
85925
85925
85926
85928
85929
85929
85929
85929
85930
85933
85934
85936
85937
85938
85939
85939
85939
85940
85942
85942
85943
85944
85945
85945
85945
85945
85947
85947
85947
85950
85952
85953
85953
85953
85954
85954
85955
85957
85957
85959
85962
85962
85963
85963
85964
85965
85968
85968
85969
85969
85972
85973
85974
85974
85975
85975
85977
85978
85979
85979
85980
85983
85985
85985
85986
85987
85987
85988
85990
85991
85991
85992
85993
85994
85994
85995
85997
85998
85999
85999
85999
85999
86001
86004
86004
86005
86006
86009
86010
86010
86012
86012
86013
86013
86016
86016
86017
86017
86017
86017
86017
86019
86019
86019
86019
86020
86022
86023
86024
86024
86025
86027
86027
86029
86029
86031
86032
86033
86033
86033
86034
86034
86035
86036
86036
86037
86038
86038
86040
86040
86044
86045
86046
86046
86047
86047
86048
86049
86050
86051
86052
86053
86054
86054
86056
86057
86057
86058
86058
86058
86059
86061
86062
86062
86063
86063
86068
86068
86069
86070
86070
86070
86073
86074
86076
86076
86077
86082
86082
86083
86086
86086
86087
86089
86089
86089
86095
86095
86095
86096
86096
86096
86096
86097
86098
86098
86100
86102
86102
86104
86104
86105
86105
86106
86107
86107
86107
86108
86109
86111
86114
86114
86114
86115
86116
86116
86117
86117
86118
86121
86121
86121
86122
86122
86123
86124
86126
86126
86129
86132
86136
86136
86138
86138
86141
86144
86147
86149
86151
86151
86152
86155
86156
86157
86159
86159
86159
86160
86160
86160
86161
86161
86162
86163
86163
86163
86164
86164
86167
86167
86168
86168
86168
86168
86169
86171
86173
86176
86176
86177
86177
86178
86178
86179
86179
86179
86180
86181
86182
86186
86187
86192
86192
86193
86193
86194
86194
86194
86194
86195
86196
86196
86200
86200
86202
86205
86206
86206
86207
86211
86212
86215
86215
86215
86216
86216
86217
86218
86219
86219
86221
86221
86223
86224
86225
86226
86226
86227
86230
86230
86232
86232
86233
86233
86238
86239
86240
86240
86241
86241
86243
86243
86244
86245
86245
86246
86246
86248
86249
86252
86252
86252
86253
86253
86254
86256
86257
86257
86257
86259
86259
86262
86264
86264
86264
86265
86266
86266
86267
86268
86269
86271
86273
86273
86274
86274
86274
86274
86275
86277
86277
86279
86280
86283
86289
86290
86292
86293
86293
86297
86297
86300
86300
86302
86306
86307
86309
86310
86311
86312
86313
86313
86313
86314
86316
86317
86319
86319
86319
86321
86321
86324
86326
86326
86327
86327
86329
86330
86330
86331
86332
86332
86334
86335
86338
86339
86340
86341
86341
86342
86343
86345
86345
86346
86346
86346
86347
86348
86350
86350
86352
86352
86352
86352
86352
86356
86360
86360
86362
86363
86365
86367
86370
86370
86370
86370
86371
86372
86372
86373
86374
86374
86374
86376
86378
86378
86378
86378
86379
86384
86385
86387
86388
86389
86390
86390
86390
86391
86393
86393
86394
86395
86401
86401
86403
86404
86405
86406
86407
86408
86408
86408
86409
86410
86412
86412
86413
86414
86416
86418
86418
86418
86419
86421
86421
86423
86423
86424
86424
86425
86425
86426
86426
86426
86428
86428
86428
86431
86433
86435
86436
86436
86438
86438
86439
86444
86444
86445
86447
86447
86448
86448
86451
86456
86459
86460
86460
86461
86463
86463
86464
86465
86465
86466
86466
86466
86467
86467
86467
86468
86468
86468
86470
86471
86471
86474
86474
86474
86475
86477
86477
86478
86478
86479
86479
86480
86481
86482
86484
86484
86484
86484
86484
86486
86487
86487
86487
86488
86490
86491
86492
86496
86497
86497
86497
86498
86498
86498
86499
86501
86501
86501
86501
86502
86503
86505
86505
86506
86506
86506
86507
86507
86508
86508
86511
86511
86512
86512
86513
86513
86513
86514
86515
86515
86516
86517
86519
86520
86520
86520
86521
86521
86521
86522
86523
86524
86525
86525
86525
86525
86526
86526
86527
86528
86529
86533
86534
86534
86534
86538
86538
86538
86538
86539
86539
86540
86541
86542
86542
86543
86544
86544
86546
86547
86550
86552
86552
86552
86556
86557
86557
86558
86558
86559
86561
86564
86564
86567
86570
86570
86573
86573
86573
86575
86575
86575
86576
86579
86579
86580
86580
86580
86582
86584
86584
86584
86585
86587
86587
86588
86590
86591
86592
86593
86595
86595
86595
86596
86596
86599
86600
86600
86600
86602
86604
86604
86605
86605
86606
86607
86607
86607
86608
86609
86610
86611
86611
86612
86613
86613
86613
86614
86614
86615
86615
86616
86617
86617
86618
86619
86619
86622
86623
86624
86626
86627
86627
86628
86632
86633
86634
86636
86636
86637
86637
86639
86639
86640
86640
86641
86643
86643
86643
86644
86646
86648
86648
86649
86649
86649
86652
86653
86653
86653
86653
86656
86658
86660
86662
86662
86663
86663
86664
86671
86672
86675
86676
86676
86678
86678
86680
86681
86683
86683
86684
86689
86689
86690
86691
86693
86696
86696
86697
86698
86701
86702
86704
86704
86704
86705
86706
86709
86711
86713
86713
86713
86713
86713
86714
86714
86714
86715
86716
86718
86718
86718
86718
86722
86722
86722
86723
86724
86726
86726
86727
86727
86727
86728
86729
86729
86729
86730
86730
86730
86731
86732
86732
86734
86734
86736
86738
86739
86739
86740
86741
86744
86744
86745
86746
86746
86748
86748
86748
86749
86750
86750
86751
86751
86753
86756
86757
86759
86761
86762
86762
86765
86766
86766
86767
86768
86768
86768
86768
86769
86769
86770
86771
86771
86771
86773
86774
86774
86776
86777
86777
86778
86778
86778
86778
86779
86782
86782
86783
86784
86785
86786
86786
86786
86786
86786
86788
86789
86790
86792
86794
86794
86796
86796
86799
86799
86800
86804
86806
86806
86806
86809
86811
86811
86812
86812
86813
86813
86813
86814
86815
86817
86818
86819
86819
86819
86819
86820
86821
86822
86824
86824
86824
86825
86826
86827
86827
86829
86834
86834
86835
86835
86837
86837
86838
86839
86839
86840
86843
86845
86845
86846
86850
86854
86855
86855
86856
86856
86857
86859
86860
86861
86863
86864
86864
86866
86867
86867
86868
86868
86868
86869
86869
86869
86873
86873
86874
86874
86875
86875
86876
86876
86877
86878
86879
86879
86880
86880
86881
86882
86884
86885
86885
86886
86894
86895
86895
86898
86898
86900
86900
86900
86901
86901
86903
86905
86905
86905
86908
86908
86908
86909
86910
86912
86912
86912
86913
86915
86915
86916
86916
86916
86917
86918
86921
86921
86922
86922
86923
86923
86923
86924
86925
86925
86926
86928
86928
86928
86936
86937
86939
86940
86940
86941
86941
86942
86943
86944
86945
86945
86946
86947
86948
86948
86949
86950
86952
86952
86954
86955
86955
86956
86958
86958
86959
86964
86964
86964
86968
86968
86973
86977
86978
86978
86978
86978
86979
86979
86981
86982
86982
86983
86984
86985
86986
86987
86988
86990
86991
86993
86993
86994
86995
86997
86998
86998
86999
87003
87003
87005
87007
87007
87015
87015
87016
87016
87018
87018
87018
87018
87018
87020
87021
87022
87023
87024
87024
87026
87029
87030
87030
87031
87031
87032
87033
87033
87034
87034
87034
87037
87038
87041
87041
87042
87042
87042
87044
87044
87045
87048
87049
87049
87050
87052
87053
87054
87054
87054
87055
87059
87060
87060
87060
87060
87061
87061
87063
87065
87065
87065
87067
87068
87068
87069
87070
87072
87074
87074
87075
87078
87078
87078
87079
87080
87080
87084
87086
87086
87087
87088
87090
87091
87092
87094
87096
87096
87096
87100
87100
87100
87101
87101
87104
87105
87105
87106
87107
87107
87108
87108
87109
87110
87111
87112
87115
87116
87116
87116
87117
87118
87120
87120
87123
87123
87123
87124
87124
87127
87127
87128
87131
87133
87133
87134
87137
87137
87137
87140
87140
87141
87141
87142
87142
87143
87143
87144
87144
87146
87147
87147
87149
87149
87152
87153
87156
87157
87157
87157
87158
87159
87159
87160
87160
87160
87163
87164
87167
87168
87168
87169
87169
87170
87172
87172
87173
87174
87174
87175
87175
87175
87175
87177
87178
87181
87181
87182
87183
87186
87186
87187
87188
87189
87189
87191
87191
87193
87193
87194
87194
87197
87197
87198
87200
87201
87201
87202
87204
87204
87204
87205
87208
87208
87211
87211
87212
87213
87213
87213
87215
87215
87216
87216
87217
87219
87221
87222
87223
87223
87223
87223
87224
87225
87225
87227
87227
87227
87228
87230
87230
87232
87232
87232
87232
87232
87233
87234
87235
87236
87236
87237
87237
87238
87239
87245
87245
87246
87250
87250
87251
87251
87252
87254
87254
87254
87255
87255
87257
87258
87258
87259
87260
87261
87262
87263
87263
87264
87267
87268
87269
87269
87271
87271
87273
87274
87274
87276
87276
87279
87279
87279
87280
87282
87283
87284
87285
87285
87285
87286
87286
87286
87286
87286
87288
87288
87288
87288
87289
87290
87290
87291
87291
87292
87295
87296
87296
87296
87298
87298
87301
87303
87304
87304
87306
87306
87309
87310
87310
87311
87311
87314
87314
87314
87315
87320
87323
87324
87324
87326
87329
87330
87330
87332
87334
87335
87336
87336
87337
87337
87337
87338
87339
87341
87342
87342
87344
87344
87344
87345
87347
87349
87351
87351
87351
87352
87353
87357
87362
87363
87364
87364
87366
87366
87366
87367
87369
87370
87371
87372
87373
87375
87376
87377
87377
87378
87382
87382
87385
87386
87388
87389
87390
87390
87393
87395
87396
87396
87397
87397
87397
87399
87400
87400
87402
87403
87404
87406
87408
87408
87410
87410
87411
87411
87413
87413
87414
87415
87419
87419
87420
87420
87420
87422
87422
87422
87426
87426
87429
87429
87430
87431
87431
87432
87434
87435
87436
87436
87439
87441
87441
87441
87444
87444
87445
87446
87447
87447
87448
87448
87449
87450
87452
87454
87455
87457
87457
87457
87459
87461
87462
87464
87464
87464
87468
87469
87469
87469
87469
87470
87470
87472
87472
87477
87477
87479
87480
87485
87486
87488
87489
87489
87491
87493
87493
87494
87495
87496
87497
87498
87498
87498
87499
87501
87502
87503
87505
87506
87508
87508
87509
87513
87513
87514
87514
87515
87515
87515
87516
87517
87518
87519
87519
87519
87520
87520
87521
87521
87521
87522
87523
87525
87527
87527
87527
87528
87528
87529
87530
87531
87535
87535
87538
87538
87540
87541
87543
87543
87546
87546
87550
87552
87552
87553
87555
87556
87557
87559
87560
87561
87561
87562
87562
87564
87565
87566
87566
87567
87568
87569
87569
87570
87571
87571
87572
87573
87574
87574
87575
87575
87578
87580
87581
87583
87584
87584
87585
87585
87585
87588
87588
87589
87590
87590
87591
87591
87595
87595
87596
87597
87600
87600
87600
87601
87602
87607
87607
87610
87610
87611
87613
87614
87615
87615
87615
87616
87619
87619
87620
87621
87623
87623
87627
87627
87629
87630
87631
87632
87632
87634
87634
87635
87636
87637
87637
87638
87640
87641
87642
87647
87648
87648
87649
87650
87650
87651
87652
87653
87658
87658
87659
87659
87659
87659
87659
87660
87660
87662
87662
87663
87665
87666
87670
87671
87671
87673
87674
87676
87678
87679
87679
87679
87679
87681
87681
87683
87684
87685
87685
87687
87689
87690
87691
87692
87692
87693
87693
87695
87696
87697
87697
87698
87698
87700
87702
87703
87704
87705
87706
87706
87706
87707
87708
87708
87711
87711
87712
87713
87713
87714
87715
87715
87716
87717
87717
87718
87718
87718
87719
87719
87720
87720
87721
87724
87725
87725
87728
87729
87731
87731
87731
87731
87733
87733
87734
87735
87736
87736
87736
87737
87737
87743
87744
87746
87746
87748
87749
87750
87752
87752
87753
87753
87756
87756
87757
87760
87761
87762
87763
87764
87768
87768
87770
87770
87771
87771
87771
87773
87774
87774
87774
87777
87777
87778
87779
87779
87780
87785
87785
87785
87787
87787
87790
87790
87791
87793
87793
87794
87794
87797
87797
87798
87799
87800
87801
87804
87804
87804
87805
87805
87806
87807
87810
87814
87814
87815
87815
87816
87817
87818
87818
87819
87820
87821
87821
87822
87822
87822
87824
87824
87825
87825
87826
87826
87827
87827
87827
87828
87828
87829
87830
87830
87831
87831
87831
87832
87833
87834
87837
87839
87842
87842
87845
87845
87847
87847
87848
87848
87851
87856
87857
87859
87859
87861
87861
87863
87868
87868
87870
87870
87871
87871
87871
87873
87874
87876
87878
87878
87879
87880
87880
87881
87883
87883
87884
87884
87885
87886
87886
87889
87889
87890
87891
87894
87894
87894
87896
87897
87898
87898
87900
87900
87901
87901
87902
87902
87903
87903
87903
87904
87904
87904
87905
87905
87907
87907
87908
87909
87909
87909
87910
87910
87914
87916
87920
87922
87922
87923
87924
87924
87925
87925
87927
87927
87928
87929
87930
87932
87932
87933
87933
87934
87937
87940
87941
87942
87942
87942
87944
87945
87946
87947
87948
87948
87950
87950
87951
87951
87951
87955
87955
87955
87956
87956
87957
87958
87958
87958
87960
87960
87961
87962
87962
87964
87965
87966
87969
87969
87970
87970
87971
87972
87972
87973
87973
87973
87974
87974
87974
87976
87976
87977
87978
87979
87979
87980
87980
87980
87981
87982
87983
87985
87985
87985
87986
87988
87988
87988
87989
87989
87989
87990
87990
87990
87991
87991
87992
87992
87996
87998
88002
88003
88003
88004
88004
88005
88005
88007
88010
88012
88015
88017
88020
88021
88023
88023
88024
88026
88027
88027
88029
88030
88033
88033
88034
88034
88035
88035
88035
88036
88037
88037
88039
88039
88039
88040
88041
88041
88043
88044
88046
88046
88047
88047
88047
88048
88049
88053
88053
88054
88055
88059
88059
88061
88062
88064
88064
88065
88065
88068
88068
88069
88070
88070
88070
88070
88070
88071
88072
88073
88077
88077
88078
88079
88081
88082
88084
88089
88090
88091
88091
88096
88096
88098
88098
88100
88100
88101
88103
88103
88105
88106
88107
88113
88114
88115
88116
88118
88124
88124
88124
88126
88126
88128
88132
88133
88133
88133
88136
88136
88137
88138
88139
88139
88141
88141
88142
88142
88143
88143
88143
88146
88146
88149
88151
88155
88159
88161
88162
88162
88163
88164
88165
88166
88167
88167
88168
88169
88169
88169
88170
88170
88171
88172
88174
88175
88177
88178
88179
88180
88180
88181
88183
88183
88183
88183
88184
88185
88185
88187
88188
88190
88191
88191
88192
88192
88192
88195
88197
88198
88198
88199
88199
88202
88203
88204
88204
88206
88207
88207
88208
88209
88211
88213
88216
88216
88220
88221
88222
88222
88225
88225
88226
88228
88235
88235
88237
88237
88237
88239
88240
88241
88241
88242
88243
88243
88244
88244
88245
88245
88246
88247
88247
88248
88250
88253
88254
88255
88256
88256
88257
88257
88258
88258
88260
88262
88262
88263
88269
88269
88270
88270
88273
88274
88275
88276
88277
88277
88277
88279
88281
88284
88284
88285
88285
88286
88287
88288
88290
88292
88293
88295
88298
88300
88304
88306
88307
88307
88307
88309
88309
88310
88312
88312
88312
88313
88314
88315
88319
88320
88321
88322
88322
88326
88327
88329
88330
88330
88331
88331
88331
88334
88336
88337
88339
88339
88339
88340
88340
88341
88343
88343
88344
88344
88345
88345
88345
88347
88348
88348
88349
88354
88356
88356
88358
88358
88360
88362
88363
88364
88365
88368
88368
88368
88370
88370
88371
88372
88374
88375
88376
88377
88378
88380
88380
88381
88381
88385
88385
88385
88385
88387
88387
88390
88392
88393
88394
88396
88398
88398
88400
88400
88402
88403
88403
88403
88403
88404
88405
88405
88405
88408
88408
88408
88410
88411
88412
88413
88416
88417
88417
88417
88422
88423
88424
88424
88425
88426
88428
88428
88429
88429
88431
88431
88432
88433
88434
88434
88435
88435
88435
88436
88438
88438
88441
88442
88442
88444
88444
88445
88445
88446
88446
88447
88447
88448
88448
88448
88449
88450
88452
88456
88456
88458
88461
88462
88463
88463
88463
88464
88464
88464
88464
88465
88465
88465
88466
88466
88468
88468
88471
88472
88472
88473
88474
88474
88475
88479
88480
88483
88486
88487
88487
88488
88489
88492
88493
88495
88499
88499
88501
88502
88502
88504
88505
88505
88505
88511
88512
88513
88513
88513
88514
88516
88516
88517
88517
88517
88519
88520
88521
88521
88523
88523
88524
88525
88525
88526
88527
88528
88530
88530
88532
88532
88532
88535
88535
88536
88536
88537
88537
88538
88538
88539
88540
88541
88541
88542
88543
88544
88544
88544
88544
88546
88546
88547
88549
88549
88551
88553
88553
88553
88554
88554
88556
88560
88561
88561
88562
88562
88565
88566
88568
88571
88573
88573
88573
88577
88581
88581
88583
88584
88585
88585
88586
88588
88588
88590
88590
88591
88593
88594
88594
88595
88595
88597
88597
88598
88598
88598
88598
88599
88600
88603
88603
88603
88603
88605
88605
88605
88607
88607
88607
88607
88610
88611
88612
88613
88618
88619
88620
88621
88625
88626
88626
88626
88628
88629
88630
88631
88632
88632
88632
88635
88635
88636
88636
88636
88637
88638
88639
88639
88639
88642
88642
88645
88646
88646
88653
88653
88654
88655
88656
88658
88661
88662
88663
88663
88663
88665
88666
88666
88667
88669
88671
88672
88673
88673
88674
88675
88676
88677
88678
88678
88680
88684
88686
88688
88688
88688
88689
88691
88692
88693
88695
88695
88695
88696
88696
88697
88697
88701
88702
88703
88705
88705
88706
88706
88707
88707
88713
88713
88716
88717
88717
88717
88718
88719
88720
88723
88723
88724
88724
88725
88726
88727
88727
88731
88731
88733
88733
88733
88734
88734
88735
88736
88738
88738
88740
88742
88743
88743
88743
88744
88744
88746
88748
88750
88750
88751
88751
88751
88751
88752
88754
88755
88755
88758
88759
88759
88760
88762
88762
88765
88765
88772
88774
88776
88777
88777
88777
88777
88777
88778
88781
88781
88785
88786
88786
88788
88789
88790
88791
88792
88793
88794
88796
88797
88800
88803
88803
88803
88804
88804
88804
88805
88805
88806
88806
88806
88809
88811
88814
88814
88815
88815
88815
88815
88817
88818
88819
88820
88823
88823
88825
88825
88827
88827
88828
88830
88831
88831
88832
88834
88834
88834
88835
88835
88835
88835
88836
88837
88837
88838
88839
88841
88841
88842
88843
88845
88845
88846
88846
88848
88849
88852
88852
88853
88853
88855
88858
88859
88861
88863
88864
88864
88868
88868
88869
88872
88872
88872
88874
88877
88878
88880
88880
88881
88882
88883
88883
88885
88886
88887
88888
88889
88890
88892
88893
88893
88893
88894
88895
88895
88895
88895
88896
88896
88897
88897
88897
88898
88899
88900
88900
88902
88902
88905
88908
88910
88912
88913
88915
88916
88917
88918
88920
88921
88921
88922
88923
88923
88924
88925
88926
88926
88927
88927
88927
88930
88931
88931
88931
88931
88931
88931
88931
88932
88934
88934
88935
88935
88936
88936
88937
88937
88938
88938
88939
88941
88942
88942
88944
88944
88944
88946
88949
88952
88954
88955
88957
88957
88958
88959
88959
88959
88959
88960
88960
88961
88961
88962
88963
88963
88966
88966
88968
88969
88969
88970
88970
88973
88973
88975
88975
88978
88978
88979
88982
88983
88984
88985
88985
88985
88985
88986
88986
88988
88989
88990
88993
88993
88993
88994
88995
88998
88999
88999
88999
89001
89002
89003
89004
89007
89008
89009
89010
89011
89012
89013
89016
89017
89019
89020
89020
89021
89022
89022
89022
89022
89028
89028
89030
89031
89031
89033
89034
89034
89034
89036
89037
89038
89038
89041
89041
89044
89044
89046
89047
89048
89048
89050
89053
89057
89058
89058
89058
89060
89062
89063
89065
89065
89066
89067
89068
89069
89070
89073
89073
89073
89078
89078
89080
89080
89081
89081
89082
89084
89084
89084
89084
89085
89086
89087
89088
89089
89093
89093
89093
89094
89095
89097
89097
89100
89103
89104
89106
89107
89108
89108
89109
89109
89110
89111
89111
89112
89113
89113
89114
89115
89116
89116
89120
89121
89122
89122
89123
89123
89123
89124
89124
89130
89130
89132
89133
89139
89139
89139
89142
89142
89145
89145
89146
89147
89151
89152
89152
89154
89154
89154
89154
89156
89157
89158
89161
89161
89161
89161
89161
89162
89162
89163
89164
89166
89170
89171
89173
89174
89174
89176
89176
89177
89177
89177
89182
89184
89184
89184
89184
89185
89186
89186
89188
89188
89188
89189
89190
89191
89192
89197
89198
89199
89199
89199
89199
89199
89200
89202
89203
89205
89206
89206
89207
89208
89213
89214
89214
89214
89216
89217
89219
89219
89219
89221
89221
89221
89223
89225
89228
89228
89229
89229
89230
89233
89233
89234
89234
89234
89235
89236
89238
89238
89238
89239
89242
89242
89242
89243
89243
89245
89245
89245
89245
89246
89246
89246
89246
89247
89249
89249
89251
89252
89252
89253
89254
89255
89256
89257
89258
89259
89260
89262
89262
89263
89264
89265
89265
89265
89266
89270
89270
89271
89271
89272
89273
89276
89276
89281
89281
89281
89281
89281
89282
89283
89283
89283
89285
89286
89289
89290
89291
89291
89292
89293
89293
89294
89294
89295
89295
89296
89297
89297
89300
89301
89303
89304
89306
89306
89306
89307
89310
89311
89312
89312
89312
89314
89318
89320
89321
89323
89323
89323
89323
89327
89328
89329
89332
89332
89333
89334
89334
89335
89336
89337
89338
89341
89342
89343
89344
89344
89345
89346
89347
89347
89347
89348
89350
89351
89351
89351
89352
89353
89353
89354
89355
89355
89355
89355
89356
89356
89357
89357
89359
89359
89360
89362
89363
89364
89365
89365
89365
89369
89369
89370
89371
89374
89376
89376
89377
89381
89381
89381
89382
89384
89385
89386
89387
89388
89388
89390
89391
89391
89391
89393
89394
89396
89397
89397
89398
89398
89401
89404
89404
89405
89409
89409
89409
89411
89412
89413
89414
89414
89416
89417
89420
89421
89425
89427
89428
89428
89431
89432
89433
89433
89434
89435
89437
89438
89438
89440
89442
89443
89444
89445
89446
89446
89446
89447
89449
89454
89459
89460
89462
89463
89464
89466
89467
89468
89470
89470
89471
89471
89472
89472
89475
89476
89476
89477
89478
89479
89479
89479
89480
89481
89482
89483
89486
89489
89489
89494
89495
89498
89499
89501
89501
89502
89502
89504
89505
89506
89506
89508
89509
89510
89513
89514
89514
89515
89516
89516
89517
89518
89521
89521
89522
89523
89523
89524
89525
89525
89527
89528
89529
89532
89533
89534
89534
89534
89534
89535
89535
89536
89536
89536
89536
89537
89537
89537
89538
89540
89540
89541
89541
89542
89543
89544
89545
89546
89547
89548
89549
89550
89551
89551
89552
89554
89554
89557
89561
89562
89563
89564
89567
89568
89569
89569
89571
89571
89572
89575
89575
89576
89576
89582
89583
89585
89585
89586
89588
89592
89592
89593
89594
89595
89595
89597
89598
89598
89598
89599
89599
89599
89600
89602
89602
89602
89602
89603
89604
89605
89606
89608
89608
89610
89612
89615
89615
89615
89617
89619
89619
89619
89620
89620
89621
89623
89623
89624
89625
89626
89630
89630
89631
89631
89631
89631
89632
89633
89635
89635
89636
89637
89637
89640
89642
89645
89647
89649
89650
89650
89650
89653
89653
89654
89654
89655
89656
89658
89659
89659
89661
89662
89662
89664
89665
89666
89668
89669
89671
89672
89674
89675
89675
89676
89677
89678
89679
89679
89682
89684
89685
89685
89687
89687
89689
89690
89690
89692
89694
89694
89696
89697
89697
89698
89699
89700
89700
89700
89700
89702
89705
89706
89707
89710
89711
89711
89713
89713
89715
89716
89716
89719
89724
89724
89724
89725
89726
89727
89728
89728
89730
89730
89730
89732
89732
89733
89735
89735
89739
89739
89740
89740
89741
89741
89741
89742
89743
89743
89743
89744
89744
89746
89746
89746
89746
89749
89750
89750
89751
89755
89755
89757
89758
89759
89759
89760
89760
89760
89760
89761
89762
89765
89765
89766
89766
89767
89767
89768
89768
89769
89769
89771
89771
89771
89772
89773
89774
89774
89776
89777
89778
89779
89779
89781
89783
89784
89785
89785
89786
89788
89790
89790
89791
89793
89793
89796
89797
89797
89800
89802
89803
89806
89806
89807
89808
89808
89811
89812
89812
89813
89814
89815
89817
89817
89819
89819
89819
89820
89822
89824
89827
89827
89828
89828
89829
89829
89830
89831
89831
89834
89834
89836
89837
89840
89841
89842
89844
89844
89844
89845
89845
89846
89846
89848
89849
89850
89851
89852
89856
89858
89859
89860
89860
89862
89862
89864
89865
89869
89869
89870
89870
89872
89874
89875
89876
89876
89876
89877
89878
89878
89879
89883
89883
89885
89888
89888
89888
89890
89893
89894
89894
89895
89895
89896
89897
89898
89898
89900
89901
89901
89902
89902
89903
89904
89904
89905
89905
89909
89912
89912
89912
89912
89912
89915
89915
89916
89917
89917
89920
89920
89921
89922
89924
89924
89925
89926
89927
89927
89927
89929
89929
89930
89931
89931
89934
89935
89936
89936
89936
89937
89939
89941
89941
89941
89944
89945
89946
89946
89947
89947
89947
89949
89949
89950
89952
89953
89954
89955
89955
89955
89955
89956
89957
89960
89963
89964
89964
89965
89967
89969
89970
89970
89972
89972
89972
89972
89974
89976
89977
89977
89980
89983
89985
89985
89986
89986
89987
89988
89988
89989
89990
89991
89991
89993
89994
89995
89995
89999
90000
90001
90001
90004
90004
90007
90007
90007
90007
90009
90009
90014
90014
90014
90016
90018
90018
90020
90021
90021
90021
90022
90023
90025
90025
90025
90027
90027
90028
90031
90032
90032
90034
90034
90036
90038
90039
90041
90041
90041
90042
90042
90042
90043
90043
90044
90045
90046
90046
90047
90048
90049
90049
90050
90050
90053
90053
90055
90057
90057
90060
90061
90061
90062
90064
90070
90072
90072
90072
90074
90076
90078
90079
90079
90080
90080
90080
90081
90082
90082
90082
90083
90084
90085
90086
90088
90089
90089
90090
90090
90094
90094
90096
90096
90098
90103
90104
90105
90107
90108
90109
90109
90109
90112
90113
90113
90114
90116
90117
90118
90119
90122
90123
90125
90125
90127
90127
90131
90132
90133
90134
90135
90135
90136
90141
90146
90146
90147
90148
90149
90151
90151
90151
90152
90152
90152
90152
90154
90154
90155
90155
90158
90158
90160
90162
90163
90163
90165
90166
90166
90168
90170
90171
90171
90172
90173
90174
90175
90176
90178
90178
90178
90180
90180
90181
90182
90183
90184
90184
90184
90185
90189
90190
90192
90192
90193
90194
90194
90197
90198
90199
90199
90201
90203
90204
90204
90205
90209
90211
90211
90212
90214
90216
90218
90220
90221
90221
90222
90222
90223
90223
90224
90225
90226
90227
90227
90228
90228
90229
90230
90230
90230
90231
90231
90231
90231
90236
90238
90238
90238
90238
90238
90240
90240
90240
90242
90243
90244
90245
90246
90248
90248
90250
90250
90251
90252
90252
90254
90255
90257
90257
90259
90260
90261
90262
90264
90265
90267
90267
90268
90268
90270
90270
90271
90271
90272
90273
90275
90276
90278
90280
90281
90282
90282
90283
90283
90284
90288
90289
90289
90290
90291
90292
90292
90293
90294
90296
90297
90298
90300
90300
90301
90301
90302
90303
90305
90307
90307
90308
90308
90308
90309
90310
90310
90311
90311
90311
90313
90314
90314
90315
90316
90318
90319
90320
90321
90322
90323
90323
90324
90325
90326
90326
90327
90329
90329
90329
90330
90331
90332
90332
90337
90339
90339
90340
90343
90344
90344
90345
90347
90347
90348
90349
90352
90352
90353
90354
90354
90355
90360
90363
90365
90365
90365
90366
90367
90367
90369
90369
90370
90371
90372
90373
90373
90374
90374
90374
90374
90377
90378
90378
90384
90385
90387
90388
90390
90390
90391
90391
90392
90393
90396
90396
90397
90397
90398
90398
90401
90406
90406
90406
90407
90407
90409
90410
90412
90412
90412
90414
90417
90418
90418
90421
90422
90422
90422
90423
90424
90424
90425
90427
90427
90430
90430
90431
90433
90433
90434
90435
90435
90435
90436
90438
90439
90440
90440
90443
90445
90447
90450
90454
90455
90455
90456
90458
90459
90462
90463
90464
90466
90466
90468
90468
90469
90470
90474
90475
90476
90477
90477
90478
90479
90479
90479
90480
90481
90482
90483
90486
90487
90488
90491
90493
90493
90493
90497
90497
90499
90499
90501
90504
90507
90508
90512
90514
90516
90517
90518
90520
90521
90525
90525
90527
90527
90527
90529
90534
90536
90536
90537
90538
90539
90540
90540
90541
90541
90541
90544
90544
90547
90548
90548
90548
90548
90551
90555
90557
90557
90558
90558
90558
90560
90562
90563
90563
90566
90569
90570
90570
90570
90571
90571
90571
90572
90573
90573
90574
90575
90575
90576
90577
90577
90578
90579
90586
90586
90589
90592
90594
90594
90595
90596
90596
90597
90599
90599
90600
90601
90602
90606
90606
90606
90607
90607
90609
90609
90611
90611
90611
90611
90612
90613
90616
90616
90617
90620
90621
90621
90623
90623
90623
90624
90627
90627
90627
90628
90628
90629
90629
90630
90630
90631
90633
90634
90634
90635
90635
90636
90637
90638
90639
90640
90641
90643
90643
90646
90646
90648
90648
90650
90652
90655
90655
90655
90655
90656
90657
90657
90658
90658
90662
90662
90662
90663
90664
90664
90667
90668
90668
90669
90670
90671
90671
90674
90680
90681
90682
90683
90684
90687
90690
90690
90694
90695
90699
90699
90699
90700
90700
90703
90703
90705
90705
90707
90707
90708
90709
90710
90713
90713
90715
90716
90718
90718
90722
90727
90727
90727
90728
90728
90730
90732
90732
90733
90734
90735
90737
90738
90740
90742
90744
90744
90745
90746
90746
90746
90748
90751
90751
90751
90752
90753
90754
90754
90755
90756
90756
90756
90756
90758
90758
90758
90760
90760
90760
90761
90764
90764
90764
90765
90766
90768
90770
90770
90770
90770
90775
90776
90777
90778
90780
90782
90783
90783
90783
90783
90784
90785
90790
90790
90791
90792
90792
90793
90793
90794
90796
90796
90796
90797
90798
90801
90802
90802
90804
90805
90807
90810
90810
90812
90813
90814
90815
90817
90818
90820
90820
90820
90822
90824
90825
90825
90828
90829
90830
90831
90832
90832
90832
90835
90837
90837
90838
90838
90838
90838
90839
90839
90842
90842
90842
90843
90843
90843
90844
90844
90844
90846
90848
90849
90850
90852
90854
90855
90856
90857
90857
90857
90857
90858
90858
90860
90862
90865
90865
90865
90866
90866
90867
90867
90867
90868
90869
90869
90869
90869
90871
90872
90875
90875
90876
90877
90877
90877
90879
90879
90881
90882
90882
90884
90885
90885
90887
90887
90887
90889
90890
90890
90892
90896
90899
90900
90901
90902
90904
90908
90909
90910
90910
90911
90912
90913
90914
90914
90916
90916
90918
90919
90920
90920
90921
90921
90922
90922
90922
90924
90925
90926
90926
90926
90931
90932
90932
90934
90934
90936
90938
90939
90941
90943
90947
90949
90949
90950
90951
90951
90952
90953
90954
90954
90955
90955
90955
90958
90958
90961
90961
90963
90964
90966
90967
90969
90970
90971
90972
90974
90976
90976
90976
90977
90977
90978
90980
90980
90982
90984
90985
90986
90987
90988
90988
90989
90990
90991
90992
90993
90994
90995
90995
90995
90996
90997
90999
90999
90999
91001
91004
91004
91005
91006
91008
91008
91010
91010
91011
91014
91014
91017
91017
91019
91019
91021
91021
91021
91022
91023
91026
91026
91027
91027
91028
91028
91028
91028
91029
91030
91030
91031
91033
91033
91034
91035
91035
91036
91037
91037
91040
91040
91041
91042
91042
91043
91043
91044
91047
91047
91049
91049
91051
91051
91052
91053
91055
91056
91057
91060
91061
91063
91064
91066
91067
91068
91073
91073
91073
91074
91074
91079
91082
91084
91084
91084
91085
91085
91085
91086
91089
91089
91091
91093
91093
91095
91095
91096
91096
91097
91099
91100
91100
91103
91104
91105
91105
91108
91110
91110
91112
91112
91113
91113
91113
91113
91114
91114
91115
91115
91116
91117
91117
91118
91119
91120
91121
91121
91122
91123
91124
91124
91124
91124
91124
91126
91129
91129
91132
91134
91136
91136
91137
91138
91139
91139
91140
91141
91142
91143
91144
91146
91148
91148
91149
91149
91149
91150
91153
91155
91156
91157
91158
91160
91162
91163
91163
91164
91164
91164
91165
91165
91166
91166
91168
91168
91169
91170
91170
91171
91172
91175
91176
91177
91179
91181
91181
91181
91181
91183
91184
91185
91186
91186
91188
91188
91189
91190
91194
91194
91194
91195
91196
91196
91198
91200
91201
91201
91201
91203
91204
91204
91204
91205
91205
91206
91207
91207
91208
91208
91208
91212
91212
91213
91214
91214
91215
91216
91219
91219
91221
91223
91224
91224
91225
91225
91225
91228
91230
91231
91231
91231
91232
91234
91238
91239
91240
91241
91242
91246
91248
91249
91249
91249
91250
91251
91251
91251
91252
91253
91253
91254
91254
91255
91255
91257
91258
91259
91260
91260
91261
91261
91262
91263
91263
91264
91267
91269
91269
91272
91272
91272
91273
91273
91274
91274
91274
91274
91275
91275
91275
91275
91277
91277
91278
91278
91278
91279
91280
91280
91280
91282
91284
91285
91286
91287
91287
91288
91288
91289
91289
91290
91290
91291
91291
91292
91294
91295
91296
91296
91297
91297
91297
91298
91301
91302
91306
91307
91308
91310
91311
91313
91315
91317
91318
91319
91319
91319
91319
91322
91322
91323
91323
91328
91328
91329
91330
91332
91332
91334
91334
91336
91336
91336
91336
91336
91337
91338
91339
91341
91342
91342
91343
91346
91348
91348
91350
91350
91352
91353
91358
91358
91360
91360
91361
91362
91362
91362
91365
91365
91365
91367
91367
91368
91368
91371
91372
91374
91375
91377
91378
91378
91379
91379
91380
91382
91383
91383
91384
91385
91386
91387
91388
91388
91388
91389
91390
91391
91392
91392
91392
91392
91392
91393
91394
91394
91396
91397
91399
91402
91403
91403
91404
91407
91407
91408
91408
91409
91410
91412
91413
91414
91418
91419
91419
91421
91422
91423
91423
91424
91424
91425
91426
91426
91427
91428
91429
91429
91429
91429
91430
91433
91433
91437
91443
91443
91444
91444
91445
91446
91449
91449
91449
91449
91450
91451
91452
91452
91454
91455
91456
91457
91457
91458
91460
91461
91461
91464
91465
91466
91468
91468
91471
91471
91473
91474
91476
91477
91477
91477
91479
91480
91483
91483
91483
91484
91485
91488
91488
91488
91488
91489
91493
91493
91493
91494
91496
91496
91498
91502
91503
91504
91507
91508
91510
91511
91514
91515
91515
91516
91516
91517
91518
91520
91520
91520
91521
91521
91522
91524
91524
91529
91533
91533
91534
91534
91535
91535
91536
91536
91539
91543
91544
91545
91545
91546
91551
91552
91552
91552
91552
91554
91555
91556
91556
91556
91556
91557
91559
91559
91560
91560
91560
91561
91562
91563
91566
91566
91566
91567
91569
91570
91570
91570
91571
91574
91575
91576
91577
91577
91577
91577
91578
91578
91582
91582
91583
91583
91585
91586
91587
91589
91589
91589
91590
91590
91590
91594
91596
91597
91597
91598
91600
91601
91603
91605
91605
91606
91607
91608
91608
91609
91609
91611
91611
91613
91616
91617
91617
91619
91620
91620
91621
91622
91622
91624
91624
91626
91629
91632
91633
91636
91638
91638
91639
91640
91643
91643
91643
91644
91645
91645
91648
91649
91649
91650
91651
91652
91653
91654
91654
91656
91656
91658
91659
91662
91662
91662
91662
91662
91663
91663
91664
91665
91667
91669
91669
91669
91670
91671
91671
91671
91672
91673
91673
91675
91676
91677
91677
91678
91679
91680
91682
91682
91685
91687
91688
91689
91689
91690
91691
91693
91694
91695
91696
91697
91699
91700
91702
91704
91704
91705
91706
91706
91707
91708
91708
91708
91708
91708
91709
91709
91709
91710
91710
91713
91713
91713
91714
91715
91715
91716
91717
91720
91722
91722
91725
91725
91726
91726
91727
91729
91732
91733
91734
91734
91739
91741
91743
91744
91746
91746
91746
91746
91746
91747
91747
91747
91747
91748
91750
91751
91752
91752
91755
91757
91758
91758
91758
91758
91758
91759
91760
91763
91764
91764
91765
91766
91766
91768
91768
91768
91769
91769
91769
91769
91770
91770
91771
91772
91772
91772
91773
91773
91774
91776
91776
91776
91778
91778
91778
91779
91782
91782
91782
91782
91783
91783
91784
91785
91785
91785
91785
91785
91786
91787
91787
91788
91790
91790
91791
91792
91792
91792
91792
91792
91792
91793
91793
91795
91795
91796
91797
91797
91801
91802
91802
91802
91806
91808
91808
91808
91809
91809
91811
91816
91817
91818
91818
91818
91819
91819
91821
91821
91823
91824
91824
91826
91826
91830
91830
91830
91830
91832
91832
91832
91833
91835
91835
91836
91838
91841
91842
91843
91844
91844
91846
91847
91848
91850
91850
91851
91852
91852
91853
91857
91859
91859
91861
91863
91863
91864
91865
91865
91865
91867
91867
91867
91867
91868
91870
91871
91871
91873
91873
91874
91875
91876
91876
91877
91877
91878
91878
91879
91879
91880
91880
91880
91880
91882
91882
91884
91885
91887
91887
91892
91893
91893
91895
91895
91898
91900
91901
91904
91905
91906
91907
91908
91910
91910
91910
91911
91912
91915
91915
91916
91916
91917
91918
91918
91921
91921
91922
91923
91923
91923
91925
91925
91927
91927
91928
91930
91930
91930
91931
91933
91934
91934
91935
91937
91937
91937
91941
91942
91943
91944
91944
91947
91947
91948
91948
91949
91950
91950
91951
91951
91952
91953
91953
91954
91954
91955
91956
91956
91958
91960
91960
91960
91962
91965
91965
91965
91967
91967
91968
91969
91970
91972
91972
91972
91973
91973
91974
91974
91975
91978
91978
91979
91979
91981
91984
91984
91985
91989
91992
91992
91993
91995
91999
92006
92006
92008
92009
92009
92012
92013
92015
92015
92015
92016
92019
92019
92019
92020
92021
92023
92023
92023
92025
92027
92028
92028
92032
92032
92034
92035
92035
92037
92038
92038
92039
92040
92041
92042
92044
92045
92045
92047
92049
92049
92050
92052
92052
92053
92054
92055
92056
92058
92060
92060
92061
92062
92063
92066
92067
92067
92069
92070
92070
92071
92072
92074
92075
92075
92076
92077
92078
92079
92082
92083
92083
92087
92088
92088
92089
92091
92091
92091
92092
92093
92095
92098
92098
92099
92099
92099
92100
92100
92101
92101
92105
92105
92106
92107
92108
92109
92110
92111
92112
92116
92116
92118
92119
92121
92122
92122
92123
92123
92128
92128
92129
92130
92131
92132
92132
92134
92134
92135
92135
92138
92139
92139
92140
92141
92141
92142
92145
92146
92146
92146
92147
92148
92149
92150
92151
92152
92153
92155
92155
92155
92157
92158
92159
92159
92160
92160
92161
92161
92162
92162
92164
92166
92166
92166
92166
92168
92168
92169
92169
92170
92175
92177
92178
92178
92179
92179
92180
92181
92181
92182
92184
92185
92185
92185
92187
92187
92188
92188
92188
92190
92191
92191
92192
92193
92195
92195
92196
92199
92202
92203
92203
92207
92208
92211
92212
92213
92215
92215
92218
92218
92219
92219
92221
92221
92221
92221
92224
92225
92225
92225
92228
92229
92231
92233
92234
92234
92235
92238
92238
92239
92242
92244
92245
92245
92245
92245
92245
92245
92247
92249
92250
92251
92251
92252
92253
92254
92255
92256
92257
92257
92258
92259
92259
92260
92261
92261
92261
92263
92264
92264
92264
92264
92266
92266
92267
92267
92267
92274
92275
92276
92279
92280
92282
92282
92282
92284
92284
92284
92287
92288
92289
92291
92291
92293
92294
92296
92296
92297
92298
92299
92301
92301
92301
92302
92308
92308
92308
92308
92309
92309
92310
92312
92315
92315
92315
92315
92316
92317
92317
92318
92318
92318
92320
92320
92320
92321
92321
92321
92322
92325
92325
92327
92327
92328
92329
92329
92330
92331
92331
92333
92334
92334
92335
92335
92336
92337
92341
92343
92345
92346
92346
92346
92346
92346
92348
92349
92349
92351
92352
92353
92353
92353
92354
92354
92354
92356
92356
92358
92358
92361
92361
92364
92365
92366
92366
92367
92368
92368
92368
92369
92371
92372
92372
92374
92375
92375
92376
92376
92377
92377
92379
92382
92382
92384
92386
92387
92387
92389
92390
92392
92393
92393
92393
92393
92394
92395
92395
92396
92396
92399
92399
92400
92400
92400
92401
92403
92405
92407
92407
92407
92408
92411
92411
92411
92412
92412
92413
92413
92414
92415
92415
92416
92417
92418
92424
92425
92425
92427
92427
92427
92428
92429
92430
92430
92430
92430
92433
92434
92434
92434
92436
92436
92438
92438
92440
92441
92443
92444
92444
92444
92444
92447
92447
92447
92448
92448
92451
92452
92453
92453
92454
92454
92455
92455
92456
92457
92458
92460
92463
92464
92464
92465
92466
92468
92470
92471
92473
92474
92476
92476
92477
92478
92478
92478
92479
92480
92480
92482
92483
92483
92484
92485
92486
92486
92487
92489
92489
92492
92493
92494
92495
92495
92496
92499
92500
92501
92505
92505
92505
92506
92512
92513
92514
92515
92515
92515
92515
92518
92518
92518
92520
92521
92523
92524
92525
92526
92526
92528
92528
92528
92529
92530
92532
92532
92532
92532
92534
92534
92534
92535
92538
92538
92539
92539
92539
92541
92542
92544
92544
92544
92546
92546
92549
92550
92552
92553
92553
92553
92555
92556
92556
92557
92557
92558
92558
92558
92559
92560
92564
92566
92567
92568
92569
92571
92572
92573
92574
92574
92576
92576
92579
92581
92582
92582
92582
92583
92584
92585
92588
92589
92590
92593
92593
92598
92598
92598
92598
92599
92600
92601
92601
92602
92602
92603
92605
92606
92608
92609
92615
92618
92621
92621
92622
92622
92623
92628
92628
92628
92629
92633
92634
92634
92634
92636
92637
92637
92639
92639
92639
92641
92642
92642
92642
92644
92645
92645
92645
92645
92647
92647
92647
92649
92649
92651
92651
92652
92652
92653
92653
92655
92656
92658
92659
92660
92660
92661
92662
92663
92664
92664
92665
92665
92666
92667
92667
92667
92669
92669
92670
92673
92674
92674
92674
92675
92677
92680
92683
92684
92685
92686
92686
92686
92687
92690
92692
92694
92694
92694
92694
92696
92698
92702
92702
92703
92704
92704
92704
92705
92707
92707
92710
92710
92711
92713
92714
92715
92716
92717
92717
92717
92718
92720
92720
92724
92725
92726
92728
92729
92729
92730
92733
92734
92734
92736
92737
92737
92738
92741
92744
92746
92746
92746
92746
92747
92747
92747
92747
92748
92748
92750
92753
92753
92755
92755
92756
92757
92758
92758
92759
92759
92759
92760
92761
92762
92763
92764
92764
92765
92765
92766
92766
92766
92768
92769
92770
92771
92771
92772
92772
92773
92773
92776
92777
92778
92779
92779
92780
92780
92781
92784
92785
92786
92786
92786
92788
92788
92789
92791
92791
92793
92793
92797
92798
92801
92801
92801
92803
92807
92808
92808
92810
92811
92812
92813
92813
92814
92815
92816
92817
92818
92819
92819
92820
92822
92822
92822
92823
92828
92831
92831
92832
92832
92832
92832
92834
92837
92837
92838
92838
92838
92838
92839
92840
92841
92841
92843
92843
92844
92844
92845
92845
92847
92847
92849
92851
92853
92854
92854
92856
92857
92858
92859
92859
92859
92860
92860
92861
92862
92863
92865
92866
92866
92866
92867
92867
92868
92870
92871
92871
92871
92871
92874
92874
92880
92884
92885
92885
92889
92889
92889
92890
92891
92892
92893
92896
92896
92897
92897
92898
92899
92902
92903
92903
92907
92907
92908
92908
92909
92911
92912
92913
92915
92915
92915
92917
92917
92918
92921
92921
92926
92927
92927
92929
92929
92929
92929
92930
92930
92931
92932
92932
92935
92939
92940
92940
92942
92942
92943
92943
92943
92946
92949
92950
92950
92950
92951
92952
92953
92954
92955
92955
92955
92955
92955
92956
92957
92958
92958
92959
92962
92962
92963
92965
92966
92966
92968
92968
92968
92969
92970
92971
92973
92974
92974
92975
92975
92979
92979
92981
92984
92985
92988
92988
92990
92991
92991
92991
92992
92995
92995
92996
92996
92996
92998
92998
93001
93002
93003
93003
93004
93005
93006
93007
93009
93011
93013
93016
93018
93019
93019
93020
93020
93020
93022
93024
93024
93024
93026
93029
93029
93032
93032
93033
93033
93036
93039
93039
93040
93040
93042
93042
93042
93043
93045
93045
93046
93047
93051
93052
93052
93052
93053
93054
93054
93055
93055
93055
93056
93057
93058
93058
93058
93059
93059
93059
93061
93061
93061
93063
93064
93067
93067
93067
93067
93068
93069
93072
93073
93073
93075
93075
93076
93076
93076
93077
93078
93079
93079
93080
93080
93080
93080
93080
93081
93082
93083
93084
93084
93087
93087
93089
93090
93091
93094
93094
93095
93095
93096
93097
93098
93098
93099
93101
93101
93101
93102
93104
93105
93106
93107
93108
93109
93109
93112
93112
93113
93116
93117
93118
93119
93121
93121
93123
93124
93124
93124
93125
93125
93127
93129
93130
93132
93134
93134
93135
93138
93138
93140
93140
93141
93142
93143
93143
93144
93147
93148
93148
93148
93149
93149
93152
93153
93153
93154
93155
93155
93158
93158
93160
93160
93161
93162
93164
93164
93164
93165
93165
93166
93166
93166
93170
93170
93171
93173
93173
93174
93174
93175
93178
93179
93179
93180
93180
93180
93181
93182
93183
93183
93185
93185
93187
93187
93188
93190
93190
93192
93194
93194
93195
93195
93197
93198
93199
93199
93201
93201
93202
93203
93206
93207
93208
93211
93212
93212
93213
93213
93216
93217
93217
93217
93219
93220
93221
93222
93222
93224
93224
93226
93226
93226
93226
93227
93227
93228
93228
93230
93232
93232
93232
93234
93235
93235
93237
93238
93239
93239
93240
93240
93240
93240
93241
93241
93241
93242
93243
93243
93245
93245
93245
93247
93249
93250
93250
93251
93251
93253
93256
93257
93257
93258
93258
93258
93259
93260
93260
93261
93263
93263
93263
93264
93265
93266
93266
93266
93267
93267
93268
93268
93269
93270
93272
93274
93274
93275
93276
93279
93280
93282
93283
93284
93284
93284
93285
93285
93285
93286
93287
93288
93289
93290
93292
93292
93292
93292
93295
93295
93295
93295
93296
93296
93297
93297
93298
93299
93299
93301
93301
93302
93304
93304
93306
93306
93307
93308
93309
93309
93309
93309
93309
93312
93312
93313
93313
93313
93315
93315
93316
93317
93319
93320
93320
93321
93321
93322
93323
93324
93325
93326
93327
93329
93330
93331
93332
93332
93333
93334
93335
93335
93336
93336
93337
93338
93342
93343
93343
93343
93345
93345
93347
93347
93348
93351
93351
93353
93353
93353
93354
93354
93354
93354
93356
93360
93362
93362
93364
93365
93365
93368
93368
93369
93369
93371
93371
93371
93372
93373
93375
93376
93378
93378
93379
93379
93380
93381
93382
93382
93384
93384
93385
93386
93387
93388
93389
93389
93390
93392
93393
93393
93394
93394
93394
93394
93397
93397
93397
93398
93402
93405
93406
93406
93406
93408
93408
93409
93409
93409
93409
93410
93412
93413
93413
93413
93414
93414
93415
93418
93418
93418
93418
93419
93421
93421
93422
93424
93428
93430
93434
93434
93434
93435
93436
93439
93439
93441
93443
93443
93445
93445
93446
93447
93449
93450
93453
93453
93454
93455
93455
93456
93456
93457
93460
93460
93461
93462
93463
93463
93463
93465
93466
93466
93467
93469
93469
93470
93478
93479
93481
93481
93483
93484
93484
93484
93485
93487
93491
93492
93493
93493
93493
93495
93495
93495
93496
93496
93498
93498
93500
93501
93501
93502
93502
93502
93503
93504
93505
93506
93506
93507
93507
93509
93509
93510
93511
93511
93511
93512
93512
93512
93512
93513
93514
93517
93518
93518
93520
93520
93520
93522
93522
93522
93523
93524
93524
93525
93526
93526
93527
93528
93529
93530
93531
93531
93532
93537
93539
93539
93539
93540
93540
93541
93541
93542
93542
93542
93543
93544
93546
93548
93549
93549
93550
93550
93550
93550
93551
93553
93556
93558
93559
93562
93564
93564
93566
93566
93569
93570
93572
93572
93573
93574
93575
93576
93577
93577
93577
93578
93578
93578
93579
93579
93580
93581
93582
93582
93583
93585
93585
93586
93586
93588
93591
93594
93596
93598
93598
93600
93600
93601
93602
93602
93602
93604
93605
93608
93608
93608
93610
93610
93610
93610
93614
93616
93616
93618
93618
93619
93623
93623
93624
93625
93627
93627
93628
93629
93629
93630
93630
93632
93634
93635
93636
93636
93636
93637
93637
93639
93642
93643
93644
93646
93647
93647
93649
93649
93650
93651
93651
93651
93652
93655
93655
93656
93657
93658
93658
93659
93659
93661
93663
93666
93668
93668
93669
93670
93672
93675
93675
93675
93675
93677
93678
93679
93682
93683
93684
93685
93686
93688
93690
93692
93692
93692
93693
93694
93696
93696
93696
93697
93698
93699
93701
93702
93704
93704
93704
93704
93705
93705
93706
93707
93707
93708
93709
93710
93711
93713
93713
93716
93716
93716
93718
93718
93718
93721
93722
93722
93724
93724
93725
93726
93726
93727
93729
93729
93731
93733
93734
93734
93735
93735
93736
93736
93736
93736
93739
93742
93743
93743
93743
93744
93745
93745
93746
93749
93750
93752
93753
93753
93754
93755
93757
93758
93759
93759
93760
93760
93761
93761
93761
93762
93762
93763
93764
93764
93764
93766
93766
93767
93767
93770
93770
93771
93773
93773
93773
93774
93774
93775
93776
93776
93776
93777
93777
93778
93779
93779
93779
93779
93780
93780
93781
93781
93781
93781
93781
93783
93784
93784
93784
93785
93786
93786
93786
93786
93787
93791
93792
93793
93798
93800
93800
93801
93802
93805
93805
93805
93806
93807
93808
93809
93809
93810
93811
93812
93812
93812
93814
93814
93814
93815
93816
93816
93817
93817
93818
93819
93820
93820
93820
93822
93822
93822
93826
93828
93828
93830
93830
93832
93833
93833
93833
93834
93836
93837
93838
93839
93839
93840
93840
93842
93842
93843
93844
93844
93845
93845
93846
93846
93847
93849
93850
93851
93852
93852
93854
93854
93855
93857
93858
93861
93861
93861
93865
93865
93865
93865
93866
93866
93869
93870
93871
93872
93873
93874
93876
93877
93879
93879
93882
93882
93882
93883
93886
93886
93887
93887
93887
93888
93889
93889
93893
93895
93895
93895
93895
93896
93896
93896
93897
93899
93899
93902
93903
93903
93905
93907
93909
93909
93910
93911
93914
93914
93915
93916
93917
93917
93920
93921
93921
93921
93922
93922
93924
93925
93925
93926
93927
93927
93929
93931
93931
93936
93939
93942
93942
93942
93943
93943
93944
93945
93945
93945
93949
93953
93956
93956
93957
93957
93961
93962
93962
93964
93964
93966
93966
93966
93966
93966
93967
93969
93970
93971
93973
93975
93975
93976
93976
93977
93978
93981
93981
93981
93982
93984
93984
93985
93987
93987
93987
93987
93989
93991
93991
93993
93994
93996
93997
93998
93998
94000
94004
94006
94007
94007
94007
94008
94008
94008
94011
94011
94011
94011
94012
94012
94013
94014
94014
94014
94014
94015
94016
94018
94018
94019
94021
94022
94022
94024
94026
94026
94030
94036
94038
94038
94038
94042
94043
94043
94044
94045
94046
94046
94047
94047
94048
94050
94050
94052
94053
94056
94058
94059
94061
94062
94062
94063
94064
94064
94064
94064
94065
94066
94066
94066
94067
94067
94069
94069
94074
94075
94075
94076
94076
94076
94076
94077
94078
94079
94080
94080
94080
94080
94080
94081
94081
94083
94084
94084
94084
94084
94085
94085
94087
94087
94089
94089
94091
94092
94092
94093
94093
94094
94094
94096
94097
94100
94103
94103
94104
94105
94107
94110
94111
94111
94111
94111
94112
94112
94114
94114
94116
94116
94118
94118
94118
94119
94120
94120
94123
94124
94124
94127
94128
94129
94129
94130
94130
94131
94131
94133
94133
94134
94135
94136
94139
94140
94142
94143
94144
94144
94144
94145
94146
94146
94146
94146
94148
94150
94151
94154
94155
94155
94156
94158
94160
94161
94161
94162
94162
94162
94165
94166
94167
94167
94169
94169
94169
94169
94170
94171
94171
94173
94176
94177
94178
94180
94181
94181
94183
94184
94184
94184
94186
94186
94188
94192
94192
94193
94195
94196
94197
94199
94200
94202
94202
94202
94202
94203
94205
94205
94206
94207
94207
94208
94208
94209
94210
94210
94210
94212
94212
94213
94214
94214
94214
94215
94215
94215
94217
94218
94220
94222
94222
94223
94224
94224
94225
94226
94226
94227
94228
94229
94229
94229
94230
94231
94231
94232
94235
94235
94236
94237
94237
94240
94240
94241
94243
94244
94244
94244
94244
94244
94246
94246
94248
94251
94251
94251
94252
94253
94254
94256
94256
94257
94259
94259
94260
94262
94263
94263
94264
94264
94264
94266
94266
94267
94267
94267
94267
94270
94271
94272
94275
94275
94278
94278
94279
94279
94281
94283
94283
94284
94286
94286
94287
94288
94289
94289
94290
94291
94291
94291
94294
94295
94296
94297
94297
94297
94298
94298
94300
94302
94302
94302
94305
94305
94306
94308
94309
94309
94309
94310
94311
94313
94314
94315
94316
94316
94318
94319
94321
94321
94322
94323
94324
94324
94327
94327
94329
94330
94330
94334
94334
94335
94336
94339
94341
94342
94343
94343
94344
94344
94345
94345
94345
94346
94347
94347
94347
94349
94349
94349
94350
94351
94351
94352
94353
94353
94353
94354
94354
94354
94355
94355
94356
94357
94357
94358
94358
94359
94359
94360
94361
94362
94364
94365
94365
94366
94366
94367
94368
94368
94369
94369
94371
94373
94375
94378
94379
94382
94382
94382
94384
94384
94384
94385
94388
94389
94390
94392
94394
94398
94398
94399
94399
94400
94400
94401
94402
94402
94404
94404
94405
94407
94407
94408
94411
94413
94414
94414
94414
94416
94418
94419
94419
94419
94421
94421
94421
94422
94423
94423
94424
94424
94426
94426
94426
94427
94428
94429
94429
94429
94430
94431
94432
94432
94435
94436
94437
94437
94438
94439
94439
94440
94440
94441
94442
94442
94443
94444
94444
94446
94447
94447
94447
94448
94449
94449
94450
94450
94451
94451
94451
94452
94453
94455
94455
94455
94455
94457
94458
94458
94459
94459
94460
94460
94461
94463
94464
94464
94465
94466
94467
94468
94468
94468
94469
94469
94472
94473
94474
94476
94476
94477
94478
94479
94481
94481
94482
94484
94484
94487
94487
94489
94489
94490
94491
94492
94493
94494
94495
94496
94501
94502
94503
94505
94507
94507
94507
94507
94508
94508
94508
94509
94511
94511
94511
94512
94514
94515
94516
94517
94517
94518
94519
94519
94520
94522
94526
94528
94528
94529
94529
94530
94531
94535
94535
94536
94536
94538
94539
94541
94541
94542
94542
94542
94547
94547
94547
94549
94551
94551
94551
94551
94552
94553
94555
94555
94557
94559
94561
94561
94562
94562
94562
94563
94563
94564
94567
94567
94569
94569
94570
94571
94571
94571
94573
94573
94574
94574
94575
94576
94576
94576
94577
94577
94578
94579
94579
94580
94580
94582
94582
94582
94582
94583
94583
94586
94587
94587
94588
94589
94591
94592
94593
94594
94597
94598
94598
94600
94600
94601
94601
94601
94602
94602
94603
94604
94604
94604
94605
94606
94607
94610
94611
94613
94613
94613
94613
94615
94615
94615
94615
94616
94617
94621
94623
94623
94625
94625
94625
94625
94626
94627
94628
94629
94629
94629
94629
94632
94632
94632
94633
94633
94634
94635
94635
94637
94637
94638
94640
94643
94644
94645
94647
94648
94649
94652
94653
94655
94659
94660
94660
94660
94662
94662
94662
94662
94663
94666
94667
94669
94669
94670
94670
94670
94670
94671
94673
94674
94676
94676
94676
94677
94677
94677
94680
94681
94684
94685
94685
94686
94686
94687
94687
94688
94691
94691
94692
94694
94695
94695
94696
94697
94698
94699
94702
94705
94707
94707
94707
94710
94711
94711
94711
94715
94717
94718
94720
94720
94721
94722
94723
94723
94723
94727
94727
94728
94729
94730
94732
94732
94733
94734
94734
94735
94735
94735
94738
94739
94740
94740
94741
94744
94745
94745
94745
94746
94748
94748
94749
94751
94752
94752
94754
94757
94758
94758
94759
94759
94762
94764
94766
94766
94767
94767
94767
94768
94769
94769
94770
94770
94775
94776
94776
94777
94777
94778
94779
94781
94782
94782
94785
94787
94787
94788
94789
94790
94790
94791
94791
94791
94791
94792
94792
94793
94793
94794
94795
94797
94797
94798
94798
94799
94799
94800
94800
94801
94802
94802
94803
94804
94806
94806
94808
94809
94810
94812
94813
94814
94815
94816
94817
94817
94817
94818
94819
94820
94821
94823
94824
94826
94831
94831
94833
94834
94835
94837
94838
94839
94839
94839
94840
94840
94842
94843
94843
94844
94845
94846
94847
94848
94848
94849
94850
94851
94851
94852
94853
94853
94854
94854
94856
94856
94856
94856
94857
94857
94858
94859
94859
94860
94862
94862
94863
94863
94864
94864
94866
94867
94867
94868
94869
94869
94870
94871
94871
94872
94872
94873
94875
94876
94876
94878
94879
94879
94880
94880
94880
94881
94881
94882
94882
94883
94886
94891
94891
94893
94894
94896
94897
94898
94899
94899
94902
94902
94905
94905
94907
94907
94908
94908
94908
94908
94909
94910
94910
94910
94911
94914
94914
94916
94917
94918
94918
94919
94919
94920
94920
94921
94922
94922
94923
94925
94925
94926
94926
94926
94927
94927
94927
94928
94928
94930
94931
94931
94932
94939
94939
94939
94944
94948
94950
94951
94955
94956
94957
94957
94957
94957
94959
94959
94960
94961
94961
94963
94965
94967
94970
94970
94971
94971
94974
94974
94976
94976
94978
94979
94983
94983
94985
94986
94988
94989
94991
94991
94992
94995
94995
94996
94998
94998
94999
94999
94999
95000
95000
95000
95004
95007
95008
95009
95009
95016
95017
95019
95020
95020
95020
95021
95024
95027
95028
95028
95029
95031
95031
95035
95035
95038
95039
95040
95041
95041
95042
95043
95043
95044
95044
95044
95045
95045
95045
95047
95048
95050
95050
95051
95055
95057
95057
95058
95061
95061
95062
95062
95065
95065
95067
95068
95072
95072
95073
95075
95075
95075
95076
95077
95077
95077
95080
95082
95083
95083
95085
95085
95085
95086
95086
95087
95088
95092
95093
95094
95095
95097
95098
95099
95099
95100
95100
95101
95102
95104
95104
95105
95106
95107
95108
95108
95109
95110
95112
95113
95114
95115
95115
95115
95118
95119
95119
95119
95121
95121
95123
95123
95123
95124
95125
95127
95127
95129
95130
95133
95134
95134
95138
95140
95140
95142
95144
95145
95146
95147
95147
95148
95149
95150
95152
95154
95155
95156
95156
95157
95158
95158
95159
95159
95160
95160
95160
95161
95164
95165
95166
95166
95166
95167
95168
95171
95173
95176
95176
95178
95178
95179
95179
95180
95181
95181
95182
95182
95184
95184
95185
95187
95187
95187
95187
95190
95190
95191
95192
95194
95194
95194
95195
95195
95195
95196
95196
95198
95199
95200
95202
95202
95203
95206
95207
95207
95208
95208
95209
95210
95212
95214
95214
95218
95218
95219
95220
95222
95223
95225
95227
95229
95229
95231
95231
95232
95233
95234
95234
95235
95235
95237
95238
95240
95240
95240
95241
95241
95241
95242
95243
95243
95244
95244
95245
95245
95245
95247
95248
95248
95250
95251
95252
95252
95253
95253
95253
95255
95255
95256
95256
95256
95256
95257
95257
95258
95258
95258
95258
95258
95262
95262
95262
95263
95265
95266
95266
95267
95267
95267
95268
95270
95273
95274
95275
95278
95279
95280
95280
95284
95287
95287
95289
95289
95291
95292
95292
95293
95294
95295
95296
95297
95298
95300
95300
95301
95302
95303
95303
95305
95309
95311
95313
95315
95316
95316
95317
95317
95317
95317
95318
95318
95319
95321
95324
95325
95328
95328
95328
95329
95330
95331
95331
95332
95333
95334
95338
95339
95339
95340
95341
95341
95341
95344
95344
95344
95345
95345
95346
95346
95347
95347
95347
95353
95356
95357
95357
95358
95363
95364
95366
95366
95367
95367
95368
95369
95369
95370
95371
95371
95371
95373
95375
95377
95378
95379
95379
95380
95382
95383
95383
95383
95384
95385
95387
95387
95387
95388
95389
95390
95391
95391
95393
95397
95397
95398
95399
95399
95400
95403
95404
95406
95408
95408
95409
95410
95411
95413
95414
95414
95414
95415
95415
95419
95420
95420
95424
95426
95427
95427
95429
95429
95431
95435
95438
95438
95440
95441
95441
95442
95442
95442
95443
95443
95447
95447
95447
95448
95450
95454
95454
95454
95455
95457
95457
95458
95459
95459
95461
95462
95463
95465
95466
95468
95469
95470
95472
95473
95474
95476
95479
95479
95480
95482
95484
95484
95484
95486
95487
95489
95490
95490
95492
95494
95494
95496
95497
95497
95497
95498
95499
95499
95499
95501
95501
95503
95503
95509
95509
95510
95510
95511
95511
95512
95512
95513
95513
95514
95517
95518
95522
95523
95524
95526
95526
95527
95528
95529
95529
95530
95532
95533
95534
95534
95536
95536
95540
95543
95545
95546
95546
95547
95549
95549
95550
95551
95552
95552
95552
95554
95555
95558
95558
95558
95559
95559
95560
95561
95564
95564
95564
95564
95565
95565
95565
95565
95566
95568
95570
95572
95572
95572
95573
95574
95574
95576
95577
95579
95579
95579
95580
95580
95582
95585
95585
95586
95586
95587
95587
95589
95589
95590
95590
95591
95591
95592
95593
95594
95595
95596
95596
95598
95599
95599
95599
95600
95600
95601
95606
95606
95607
95608
95610
95610
95610
95610
95611
95612
95613
95614
95614
95615
95615
95616
95617
95617
95618
95619
95619
95620
95621
95622
95625
95626
95627
95627
95630
95630
95631
95632
95633
95634
95634
95639
95640
95640
95640
95641
95641
95644
95645
95645
95645
95646
95647
95651
95651
95653
95654
95654
95655
95657
95657
95658
95658
95659
95659
95660
95660
95660
95660
95662
95663
95664
95664
95665
95665
95666
95666
95667
95668
95668
95668
95669
95670
95671
95673
95673
95675
95675
95675
95675
95678
95678
95678
95678
95680
95680
95681
95682
95684
95685
95685
95685
95687
95688
95689
95690
95691
95692
95692
95692
95693
95697
95698
95700
95700
95701
95703
95703
95703
95703
95705
95705
95706
95708
95709
95710
95711
95712
95712
95714
95716
95717
95718
95718
95719
95719
95720
95720
95721
95721
95722
95722
95723
95725
95725
95726
95727
95727
95729
95729
95729
95729
95729
95731
95731
95732
95734
95735
95736
95736
95737
95737
95739
95739
95739
95739
95741
95741
95743
95745
95746
95746
95747
95748
95748
95749
95749
95753
95755
95755
95756
95756
95757
95758
95758
95759
95760
95762
95762
95762
95763
95765
95766
95767
95768
95771
95772
95772
95772
95773
95773
95776
95776
95776
95776
95778
95779
95780
95782
95783
95784
95784
95785
95785
95786
95786
95788
95788
95791
95791
95793
95793
95793
95794
95795
95795
95795
95796
95797
95798
95799
95801
95802
95804
95804
95804
95806
95809
95809
95809
95810
95811
95811
95812
95814
95814
95815
95817
95817
95818
95819
95820
95821
95822
95823
95823
95825
95826
95827
95828
95828
95829
95831
95832
95832
95832
95833
95835
95835
95838
95838
95839
95839
95840
95841
95841
95842
95842
95842
95843
95844
95844
95845
95845
95847
95849
95849
95850
95852
95853
95854
95854
95857
95858
95861
95863
95864
95865
95866
95867
95868
95869
95869
95872
95873
95875
95876
95877
95878
95879
95886
95886
95886
95888
95888
95891
95891
95891
95892
95893
95893
95895
95895
95895
95896
95896
95897
95900
95900
95900
95900
95900
95901
95903
95904
95907
95911
95913
95913
95914
95914
95916
95916
95916
95916
95918
95919
95919
95919
95919
95919
95920
95921
95921
95922
95923
95924
95924
95925
95925
95927
95928
95929
95929
95931
95931
95931
95932
95933
95935
95936
95937
95938
95939
95942
95944
95944
95945
95945
95946
95947
95947
95949
95953
95953
95954
95954
95955
95955
95957
95957
95957
95959
95959
95959
95959
95960
95961
95962
95963
95966
95967
95968
95968
95971
95971
95972
95973
95974
95975
95976
95976
95977
95978
95979
95979
95980
95981
95982
95982
95982
95986
95986
95987
95989
95989
95989
95991
95991
95992
95992
95994
95995
95995
95997
95999
96000
96000
96001
96002
96003
96004
96005
96006
96006
96007
96007
96008
96008
96008
96010
96011
96011
96012
96015
96015
96016
96018
96019
96021
96023
96025
96026
96026
96028
96029
96029
96029
96032
96032
96034
96036
96038
96038
96040
96040
96044
96046
96047
96048
96048
96049
96050
96051
96051
96052
96052
96054
96055
96056
96057
96058
96059
96059
96060
96061
96061
96062
96062
96063
96063
96063
96063
96064
96064
96065
96066
96066
96067
96067
96070
96071
96074
96074
96074
96074
96075
96075
96078
96078
96078
96079
96081
96081
96082
96083
96084
96084
96085
96086
96086
96087
96088
96088
96090
96093
96093
96093
96093
96094
96095
96095
96095
96096
96097
96097
96097
96098
96098
96098
96102
96104
96105
96107
96108
96108
96111
96113
96114
96116
96118
96119
96120
96120
96121
96122
96123
96124
96127
96131
96131
96131
96131
96134
96137
96137
96137
96138
96138
96139
96139
96139
96140
96140
96143
96143
96144
96147
96150
96151
96151
96151
96152
96152
96153
96153
96154
96154
96157
96159
96159
96159
96162
96163
96163
96163
96164
96164
96165
96165
96166
96167
96168
96169
96169
96169
96170
96172
96175
96175
96176
96177
96177
96178
96179
96180
96180
96181
96184
96186
96186
96186
96186
96189
96191
96191
96192
96193
96193
96194
96194
96195
96196
96199
96199
96199
96200
96201
96201
96202
96207
96207
96208
96210
96210
96210
96211
96211
96212
96213
96214
96216
96216
96216
96216
96218
96218
96220
96220
96220
96220
96221
96221
96221
96223
96224
96224
96224
96225
96225
96226
96226
96226
96227
96228
96229
96230
96233
96233
96233
96234
96236
96237
96238
96238
96239
96239
96241
96243
96245
96246
96249
96250
96251
96251
96254
96256
96256
96258
96259
96259
96260
96260
96261
96263
96263
96264
96267
96268
96269
96270
96271
96271
96273
96276
96277
96279
96280
96280
96280
96281
96282
96284
96284
96285
96285
96287
96288
96288
96289
96290
96290
96290
96291
96291
96292
96292
96293
96293
96293
96295
96296
96296
96297
96297
96297
96301
96301
96302
96304
96304
96307
96308
96309
96309
96311
96312
96312
96313
96314
96315
96315
96317
96317
96318
96319
96321
96322
96323
96323
96324
96324
96326
96327
96327
96328
96328
96329
96330
96331
96333
96334
96334
96337
96337
96340
96340
96342
96342
96343
96344
96345
96346
96346
96347
96347
96348
96348
96350
96351
96352
96353
96353
96354
96354
96355
96356
96356
96356
96357
96358
96361
96363
96364
96365
96365
96365
96365
96366
96367
96368
96369
96369
96370
96370
96371
96371
96374
96375
96377
96378
96378
96379
96379
96379
96380
96380
96381
96383
96383
96384
96387
96390
96391
96391
96392
96398
96400
96400
96400
96401
96402
96403
96404
96405
96406
96412
96412
96413
96414
96414
96415
96415
96416
96416
96417
96419
96421
96421
96428
96429
96430
96432
96433
96435
96435
96437
96439
96440
96440
96440
96441
96442
96442
96444
96444
96447
96448
96448
96448
96451
96452
96452
96456
96457
96460
96460
96461
96461
96461
96463
96464
96464
96469
96469
96470
96471
96471
96472
96473
96475
96476
96476
96478
96479
96480
96480
96480
96481
96483
96483
96484
96484
96485
96485
96485
96485
96487
96488
96488
96489
96490
96490
96490
96491
96491
96492
96492
96492
96494
96495
96495
96497
96497
96498
96500
96500
96501
96502
96505
96508
96509
96510
96510
96511
96512
96512
96512
96514
96515
96516
96519
96522
96522
96524
96524
96525
96528
96530
96531
96532
96532
96533
96534
96535
96536
96536
96536
96538
96539
96539
96540
96542
96543
96543
96544
96546
96547
96550
96551
96554
96554
96554
96555
96556
96556
96558
96558
96559
96559
96560
96564
96566
96567
96569
96572
96572
96575
96578
96579
96584
96584
96584
96584
96586
96586
96588
96593
96593
96593
96593
96595
96596
96597
96599
96599
96600
96601
96601
96603
96604
96605
96605
96606
96606
96606
96607
96609
96611
96612
96612
96612
96613
96614
96615
96616
96616
96618
96620
96620
96621
96622
96624
96624
96624
96625
96627
96627
96629
96629
96629
96630
96631
96631
96632
96632
96634
96635
96636
96637
96638
96639
96642
96642
96642
96643
96643
96645
96645
96647
96648
96649
96649
96649
96650
96650
96651
96651
96651
96651
96651
96652
96655
96655
96656
96656
96658
96660
96661
96662
96662
96664
96665
96666
96667
96667
96668
96668
96668
96669
96669
96672
96673
96673
96674
96674
96676
96676
96677
96677
96677
96678
96679
96680
96681
96682
96685
96685
96686
96686
96687
96687
96688
96689
96689
96690
96690
96692
96692
96693
96694
96695
96696
96697
96699
96702
96704
96704
96708
96709
96711
96713
96713
96714
96714
96714
96715
96717
96717
96719
96720
96722
96722
96723
96723
96723
96723
96723
96726
96726
96730
96731
96732
96732
96732
96732
96733
96733
96733
96735
96738
96742
96742
96743
96743
96743
96744
96744
96744
96745
96748
96748
96748
96749
96751
96752
96756
96756
96757
96758
96759
96763
96764
96765
96770
96771
96772
96772
96776
96777
96778
96779
96781
96783
96783
96784
96785
96785
96786
96787
96788
96790
96790
96790
96793
96793
96793
96795
96796
96797
96798
96801
96802
96803
96805
96807
96810
96811
96811
96811
96812
96812
96813
96813
96815
96815
96816
96817
96819
96819
96820
96821
96821
96821
96821
96822
96823
96825
96825
96825
96827
96827
96828
96833
96834
96834
96834
96835
96836
96836
96836
96836
96836
96841
96841
96842
96842
96845
96848
96849
96851
96851
96851
96854
96855
96855
96856
96856
96857
96857
96859
96859
96860
96861
96862
96865
96866
96868
96868
96869
96870
96871
96873
96874
96874
96875
96875
96875
96875
96876
96876
96876
96876
96876
96878
96878
96880
96882
96882
96883
96884
96886
96887
96887
96890
96891
96891
96892
96893
96893
96893
96896
96896
96897
96897
96897
96897
96898
96901
96901
96902
96903
96903
96904
96905
96905
96906
96907
96910
96914
96916
96916
96917
96918
96920
96922
96922
96923
96924
96925
96926
96927
96929
96929
96930
96931
96933
96935
96936
96936
96937
96937
96939
96940
96940
96943
96943
96943
96945
96946
96947
96950
96950
96950
96951
96952
96954
96954
96955
96956
96956
96958
96959
96960
96961
96962
96963
96963
96965
96965
96966
96966
96966
96968
96969
96969
96971
96971
96971
96974
96975
96976
96976
96979
96980
96981
96982
96983
96984
96984
96984
96988
96988
96989
96991
96992
96994
96994
96994
96995
96996
96997
96997
96998
96999
97000
97002
97002
97003
97003
97004
97004
97004
97005
97006
97009
97012
97013
97013
97014
97016
97018
97019
97020
97022
97023
97024
97024
97025
97026
97028
97029
97030
97031
97031
97031
97032
97033
97034
97034
97035
97036
97037
97038
97038
97041
97043
97044
97045
97046
97046
97047
97047
97048
97048
97049
97049
97049
97049
97052
97056
97058
97058
97058
97059
97060
97061
97062
97063
97065
97066
97066
97067
97067
97070
97070
97070
97072
97074
97075
97076
97077
97078
97083
97085
97085
97086
97086
97086
97087
97087
97088
97089
97089
97091
97092
97093
97094
97097
97097
97097
97098
97099
97100
97102
97102
97103
97103
97104
97108
97108
97109
97110
97110
97110
97110
97111
97111
97112
97115
97118
97119
97120
97121
97121
97132
97133
97134
97137
97139
97140
97141
97142
97142
97144
97144
97145
97145
97146
97147
97148
97149
97149
97149
97152
97153
97153
97155
97156
97156
97157
97157
97158
97159
97160
97160
97162
97162
97163
97164
97166
97172
97172
97173
97174
97175
97175
97176
97176
97178
97179
97180
97180
97181
97184
97185
97187
97188
97188
97188
97189
97189
97189
97190
97192
97193
97194
97194
97194
97195
97196
97197
97197
97197
97199
97199
97200
97202
97203
97204
97205
97208
97208
97209
97209
97212
97212
97215
97215
97216
97220
97223
97223
97223
97223
97224
97225
97226
97227
97227
97227
97228
97228
97232
97232
97233
97235
97235
97235
97236
97237
97237
97238
97238
97239
97241
97242
97243
97244
97244
97244
97245
97245
97246
97247
97247
97248
97248
97249
97250
97250
97251
97252
97253
97253
97256
97256
97256
97259
97263
97263
97263
97264
97269
97269
97269
97270
97270
97271
97272
97273
97274
97277
97278
97278
97280
97281
97284
97284
97285
97286
97286
97287
97288
97289
97291
97291
97292
97295
97296
97296
97296
97297
97297
97298
97299
97300
97300
97302
97303
97304
97308
97308
97310
97310
97314
97314
97314
97315
97315
97315
97315
97317
97318
97320
97321
97321
97322
97323
97324
97325
97325
97325
97325
97326
97330
97331
97331
97332
97333
97336
97338
97339
97339
97344
97344
97344
97344
97345
97345
97349
97350
97351
97353
97353
97353
97353
97356
97356
97359
97362
97363
97364
97364
97366
97366
97366
97366
97367
97367
97368
97369
97370
97370
97370
97371
97372
97373
97373
97374
97374
97374
97374
97374
97374
97377
97377
97377
97377
97377
97379
97379
97380
97381
97382
97384
97387
97387
97388
97389
97389
97390
97391
97391
97391
97391
97393
97394
97395
97395
97396
97398
97398
97400
97400
97401
97402
97405
97405
97406
97407
97408
97409
97410
97411
97412
97412
97413
97413
97417
97418
97420
97420
97423
97424
97425
97426
97427
97428
97428
97429
97430
97431
97431
97431
97433
97433
97434
97434
97434
97436
97438
97438
97440
97440
97440
97445
97446
97446
97447
97448
97449
97449
97450
97451
97452
97453
97453
97454
97458
97461
97461
97463
97463
97463
97465
97465
97466
97467
97467
97468
97468
97469
97472
97472
97474
97474
97479
97480
97481
97481
97481
97483
97483
97483
97484
97485
97487
97487
97487
97489
97489
97490
97491
97491
97492
97492
97492
97493
97493
97495
97496
97496
97497
97498
97498
97498
97498
97499
97500
97500
97500
97501
97501
97501
97502
97502
97503
97504
97504
97504
97506
97507
97508
97508
97508
97509
97509
97511
97512
97513
97514
97514
97515
97516
97517
97518
97519
97520
97520
97521
97522
97522
97522
97523
97525
97525
97527
97527
97529
97529
97529
97530
97531
97533
97536
97536
97536
97537
97538
97538
97538
97539
97540
97540
97540
97541
97541
97541
97541
97545
97547
97547
97547
97548
97551
97551
97551
97553
97554
97554
97556
97556
97557
97558
97558
97559
97560
97562
97562
97563
97564
97564
97564
97567
97567
97571
97572
97572
97573
97574
97574
97575
97576
97576
97576
97578
97579
97581
97582
97582
97582
97584
97584
97587
97588
97589
97590
97591
97592
97593
97596
97598
97599
97600
97602
97604
97605
97607
97607
97609
97610
97612
97612
97613
97613
97614
97615
97615
97616
97616
97616
97617
97617
97617
97619
97619
97619
97620
97621
97624
97625
97627
97631
97631
97632
97634
97634
97635
97638
97638
97639
97641
97642
97642
97642
97642
97643
97644
97644
97644
97646
97648
97649
97650
97651
97651
97652
97653
97654
97655
97656
97659
97659
97659
97661
97663
97663
97665
97666
97667
97668
97668
97669
97672
97673
97673
97674
97675
97675
97675
97677
97677
97678
97678
97678
97680
97681
97681
97688
97688
97688
97688
97689
97689
97689
97691
97692
97692
97695
97697
97697
97698
97698
97699
97700
97700
97702
97703
97703
97705
97706
97706
97707
97709
97710
97712
97712
97712
97715
97716
97716
97716
97717
97718
97718
97719
97719
97720
97720
97722
97723
97723
97723
97726
97728
97732
97735
97736
97737
97737
97737
97738
97738
97739
97741
97742
97743
97743
97744
97744
97745
97747
97749
97749
97750
97750
97751
97751
97751
97751
97753
97756
97759
97759
97760
97760
97761
97761
97762
97763
97763
97764
97765
97765
97766
97767
97767
97771
97771
97778
97779
97779
97780
97782
97783
97785
97785
97785
97786
97787
97787
97788
97788
97791
97791
97793
97794
97795
97795
97797
97797
97797
97800
97800
97803
97804
97804
97806
97808
97809
97809
97813
97815
97815
97817
97817
97818
97818
97818
97818
97820
97820
97820
97820
97821
97823
97824
97824
97828
97830
97830
97830
97831
97832
97832
97832
97835
97838
97840
97841
97841
97841
97842
97843
97843
97846
97846
97846
97847
97849
97850
97851
97852
97853
97853
97853
97854
97854
97857
97858
97859
97859
97859
97860
97861
97861
97862
97862
97865
97865
97865
97866
97866
97867
97867
97868
97869
97869
97870
97872
97874
97875
97875
97877
97879
97880
97880
97885
97885
97887
97890
97890
97891
97892
97893
97894
97894
97895
97895
97895
97901
97901
97903
97904
97905
97906
97909
97909
97910
97911
97911
97911
97912
97913
97914
97914
97914
97915
97917
97917
97918
97919
97919
97920
97921
97921
97921
97922
97924
97924
97926
97928
97928
97931
97931
97931
97933
97934
97934
97935
97937
97939
97939
97939
97941
97942
97943
97943
97944
97944
97945
97945
97946
97947
97947
97948
97948
97948
97951
97952
97953
97953
97956
97957
97957
97960
97961
97961
97963
97963
97965
97967
97967
97968
97968
97968
97971
97971
97972
97972
97976
97978
97979
97979
97979
97981
97982
97982
97982
97984
97984
97985
97985
97987
97991
97994
97994
97999
98000
98004
98005
98006
98008
98008
98008
98009
98009
98009
98010
98011
98011
98012
98012
98013
98017
98018
98019
98020
98020
98022
98022
98023
98024
98024
98025
98026
98028
98030
98030
98031
98031
98034
98035
98035
98036
98037
98037
98037
98037
98041
98041
98041
98041
98042
98043
98044
98046
98046
98046
98048
98049
98050
98052
98053
98054
98057
98058
98059
98059
98060
98061
98064
98064
98064
98065
98065
98066
98068
98069
98069
98070
98071
98072
98072
98073
98074
98075
98075
98076
98077
98077
98077
98078
98078
98079
98079
98080
98081
98081
98082
98083
98084
98087
98087
98087
98087
98088
98090
98091
98091
98094
98094
98096
98096
98100
98100
98101
98103
98104
98105
98107
98107
98107
98108
98109
98111
98112
98113
98113
98115
98116
98119
98120
98121
98121
98121
98122
98123
98123
98124
98124
98124
98128
98128
98128
98128
98129
98130
98131
98131
98131
98132
98133
98134
98134
98135
98136
98138
98138
98138
98138
98140
98140
98142
98142
98146
98146
98149
98150
98150
98153
98153
98156
98156
98157
98161
98161
98163
98163
98165
98166
98167
98168
98169
98169
98170
98171
98171
98172
98172
98172
98174
98175
98177
98177
98178
98179
98180
98180
98181
98182
98183
98185
98186
98187
98188
98189
98191
98191
98192
98192
98195
98196
98200
98201
98204
98204
98206
98207
98207
98209
98211
98211
98212
98213
98213
98214
98214
98219
98219
98224
98224
98226
98226
98226
98226
98226
98227
98228
98229
98230
98233
98234
98234
98235
98235
98235
98236
98239
98241
98241
98242
98243
98243
98245
98250
98250
98250
98253
98255
98256
98258
98258
98259
98259
98261
98262
98265
98265
98265
98266
98266
98266
98268
98269
98269
98270
98271
98271
98271
98274
98274
98275
98276
98276
98276
98277
98281
98281
98281
98283
98283
98284
98285
98286
98286
98288
98288
98289
98289
98290
98292
98292
98292
98292
98293
98294
98295
98297
98298
98303
98304
98306
98306
98307
98307
98307
98307
98307
98307
98307
98308
98309
98309
98311
98311
98311
98313
98314
98314
98315
98316
98318
98320
98322
98323
98326
98326
98326
98327
98329
98331
98331
98333
98334
98334
98334
98336
98341
98342
98345
98345
98346
98346
98346
98348
98348
98350
98352
98352
98353
98353
98354
98356
98357
98359
98361
98361
98362
98364
98364
98365
98367
98368
98369
98369
98370
98371
98371
98371
98373
98373
98373
98374
98375
98375
98375
98376
98376
98377
98377
98377
98378
98378
98378
98379
98380
98380
98380
98383
98384
98384
98385
98385
98385
98386
98386
98387
98387
98390
98390
98390
98395
98397
98398
98398
98400
98400
98400
98401
98401
98402
98403
98404
98404
98405
98405
98405
98405
98406
98407
98407
98408
98409
98409
98410
98410
98411
98412
98415
98416
98416
98419
98419
98420
98421
98421
98421
98422
98424
98425
98428
98429
98429
98430
98430
98430
98431
98432
98432
98433
98433
98436
98436
98437
98438
98439
98441
98442
98443
98445
98445
98446
98446
98447
98447
98448
98448
98449
98451
98454
98454
98455
98456
98457
98457
98458
98459
98459
98461
98461
98462
98463
98463
98464
98465
98465
98465
98466
98466
98468
98469
98470
98470
98473
98474
98474
98477
98477
98479
98481
98481
98483
98484
98485
98486
98488
98488
98489
98490
98491
98492
98493
98494
98494
98494
98494
98495
98496
98497
98497
98498
98499
98499
98500
98500
98503
98503
98504
98504
98506
98507
98511
98511
98511
98513
98514
98515
98515
98515
98516
98517
98517
98518
98518
98521
98521
98521
98522
98523
98523
98524
98525
98526
98526
98527
98527
98530
98531
98531
98532
98532
98533
98533
98533
98535
98537
98537
98539
98539
98541
98541
98541
98544
98545
98545
98546
98548
98550
98550
98551
98552
98552
98552
98553
98553
98554
98555
98558
98558
98560
98560
98561
98564
98566
98566
98567
98568
98569
98569
98571
98574
98575
98575
98579
98581
98581
98582
98586
98587
98587
98587
98588
98589
98592
98592
98593
98593
98594
98594
98594
98594
98595
98596
98596
98597
98599
98599
98601
98603
98604
98607
98609
98610
98614
98614
98616
98618
98620
98620
98622
98622
98624
98626
98627
98627
98628
98630
98631
98633
98633
98634
98634
98638
98639
98639
98639
98643
98645
98648
98648
98648
98649
98651
98653
98656
98656
98657
98657
98658
98659
98662
98663
98665
98666
98667
98667
98669
98669
98669
98671
98672
98673
98673
98674
98676
98678
98679
98680
98680
98682
98683
98684
98684
98685
98686
98688
98688
98689
98690
98690
98692
98693
98695
98695
98696
98696
98696
98698
98698
98699
98701
98702
98702
98704
98704
98705
98707
98708
98711
98711
98713
98714
98719
98719
98721
98721
98722
98724
98725
98727
98728
98728
98731
98735
98737
98737
98737
98738
98739
98739
98739
98741
98744
98748
98750
98753
98753
98754
98754
98755
98755
98755
98756
98756
98757
98757
98757
98758
98759
98759
98760
98760
98764
98765
98766
98767
98767
98768
98768
98769
98769
98771
98772
98772
98776
98776
98778
98779
98780
98783
98784
98785
98785
98787
98789
98789
98790
98790
98791
98791
98791
98794
98794
98795
98796
98796
98796
98798
98798
98798
98800
98802
98806
98809
98810
98810
98810
98811
98816
98817
98819
98820
98822
98822
98822
98822
98824
98825
98826
98826
98827
98828
98829
98830
98830
98830
98830
98832
98834
98835
98836
98838
98840
98840
98841
98842
98842
98844
98844
98844
98848
98849
98850
98850
98851
98852
98854
98855
98855
98855
98856
98856
98856
98858
98858
98858
98858
98860
98861
98861
98864
98864
98864
98866
98867
98868
98869
98874
98874
98876
98878
98879
98880
98882
98885
98887
98887
98888
98889
98890
98890
98891
98891
98891
98892
98893
98894
98894
98894
98895
98895
98897
98900
98901
98903
98903
98904
98905
98905
98906
98907
98909
98909
98909
98909
98909
98910
98911
98911
98912
98914
98916
98917
98918
98919
98920
98920
98921
98922
98923
98924
98924
98925
98925
98925
98927
98928
98930
98930
98930
98930
98931
98931
98932
98933
98935
98936
98936
98937
98938
98938
98939
98940
98942
98944
98945
98945
98947
98947
98947
98947
98948
98950
98951
98951
98951
98953
98954
98955
98959
98961
98961
98961
98962
98964
98965
98965
98965
98966
98967
98972
98973
98973
98974
98974
98974
98976
98977
98977
98979
98979
98980
98980
98983
98985
98985
98986
98986
98986
98989
98991
98991
98994
98996
98997
98999
99002
99002
99005
99006
99007
99008
99009
99009
99009
99010
99010
99010
99011
99011
99013
99013
99014
99014
99014
99015
99016
99016
99016
99016
99016
99017
99018
99018
99019
99020
99020
99021
99021
99021
99022
99022
99022
99023
99023
99024
99024
99024
99024
99024
99025
99025
99026
99029
99029
99029
99029
99030
99031
99033
99034
99037
99037
99038
99038
99038
99039
99040
99041
99042
99043
99043
99045
99046
99046
99047
99047
99051
99052
99054
99054
99056
99057
99057
99057
99057
99058
99058
99058
99059
99060
99060
99061
99061
99061
99065
99066
99066
99067
99067
99068
99069
99071
99071
99073
99073
99074
99074
99074
99074
99075
99076
99078
99078
99080
99080
99081
99082
99082
99084
99087
99087
99088
99089
99090
99092
99092
99092
99092
99092
99093
99093
99094
99096
99099
99100
99106
99106
99107
99107
99108
99108
99110
99110
99111
99112
99113
99114
99114
99114
99114
99114
99115
99115
99117
99117
99118
99118
99119
99121
99122
99123
99123
99123
99124
99126
99127
99131
99132
99133
99133
99133
99135
99135
99136
99136
99137
99138
99138
99138
99139
99139
99141
99142
99142
99145
99145
99147
99150
99155
99155
99156
99160
99160
99161
99161
99161
99162
99163
99164
99165
99165
99165
99165
99170
99170
99171
99172
99172
99172
99175
99176
99179
99181
99181
99181
99181
99182
99182
99183
99190
99191
99193
99193
99194
99195
99196
99196
99202
99204
99204
99204
99205
99206
99206
99207
99207
99209
99209
99212
99213
99214
99215
99216
99217
99217
99219
99221
99223
99223
99224
99228
99228
99229
99230
99233
99235
99235
99236
99237
99237
99240
99240
99242
99243
99246
99248
99248
99251
99251
99252
99253
99253
99255
99256
99256
99256
99257
99257
99258
99258
99260
99260
99261
99261
99262
99262
99263
99265
99265
99265
99266
99266
99268
99269
99271
99272
99275
99276
99277
99277
99278
99279
99279
99281
99281
99282
99282
99282
99283
99284
99284
99285
99286
99286
99286
99287
99288
99289
99291
99292
99293
99297
99300
99301
99301
99303
99303
99303
99303
99303
99304
99305
99306
99310
99311
99311
99312
99312
99313
99313
99315
99316
99318
99319
99320
99320
99321
99322
99323
99324
99325
99326
99329
99329
99330
99330
99331
99331
99332
99332
99332
99333
99336
99337
99338
99343
99344
99345
99346
99347
99347
99348
99350
99351
99352
99356
99356
99356
99358
99360
99362
99362
99363
99365
99365
99366
99367
99368
99368
99368
99369
99371
99371
99372
99372
99373
99373
99373
99374
99375
99378
99378
99379
99380
99382
99382
99382
99384
99384
99384
99385
99386
99387
99387
99387
99388
99389
99390
99391
99391
99393
99394
99395
99396
99396
99397
99399
99402
99403
99403
99404
99404
99406
99407
99408
99410
99410
99410
99411
99413
99413
99413
99415
99416
99416
99417
99417
99417
99418
99420
99421
99421
99421
99422
99426
99427
99429
99430
99433
99433
99433
99434
99434
99434
99436
99437
99438
99438
99439
99439
99440
99441
99441
99443
99444
99444
99444
99445
99445
99448
99449
99450
99450
99451
99453
99453
99454
99456
99457
99457
99457
99457
99458
99459
99459
99459
99459
99460
99462
99464
99464
99464
99468
99468
99468
99469
99469
99469
99470
99471
99473
99475
99475
99475
99476
99476
99478
99479
99480
99481
99482
99482
99483
99483
99485
99487
99487
99487
99487
99488
99489
99491
99492
99493
99493
99495
99495
99495
99496
99496
99497
99498
99499
99501
99501
99501
99502
99502
99504
99504
99505
99505
99508
99510
99510
99510
99510
99512
99513
99515
99515
99516
99517
99519
99519
99520
99520
99520
99522
99523
99526
99527
99527
99528
99529
99533
99533
99535
99535
99537
99538
99540
99542
99543
99544
99546
99549
99554
99554
99556
99557
99560
99562
99563
99564
99566
99567
99568
99568
99570
99570
99571
99572
99572
99572
99573
99573
99574
99574
99576
99578
99579
99579
99581
99581
99582
99582
99583
99584
99585
99585
99585
99586
99586
99586
99587
99587
99587
99588
99589
99591
99593
99593
99594
99594
99597
99597
99598
99602
99602
99604
99604
99608
99608
99610
99610
99614
99614
99615
99616
99617
99620
99620
99621
99621
99621
99624
99624
99625
99626
99627
99627
99628
99628
99629
99629
99630
99631
99633
99634
99636
99637
99638
99638
99640
99640
99641
99641
99642
99643
99645
99646
99646
99648
99650
99650
99651
99652
99652
99654
99658
99659
99662
99662
99663
99663
99664
99664
99666
99666
99666
99667
99668
99673
99673
99673
99676
99676
99676
99679
99680
99680
99681
99685
99686
99687
99688
99688
99688
99689
99690
99691
99691
99692
99693
99694
99694
99695
99695
99695
99696
99697
99697
99698
99698
99698
99699
99699
99700
99701
99701
99703
99705
99706
99706
99707
99709
99712
99713
99713
99713
99714
99715
99717
99718
99718
99723
99723
99724
99724
99725
99726
99726
99726
99733
99735
99735
99738
99738
99738
99741
99741
99743
99750
99750
99751
99751
99751
99751
99753
99754
99755
99755
99755
99756
99757
99757
99759
99760
99760
99762
99762
99762
99762
99763
99766
99767
99769
99770
99771
99771
99772
99772
99774
99774
99774
99777
99777
99777
99779
99782
99783
99783
99786
99787
99788
99789
99791
99792
99792
99793
99793
99793
99794
99795
99795
99796
99796
99797
99802
99804
99804
99805
99807
99807
99808
99808
99810
99810
99811
99811
99812
99812
99813
99813
99814
99815
99816
99816
99818
99818
99819
99819
99822
99823
99824
99825
99825
99825
99826
99826
99827
99827
99828
99828
99830
99831
99832
99833
99833
99833
99836
99838
99838
99839
99840
99840
99841
99842
99842
99843
99844
99846
99847
99848
99848
99849
99851
99851
99852
99853
99853
99855
99855
99855
99856
99856
99859
99861
99862
99862
99865
99866
99866
99867
99868
99868
99869
99871
99872
99872
99873
99873
99873
99874
99876
99877
99878
99880
99880
99882
99883
99884
99885
99887
99888
99891
99892
99893
99893
99895
99895
99895
99897
99899
99904
99904
99904
99906
99907
99914
99914
99916
99917
99919
99920
99921
99921
99923
99925
99927
99929
99929
99931
99931
99932
99933
99933
99933
99933
99933
99933
99934
99934
99935
99935
99936
99937
99944
99944
99947
99948
99948
99949
99951
99951
99951
99951
99953
99953
99953
99955
99956
99956
99958
99960
99961
99961
99962
99963
99963
99965
99965
99967
99970
99974
99976
99977
99977
99978
99980
99981
99982
99982
99983
99983
99984
99984
99986
99987
99988
99991
99991
99993
99994
99996
99997
99998
99998
99999
