20150
10149
54106
60673
93560
87128
24881
36475
87118
60385
12539
34028
49377
81477
22899
72371
35737
57797
21306
61748
94590
41428
7337
40790
23500
14501
77071
2918
46427
50485
69109
82929
76987
23216
43602
70547
26696
68484
23374
30166
45221
35914
64194
94599
17391
3446
83322
69481
77595
4628
31229
72185
62408
38567
12976
85908
69420
6399
88826
15847
56884
74288
15129
33871
13856
58731
20770
40552
43567
60497
70719
5141
96411
51265
99740
30154
71063
83062
99635
48658
4042
47217
20844
66451
2136
50172
68711
71556
56571
73890
3755
29807
64530
18884
80031
78386
93968
17153
35290
53887
77650
22361
59028
74061
89979
75120
4216
61042
74534
20203
9701
78577
83772
46897
61380
85908
13421
46443
73816
69992
20333
93924
16151
84863
12808
12534
79601
23128
29688
14892
77016
23690
37253
52396
97752
27232
27517
18320
88275
2051
54875
14328
96980
38648
77577
74712
40908
90998
21156
31077
77342
41489
25001
93493
42705
54161
6028
22306
77290
52068
53550
70658
75758
90804
39406
89862
18036
66923
8182
22663
85327
79410
53343
98659
34410
30920
73372
91670
38270
94528
22747
15612
52369
64100
9106
95074
18262
31486
33733
11904
83554
87283
98914
59312
94439
38320
49175
28828
21596
73709
67843
23275
53119
21187
21934
3881
68459
95306
95552
6730
89834
34651
22342
42204
98752
47800
53630
17014
79286
3715
45270
62840
7351
44184
22153
1790
98856
87680
30618
20452
61389
14814
43727
30861
36001
82014
34742
4460
77320
30294
27542
67155
81298
49885
25711
80050
97685
95693
13416
76972
99409
58686
56164
6760
19222
94669
24902
18078
82349
71873
54883
60091
86687
14962
90952
39040
96976
42046
43500
74297
88693
87395
57804
69991
37280
83515
50041
51317
79208
63457
44641
94969
38495
806
18081
57717
95475
42984
92147
94177
31209
63382
70620
17896
78345
61572
56936
91673
19970
16788
65970
8663
4183
40126
78654
57815
39993
45047
9133
19202
24856
53774
30523
63351
70932
48605
37420
82760
7941
45920
76937
55502
9302
47557
73398
3999
25481
46686
95673
61803
79826
77995
70467
362
34474
65473
58177
74467
10521
83662
93669
35377
53789
40545
15081
24721
5502
68853
7481
29795
31125
770
85297
56780
48327
75047
60779
90160
21733
72804
51964
17911
67152
38783
18273
1626
4256
92803
76093
31129
76465
86115
82859
30254
26660
97940
54976
48514
83145
78809
78309
14271
79580
63606
71051
44259
38653
48182
34420
76738
20987
2736
94649
4491
41519
12923
6117
62127
5726
98562
93257
98543
84677
76116
28798
27689
90408
126
76203
89905
95287
54512
20528
74867
18118
91579
19127
56771
56114
69899
49861
93453
88987
44511
97944
46858
73786
20413
8985
95864
18975
18594
94407
3653
94710
39557
47694
1470
56035
23898
91376
51323
78410
11904
26190
12881
19836
61669
86004
75950
31568
35866
85755
36907
96729
83699
83765
70515
4112
92751
66379
39439
27697
60786
43092
22408
16696
90787
40230
72731
31037
47958
40406
25799
76215
66597
38680
12403
44618
41037
4705
92539
93255
90460
29446
89984
74159
13212
60499
94623
22315
26878
34062
50012
4016
93507
88772
20712
646
45355
9796
31683
93313
50202
57482
85880
33151
12515
98283
77770
69904
2988
70309
63159
93448
99755
53143
83959
29319
13642
94934
67986
56872
28997
17999
60888
22504
23123
97953
23150
68478
24101
71185
61792
74303
45019
64024
23807
57534
62308
1577
27438
81648
88238
90597
91449
4345
60092
91760
33665
73734
86695
1651
30606
15692
36002
7847
54548
59126
5800
94050
27604
29901
65235
5748
20556
26606
69773
44363
84141
48433
62292
27931
30081
66882
34881
37882
71228
94973
29643
21245
85060
16338
39248
15666
48382
91603
23513
2930
50729
45665
96980
94685
91918
78567
16786
12475
5173
86559
73190
5666
34992
51835
49950
81425
35069
84831
19308
6297
96156
65303
43894
81216
81641
99495
13235
30023
91098
53100
32953
58179
98766
46285
52864
90684
41204
69650
19511
62729
72561
9054
68396
23905
77241
18346
21683
12310
19529
40991
34960
15685
6294
95206
13254
4287
94701
26489
34310
85799
95941
83615
43978
94707
46252
13195
1744
87456
99197
37607
50185
71759
63013
18581
12016
40254
53279
33699
68917
72808
74690
3877
4846
97336
99083
34452
17975
10137
60941
52285
95936
56882
52252
56267
67942
98504
85814
86038
85960
85011
23645
52498
73122
3011
87431
85139
59617
40711
18838
28534
29871
9881
48763
51069
23569
64199
85521
41545
74336
62814
10182
86624
19697
62435
59243
3991
60939
45057
90029
63252
46421
30026
15750
35895
49389
3181
37386
9007
60244
72577
37541
90116
98810
2657
41185
22379
66856
43059
80276
57544
5873
6811
60520
41922
69246
19764
45913
46537
81173
52294
9789
43946
98673
25539
96194
48062
45073
33580
57069
5317
6157
10963
11785
4967
29972
52971
43699
13180
96030
40327
70724
18255
47138
31244
60178
16384
67360
6091
62922
48534
74738
89063
8832
73411
30955
5026
37825
76028
38607
94895
81345
61116
22210
93131
82436
52182
62454
26135
65362
74836
66462
52438
93091
29953
34
53269
46337
67395
75713
25611
32281
66803
31027
41113
40214
61982
62492
78039
38010
17451
89286
35707
78567
27848
45190
61003
80030
23996
3490
61744
15184
86305
30534
8276
16258
30569
77897
78947
97964
69962
20911
46597
36765
51938
4062
93331
13920
66554
71371
68282
84005
77009
20341
78925
4858
81884
39928
1240
5880
59771
79337
37417
46076
9871
62045
78686
40440
39942
73985
54756
26257
94896
1353
63022
46834
5416
56354
77106
88322
44077
45388
88680
37438
65730
67605
58648
63966
23885
76241
69846
83656
55578
23615
46084
81801
85660
41122
38594
25603
15108
93350
68212
10004
11056
31234
56839
32824
3940
50297
21146
64369
95686
9826
18160
77768
93783
76808
41734
17669
53049
27932
17677
24979
51548
63762
23133
37208
21236
61727
79163
36344
55077
47375
46349
82485
94962
19540
15309
15254
69837
52808
95976
81875
78986
14136
75995
72770
90944
17729
90439
60346
62014
24468
1677
29914
4582
24810
67122
25819
2889
62638
62163
74319
26365
24864
56804
37679
60756
88466
69286
30594
41274
65262
28821
20260
79398
4817
93030
86694
38898
99821
63392
912
40642
65070
30826
45224
6232
14301
71043
25474
93291
49559
99793
19656
90775
72949
73688
51532
61415
42974
98478
2689
8236
27299
22950
3986
32116
32332
90680
87367
48506
54073
4631
89148
35495
35458
34372
58079
66111
21768
99905
59402
87679
99698
95410
78454
72648
85450
29986
34063
28424
28464
53105
53012
55764
92407
56998
4232
24739
64031
7951
73245
34456
12583
78745
86303
64393
13118
60734
30504
51238
60640
6258
38917
76690
18020
17371
49338
19823
63710
99754
48247
92174
52859
17612
64290
45266
90962
84875
86357
71345
92826
75955
5801
21761
54700
8456
86154
84170
69191
16658
35408
29831
39268
90677
22873
73641
8049
72212
93464
88111
88318
58063
80285
57529
75675
60928
19147
82990
45803
5504
54335
54981
97811
76489
76743
52512
84945
79249
36682
70488
95908
88443
16671
51528
79120
39545
25169
3521
28109
34985
91632
16427
93049
88270
90308
85076
49198
9455
68066
11353
31311
38754
82686
29123
31595
75781
81635
32892
55031
34669
3381
67291
23112
20052
18819
18585
75949
60341
22106
4058
95326
30091
36837
88375
18361
27145
89804
83911
36600
57870
11616
84264
12976
94302
13387
44571
86436
11374
77464
41467
46043
97197
8758
85508
33601
43929
4093
9551
20622
42551
29961
32301
88994
66799
37028
23707
10296
26832
7618
46897
1055
35586
31161
14031
46241
60900
74955
32677
72274
68771
90496
34669
82320
15606
20177
15921
59535
40622
41824
96510
99526
71786
28811
88520
54937
65839
12228
65233
92672
36198
28482
10079
71785
75995
40462
18026
53247
15417
67055
25521
540
57551
60191
82860
73157
96720
15134
49044
37343
56958
45554
36869
45096
90717
41741
16385
56557
53969
97971
65581
90168
42805
75660
78305
35153
16122
96331
88400
47892
63386
13922
48432
37289
90465
47645
10446
3537
62779
59490
57232
36089
5045
10453
81186
12114
52195
13923
68671
22516
11894
50604
12684
54700
26264
90989
89853
58739
3672
78253
22983
83410
8527
71415
20699
15344
35412
47497
35234
98191
6988
92466
34281
28385
19272
31819
40499
71467
45742
25523
93983
73989
76127
23020
28689
18744
30361
34894
93835
34034
29499
16818
33796
54379
4585
70848
86075
39998
18345
21309
54541
25333
30128
5174
70070
49400
36993
26922
37219
99088
52445
31202
73077
28572
70574
18118
63668
936
69364
57503
51322
98863
74321
85118
53242
95259
55966
39318
35257
74312
76979
89798
15997
7107
11325
2420
56507
48318
29342
93726
63758
81787
41281
53187
26711
11855
71305
6732
29143
57021
64235
80465
55885
54909
81936
25479
50168
54254
81149
1777
44918
58129
7927
60916
65236
19252
79688
38096
83923
9030
48174
64033
7169
5807
17221
50232
34015
4878
56964
63158
61900
37552
59976
34137
92461
41912
59616
58981
96166
40766
77110
41085
98895
85037
18353
80483
20642
14393
18579
20917
23423
83106
84950
46944
88913
2171
97176
22928
23402
54141
86087
85302
91693
46063
35791
506
4327
95407
75839
16845
36173
52949
74282
51420
54338
8987
48256
74980
23380
66835
95897
63155
66293
97200
10099
55207
15723
7276
78135
39125
77769
80574
40779
85814
42989
76570
2672
47316
71978
94863
64162
24503
47812
38444
92276
18502
47432
40532
93483
87164
23719
5732
50320
90013
19284
60419
61572
35008
84047
39707
74133
78168
20282
31265
80334
63271
7835
83006
26940
96165
77869
91102
37021
42033
45898
29297
60536
9682
86181
70371
13199
9900
92455
63519
16265
11740
40290
77837
63100
24338
17545
37233
18858
54179
84850
99193
33802
92686
98551
60742
5203
76421
68196
42224
34806
30447
87873
95342
56481
74054
82065
69680
307
74521
33199
16572
2613
73490
10762
65713
14180
28307
19298
33038
98838
4149
48583
32640
13187
47135
9735
34742
39908
94283
76967
74714
24730
81192
86409
81212
71599
84826
67244
71906
75699
444
4830
78312
90286
15592
60377
20818
60251
79676
70208
59089
177
18792
8082
13364
65927
34169
48106
22187
28452
41425
13253
53183
38970
99662
50747
10569
841
17991
82475
76540
34787
3657
54853
25073
19250
15230
62243
79501
11258
32452
54943
11435
51244
79377
24799
33523
13546
89258
55710
41998
47035
85315
11533
86005
84978
62280
96574
2171
96624
95401
78711
31411
99059
33564
72837
18309
65147
35080
14162
76405
67532
69105
87841
35128
48482
28992
68651
78380
18250
40713
20379
65286
26029
31912
51291
27359
10545
64218
29530
7169
59619
8241
54932
58678
58158
27769
93339
23305
79202
7502
16062
46734
92959
3903
81863
57794
32896
66866
36174
67498
23932
56553
32784
49961
4818
428
93672
31715
64646
39554
38884
40617
64147
10168
15648
22305
54290
8987
61962
33492
32841
78025
96578
25801
98280
94793
83595
31176
61660
19769
98675
1944
92675
47811
68257
13845
48239
61929
45560
29237
17835
796
86207
81982
10964
1855
20640
65254
27194
82602
15098
76388
76979
11677
18541
75260
6470
2136
22788
84482
38257
21463
86426
47284
85627
54683
61129
50218
32964
6689
79456
50799
7485
82015
32782
34802
222
53422
56
27416
52376
15155
20156
29356
43184
38697
20968
49654
57185
43756
34137
95443
81572
36915
59079
67199
91599
20209
17417
24563
43250
13225
75363
67088
95240
24497
1890
95462
77919
18298
39231
46647
49805
59387
76003
92989
98085
96971
58996
55270
57080
9485
67065
38652
46400
26145
5851
54351
62706
23268
78915
22308
52846
70630
89396
48086
11479
91286
59901
5750
25937
99132
52397
75742
58519
44753
85084
72956
58076
44080
44579
15156
53565
11644
53808
99965
54141
76011
70669
33199
15632
65936
55508
68478
36566
44904
16564
64397
52543
76465
70147
94832
91949
22544
70574
50469
67297
55658
39777
25374
16090
84356
56882
69655
96001
10691
85973
66494
86702
56642
99694
2334
22578
71554
87164
75496
16458
3729
39893
85353
96546
10040
80185
88496
48936
67112
55317
16234
39122
95094
57960
55213
79451
14842
24868
91804
41885
27193
58298
44940
83835
74344
63626
6413
45898
50791
98261
78709
54520
38154
80414
67418
64546
76952
55914
13483
44064
11231
46069
99538
22678
4029
54751
2129
35223
95972
10285
77109
23165
84935
22049
23353
59280
85675
46118
5178
36466
44380
239
7338
98886
80654
74757
63433
57606
47023
93268
1670
58255
39337
17560
97285
59718
72312
99414
94941
84636
26051
72050
24153
10986
10451
63858
70266
96127
9977
91797
32593
54357
92036
56284
69595
72690
31041
33028
46648
94416
42648
64670
69023
81985
82231
66308
41703
70895
82074
52997
71883
8125
41399
96036
19112
51851
59895
5730
47978
86224
97527
96923
56933
5916
53207
26528
94958
600
59557
41607
95017
2205
6277
64040
543
4860
30349
58598
75755
12423
11595
47638
36901
52995
60027
56013
4846
36274
61743
69176
22498
75623
66099
79431
81539
35659
5959
76497
36259
81868
18104
47628
426
40734
28021
969
45594
58370
75919
37702
87145
87515
85340
24046
56862
61719
96411
78060
97993
74507
47236
36843
50130
13335
16274
31669
65346
22234
8166
17958
20454
42623
65586
20880
99709
93607
38201
45303
68329
14121
99357
71827
17988
84698
95873
91202
62769
8637
69262
77115
83144
16498
13958
33274
46185
30233
64943
11532
68819
89461
29490
5625
48436
95076
26506
48145
5036
81059
9801
73365
11532
9158
45192
45872
10208
57418
37074
72978
82407
6336
50093
65551
39186
64051
98825
85372
10636
80120
13256
79455
85933
42746
1433
34370
54174
44291
82515
75562
25350
92316
48928
53235
1475
10472
99107
11683
84242
52534
1013
66649
75222
51106
32200
14409
31510
47377
16133
42146
43849
29389
37954
29783
88487
39387
64153
59013
83678
63020
34576
25380
55337
99856
94967
73164
10328
94075
1199
94571
62961
2213
77572
38183
53319
9773
68944
1181
73502
85077
43328
17352
30818
97634
63487
19305
53373
27640
78319
53403
7012
12895
78783
62349
12751
73751
51865
39431
84178
53065
50354
63491
55278
27927
18026
24949
54052
86971
26131
43906
88400
85811
77610
19219
99797
41097
54876
53170
85089
33195
6573
92102
62442
1708
70803
91545
75459
22669
47329
75989
75734
97683
39480
47364
41962
57507
72313
12366
60830
14796
56273
49230
607
33883
84801
16756
91333
56030
69926
76422
5577
76499
68524
68020
94560
39328
75917
70019
78349
23246
62361
70435
37282
1841
17799
95596
75700
6464
7963
36530
37613
80588
2113
54572
30823
3266
71329
22156
59296
41255
98579
64874
34107
83455
49246
28667
22783
25163
15038
17484
64762
77399
87919
2044
95593
22070
13992
87645
28535
21955
24176
66148
18895
42641
20720
49719
62259
8401
88227
21556
49657
86806
2782
116
70262
52028
28783
9397
93543
43821
43234
58305
37573
31153
76701
33166
53224
90694
20811
98111
29001
61339
80611
47897
20332
17683
13968
82592
26085
2195
20500
75742
5354
23282
75858
91968
75310
20993
17717
68853
81166
60951
43511
18739
92105
20212
68257
61681
27258
5421
76144
56260
83112
56755
20509
3445
74438
34477
2389
523
53024
22889
92617
58378
46171
84827
50346
37833
5820
68064
23038
3339
29015
66549
22078
37472
86762
6688
15505
14020
28461
91649
86632
11573
64756
7141
31370
39195
57970
33759
56070
10995
73000
48688
85725
35523
49867
36072
73356
72040
4136
96395
75379
49503
79296
13809
3328
82410
20497
18833
12783
65310
26835
99415
76884
91591
22909
24606
47138
97231
58366
3209
24578
47718
68249
10304
83242
18116
46376
72950
90156
66864
85697
81887
16367
64994
95697
36047
47404
32546
71233
76539
97857
98068
75955
91093
6011
15216
15699
53150
12447
90417
56359
37026
54488
40960
63682
37730
75428
10058
27032
81937
76922
29082
63824
9641
10428
75873
62041
74184
24772
33274
50724
22629
31342
26679
30074
37353
58247
62125
6855
70694
52543
79566
24072
7031
20526
87754
61113
95955
14164
4497
94244
7438
33579
58068
33432
44007
50294
95473
18192
75066
28747
68916
97695
76441
11947
44121
13794
86546
6246
20650
73592
75141
16568
97665
82172
37095
1771
59637
49402
32288
64135
43646
39726
97714
18066
89510
58074
68360
84983
92618
43426
30082
77886
57473
6523
6185
1594
36670
92731
7841
73672
66323
82982
90240
63988
81507
27335
82112
41144
76737
30752
21631
36735
70478
35698
54802
59989
93772
23162
61324
2742
66589
91407
80628
24062
97930
86813
25657
34600
79544
49850
8272
45867
49184
14865
26208
47043
42200
24672
4540
35290
55424
26171
88377
42254
61869
43179
18595
71993
66342
79920
74735
49283
87679
71715
73345
85609
58528
15354
36562
54424
81556
61186
292
47093
76051
42852
94136
34604
67524
98676
86246
39300
24848
74623
81554
3069
17803
150
91415
497
96422
66150
49780
84101
54218
39477
69710
12746
71184
22624
67171
69092
163
83815
16185
92566
26667
10322
27170
10543
8998
13416
49843
50198
88040
47749
69620
22195
47899
61035
22692
44321
27185
88824
28422
81403
44653
14485
10502
15837
53461
94025
1282
53624
77840
17467
46191
20859
44141
89713
47754
69492
3130
13949
19690
7522
61698
89310
46069
9598
50345
68761
70271
93883
73937
15046
91638
18590
45883
18492
50780
99344
12517
52062
69321
6709
85881
31864
43920
30023
21577
91674
99515
41059
21975
35557
64933
83674
24868
11002
9624
91565
96115
79895
1800
70052
11293
9791
4995
57176
28283
72127
72873
57153
40541
58546
63862
26422
90410
24135
72797
28339
32161
72312
69399
54137
24222
34332
37811
49090
45335
47435
57007
41450
43682
58808
27855
71328
68599
49202
44856
13234
21329
17729
70387
78222
76275
50602
4644
83037
74737
93794
11377
23250
82458
80776
77387
6680
31460
15198
72122
93147
78985
29130
34598
39020
4290
78805
10348
89241
28007
71556
18827
49336
89286
89215
27558
81913
56169
48554
81303
47258
58700
92680
70508
41159
89808
47896
47839
21268
79446
19962
14416
74784
65444
65366
30156
86086
44171
56856
75327
88530
28412
94154
54218
34050
99721
98128
15964
55890
63034
13619
19500
21735
6299
90009
62894
12459
54257
27085
50079
33703
63399
80847
24839
45195
46213
54995
31281
6736
11851
22960
95266
40264
33467
65836
74314
33188
63964
6630
5431
26999
20249
24931
48734
42900
31292
27980
71711
85549
55065
21791
35605
18465
2638
60444
63660
65204
31792
11294
71940
59995
34254
83559
259
67721
49395
90926
17262
13360
13908
39045
40359
50510
80328
5445
9762
11621
33425
81474
13522
88490
3265
49127
23307
22255
25924
3320
87459
74068
14614
59400
34063
48868
59311
50675
32942
8706
41601
50204
38418
71861
5601
95129
22371
85929
574
48486
97550
50351
29960
27425
55194
49577
76552
78501
71832
18828
98173
59292
92896
12787
35044
43312
78008
94355
93987
10950
19413
51940
77506
74184
23801
99459
85665
62525
85388
2592
11011
99291
52943
57323
26716
8137
6900
19620
2991
95084
38449
1164
70728
47697
13952
5772
91009
8312
16479
1348
35614
52245
53288
29472
42781
77090
28931
28446
39615
14319
31038
66978
13610
334
24301
56678
24823
47553
76299
27814
42637
31100
45331
13366
95149
59283
35490
2511
83947
68322
3859
19561
20567
57148
49033
79700
34238
77964
8146
90205
8635
55537
73535
38598
55871
97836
95276
80694
61741
87927
24861
20730
35379
70192
50448
30529
45827
85939
49392
29774
70613
53251
65687
7532
10399
14720
87232
60989
9036
11730
67546
34023
67267
41081
72621
39490
55269
84250
20185
17010
72177
61398
54093
7557
31590
4541
54438
77417
90480
3830
23543
77445
73433
89230
84977
83833
20302
72209
61174
45690
83940
28721
79713
67559
86154
68687
7050
41424
52937
43587
74786
41466
4985
28879
65375
52927
49773
19813
46696
56605
39995
70239
34051
13429
75821
19028
13614
12475
7590
91140
74517
91530
36213
54230
59089
22368
39269
66139
80144
92206
26078
71282
33673
31063
16514
99048
342
66287
35214
47038
22892
75209
33629
73295
4990
9450
92324
34956
38277
99914
42449
12794
7796
78662
83377
66885
17382
22646
49377
97526
31205
91807
85161
64878
22871
1675
80278
23213
84314
15492
86604
23558
7054
20233
96854
28396
46036
5530
79705
84313
5444
22154
13460
29592
816
13189
12829
18199
52187
78558
32077
99744
70366
17238
64622
9589
35265
61253
49154
35931
93097
35758
59490
151
55992
72696
44900
18380
78226
24605
19045
22
46759
48857
29614
63927
62046
42443
98478
30586
21002
30556
30330
7720
64146
11305
17309
15764
88910
66463
51695
82007
18574
11185
98511
74566
83881
43411
9298
78459
84368
28343
78481
47479
77201
24447
11406
55599
66891
9885
86185
4245
56793
32868
11965
37291
60525
29274
53055
49435
12089
4751
31442
30663
15936
29953
21581
16170
89716
30879
10981
74084
59223
89463
21563
52776
13910
32970
8375
97153
59207
10913
1398
32352
43781
29715
69643
20658
58989
22699
70093
87431
27450
17887
18094
59738
64193
39676
92260
53909
86907
3242
27994
46130
9057
65909
98906
39319
15231
23634
36473
74438
34547
54223
23142
94680
83939
92786
15338
59280
31837
1783
46711
75639
36022
81158
35377
215
37186
43990
70477
24093
63584
14823
86576
72641
80732
1834
11960
95964
25468
48433
86754
60015
19009
9897
71047
2948
19035
2737
78580
50872
4520
25292
26511
56895
22802
78240
73462
59988
38582
43939
84081
2166
58762
87009
74807
55847
88844
3120
51811
14312
51553
38565
90680
86914
64814
61727
89862
83849
64465
68443
34721
85337
10087
77584
42232
32889
72177
15695
9229
10759
75986
9662
12926
51101
96672
87733
6948
85516
7205
58759
16180
75111
13676
23212
62025
78491
84940
51888
62340
65757
36683
13414
67446
63122
7350
26031
12363
79527
41726
21592
90287
34064
31254
3213
85165
27926
7298
92113
29794
14504
67224
62327
89615
80901
85539
67992
59392
70479
19880
38084
52588
72915
51498
20035
52389
75201
46066
64752
54728
4144
2696
61367
38208
33951
64580
39726
78229
88231
31839
24376
19087
99064
86703
25054
79965
72242
93046
55709
59074
29279
93793
28014
18546
61644
48049
70936
36845
10467
52040
7925
30963
54737
69293
85524
5040
50225
25250
83269
38456
57089
23997
73895
72505
10700
15301
68822
99295
8348
40883
58369
53979
34677
86383
72525
12673
50785
59813
65870
77604
11854
73795
8568
82943
43088
94092
87983
93314
35694
87604
48122
9135
11602
22018
81641
38654
37319
66815
37949
62019
7699
12670
15998
58728
15406
4876
71401
82543
81041
37271
60147
92895
11066
85067
75838
70507
79159
80173
63821
14853
67778
11943
40341
79380
50313
21982
34386
3985
88797
72336
82356
12848
1358
14707
71576
33116
19583
42977
15659
624
96600
92159
9872
24019
77226
2062
94526
72738
82236
74699
3943
50014
2994
44284
45746
53308
66266
80132
73645
71416
68820
56001
616
86531
70708
72193
19647
6643
31522
35307
23620
28123
43818
33492
52142
21044
51906
63020
93782
34142
37719
97726
84156
40713
58362
46254
10373
40981
26387
84018
28749
11559
56372
29365
98090
43432
1558
17738
50076
33081
69397
90048
77556
13215
23540
29698
34259
75446
9070
44394
25941
46789
58472
26449
87502
16834
72704
14228
57815
99091
14598
2916
27002
70970
32282
25093
30755
33840
42831
97183
83273
28580
87231
60829
41795
10771
6879
92406
2569
15949
53152
28510
79090
11624
54960
66593
44811
44016
97173
18978
43107
11771
21895
70109
99094
54177
11554
29849
4369
70737
43384
3995
99317
30615
64824
57464
57738
88056
49871
60307
20357
3023
5170
99448
31000
76482
82393
75811
20498
79566
94789
79957
7689
33036
66418
6783
87213
77973
52984
91583
48710
96368
95578
64380
43335
76754
21844
1073
81162
71715
77733
1520
91091
82903
17320
38443
75737
99713
30606
96235
95631
41747
92544
3320
74784
58962
26456
61997
53287
95792
69932
1998
8513
81862
66378
68200
74969
4574
69274
72483
76290
47007
74003
83733
46262
7675
38528
21999
7388
69134
34586
19371
10881
27130
39044
85665
2444
81852
64015
55732
77644
50299
74082
2509
32162
56812
70710
23483
61386
56336
95966
54028
3343
86322
54113
65957
93997
92641
4308
17738
61775
38894
53461
89009
82376
92505
74674
84820
74357
55041
56904
68354
5341
30986
87215
53855
87798
74277
77338
49185
30613
89656
19565
50308
92330
73679
16265
86328
66320
20573
20418
44448
75819
73879
33457
58195
66385
24483
59368
57094
79525
16272
41800
1218
47259
29016
55073
51409
3293
48763
594
33907
54771
20160
84215
47102
93839
16833
49782
76511
37406
70200
20959
13226
60431
54416
87773
26816
95252
47141
263
74777
63414
42063
75995
27025
87431
47420
78434
90725
12535
79029
40984
67306
15541
41551
14408
25732
58384
64190
18595
12143
50742
39555
25369
11174
10323
13142
54342
5575
76636
54605
96704
40050
13021
89051
67075
452
36471
45509
7529
49006
40890
48513
32665
72783
90065
47073
14867
64801
27616
33463
76944
94710
89370
18665
5884
99693
48160
60227
21621
24796
31184
18325
81198
60557
7377
48273
61010
60200
10134
68539
25559
67377
33405
58224
40160
39822
21649
71380
20975
65617
21195
97920
60328
10565
16585
66212
26610
64745
42791
48231
89541
73976
82909
87091
34533
6638
35364
11895
83190
61851
96787
8749
29228
46544
83325
85740
86366
4975
57120
7341
70592
78315
21613
30920
5232
38199
13485
31843
19296
56276
96426
25190
46604
95687
12281
97490
18677
63998
25737
1868
25849
22524
26969
71429
69068
10295
57169
71786
15270
30642
95480
2214
25309
17093
49487
30542
71644
62972
78737
7293
35600
91515
32483
98557
87203
61116
12399
5880
25114
38136
24100
50963
77013
51070
22392
62433
61365
95914
50572
92987
26556
62404
95201
68217
95849
61040
98759
67494
40364
93848
74787
75965
85364
23622
90874
88919
84738
19625
11151
26205
57761
35252
93520
51126
2674
32265
29912
64039
28179
80484
73378
71087
42888
84931
39304
38737
45972
54416
22583
86336
64616
13722
78653
49980
53696
85879
55251
38435
5504
66403
80992
79618
1655
74512
30744
4329
6777
60656
84720
51308
57492
74450
22395
380
59381
78052
55470
21705
48820
94405
24394
13436
8128
19399
79769
61824
5279
35020
16611
10783
17775
97603
6753
19430
72116
37498
40111
95245
14506
41183
46554
71999
15633
68949
88731
91367
63353
60553
29424
28525
54959
53818
58314
79439
73218
54435
41263
94849
5807
74227
21984
23583
71830
28738
59365
60298
82588
99477
71896
97094
40660
18450
85445
72646
3751
90529
80365
67105
67434
9789
11982
22393
63608
70296
1832
53178
24731
59448
48027
30539
33675
70011
54122
21857
15101
13487
98508
97689
29316
70404
11136
86329
88854
96581
58975
8957
3462
55692
76062
70897
65481
88045
9642
29089
74693
27827
98619
99425
87275
46646
46316
37302
33010
438
75511
64463
30277
74019
62153
59594
60775
73289
62275
65981
86222
37602
74939
6037
93294
51001
76934
58775
55398
2928
87865
46444
30755
2836
45869
34382
49483
92185
88036
98845
8975
63548
63308
39252
53919
41813
15198
31047
31454
77473
97028
34029
15075
71967
40066
8369
39321
33352
67145
11071
52632
71362
57515
83388
74198
19736
34122
40033
28273
38511
55230
37248
18411
34891
92853
72330
76704
24403
19729
24511
1877
16758
58540
33304
88725
14958
58026
28046
64662
41523
39118
17294
29237
96633
17034
3435
16370
67509
59821
44643
6020
15051
98244
24431
66294
91097
13113
59351
31852
32843
83862
33729
65953
58754
83386
54678
90064
57764
82725
54726
99287
21843
88372
28524
34828
21759
48311
67550
89268
24484
28546
11640
55888
26790
52423
22182
34239
81888
81533
66091
31083
81747
16173
97036
56853
15911
51715
46917
73675
34440
17995
89314
72635
6368
17838
23815
28127
82501
91366
33747
6986
19912
45387
79226
63054
97810
1408
13645
79698
99294
79736
10782
81041
12261
24170
37895
28172
75885
1164
18199
10325
19160
7513
99312
41880
41703
23128
86359
24205
30846
20106
47543
67110
81845
26769
30164
96007
44529
43809
92057
43823
39897
19191
41217
52159
43362
95464
96683
19247
96628
14883
45925
32140
38748
61589
74020
80452
84717
76731
21009
15563
13189
84904
82673
95034
11673
29189
7393
72554
89350
99451
16378
29248
18642
57595
97759
78356
69411
94442
97604
66039
25677
59881
14532
64426
21470
4904
61230
6188
81636
98591
38103
94825
83495
37129
6212
95168
82670
13605
84074
72021
29408
452
1269
64403
74399
99028
42759
43810
9822
56715
26202
51852
16596
57086
32630
38067
61990
93860
60607
43626
92451
15062
54804
92298
68543
77368
3818
51214
7325
87892
23235
36734
88345
40856
1137
79096
56236
60248
39259
66058
16964
81813
34262
33560
38899
66892
71627
889
77104
48586
60868
85907
63649
15672
78205
32192
9392
82023
83406
16717
69916
22993
53451
74613
63849
70940
70061
20085
31189
9320
2496
48153
91133
36758
98065
46384
20003
69693
63626
97107
34631
24494
99367
98280
56518
77572
46825
65910
75948
30231
82627
45864
69577
52431
36829
33426
23371
6890
69864
70912
32563
72360
35417
40048
25470
33483
86433
45473
19528
50059
58933
54159
74553
58300
68792
47423
52224
15617
13333
28172
62200
12312
90388
31777
81095
43569
81556
20819
50460
51420
91731
83023
40132
43501
23071
65602
76984
25856
27428
12864
75915
2713
67023
66820
77365
52167
14243
29589
67784
43928
74114
46337
72593
80854
94466
53688
24424
76022
74507
91236
27442
82591
90611
83926
26092
30034
65881
19428
55891
9661
32292
48158
12374
15667
14979
89739
67835
45574
35680
51971
89503
26146
98308
78448
7001
92775
32136
47777
68797
22996
55365
12592
5587
45976
12870
48031
76010
78751
67459
31901
88412
99751
80060
17138
15418
11391
6877
99605
56965
58910
51577
62820
1408
49885
41268
8409
59012
89757
72538
44162
12753
27903
73106
34692
73879
85976
82723
66242
64728
50182
98143
69492
66285
94555
86631
98055
5946
9860
97661
79264
85122
49238
42084
86531
15475
99705
11292
74488
89462
83831
18650
18567
28086
91756
53259
1966
77732
35982
84560
58812
2516
82703
44657
85153
93611
31288
83208
15909
57500
80869
95173
42623
30107
53610
29154
45583
69667
40446
36423
59129
40629
55073
77696
68716
46829
47307
87034
40913
99641
71594
16078
2157
70649
60735
87310
64260
8375
86870
96522
65875
67740
91695
8498
14199
61657
37652
59782
31324
94451
96205
6805
35080
67630
853
3796
30811
48160
90830
88077
64153
62424
4155
66310
33074
64890
69972
13686
89617
56843
10208
55492
24583
18256
80343
55134
79913
17995
31269
27590
28798
43826
50747
63879
11457
51601
84027
42268
16113
74858
30345
80267
53634
50852
62929
3060
15742
49254
16747
21711
6097
26955
77204
47032
61563
57547
2166
41477
91894
33435
85419
20693
77262
36166
924
5071
4119
1303
47339
36585
76161
94037
33204
46148
44889
12485
49208
76984
61739
82307
98695
84188
25615
92251
31220
87178
49798
49739
45007
58045
83174
46778
95090
76788
99297
12366
81859
3416
13669
45551
56353
89831
55940
5909
52331
17181
18395
17891
94165
80134
199
9213
64323
42166
1464
11895
29344
67615
61634
90704
42012
61161
37482
37102
54301
36779
49468
52513
56548
63137
14416
29253
69320
70356
35163
38003
87537
53558
55895
98055
50044
72446
23620
30719
14612
41436
58967
60308
25403
36953
67364
67415
98114
4847
20869
68768
57978
70337
21281
30878
49827
35697
60132
19147
22405
95295
73503
26294
65205
29398
24349
31601
18196
64321
78673
49160
5758
37640
25820
31161
74593
93185
14929
89060
14384
35798
57828
88714
6136
95461
19593
72315
47510
79725
7814
69915
91372
81317
96209
56577
27067
36911
4530
45263
17584
99555
94423
23342
37195
36596
70856
28141
29781
85785
33553
60517
37935
7733
49231
44071
3194
68824
32738
50704
48549
40553
36971
56273
21870
49532
29202
48938
2795
33733
10553
20380
33288
21329
60074
86836
57925
30930
31329
87706
33067
64882
48223
71003
72615
97454
31426
92161
82631
64165
59217
47532
21070
96188
3806
42940
62072
33008
8230
64868
83093
18784
1600
16382
40113
61674
19570
14390
8957
50899
2096
58376
15781
66671
29379
4748
80477
77158
96909
63108
57675
72478
10641
78745
68666
30799
38037
47090
63807
46268
11958
46901
65052
13558
79635
21517
91585
99205
35907
542
50104
54355
58918
82237
37378
4650
3337
34207
81808
16598
97316
55835
89076
24309
34580
74094
55108
72617
21184
35267
35237
33143
82168
16641
63053
61803
38158
54638
61008
90417
55180
27464
61124
30451
9701
98502
35101
29390
49062
33261
45988
46378
89096
35064
87039
40028
9158
58499
28997
30343
93766
64235
79838
75935
80876
42891
54090
35387
97530
15099
42156
69062
58915
3281
15865
84969
18135
50966
14359
67197
579
60348
29927
89675
95412
33318
46055
20923
91817
91405
51266
85584
55640
47456
77871
52868
90347
48313
88255
4229
79764
30412
89644
38680
33693
5509
23649
68180
56476
38008
35378
57055
14708
81657
63083
26473
14976
25490
47396
6793
16895
15014
8729
88887
62470
2952
41756
52817
51266
30011
73399
31030
76775
63043
86062
26820
84904
9711
95001
41380
64072
46731
14788
95132
28388
94223
21605
43364
36065
69001
50158
52961
367
75239
58200
62837
78192
99956
32007
45810
46320
21758
93192
23095
1153
79255
49916
86057
5318
44917
27438
69390
91648
58578
64523
36388
69153
2480
79753
5218
87834
46263
74531
88201
21502
32732
67391
16046
49040
15750
61856
95360
37508
55049
18456
38661
34304
68372
24718
39622
29641
68508
25365
37641
43438
6240
74029
12591
8720
53782
34162
96554
45
25045
1108
37900
74129
68499
53946
23170
84249
15803
18530
38109
87204
53338
76770
37860
38062
17840
93834
67703
86349
19199
21696
46139
41791
12078
58731
50512
65860
9245
63418
82258
34290
64526
20158
24772
33025
90456
47942
33626
22611
82824
71735
9815
36163
64857
47675
90577
82698
41510
74633
85399
77061
96329
31538
18853
8407
6621
85717
90620
15866
65487
89230
66509
30014
25740
91281
79391
16196
55575
13018
38808
54751
1105
64975
90914
82315
12651
81492
81365
70513
56125
66764
63926
68806
14654
99131
93566
21276
1200
84186
53494
66688
73416
36355
96702
15508
43988
92445
31704
15915
21815
86864
70667
39273
51840
77933
21588
80843
75777
2953
51356
48254
69717
31634
17061
723
47118
10627
21999
48318
11165
91846
31358
933
44553
28060
16441
88542
36858
48145
20809
58673
35010
91476
97946
86850
69410
19534
84045
45187
38839
35401
93442
8556
83387
26855
25632
30505
53834
63983
95176
64999
55829
26534
65932
16735
70947
82373
21629
7805
46870
42438
82830
98232
33915
80777
1434
19677
16663
85479
64864
55503
37232
74658
80411
20620
17865
6043
67477
71699
70027
79005
53050
42208
5540
18982
58943
92839
17707
80572
16996
80930
39363
99826
79162
73278
96955
80597
92955
29971
66076
74171
85474
19661
65182
82237
56633
99399
4633
24110
71099
91012
3116
24149
33220
25008
59484
8516
34199
77191
5440
51195
58121
44803
51021
53636
34433
64329
50585
43740
94300
33013
17912
79774
52674
99446
78363
9307
98845
82996
49770
86296
90360
52886
26798
23581
94246
86282
48449
28445
79825
53889
95992
54299
15045
47013
7935
49478
27694
58520
93219
21994
91533
27483
18120
60560
43281
96484
69867
58478
95832
19637
44775
86193
88875
87925
26126
99473
74207
74575
27918
54032
44816
40262
24683
76213
3628
32618
42044
31322
7490
35263
53317
15376
79098
71437
75936
22379
84273
45803
97209
80106
81793
58336
66299
70668
46261
8777
70142
20468
99704
14412
90853
60872
54675
15536
37086
58303
64507
79130
5977
88349
30745
59294
20077
9843
30732
96013
48574
15005
58169
45783
11463
39962
4120
94114
26982
50381
2891
13476
87202
2595
27889
94407
63468
98916
9943
16906
73571
90802
96036
79548
95504
43133
55195
15581
52976
85927
11595
17902
17284
86116
80037
28748
26078
509
22862
69412
67243
25754
82889
54445
44701
27130
65204
24521
42398
75147
41427
15969
82302
53815
11869
94158
96948
67064
9739
66276
69343
37686
530
86628
23802
96920
31728
66232
97429
54590
35645
64672
96696
18534
35469
57750
45664
673
82271
88062
92173
40051
20383
90827
10218
48604
84985
23519
15669
11076
6147
1364
48763
6678
4344
72565
3598
36072
38798
17379
7015
74443
98404
20063
92977
33873
77813
54993
50899
76437
43055
59424
16488
63438
66603
26706
12042
51588
50225
44063
62664
56373
61780
27779
79403
66124
345
99353
18549
55495
16732
41916
29938
15136
61979
39267
65362
56145
94260
32613
32582
53667
92037
65422
33457
74992
8480
45499
26580
58706
5915
5596
31431
67695
33376
27186
50171
50073
26539
85072
5568
59623
26988
51858
91112
5320
7477
56474
61465
18089
5439
10399
71756
13828
75821
5213
88820
653
67064
31752
59359
72979
53700
7142
57026
3428
50680
7198
53501
93571
92270
75421
53195
35611
27279
44307
40931
51108
17133
18748
69197
38924
29147
40953
52752
21320
62518
41572
21973
29583
89676
97685
18914
43376
21179
75941
46805
71860
99491
16658
65431
91761
92080
34978
27372
35711
79285
84655
86820
12770
3403
56017
51694
48902
13323
4446
70222
75841
62370
8548
5424
52046
22585
40691
11775
43764
16632
58580
15624
16123
75238
97408
24236
83670
32386
67961
19382
28024
52616
22554
57146
72372
78571
8841
21274
8246
29639
7849
84088
8362
16397
5864
76760
55334
46555
88535
99098
79539
63467
31075
95662
55058
28483
36251
38728
77221
4212
74462
5245
73180
97016
62392
45552
91940
87585
83179
186
17224
91028
626
41938
23777
6491
18699
79111
69398
7234
94561
48938
70702
25636
60952
25760
70471
97203
80840
47693
17767
55303
52938
7300
68671
31682
69204
60611
19267
68735
77150
52844
76115
77776
94782
99892
619
13481
95355
70018
37068
6269
18956
24122
31905
96260
49882
2377
9816
47074
66422
43935
2377
35712
51235
87401
67395
36792
64364
3014
5527
41514
72210
81643
35643
66993
97887
36262
96826
9595
6280
50246
15864
41588
74368
64121
37849
24250
82850
47665
87677
49272
91600
6406
84985
59188
93807
68732
95980
58172
71746
17859
16038
43957
99502
51681
27302
97390
87944
40480
6985
10576
90727
39201
52165
65095
3322
6366
5698
86173
54031
93375
35445
61983
99781
36782
37523
93589
5514
49855
68113
77261
67715
84151
37570
67217
52185
64872
80959
40129
5352
4296
50705
12431
43497
19222
77527
63172
25588
83225
49345
95971
92952
1142
57955
92733
37925
11830
2674
43439
61686
87139
37052
29401
71291
90974
12970
23476
72198
93930
79957
77551
98226
47014
6334
58076
66237
83861
21248
91825
83438
70593
87797
76390
88087
62104
69124
42364
90286
88150
85804
51972
75290
39208
97725
62933
30183
10696
2761
18733
4626
82718
12636
2852
46084
18971
60928
12321
2832
98528
20499
86271
69121
24648
79013
73561
3104
64489
15925
93390
52640
18081
61715
44282
73642
59440
7215
20177
70136
9976
38910
74762
9046
51547
93967
55130
70518
71247
83804
73350
69776
20655
75973
55249
61655
54987
28810
81111
19476
61088
74501
88468
79169
52568
32750
52811
12009
56317
72988
98497
66293
11899
89612
91691
63446
99931
63174
33964
71178
63330
23666
57306
337
15992
12556
61992
70979
57718
43103
6807
35158
33956
11628
14328
2877
60730
83491
31238
17048
56480
29735
99693
84731
19347
91385
64529
19278
70911
14845
6809
50593
54863
64115
50930
70855
93023
12922
58186
67094
72377
64994
2252
22685
92974
32932
25562
53704
16424
56800
70752
89256
2888
70446
73987
38587
78183
54868
74218
65446
69713
81027
16039
24576
61494
66969
95432
54518
96243
53618
37964
84972
34964
40216
7657
27938
73149
49572
97995
89573
22724
68747
95181
41964
55545
69168
80552
50080
40388
54770
15526
10101
52149
31565
51029
13643
98534
62813
84513
11129
32784
38829
96101
67748
79046
20111
12039
68547
86035
26386
74472
8759
95133
69653
50724
67031
55173
47628
17111
95561
2398
32638
22014
70899
64203
73043
894
79090
52209
1760
6571
84993
40589
2673
69093
19635
39136
97484
4534
25171
23870
79006
50282
19004
65011
17358
2387
20184
64986
19498
32097
83736
52136
54111
54635
32692
43507
55530
28134
95716
57290
34705
80709
14231
53730
49802
33867
92866
47287
54753
34389
71157
50112
1024
6513
15123
18382
8900
35308
99721
28399
83757
83457
96887
37869
54445
29579
97728
26327
74065
93444
99969
8771
90505
14200
62501
40307
64419
71720
3946
19173
6109
91456
69285
7133
97969
84408
41868
23222
36068
41589
67973
19826
25046
64860
74047
95843
10792
71775
22170
84857
81571
22139
9980
72076
36340
72482
28735
17111
60554
32682
36284
66663
24138
21921
90149
38459
22682
32017
61681
75102
73606
46006
11280
15004
27219
1679
10848
38011
73454
49370
39220
71377
71510
49201
43453
24202
38035
72189
41313
98589
21223
93950
81604
61713
32223
88105
172
54905
20122
78206
30008
10080
24212
57640
41437
51431
59320
68637
5794
49126
18007
61367
20504
89517
26920
80309
30071
64955
52498
87737
79896
90073
81687
77852
51786
13910
65958
68311
85168
2432
62869
31528
12513
3433
89168
70302
71217
48488
38939
77011
13967
56946
54730
34471
46464
81650
14780
92887
46605
83631
80624
42853
73704
62311
20706
41843
92574
86664
26506
77742
89096
89375
25622
17961
92808
14790
88263
64025
79631
27202
57389
93598
84149
12119
44421
46965
10122
59201
39852
73079
59184
20477
15933
32889
99140
52991
91084
8066
39655
17590
2160
45103
23317
27782
79417
16125
58925
67680
96503
38556
11235
70244
48506
11736
98715
92927
58701
8837
68480
14905
81917
27665
51734
14202
76906
67227
67193
67990
75293
23200
1932
77454
84655
25249
5236
64072
57726
80513
48105
70581
19069
59340
57177
83927
71076
55893
93206
46129
81082
61687
61034
79351
5704
29121
93553
82610
96348
77098
66952
87993
298
68884
65447
84954
10485
87036
65378
84563
83901
13483
55145
19323
72823
12322
3250
60251
84567
96457
6380
65650
74496
83767
45001
80200
29240
54907
79162
25588
32005
46114
29933
32304
31350
11733
33610
41835
15121
15340
42750
99022
28824
97895
18345
17999
26570
21596
78251
27489
34405
983
93139
25253
84750
54493
21805
13990
9400
967
55930
41405
47081
85864
90061
78431
97597
40023
36618
29070
55364
79368
28092
540
93616
46438
18539
36538
84386
96790
64027
18791
97774
73519
60396
98876
28012
82201
29219
53764
83168
85149
11521
46601
87365
17935
41384
1314
57958
78002
30384
29674
73722
58477
30214
83690
21267
48754
20228
5653
61896
608
40796
59670
74127
1192
74899
18491
99745
4118
88607
82913
5619
128
29514
92985
18063
87250
10651
76022
65252
57388
22048
55326
32217
52263
39017
53484
17369
75597
75489
79265
92557
16285
55288
66684
33829
30187
1527
33574
50657
90134
32839
56276
90263
78705
65613
24678
65955
76265
17052
47559
50005
39101
2885
82222
7716
58254
52058
25085
50204
27547
4350
42761
43832
75990
25798
94013
6177
43677
27587
56834
33812
60426
29463
40427
39131
95076
65105
5086
87693
98510
52645
37698
37611
71882
36272
45327
46489
88330
70412
96693
15877
91114
55806
76061
67105
97956
70074
89634
41634
97661
62821
91798
74439
92284
32225
13570
3712
13682
35008
91406
12192
4005
45456
66155
92240
81729
11482
38729
86411
98246
51774
2289
5713
7580
94702
89170
5537
64777
78804
63523
78790
57977
55321
69582
66613
3898
83152
70326
33932
34513
78084
46125
54870
39892
28632
47110
37973
56467
85839
24385
71065
37613
43026
76778
61546
37728
82300
83435
18857
77457
46958
97648
35434
2279
67230
2048
6177
66734
88726
40109
17599
66810
2586
72470
23054
47571
19580
61028
4038
5420
85413
75103
59385
28439
68234
37283
82519
50534
20718
1377
27991
67676
15377
79778
69955
82607
98178
92484
65693
86904
48946
83293
70066
67884
55763
93120
15455
91695
54148
19493
13467
55913
10949
72853
704
79183
26488
83224
46069
47207
953
90413
14883
16330
70191
1191
98937
68369
10027
80982
71625
58973
64275
41691
26858
36390
34811
58665
28086
5312
78159
57905
77577
5460
30758
78282
995
57247
77858
47064
20806
78811
37477
35689
95141
24020
53232
10430
92389
63260
7764
64014
38585
72040
22057
81795
24782
73221
40461
69220
78533
34972
27126
72462
40432
74236
50744
41427
47835
44954
4843
68641
23765
42321
20683
35258
66341
73915
62040
75083
53527
69805
55449
92113
58197
93859
73908
82979
67080
30721
68552
61965
65693
95678
34427
22477
69914
1524
80256
17750
46478
85100
2743
86596
43773
23426
38206
26466
13694
247
17901
67221
86404
73351
75686
44601
67210
65947
43932
50642
96668
12484
28959
78714
24514
63386
17543
94429
64910
14152
28531
27741
99252
31274
14337
59377
71053
52543
85843
84747
69142
3745
68320
55546
93448
60359
16499
77010
26306
60432
44004
39326
89268
72963
34392
13783
36349
51936
24564
17612
66088
53095
61705
81692
721
76042
41069
88126
44937
43264
89225
14080
63361
57546
85978
56809
17905
2478
50171
60563
79262
94175
99889
84882
67138
50634
98665
19840
18922
23229
53804
1362
92676
15509
83054
9750
7903
40475
97876
52840
91
87102
83272
63453
61000
69251
36614
95257
88081
3138
72172
83695
97313
88413
68577
80804
39047
83595
644
57969
23176
70800
59331
15853
86309
58737
41955
94212
15564
39831
63404
15656
43285
46677
95461
20637
32280
48427
32246
20361
51565
4418
20408
65231
92832
88985
46035
31879
72580
63031
6201
95757
50183
81884
27962
36492
56974
69917
47056
72538
26100
10460
4546
85738
57137
16359
6375
5769
64787
38622
26130
32704
59392
46538
97935
52224
51876
60322
456
24456
39705
6657
36565
89888
4893
64527
42732
61867
50796
89788
34406
76897
249
55304
62635
73738
71664
85362
79508
52803
40336
21990
85507
99729
84881
99795
51953
53109
76469
68761
77565
16175
75418
30483
22415
80312
11362
81500
42179
62159
71288
92937
55408
87889
48242
18043
77980
36258
19757
73840
89061
60094
95830
74568
76175
97063
90715
44480
50172
67185
13242
44090
83360
5012
74573
22127
1676
2287
3627
60208
64446
74916
53145
19854
79157
17739
54249
57137
53997
90359
30977
43058
66805
43160
33979
42980
56575
24694
3812
6748
91879
17054
67190
91591
22067
58115
13719
23743
60402
17346
83951
24849
8614
53449
61055
4124
87540
31657
77613
41538
22016
24943
948
88821
68103
51279
48153
24678
75974
51965
47778
84205
69020
14968
75797
7439
73083
5868
47534
33486
39566
47838
74687
64533
1287
52094
68657
88827
83751
46270
46717
5767
71213
64018
10940
55668
15297
59093
96699
91271
27411
44477
91829
12783
59446
83978
20222
48881
89846
84108
98719
29412
31946
73406
93945
49585
25501
78954
54765
25604
25225
17834
31372
12790
81852
58664
68459
97150
34110
65158
4773
61521
25987
96602
74304
1785
80580
10878
50667
86778
94986
49386
16191
43285
39145
26488
92870
80998
5443
63987
6602
47020
81822
54326
76162
63674
12991
44621
60824
47101
26131
65598
8622
52119
78552
99278
53904
75485
26508
20923
62263
21494
70310
78454
81131
25807
21295
90354
6805
43090
54341
13407
90110
52515
84086
66272
16190
97077
27246
93366
60530
53377
75316
69152
21848
53869
84782
75753
29354
11290
96676
91617
49136
83338
86424
30268
9145
24071
20622
32302
67161
91315
62062
73623
43831
46148
39895
76373
59577
83493
69739
20107
53223
61408
5611
75071
31629
90393
67176
77335
18035
80205
68952
67171
79895
71728
13791
5393
95799
50765
37695
79312
42081
99757
52935
2264
62257
9183
78637
21834
92676
64728
41941
45899
26136
47552
37323
57765
54297
4499
35100
72332
1056
20405
55856
80952
8485
69647
86345
20637
20413
40392
99949
78846
56502
52885
97462
18759
62068
76099
56946
71096
57179
15239
33348
83316
62792
70671
57433
33441
91522
8886
5774
92579
29291
61630
89883
54128
47629
76228
74765
84394
16620
91067
79592
89474
60304
77054
8234
38724
69505
81532
9820
26685
96771
43168
26353
75915
13839
138
9357
5362
9024
31483
14293
54667
9465
4176
25148
57094
96756
99913
57841
29728
7332
37433
19203
67636
30840
43789
6360
345
25321
32533
43382
22092
75701
86087
98008
5893
86226
23717
27607
11602
55200
41900
66270
64665
62428
91418
38111
59184
7683
95952
88912
15016
49738
8115
99004
80578
51904
5365
80923
93577
54250
40658
15670
29951
26745
30030
52196
29323
53747
79803
40926
25299
38055
23548
89964
16835
14966
44427
76019
39001
40380
81284
70369
90118
89399
69374
87048
57656
91091
84323
51233
45341
24981
83255
91644
68079
13285
60193
97402
83384
39996
38328
8683
94404
61876
14999
11239
93194
59427
3611
48548
16159
84895
18917
6277
74294
4643
9677
48302
12086
94000
99536
73779
18982
82791
81776
87061
96077
41969
815
95813
81965
39144
20849
92721
17372
35848
3961
10567
11627
7572
59115
27786
8819
94384
50415
83113
15380
60092
31416
27466
54093
47304
1246
89427
30095
83022
92840
42524
24991
93655
54690
23308
32799
75539
16030
50172
11387
36343
77091
39367
60267
52558
67153
69086
63294
33921
68551
78674
94013
16319
6141
64458
63623
23739
53885
10071
6761
46725
52595
48104
40381
7285
87764
89532
99176
20146
56056
26916
56489
33147
66283
33108
2057
49788
18546
65352
83709
3450
44026
77723
19769
66519
42181
99745
90258
12419
9816
13371
59144
78763
77827
15877
2401
65592
5410
1577
85738
61466
28493
58580
10966
11128
8040
13023
60917
42939
94727
44626
46389
55106
38701
82510
21625
97235
82255
28236
9654
8423
57959
85150
3539
35787
1028
5940
17731
6438
23869
19821
67904
68715
94753
95222
79843
19146
24598
40760
62085
19325
1739
24826
90783
40440
7336
28761
37675
5944
56997
63681
14367
31308
48832
17906
67095
49860
40198
1178
56298
64068
21000
40554
32783
32105
35777
28978
51251
60375
69739
29688
96052
71478
54514
86836
28270
61851
15597
65946
67795
88946
29627
98514
20254
78459
32773
3702
44671
89323
4880
969
69743
42232
57876
18878
90690
93653
47857
41941
70380
33948
71630
82784
5426
42496
69620
33696
4347
1569
15994
88494
90515
61974
3361
27122
56785
52486
30824
1457
41809
35704
18778
11553
94289
76654
30431
84979
86659
94640
43272
57039
28588
31254
39824
50366
73751
25796
84063
94450
43718
16409
99297
50585
94735
2658
77707
51521
55144
8531
52978
13305
60588
88108
41210
54877
64763
71642
39856
51422
66282
83128
24814
11223
14383
80990
61589
4486
23138
62004
98936
66856
78414
98233
17442
73149
17243
95149
41022
88739
20033
10352
2045
80621
98461
43255
35498
79576
31249
91706
30998
13884
91186
55812
25107
21921
53154
86696
26407
76293
48701
25344
43149
43467
39929
76943
32968
57173
88445
73991
45912
8478
695
64309
89099
99156
7565
40949
78732
55166
49007
26083
69050
40193
98247
10509
78467
51402
97206
4874
44047
62259
46570
3548
5726
2852
80492
55046
60025
85289
45389
22289
93767
46085
86599
99218
61593
94164
56519
56678
49330
5526
82761
34733
62071
97360
45242
40538
65114
58800
61765
9161
21059
24687
12710
43137
27539
9554
98184
3916
94843
43573
26206
88610
89658
12805
4180
67604
23321
60699
24282
89003
82577
23395
23736
61000
20755
85331
1539
85870
44131
79656
95031
65191
20695
24093
8328
64587
33647
22864
68503
28490
66438
11061
33452
72448
23866
37632
40052
63539
14683
80686
52543
13612
4081
76279
74613
41189
61610
92504
43411
22094
88512
54794
87285
9207
78888
11965
73794
12535
34830
58650
57378
17620
69711
90830
6420
93578
44815
62825
57117
75850
43511
26012
89463
63945
18644
80428
21486
96606
72932
64897
18700
77796
19691
22337
87003
98579
34303
77150
27467
85485
35800
84845
19457
5511
75675
25877
15441
36842
5054
88911
12693
64918
14923
18508
45215
33567
98936
66701
30174
88220
31598
48874
66016
67641
87564
69371
66221
21867
46521
10040
23704
82321
94885
43161
87833
86912
85390
19626
23755
6797
8537
36448
71715
23461
54956
16930
73380
70244
99983
19906
74816
31581
85133
57184
99222
72697
26555
81795
94564
73077
91835
34620
71750
86720
77781
75935
73633
79523
95562
13740
86320
4099
50188
74387
43912
21496
7669
17293
8092
7652
37199
82908
55585
22332
40092
54808
95029
82999
52955
5945
56076
61143
40565
44179
64215
34698
20114
54200
30574
15676
67940
16894
19776
18128
7634
80040
55976
15303
97333
64068
22956
50885
63328
94893
73217
3420
66053
84599
2772
19009
6896
58848
80152
47462
19379
60719
98512
39494
14920
29086
55170
82860
62333
91298
17341
69967
87691
73317
1622
85024
53738
40930
52261
33418
35824
41831
36839
1877
26430
55963
20886
49678
14811
17390
97140
50543
78110
12005
90037
93030
41091
61559
92242
3424
69210
9583
89743
56901
99253
91366
58277
69343
32296
10539
2761
68120
52370
55952
69998
95152
11915
7236
44830
43079
40979
58323
93622
19089
70328
83659
28471
11419
61570
20713
31196
30780
46649
37291
87681
45902
28657
62311
15245
77306
72850
18006
61778
25220
73959
48128
20372
2226
71717
65202
45305
12696
23525
38927
48137
10205
22586
76608
37977
84157
13673
69173
31289
76674
22816
18971
22576
67826
97634
54173
45132
70484
88532
23262
12056
78843
71391
32428
81069
43108
13982
26375
55804
53860
65302
3941
80417
4241
96901
18394
4750
26926
3919
36039
3601
26736
71362
42529
94562
68996
96703
39694
39480
1587
79308
67888
80430
50699
16668
77851
93807
47003
20578
65963
863
85881
86256
81280
6474
99509
16027
11224
26436
19946
63615
46389
46682
34978
88918
41244
20326
1973
97290
76159
3560
76599
44047
342
43650
60716
78194
37458
7719
98772
19773
24934
1005
6030
22566
23831
5539
38593
51407
48327
58540
15023
94716
5222
66353
83635
62819
86679
85608
76461
62838
5521
53060
23238
5863
96711
83954
409
50521
8025
15534
70294
32959
32891
92676
55525
56723
98216
10471
8130
62895
69011
39505
57612
90585
5858
41247
53404
92538
43207
29866
71728
48728
99278
94966
70944
12341
78920
87705
79214
86945
3239
65861
36256
36131
58537
8134
9206
73105
18605
33688
36001
3968
73194
93613
94553
79052
51212
64310
87942
94419
10528
59671
59500
9806
54637
30444
38500
49910
34501
17714
53207
37741
99927
89464
90224
58465
13950
15782
47922
32555
49470
275
52875
39016
10240
47428
18069
61452
11738
6011
72224
38618
82034
48076
64777
36672
94872
3277
2934
29373
37343
56141
67114
37271
61957
73690
12088
75907
89472
76362
24814
55295
76638
77689
94311
86878
41470
28732
64683
69560
51096
53259
8179
33130
1335
72956
86154
96207
92585
89088
25580
29928
61582
9047
83551
23539
99089
11991
15799
88562
88354
56965
60209
81344
51007
54520
84574
92477
83253
49257
78389
50701
18868
2920
83831
36555
75876
86338
32762
84813
75426
74695
31094
53360
94
14645
76900
99183
26637
9051
4097
31343
66016
64306
12687
17023
35179
97261
9500
34784
62871
4242
85485
98091
7162
85668
34647
99391
72006
83761
84204
63785
74808
15298
17145
74902
46296
10397
90438
89285
19448
10887
36980
1817
91546
49667
18840
26725
63280
44693
77861
42503
48935
79698
40595
72449
81718
75242
71840
70077
59003
72397
33862
50164
87695
67359
25066
50343
94109
31856
55980
29909
42744
92960
31726
34290
42627
66919
77367
22260
11612
71580
64763
76899
51278
5358
49348
49348
96952
21189
19425
72308
93586
53287
22472
97633
36999
47538
64329
47460
95747
20309
77369
38491
13270
25448
89133
72249
92367
82852
94509
3979
54432
59273
80878
22062
80983
46578
71410
77936
84119
90836
50244
77705
60475
89068
91691
97474
52958
72372
44934
48705
92681
38656
87196
22303
64104
92681
94553
56471
75533
5414
76802
29965
64687
57680
68379
62023
20610
39790
39959
4730
30626
6555
98787
91101
95623
90478
4928
64933
62850
66214
13639
71884
4870
17187
94187
85326
9869
88740
41797
1754
94155
18599
31720
75194
92631
16451
37217
13242
56241
93528
17972
3219
16435
16759
10673
28410
23590
15601
93344
2792
98167
6983
74676
19390
40522
85216
4716
50391
90308
62866
52146
84463
81465
218
76010
90449
33021
29579
3691
89263
39460
38015
92482
55895
71126
3155
658
11068
35108
10354
30213
33276
17337
4889
52666
74211
6457
73734
24603
96766
36600
93101
97581
34418
9671
73591
24867
42692
19523
44910
48307
58983
99277
40790
31230
70403
60297
48240
97824
11758
58594
28037
61386
92283
49278
30404
66495
55736
4138
7450
52502
40739
551
50083
75157
26574
40027
16376
85618
59550
61286
33926
34885
60563
91068
66115
47318
67717
30708
45142
79475
89302
73179
40861
81586
38810
71265
48081
94546
75404
55531
47048
32495
72434
13483
24004
15360
53510
40380
978
29412
18018
51256
64297
78581
42324
46765
25899
26394
77473
87394
5869
83127
76925
63083
64713
15735
34348
29146
10281
26104
1029
73681
74951
89815
3517
15307
5175
73379
55687
22506
2792
90057
73762
83441
68638
32439
46558
10890
75185
40383
14636
81054
23511
91561
60489
4576
7297
94838
33723
33930
37294
51104
7612
12246
40920
27481
27553
62447
860
99593
84953
3652
89650
75068
3446
74641
23859
66356
1883
99044
6740
16519
96450
46603
24432
56940
51179
31729
68130
1254
82012
5424
68711
5976
34022
9631
33457
77928
72078
34317
93873
73384
54322
83523
64804
57768
74516
88663
24124
76399
4059
47216
9270
509
93819
33703
73801
61351
81784
41931
78957
63796
63708
64020
69772
14082
73651
19581
92010
62082
53899
85883
51818
8221
85759
16622
82341
76627
21637
6465
53027
25696
70034
78649
42557
63853
12352
32711
41556
10489
74642
36866
74285
54702
886
60410
68785
90890
79991
77147
52972
33890
79383
21142
58463
65142
37764
40804
41769
59401
63622
11148
1449
33656
6150
44006
13861
34854
76717
71770
45343
67712
8636
19629
38766
9522
96391
23903
16764
76382
1051
86088
26625
80434
7230
1440
61928
61346
42245
20049
20747
22219
31198
38548
55875
53700
98907
86088
88554
91976
57858
33898
76040
66494
69879
14807
92369
66270
38710
25485
59004
56113
11574
1981
36547
18804
3422
98475
80151
62019
18525
17250
590
66075
72151
72817
36127
71058
58905
24681
63034
16764
58579
39075
99610
44810
70234
8331
27432
8944
33817
86437
65058
61743
4770
17957
80547
24544
32785
77050
2915
67662
10653
3505
50089
82804
76322
86216
53862
51580
10897
33248
84696
85829
72323
658
30639
42557
8990
58072
67854
59159
60861
49264
20902
65631
67221
17801
6528
6
11204
9443
84020
21857
12949
34109
4661
5623
20325
74875
57203
47575
8123
41899
33404
80447
42558
80395
39356
67900
54819
23562
43411
32032
72826
64313
14016
56400
98466
20544
72758
9670
29987
56779
31527
59288
90888
52540
81264
11214
27415
38467
75141
35539
96719
8545
32338
55629
5292
88046
23529
76464
11609
66940
8496
787
47605
38864
57187
62423
59408
46298
72094
5748
3077
19973
81388
93965
72514
62652
21531
99929
17472
96672
51820
14191
21569
84158
86172
43214
88557
9701
19678
16518
92993
44526
17305
56950
83391
90845
19373
59151
37143
7819
64899
40220
44145
62640
50537
16659
41644
72069
32940
59116
85093
84761
89659
23015
85271
75831
66229
90180
1884
85907
6698
11229
46785
24004
84531
30176
14849
20257
89328
68344
28076
70579
8564
72221
49571
59101
5232
91216
47522
38173
50332
48968
39286
56344
71983
40909
48527
38212
31090
50412
40471
37788
77993
87256
78144
62525
33785
9345
82782
39465
77689
27210
26396
86253
99432
75968
61707
21016
67184
25581
75541
33868
74549
14827
6564
62884
72089
55092
17448
19531
21856
74271
57319
99849
61528
35464
78726
11665
44809
61508
51130
38851
88719
77526
41456
4503
53494
3163
25519
37030
45097
1061
87251
35998
32240
93815
15235
20681
48907
32683
40212
87115
6955
97532
86965
84835
49348
65691
96500
10509
43552
63982
65712
32271
57860
7169
53126
27707
26684
78645
64737
71781
96058
51988
24132
44651
62156
39367
65332
27415
72050
21897
14531
95357
35781
17848
80192
85129
83539
93044
11990
43443
57026
77703
75714
31239
1224
45192
58946
27908
40190
23683
99690
36248
92024
40174
97251
70532
79541
78936
97947
51591
833
12478
46949
36614
30326
43493
38095
30218
36538
66437
73661
9916
60492
65728
41155
61716
10920
101
89625
51110
40137
5667
3711
48513
45841
17314
19045
25382
96250
33344
93325
13435
62175
56626
50049
8853
120
4496
55423
53010
70934
29085
62926
31426
11165
20434
93143
38437
20535
99120
5900
77024
4787
9611
41889
50628
43277
77286
92362
55880
10631
2039
69315
89158
58666
35717
98011
75138
40213
53435
28148
27499
98872
7426
58926
10037
44212
68421
64826
81100
67541
70726
58124
88680
96689
14
55660
39967
93652
64374
95847
4283
66413
81514
93441
25079
17231
7805
16569
73797
61240
61069
1296
76464
84848
60222
2853
29060
44995
67679
10160
28888
38406
84637
33920
51447
1003
89580
7766
94655
53954
19965
15291
36720
1480
25084
78151
35063
32889
94721
8860
10481
72142
10157
86945
56990
86731
89798
2403
31727
73830
12563
76967
28588
13552
10888
80035
14555
16820
87802
9211
87127
7767
24502
23847
25599
49586
1998
60663
98828
13071
69523
9309
85214
79680
96255
42204
66412
2405
44607
14491
76235
73523
7810
21175
87075
18698
1211
1631
51871
5365
27194
38998
13132
51696
62845
38732
17634
64843
99395
16462
94267
85270
42124
79481
64951
54731
21685
47715
57136
82645
78558
49724
56168
86368
70899
59595
21419
88462
61226
73290
93827
4772
12288
23312
72820
91485
78396
90455
72680
94143
23269
66947
79413
81745
46428
60716
36476
84466
24783
9965
83463
3341
76041
39631
6062
63292
15578
27481
51755
93157
17123
61934
97929
45763
85246
70750
37248
63642
77557
26280
57785
17178
93228
53551
98924
56008
14267
35400
40474
39051
45365
23937
42392
37758
79920
64806
1051
95499
8639
52806
88656
25762
31092
2937
87877
16339
73687
41477
96333
51244
67758
70471
68423
77338
24022
67347
33346
38289
19099
90173
77340
80817
30462
36085
18575
26735
891
19626
38586
25883
88784
43594
67997
19877
46531
55875
52568
20219
97352
48901
87815
81462
35724
72590
58800
59746
56289
8499
98036
75389
15024
91728
56206
45486
44165
91133
88573
45057
10760
27159
87292
15896
70753
55289
52125
33637
11164
21045
53856
24869
69947
58023
6331
22023
30614
81484
81770
3255
6335
96158
94996
21359
87886
51202
83197
32052
58688
88123
93461
85800
15282
80753
1696
2388
36042
70174
36025
47207
91219
6233
88428
77518
64256
94759
99542
11222
92595
81312
30830
15282
77470
25826
52993
81708
93381
52543
13760
52069
40666
23573
37869
55948
4326
55917
74688
40369
26091
10713
3928
33663
33298
92356
11181
13907
3467
10723
41481
12415
8387
72311
27697
2209
98138
97043
83918
7871
49586
14030
59940
90252
37604
14161
62552
41930
86430
37241
98651
28874
64306
2579
62537
97605
11287
73718
11512
31107
794
69345
59874
25533
41657
3923
27743
56147
966
11661
64018
50552
25691
40310
40804
63295
54471
19709
21578
57253
73302
20229
86127
37608
39161
65016
51565
66800
55087
79429
14259
55881
48775
74133
81414
90432
78057
25509
62931
79023
53522
26949
29576
79214
67259
86732
58861
38082
6441
96791
11687
79743
17021
97815
33704
72534
62831
85269
39334
17918
64699
53594
90151
29826
44079
87918
36610
22136
13427
99541
17512
66950
42842
63440
62516
26453
50172
37729
64535
72966
34521
76222
69061
67894
90389
2765
40428
53221
4387
96114
87491
85438
66060
77643
31616
10140
81913
68226
48628
11692
67767
66140
78642
10609
29580
57510
37062
96105
11592
17949
69071
46113
10523
54484
14007
913
73602
70787
70486
77989
66901
74329
79779
32962
68324
11395
59454
50237
79621
8082
61930
63740
74223
56924
74349
3803
14435
27763
99908
26027
62064
85331
88492
72587
39816
18851
89852
13418
89638
60338
7759
72891
51020
3890
5853
19344
15285
65307
69582
11258
89742
47864
74998
63965
4788
65699
84120
35575
9814
381
77954
71878
2064
66446
60817
41880
1649
50670
71650
91287
27360
95761
64179
78380
99651
86384
14077
31288
68044
83659
58898
57786
31523
50248
38103
52663
15947
22223
88239
42113
38956
82545
13991
41021
65344
91161
99253
66993
41831
87256
74633
69191
83017
38812
63924
99021
41548
78001
46661
9592
78012
5560
83730
25887
72160
21833
78550
88108
60409
83141
46573
99365
82039
76917
40386
47383
68078
39640
30728
9909
26896
5361
95452
26265
60525
75728
41638
2074
53729
4652
28018
48093
26564
28101
73980
98724
49934
68883
3184
26695
68376
49758
26061
50415
26675
66447
14150
94753
22439
44879
21014
65687
50240
32818
8305
10766
8547
66295
29192
78628
70947
73562
26722
97511
1663
17054
96236
67950
85937
15772
94645
70666
65530
37058
37433
8557
19858
51584
19662
42297
12815
40676
24337
63055
73495
48994
90173
98394
15289
35717
77022
86237
25632
20096
83748
27295
37151
96336
11597
39440
12109
22595
10106
93991
59653
47540
2549
79511
15476
22211
38161
28291
79240
78850
7698
69087
27844
14224
67481
43133
49941
60855
29370
75573
80952
29471
19221
34455
42159
47170
73895
70620
86117
84002
64612
45771
47894
83513
41634
63370
22076
96147
8013
1316
74997
15711
86755
2841
29935
70588
62327
96229
31444
8049
88154
28748
37520
7375
63203
96032
70898
37098
66652
57015
37452
31264
19138
1698
31129
60773
81420
53206
73272
89433
70874
48270
21497
57630
67463
67784
28218
46142
64013
76014
54192
52168
21114
8064
75895
84317
4096
46793
37768
87101
3809
91572
34717
39299
93271
65847
72
91043
19053
73345
80477
89927
37967
18326
63909
21782
86110
8480
67925
50124
84494
22117
18644
21961
46533
94539
22630
66982
41333
60398
54083
61494
68323
88800
17145
77946
54647
17218
68989
90052
6915
65818
96332
61234
84144
60241
83016
70255
68721
67293
36731
69568
5762
55375
91529
52296
49914
14159
19278
7599
90910
89713
85445
75585
78513
2591
53531
49513
36161
38872
39565
59428
4691
52249
20662
5187
12491
20030
75442
97564
3676
28525
83484
9438
83900
91365
78086
33815
21877
13716
57766
29139
3429
59564
4724
81943
62155
74607
47808
14668
13479
3725
74096
18170
55975
11110
23358
84818
31140
15152
98734
34816
43678
82219
60607
43930
89936
38693
77745
11813
52410
51864
40952
55839
11428
62028
54134
89935
36635
18294
4603
50115
22020
78699
84637
77995
89809
24347
79165
37301
55852
77899
72118
15882
60118
32725
59812
50055
87770
53910
78220
56532
5774
19173
28724
17202
97553
82858
7137
34189
1153
28092
656
39525
6791
1645
17520
12952
42345
96685
50253
98197
74584
22371
14079
51055
71448
73891
17462
75571
27801
95682
32103
49927
31207
60827
83481
28761
60038
6970
79302
77543
35062
96310
17068
41853
97955
34588
54805
56652
47625
5059
54849
38561
43782
85280
89616
31583
75524
23430
7154
19677
19113
55609
69605
66672
16437
53086
11785
76475
60057
91087
54018
11471
87397
71086
69677
1705
22026
40834
58357
86003
62245
29559
24564
6028
14839
30533
53963
6715
70315
77469
26393
89428
33078
95998
72453
49515
65436
84238
42342
41845
91678
96360
53317
95427
83798
22994
97132
22176
63828
71842
24531
26074
1401
49096
48454
32592
95981
2417
39308
66296
79886
65701
72077
12964
78051
44530
78832
43487
45120
21174
1685
36798
33887
55002
32226
34037
94348
45710
56214
74528
17552
80745
602
35305
46193
65408
84250
58526
84177
23558
24823
80415
5611
13252
9732
83662
57782
88564
43501
19254
26090
45186
56053
59977
16540
4631
94015
10888
50341
66581
85417
84246
63678
2371
35903
26224
84132
20153
84750
68309
43711
25925
48725
65674
39177
58457
49336
13311
47021
9190
32566
73111
70728
4971
49441
87269
9602
59808
14509
76295
26389
16278
76893
6419
35002
12797
32643
19134
32950
33746
87443
93014
59671
52520
58688
98849
10977
24377
12160
74350
49919
61078
47462
20647
66049
13255
24268
92003
73063
55130
84651
99452
71408
61544
22223
22762
90693
71219
41896
39996
4965
45692
33010
64636
98212
8050
79837
9190
32427
8350
99892
82346
69428
63706
19346
51830
76961
43614
60185
50024
98744
61188
65828
86505
39085
88052
9267
29778
59271
67516
86126
80588
13208
19136
45224
27772
43539
41414
53314
75966
49764
53207
74665
35544
16913
94011
3726
93875
53977
80264
60251
69074
57804
26080
55579
96889
30484
64846
43020
6107
48714
29146
86695
78274
64635
48271
6047
8174
89685
75713
492
55801
28920
75157
7698
62186
85520
11424
56061
55850
8040
32664
24924
65845
58744
80503
79086
5580
61701
22106
11687
10416
67605
98382
88690
32240
46654
11089
56766
52691
86803
57258
8493
15723
48768
16191
94261
34288
43967
66674
6490
68360
99339
31414
34205
58083
11917
13291
63664
89971
51750
91703
16739
19355
90086
5429
67947
53092
32871
24713
5783
19674
81971
14276
51749
30739
46819
46011
81380
90787
12685
87870
59147
12024
35637
9704
86460
63906
39347
66476
53877
91097
58179
70616
26804
48265
92398
94751
17709
25269
35816
23493
44943
17788
37769
13044
64879
84589
59055
46259
91728
71741
50482
67227
117
86119
76931
86577
50025
16278
69405
20255
23728
27585
90871
66884
92202
99621
61636
9912
24890
97452
33405
86185
31592
87526
99230
12824
88467
74637
59083
80195
62730
25917
47422
62848
28388
40705
65777
94766
73336
35183
15021
97064
79120
22244
63948
87674
21866
41936
97586
63108
55741
47343
49294
3685
34870
64876
16509
39689
55865
75593
19885
18596
17862
83659
97796
46251
40717
63573
41017
14053
15108
72390
11117
94228
94634
91417
81903
16500
33354
95841
95961
5447
59537
45255
9132
10759
26483
25642
50448
82348
17587
86685
17296
35449
86697
15092
98052
27414
78666
55421
41467
10126
27811
68936
20707
22446
60353
18962
55298
10059
14803
51259
15506
74340
12866
40991
1451
55701
66633
51900
54402
572
38585
71698
52373
25282
86791
50426
52696
81809
22199
10515
8287
66363
79451
28994
88809
56157
47956
60459
82568
79112
28071
14427
69804
57289
55418
71256
12991
38403
39508
67393
38975
78093
55443
91348
19728
42234
58126
88776
40395
96678
99292
48683
63041
95095
77677
68202
51252
41986
28661
33821
37450
73084
48248
7254
30374
20018
94862
43365
58421
34370
27110
13748
28816
82553
5096
48544
41140
79575
53672
81535
76253
69316
46570
55646
64412
40600
23848
32016
98938
68861
82189
36388
41946
46789
59994
72320
83159
71209
32037
41580
5579
59147
55328
50747
58052
76777
15643
15544
72704
69316
13432
65309
54984
60002
20955
19396
16954
44803
67765
15892
13664
66306
52280
55610
29448
28627
44282
12607
99836
76319
54188
21767
51818
25868
72515
26223
18997
88158
41767
91701
73826
55199
57010
28811
31554
77965
64559
48508
39120
32324
64401
52785
14983
16681
24747
44431
61660
69030
57038
61496
61701
27578
83264
29872
69799
55779
56095
88796
60289
14214
96850
34116
85766
53860
62927
17320
48178
27486
65828
87298
76163
46581
56435
7498
79615
81183
51929
41275
66565
25319
2772
44618
69250
86036
74490
55401
58167
46937
44197
18456
77504
57399
52572
63270
11260
31851
80590
75790
75690
62770
79440
68205
9352
35876
75703
88967
33411
43984
46594
99976
85655
49366
44594
54905
51754
35437
10306
9921
98726
70856
28378
76230
28255
80950
39500
55867
29154
36442
48009
4844
99213
27450
73049
24917
63326
48752
30236
96737
9088
76830
13065
94743
26197
57659
66001
94303
9448
92659
4225
8175
79867
32603
84405
8123
29905
40258
80342
59059
76700
28352
63903
92265
55802
36952
17182
19128
2056
47418
32217
11144
40601
45282
22240
66798
19293
88241
77453
28742
97252
81678
53269
77120
14281
54026
1595
60539
94284
81937
19598
70985
10289
99854
63250
82443
53158
96785
1571
55215
44203
50140
82711
84804
95422
21303
67954
14716
25896
61760
43458
23149
43438
96727
269
74072
50753
18216
34611
61390
153
70561
48727
26795
70415
28329
9238
23574
25114
27162
95141
85670
77302
94204
86826
72725
15508
71133
87441
41404
32893
47251
80905
76331
60330
81174
50403
27435
99390
1366
88825
15896
71928
37552
42691
42343
65882
51929
82269
7348
95443
77410
93018
72746
71615
79845
45471
87123
50978
49264
44879
83871
96515
25785
76554
73197
23311
26958
632
39054
28324
5810
54950
16604
59714
97641
58948
41948
65922
41217
49297
61366
18628
42315
50464
6595
38512
95935
10070
5842
61551
54949
89713
74418
80734
82620
47615
4046
9578
64599
43100
54254
70409
98050
70859
46476
12043
46159
88424
94317
3728
37721
72035
22356
96389
22499
45303
34901
34786
55373
40744
96337
10323
46809
70755
91057
29429
34722
11455
55359
99322
54555
25966
86083
68957
13177
32559
97352
59336
20984
8022
63064
75057
80057
1773
71446
2557
63428
22700
53695
18802
63444
50033
29125
26605
37140
36534
72387
71863
64342
27746
87537
18897
70064
73620
4207
83241
6180
17911
58929
43516
25933
38346
18573
5991
56471
90020
24900
19899
12720
78595
55053
92516
44980
530
35473
82121
37065
7860
70336
17759
51959
74225
53008
22023
47845
57215
5265
70377
75127
80546
13893
17412
35244
48819
23403
91715
38839
64655
27967
67911
43251
83020
76779
4583
99903
12252
3056
36968
36465
89744
71079
88424
63969
24087
10447
28167
81303
32064
98544
72782
28963
28790
90194
64207
77609
29950
72275
32800
10957
242
17063
70560
99614
10194
75144
99517
38798
78200
52837
75263
67945
23916
63687
48266
48004
90487
76433
45659
22551
74978
34793
51514
20120
41339
32074
14081
87641
4349
63233
98599
4591
80296
69159
20557
6842
44303
36427
45640
38856
89264
20904
23153
29533
943
71419
77537
91430
47853
39548
30334
39183
74341
81848
59303
15680
30274
89736
3322
34623
52969
18273
55566
49617
87432
76124
56459
48088
12551
2099
86944
18167
39355
10097
47700
40299
81516
41589
48081
29369
81137
78415
68552
71830
76616
44207
3863
6890
33943
7185
41514
86912
41810
13432
52881
29242
89556
9340
77330
18459
11440
80626
52979
50795
90723
679
7446
88592
58621
55528
17961
39758
50295
2866
27941
26911
63425
31804
33802
13721
55341
91668
633
97151
5100
69867
26393
11009
79207
20076
45820
90647
702
98799
57795
7778
15831
81593
96370
90804
53473
30683
46914
3769
49901
74855
30680
13327
6659
80834
27048
62000
72502
44033
59151
93955
13900
1897
21316
93108
21973
67136
107
39027
82288
74254
46805
14471
72200
43175
5275
25673
90211
52189
29442
40112
27045
60123
53439
50056
57309
96839
28409
29812
40873
3912
40119
71125
5809
61435
80585
44134
28571
80693
99514
27211
71299
46319
41682
43499
5847
63309
69173
96058
31851
98615
36170
75248
75090
5962
25304
32400
2801
53713
78564
60026
57626
18683
31152
79787
96470
11737
40274
41393
8782
39788
68605
80082
2459
26639
23581
8306
89949
9106
20716
21800
24074
56887
97048
99164
62849
38704
47916
82002
8770
42832
42029
66396
77867
73181
62535
74337
84918
2809
15731
10053
58949
84336
90135
61409
27327
30068
86067
17276
39175
6784
55428
63249
80023
68828
78765
42872
7533
43034
41226
16303
2218
83255
99051
80086
56436
61586
54423
57707
80748
86506
67760
56049
70842
74247
33810
14522
4315
19878
31798
59842
26662
3579
39443
6685
72407
34561
65909
79940
93947
7135
12595
96165
6743
11646
76251
79531
89585
47027
37238
86685
33533
21350
42734
20728
11949
76545
35250
32617
12775
83400
92459
39437
86979
48255
62474
75739
82816
44735
72031
93115
68222
84627
89280
74965
12625
81884
54497
18562
28911
8087
5247
62444
45790
64334
99524
57739
57231
34774
6708
70006
34527
15520
25795
21506
63775
4621
13597
62943
49356
85629
56058
17578
86608
61690
92544
99233
43574
63393
17796
72485
71480
23043
51282
17270
3729
50806
91362
60960
1933
98070
47318
36460
13590
73113
74318
93717
77734
4268
56660
27090
89897
29070
61021
76505
90761
69917
75738
34335
33310
9886
23173
4790
49282
74455
38413
53011
41613
46127
30324
59898
44197
77642
12710
74140
50756
3381
67857
44842
7649
40870
88285
13898
69940
49306
90403
60701
35575
82493
11389
68885
92380
34562
90027
41662
25369
44792
11025
83334
90919
41349
59585
51469
35344
72295
25609
86100
92028
9818
47294
99677
50688
35579
13575
36981
1237
20330
97682
36812
2824
25423
22049
11556
59985
12077
69570
1706
56869
96947
85041
64141
38297
60978
15610
89993
33273
57571
76093
25302
83741
39739
41331
34430
91671
71259
71411
92908
91589
85445
46073
10765
27221
68122
38673
87206
80199
8243
5265
53421
21543
6658
33914
59840
67636
49524
49833
909
23447
42278
42563
7188
98369
247
57970
90040
71506
45733
82949
79447
31179
29022
6565
58400
13496
45238
61958
10048
69834
83575
63469
91377
90233
97383
67569
57869
63259
33754
75131
86706
92384
17694
10246
90753
34293
68217
80794
22151
13950
80095
17951
61481
25469
24516
36233
38965
86106
98192
65365
55940
98119
28834
63669
88353
42569
31238
46222
22180
81344
21353
25238
73728
55400
35485
80834
89693
3702
77980
28197
17652
74427
46148
79134
99896
87016
31719
55213
73122
29911
20579
45415
44383
65765
9084
32736
24687
56675
78958
63219
38019
16664
88458
28100
72064
23943
25286
78109
43997
3266
6306
78001
77693
68806
73487
93941
55822
5207
65506
28945
51470
2437
74360
95853
84555
99796
28589
9242
56471
23900
72461
10843
40564
77271
38943
12628
17566
64229
7089
61563
83847
29748
55917
77892
98554
29404
71833
54377
34611
53691
83322
2434
56129
74034
98287
57036
73830
43229
66278
46654
67129
55091
57497
7693
48715
12792
36673
66281
93373
60114
27845
77220
89862
114
71464
88417
29518
59649
42794
80482
13340
42468
82916
85821
32854
97555
42857
6684
40784
25487
69690
24265
96931
27187
31958
45646
56331
84983
11927
66056
45098
56124
43276
34960
56238
31092
39729
2109
90741
82523
82591
4082
41343
81859
6255
74197
79414
49113
97234
36551
90952
66924
60816
87883
10464
9127
49881
83147
94110
78161
49204
55560
34285
8832
6873
6876
39925
46602
8985
30666
45478
7928
34748
86821
89787
57356
77371
85553
6469
90957
22104
13773
57881
82921
18009
84697
8400
67890
84197
2510
46051
33401
74423
96689
42233
81296
19917
98510
44250
45254
29177
89728
53182
80277
92902
59321
37633
70273
61226
60454
61230
83331
74228
35463
82604
8589
36513
91004
76479
20710
9866
38883
70463
641
51924
29048
98289
71841
27559
42540
17095
73088
32268
86629
53365
25170
62302
7351
11795
23528
67805
73025
23211
58385
24841
22167
66974
61354
29523
59806
98416
55742
98689
68879
56383
66965
14279
54673
38806
41838
97213
72253
14926
45833
75234
84644
71004
37536
91995
82799
77416
76152
72177
16980
50890
13370
39147
17864
74724
68671
77670
89492
40765
92711
74723
97148
59676
89002
68173
14834
30841
65386
3439
62119
11220
78673
63115
98576
32561
55110
97727
9978
47615
86256
43310
98505
99626
82457
16369
90702
67480
10392
80194
8245
19455
54917
5394
95484
60272
73567
10318
7465
55306
13758
69584
82878
8783
32700
97806
41345
4162
95533
67675
51777
81790
10985
50282
97768
93442
83004
88471
77275
9748
85017
85520
29203
56287
7266
24687
16559
97186
51358
24024
68844
81468
9960
51722
90251
42660
49528
31596
63175
61413
99271
31304
59555
26608
81587
57324
36403
80943
45795
13678
90691
30812
99198
36246
87099
22817
60934
20010
36355
28644
44034
5199
10112
53995
56921
363
13007
22801
48312
76182
84214
47583
23839
60122
90544
5426
17446
26947
2721
63241
40625
93412
10405
56175
29658
13857
78992
6944
33867
15347
51940
94254
36898
62052
48249
10171
62416
77608
32972
10728
70143
33539
74663
93982
93661
65207
15760
27459
92154
18481
7052
49131
28245
17457
5307
74255
47666
651
81200
97886
32351
33140
92140
69249
11545
56741
79421
73961
34349
28745
1041
20844
78636
92056
14826
88649
73616
30586
16108
65770
65419
23160
31254
93664
56970
36561
67920
20988
37212
65472
18874
69563
14964
11014
55165
26509
67755
34586
16822
18457
79683
17863
39301
58320
26272
70480
63321
99888
17418
95782
82010
82838
35294
13264
76502
92264
49825
60774
13253
3390
26246
48479
89305
41211
59494
44470
67720
43601
95408
895
78410
91444
18758
17712
66116
61382
4544
29437
61270
21962
25219
59633
4800
60514
72897
97655
69130
39075
74781
98735
58817
1028
47215
64474
58591
23061
8945
42663
83014
20705
43558
61425
12149
78669
95489
94617
56403
33
24055
17674
21995
65626
93659
43148
42492
82908
57155
11623
38335
31936
26710
97152
49316
90277
61627
7907
13338
86924
66923
96353
23981
26833
74130
52483
21854
69619
47100
78258
86004
71155
12284
7999
53134
5943
67499
95626
88851
24654
23601
43539
56591
50312
57043
5907
40589
18670
30167
70280
21946
13442
82985
62280
40275
57115
14763
78482
43086
61863
56740
29090
49371
69024
53441
18857
91319
37293
14483
96522
61947
38085
40061
34890
4749
97105
57150
61690
32127
3669
31970
70426
17111
14955
32706
73738
88422
47469
52220
31508
25684
8960
76950
91407
94336
46744
10264
85655
84037
41100
82178
62336
95537
38591
97227
286
52048
54377
61976
84176
58046
10299
54602
91509
41606
3660
65247
30029
67481
17468
77889
93165
42780
71192
925
37117
17936
11189
22772
1973
52289
21302
64309
47826
76246
77888
64464
28294
32265
42793
12470
6663
53092
83424
98172
94698
87084
63420
41079
54565
97240
18969
64083
40020
90161
81360
77137
8097
8901
16262
26422
61191
53916
7083
25369
30162
84972
6186
58457
33589
48979
87279
40253
18423
87056
54777
13121
74140
18197
54201
45058
15437
89522
25493
71810
79683
6853
48947
4132
15754
65209
46906
93297
19126
70341
35019
65640
55313
57557
40449
5255
6536
27729
61860
24959
14785
16637
54432
5277
51187
24985
66687
82976
14507
92180
54786
10542
15385
3734
14674
47492
85295
77932
57141
20773
48274
8512
86414
19939
66069
26863
25194
88957
70944
3406
30268
2081
20044
84701
7359
87583
26038
74046
70559
40546
82579
25346
67440
14316
45432
98467
78160
47079
76399
35302
84205
41025
43814
70619
60965
9884
13834
2511
98841
1131
5918
45462
3212
42314
30163
10571
29897
72553
970
16808
13099
99901
58506
80540
30569
3938
95359
8730
67370
71758
44032
51575
12784
4198
38546
90101
14082
68732
92612
29276
69863
98530
74738
89428
40844
21253
16351
87093
93806
17321
3902
23258
33574
62408
20150
64144
82699
15509
72874
66421
3619
33258
17996
32755
37456
72894
22856
67891
41626
15469
97167
27842
30351
88257
17270
87548
25862
33621
74641
36020
67295
94895
75630
869
57304
12132
81365
56355
27641
70591
22776
47613
3849
57124
80368
41306
30018
3225
9197
87996
18694
22716
15838
49045
27325
33108
36593
53187
83082
27587
5559
50377
22482
81190
67598
96138
93322
48964
52493
37316
19555
91621
84929
39757
48745
81649
81063
95115
84874
90260
83112
19920
29328
98950
85318
56653
48411
38263
9840
31493
65850
15399
98222
88333
12941
82172
823
6264
47488
69669
59932
83396
61290
61213
23153
26388
42862
4216
21503
27737
10828
20967
64009
40156
19918
49327
96809
84681
87591
23001
32526
53441
54752
47100
58126
67694
29272
58950
90310
76761
44971
50242
60157
6261
11455
83310
32649
54317
3878
70505
98406
14706
91472
62416
71214
27742
28095
68023
12423
32038
7376
61301
85480
62128
8401
59958
29822
54026
35260
20132
30787
80231
86726
7296
2845
98181
6958
51846
68851
27188
22351
67257
58246
30176
46025
29460
57918
90473
13835
86694
22511
21211
47995
24343
99691
72749
84302
29514
26775
35914
65998
73914
32498
52725
81210
35343
67258
4520
3541
36109
31708
25893
19719
89954
72421
65744
19414
30339
72569
49601
33385
95081
70812
81381
19424
86855
70482
20078
16369
97257
72345
98720
71171
4843
67797
68733
56538
35055
73253
60079
71165
4961
2324
7236
11267
74745
89332
30681
21437
61902
96634
54822
56983
83798
52555
92759
70653
23037
12838
87023
36646
1535
2095
24169
6378
69892
92902
79268
4947
82507
55699
92464
3820
74376
99700
15087
65473
5385
62120
86910
67287
58754
58085
40622
42552
10640
33381
13206
50030
46219
16581
86676
47754
35028
10846
70484
4920
3748
66104
26219
2608
38156
35036
6428
12532
51088
21516
78005
56473
99988
81268
23760
58743
39353
64382
17647
66345
97764
47205
16375
60335
80138
3052
24442
15166
13898
11278
36438
33998
93735
62658
52958
31891
97694
59387
44423
65134
97255
38780
21608
97243
20048
61720
72338
75753
26103
6338
42099
40219
53543
58474
16906
33682
61526
57700
65200
91776
85331
1639
42127
79066
64297
95085
10957
78343
54472
71732
43477
68079
10512
81437
81675
46913
43158
54013
22666
69261
60351
81117
25832
30247
39592
59090
80281
17470
16791
45481
9247
2122
47120
67726
81188
27769
62811
8497
22464
17284
80229
65942
1715
7093
47379
83390
70358
6889
37404
93025
76150
14107
90494
18334
44354
30086
77425
24635
63909
10568
86469
89508
12690
33589
57234
10230
77711
20045
35079
175
53681
15308
66117
55397
38753
29849
38787
9112
36738
76191
18489
29241
6651
8983
63927
67357
55422
41352
8345
19331
51920
94814
8839
80962
44755
82425
7544
22466
2470
42623
22642
56152
74283
5111
11549
13037
51312
50336
38501
4403
42880
56990
49996
65883
82325
13923
33240
37747
71628
41585
73430
39900
36399
98621
20863
81155
81046
44759
3621
83517
87383
42615
56021
61666
47727
67570
91055
99039
34258
29556
3442
93490
2898
53438
59373
85224
83714
92614
39323
55342
34199
12754
95242
86951
27727
32457
84458
8774
77217
4431
8643
80952
47047
81016
42618
11126
64938
50026
10165
99196
79582
29960
9039
82481
83398
68412
67705
83464
77378
23380
38806
27930
36134
50401
14881
80214
99210
15691
88988
76427
20122
13983
73731
83521
94999
16350
94647
59937
66376
21165
75485
62310
51125
84524
61143
50875
69289
45200
34340
46667
68581
73146
74597
21067
39899
5830
1281
39110
21521
6621
31889
57996
20604
5621
41517
31955
38323
52517
91892
21051
73682
83730
83361
41159
68254
44505
92034
53895
89705
26374
563
74638
15873
75160
95706
55772
80991
96987
11234
18864
3609
43124
76860
40565
65097
34730
72521
3420
3599
80765
24471
77281
80847
24184
18440
65454
85041
26826
19349
91099
69553
19912
65737
85426
95073
61443
57550
92416
74783
85137
11280
78392
28261
4493
35309
93358
55575
24182
13130
59174
4948
53953
36455
85795
94489
71247
51249
79531
14425
86951
70630
83978
6863
52719
69404
18288
30515
43307
10704
5298
28444
38337
42
73057
59182
35351
82767
14757
59534
12249
73931
80834
66202
26738
66629
60691
14337
34231
56574
28762
21182
43556
12741
44397
96276
98497
62686
26791
58156
89742
32089
86600
44431
32131
76009
3613
83834
75128
18370
43368
87377
92301
24202
69931
35391
7184
46975
49728
57767
3549
78491
95301
47106
91232
39698
59734
6081
2384
86525
64238
8479
34966
67190
52910
83449
43200
56524
67283
34680
74894
10652
38410
83548
51206
8341
35291
58390
55316
85020
32509
75218
79863
27810
22324
71095
67509
98410
93528
86245
1287
57766
94724
36253
24957
63987
36054
84509
20511
3337
19189
11757
30341
57599
11657
97900
65941
46949
72642
37609
48321
5152
12827
28184
32962
51503
15631
16823
49913
9159
19421
51200
66926
30497
3805
91883
94484
39859
92744
31347
59549
11933
43105
6242
85885
71114
4142
68178
18063
76785
5787
82736
98289
34967
10920
47603
2822
26551
64427
52736
52063
200
20288
35341
30697
40446
43576
41534
96657
36320
72881
72558
48253
15986
78801
34138
87101
99295
18668
21516
92432
24456
20605
90721
75775
31525
54677
78597
74429
35456
47685
42844
35656
84326
78185
82705
24772
21761
24239
37781
58081
97121
10340
22686
29459
5493
56825
32912
4788
91845
70781
13573
16301
91386
20646
8428
22911
75323
87026
13692
10779
34711
56536
62787
35389
51073
45493
60161
72834
69732
14295
30915
83205
24635
53602
12665
30128
26779
45577
51268
18624
16358
64841
51278
7744
85488
59706
47008
60811
46732
77052
87943
97796
49941
50730
33185
1014
96223
9699
73849
82308
23994
4764
65513
64981
74718
78178
95109
17849
40108
46377
36474
56466
11219
4104
80563
13059
63810
43923
90222
26895
20975
78165
41043
87268
28896
90580
88283
41471
279
62132
23779
40625
83248
89293
5606
74319
83823
17067
92168
23931
63445
44994
80398
91016
49098
77313
20427
29261
21236
10649
56156
58563
88815
97199
45832
34063
87779
50467
75534
4411
28951
99314
61388
28551
88607
66995
2870
72430
84062
11391
12714
63859
56385
9464
71227
21836
86777
91654
51097
24365
2304
23605
99280
91119
20804
61464
25182
24935
11931
716
45698
40882
16382
7087
69434
21341
90434
88656
10124
90848
47
22838
54708
72785
32302
25935
94621
35431
17590
45718
59796
19894
69323
75428
27365
6479
36893
68899
47766
48824
85967
9817
6059
2350
16904
91845
40043
23690
80501
50167
14538
80549
89357
69246
53334
21659
11534
64307
57090
29124
26377
33238
65370
95700
8667
9087
18531
45560
77986
82649
10736
63953
92466
33147
82655
25722
24992
22699
49412
5494
89218
63951
2395
78576
49549
72081
235
61083
36388
73678
6559
79117
23268
88281
91169
48287
97368
9700
10199
91706
8701
20936
72012
1168
54083
54667
43242
95428
93718
9007
922
82937
72958
19669
61513
38859
8102
78100
99943
60842
68130
22854
39959
91399
11136
31128
39686
24856
40828
49886
16563
65881
87174
88575
83401
57609
59594
26644
53037
53313
35651
70311
36250
24961
6332
14115
63820
14434
92215
80115
75276
60346
19322
15235
68097
46810
46363
24135
71666
3543
90373
88229
69425
93899
93156
52826
51509
52751
95822
20898
6064
31473
7562
58666
72786
13894
72781
52959
28329
64996
49426
3605
41694
68748
35193
26143
15558
81556
66631
3577
85100
57004
8158
70877
50904
1315
40055
18765
54066
35878
56015
76482
83703
63577
35148
56490
93824
7929
9449
38505
89277
75227
58462
30972
60328
93655
73467
75886
91564
40098
95815
93016
13455
3974
63893
80711
5289
3948
15828
75707
39826
71843
52189
23530
51773
87337
96372
61949
95266
22173
454
84543
97400
58916
31867
57728
68924
5335
49967
60488
61785
45782
53504
75240
49756
17397
55951
71397
37697
71779
47104
93876
59975
99293
17406
28100
86630
30130
90049
98248
52303
90503
82792
49703
65771
31011
23784
34695
52698
73751
95183
14484
35885
65039
6076
1994
82436
78380
89743
36486
50159
36848
30362
26486
52493
64120
54586
39124
94250
44635
53724
46553
51490
36516
12608
17262
67528
52744
68309
20226
42847
63493
51062
78733
28532
57139
97079
27321
35519
86822
80159
2030
40022
10521
28517
92516
90993
99455
47992
85243
60443
1716
48148
28285
54585
77108
61899
22113
29853
30209
58691
72700
10054
26106
67785
54938
83245
81216
98611
35116
68039
78770
37146
24413
89291
82015
16929
96636
97823
64921
81879
74618
66638
46379
2903
21223
23488
64803
59688
69693
95012
34731
58745
5066
60837
42883
76356
60434
24099
74968
11902
8490
53738
65401
32904
59382
63768
49833
56018
61591
31107
54250
36209
14097
16981
55465
51672
56821
20268
27712
26514
31632
62443
1612
53050
39633
44495
29406
16419
68594
4374
28322
93437
74465
93723
26341
50199
57491
92526
6217
35435
23633
76819
87996
54082
93801
43461
5754
50622
80081
33466
77137
11713
12262
95101
64763
68247
39596
10522
84666
24542
31248
29340
17979
5713
39415
44320
55912
13259
53199
78482
65046
76832
55301
53042
30915
65454
12856
53021
16077
92937
2840
9566
21003
31454
4667
2118
99701
60615
28992
719
85157
60241
46412
19489
82306
85827
63809
54571
99086
33360
49405
80484
10193
4706
33527
57460
86513
62735
26833
2590
72024
29673
28508
93027
61127
49527
11498
77180
10142
40490
77900
11651
17083
40664
31140
99390
26491
11302
53961
41930
44662
3366
22414
71207
24424
72293
28667
27289
35028
71853
29879
7053
17878
74739
16432
79006
24266
44282
72538
34408
1125
50438
46060
18208
91102
77200
17598
33946
4854
87911
92228
49517
7629
14642
20724
48406
3288
65744
92047
38316
37597
38279
61721
55475
13018
94506
50833
37285
55140
23372
88045
56265
90162
50457
74474
97617
44010
8424
31563
48864
12688
40143
98381
36669
54785
19106
1427
74425
1202
93475
29094
38799
31754
90815
10626
44772
1673
61460
98409
56814
84832
2807
13079
91346
53264
3905
88963
97274
12330
36878
62491
41370
77021
60872
78039
48159
96330
79467
22584
97532
89294
51678
52683
21048
58846
63310
82172
76871
24770
80582
33685
25954
99741
63117
17300
53005
83374
22616
66632
95704
59494
29123
37074
36516
6347
31466
1027
19030
27285
23611
32914
16579
91642
85598
37627
50488
48908
19799
27359
90030
16733
77397
15984
16474
56866
49636
85832
40240
72252
68816
52297
31747
14291
5723
84615
20638
37189
85642
56020
64474
25605
88935
81053
17247
74533
18680
84087
39793
54832
11447
29823
87917
5196
62159
20744
78414
11795
22928
18654
400
91744
70951
32147
6035
76675
33114
43025
30216
18756
99046
94691
60713
4333
75744
77961
95218
10777
62048
35011
81961
89847
81186
86230
11395
43345
6974
89809
71492
29902
8464
71892
37998
95767
20391
44033
88794
69857
87059
19011
88613
2457
13702
49327
6790
5798
43640
2008
32927
22040
53371
31240
11888
34557
17471
23283
94254
40797
13093
82098
87052
37909
70343
25050
50028
7086
85436
38823
76944
88847
57834
81909
91304
87888
31236
14446
93686
91228
16454
42966
13269
86177
74206
25157
20734
91677
64792
31340
48827
94237
13438
35879
48498
133
77281
98527
7220
62717
37350
84164
51564
95184
66073
42868
83072
13662
73666
93110
4890
6472
36076
34511
92649
26635
76020
13383
34664
40813
61075
83491
51402
90866
19370
99901
90999
13004
98428
98219
75721
35778
82383
27286
47314
64809
86506
46738
78471
60173
39848
99713
66645
92277
34225
59295
35264
26597
89030
69928
83762
66458
53420
35165
57324
89142
35066
48323
2146
49846
62895
77868
1976
61630
21506
49290
26439
8012
96028
21262
84537
52228
20976
67535
60857
71553
26830
96121
98150
32212
66050
81913
98670
35822
33430
55994
24964
84848
20670
43463
34694
83565
37683
36670
45195
75541
2312
71635
83553
98340
92897
84443
66920
30225
51978
27778
18130
95160
40251
16281
27372
22653
14546
42395
58475
64328
14741
99792
49176
35411
59607
83870
18976
97290
36892
80524
72831
39204
52159
72736
53896
61408
73531
20816
7986
25509
64946
26116
37021
5198
58749
80746
27851
89647
23141
86327
53975
37882
2471
3151
89646
62078
3373
8622
75720
40265
89146
48551
79469
57657
37639
33365
35418
11171
70534
43404
53032
35480
69520
90054
40678
44622
70800
84882
34269
93941
87561
88245
48175
90032
7748
37821
68462
11122
62796
44182
51387
68294
9085
47209
25952
46724
96926
61370
74247
67460
21126
27280
2941
6998
17334
59971
51620
88134
61205
2242
98427
48766
90487
46602
55150
98235
776
23612
9357
63572
84146
77097
31866
93231
24306
74170
56308
21232
35540
30555
5045
73018
57835
24338
80017
75169
84309
47989
79655
45515
50231
94434
10633
57070
57389
65784
71658
58165
5748
97367
21737
89895
74464
69955
83126
15122
44126
39434
52707
96018
69990
57752
69037
44177
82090
65406
35699
82751
13395
15354
44618
63627
26141
55252
37049
83530
37388
8707
41695
43136
6075
79784
33031
96891
49739
32510
12014
10217
71944
64721
22588
58286
38825
91625
18816
20915
73383
54515
20018
86778
86221
64637
66757
12362
36241
3807
95892
73629
28866
37587
16765
34941
33723
66149
31833
83463
98659
60199
10032
86955
24920
32620
61594
80097
40597
80410
1012
13980
34925
37382
17111
21146
2019
83868
49861
54612
4027
45753
28241
32894
99693
61359
84187
33416
27508
16020
33231
26167
92571
43264
13122
17491
92236
74716
97588
32834
55126
14952
63166
6403
68687
80277
43902
87058
80498
93763
41671
877
55868
69912
33771
55561
31271
34311
5330
58779
66683
38561
1298
59255
98177
14421
76746
90414
5489
90687
39600
76968
21991
2766
83371
90678
99396
43625
77737
96246
53740
19408
97123
9609
5672
30895
81522
53296
65206
86852
28427
31889
25414
29726
91144
39943
60499
84243
46709
82340
91282
86309
59308
29625
5428
59032
20304
21176
2657
14393
17422
56398
50153
14545
82359
72177
61792
63881
25473
43350
50734
70253
91592
92500
16331
99088
32443
76830
99683
95505
75522
90965
81814
34831
20591
3594
10215
57247
24770
12872
71640
58544
85622
21793
73090
67981
93970
34882
48215
35796
94585
98949
6049
86177
7801
22380
85265
56596
15562
84949
52101
91084
75914
50268
42267
12857
53862
52482
70104
94985
81707
58096
53529
67329
96241
26619
51663
90212
77854
99878
42360
72439
98827
48409
74968
22980
87141
60233
79576
19055
45182
31678
26491
37449
81946
68759
66658
52160
21241
53115
47145
2948
11211
17027
86630
7453
59998
38293
14017
37852
38171
56377
26643
53350
21138
1611
76330
24631
78197
72258
43686
39731
20288
70177
77180
18586
38936
60191
70747
76530
13306
34244
95830
40869
51271
82460
48322
11270
20753
62339
65474
75276
35068
8470
28626
56206
26433
21308
97189
4630
93567
40875
44362
13855
27405
37894
32442
66341
98085
19541
59223
27743
53785
55054
68613
21409
37514
33287
49031
74620
95627
30857
49896
47047
39327
94875
19606
65761
16183
16795
86743
26102
57671
31105
39958
85076
85352
88752
67769
99789
8293
43345
43885
78430
98399
12498
16191
52265
45785
65222
26885
57764
96080
93134
4812
51759
88009
40770
33872
4192
57565
20616
30295
15236
68073
86605
16664
69777
75357
786
69567
2
44131
13452
94784
42530
42302
10976
94795
4439
92550
38033
78556
88630
31167
83368
56742
19176
40490
90614
39720
98055
11230
70015
13292
79304
56620
46308
49081
48329
47094
35000
64683
91225
64804
59468
50107
7106
86796
44903
27898
79346
99288
6454
84329
30455
6174
41071
65983
46664
31685
5703
44719
42916
75719
74363
38572
48691
20672
4005
13373
67766
55358
94408
75344
20162
53876
25451
43621
57024
86706
71519
36371
85994
77973
20700
32801
84147
61771
98784
47163
9808
4488
91882
69076
96559
66246
24000
61602
3270
44358
91327
87388
99716
85736
62732
36230
39612
88184
79851
12989
91242
67722
49360
77237
62047
86412
10038
62546
64535
25175
9709
74343
29663
1592
43420
42574
67838
67420
20528
87460
11778
11856
74848
27846
97592
37581
64077
53556
42117
60280
66545
33359
28003
32257
26948
90050
18669
53339
52597
83204
78514
62306
57548
24529
80250
17320
67103
64440
1092
3983
51900
29223
15839
26749
57069
29783
80682
37498
83340
22799
97779
66237
72510
25782
98495
99459
32184
33516
52798
1133
16721
31312
63440
90621
72193
43690
7941
55648
24483
25385
59631
76383
54608
75471
3132
28030
21606
166
65528
21298
22965
63307
87536
95476
5441
2383
11287
37626
35899
80437
38759
68972
28101
18551
59593
294
78594
83886
55942
3077
25624
15573
79460
80232
7396
98945
24614
29003
99111
90143
50301
38429
69802
54189
50257
75244
56572
77896
29222
8824
58333
84333
94148
86434
2885
70094
86728
81479
53980
42670
908
95956
74595
96720
92541
81992
12017
17155
10995
27481
23650
61296
65910
93453
15486
32519
85049
88410
10415
14271
13586
68748
98604
7735
71534
17841
77829
58262
15672
48161
17284
16580
44118
91879
29653
36659
73871
41670
70166
1218
85503
93817
78867
51413
3622
94353
284
88671
99115
10699
19294
12702
95799
34250
36789
67333
52092
14618
41947
84116
79131
59231
17049
23249
67463
46702
76260
41334
4724
46427
42553
90228
56596
21420
57993
76570
32125
58278
65241
47592
85329
887
76646
97481
35137
13435
64814
3581
44405
23114
87698
23537
82345
21099
46786
66160
67801
39399
7495
88877
2178
66400
79105
75126
4172
53451
51696
52649
11729
16937
16593
13410
34176
93240
10891
85665
6675
92058
89247
67433
15172
93297
90970
13869
30748
54108
80030
98549
93507
3877
3778
95685
86629
99236
70811
7153
52687
22507
76154
80768
55796
92747
94178
6324
85987
21422
91990
9015
29832
97589
76448
61356
90886
67418
75225
21634
37878
71607
36535
31386
91836
40313
43423
94817
55901
30587
1970
8588
69446
78124
89356
41595
70872
99887
47919
73211
37661
39909
98578
67493
37498
75026
28849
44736
58796
20426
82722
96675
8386
35609
44413
222
92275
4188
11392
48176
34775
13362
56765
4222
7839
62473
62169
95063
62360
10088
68274
21
66350
83205
83866
20200
58231
12715
81289
33380
33142
64011
46407
41528
99621
7172
58102
8248
11360
69494
56424
46136
99209
29541
66710
7048
92015
28879
18463
70727
55319
3089
87101
21669
86294
70967
41870
60878
35
39511
94258
33177
3522
57017
91057
19495
64189
65511
27743
75549
35006
520
38037
50567
46413
4747
73967
38428
49978
92430
25508
5298
95519
12609
43319
81814
99928
1541
42692
99963
41052
53302
49492
60927
10319
40549
80422
90860
22413
24518
82761
73771
41390
20799
24338
87803
41898
98305
42584
91877
90735
68092
13527
86254
97053
56846
68068
13333
74740
27112
13297
15792
80414
79141
76719
90733
36043
73494
97945
58456
14364
80707
32227
55754
17858
56565
43557
59756
71222
2493
67985
61957
70585
97864
64563
67638
71063
48984
97324
45803
76096
10621
77947
56511
89762
54667
63596
25805
44513
61542
613
58877
58601
32840
30983
76459
5757
74540
36215
76979
77034
20553
55288
63971
18417
19852
47962
5832
68836
45286
51635
44932
72259
29583
1443
78373
602
81392
4179
45115
42934
4792
20344
1535
53985
51327
77994
59742
42219
30561
53074
35605
67466
8362
99577
85884
28214
63891
91716
97050
9177
59704
41983
97788
5639
59778
76161
6241
41170
80340
67708
456
1485
88052
1991
71822
39379
96337
31564
97950
43251
84638
33556
10717
9353
49485
12953
37567
13376
21022
34618
38905
80726
92953
36693
86365
69083
12854
8958
26606
9547
76666
27062
27384
64718
45406
99206
20449
41743
47122
18399
1346
48113
68307
12064
57466
17792
25017
11385
31168
46039
46003
70073
43117
55308
23118
29482
40744
35973
38440
67350
61872
31458
10764
89256
12528
56170
4814
49329
14266
51936
67729
15612
16401
52388
44028
90219
70181
69046
1605
1349
31437
63960
87775
90907
35621
10893
20389
76365
63218
75182
60067
25090
22992
70831
30698
35521
43354
35512
84850
57620
3801
68931
89584
36554
21320
33613
26774
91501
19011
28379
9202
66800
8691
96977
57707
44312
24223
94449
20677
3793
85983
80744
45236
8975
67928
75934
44496
11282
27799
45699
68902
31600
14630
74838
84506
52302
24803
11280
43803
60166
56011
69358
26967
64703
82687
1026
9015
6910
95475
46045
27056
97810
26789
72292
6786
94717
48226
67634
5999
92377
29685
91253
40329
44316
82444
24836
96618
7247
52468
56774
83766
8480
26132
27085
89535
8819
28111
14902
32082
39939
60947
59138
37749
87737
31430
60887
98806
96008
28522
21158
88386
58207
28763
45067
18875
11207
69903
31846
34807
22372
4972
34925
47204
31104
62010
36739
56275
90121
51641
88357
46412
12589
63847
514
16678
11629
61401
31836
23990
6275
52994
28728
80835
98110
73795
16062
25669
43699
47908
76828
82423
52880
11753
29627
336
73763
82718
72964
80237
34359
77673
26649
63300
41521
27163
96330
69502
4917
28167
93492
11192
97513
38572
92027
95623
12368
8090
21293
72419
72350
14473
54842
41583
26227
821
41919
99990
83539
14883
96579
34250
8909
23229
13903
50430
66744
10233
19932
71661
54752
29777
99206
68618
84701
91233
64241
97069
15675
1886
85840
4378
16360
57034
45961
58939
57855
4232
58929
57746
35468
55509
91997
44377
95090
22252
94807
78186
48837
31091
49848
3590
77220
49054
72208
61922
56639
52801
75343
88667
71040
61184
93045
3752
18218
39006
62691
92426
59590
37972
50172
95058
93481
58521
39435
4923
97125
50594
83110
45963
98038
32958
49553
75258
98364
38113
53532
71355
7266
28876
60022
78306
6412
69419
82058
40982
24777
61101
33408
84368
99074
99933
79426
8907
74806
18862
13831
71932
85808
96941
17895
83846
46251
83800
75457
60967
38265
28989
32322
45531
74217
8697
40190
96981
94468
38600
37964
19246
99702
87724
3614
98776
4009
99392
7683
78816
34606
37866
67100
20415
34807
1347
4261
97410
85147
96070
58377
39764
41412
7052
85295
31981
32101
41837
28963
26569
80438
83279
45815
80140
87355
65781
95268
91365
65174
19303
86533
99780
57170
53633
20195
8329
71332
40809
5740
56479
53231
80469
96243
94643
87521
97890
26625
35974
39728
71940
62544
20166
55219
24711
16658
58926
90493
28278
66643
72019
47581
53176
71799
21103
23161
8347
29433
94493
65508
35173
67324
18739
15642
79919
29735
19516
94162
56360
55490
33890
44652
34386
70408
16223
59098
3418
75149
65943
31696
41793
37962
95629
11321
26113
16733
50835
50812
46166
61680
16320
97691
45357
51412
13333
41628
81147
49201
35790
53859
4692
86032
14863
39078
56440
31086
14528
76210
22587
80471
24258
80732
34785
19888
8406
77251
52973
59241
28063
99139
37273
60736
13182
98982
12148
26515
40611
9647
75717
76401
79858
96761
78786
11073
52191
35226
42159
83072
27789
64746
79895
52047
45479
14681
88287
53885
91932
41260
29478
36347
56751
83103
97083
69933
82086
25583
12801
39049
51582
4870
31802
47792
1631
10588
58865
70174
62167
1024
53246
89956
82123
33142
42003
27602
64175
46643
97839
72459
87903
43669
8806
44655
26772
5890
30940
25210
47825
43741
64259
99408
48611
96062
47200
66594
23002
6066
36769
85169
23442
6367
75125
5565
39509
33481
49519
20036
80124
63710
92495
84379
7379
17654
45386
50504
39896
76327
75714
87721
20068
56326
3481
85032
52388
50682
51626
91742
73100
4747
76912
12894
11115
68389
34812
50624
18222
84331
87013
14698
64394
95860
99078
71773
13514
44464
38629
53410
37143
14344
57484
73564
70670
60965
58596
39410
27999
10222
31152
17451
14970
24416
30346
42437
92806
65158
9413
27380
65841
96426
42079
46587
92287
41157
34713
5801
1973
73342
75564
39117
87686
33048
12681
74708
94013
87629
14118
38365
14203
61623
55816
45525
86039
2514
87962
95197
84024
97376
22578
66218
93802
64657
12805
86089
22166
47518
8243
40491
20861
83807
79608
24899
33207
8641
99608
43572
12622
30078
81937
26826
91701
37754
72351
77741
56620
60314
89290
40645
57690
11868
6863
67844
92877
36020
70286
31395
83539
78529
71887
20752
78688
67847
62003
11895
92841
61611
71819
5463
8042
53757
32289
99743
7863
20993
93836
64483
97659
83127
5128
71701
11347
28343
39545
4225
64364
26183
51972
64255
21064
23859
1359
99752
91707
63362
27999
84548
41326
99819
6363
49368
69928
55005
49111
77791
75998
59300
42274
73657
42427
63755
61710
70126
8450
1255
90703
72814
27439
42676
53421
48503
66535
54780
64608
74594
34495
8959
75494
75821
25130
81858
25189
95058
36863
90652
72849
29213
66304
31476
19222
8731
11583
80932
95210
20033
98539
85913
9200
42330
28589
78973
7186
95125
33754
71794
86071
68249
97105
61566
60422
22236
59776
1963
17294
96639
8967
6496
42204
75272
54324
61426
355
65907
58710
95565
2292
57249
81479
27844
99580
10068
6818
6766
21545
40572
94912
7617
25173
92017
69183
1947
14253
45311
3910
47900
41950
29229
70748
506
4501
25072
78284
4857
7331
36994
16774
25975
94243
98253
53820
93823
24674
60638
589
46219
17562
95501
70188
59087
3871
55723
61034
34476
1034
81296
98728
42984
10525
69476
59842
31379
10900
38126
52588
34583
75120
69362
60559
69364
83968
14379
79539
8642
75017
96481
71213
92579
8334
41402
51666
12205
97125
29052
46682
98160
10348
45410
57496
37225
31239
17339
84956
42139
55465
53896
76723
46938
23259
37282
32654
23579
51661
12193
48573
43030
8674
19786
35609
33361
61188
3627
45566
74666
32679
8600
72826
59379
54011
30322
12956
1602
64013
97913
60093
35831
68161
36816
82769
91420
90450
15423
31351
58463
27616
79924
1493
52643
99711
53454
86004
77251
73433
47922
51917
22464
56523
41095
81843
26886
71418
11152
28488
35431
25417
88581
71262
93578
41750
70383
1351
48552
85806
32702
7016
29775
28979
24861
98770
45042
94668
1126
22293
68101
49048
90563
90566
5571
31658
88761
48809
19428
99913
93649
71212
41682
82231
42474
35261
40333
29210
36612
88885
31368
85666
12253
61143
14645
53467
76265
59687
64487
77391
98333
48940
42792
5248
39506
64715
36906
44620
13525
56335
60885
7174
27547
2568
5757
86373
54181
46090
31935
90793
51328
63304
92811
79933
40799
7457
33400
17065
83496
97887
94456
98181
46828
37248
3429
2686
1964
40336
63658
31841
13023
24544
39015
56922
43464
61125
43295
97645
23567
91583
4790
74895
54887
97601
54829
95686
21410
4581
12751
4907
18821
23560
3088
65649
77160
6518
84687
95476
63206
48346
27317
76229
89242
82685
33151
49058
60162
92798
46703
83729
84381
67845
74977
55620
65446
29806
51307
3209
50739
64058
8116
69560
3970
27556
51561
81131
50426
52601
92959
13632
17299
36629
6213
6541
19314
55716
71951
95828
64867
18654
79557
65600
2851
54534
21221
84649
692
88880
87858
51432
52938
95974
37344
73261
39883
88906
70744
90309
57859
63703
20294
75158
332
42859
98051
35998
98576
70002
31826
79795
5008
11384
45395
7859
82270
82968
92508
82963
71848
80367
50747
41139
92693
88091
14400
32576
93349
85144
39238
51208
65199
75884
26366
65532
18743
24417
1530
17319
10771
49709
97114
15779
77445
58862
23638
59715
41830
16147
42678
30031
12866
9777
71170
5559
97869
85570
54488
7570
87066
10078
58779
52265
85962
1497
34149
4705
42267
52032
38377
53038
1741
51843
68818
79186
10705
92456
38901
68888
24955
97932
98919
54173
7709
70089
76085
21930
72011
30573
29501
59077
40651
4632
27694
42965
6129
61844
47670
48396
13876
86047
1435
15617
37891
70253
11155
64948
79061
50056
33836
20369
64340
49107
74542
88402
19196
50627
10332
7559
97552
56185
82988
54555
60817
10683
97520
66947
88879
45191
15343
2755
47590
33130
34724
1833
19735
45879
66782
98797
12287
16970
19166
76628
66078
10060
65030
1626
60688
91714
9186
74592
47900
92174
29148
8717
19209
26668
92016
8088
88211
23712
10843
35802
56842
61919
37635
76578
7798
4417
91727
36438
21388
27245
29418
3818
37305
10800
5444
14345
2514
14630
88938
66766
23157
34438
91836
42366
61106
83852
50455
49318
7564
77650
1472
80759
39570
39107
73689
47368
59877
65416
158
97617
92661
29576
1435
46318
40376
23231
60664
42891
37862
65954
9657
77371
392
17845
19737
77850
1698
70192
27168
25614
47843
44992
6373
87413
84100
96414
51133
60329
61830
67644
57946
70843
97220
75733
17162
37597
98964
77826
96840
53178
60132
22849
30549
60524
40695
50287
54726
42393
36831
98247
84359
1026
43239
7085
4791
43691
3499
72277
4020
65330
39921
78318
52525
37141
70403
69687
74738
85720
63865
71578
38898
23997
94428
85800
873
35123
36087
71952
93868
89270
70199
78227
90297
13438
1664
95088
57130
5164
83717
77502
86846
23638
72173
39371
60780
42576
25411
51870
28296
89276
39801
83547
29626
34229
69347
46851
85704
21786
18803
95924
27408
89002
90503
17705
18793
92168
29146
92275
97332
12863
69777
530
52854
58302
39901
13634
17231
65312
65504
61879
70941
21657
45426
16919
55886
31125
63770
57942
69263
82574
70218
96672
87928
60722
14377
23073
52890
59875
15348
66574
89091
1478
67104
41945
59780
23357
71931
77011
5022
53787
55243
75963
75445
669
9234
47683
48147
73004
21978
17410
71930
92196
14082
76211
52918
44812
99284
22160
21039
14633
5086
10130
16111
88542
68427
92243
28252
40358
85607
33274
94146
40850
25589
85943
41519
34823
33626
6018
24179
55604
23429
96110
47801
37511
72321
17071
98675
87957
55584
19715
2590
60670
29845
35053
65565
98273
27297
93817
54983
12904
27091
49129
53754
69032
51424
11625
20207
85051
17644
44386
40655
57425
40496
4808
94936
29169
21880
9964
17127
93816
29679
36069
54486
59524
71123
20051
74149
14772
30220
29133
44028
73663
94614
97782
42695
46039
25759
62902
47442
59755
23641
4449
17180
80489
9258
28469
9659
47490
38433
43138
41306
84464
95559
12144
43988
66682
48548
34490
97806
95120
63623
41834
68784
74589
55968
11479
36980
81728
90734
84422
57835
14375
5224
91368
94864
30834
36189
20875
78324
90974
80365
35982
75438
75925
64478
19426
58959
29378
70268
73118
24499
33891
14952
93283
24833
70921
21114
78165
69001
28200
78940
43188
58927
84164
34556
70144
14998
70745
91019
9674
61719
87737
62008
37157
80014
26486
72936
55325
72217
43204
28443
96716
93448
59748
6351
34633
47021
43817
12798
16022
72018
91738
75562
30945
75902
26471
1089
7252
13568
8461
16926
91640
96198
78934
28797
92564
21773
18085
47889
93990
77642
92685
7058
87442
52433
13409
22075
99454
73578
34873
31828
45596
42964
7390
76542
35218
50213
77631
42471
63782
86092
59397
55422
98642
38332
571
91206
76457
18657
55448
70447
12651
48133
93857
93
566
23618
22168
16372
97196
73393
48200
42793
32709
71942
19335
67928
22156
13318
10399
2290
15763
69796
57712
14405
24480
58283
21964
937
93292
77412
87736
5943
41897
81593
6036
58815
5211
44556
75187
2408
34302
39739
61553
67011
28033
80888
34939
66541
10558
61690
68831
26321
47839
26543
57079
72319
1179
79043
89609
94471
72807
93697
415
31056
91643
22803
89871
13206
83712
81410
15614
18014
37501
93519
85025
81886
90759
36317
48428
1318
98007
33611
43991
45846
76507
1070
34518
77686
96465
24127
88509
85624
34176
5276
16680
25819
28080
22903
39026
11792
20665
70992
46158
58166
64512
31183
56405
55271
67500
21185
72941
81860
54796
16933
27706
47655
34355
62224
41693
30821
2703
30203
32797
36880
35479
49478
79051
79911
88733
18077
8055
9399
89070
54213
83917
69934
1749
40322
41557
85601
61507
14499
67461
32656
47784
11520
80311
82139
73744
38357
29312
92800
68560
62110
29680
20391
27940
8731
16655
33025
43161
24710
42424
48583
95276
42694
18517
97025
83016
76426
98978
60876
7277
66440
9884
55061
94312
90195
53553
68056
28552
99217
60856
13464
77679
6888
33856
21971
31972
50511
54997
91485
91573
13773
40068
86849
56467
74937
226
55836
51363
99205
33064
58641
81997
42948
30054
76309
49495
99959
60717
78048
99177
37926
7864
76856
61166
58072
98828
93138
24935
70177
84623
16509
83950
41043
19710
56770
15980
36289
12606
83696
35494
62022
42337
33843
4970
88743
26504
54465
88703
87221
48865
87880
41499
56730
81088
2666
31154
96268
12156
56090
66445
13132
88951
50396
54175
8661
7166
86508
44950
36124
70204
96796
98146
28893
46991
3116
17636
73495
73933
6339
60717
39151
10571
18568
95881
91660
21234
43387
87928
49743
99477
54374
62875
4780
21122
33402
29794
28288
19910
91096
80764
90114
87893
78910
19007
34884
98378
52996
24732
88663
59335
85449
27814
69907
4017
40047
77919
41604
83435
65847
91347
99264
36573
70574
4045
57695
3976
33839
2335
40239
24935
83099
46705
29180
78361
82065
80417
76739
35061
5149
81755
10748
6950
9569
80655
27319
49617
74926
68923
33052
57126
76622
48668
10051
47196
52713
67747
67525
86552
86434
7764
27840
85886
54469
73372
64247
36534
53789
57339
87947
58938
39094
98696
65888
65015
95703
9560
14632
70630
78483
64036
27756
55106
12705
37807
18654
81770
21906
86179
84675
24693
93943
12515
10579
64765
85887
74826
17651
56029
48517
5599
14967
3963
4295
97208
68979
99998
6768
83611
70628
1603
64000
14736
73061
93057
68896
8068
74827
90802
94247
59502
15495
4543
88369
42426
85660
74257
33605
3311
30286
82122
8910
61605
86086
13205
75165
71417
13204
98285
71380
184
16241
35380
31273
89302
28437
169
97370
19617
7323
7970
79119
39171
28865
67489
81597
14525
58098
15202
17836
4736
13677
26747
82693
16115
56304
57859
87532
85860
72496
58912
86045
88737
10645
17318
94392
55434
33839
8114
75051
41162
32436
54171
80333
61301
38012
61931
75826
96110
93485
93663
846
23514
36762
83539
39629
93066
57750
43513
78927
46599
18778
81324
51688
45775
98642
62432
1209
48833
70547
76261
89995
2983
46784
70329
80637
84796
48612
56463
97258
58449
66478
98104
81964
19592
97995
37945
12659
72098
81459
7938
18697
237
89262
86737
62364
4256
49170
63573
53089
19717
56186
59436
39052
2970
29765
19689
4118
94729
92505
1376
53179
75335
15832
51495
94928
30180
89440
23939
18630
87251
48229
37327
3840
37491
40416
66204
58099
89586
29778
27540
9303
2316
86976
64708
5287
33094
749
25757
44175
9606
43486
13706
1294
75670
65201
96222
5850
70994
36513
24480
58245
84742
78159
78438
38585
18576
44642
13036
8162
90772
56928
33818
93089
43904
14878
14728
93350
31979
40485
37526
41586
83971
67584
42880
59642
32786
55454
81844
20132
8319
22677
94729
9413
17188
73167
64350
35764
17810
77386
60279
8582
50666
10449
1671
10922
41679
16399
4273
73658
73237
58151
31596
73560
25735
90828
49554
74873
46282
31399
95005
70953
70428
89735
80366
87616
62902
44716
39733
97064
38454
12
5647
5472
26813
23670
16395
68492
56422
20668
58502
29659
95171
90099
3219
20906
80927
52774
95780
43562
525
7137
14515
70953
96872
11234
58569
76127
72302
98302
73191
27109
14666
95190
32581
57831
18861
48976
26323
75283
85996
1178
21294
81167
91277
40865
18426
72204
9991
30558
32118
10516
37695
46634
97821
50920
74220
72743
27047
46522
87397
16590
73631
18416
11781
6213
76247
46994
71541
18923
38629
57538
20101
59923
55057
11378
17140
73483
99934
27132
4041
32053
54000
58089
95039
51822
9009
69259
40917
52408
32133
28314
85350
5765
46730
97131
28330
39330
60477
16223
58253
99106
73761
78354
75381
45171
6084
92522
18654
22370
36006
39048
70775
90006
97137
82166
58180
22498
67777
99097
74906
99911
43764
60256
22028
90494
73740
66710
46176
50569
82933
4429
49676
73047
99135
41409
18218
21571
50283
36872
60294
86289
75920
31069
92648
89409
29588
67180
11907
97365
66278
3165
97276
26394
79774
35656
33240
53514
2366
79417
20435
85300
83846
70111
58347
99334
27873
92917
20905
78156
46141
97551
80798
38414
44973
73446
27823
74561
40626
39731
71926
23256
42896
85555
66002
22670
21211
99243
92536
23578
78660
12972
25230
78858
99435
99929
94544
27308
92846
15450
21817
55339
29353
2615
93753
74326
76061
21577
48887
33039
77660
37166
72648
36908
39073
38650
75931
60284
37893
84819
214
32905
14143
41796
28116
29931
58077
22660
57239
67275
38110
95408
22615
83816
98023
16368
58142
90436
54297
7030
23476
48309
60548
12476
1570
99621
51126
93853
76257
5372
78672
76472
38277
9168
34620
66393
39099
92698
89054
12690
59973
43516
8099
82588
27332
6122
15309
1827
96559
85958
25209
36387
34268
85757
48863
52190
85378
16341
46043
77987
21713
24715
70811
76343
50235
5432
59088
89334
98130
64494
18377
74455
8011
26476
73396
51695
48950
88705
69874
61861
74663
95083
98248
25283
80840
63463
77473
82570
79805
23516
60558
1518
64584
31369
94213
14819
53153
53302
20506
67635
17796
38883
42091
42159
81711
31839
10207
30661
20544
80081
8875
11559
91517
7123
36843
72357
86939
30668
71280
66744
70537
48190
84614
35121
95911
78828
66292
49065
48482
86798
33052
66278
42033
91495
24790
23744
23334
51349
70758
43878
31430
79633
71790
39299
3108
24985
28009
90047
55653
99289
56791
42542
63831
41406
94015
59742
36586
60308
25159
85068
63458
74564
67698
5492
66059
8840
29236
89394
60189
16346
49624
7972
95979
37766
47271
99088
62751
75280
89135
34757
90921
62279
77299
54752
20037
71315
30847
56623
47975
56006
58043
11433
30570
25741
33277
12982
50934
78866
2376
11123
95212
68352
19095
91192
6119
82719
6632
85222
57999
95767
19979
48921
74398
13631
3673
94435
1298
34520
51058
49273
6879
25453
77058
53801
67547
10336
66783
18481
89202
85511
29604
84414
70216
65052
91958
76335
47771
98590
77909
5770
10710
97889
71043
85108
27872
91069
79544
29170
25589
46954
78443
48820
72408
55501
2622
39955
82189
85757
74788
71391
71269
4392
72158
57837
69444
64116
34172
33567
79059
12081
39338
89769
26322
26733
91229
54194
17802
87125
99716
59744
34080
78159
8564
22840
50013
27538
79147
32202
13296
53935
19946
917
74679
92104
58754
60476
56220
9278
94043
51631
37711
49733
57752
80386
76467
48982
34580
94269
36107
50649
54013
86539
28808
78930
25731
95173
6468
21230
43728
36116
75165
63674
53385
66197
55778
12139
26673
28350
37769
37068
79982
75481
3154
37734
55867
79621
3068
6799
90242
55528
57448
60608
58419
2609
39538
84151
14134
62358
5381
57862
98475
96899
21536
51860
63096
77314
80352
6121
5665
18121
59541
1999
9954
62695
56085
82173
58668
59154
88973
48911
14682
62773
25871
73101
81734
65409
73604
95869
44119
95338
53731
42594
92237
75268
10807
71685
68934
91159
94158
90951
25632
70051
92950
35587
32747
49036
17760
91415
24542
23085
56678
39224
2211
98901
28677
83945
80662
18634
96166
24782
13972
66250
83728
22561
57870
94535
10598
26804
2046
21108
34108
27679
91159
27058
79618
23906
92446
13730
31674
16988
36816
4704
72564
55379
3606
17594
39324
84268
52580
51843
25402
66552
18093
9131
5465
75963
20018
32415
19119
22065
53523
53227
66096
44682
96638
62066
84941
89084
75796
32967
6073
28964
37671
94989
84343
57629
12583
40020
58250
65163
91863
83652
48067
26308
9135
69884
2271
29154
2299
37742
67571
72174
90970
50019
16857
87608
12085
18150
76692
4233
51117
99117
33198
88788
10459
17541
62770
23042
73913
21020
4558
65776
4672
68977
92084
30160
38862
10707
59314
57513
48450
26885
29688
55772
76904
46545
43380
5341
81047
36424
9574
32164
51894
42772
37304
62353
76666
74
1747
50579
21094
22657
32708
42119
91635
41144
72279
46849
51852
47945
4362
16654
74830
34050
72426
68086
96947
32158
73427
77994
84934
83001
26510
36828
42126
63815
15533
18792
63889
33633
69371
1336
56290
18431
59807
64277
59576
48438
11126
11428
96383
15489
44434
87565
65891
16860
55651
79191
65370
45430
73537
50304
28431
48
87133
70557
63863
19018
5701
44104
52651
91425
45440
8942
9856
21599
73219
69432
70037
698
97212
66420
32539
41646
53985
98430
58506
25988
93973
23876
71418
67511
90533
16202
67559
94018
3111
47774
13036
8813
91878
82040
238
53671
90982
10094
75270
80553
95879
45308
97603
93091
28080
30142
34738
98418
44925
9596
24406
38898
49825
12177
6409
40358
28379
90320
34376
31490
38094
63764
56655
46325
45804
56893
99996
53138
83340
91618
50044
79219
53278
47647
88662
81359
77790
23400
79777
22715
32997
20535
61613
82822
32712
84375
39532
77443
74695
73908
8934
29142
37672
81941
75467
99829
55187
91815
52967
38527
99785
3011
34098
53064
50659
22760
34423
44801
46161
30552
67516
95510
67439
45481
94684
152
46208
34216
77595
37256
24476
2881
66398
78500
84823
58217
78329
40010
66384
31297
94889
66169
50660
28987
19233
1319
68099
70008
62472
30612
16912
46340
26122
84352
91822
37158
856
54382
71374
78451
91638
12202
97685
74388
90703
98860
48957
85384
38870
15341
33033
50111
97863
83694
95450
17096
1365
63549
3457
63838
94162
36721
10178
36636
21073
18352
73795
21929
72735
61521
16733
80725
90076
14418
55114
97131
13278
4071
82515
68500
35765
15549
34963
33628
15595
30413
67076
16960
10314
86885
97150
20828
23607
23681
57465
44680
42033
47612
82962
31120
25485
99695
11846
15561
30465
83312
12692
43743
3735
11560
28595
55852
27109
63558
89480
59056
10323
72909
92368
20637
59794
89519
41466
99753
13200
15283
44434
71585
62895
27396
19058
4732
43443
47256
20294
73908
30568
49338
34003
50655
60898
78950
6508
4359
42508
12340
63415
69183
1601
55784
89820
77748
61655
31286
77501
74855
46569
21935
62792
25816
65683
81850
30549
25478
29106
67195
99386
76026
16533
33389
26682
93784
28691
49542
98143
71199
78234
61559
40382
79836
33695
46555
57584
95350
94193
35085
86557
40763
73373
49349
82931
55408
47552
29832
80887
93010
97027
96625
69037
13561
46367
12071
7345
75058
77965
21840
62610
56199
83399
19344
52387
33446
65899
9971
28796
60093
61409
31705
17208
51134
97407
16491
6542
44959
46324
3781
37969
43351
407
23358
73264
63126
35429
96961
38184
29746
18802
794
85946
18553
36491
38333
52000
2390
64657
97148
78835
42418
28854
12395
93552
42613
28887
16446
87572
75211
36580
41893
34914
53339
81604
8179
16465
33385
21492
71001
63132
40294
88148
49078
75200
24639
3763
43552
43381
84772
57052
38569
43542
2258
50964
53446
44871
79851
86245
48795
71414
22825
90689
6329
76164
72293
30860
8981
22030
52352
96334
85162
8999
84482
50592
551
25473
70708
60455
68855
55480
17507
7424
15375
36118
74740
68821
80989
54592
55066
29785
42358
77891
36826
65039
70407
25471
12251
95740
47501
80956
92075
32664
6307
76557
99608
6858
2031
70316
83665
87238
42149
1172
11014
57524
37290
85754
26345
34632
56698
97764
80769
99057
75655
17595
80448
62415
59418
92700
58155
23271
73656
66582
72287
96315
59492
71896
3173
61523
42212
86838
65113
84361
4362
76127
41885
58005
61881
84583
92637
34932
82347
73406
33989
74354
7353
30789
36769
66771
23489
11277
90042
13497
77859
62330
9812
37351
50578
29337
15226
92790
32527
96691
77152
53242
89170
35389
11247
51052
19972
20236
2336
18671
93642
52677
93026
17347
83466
46147
470
23308
57424
6864
53157
51636
69194
79322
5339
36124
8659
36918
28915
57539
33609
22419
10781
22780
57808
38380
90184
94133
58616
92520
12804
68610
45197
22182
85957
45015
68330
86427
68323
42106
93291
37833
93742
78838
17155
15434
14962
42166
52352
60229
99705
2313
82648
10486
25093
56809
48866
31629
50942
23834
40501
80098
92444
2050
2281
78401
47066
70611
81180
31741
12717
90824
69574
22812
69662
3081
38246
976
45248
6950
61206
44953
9263
60206
71792
50709
17015
37010
82338
67957
60845
22840
64408
69641
24890
66689
48043
88308
53652
45575
36402
66369
36399
5976
5533
22413
25410
60131
39742
70658
67081
948
15611
76345
61154
3755
27054
78170
40766
25744
62479
17963
64936
26887
87604
6179
9928
51999
94487
63580
97575
30889
46302
50326
53218
51835
72740
78628
11967
12482
65638
95400
29782
81249
88097
7288
1357
15151
1810
42123
57248
64290
76438
22184
7529
64042
28363
17458
16042
39203
81038
29969
70092
27340
80295
39662
95528
69387
34642
23847
98221
280
19247
44355
97882
7345
51644
99239
38848
69806
57714
12448
50448
34152
34633
57978
98194
62996
91788
30588
2199
72826
76909
88644
16519
57205
44658
28399
42944
79301
52246
57518
79581
87845
1873
93815
11542
69869
93054
66743
39676
50768
79191
90124
1272
13824
64454
99467
93173
56242
46407
11724
45421
23317
16720
78292
96874
61379
6691
39818
57032
75289
13688
36613
63134
15562
46781
91029
1783
39835
57772
41459
6956
53315
47936
8228
83492
28742
24047
93017
84985
86807
4741
46758
10124
21462
25050
23350
99193
48093
79520
56225
23382
93209
9190
2868
8771
55971
93897
26906
12159
68021
68366
19115
21337
32654
43695
21181
61396
67743
14198
62733
54550
18939
25843
81026
56753
50893
4376
72298
98986
83896
28523
38720
93457
37714
41589
18580
10037
35486
45487
22196
19860
30205
41311
41197
62859
1359
78730
40607
69102
92928
19693
40004
28219
45536
37382
1325
96430
58110
73623
11768
58358
2147
50489
51816
56213
92078
70396
66250
43916
15883
88447
63776
46088
46110
21325
8947
47469
55
65907
32923
9335
85600
89279
37555
31136
26661
38880
43918
84771
12503
72039
43130
31002
38880
11298
3567
30958
81694
69818
91226
97578
74617
55003
43666
37079
92680
68966
901
9088
34873
33824
18423
36825
39456
55978
84313
82469
11210
44584
83593
40066
16623
26723
87420
55503
38021
90988
2813
36067
77158
10391
33645
51775
81746
93664
5206
74427
62630
6107
83515
13855
56284
18290
67032
95740
90621
51345
78209
1831
12281
61802
58249
45256
4877
45670
17111
59250
53010
19924
95318
30168
46668
45315
98295
28414
38979
3501
2841
17961
9609
2708
31816
82245
37351
15200
77985
27972
82898
72546
46155
95179
50701
4405
40436
71930
66427
57547
31181
19437
93824
42851
49605
40492
4518
47900
68906
43498
67753
88100
61459
93714
7160
9628
75959
44511
24828
53944
72483
7726
42843
34991
19258
9896
39396
59694
81826
5823
33593
29359
41612
43769
88562
91217
613
93081
55469
85872
52931
23222
90324
30742
16937
97484
40370
92896
58348
81551
63193
30831
5629
22388
65822
24887
32284
21570
933
14110
43745
50879
43470
85357
11000
32032
76574
11614
41465
48395
97486
94396
87970
4162
25139
4907
1646
81861
14155
59994
63412
93700
7178
85394
32440
89352
10281
64724
27275
27567
95187
71020
94798
55009
56378
5798
87041
49304
17412
44859
14052
31250
39255
2022
35412
64394
23281
53411
62608
37436
29757
26020
47489
36935
11414
79929
42640
38048
44654
69915
81967
39841
57287
76765
11202
13665
82563
98243
79322
16328
59454
93374
63930
98710
95396
15695
79456
18677
69106
42064
72465
15215
84437
19954
52151
12203
16236
11143
66603
60890
97410
48570
17083
54697
41687
44637
68363
40603
42880
64037
56931
18687
73763
37213
17397
69159
52908
13205
4188
38366
71622
93005
53582
72411
12960
22085
84614
45548
33228
67570
22790
30638
32492
56225
1687
74180
862
86402
31135
60094
50439
4418
78781
24202
41631
12530
9713
10892
25736
30253
49258
13710
23259
19192
86121
52571
41277
70735
98119
90857
54657
20909
37847
87150
77134
39535
61330
77996
25937
8817
38090
92729
13235
16872
33283
54866
29402
42997
65758
71490
73250
31369
85200
12861
50561
71321
65432
8191
58409
63551
99048
13066
84460
53248
216
61594
9135
77898
55942
51424
86715
94033
44153
99950
27257
77437
71169
56659
36786
36927
28150
26388
68296
29702
39250
35210
1024
4682
43401
59433
84586
58801
72499
69046
12049
89068
46993
37536
66966
19287
88961
70034
13320
49466
69984
56929
43255
57505
13589
80041
94433
58091
22782
79081
87793
62032
30643
5169
83066
74044
80954
67652
49198
53454
53051
77599
58874
16396
15136
42192
35683
20449
12226
65356
69915
98563
22285
13171
56068
35874
9564
66853
10317
32346
62287
14463
10730
92930
35984
10149
83327
16939
77801
32525
86745
47204
10124
45619
63600
41612
87811
99284
62061
38
64640
31977
98601
86925
61500
71021
39152
71064
37875
65821
19763
162
96636
46845
93092
32621
56994
92771
49560
51148
25296
36305
98352
51773
98276
61953
93385
86087
77589
55447
2477
42229
3776
17430
45506
65276
88452
1010
52692
42679
66832
72455
42841
63468
35653
52285
96089
92647
45057
62001
60147
86705
14658
58500
38478
12934
36805
31864
99022
14394
3663
1499
72975
7439
35282
18481
89067
23734
19492
41759
66413
2676
30567
25606
66144
66220
94243
78586
75219
55652
56939
35367
42358
71598
10219
97188
84532
63376
45404
99906
77770
65419
17758
67097
72858
53040
1930
78277
93126
37774
36389
75891
40450
66956
17849
22947
49528
12092
17885
41099
84097
74824
92818
26455
62774
3037
39995
47307
66413
85400
63565
60535
50819
81323
27632
40030
34363
45915
18307
43841
83689
54696
19732
24140
38004
37581
63439
3884
66026
97676
44984
50123
72500
37802
92930
35275
57192
32925
98934
39957
34677
62499
493
1849
60175
44477
41879
10890
90392
76538
54732
74082
47587
90816
14574
1943
28398
94365
5828
94424
92041
67164
60899
80893
4966
53829
32520
78510
3106
31454
18468
37784
10306
18961
39633
86833
79790
97864
97723
70183
74402
52455
60617
38341
43272
91543
40285
88022
85908
46113
98798
94301
13277
76049
75194
34595
29878
7715
13106
32984
55521
31574
87120
82179
66887
26753
69012
63029
24617
66736
33212
15372
35543
10181
53713
95167
1724
93998
99541
3984
56463
14691
14637
86092
90740
89832
20688
20618
13899
50146
69955
85772
98072
57075
67952
81311
181
53316
44340
24798
36404
93905
56522
88300
4086
10236
83467
22163
20586
99361
42499
77050
14052
57137
63142
4793
63321
182
41763
93572
50328
28070
79344
64752
1498
63648
46063
1679
16965
90404
42829
53369
84309
99352
41669
4747
9588
41489
26910
30174
57202
85762
23576
71254
59251
86719
92399
22572
3253
50515
16144
69934
78585
95488
34686
80083
59137
80750
81762
92454
87506
40944
45823
71815
40296
3845
92914
66236
61686
19825
12762
18888
21939
36339
90142
81190
39410
98894
3762
42663
49409
36258
12597
44346
48098
63636
24430
23587
44386
22544
16041
31892
63488
78217
20059
20136
82062
12973
86372
43748
49150
99135
62636
87441
51826
69130
68631
91236
68024
88745
50251
33785
25003
79201
78132
73102
42837
2562
13041
3575
41458
29083
35467
4947
7300
71878
41435
5714
1203
27808
65814
66706
43295
28450
54147
95121
13932
22779
2709
98309
11524
52960
32094
52880
32161
10226
42334
91350
29140
55375
94925
70599
810
46744
91898
8110
18622
33333
30176
19826
77493
95990
86532
37140
40792
57031
32261
54725
79810
51322
53034
7687
4283
1480
60567
52796
11707
19253
60499
57199
74628
55424
44150
75439
2169
36048
99901
37143
85734
30078
73321
79579
26068
76205
16720
83213
33237
65333
37938
29399
16656
7324
37086
37291
8804
14005
6439
36863
33258
83290
94063
24239
38715
38213
16030
57236
90614
15931
94379
92700
62361
84053
72279
4782
60258
5351
87995
9847
87037
25933
39247
20045
49609
76333
73688
58413
6691
80127
95277
39949
79770
5692
64188
18485
43905
80218
92073
50871
12502
2804
43571
74863
86857
32203
95997
63468
53906
83992
89667
40943
26277
28914
77340
75886
21600
51028
50652
28291
47508
62281
84592
27278
67973
48781
62115
28230
45351
54188
79102
57853
56992
39025
49069
60202
87580
45066
40022
41487
29059
29689
98782
71688
58604
76123
47575
96556
43503
98227
41199
91011
76860
25791
18289
44833
90924
80404
89415
36276
50944
68517
94129
24289
23895
59550
84491
11475
4617
24513
69314
33676
54202
68097
5364
29158
60572
69291
42066
4075
83870
83265
95087
60730
25409
29728
21915
16333
26485
11331
52609
77429
96200
63091
1718
20095
22641
2561
31571
27258
27074
885
77286
97629
85334
99003
43139
45906
68294
85206
49982
68517
84823
61421
45599
10232
91149
67515
26566
17634
78846
95527
11416
75046
58618
29486
11494
97612
32048
59417
41222
59122
76654
18509
73103
61989
33864
16243
24247
18510
1449
90581
87027
2624
52002
32627
12857
59504
16494
55775
93490
11692
51302
21258
3090
26273
50745
14584
23885
82793
74001
65107
41915
50656
99968
15019
28997
50184
47614
53244
68695
65415
60178
72074
68039
12180
4701
80896
88036
37547
36671
97879
49239
4326
19137
52330
30599
69882
66914
70836
52675
57268
52295
10943
7924
52264
42314
53273
2448
89928
22869
87495
55343
83047
59570
23382
11580
80623
20631
99616
18171
73654
13847
67410
77980
32985
36092
24931
2867
19359
95767
71895
76627
48063
82838
903
16679
25152
54176
35479
31432
77045
39327
86775
76445
98897
26509
88025
79520
63492
3993
14043
53499
17841
97806
31479
50826
33898
72763
70045
53257
84882
41940
46236
49297
41130
47139
65976
82634
17667
17808
14066
11065
57135
17193
87510
72384
60055
91887
51904
23547
95880
65948
77046
13721
63754
24878
64547
14004
13993
50945
83614
98875
92885
29850
48173
34016
93342
30501
16650
27361
64661
47069
54778
38148
64262
58640
10532
24317
50527
78789
64217
46408
61089
57615
60129
24843
82493
41029
55199
96486
91974
38813
11714
1211
85016
59887
51579
78358
90388
68230
22071
71402
15299
76850
9550
95913
35490
20083
20231
86018
98872
800
48778
59961
58415
8907
1156
57261
66288
72707
53747
74614
11521
65461
75826
12889
41700
27405
7599
48441
11987
29670
19843
43638
6520
29393
39552
58363
65828
76135
44381
81052
76935
9511
57365
51702
34770
74873
8963
1059
47581
79063
92025
75454
60876
67851
88343
2577
11609
95942
67370
39948
41964
87213
83587
48485
32958
39491
23200
15139
15626
83933
96191
8913
93444
69909
76967
28214
44782
85931
45625
92363
64994
37651
84169
25870
21854
88864
28447
33463
84806
95817
73412
43123
99382
73351
91608
48693
12842
31160
63832
44820
15093
60023
70085
8537
29932
47052
36751
91067
32983
98729
99782
97977
36380
83952
40200
58234
72816
84999
8050
73975
80817
81462
17098
96551
71165
25058
45244
84007
56218
25428
45179
71311
1804
15264
96200
31736
62316
32951
39155
95300
31680
38938
9629
84412
22890
49829
42647
12058
34829
50697
86033
31998
48511
19483
28549
36028
60893
90146
20035
17111
15574
65214
4774
17378
96830
974
65467
59146
50278
4622
54446
98310
59912
80428
82723
82802
30257
41722
11213
65086
92419
13598
97084
57282
33082
41986
93310
93975
48484
29697
27439
64058
11263
32213
97789
8093
33188
79608
83591
83466
84230
38038
98128
44143
34818
80851
43297
65075
22573
54510
30162
31344
68109
43598
4978
17543
1936
14640
27870
50420
60689
55309
30831
71952
87523
28620
96397
37063
8228
79989
36881
8810
34379
35009
69305
69197
15861
28955
50624
54786
83465
97138
2483
67926
40737
7461
1821
42673
22102
29692
93094
82791
1353
23925
71096
5228
68897
83845
42291
93477
80186
95524
2287
30917
30534
87945
16466
62747
16900
67091
17533
365
64229
20016
84644
4966
43830
2817
63992
65932
32509
73438
65075
50215
13715
52523
55443
82612
36369
14087
92441
32907
9611
94728
63825
56497
82673
80291
19244
99573
47382
53130
16291
27964
89498
17287
49282
33328
20104
13274
15612
68966
3064
97040
19181
16779
49563
90976
15743
2284
5063
8184
35192
31027
19265
15369
87524
1938
12012
6769
17864
59395
59899
50507
3711
49397
67794
52993
82726
4250
82620
14690
73216
85684
11730
92397
2464
61294
99726
34559
79930
4789
42744
31474
35816
62009
46843
23341
80299
58856
46462
14515
34603
6361
65022
54666
72110
49168
7659
71188
53419
90279
85879
26635
75964
13961
35385
94780
91607
35111
29339
71538
56252
72083
19364
92069
50444
82560
31762
47096
57768
78224
61611
92371
937
42986
63389
73047
92154
71048
60588
61925
77680
46467
88561
53644
76780
40298
48424
68388
91761
94115
39926
48013
82551
59290
56434
49347
58202
88196
96443
15970
82772
74407
24693
83709
17393
88082
73109
25899
59131
33697
87825
36811
96516
92738
6807
73296
33036
71583
41684
41149
65698
97962
89162
64601
73605
45597
13949
31807
50145
10392
47778
32918
84799
72471
16627
18544
60554
89736
60796
36037
39785
48621
89200
36301
57711
96007
25950
7099
67590
67634
48248
49640
81949
37410
14242
55554
99359
28191
3713
49505
54935
51491
82423
56087
40315
15402
90983
17221
21491
51779
53258
61276
16752
58810
13930
90815
54817
39880
97914
38759
23866
46162
4751
5815
99925
18993
77721
99284
63536
81435
65141
34824
49278
47564
90911
89593
62967
81894
6814
84458
50026
76424
62086
66778
35234
76016
57594
6403
15896
71860
45162
56115
34375
66266
78282
50652
1611
56004
49936
65148
53791
15078
99972
3069
78994
7235
9015
58313
5481
32181
42771
55507
24958
4858
38638
60192
97226
12584
82948
29475
796
44462
85590
35171
10728
63872
85823
12340
36228
52112
93840
6371
83542
93812
25793
62536
17399
51160
37202
22880
83341
79973
94740
8299
1183
49730
84844
98410
62314
67792
27885
63110
12254
29827
14634
22983
10051
457
51675
62632
68921
45515
69003
52463
55679
94796
31352
73078
45956
68554
12310
45650
64879
7050
70301
82415
56780
55145
97177
35446
39289
25062
14909
51544
71241
29543
90879
81292
46352
58906
43924
31626
4421
12928
84089
60100
24076
31793
49530
86385
16699
61840
32035
97931
68891
2336
80346
42023
73834
93875
93822
13123
18937
8731
81019
90178
54626
88250
87822
978
47156
31747
48956
51577
61027
49398
11677
1455
81191
61207
87840
14243
39400
36227
28526
24643
54916
25224
83018
45102
19099
76840
58225
54388
85571
39245
60918
56549
43847
48740
73880
91004
96839
22836
42581
57866
72234
70611
59322
69778
48170
63514
373
87570
16094
28899
12213
71010
54123
95232
16112
89574
88424
90689
43962
90348
46286
4880
46897
90134
53620
20777
81138
50460
43614
23719
24678
15848
10682
352
1978
58853
63867
2351
62775
79961
31250
91341
67323
1725
2925
83435
91299
91349
90476
35261
81697
36763
56493
28595
43249
26466
49372
24387
93278
9338
64458
17956
41539
75141
18309
43517
50346
98528
45869
13121
78489
93471
4462
45812
11549
7387
45599
2848
15089
52427
54462
96786
89190
10955
41733
32439
37421
7458
73178
47051
16796
37637
65008
74687
29130
99669
18205
79476
98197
80426
8949
93038
90249
13412
55202
1798
37151
17153
4647
68592
69580
75461
65379
75123
86416
23464
23914
40190
30922
13445
87241
64071
51082
68601
38758
96564
84622
56963
92392
82819
53741
1341
92209
43991
31105
47411
62141
84609
80916
66788
53201
66849
58601
34932
41972
45018
58397
82238
1560
89319
95683
5153
53390
63117
90107
92149
59681
74729
65464
52073
73901
35558
69767
66110
95901
872
29874
58042
85481
10790
41183
55035
77639
99784
89967
35963
61154
48364
34554
62714
54036
30237
84220
7426
9707
74327
15927
85740
65408
97744
54166
39309
33302
23933
21772
29203
41157
51646
3597
26639
78788
44780
81674
72780
44565
87993
25095
5719
36358
59649
84786
90394
6239
69006
14172
15946
59685
46452
1686
25093
44196
72204
80755
93850
96137
2527
39405
37295
54173
43002
80286
49313
87783
78312
22093
32348
66305
63541
54419
19015
23190
39205
25761
29429
24563
39934
61727
84248
86386
79766
9342
46934
51970
6449
57136
48108
8976
96541
1755
79501
55895
98393
28814
43678
76705
67260
92378
59362
30801
46798
78378
70343
2355
4139
16125
26919
60425
77852
11167
63163
57618
36861
26449
9589
43310
83585
74049
68638
80126
92156
48139
36022
90549
76954
96052
67254
60566
4783
42968
7719
67933
21346
78062
70288
41838
94187
97207
18615
88392
24727
81779
46010
77940
8228
71951
37603
91814
46000
6241
88292
38156
54381
40666
28705
47687
36719
12311
24605
41502
55280
32324
9435
92978
26738
96075
51168
37278
9635
69784
25670
34362
67915
71680
28654
92495
43632
66257
84309
5984
72499
88954
44141
43232
29620
89198
90919
66339
1510
15524
24193
73142
64200
49980
82472
7290
46056
33641
44568
72043
19777
70238
22757
4044
58271
51411
96539
18255
17669
97201
24239
6520
86155
84732
66104
15775
73931
57023
98467
91793
88899
39012
64935
69451
88993
63759
76741
51401
13752
21310
23444
33529
7900
46201
53925
66171
13964
50465
84426
47985
47666
8666
54505
33821
93398
36961
65948
83681
93984
80767
75474
99235
19780
56761
85038
25125
36873
61780
92878
50625
99442
16322
507
7342
78875
54432
89866
92839
4897
90644
40825
52563
15662
11682
2736
25413
48644
68685
9094
58980
65804
921
74568
85584
57682
59606
27061
94555
37738
19939
61533
53532
52613
62040
77227
31488
32824
67093
40680
37722
74089
97857
6637
89752
9539
25726
15165
74535
10763
40611
49868
76567
41532
24436
62152
15567
394
5565
26474
54485
25505
88007
8017
78118
66399
1596
25959
99224
85041
66639
53298
59131
64496
59935
48883
90387
85661
80400
81275
96424
21011
31143
72992
62544
71931
51496
78111
88677
73413
20937
59514
98918
8945
67532
77037
91696
85480
19348
90920
70522
85987
44218
29653
66835
20506
78536
57222
6167
58936
54849
18944
79947
85992
8288
58843
74275
76136
53306
62953
49549
74244
22467
48468
99541
6351
41857
91237
91832
61205
82158
62354
63544
42728
8359
30379
63234
86895
3953
85754
62183
58803
4698
58482
61147
12986
17326
35423
89122
86984
14728
55023
61228
53547
3491
60769
76251
61700
68359
84435
39257
50517
63141
2801
9597
71500
33180
72832
74747
53486
58586
36930
12289
63284
11764
73436
92622
29090
8859
98096
32427
39939
53119
93655
93487
72963
70777
86090
51015
39136
70525
90273
6005
33666
93074
15602
5166
42607
4786
79913
96093
63372
33195
8382
43008
44959
98170
51982
90402
23382
66430
22829
63321
35902
32836
73160
8865
3613
59250
76232
59101
29775
66505
65106
63441
75932
97061
84959
18539
18199
64872
30984
81572
14419
55718
40932
59379
53888
9267
49781
77270
75697
88962
56944
11599
21798
30104
36816
25412
5707
13049
865
35482
95906
65972
15276
71838
79385
235
6729
97584
81460
54065
95508
95879
9783
52793
71610
80024
62060
37743
73646
54109
26705
30590
82061
48504
77047
18877
90268
82754
48278
91133
34588
60537
73457
49864
48727
69194
66452
71809
66779
47912
25874
78639
60143
35658
31432
31754
32034
9844
69497
5680
63954
12555
52623
46015
61059
29670
81244
67679
28776
45875
75164
79716
6412
64974
29581
71491
34168
96033
43300
947
60297
69175
79587
20440
21185
27371
52194
53219
37216
38044
75251
1170
50599
27874
63537
28010
73896
61133
12041
19024
7008
87205
98741
29772
52179
44674
1264
86348
40707
60916
3647
17356
30091
99586
37796
67628
43310
6343
20847
80526
60739
12451
98048
11338
40325
77937
55700
14222
39070
67741
49598
46079
54946
48339
92203
23478
93013
93467
26178
50072
70736
46177
67428
827
45764
21577
68456
5426
44272
5655
85952
5011
18106
352
32701
74784
78289
88401
5358
17359
72494
54956
63438
27440
19648
55642
67270
12661
65461
93448
62734
36197
39626
46514
53377
1742
84443
38185
7168
28715
60192
9472
50078
94651
9824
99131
69435
88113
3884
91145
5472
76378
46101
85263
20171
65749
57257
3793
94763
39070
13594
57497
91620
69572
20363
44997
71314
4807
99534
94834
49874
59726
20658
16305
54377
30482
31788
40164
34947
35673
31309
56771
28403
93763
58386
64926
59512
31995
68720
70627
71066
82314
44476
62686
51886
64840
24035
39552
85999
39921
50738
52225
99647
71396
68530
70377
18230
319
26893
69529
52344
58203
26300
80747
68318
1039
62026
44182
33034
30746
14810
4100
29412
59286
83138
81298
24126
23525
20850
26477
63446
87940
78703
79446
59336
47233
49823
93918
63904
93068
63447
16248
67623
6099
13348
35941
7138
75374
80124
56525
22472
94934
76977
51884
54220
60116
49534
94699
99993
86736
21176
63440
74676
99879
42886
34012
63465
9061
44282
43721
2129
7729
59970
86105
13828
89670
22046
37319
81396
18522
93844
20220
13456
70821
72104
84029
47289
21638
95080
47283
8374
32608
10723
99402
48840
69961
49766
28657
79022
94048
72378
97503
1777
48700
83608
31957
38370
22007
69276
36118
40529
63120
56338
70338
50294
44794
70719
97583
82784
65799
44866
7510
14759
71941
6912
63599
41902
56678
92256
37276
50726
64635
51132
68855
13335
34740
17165
68058
73099
86441
20528
13629
65914
76867
83967
16208
38013
54686
30143
20798
36837
75010
28308
51596
46951
35221
15196
88854
8251
23804
42482
58978
4791
93614
44185
34479
44707
61350
2537
17806
64144
39417
31435
46410
16284
31754
78970
54298
86440
9113
91448
39629
84123
19756
91226
31075
54977
22774
36281
63229
46578
78763
38559
51370
72378
99096
85849
17085
76799
4738
34891
57295
44155
82679
3705
76792
14433
82675
47442
17226
8140
38890
56855
92264
58646
64433
39691
29976
87207
92324
9557
50138
71087
48116
17860
59817
63564
20061
93254
40363
24799
44498
97658
85306
43529
17715
78450
57962
16742
25892
91540
24883
64782
64748
17147
39781
29181
73190
69757
32741
65514
79314
99231
52953
43782
17091
29123
23698
53504
38729
64062
94655
83227
78072
79961
26756
12140
58412
1071
28882
84304
8963
53765
65439
90063
87264
21572
35597
60454
91329
68338
42320
86995
83921
11626
47129
1012
57101
70827
54516
95830
51241
49171
79058
45666
45484
22166
57806
20248
39589
86688
20905
64905
56806
86344
54968
44070
24268
90565
20877
15597
75255
79549
18944
59176
91175
82425
76540
48276
53252
47408
44107
20846
12931
39517
66512
58416
78035
40670
78664
33977
27358
15921
98882
516
2265
70202
44587
42885
60768
81816
58482
36023
61365
93778
11552
68893
76203
88092
17169
45808
35501
77628
66654
48432
33497
49518
23200
27885
90188
18217
61862
33898
34138
77096
34415
52756
63650
95354
95641
24418
77170
70476
76794
54887
80606
4698
23780
56810
92790
57302
18970
44643
51282
85624
9428
84780
51494
48980
29017
41682
67197
90879
91932
17688
84327
26347
86796
47977
38053
82437
88748
15223
69265
81894
70111
49872
86592
10243
23034
79382
67545
42004
40378
18828
43980
49806
19960
95474
98786
48977
53508
82336
56208
45440
24
40535
88140
86820
4864
26193
85609
9964
57769
71227
91858
44232
21099
78450
54475
60485
74185
22021
18841
14563
57201
79173
80721
77161
90999
79507
26138
44507
61843
82346
6299
78219
39233
10791
81391
60449
53337
67001
70414
11106
54580
62272
55338
75679
57075
9813
52516
31260
48186
71357
62175
5387
66882
42896
82548
57881
38755
8686
18740
16951
7384
41391
95170
62969
52183
92914
23419
5520
76267
93833
32978
30847
72457
88316
6526
29532
14481
75394
77144
62668
63103
39319
84407
29985
98567
66956
4218
37323
91994
22958
70626
15731
64349
82148
78700
32884
75062
2119
38404
51329
12304
87734
82176
84762
92402
5054
14294
6884
80448
7791
85904
59903
47110
70311
89888
62030
53619
94106
15705
61966
33416
86331
77697
97766
68479
72749
30650
43542
74869
85407
11223
87173
89493
93400
88287
81896
98454
18934
88780
95255
26725
91036
55158
90187
77699
61399
52217
31319
71857
67922
93285
5274
70605
87334
19392
39085
60083
50042
98979
51304
51801
10202
54830
57647
19954
43117
39543
18409
62051
44675
30016
5128
35711
85174
95316
13410
46573
47533
61081
18431
31808
70718
40057
2413
58052
59449
57850
34488
25843
73181
2144
93997
99736
56974
51644
19690
16444
91187
54451
94847
35862
84467
99976
87925
69642
95292
1335
32567
42825
78769
67350
90985
49487
7407
93399
23892
66856
67601
58380
9052
40783
76876
3049
40519
33851
54693
76561
50295
45880
31013
45142
98094
15480
61470
86019
1474
56762
3706
34042
99588
82475
17744
6925
48315
41504
324
72207
8360
84278
46939
17412
41413
23815
36813
81932
74018
91506
74845
24313
53738
5858
85808
51832
37691
47278
54203
39165
20393
57910
89559
36333
56737
7304
43258
5052
48808
59935
77259
73520
44213
24198
7285
85626
64366
44098
83910
38384
35605
58755
79050
5695
80966
64858
57528
18657
28488
11731
57822
48881
85993
47382
85214
42731
71038
44825
47783
36198
4760
25043
9718
48973
65593
33355
50951
29959
77454
34861
84696
29411
9968
63746
35106
90934
44956
8986
9591
73444
37070
83766
38678
23063
47500
40244
65794
34890
85069
29930
71088
6181
54973
97158
55154
36918
30514
22457
83230
24320
73670
67926
70083
83639
31672
21541
90925
76628
46880
16869
66424
83950
635
21454
23365
64487
78051
89160
99377
63120
35442
86817
85654
6767
83975
40808
43685
30841
79618
26915
71513
53288
11193
57948
53279
59217
95842
44205
35845
42722
61074
18622
26672
78061
40076
66389
42548
34479
71901
58277
13952
7343
45094
99606
14110
29069
56766
57796
76263
36384
1063
64128
89673
28609
22077
42952
87826
17919
87157
23672
60641
64583
58646
3665
42644
15074
70054
1544
49554
41956
59821
63506
49299
4915
63112
79762
50337
19878
37558
26600
72615
54973
90728
62288
83582
29157
21592
71409
47076
25102
11433
24069
89685
70079
44086
48682
1505
30493
50226
67411
88801
10048
30917
54452
31315
10381
34214
81652
46612
71772
24604
19227
43098
31685
97867
26680
60842
19459
14441
24271
60913
25874
48340
50599
12305
8779
15633
30163
39272
65859
97574
28073
92259
28492
82525
39927
55225
16740
37931
1837
4864
62536
37416
64314
10573
35283
90995
87767
54743
21788
12038
15656
47663
76731
82607
76320
85510
14592
6483
24782
80452
4058
69207
89063
48902
51732
45342
4127
84824
83274
22317
6041
62162
59733
70355
72735
95017
77702
60502
66112
99491
88893
98120
63506
65624
97080
56178
51134
11672
62662
92268
8476
83072
61475
13892
31974
29559
59234
52453
30736
58860
91122
36777
21022
50856
23484
10109
62225
17539
86964
44689
33382
75857
59161
96888
57833
56241
53066
25319
84266
32080
17587
92742
15152
95414
22986
63478
41325
98573
32284
72061
57433
23406
25190
78456
90614
48675
4917
52839
82566
91881
13880
15948
84090
73042
29188
41923
45635
98606
67242
29901
30687
1181
38996
62191
12947
61982
42022
54273
60555
90658
42686
34341
14064
67877
29149
4679
32904
34066
73870
15470
25948
87751
31418
26390
77145
76958
68314
22780
75564
51908
52682
22603
69442
8030
1147
82389
86364
43169
53014
63272
33827
95701
97613
64243
63578
26762
85274
12834
60828
59145
28304
3128
63248
76074
29519
40393
53032
14185
79525
44948
66093
48559
67552
51887
56589
68699
34277
42954
28220
3643
22578
78399
99344
20191
42642
79274
63305
27917
92108
40485
3414
36764
43614
66662
12838
89485
23407
82222
3670
2932
27171
86115
51492
11075
38003
24433
79774
88632
67387
24346
92275
6317
2745
91620
42860
61739
87246
6165
89656
79355
63003
93070
16119
6617
76084
45310
12454
15843
27532
32476
18776
71055
18591
86620
82130
72946
11053
78256
61578
94793
2602
53854
1110
21699
61826
43971
83439
49072
66488
89447
28427
29491
98870
60899
52460
74954
6209
64914
90798
33741
97390
25926
4797
32334
12546
3279
5280
23599
81536
66859
18392
490
37065
19503
22190
98891
79826
21981
47963
46314
11428
92743
75806
10298
53642
44618
1605
59851
9533
8755
9944
23275
34681
14741
71961
63579
18021
77242
3530
15909
60453
21923
16399
97518
57778
54941
96409
53956
93274
60724
270
4703
53467
92428
31353
23461
37047
32958
83312
62932
58065
93257
2559
9098
24350
74521
72677
58723
68115
76208
74632
28568
14483
7384
42438
88613
78677
38847
42569
71952
15923
42839
93007
85743
51620
24360
9204
5019
73671
8869
84303
31736
2126
86862
40835
42828
77735
29864
1552
45850
6072
92536
90770
36907
16272
33208
25520
94950
88407
68089
83254
4331
27281
76261
90074
95253
16973
15630
272
6996
24499
927
38733
42977
4141
95920
85806
81877
25784
87358
44079
48209
96246
34850
85116
12519
84410
26989
23821
72818
95078
23427
93501
38711
16040
99927
33964
33013
15557
50588
40010
40057
51515
95095
83034
55657
91015
85192
37534
33151
72550
97965
81360
85149
49167
82829
14020
33578
9818
37841
22748
21248
77620
16249
59960
93660
32528
93924
43025
48085
44513
99387
4494
12380
10834
87529
68037
1849
72721
21923
35001
61624
19889
32713
63125
85408
15542
77145
35338
41712
31338
58086
62961
8958
90687
39273
18970
23215
49549
61995
71301
10414
77735
75795
22795
88569
79676
90832
90419
68750
29108
41772
46726
65349
90837
9851
50757
22732
3348
86096
64444
34686
44182
43757
59996
34870
83030
78966
74437
32580
57313
45738
42994
35048
37886
82141
23618
33914
72974
30389
19016
2082
72161
65742
67431
79350
91945
34540
2082
95293
20636
66527
46331
81171
10284
6327
32393
9667
85293
6830
58599
42607
68921
1593
77655
23159
83735
17625
57073
73061
48014
76090
91495
36527
58184
75278
15878
50130
9818
17960
61775
46807
839
8107
44330
27476
14434
76723
53495
16080
99905
12094
58687
85178
13687
52694
8337
13774
70320
81763
3187
34686
57853
11034
71214
32389
86312
3444
82519
12483
21404
44295
75642
38596
68754
19972
82424
83188
13047
35919
99268
29304
48013
74307
14483
78052
43354
22820
8179
13674
4583
11366
48360
78788
22401
35926
11178
25065
39370
10049
37548
77127
70696
13190
32075
39450
49514
14499
22639
62561
50418
38259
91866
98431
28919
22701
76483
72273
45521
84662
2299
66457
12381
67011
61597
34782
2938
89127
76199
58660
99177
13748
35787
69873
43290
67862
25676
92805
98713
64667
71718
49131
2926
63584
47562
48197
2637
40398
20470
48159
41412
22769
30968
53793
6133
92565
4927
25423
98045
81127
84083
97222
11227
36223
83447
54517
20437
9123
63674
19151
73790
35393
68282
93069
15329
32197
41266
17967
88947
78089
82478
46711
17210
29798
505
23343
22363
21784
48766
20408
19263
49202
33982
46842
85425
33782
1360
5862
42905
81386
41365
33048
16779
9648
42469
48461
58197
87
82780
63496
94528
65258
10207
11739
95056
27064
51434
33771
65201
201
70532
84464
65755
20866
31307
51180
54648
49019
73394
13906
46757
14760
63306
63537
40760
5775
28350
98957
22214
11130
78805
16743
92740
89012
28482
4148
16077
79916
54271
97630
96469
24803
82094
62224
62022
29753
29756
16670
95124
3151
46928
41882
17911
10234
21771
58671
16009
50121
73980
54576
77603
69137
71319
86695
58149
16153
90843
90578
12421
45114
88208
8891
86270
86655
87467
48292
16408
33576
81314
27885
36727
28243
69767
70990
38477
7890
46013
70839
74363
36345
25415
51966
5482
96734
55013
79983
12887
62208
70562
41660
7322
75122
50551
9944
61777
54371
74588
94538
4299
55903
22423
57378
84146
8542
44720
22623
16432
90733
9814
90795
43430
35229
59113
65264
48315
14126
45247
77554
76334
32161
19215
8
7284
86118
26305
69061
56841
893
63599
61140
56796
2374
18518
57294
10916
63238
79918
27348
70323
89732
34495
30105
41314
93608
95369
89629
24086
56969
83536
16772
89130
2751
33133
96414
88869
59438
81828
45711
76683
61779
23203
33480
64154
58074
90774
75070
21312
87044
18771
7988
93129
53266
38093
34443
63227
49815
40424
87313
6784
23960
4086
12266
43063
53571
25033
31933
29361
6861
93996
6044
68640
33551
55876
32794
91625
63003
24217
29290
50047
42988
37278
59528
12606
91723
10323
75833
57890
50748
63147
81026
91060
83585
9645
34124
53508
34678
82409
82869
41539
92757
88913
26531
26308
44790
75678
17934
7793
16247
47224
74192
75587
854
33721
88193
8929
44044
64027
66820
11144
43526
64198
2205
43463
73843
52681
96971
8521
35090
79840
66412
27847
68753
9296
54155
29895
1326
88441
54040
17573
52017
28233
93160
69223
78306
81353
78153
38702
61732
61325
49847
21610
25523
68404
65073
15719
21085
62044
24240
72527
58236
7005
374
43342
16301
70881
73237
33979
75675
27278
51552
27692
71863
44712
96916
66521
42417
91421
5223
20502
52746
71422
42112
94621
39826
23538
10340
77263
1934
50933
49790
60171
57938
66516
3513
90591
53750
93102
40922
45777
36732
92474
73469
8595
53538
86737
91468
12307
78158
96692
32809
47256
68114
91274
41878
24293
14812
68570
1556
16746
19503
67699
76917
93793
50567
96782
736
4317
89885
41658
66446
26617
50484
39916
51565
4022
43005
43033
16330
37516
56077
49139
84772
40544
40413
43002
64837
71577
11573
82745
88324
47428
50444
81593
41222
1012
78376
58310
21681
68261
99969
88128
11230
50453
44396
79147
70828
3753
38533
87158
41269
94610
52649
26042
51506
9415
85396
16343
97344
96969
99089
85668
44398
49533
67262
1972
66897
45638
60282
4931
30251
76603
9411
57833
43409
70159
36981
14237
73912
91866
17747
15182
2828
86748
57576
54335
12515
59324
70678
9860
72646
86119
11880
17044
52005
79142
35368
35254
41132
12002
56537
87735
88606
65948
45569
48367
52459
98902
78956
26372
7120
96703
57906
9948
99803
31834
80635
12319
91158
67666
38531
80156
53785
50411
97200
5790
45906
48920
41045
87038
60923
97582
74774
65881
79883
36695
14248
32342
35597
93204
75066
42717
6259
49324
69017
6062
97510
49653
34733
5021
17319
73264
85177
71104
40028
98730
93247
85934
47650
50644
89324
8573
64578
64098
74454
44461
793
88702
93156
52742
98258
84574
11811
4517
50251
80829
10580
47761
46834
61665
52782
64153
51282
37960
51609
91310
36690
44856
93596
692
11852
82920
9266
76431
47019
72
37244
64164
5127
46752
33259
3385
31327
45070
7903
81578
42251
34835
45691
89085
96500
98474
69590
47782
52786
21200
55444
5828
82408
49040
6520
94261
31961
32138
70692
95332
32211
24288
59496
53690
71041
9107
73427
18720
54178
81330
16650
12781
32517
62341
1867
29018
77167
71457
93152
29953
92657
48597
35781
91418
97637
58654
85679
29598
90792
72723
24930
39355
97011
779
93045
84404
9886
66473
19476
80416
64155
52478
93198
96673
14820
11417
42043
8339
82874
51547
38293
91884
144
90426
83302
14134
49080
85333
60084
56225
58056
1367
95580
71419
18498
88626
72176
44736
71451
91652
25153
35606
44131
34703
48631
75303
46120
7026
99994
28994
58574
54639
37230
75070
45066
20532
5556
10498
22217
81993
66723
80273
83360
62304
68045
18210
67282
40221
62946
38733
48225
4451
90691
8708
39154
55675
363
85274
79053
358
30621
53979
54997
67851
29050
16415
4736
50958
43266
26953
32951
9989
23579
32663
88645
91624
50873
72279
48197
30172
11012
12774
34623
18056
37835
73778
73731
54550
75404
52784
54908
6025
6764
26258
90229
52166
59025
94965
19476
2291
38270
68780
12281
61849
1443
17278
69825
68669
89558
34374
98841
16922
63501
49816
34978
1336
23594
25061
55886
98999
94198
27147
5024
17314
69757
11605
85832
28782
6570
5308
31074
61193
90440
59707
23042
91884
93337
9220
76905
82895
43594
92098
99818
7095
41914
51148
24783
65509
92562
80670
80860
86760
24169
2236
20426
10278
13842
6258
55412
36764
27918
86486
97957
18359
62545
21000
26595
55883
46572
3500
55130
90166
11950
71300
97262
53864
38801
22045
35725
31363
19067
16585
34475
59588
18822
54901
86218
49016
61159
41631
85780
5429
44469
83738
23788
7015
21090
66735
79250
67662
86587
50732
74180
98537
38385
71442
52402
77186
9840
4479
8549
45259
21065
43024
21200
56239
14277
7418
5255
91788
49049
7387
97217
93519
7477
37358
16886
28567
20445
12488
12581
7033
63220
86762
5570
1605
74556
74324
95143
748
78804
3692
62360
16221
63068
83560
88812
93697
90978
10419
85485
56380
17806
99055
49899
25284
36413
66785
70203
73210
95625
99137
80243
58845
85899
2166
76803
76807
92842
71946
93908
71646
91991
56268
4219
71411
39828
93031
65109
47158
3450
50594
3538
37609
66001
69789
79245
18766
52926
49448
91977
48551
48585
72220
7397
50836
74386
552
43996
67229
72498
37904
55227
80841
10524
75799
52253
66704
85182
17362
13862
4985
84308
33753
42594
50310
3542
21839
69076
72821
87639
61053
21372
52577
49626
45121
19765
40364
45673
80113
23945
34524
34369
95525
15365
44893
71324
67618
11597
56506
1332
41812
77843
85641
75565
20437
35951
95459
58628
21379
68280
62620
98785
6005
15197
48411
51126
51314
5127
13152
31428
29073
47676
65797
40950
63041
27043
12274
47012
38640
85132
48344
96804
62976
33985
72369
99765
86288
84181
74746
24020
68813
37366
22805
74818
68915
87568
25945
20229
92695
39097
68009
38120
3125
50159
79070
66166
77202
7696
29530
32194
9181
77875
28999
72157
28212
17720
88274
14501
1901
63020
38521
70715
16738
77678
61885
85653
65246
87830
22235
74293
43279
6596
28766
46404
56755
24188
28923
33957
31885
58453
66152
41066
52680
11503
29575
80893
29223
17849
95394
31125
97222
50267
18192
13960
27945
80077
15966
9543
84260
38201
188
43891
44797
45306
6648
17905
69495
35571
51862
17732
10376
34366
75150
63057
45869
4725
43950
75093
38926
55696
22570
52500
22315
57114
66461
66612
53543
82427
92507
54155
36980
92695
98047
98129
38002
4695
16034
23849
56618
84249
41581
66994
34967
16731
30051
80837
37808
90353
72282
93086
62401
11204
45587
84716
84670
12048
51328
38213
10827
43835
92369
64159
52883
6768
62288
7237
27815
94675
31086
84433
78924
72667
51427
13891
5750
97831
11080
59910
4536
99714
52996
66938
10918
98583
68006
95588
26983
19335
50154
54162
79522
58875
18321
32405
81995
96962
39642
9810
91637
87080
94243
70561
76099
62022
804
81849
76205
11885
58111
80742
11599
11108
64032
38870
26043
32038
50810
53027
67725
964
23541
63600
76191
41863
96005
58186
38825
52000
67996
30462
39080
78591
17375
15180
56966
18179
13381
33171
30064
71493
30265
58016
98953
10649
96886
24996
59040
64048
94375
26765
65013
17917
90365
57556
76132
2723
15743
14957
71075
91
61771
10155
78683
79146
41687
52001
97325
71421
85172
43742
59266
31790
18110
58219
42439
31348
99567
1479
95396
93943
44597
76761
28212
51314
34318
4344
54037
50061
35653
25112
66504
97424
51620
61539
92922
9659
13540
6599
81080
15065
50341
40346
46855
84803
14917
5646
16151
14485
23478
11548
24780
68075
88309
69344
19389
22627
90040
89779
89040
25693
31243
55545
39469
82863
17084
32391
92523
46977
55342
89955
62042
5684
30302
25249
6839
61571
30895
22991
92408
70725
34539
33540
38800
39200
2884
74542
78180
9276
80673
67220
51321
11916
39117
90790
94780
72554
39533
3655
19531
94876
93610
97925
16912
40264
23174
23751
1836
70421
63094
10596
41147
97633
44137
96299
53186
63373
87193
31366
72650
67866
14938
23971
79783
54056
31114
74563
26610
70647
94570
62493
81875
88180
60418
98787
28445
99944
38891
46633
70365
1985
57229
27864
15971
17718
24164
69157
81092
11357
16875
70094
79224
31813
94065
59007
85869
41531
49922
28831
12179
44492
7676
10406
49024
68094
9194
93821
84390
64437
40454
54756
66422
14036
98972
82393
48106
23136
67902
29198
34494
84777
15644
30070
16591
26062
5429
18812
67593
71703
63996
96124
32547
71672
6531
81571
56119
32077
91745
40509
96514
48551
11617
79288
62587
10590
78034
27046
50078
45936
72596
924
47066
88241
30994
80009
14303
52775
15173
98248
24478
79169
94373
57025
67194
904
54949
23313
49333
46694
80174
62199
95245
8144
41487
74185
18734
35873
1231
85164
98162
73827
86089
45228
62068
17083
41589
92723
69859
56762
90972
10689
52284
1697
84067
19478
18953
39016
59143
68286
2062
55669
30485
13659
63813
88324
87844
98899
24198
5427
84064
22360
79255
70153
83940
57675
3588
25529
66751
89799
98643
74075
16841
67279
75772
908
86757
94725
56276
62252
63011
58338
17922
9848
71997
81735
14524
76194
96987
38722
81621
81051
77434
77228
67556
61374
51256
71144
3255
18007
77296
18251
92082
94137
85530
67854
95045
88640
78931
51321
50892
41942
26011
85166
68142
14360
66902
82666
90554
80241
21389
88528
61292
15175
65756
45200
92902
33364
32696
96157
67723
9992
30760
76157
20481
16291
60363
31878
4931
39294
83199
72175
81236
25562
57342
65730
39923
40596
48397
46829
20837
86138
35357
98481
1313
17466
43681
94215
50830
76377
6725
34906
2722
53837
11063
23203
70128
71427
55082
91411
10721
54633
63587
8310
80196
37281
74040
36471
94229
38789
83300
15066
24927
35010
29899
42593
52476
73580
53160
19658
66309
59885
54564
69031
30075
65628
92235
203
53407
63669
7967
80480
18302
71554
88790
14850
25187
79183
51321
19416
17972
50974
50834
59252
85984
80733
1845
38460
70665
55005
58118
36974
31243
29035
22358
61318
11015
30945
77873
64422
94614
85840
44902
12916
57394
50045
27767
98933
29228
95440
18349
63552
46414
85535
22804
32398
82620
24649
70858
53285
96007
45329
6612
27250
90716
45322
4920
1731
76267
82793
66153
70881
68634
27407
149
42380
77452
44268
41314
23032
39709
76015
86585
86123
77903
25741
34874
60523
66743
22084
30161
62750
83765
36773
6352
74481
98447
27624
76212
74714
10417
58717
61947
95403
2477
62096
37784
79929
6365
95450
2962
62426
87817
5899
64901
65720
47992
99775
26244
14735
21860
56405
93837
5625
9530
189
96459
7977
44165
72671
99043
54583
47741
60990
49986
50218
39438
4122
46499
45803
99572
49461
24581
87390
71712
89483
69462
19705
5610
95706
50792
27470
68463
44630
49448
94345
61171
45907
18674
5337
34930
17717
59920
99023
78707
26258
49241
18146
30381
95741
80301
29953
61554
21235
33695
49619
10718
19510
69324
16328
31568
20116
60151
32
81098
25951
10729
42270
88210
29404
47607
23140
47121
23879
22164
42181
66489
87757
76679
96870
83498
73332
43176
61405
94567
93223
11024
21637
12733
80348
54318
44302
16816
30821
60686
97915
56772
71415
56537
44982
17171
20496
84474
64293
60727
6638
22826
27216
10748
15857
40439
94246
89189
83615
55651
83757
93190
83027
21746
5924
63375
76064
66578
96544
6885
27264
10811
80009
15031
67348
24991
32203
87844
25818
12848
64923
48808
52026
92139
59556
67883
32578
70155
57072
32545
25806
57181
42088
8834
78928
64364
88561
71344
30942
1457
78230
74558
12268
58239
5941
95968
99583
38144
83812
41753
67344
65087
90561
19370
57227
50118
3605
6157
20273
60678
55055
62431
34211
97143
87617
29491
61507
92531
836
92449
93988
79066
83359
22609
53657
89300
18577
69592
43797
18742
11345
11141
83829
1907
46864
41056
68377
66821
63566
88650
27499
18621
67433
78063
32116
55051
7554
93623
63934
8390
2424
57922
3808
2135
80531
57466
91435
99109
43410
51584
34203
54756
79078
18032
73015
25942
75441
41392
9115
39007
46394
52967
73980
13827
31030
22448
85230
38584
32423
49164
63327
51199
23439
67135
53334
20322
40953
61121
35783
84364
12706
69986
39120
91784
88019
12135
34078
63460
69879
43193
18819
16273
96160
9151
30100
43542
31599
15331
82127
64022
80847
61806
15221
20638
28941
84907
40961
69895
46028
76744
54259
75086
63083
9731
66870
51102
38218
17300
30914
8097
60494
66085
24370
73006
75236
70822
16549
6835
2505
15028
87209
83353
76834
18782
3991
22127
3689
61304
92022
66069
54401
62633
41156
17484
88716
24378
68586
26934
41679
15852
51383
18525
81937
75753
7883
57173
62928
24432
80360
65433
55812
83921
65138
48998
19055
85482
71126
39096
46786
79500
5165
1187
42134
62673
35023
30850
87052
19961
74137
28731
35813
25520
63608
34102
17626
71491
7627
80554
12276
87987
62339
68088
88260
27478
33439
7315
29312
4565
62763
92450
84065
67929
9990
42551
46954
45013
89754
34006
64975
63891
79089
788
5763
42697
34891
23389
30541
42518
3943
42817
46858
82635
27257
51470
10113
60696
75138
39425
65261
37901
48227
65679
22182
58217
8230
69137
3231
97984
19495
68206
78227
14937
85346
83991
57634
36589
7380
4527
95460
27676
47344
58670
10311
74602
26492
36776
35298
1630
92553
16912
55884
40780
82591
94418
98998
7173
79907
2229
21510
99403
86787
99737
14340
72133
80
88326
25075
23813
92854
20535
67841
56550
79205
78152
47504
5697
31280
99155
23680
23833
16067
95916
80965
15010
90334
79963
38535
86594
98544
60045
85997
1683
76135
16689
90169
92567
21367
15244
16380
30573
52131
84221
3476
47688
78725
50980
69737
26357
50135
93417
50190
82554
5685
47508
97564
96020
43823
36100
82614
58720
12497
84963
60403
4984
18004
50572
97552
55723
82168
30284
2649
34299
14506
6125
81987
9583
57105
68077
35941
23593
61494
2483
6147
67180
49991
3712
79552
93815
56164
78518
68887
85013
79833
29290
89998
97837
96215
3902
69912
78383
34186
72561
29035
48692
78686
27374
74628
52144
95451
10569
75737
73298
13052
81884
56830
79396
1948
36382
73211
58112
31252
42098
59478
11085
87740
49476
25274
83955
53378
95186
78691
3916
84100
24078
52609
62786
51452
27237
31282
46904
54158
7019
36554
83562
5256
93384
62958
7204
46118
52521
81669
77370
10971
41147
4807
98712
6975
30081
99019
76705
41619
94062
80621
25719
18140
33230
4858
85945
76819
36140
49201
47329
59512
85755
30892
64768
79139
93850
71972
25257
46372
53641
18979
73695
11140
23786
72407
18115
70219
87779
94820
11838
81841
75442
37558
16334
25024
58768
2279
18196
94908
67832
65525
54420
53587
12769
19188
49078
6620
7513
90687
69344
61154
9666
43039
72295
49804
31799
90410
20023
19578
1583
31861
17771
77025
85771
50457
18401
44539
69088
36597
55800
36920
18475
10220
90507
31244
45761
39585
54216
53274
30272
23560
30780
56290
82952
3075
6094
31103
9838
42469
67033
27773
74331
1156
4798
76454
51614
23199
37346
20702
76149
93146
73975
94624
19718
80834
42220
65479
36772
96437
35105
83396
36349
65886
39687
35653
85313
62133
66756
11503
4603
33789
39276
95286
34946
60426
71740
2912
99978
25438
39966
76127
34936
13941
87103
54655
11128
29323
36486
47900
25760
71592
31296
78462
53830
87335
14115
39143
49469
80872
50647
54072
31013
89923
65710
82311
66702
53802
85223
66680
79241
41542
59159
14177
71835
46262
85184
82963
75585
21671
30863
17698
9615
62160
96160
63445
65847
26627
2588
15316
7499
69587
85740
54865
75863
67802
37176
42565
21605
38752
9245
846
80294
68404
31375
52129
31018
16560
51445
22955
54583
82308
57005
64198
60820
69517
43995
26668
96145
46583
58336
19996
16171
60429
74861
92034
28231
28390
50951
49836
67142
60196
67034
63788
44952
98410
32269
75970
31322
83714
15277
2257
66023
72283
82807
43195
41800
26802
69863
37945
89737
44552
57942
5908
4981
49155
14294
33212
77545
65245
83049
61039
41793
50083
24827
3097
64845
73449
95419
12519
57163
10697
31128
39538
82980
13935
82734
24780
57089
68949
79078
46827
13501
53372
69087
18482
2527
83382
51695
80073
64979
51096
57464
23125
17531
82292
26222
82377
55741
21642
11248
29256
48691
58729
68795
31671
72664
67881
72803
29754
36830
51881
92933
50332
21605
62020
85166
24133
45402
53213
20558
26734
4309
78022
49859
21841
76666
76081
20570
48759
14075
48170
78016
62766
6899
63163
10789
95916
31044
99945
42022
67874
51826
34955
34558
89784
96975
19725
13917
58730
89290
34475
85464
93600
28849
51675
31793
5516
44108
68715
54275
58184
16885
48643
37302
40137
11806
48092
36053
42850
48037
94427
27077
16215
29382
61635
5999
26357
97712
36268
1439
87003
70743
3255
96955
15945
54930
45100
21461
99039
13815
75736
57223
47052
40732
10877
87189
52538
75321
39594
95389
23358
34021
22466
55926
79755
453
78277
22465
98166
14546
23904
1521
1641
27160
98476
17586
82090
43576
39047
81129
73743
31136
54704
20795
71868
81934
24337
40758
57255
80283
36147
96966
14305
74965
52892
94060
75419
31169
16525
89937
62067
56782
91458
63709
83942
6286
97647
82384
66214
53047
79866
39957
535
50922
77104
88755
32856
1441
29513
90112
98077
82013
87078
12382
56978
56322
22794
48749
3843
55672
38686
65911
12454
46496
45972
12748
69134
43619
95132
35348
96666
91350
91657
97201
42273
68762
2308
75129
86555
31822
81593
84632
13835
85023
13366
70813
41345
52513
35915
45189
8185
74601
27452
36991
37450
73424
49739
6584
17043
61223
58285
30062
52574
49942
43615
11199
18704
45924
2680
21612
77746
84274
22596
7933
69297
35963
95098
26995
88476
31013
72184
13013
21967
99636
50004
59417
73060
16095
82353
6455
93670
40638
52869
62596
90581
96485
73795
25637
58761
76476
47249
52859
77102
69846
60792
46399
22161
55890
89746
10637
86904
61930
23650
8871
77918
90006
84640
67330
6101
66993
90138
16123
7632
43007
78720
98213
55844
68867
40202
14605
45343
87452
67464
38797
73650
28256
1549
95811
499
91295
22800
87403
53226
46450
12626
47496
52808
13618
14827
58909
80611
4965
75032
4595
47972
70104
2808
20169
38972
59363
34774
667
46815
18591
39465
36817
46847
41014
32628
63698
32309
55428
67453
1887
18230
80079
49384
71038
93697
80563
46299
90661
85528
37683
95256
49852
7788
14417
70021
63112
73780
4796
63779
36947
39739
19596
73764
2938
60610
6392
66637
9272
78172
34090
27511
96402
30522
93247
67440
40571
73810
13739
31232
75690
51422
42841
25543
75562
73610
11916
38674
47390
16712
18806
689
72803
38402
74453
75742
99013
97197
42379
24637
75369
76469
68500
88123
6991
61748
55563
47563
35558
85654
95147
11249
53428
37988
53144
45343
11598
65060
84017
75340
98125
2823
76029
70928
57578
66834
46670
72943
64031
89049
97580
55752
81871
66080
43875
5214
27828
15790
69129
79739
17796
64277
7340
71225
18617
60484
32920
46568
25544
33289
38260
23669
36113
30642
10950
10043
97476
57620
82986
77860
63022
80566
33612
44893
62998
93840
66459
7179
9630
35589
86918
43779
16218
10610
31356
34835
71094
64276
97755
12990
97565
36016
53012
50030
66658
63962
60073
80486
37934
43059
58346
956
39977
8311
62201
2976
18503
28661
10155
28133
80602
13425
88264
96820
24035
19620
48007
11481
83896
45763
24471
97814
98131
77483
47844
81141
57797
7918
61627
95732
67329
36326
13040
7307
60989
91594
26635
79492
20255
53142
23977
17209
66567
12242
14029
6954
31862
62036
18435
32111
7799
59258
29925
22282
53094
77769
3423
10891
2039
65051
6623
85721
17729
36016
93028
78718
27610
19663
58210
64217
72805
98539
81426
55724
10781
95455
79030
58996
73843
97465
91107
97995
73075
37384
20277
26169
31505
23701
37061
33545
5104
60036
19266
22833
96052
28646
17903
23662
48309
92465
4231
37466
91004
85657
9542
1786
97464
88572
77134
71308
2389
68241
69303
75464
21977
89580
1634
53482
29633
55047
87027
34737
15083
22645
73922
27488
51291
91825
51150
15952
84290
71734
69770
75295
57391
79312
93433
54856
84236
70567
42516
86625
55160
28171
62090
77137
17751
80076
30619
63737
35123
33999
98474
50206
72996
72397
77694
40640
64222
45197
72944
64865
16931
42715
40160
90674
38379
49945
61882
22616
20512
4398
25593
92024
48921
87683
69161
66673
84111
16132
46762
19234
66483
45236
85793
39480
33985
79839
80120
98208
41388
53064
63073
74671
12131
19585
65346
50511
69530
43580
89479
6394
64331
15072
98418
13252
19108
67579
96277
19571
63
43039
55158
66547
4628
40951
22379
38613
37142
2499
53173
94883
71915
32598
69554
84047
52183
51252
50910
38065
94833
56741
44459
75516
71813
42877
88768
7273
26808
85046
26845
26872
44437
82003
9771
49065
39306
32150
87679
92800
51001
40852
87683
22916
73451
73590
23315
25634
24842
74225
80052
36027
30966
24511
11543
19132
67389
16664
42757
10549
1710
69602
53773
62499
67957
63544
11565
23615
12046
99244
16416
63047
40096
20451
85964
29899
94041
25631
71886
18884
99857
51938
71263
47175
76449
99159
82659
60190
15823
25417
70740
33885
11371
24513
96384
95681
4410
7949
19296
16456
23545
52064
79504
79994
72516
81820
9893
66557
7451
81779
1793
23660
33717
73057
87188
26519
72216
69847
86709
88039
95264
57449
38276
22988
98315
34660
18669
2725
58962
37965
19181
82507
6382
15037
62501
78898
13209
88747
45455
37013
70526
47249
77025
20596
36658
64213
47115
8874
34061
33824
13265
45677
7626
67893
68665
5941
2553
3686
8666
77867
58004
44199
76727
64386
75589
55580
43284
5150
44327
5091
42163
14854
68692
19189
51802
5350
99754
98917
14224
33815
49093
43841
95845
56719
11734
80862
79012
30640
84549
4030
24859
42553
48230
1586
23291
40171
57167
66575
45321
17846
88018
3837
49052
56711
39378
854
62061
39132
99771
92638
89300
65217
36479
85145
21936
64566
66007
17301
11558
66908
21331
36417
9461
85913
54356
32752
26084
11523
15679
87758
29369
3698
7947
78422
60409
47325
95628
38822
2809
11752
31460
92109
76969
84292
93606
15257
48858
59614
32558
76768
42874
53890
13185
68688
39803
67541
17792
82240
95416
33472
86350
41138
53522
94297
35912
30283
57974
31540
69105
60783
43292
16918
69245
36613
1210
62851
51871
66420
38817
781
43188
81692
54671
72725
50380
10827
56619
68172
9419
68387
17996
12121
9525
71518
22770
61789
18153
80744
93330
3611
57879
52974
20529
27124
5940
38091
6328
57811
20863
45145
74944
80403
26837
45968
69480
93569
56795
26099
61742
82566
94487
96090
94687
20364
83961
17457
82154
2114
14553
91836
22077
88784
61162
42606
15909
67102
97049
22237
41265
17912
83734
16210
14667
26924
62178
84148
20493
35325
10247
98587
34243
21086
94678
45282
57803
94991
79091
39957
97105
9996
48145
19183
98780
9307
78141
14689
92762
91543
53278
50379
25807
53365
66589
40475
80289
45119
40975
782
96796
51222
15722
31039
88661
26752
92673
46464
21743
71764
2773
35200
81760
50918
70735
80541
76577
65229
11582
69339
56772
81213
19719
98931
34578
2660
39406
14867
64132
80381
32001
60928
47956
64075
8320
52969
90827
993
99433
28922
89110
2206
64123
87222
69476
34858
67763
46053
87
95698
31745
73211
76911
67816
72143
27841
70476
27901
42708
34608
24635
91061
11889
88943
55137
20209
41912
62316
37554
41345
91239
43016
59903
55362
30239
29379
6572
14354
91784
23012
10052
23529
96223
3315
7697
84718
31156
78174
28972
73864
29134
53607
81278
57375
42550
52767
93936
814
15083
47843
58511
22674
90859
18414
94388
21098
64145
961
35453
72281
40325
45505
12163
52900
65173
19860
37619
96329
98034
66591
86546
43521
36550
67824
17248
95452
20591
11185
96266
52026
59028
54777
74701
49887
89543
69089
87338
70040
86402
22791
42321
26727
84648
54484
79628
49821
74345
33599
46151
88731
190
49049
48604
53092
16873
65853
48544
53816
93390
44810
22194
52418
99587
96895
18657
5482
82337
22347
75522
85091
45138
17843
11819
46139
72328
7799
12312
46673
57750
74815
51756
57940
23864
361
27384
57089
66214
75928
27257
59604
20738
49452
28374
36677
62699
63383
42159
45036
85731
17681
30128
47221
51876
58299
93360
40556
82450
22025
3581
40200
96840
55338
14492
37057
55699
41876
94146
38265
17804
21404
14221
54894
87208
42595
91571
49907
22330
50082
11296
8061
84115
57776
55283
52343
32427
64995
92900
14877
87020
96481
71429
213
51819
85921
37270
23870
44149
47768
62135
78305
85524
76356
33199
72732
35303
41122
38992
57634
7556
50288
65695
91671
24416
37330
44014
56843
18678
36914
88072
5698
33396
59501
22263
1567
61774
75885
25438
5923
23654
87573
84228
25530
80282
33779
14615
31937
74901
53607
89571
82457
20247
71619
90480
44663
25301
34494
17858
43979
87761
5930
66030
37509
81783
4645
55428
43557
80531
80866
65832
20537
84792
50060
46067
81426
191
60682
13363
75092
30641
19287
57549
67240
7258
48029
28255
32559
98875
46113
92891
2988
68395
58921
56849
66530
63566
12278
10087
60449
93144
92271
80986
94288
58683
43406
75714
58874
20440
89078
33966
67434
24717
7867
34674
31975
72248
62930
64534
87476
25395
57425
90464
10143
32698
47314
76673
12617
59592
3113
89418
69088
95384
86757
63377
54068
30163
55443
12942
50603
60873
63261
34389
85590
71128
69064
17565
43377
48346
98452
30853
73741
72229
37669
236
21280
84983
76910
33897
60927
80023
39667
46368
91759
26424
26097
45827
56587
81540
75122
23543
58766
38383
57932
44356
9511
43348
78274
69240
91694
76726
16445
81788
48955
54115
82024
70235
55450
75286
20484
32730
55309
60152
79098
63421
2928
21547
9248
59516
19439
722
99411
78205
39105
73695
38914
64969
17044
17188
50561
25090
93914
67007
6878
59221
21122
88903
29457
92924
64189
66293
25654
35851
42797
21104
99272
45726
42651
24872
21594
78443
41947
37357
56648
81052
11052
95562
62373
44448
29102
12935
69539
23016
79942
76417
82238
17416
81672
28047
26692
62214
94340
52347
14417
37138
89803
13689
99216
32455
54913
20810
27250
96860
58167
83898
94265
85571
95813
72990
30020
24915
85925
99559
64284
82219
92328
46522
15987
90353
74569
42680
52567
85261
11379
66984
38751
1182
97025
37967
49989
68290
75129
77239
81503
33296
77490
75768
18868
89655
65110
65240
14570
67388
81151
95206
49607
73479
41728
81947
63832
32649
40979
32751
34263
52358
16087
73014
69892
13112
27334
19882
81403
2463
13473
79258
52112
90963
71378
87332
80618
36488
52572
11541
3876
50075
6747
69836
23554
64828
68135
3739
13829
9114
52842
48092
77824
68930
37459
64068
82042
64793
83950
79797
83608
13776
75407
52072
4739
46785
39404
1710
83274
8328
13251
87150
58403
36350
73338
98310
1178
41473
18401
15008
50587
71243
79452
44763
40173
16911
8832
38568
98056
9134
34717
81665
22910
26477
50089
44002
73262
5846
45712
56536
30526
75315
60039
88930
11665
33377
3592
29196
91203
38345
60556
41790
9588
40008
2906
66114
73272
28090
21034
71328
37224
72103
69345
76487
98580
19435
20489
71843
41633
66201
44731
72159
57868
21122
77441
85885
70852
81033
15081
62055
19378
75637
20197
45319
31998
23103
27785
5270
51193
65171
92950
4770
37274
78648
81257
52207
14435
1746
40402
56068
84299
1485
28227
42167
22608
5669
28052
93460
86702
59486
55515
22433
51475
75712
84104
99825
15168
28241
5095
82713
93412
14398
87483
47038
93046
68740
15597
23833
86838
55999
79901
87489
73837
8128
46008
96445
13797
90413
6257
16852
49899
61772
55637
17726
53836
56093
17552
85356
84334
38999
68070
94098
53397
55553
41136
62795
40646
73086
86628
43836
45437
66529
31326
19274
91010
77334
32071
4807
67747
38328
38011
33998
16452
93648
51725
86641
49741
69277
71997
34075
8276
40067
44525
78026
11973
85662
40821
68971
75100
43802
12807
20537
26683
44133
39812
17693
37820
71883
22501
5567
26564
60512
39566
43016
70513
7643
29657
20254
76920
18007
70682
1548
74426
15207
79574
86399
17221
36748
71722
92321
80550
84530
29211
7233
45015
69023
24927
82835
57258
63780
88403
174
40644
44321
43191
11157
68316
89200
47764
45236
7207
18446
63136
81634
50005
42711
84385
67227
79459
56108
75900
76361
40638
5111
83594
85653
90486
24873
84841
64097
5005
73244
64271
45650
33917
7462
56807
2233
13015
4571
63821
36574
39369
26957
18208
89375
86020
18946
72954
81831
75054
48854
58192
32044
70318
58139
34049
77156
99364
18890
41253
4370
8486
5525
50020
58755
29339
23179
77340
58706
44103
57513
95281
83472
84471
13489
89199
86843
48787
62153
68675
40193
27360
26867
72237
97678
1358
22639
91186
723
57881
32440
5093
82720
54317
71465
57827
8
94644
51520
58715
38747
9033
53996
38572
9856
83837
27771
96700
32625
89925
65375
72818
33637
8594
61408
31315
9953
399
38853
10676
74632
71293
32121
57352
25610
3586
31532
41971
14582
83052
686
53330
92085
54682
8254
1942
38519
36025
14994
87496
42302
96721
60315
75939
5315
38075
23606
31620
38474
62460
42296
13106
33753
90769
86811
75716
94355
18343
17687
8938
1395
18373
78620
9832
89407
86874
11774
44278
22899
43120
31775
81554
39841
8442
57493
45157
46517
81100
93129
1343
43560
35426
14449
77313
42547
1260
69381
36903
35955
3420
62193
37350
21793
40813
63535
27552
44039
91661
71831
83290
34782
19958
64844
74623
28400
22338
36132
91269
3438
29262
92612
46998
81040
7061
40663
23587
24674
26397
76842
60629
29817
39035
14332
67963
96200
94219
95515
40239
85880
83698
23530
20662
3656
88374
11638
32056
10712
47770
39677
14150
93384
32289
77500
90776
55703
34516
14364
80377
60913
7558
57358
90730
46594
88042
75045
42794
82261
70561
83034
68142
54259
22916
5156
74268
11290
16794
22676
22003
80917
62354
52505
90653
94643
46358
81430
50346
80874
12146
47075
41787
19704
20786
48869
66298
8828
23915
25445
7442
10828
24831
91936
81439
47747
97092
55707
59037
30239
94736
97392
27508
57090
49898
18161
68085
96256
15943
34784
93482
28089
98211
51621
47794
18997
490
30444
44178
40757
55889
51620
67937
97072
43556
49377
44819
57000
21436
3857
3591
16172
1249
31099
89614
67499
49261
74052
80107
65204
8836
73589
9646
23399
41562
57440
42397
58405
4236
86575
99162
76478
54547
83452
73550
98103
32829
18370
71455
70617
38579
75047
3142
56180
22498
9108
23680
71759
83160
20139
53316
8348
10081
62962
31748
51643
36754
90497
10048
57342
77072
25563
33820
31619
9015
7371
46074
58196
25741
33881
28813
80672
8928
31955
36852
47779
57416
60532
19538
40576
80672
89206
65277
7105
68520
97025
58748
21626
87522
85149
78969
80946
10712
12789
28917
19727
20160
74991
94275
62253
8872
23088
42925
34153
71396
79778
81932
28812
56662
17822
85740
53686
23381
51017
60791
91901
64394
35892
13528
68268
21041
8849
49214
31753
21638
78131
67832
58151
69474
78459
36756
94699
1547
79682
28852
89295
75812
27136
34459
48826
61310
20200
18865
84691
87569
96008
92945
51964
31900
22825
20232
52941
31674
85799
1046
69664
63930
85230
27815
33405
63689
64572
28104
81589
60606
73308
87236
52770
16796
21696
1596
94458
58248
20461
95502
62169
16470
4799
14133
64722
27624
50718
34016
75650
36517
35062
45314
16799
36645
73130
66556
334
37702
11012
98275
14660
672
85512
67430
17468
23560
85378
28279
81808
22192
23781
43977
55014
28580
74463
19736
72556
25181
53752
48206
78050
5167
93520
11201
41812
83002
77758
58498
37056
88770
56774
51716
89443
42286
35498
23263
65846
20877
67894
64006
43069
91675
7983
98083
36607
98798
17819
9163
40331
87924
73721
18381
93091
83594
29583
34903
66596
23693
93401
3653
28815
50175
71721
18258
8813
7220
57874
74659
28097
25768
38665
87518
33796
63001
85601
86755
61799
19772
12271
2131
7696
2344
36864
17139
85938
82799
52042
68887
6492
61796
88892
35308
28323
60613
69918
53489
84185
44144
28148
12282
86265
83166
16152
36413
62519
1753
23168
40670
37878
51791
59153
61926
54136
96018
79066
40074
95169
47460
8961
1662
25608
97853
53322
53932
74819
39592
7421
59004
89
51921
87639
86354
51439
3791
22767
13958
21897
62287
70981
59775
14079
30134
21701
68215
26152
17119
8289
37674
64580
33603
55688
90188
47808
9010
60472
22627
64954
84245
81632
65043
52519
69271
51397
3958
89414
90516
34269
11311
52804
5250
87438
83235
35384
25492
51450
77889
42611
76091
15563
23543
9694
71251
30084
57503
96613
90556
96482
61567
91154
78114
42963
43673
63737
10712
63983
69504
1229
98252
97167
70385
19854
84606
53620
71591
26450
5070
49480
85413
97513
81395
8957
23560
52646
55393
97415
65611
62301
93897
43530
53455
88364
86493
13480
68453
97206
77464
37957
14787
75716
35125
85172
11923
19731
55144
83514
62533
76566
32994
47946
74079
30741
56903
97639
99739
12296
11406
65350
74598
5304
8880
44405
10020
11726
57886
78473
25284
35350
16431
40071
27418
51556
41595
39341
87639
96739
22855
50172
73305
72201
98118
63736
2942
71374
77728
2681
22
89134
84383
90972
10790
9616
35378
20810
21342
93264
15636
62978
44966
32067
3049
72384
99975
60996
28078
3966
57735
67285
54138
47392
39487
68608
11128
58781
56334
5208
77815
56357
94343
78550
63681
21485
88166
99059
42296
25860
8675
57932
88838
69993
6351
8239
58730
22678
85587
86808
26644
59674
54093
97134
7066
9932
82094
34547
85066
38429
39755
79233
11138
50450
57783
74819
71936
62302
73879
30584
4514
98906
4868
9705
68900
11219
17944
27630
50249
19884
30790
76893
79558
1235
74027
86625
11168
56121
37524
12586
10902
77279
8171
22040
27730
82306
96860
16018
44608
87091
46602
49123
2349
51470
58828
71249
79041
93124
98879
29290
13008
46021
6183
8919
47257
96562
95544
74777
69035
33068
87363
79938
26699
95534
18330
70781
94192
31542
86799
38801
34985
49753
4276
37335
1223
79456
8584
80264
88932
23816
9554
18293
69837
32089
27212
17094
28651
22756
91871
14039
72176
95586
10329
15227
7472
28659
2361
1665
60202
89160
56818
95187
38914
61094
32522
56489
40550
57459
36754
29482
97627
62660
47775
67464
11102
74987
911
56105
14095
9134
70144
2623
4721
80473
34203
28545
25485
36564
30210
2039
42076
87028
97226
80990
64474
46101
53832
5024
19912
6938
50859
17539
69598
14986
1355
97052
6326
2266
53158
36773
27753
39654
39397
32474
36480
73600
61019
61965
26516
7582
64004
68592
94610
77582
65935
59085
40035
19767
80461
76299
26705
47672
93838
12655
62659
11546
9708
85337
30164
79218
22110
57917
18872
77859
90391
71704
67811
67763
33669
94327
75345
14025
62920
86307
7960
28855
61744
64347
48622
58558
40647
91679
6230
34485
4334
85241
46031
14042
70578
76196
9612
92689
34113
44837
86900
40857
16541
54712
24972
50211
49039
16669
80588
11959
19328
4900
57166
81073
69248
5788
55983
9895
97467
78565
44380
18154
63807
6764
48548
50737
99312
58161
59778
49777
2998
46679
6986
19539
1391
31958
86102
50430
64979
83043
62390
84308
87943
35908
81733
57191
58049
37716
67086
55516
16281
27819
90022
96440
50935
38571
47178
50247
96732
6956
16376
16082
53635
23363
35621
55026
71673
38076
21809
36653
21119
551
37313
9062
36459
19046
66254
94508
73114
33340
66377
5747
77511
56399
2188
28446
94970
65718
78693
8054
72674
11422
24136
42662
34785
76110
97688
22810
14186
35849
75815
51657
36400
13128
60719
72860
48526
43325
67368
21640
76666
33745
43740
70529
6497
45928
98976
17819
27998
94021
25874
672
5443
66362
43334
56580
42472
57375
79391
73010
93224
55206
24667
45977
84687
1739
18837
33213
45064
2557
71206
38082
36303
31298
8612
59152
93578
7588
76971
21576
1609
2845
22248
23405
85560
81935
79985
28032
55662
59376
17395
65238
30935
58414
11215
31974
60153
30052
65187
5218
48962
52745
43300
85265
84043
51912
60769
77621
75852
37740
99197
93814
40586
37798
17219
42498
36085
97204
70530
91747
72933
4277
56985
20220
62692
84553
52194
39197
30957
33733
44415
79919
86479
4068
81536
86874
72332
42305
80848
48185
80046
96397
41999
36984
34195
75570
79482
70280
72774
66364
78379
62059
70642
35365
82279
49686
36270
50825
88883
67227
84559
49651
47147
87390
53719
45035
74264
26051
87341
71464
90588
83739
67862
32587
20723
2057
24509
205
88690
13636
82921
67069
75695
69915
18786
74327
19601
55056
25152
24837
38636
26063
90840
2135
13453
44559
47170
4070
86962
34511
75534
77551
18250
43396
26490
55325
45454
51000
71882
50496
64636
54804
17565
56683
24719
36352
31010
60673
7760
72515
1862
46396
98578
92702
48531
28384
53613
12054
32454
40575
62917
7988
18126
81168
51385
44617
52845
13191
95617
24728
63687
76605
95884
81252
33288
36955
33956
80651
97628
41717
53166
15842
4465
68096
8544
52997
96480
78509
65051
28934
19085
27968
36923
37211
25488
88308
98180
94686
17851
10149
19414
81538
86754
31650
79142
20043
68605
13099
17046
82586
54816
70212
98428
59281
54660
23325
28630
51141
1834
10033
96427
20919
54354
33350
74483
79842
38010
72663
74528
55861
99165
10294
53751
85919
41944
32894
22314
10550
45993
39360
93136
17161
25924
7916
92794
80585
31241
37777
48078
49428
47810
44505
86699
2164
77856
61182
98359
32218
50198
89239
4432
49363
99534
58183
51634
57830
91077
73949
84732
53422
29661
94220
86935
55586
2137
79730
52523
49730
17507
601
99158
81669
61458
2210
83834
55666
63392
98545
87885
29942
87784
92317
79305
3670
66852
30940
77853
74282
21241
62585
27704
50902
73158
14640
22840
75295
10722
75363
41377
44581
92316
56888
26250
53775
59098
26436
9441
22490
41333
13678
68785
29118
22347
48090
49140
89200
95382
26993
63482
16623
5931
7538
83878
79089
38530
6718
70736
65604
98434
12113
10185
90750
69001
52788
44525
28099
95576
70319
66942
36910
83997
35727
82380
6345
169
47872
11897
95552
74866
91731
28527
97149
99269
28757
92590
54152
35476
79678
19756
50262
91791
29942
41012
77145
99082
1890
21596
94658
88561
4890
47920
72558
40617
46652
95255
57139
94525
7152
69043
85743
98883
13922
82892
14505
42680
91834
68657
94508
71512
88413
44770
79655
34707
85782
73152
33789
4024
94749
44800
92585
15991
9072
81496
56609
55725
76751
30100
66602
83904
99143
52345
99139
13065
51589
13644
72097
43423
82301
66605
31287
87067
11375
10942
21774
13510
84095
71916
33886
95196
33068
26472
11187
58492
7968
84148
30569
84719
14248
97171
84975
29743
49516
467
59161
1105
14111
31258
60880
12765
14216
92167
16184
41943
19462
54310
71805
19909
26226
5692
15105
75646
48516
42644
50491
56484
26793
81060
57555
57393
78232
58883
3489
27748
59350
62650
45206
89813
10260
6086
18930
24476
14606
35114
82772
34068
89425
54577
53977
32003
76621
85434
24002
25137
28078
74493
81621
71223
55553
55529
28617
33785
14412
32106
77886
90114
11108
23092
79927
21368
45530
98858
62197
60136
50324
61321
10556
39749
15898
80885
71753
8872
66319
95755
34009
10750
70248
31983
81973
42153
87512
26942
75939
18276
75400
70177
24742
86508
93269
21021
24229
55151
19879
2778
15288
86556
64099
42196
26305
96349
23082
98058
5221
5753
10165
39231
32855
80413
71214
14829
22567
75078
58123
14858
93354
33524
85035
34448
36384
94656
55469
76965
49807
91701
79743
81447
78257
43842
23644
4562
56544
63078
18973
61765
68831
29138
996
1687
25904
88562
32868
64823
63640
7343
79681
73346
40867
81068
7794
93604
75724
63264
70569
41883
54965
50313
23331
49574
10507
63327
54136
67051
26405
73109
45169
11588
2248
46165
29627
44504
51080
78847
9327
31072
86191
5360
20771
43410
86428
44917
37014
78504
24533
7584
20387
79498
74249
60070
45424
1108
23397
99561
84512
66154
72670
29681
94095
91270
75846
23722
35774
43278
2570
45101
74351
5113
66813
95122
48523
53241
40039
85538
48097
64573
9474
84837
60423
75
61259
5848
1183
84657
21761
85695
67163
94431
15376
61258
2054
7575
1333
54180
67205
20255
15634
41556
25368
82447
53030
73891
52041
9422
75781
138
90347
1607
1327
67122
1682
62587
89322
19218
63596
11083
21265
30759
21867
52994
8370
23921
60569
9703
94453
27774
29958
10087
85683
71678
92535
55065
45569
44576
64487
37703
61066
54834
39310
78746
38309
57345
41333
27631
76563
4929
38715
14180
52040
76934
67174
76762
17207
27743
2817
11660
71870
49127
21748
73905
20805
30635
28970
82727
91563
93458
36782
52629
64644
76092
31375
2953
49789
89060
46937
26352
10341
85652
40533
78734
78938
24059
55496
96145
51803
74666
7805
40025
23793
29553
13930
44599
76540
42900
43678
68103
52710
80460
37085
17355
72904
84812
36660
22694
73873
83597
65398
566
85601
22283
79300
64539
46343
51149
60684
14498
25815
84842
54523
49608
30747
68453
10559
7288
27705
70589
75391
80416
67401
12476
14123
40306
13641
67135
63000
87514
67085
28398
4432
52686
67034
83733
33578
13377
51234
10614
27875
77049
95456
82398
43009
26204
67203
69921
33492
11260
56862
25235
8028
24264
54064
22151
64570
67705
5639
43922
71571
72724
88672
76003
41762
55706
76088
75340
69083
27322
85955
13310
20723
97763
12060
80085
23967
79263
50006
73811
6876
6868
99047
14904
47484
69463
53408
12054
53520
59047
72328
25091
31771
61001
17446
73533
16707
9887
65226
2143
53561
67533
15453
74285
65296
27514
54370
5616
23129
20728
79427
46357
43948
94826
61262
91433
80641
14670
19839
34161
73717
92168
75604
21840
53169
9403
95373
86228
19290
76951
88371
72851
44484
20177
63488
26133
64043
17858
31749
3524
54938
27528
49882
15239
38707
11144
6672
19348
25814
42863
53510
15883
51383
45466
37723
4552
54869
49448
7133
74159
26400
11856
47011
87236
32033
26851
13369
12428
44710
61470
15953
16000
88999
65835
31239
27706
93331
54263
63406
35497
97127
33268
51380
48510
78735
5455
69415
33604
54903
76548
7764
97655
88404
71127
1244
36790
97978
30965
49218
59040
92436
81523
75041
97787
47358
22632
41845
57041
76896
5251
92538
90375
38520
43918
38885
33607
49373
24652
67211
20629
17552
74975
34636
22309
62454
35880
59099
60433
66846
24669
35825
75634
22545
27218
89773
86255
49851
31618
43297
26747
53221
35835
17122
8093
96106
72359
41700
61831
13364
8912
82460
30916
239
33449
53225
62694
69329
28676
39479
52527
69698
75304
44513
92243
2523
34286
78498
68726
82256
21795
95473
51830
73983
28947
59923
70089
17658
17976
31920
31022
43240
30733
61939
59831
64182
31516
38877
49863
60193
78356
18743
29891
70013
63256
22134
88888
13895
16984
57614
96151
38780
69439
64333
29115
14738
24257
99204
32396
58585
47476
79771
1825
78209
58062
78008
58743
89578
16886
8607
49771
11594
27350
79662
81607
6958
18148
86847
20853
35133
60813
33357
90265
30252
97690
19380
61342
38299
34936
10091
96884
82412
89862
15061
60622
47924
93070
35717
37502
9956
44324
3626
21550
88026
83288
19510
94985
17789
22709
15838
69274
83523
49195
59539
30127
46886
95271
91470
85185
30207
1561
98422
12619
7775
29835
89593
55699
22905
25311
9553
49213
69635
13179
87116
57662
12820
22978
52647
30609
45687
84837
16235
45562
34033
75774
75690
97271
71045
83512
98808
17604
1425
97230
30223
9200
27066
19817
81251
66323
61480
7156
31889
47467
20336
35357
21481
49508
58335
74128
80117
20374
75318
12704
65937
9351
88478
41627
22974
75875
25139
21782
9831
42916
35365
40054
52116
78783
76223
49719
61458
37703
56875
93347
1523
77211
28704
23004
26719
3391
97133
23188
23766
88803
35892
89703
14506
40722
47682
37480
32949
89173
75614
42780
32089
27331
99187
557
6114
91762
50276
83925
29466
7151
93624
30989
715
38681
70345
43786
42072
83830
83327
82190
72633
19219
88245
87139
76294
52279
40971
25595
41452
16586
84728
89893
43917
83915
90450
66384
92029
57078
66661
37847
80582
60285
85188
81297
98966
55534
25083
57391
39364
8410
39581
11998
43982
44179
99137
36628
96458
56461
62223
54263
73047
63303
44156
33316
63570
50959
16052
55600
8037
82713
93447
88619
42999
78636
86268
58317
34170
27704
15708
73534
36114
71642
85532
96448
15821
1022
33076
12279
57483
11652
66542
46882
74955
27051
80198
54878
94362
12603
10478
2399
95316
3925
7371
54667
82561
9991
12985
33083
37695
45045
6618
73810
16687
8502
86610
48860
25876
19687
61140
83359
47691
44034
46593
38998
87437
26792
93876
81799
55747
4354
551
67415
24632
7922
22083
23545
34265
51420
56629
71961
96465
63247
62123
29505
88101
48733
78365
13978
84772
55857
13689
32463
99892
60283
87814
3681
3427
81690
85481
59174
86045
86032
26589
27029
93954
65024
50574
44571
16444
7203
16532
29262
86802
78655
75119
74904
43741
53484
88882
28513
25694
18923
77329
41938
79206
65143
45619
82633
46833
31100
41807
49230
17132
84749
76259
27438
49773
26834
72010
66218
50389
88542
11832
37192
83550
86951
12096
27291
56787
17330
55804
82481
52605
33133
24419
31812
98276
70039
14445
61462
1139
72605
10692
18272
73706
3304
62062
23479
46490
34072
6049
96879
38967
17881
34071
22517
21184
62519
66160
77972
96201
21964
60453
48807
71450
84873
96971
86078
71264
11416
47540
72403
373
74585
7027
74079
94241
85442
13911
40731
19514
19960
37610
74833
54194
88034
13702
75378
66905
79862
69702
63107
18179
46508
28266
5981
47733
25237
92059
18997
53005
55952
7752
69731
46889
31132
60162
41130
16574
74073
98213
52440
94034
35823
27274
64580
40209
57328
56310
7115
37191
26013
86574
71722
72521
31192
77703
20254
56429
86114
55603
25786
42066
63355
95517
5307
94487
72032
62789
27413
46105
61002
79854
56491
13178
23480
21071
53387
80808
93734
60502
34351
19747
63428
6073
8620
94620
83776
45226
67401
69891
829
93188
28309
64184
5057
33617
75024
77089
96406
2437
39547
57409
98643
96038
70587
22123
33462
40326
2932
27196
17181
37283
63295
80609
59709
88267
91582
43485
33493
58983
29728
50674
68523
58038
31210
73581
8007
6234
67022
20765
25024
22921
94526
23667
18960
81465
45791
68774
21792
65075
12322
38973
18710
75617
35934
78419
63884
27516
38257
13729
86500
67985
64403
71375
42375
95613
44956
66734
1848
28331
87500
43224
51252
82026
66891
86564
63492
12682
71690
1636
94109
84012
56961
12820
59629
92895
91239
39865
36764
29496
53594
23264
97482
17997
94639
56209
29963
55948
22944
48163
631
26796
91387
68235
25174
58278
71152
5018
87313
42842
6654
81422
26855
63615
94242
2836
72863
85482
42702
9627
31330
12648
49243
45164
46998
60234
1374
76961
32534
40670
25124
33165
67466
16511
17753
92640
91141
5257
97659
94806
48099
20665
76229
91306
633
86823
94143
73496
88657
53197
99475
19988
65845
48718
65152
12843
8952
82878
89804
57839
23548
31280
91004
91014
47791
25109
7
55285
30366
14018
50091
94818
34683
42672
86124
51668
29496
80267
25164
34505
33464
24639
54493
99310
89709
35998
28505
98662
18876
18310
72853
42425
49590
63857
49791
13734
5319
66150
85371
52037
80168
51814
46855
31204
94487
32980
82872
40335
29599
24389
74840
63064
49028
45686
78726
38738
81684
7231
53752
560
41893
26605
59337
7836
6814
9129
21570
28485
75279
23293
80523
71800
75107
27378
19356
69594
76710
2228
26281
6310
26617
1122
69374
91998
46808
64452
47088
44844
71683
17192
45404
13577
60149
4742
21413
83315
30223
59335
11801
21854
98980
92324
10006
74087
36054
29362
60034
12765
31591
86315
19075
74560
3789
4801
66558
66949
69253
29998
11793
57288
47190
73550
87217
7339
94644
24982
90655
24867
84317
2456
63073
83297
11132
73080
73737
63538
2442
33771
92655
50385
36438
28082
24946
40228
32883
7856
7177
18488
37855
35323
75777
85045
8873
62994
92385
3517
87977
99392
28384
88646
18200
7809
88296
29332
80889
78385
9222
99684
12156
1878
50069
64946
29960
75015
5174
79196
82872
28704
97684
20727
64027
89813
22124
72900
69160
30861
76417
73489
30253
21153
78487
48453
28962
83135
94137
26204
61520
3360
25888
90028
21590
75957
54975
67902
67325
76501
63450
50197
5205
61135
87276
69232
67300
25752
58484
52812
56614
51253
26301
86867
72406
4789
35321
17721
4276
45810
43925
65797
65522
69813
55825
87112
62122
27152
71367
29447
3654
34817
95996
8859
12304
99624
94444
79605
25377
52928
32417
81991
20534
75071
85210
92940
96212
20531
27013
488
82694
70938
66285
48216
57103
38463
35329
35578
81967
23048
65025
85621
57865
77374
10833
70170
76998
21629
66127
2375
90909
98544
718
11443
89967
85929
20736
86179
22812
47749
86668
5506
35040
69305
53723
92143
24120
5404
44073
6088
28452
9099
8061
86317
86473
35246
56487
63471
56875
22614
82199
47785
37511
82917
75580
43830
85198
96316
46362
8011
44066
33030
13517
79106
18687
67240
87601
59160
88996
31675
81600
17448
57126
89661
3766
43599
41260
76605
23422
98135
15572
21973
62272
69435
21243
37853
29617
6441
34169
75979
14452
78235
25361
27970
73693
44049
11562
61295
19561
559
92970
1161
34359
50096
7174
54477
10047
48434
31083
49821
62922
63007
71795
25194
48794
93038
79399
78411
15831
13569
54391
30284
8156
96104
74606
81850
40153
86168
59497
76066
3079
68819
93579
37439
35267
754
91916
45314
65540
39351
11487
28462
18710
83282
70009
83856
92672
49408
62268
24856
79329
33011
55140
3838
29115
29746
85688
85621
32266
45185
78039
35346
30356
71619
89137
65623
72373
97405
10937
54265
36757
22424
99080
71819
22059
69089
55676
31083
34849
17944
55939
30531
67307
27431
34369
12774
73529
36409
14747
5796
97946
92787
57494
28302
64406
62983
93925
53131
60388
4862
7396
97145
43638
6476
68965
82049
91917
24641
29485
43119
58937
1776
73650
42596
29208
24371
55370
2737
60780
70118
24885
58726
62905
98731
87028
43663
61714
80953
96794
22103
2167
4190
35600
62157
27019
20917
60559
35288
61910
90044
78407
20847
91820
68409
79795
37380
92780
35166
56470
53560
21636
97707
28638
84541
96439
15666
44556
74505
12971
41350
12960
15138
61892
48561
93648
5263
85830
54207
40552
47741
60603
35311
84940
52423
3721
64736
6156
12853
99902
62626
82766
37890
76685
11404
38783
73124
43423
83339
63982
56394
24689
76942
87885
2933
41855
81533
8197
27686
52092
48749
75427
12695
84060
60367
81470
4133
25103
87626
33339
41357
66604
16105
95599
43290
27509
34382
32766
70932
17721
96748
43679
58762
73691
31564
61696
15546
29449
69893
59584
81541
18642
35011
10588
19054
11731
92058
39540
53186
96037
72879
10896
78993
88984
6495
22283
32845
40878
71402
20130
58599
68150
80161
17362
58193
11725
95410
90092
41174
65303
49676
39067
297
1040
49655
19351
12771
58065
75243
82309
54102
48122
93205
49448
53458
99701
88083
2656
40579
59485
39138
15530
43988
19299
49244
18533
31024
44654
8625
88550
9957
74654
43969
26606
92046
9976
45958
21169
68041
37553
3478
38496
2028
96684
87944
55486
12737
92379
74494
53316
51865
13632
85198
95853
32931
50795
14386
80307
95449
39364
85209
21759
30370
29178
48365
22416
39154
10675
43585
23548
64581
63415
78396
66609
60099
82692
22095
72836
75071
12942
42504
43288
26574
44055
39141
59506
94850
69880
56165
90299
9244
41375
28410
55966
86905
93128
78382
26060
20155
38319
65960
84736
1734
60708
51345
61834
43400
89793
51022
34823
2735
9879
78112
45661
53934
33605
5167
48784
3485
77685
55435
29081
19060
83846
85047
5965
93326
79781
48377
13481
18100
30689
14570
19835
91397
82267
98021
51149
72060
65395
85973
91147
75274
80437
36809
29208
14042
58328
77992
33880
36013
49780
79313
71425
33626
64361
93743
43304
60494
42120
56785
78595
89162
87707
14782
80559
69975
29155
48061
58387
94550
50386
49535
86177
30823
2696
15385
61217
77376
9730
95097
13390
75862
74411
1167
9488
55124
94910
69144
15618
53383
25929
10565
42545
29989
41699
23104
99964
70854
87517
58351
81757
37903
24238
67934
68726
26934
99671
29944
4311
25753
41393
34053
1615
32156
35220
27455
87280
46483
96599
19251
99866
22529
46168
42411
68870
87868
81867
68834
75074
69385
27185
56831
7288
67776
24765
92367
94710
24437
22311
15373
50190
80056
49426
51806
12213
999
79261
15845
47482
92213
51448
63700
14742
97617
6111
99964
1837
4330
68798
76911
73715
12335
33743
97356
80111
74860
89723
91174
15649
28386
6547
82192
8442
55974
50350
37007
73325
45963
69205
20807
38176
20653
859
52918
34622
6970
69234
36459
27652
38032
29723
1368
50368
79818
15076
46831
54678
21151
38005
70328
49537
60905
68872
74331
33231
19222
27691
6556
65185
96896
43715
3362
17549
44574
72632
68524
67896
41867
4983
95548
79899
51058
13268
46619
30876
28344
9803
1907
49495
47808
88587
15384
8713
57459
89716
58296
76681
33759
64852
41866
30655
8567
45228
64556
69493
17861
33080
37389
76080
38064
49290
55979
5474
62558
18951
36351
90903
28754
54610
56750
92914
43197
72135
1628
656
78203
59924
93689
11962
41129
35555
58969
66048
97136
23525
35542
31349
56606
89283
7429
11022
38573
79760
16496
1132
98711
69199
8387
43817
23809
81489
36732
67006
53624
54712
84014
48179
30988
94055
76493
72117
29611
35462
54518
43099
58988
90060
90800
31946
95695
14581
42968
50621
94341
75816
51753
9405
45016
76492
53222
68825
57981
89954
52184
27958
44666
52550
76137
92007
46606
52631
64124
92569
4445
18642
52020
63433
25054
42820
95379
37102
57401
54699
87723
51742
30516
55828
77499
75532
48672
30722
60709
6653
37028
29245
50963
98047
81796
27101
90054
44754
96084
70530
37323
529
89173
5695
80315
30579
48515
75694
67681
5916
46746
71756
74010
77262
27584
67862
52794
76256
98584
29855
99262
51964
59101
50225
50011
57249
93678
56417
18355
6114
26948
72030
6644
32473
77725
3311
79404
26240
95357
63438
48508
42103
35194
38870
19365
79131
6732
88511
71739
21668
18367
71001
73633
93820
37579
39996
67421
31257
96414
85776
37372
39714
57806
60368
88539
51883
63679
67943
94475
59036
31381
42983
17492
82928
98205
36857
62059
4938
41721
33798
42958
60088
21152
32943
70260
58731
72940
37681
6340
85706
39809
60064
41772
13967
36784
30311
65850
463
98254
76677
75852
45988
19660
9696
28916
34217
46553
7327
55507
88274
41125
98466
64714
78629
31409
51326
53712
20701
5359
60053
22759
45168
36469
80883
75487
73254
11194
57689
90069
25801
34366
82273
88141
70378
91969
17057
4596
38523
24384
60103
43149
81861
74921
24216
76843
22683
75542
30555
59736
80902
6960
98848
42422
43430
79731
34262
33036
7278
91951
23105
49431
26318
5379
37572
13048
97348
70981
33996
52223
11717
94100
11725
93578
85373
35941
86773
8056
27835
17329
67793
25089
40641
66641
67512
423
62724
1774
33459
70002
10077
56565
19433
52747
78296
57005
65796
91996
27986
99792
44220
39703
10244
72297
49634
95618
24590
52759
20026
52425
70088
87819
77515
27082
70812
61379
27505
33537
79505
60965
19891
89582
33882
39325
58682
28530
12682
24478
20526
40669
40622
81098
96724
67219
53395
62710
62837
77985
15470
99215
46763
1910
3387
24278
28992
74199
2009
72850
24088
81514
50167
43980
87448
401
83305
62482
28931
95987
86960
49457
53008
43935
30556
66085
11154
303
28795
90343
78289
60617
89558
25052
62528
92945
65682
7872
83497
67691
80722
7585
65557
47241
67917
69357
47642
67574
31840
76573
79914
35152
42383
32922
95439
89291
15359
6593
89594
60507
13288
67883
21124
2847
9287
83652
12144
74969
7877
95641
59012
4951
19579
40921
52193
87496
10279
16187
71423
58471
92761
51337
9975
51496
611
5415
40787
15971
12008
30381
76478
25297
98265
97602
44496
7552
97607
56640
98874
5484
68634
57886
26787
4565
98808
78980
8413
25439
95168
79836
262
4281
31173
10237
55777
31785
15652
96564
47756
44013
43297
40586
85662
57914
38188
46510
81819
52147
19502
80693
73983
88136
54931
771
92701
70091
96103
17467
11882
7623
97303
12144
11904
44829
38734
84033
76614
70738
96949
40722
14751
40247
81308
16765
98161
35848
63275
96332
87996
82778
77025
61979
87266
48309
79102
96320
18400
75206
13787
30283
82829
27442
58779
94734
72271
13865
95119
65237
84604
92069
22311
15707
48668
3619
32473
63181
55820
12100
59514
60168
94878
52891
38499
82145
1200
17602
94817
19601
92808
8604
66236
75637
36046
41367
86723
24670
55233
98195
89907
39837
6616
12219
55544
55284
32190
4369
18465
88010
16470
94331
48178
27700
47223
3030
26197
48423
20632
21014
84376
13440
29618
66964
5429
82017
8332
8505
6687
63565
6700
96594
19754
13316
25165
91650
84952
57356
96020
19769
61718
28842
14101
26249
56542
61324
29279
82740
26099
49911
3754
10476
79703
49725
77440
85132
31742
85772
9989
54781
65689
33041
51375
1795
62709
92893
93446
47661
50249
5818
83783
11967
51012
97884
54568
7554
75560
83847
6646
1659
33758
10401
12135
29813
76478
5928
31298
8220
91700
41287
63001
73742
90681
30728
91889
53390
23621
1687
17404
90222
7505
1187
18542
58517
99071
73110
82424
74631
73310
89070
76290
23420
15823
4778
53234
92301
10706
84532
16873
18758
42171
79874
8852
32852
26955
742
2595
66928
2429
19999
73503
26287
37538
92045
1156
36609
81507
99932
27592
54817
89003
20234
78238
4826
41364
47824
13480
52070
32356
30353
87181
90879
26580
96033
23732
53535
13127
42679
36815
31909
62678
26670
58196
216
18715
75704
53177
16575
75637
97121
71392
80992
33707
65982
85818
75072
13806
15650
43494
62514
46004
30675
53394
72584
43061
93478
42471
56188
36157
95638
88097
15187
22309
62645
15403
57376
38350
84932
73951
30339
82053
61696
11331
15760
44030
13501
90832
57837
29152
34327
36703
75156
81354
6449
64092
24415
99927
6563
80604
36084
18553
85053
51271
40862
47699
83026
98239
2401
67958
88542
32740
66363
50238
44071
98476
10621
57572
5660
84810
86724
39987
21513
78232
37694
27963
42324
62109
27890
65239
42713
80327
83793
27767
47950
24655
91818
47329
39246
94219
31639
27789
26959
98003
94379
71030
96479
5000
44954
2139
89810
48031
58479
27676
26263
96173
55639
84940
74634
99881
50179
33700
96560
33972
77819
44511
74980
69637
91840
30578
63856
39831
58367
7167
37834
69099
94549
50665
90451
39503
69157
80262
87534
43988
7938
13798
56513
79929
15090
31147
79810
65269
64847
76371
15594
42666
37234
6926
28655
45426
37504
92511
85257
12224
16030
39444
81323
10579
90109
71774
50083
59266
68388
37617
3254
92678
67767
59767
72607
82857
7267
52418
64479
72114
45141
80073
31133
98727
86999
59788
60505
40855
68652
45762
53079
84682
85206
50754
95262
91668
38881
61697
67286
7269
15666
86893
16300
99786
63012
88907
82643
70279
41325
63474
58746
2818
59899
6231
1545
46898
66019
62050
4106
51023
24165
57185
52058
25723
24292
63672
33743
63173
25369
1030
86794
41035
4275
3094
40821
67287
8354
39817
53919
66031
3291
12665
68850
79543
18896
86747
26441
1267
65150
46899
68643
5667
20437
20701
31390
44729
84373
81486
24254
9742
82516
27400
67129
3143
46847
7951
70430
55201
64120
24349
21232
83763
53366
6434
63306
88614
93182
6100
6234
74684
52999
74877
80351
73436
95578
28093
34517
96303
25931
58771
6045
24799
86172
89526
27942
33019
97477
98373
4572
77949
39074
25804
61713
8793
32239
41371
13759
41773
47471
19993
32809
471
94870
13160
90259
6800
57605
24777
19455
83537
83548
25500
8336
86072
15027
36279
35443
28856
51004
40015
23158
6430
65820
84871
31575
14411
26242
45335
72536
90066
65328
5345
6889
76551
18505
97148
99703
92462
38277
19159
92351
21826
61011
17040
24250
92390
69671
59694
37599
20675
16061
60757
43457
98233
61980
75033
12644
4574
20368
85180
94640
2048
90525
1529
94951
25382
15030
11007
34197
53307
30166
26548
91485
7529
43588
32088
99920
13259
91782
53871
50286
7843
14628
10096
22429
92960
85129
35073
97534
21849
36606
8527
40249
27131
26408
35201
68866
41438
46208
3063
11098
92726
29611
2583
255
89552
34671
16527
19163
42805
70398
69450
67001
1378
79546
89430
94338
81027
40855
8225
2876
77461
33104
43125
20945
59512
94678
89811
17303
40886
92874
28401
33612
38837
47336
50220
44741
98360
66747
63905
41165
37146
49707
24518
54876
45605
30300
65567
42984
71156
73792
45860
64969
23248
5337
85914
82760
16368
75725
63
57254
84951
44816
7219
40141
92153
73791
84882
90513
40538
65139
48030
94036
31198
88901
48913
76803
19201
30832
19787
6709
20976
81999
71679
44224
3689
57593
26984
20057
49671
43400
93663
34622
88216
17234
91115
80369
91025
75998
87234
47916
57489
35265
41952
88688
24166
7217
81843
59719
38049
17983
66429
59025
99982
38108
19601
20023
12053
46586
56432
61724
6338
66448
12699
94554
83682
3814
91276
91060
96164
78510
38976
53654
30127
97280
58694
70645
20850
40537
46717
75251
58520
13146
50629
74855
67606
70230
11230
79659
16816
84015
57736
39506
50463
70435
34061
50497
74249
41689
57909
70414
36551
96885
40420
66679
10518
99114
53676
47720
56003
393
22971
30876
29891
73600
22083
97497
43831
49665
93509
76999
33680
51245
16506
84143
21680
66919
34641
12281
8608
92550
82695
45159
5788
39467
11838
32658
54933
81867
80378
10937
98612
3349
58165
28504
93302
96600
42353
37133
46265
52214
30484
79946
3459
46990
64089
41491
13909
15082
53773
22517
23985
52820
67677
46125
8640
95867
95135
63573
94086
75513
90862
92699
95214
49027
37555
4868
61979
79908
42001
8245
32123
72486
88191
51934
35828
68632
93426
49738
67
63551
88607
40404
32723
72636
86529
41363
84856
98016
4937
78942
89881
95799
71641
85095
61179
25548
6316
23158
5457
48317
31403
53932
37155
35946
5866
72984
20931
15644
39074
20998
95547
44033
77754
28271
16670
80635
69634
1526
78651
74571
80468
68532
86723
68462
69979
64254
94010
76295
87412
15819
40965
35168
86103
78120
87466
8322
67456
8397
23966
22882
29395
35866
66916
23501
64137
83586
4136
50123
1464
82787
41047
81932
51319
27770
66746
37651
8376
77109
13946
95788
9280
71263
47308
95384
65736
34775
3706
33192
43172
44024
72427
88920
79890
39343
12421
60379
39281
16558
10503
40745
15697
51550
39029
67017
95672
5776
21020
4048
99237
51318
16188
8517
22582
79849
3901
88318
14624
7607
37862
57796
51632
10289
63068
47874
49632
91842
8254
88913
8400
35109
29658
24097
3011
68688
7466
15035
90816
44838
35435
90053
96157
67975
14922
18739
47824
18824
23409
62448
42783
61271
36597
10767
71561
99665
74994
37545
91507
83248
42811
16259
34709
72469
56709
54072
57509
80527
69107
64677
25366
4542
54730
21523
72517
86005
56614
20342
4829
80023
99142
63964
57646
35739
74732
29207
51757
49726
83105
59616
49326
25916
92228
387
14737
65289
54459
72247
45816
23566
36924
87534
44460
8007
25409
33329
10364
82023
70023
15193
78398
69166
95509
36045
21257
86593
81604
89366
36319
64709
65335
1997
90625
57563
2384
5363
22852
56843
93962
85020
96761
47238
72555
57573
55245
97964
90903
81961
96340
77278
97154
74738
62796
9016
27135
84054
95609
8740
89772
31929
73449
55107
50278
64075
12670
69015
69438
51874
42210
63400
36895
38972
26990
25802
12897
82236
23766
3800
80549
36458
97431
77704
11197
60227
3072
38332
44281
98681
47072
50406
46962
36874
5513
97241
949
34536
82608
86739
86410
24818
66491
39657
63790
93481
65459
76688
92069
5578
96840
72619
42036
94271
66675
69585
54499
69747
24270
15132
68428
87694
65538
31743
24568
87404
45336
25517
21940
27944
28608
24702
52762
95099
64360
32905
4933
46171
25945
97002
68101
22785
69621
10138
33409
52648
96075
4260
38747
20345
35744
23528
8040
17635
55271
32608
5039
607
74478
43331
28551
3086
68033
81313
14538
48745
30570
19471
94917
56515
16473
63018
95653
2447
89508
29062
71447
85584
33322
10195
22281
85418
33723
30321
3053
88994
62930
8092
89601
53760
51423
34504
56846
35809
32169
71384
84554
62740
90855
95823
19255
23681
75194
14908
42480
81054
60322
13927
82990
9996
24122
5272
95415
57845
35593
98468
46839
14875
22913
52792
68635
90688
3648
41834
26497
35818
13218
27404
14910
20426
39579
34165
60459
31125
65426
2939
12180
42100
16866
95170
52097
57341
442
63864
15186
36036
62332
78378
67263
1597
31170
35899
92286
34819
77733
35135
86989
7303
78891
1899
44081
18471
52416
20892
49596
34194
23831
78128
76295
57050
73299
44744
14391
90093
8608
45929
42481
87292
24307
9745
88890
55478
61996
97528
6649
56081
49015
9990
79736
27907
11889
40170
62730
80657
61062
28678
14852
1246
6807
91147
74648
80106
52243
89039
86551
60851
51320
29033
48143
75628
55130
53385
47458
17126
67265
54107
73207
16281
80449
69295
44188
92338
9465
23270
72995
70528
51948
4199
71774
58755
95346
46422
55213
63941
51813
41765
24792
3133
87150
89288
78761
42280
42673
42571
59406
9939
13030
48965
42572
93479
18260
3112
85817
27726
26382
75165
98254
78330
79364
86380
37086
91063
49154
92299
55004
17319
50416
96149
20452
37566
85437
15566
79846
44462
58137
55604
70753
87520
4569
13325
80999
22830
16437
83169
66908
42819
58334
81514
37502
54050
67894
74588
61465
33400
83239
32822
50719
33656
28971
87523
87574
30760
3089
67421
75222
77579
39377
62328
65099
43947
92005
46098
83129
8443
45619
50037
67614
20305
31551
5116
74356
15797
96056
52173
49197
79296
84995
99916
29304
30318
87439
16878
61078
6881
651
52653
84460
56381
14981
65911
328
6986
28361
83457
31781
73981
33494
15748
94286
81397
37216
84994
97194
33273
53520
46391
28921
38515
46307
58225
85186
50098
91455
46264
56979
8459
15269
57791
64840
46602
40054
65168
53589
68416
64977
1722
42397
14823
33822
53035
96220
71039
38030
93414
4312
91550
39805
33233
46417
2464
7810
31603
68914
99265
94220
42246
24076
9489
16389
88916
72444
56444
70436
42385
24860
51765
44107
83609
66588
77930
36644
79160
65321
91026
72574
69633
98928
28731
19218
61698
47547
27028
93301
16462
42645
3873
75060
83074
29715
91449
88342
2159
47893
75131
44544
72753
26896
5003
56362
9837
99285
9359
88997
64606
385
77924
34239
99314
6655
69809
61012
70555
13189
70665
87017
55835
90891
78429
55261
36958
69878
43603
39117
17772
18734
13
6877
45631
5016
79592
71820
4302
88951
60817
68908
89336
38741
19500
5002
61749
89309
82366
32304
2499
69384
35673
74686
60275
14102
29947
97233
83980
89902
52702
18104
8637
52715
24982
70620
74083
20926
42440
94737
9877
19609
63646
15565
58351
99498
20568
20100
5159
19286
68756
7658
5022
4429
98696
81649
18531
44995
95234
18863
34898
47936
53320
59887
17003
94654
30507
91087
15580
89299
85824
25457
8908
65822
41022
83611
81672
77942
20063
86832
13581
88819
10842
18603
9600
9539
253
44483
54534
95487
79699
5784
59776
33019
65671
76779
27673
12530
84218
59605
1829
86395
1414
27090
68569
58788
27053
50242
36731
47117
37074
66664
52288
47916
85267
61889
73807
1872
6372
28342
97360
86071
50478
57136
19090
16150
50267
63115
28680
34486
39072
46862
37233
40486
90304
5802
99275
17357
56044
52358
64474
9470
19022
16763
73739
20641
78652
47546
22514
1376
75888
36226
87448
42719
9714
22890
58869
59981
2358
3901
10819
41430
67115
48052
98269
57419
70207
97544
74777
42603
49902
55603
52074
85276
72366
25813
5917
67370
89711
44783
85099
81952
81009
88899
24671
90723
11789
83540
67057
30499
3793
77876
88282
70909
42281
86551
28328
12488
84095
19457
71443
50349
75061
39869
51977
63779
65682
74246
47502
71746
19030
32601
53698
39
21500
78369
7115
49641
78261
74172
80141
82054
52048
68423
52963
10681
54974
97644
39521
55421
17101
10965
22122
8514
50834
90451
72294
32869
64697
19796
4615
83727
52397
58313
119
90249
53034
7234
39890
31295
81406
36383
13349
49806
4806
82665
60488
76132
80309
9
47905
13762
27326
86379
22277
78161
76830
94571
27382
41528
30719
31997
41607
99468
6662
41726
89717
59696
48960
45959
90991
30366
82343
20692
80173
87149
3357
40661
79634
18
57022
27539
13781
84349
13919
36058
78862
7101
46981
6244
48629
94052
54593
6589
93520
61255
48315
99589
37303
97276
45548
44646
43994
27891
65338
24167
31393
68696
81180
27379
68714
38203
54918
98847
38904
85189
51257
17766
8643
98238
24010
73624
92290
78603
80213
2162
56210
28529
1751
9865
42157
47300
54511
86151
91543
19849
10319
22936
88545
7851
66667
73612
46054
21586
72459
1310
23127
23717
19076
48122
38307
59438
21747
46950
38041
1960
65464
10603
46841
67216
20468
88998
30868
91331
91502
22411
11181
18173
61700
16078
26024
28367
89690
88431
66305
78502
89741
5785
18571
8818
53907
73230
68256
75654
20180
22650
93967
1997
49605
57160
69213
86426
62511
81
77757
54013
22492
88938
72186
84192
5017
98210
28912
11059
86641
95217
5913
76383
1002
24484
1553
54910
97715
69809
46916
34247
8811
57235
36244
58417
14396
21809
44843
76907
21890
22600
30920
60735
11539
19458
61279
32908
17668
90191
43967
20662
85409
49881
13397
86411
90717
14950
57673
4784
84759
4590
39032
93571
61825
91628
68340
76221
13438
13183
69480
35328
35783
16752
96063
63674
36210
57343
96582
70231
47534
56902
90893
49295
23135
4290
35707
30204
35592
93380
34989
20351
14322
74021
30274
76148
82001
98614
68721
95439
28149
38202
30768
63933
54954
43183
43959
7517
16878
56894
77748
80765
30148
68641
30060
53283
89283
82119
83487
24875
91852
34828
61578
6174
8849
8205
82322
90851
6819
51044
2642
51321
5598
49762
15254
76904
9298
75565
84421
26176
32459
62169
23293
62607
47162
69706
32242
52797
51825
32082
77672
43677
66910
55603
49852
92112
63808
48526
99315
86979
15922
1957
38300
21520
51720
69906
98425
61018
61824
82846
3546
94283
61368
26840
56891
8530
96546
5485
61328
64723
37567
55352
8401
4478
27307
74605
96590
7467
23131
95905
10799
39054
14214
49099
60574
65934
35358
75351
43304
97182
74550
46851
7817
35918
90043
81060
60800
86589
86546
38480
51312
24113
93833
76065
44943
37492
50670
57885
44960
73802
70142
55759
29208
84357
21210
6134
50291
72920
81486
9948
70102
72388
56799
77920
8306
46842
75332
85458
49783
61878
23939
17447
2344
34124
9865
47287
71616
60535
5173
16576
50689
75315
88687
79897
59672
9898
2384
26316
82818
83870
52616
69273
72610
9415
63545
97268
72609
38877
82726
38744
756
6665
72543
19452
40789
82408
66739
12406
42944
88264
45334
9985
63580
34022
6235
39604
60272
8619
82272
43090
8841
34888
28715
81451
60655
92260
78719
49616
31138
61445
88360
48246
68111
60904
67698
25252
43312
50789
54010
2608
39054
99345
12594
2634
49719
35181
58590
9991
43800
40863
69433
52641
92103
98149
34092
52759
90409
12811
2375
37899
90608
7088
2497
58719
67992
70195
324
27656
20985
54334
30265
76391
70031
59211
95377
36102
94392
53967
62445
54544
11182
31879
7185
3286
46380
57629
72397
53141
70440
74772
91041
61048
98212
93538
36120
66204
80086
52796
10213
17423
7130
56830
93814
93514
32393
89191
29616
43137
59510
92062
97681
70693
40293
21218
90331
86673
78847
62728
56166
49287
53852
47207
26687
52065
57098
79159
34621
53536
31955
44834
70959
55438
1664
81125
65304
50409
86668
94920
93546
46178
3334
91227
16871
59979
12445
7202
63004
91292
86282
19171
56931
40135
82730
99971
92200
56180
95482
43173
9716
43790
88008
97027
99228
6024
94504
64532
56434
81172
75804
66332
27351
95491
57560
60574
71822
86357
67777
34827
94002
54059
53998
67285
10546
53080
83608
19098
9261
79091
62272
35329
22881
50280
48709
38461
72656
43213
19345
45442
24386
11501
11775
68089
6992
85687
28663
78815
88396
12792
29994
82398
83204
344
66036
93750
53424
49644
12849
79037
45087
75121
14367
67968
41753
63076
22781
30761
22641
42126
76204
47027
53628
87979
31468
76972
90018
60132
72139
78414
89276
2133
60813
72480
2477
43201
66231
55902
92845
95432
51291
54285
86905
65658
38605
45010
45086
61387
75771
67728
3513
51975
31107
73493
56306
62576
50466
46324
39060
22605
24739
28336
24739
1904
17169
43568
61457
83400
15822
54302
95184
67114
24939
82089
32772
63545
27099
94211
24932
19222
78291
44797
87550
9398
18291
43856
88326
85109
6533
43738
7714
47624
88427
48805
65880
5596
8726
27337
5348
24548
97991
532
91662
22931
98973
40787
86476
42424
51350
11408
61646
29641
72557
49196
55391
90848
9405
43718
75957
15938
3808
24
79914
92235
65181
45794
97831
73907
73131
3179
14808
87474
20063
6470
10405
19036
63609
96881
61460
14959
24641
39459
44600
97199
88655
99992
4399
98060
60062
96709
30350
63870
13085
10264
72458
78266
72410
70289
68526
61893
89821
83334
49368
9884
6156
59773
28921
86118
73007
6733
1077
97648
46192
62030
11199
34848
78374
31951
49260
54788
28660
79611
35010
41745
6227
7468
36363
94990
94110
4889
56883
83931
4575
6251
93815
27084
82377
39088
13202
55384
45822
30631
69384
8366
9013
96936
43214
3739
28887
8827
58527
57547
4790
9890
99292
27369
17358
35655
22359
27820
56897
79243
11751
61472
85494
21919
88556
67871
77359
18110
39607
39533
48742
8992
47900
57755
22280
7466
61495
51167
16293
36374
8714
37435
46264
24358
64805
79975
76365
87164
7795
49614
82759
35899
11087
68254
74170
15995
52477
67881
50458
8437
7415
99200
33781
55315
73307
56061
79133
51154
7228
11779
3881
32294
49214
50145
73004
30371
46472
65721
17536
70620
15336
295
22871
26423
84901
13393
58770
53731
81274
25580
78520
88689
24780
12301
60356
14440
84714
39490
81946
8294
67621
85827
40588
16835
52325
29944
47207
98797
95665
81095
85769
11001
97742
8640
53776
98996
22033
28899
69079
19660
54479
47599
8349
95612
59900
85058
10052
44614
24548
91998
52908
92169
94178
9848
25356
46503
56144
88915
61652
51809
86362
47422
62811
84105
72414
32939
99453
10800
61838
68532
30460
16318
16131
55161
11930
92383
40219
38334
53349
64767
46684
6257
73288
40862
32457
14997
87365
88601
20264
65370
56762
6627
12792
19573
7084
1558
68865
6537
12358
30703
91421
59170
63373
7552
14332
91655
99935
54551
29989
53284
35671
93026
75893
25311
33888
24702
40308
37606
29655
76925
2976
86417
83552
32120
22343
6988
33678
91208
29877
62389
21911
21298
21559
85285
28850
35891
76940
45137
6795
23282
14773
42466
16308
90666
84129
66548
31720
24438
4154
61375
17715
7130
47792
17619
55602
70135
24607
89281
77695
70836
51670
99607
92134
89581
1244
37336
41825
94536
98825
48620
34170
13598
7438
50478
20616
91567
33379
52336
32357
37533
13711
50072
61016
61503
67691
16618
47991
8650
22251
25686
79486
90273
41645
87972
79855
59241
25308
21680
70130
24133
86652
4300
54083
94090
71131
74699
85657
4510
27035
18015
58395
40746
84439
19411
18602
68483
52382
82945
77133
74633
8631
72972
81259
66629
60944
61114
25870
2605
99146
96000
43090
85798
16653
97174
79888
87784
71873
81897
8646
98909
16264
67041
56007
704
2805
74609
69187
71539
57554
62672
62524
82538
35644
43783
49167
12941
4897
75037
15546
4043
87390
58636
89841
4043
72162
86081
8179
44036
67979
16825
59297
84243
83866
15304
1299
3023
89914
86838
74562
63820
49511
37087
46358
1507
80870
11877
14448
2120
3267
29994
6163
90657
4983
12357
11052
77145
14790
19231
37533
99121
52408
96830
99717
52626
12135
1016
55650
18401
87855
30212
98573
53718
83651
61284
55225
80874
73161
69674
82994
76428
16020
5509
83437
21003
34218
94489
14501
49009
30072
52034
48130
82480
65217
47847
35107
77352
65216
7109
12105
53071
37321
10678
23141
37325
71962
78366
18199
61476
64392
17545
37904
80413
23054
37694
17768
57273
32183
32269
22634
78608
656
70764
61088
65873
34964
12547
59577
180
19656
88034
69603
73330
15064
92744
10655
3379
71110
45206
64855
35503
62751
19111
32268
2157
56805
50036
59430
5341
98658
82064
83949
99314
69181
61389
81539
4145
90289
57468
4325
9945
61854
73928
99627
76918
66672
26634
80297
54134
88192
45152
5989
50943
80616
38257
53101
37421
4646
28883
42762
3304
27300
43063
18970
96481
20805
16861
16978
11094
90681
21303
37391
52535
11583
53371
29453
94607
80005
9751
48741
68198
71255
71083
35493
51871
25692
4946
89293
30338
50182
48407
49994
77482
7823
85316
90315
28628
2177
7293
56074
92858
44948
9817
45393
56531
63188
74847
51138
59546
950
16231
27744
88557
87314
79589
40429
13007
888
46074
59697
51070
10833
9692
44904
18656
95008
35219
63636
13538
58864
36062
6396
3812
45880
68142
76695
9068
59341
44185
68614
76643
60416
12710
65200
47731
8652
21981
77090
9540
84407
53139
76962
11593
62831
21866
30249
74192
73437
10238
87730
32301
46300
10478
52465
8532
94972
29160
17601
54313
73345
2567
30956
50113
31630
12509
14196
40282
34490
7638
66174
35250
60778
43136
46843
39961
65002
93444
14153
54791
3682
18235
87092
66335
45066
55909
74867
40038
1421
8820
10704
91118
11388
58012
41231
59370
70521
55428
99652
21364
63066
82178
72966
23844
25314
19809
80158
6668
13253
10663
61459
33288
28899
64903
15975
90317
20812
90842
46707
22233
16015
57411
13351
43755
31776
54582
3125
18649
26362
19129
40013
5781
1307
12979
45977
42973
49140
26135
49641
62394
36799
27452
12034
82050
92355
28009
72367
29519
35203
19074
51752
51218
92838
81455
11325
24614
52389
14450
59615
78752
49931
99629
885
51238
28960
46862
94211
94453
89350
60204
56847
26149
4008
68881
8199
96363
13242
96918
25882
48445
32344
93986
16016
41534
75441
27341
82500
27831
58144
42116
22935
8075
58097
40172
75666
3409
87034
86229
97862
76384
46434
54709
18885
50442
39942
43436
63158
69536
40354
5392
34334
89051
99379
50350
30585
91172
94043
13086
35355
68539
71554
74642
76615
29651
14814
68633
33060
18201
54862
47275
94585
1296
18336
13471
68091
74631
73259
31249
44167
13614
52993
78501
2665
52372
45203
49602
59897
55599
79040
95252
24138
50594
86247
17105
96597
1061
85738
46010
19262
40601
93285
30200
58249
11621
60023
42692
86252
33282
90293
30420
63248
43287
25273
65913
12011
86829
31868
71908
42428
10908
83513
82918
77855
69760
24
90804
70821
2114
36814
6436
59067
30099
36636
33669
41721
13011
76361
44325
46293
66655
91097
9542
26294
16371
91807
38305
3200
23675
10214
45628
50936
93727
28546
45143
79839
44922
35947
67012
63389
72762
73448
22456
19213
26436
56125
77286
39447
48839
21612
2093
31846
12709
11635
58140
45432
19794
96445
48632
59822
23011
10612
27110
16738
55511
72253
12929
16785
24552
79942
80174
97314
53390
2631
32880
96179
75108
10166
35626
23947
31778
37719
55793
60840
65706
13933
6272
1853
26731
71257
61675
49742
81869
88785
82833
53732
77390
95762
70518
1942
75704
50692
99257
45447
69675
48489
41626
44784
58655
77252
85083
6786
31324
57229
67626
13382
71162
90250
15235
14245
61507
76910
63988
59729
82047
46821
29813
59437
58935
331
61380
34640
67376
76989
80087
37051
25478
21713
98187
485
15317
83271
7271
62993
56852
74897
92728
28014
81500
24315
58612
43007
17578
22600
19088
99625
85773
48902
59063
44708
65585
36795
95700
32961
30136
75787
86365
55614
13852
904
56099
29170
527
79723
8515
57379
70972
1243
1746
52472
41911
60358
11832
59489
99310
30920
59114
85083
96174
34529
46143
61760
87676
41844
11073
17812
33983
13790
89778
47836
14695
62230
93358
15222
41953
18225
72602
12925
35821
74348
65398
77732
51058
93582
37221
50368
24502
96335
51803
37029
47217
14298
15141
34893
72494
26214
52706
6478
40005
58836
70666
71052
21066
64024
86274
63019
82249
75228
92297
34422
65928
74047
12154
16986
67629
49375
83706
8483
62063
51861
45512
9280
66160
60653
60525
55006
3220
29583
61484
59577
88420
32150
30629
9486
12526
16903
88858
11128
8484
81155
45550
74412
55202
57705
7751
39183
23432
7809
47666
85495
59671
9531
11127
42183
86536
88005
97189
89756
17588
75026
49333
6008
23528
79962
31847
36055
13218
20705
63535
38054
18212
9085
12466
89766
83142
36569
28949
22927
44379
92967
24774
20402
2498
35902
78937
89035
23907
92478
95143
57847
67504
44477
63856
91033
40791
95703
43440
70361
32760
6975
8415
50972
32412
37234
57090
31907
73803
86039
54834
34534
95358
79608
71288
97857
31862
50225
3244
72121
42704
98387
29969
26560
59216
93825
17593
16360
5880
77385
3073
54992
712
11489
22316
33125
65075
79406
65032
55230
81797
19866
89765
77155
15826
61053
91364
47689
27631
94608
19810
70335
9348
49779
96895
84916
59956
30841
1276
82188
24578
4350
37180
25291
32191
59496
58416
97266
55254
39800
52496
37051
76018
58613
30559
91844
36019
21923
39533
63650
16532
75696
50337
42232
41827
63584
27148
1784
10777
44777
324
35356
49127
37505
60647
97670
13353
35415
11288
84960
75215
80136
38363
51233
55102
68922
59429
91121
90846
15315
71123
23730
91011
37812
65962
32838
1396
93110
50974
12174
37887
51299
47530
3366
5156
8177
17388
34861
59944
28676
19821
35159
25165
58185
2744
80267
43459
62173
71388
34305
77488
58863
74387
68499
96675
40349
17690
98071
49812
68664
26597
4051
36315
90479
23770
41471
15008
41158
76333
74952
86187
12506
10111
11352
87043
12855
7971
30503
91381
79359
81160
68869
54574
55548
53721
51249
12249
87763
65672
62061
56427
92270
82465
92743
82749
6235
50566
97758
63745
43251
72710
66284
55758
99174
93988
42801
28381
1959
73304
19762
97670
54465
4984
52244
26365
75057
19845
38614
62820
85518
17028
35599
94140
99493
44694
93241
22080
95261
7351
2177
38512
96414
68462
94270
95588
62450
53424
23969
80762
43080
60084
78432
13897
65068
30677
40262
56477
50522
78877
19297
52392
12257
54896
46532
11750
99591
56126
50182
11204
63477
68711
49716
59891
37173
60339
71831
15976
13763
12153
96738
73195
72237
75170
87093
53657
22199
43707
10134
89074
38936
29431
41466
51193
679
87999
79295
16622
60477
29477
27826
23954
98189
77543
83846
51714
54234
72029
84042
84349
84182
80780
57544
56419
72303
44637
26428
94502
4697
36562
83576
43633
82345
25043
94827
83025
29394
74122
99647
89871
19952
43826
30177
34493
37721
30375
86207
91955
2405
86602
76304
86587
67382
50200
43007
56037
11190
69435
50540
15887
22350
50468
59520
4695
91863
54347
4072
37609
44822
3720
27480
64774
63898
74010
99267
1619
4385
1826
93574
6790
88428
86230
93378
72163
36430
36385
28200
63972
22172
95092
79859
44522
45561
39380
65570
37424
10079
69642
75034
54901
89714
18866
19675
53612
92876
35294
55231
97262
53473
65157
4052
41901
51387
97430
30416
4170
50167
74969
68142
88692
70061
48002
49566
15622
3734
15136
69399
13813
84779
44433
68715
90845
79651
4742
44458
72528
56389
16041
86142
9862
97551
90194
68115
48938
3977
98532
69460
70496
73501
53955
59188
43562
18309
8755
75537
22043
40243
44936
52208
41374
5721
37275
32220
85372
42018
93030
57900
14759
25423
44042
24621
22974
50589
92736
88265
70918
7620
57725
41414
81121
11680
16955
41036
29989
42062
32925
68384
82305
77861
20593
40032
83582
74220
88604
68954
32590
81634
43207
47349
23409
3601
71970
46384
70542
81059
34649
41460
88679
8726
99227
69801
36759
16182
27189
66748
58244
60114
51485
56901
54327
88430
13285
37909
62650
1889
23215
11593
83523
66422
58942
6933
86376
47265
69669
56918
28324
4318
98379
17003
29396
97606
3156
66155
30140
30345
49256
4736
6811
741
61637
61138
5523
91275
15399
68173
93164
38615
96118
93040
21389
55061
99973
7765
2326
85994
64684
47002
6664
79415
64005
36060
77021
67162
2216
7161
13859
51472
28249
37023
52213
6238
98161
57736
97513
13561
42261
90678
68528
54732
83718
89917
9793
43
97683
28471
86037
62367
75473
92701
41782
55830
28761
35155
39344
47329
58668
69556
98801
86917
6579
67366
93155
4740
41454
90669
34653
68
81347
3181
54800
81417
93099
80945
81460
7134
9416
67497
85853
1241
76550
43987
73423
21663
79142
12768
68993
54162
82324
67794
41079
88903
51513
50586
9995
92967
57607
44649
93035
38954
64182
64187
20371
57281
45132
18183
64415
70900
2032
50268
72141
78582
94255
61917
246
89749
74685
85591
43911
73361
69737
1342
62264
21250
68281
88611
30570
25888
33260
39957
81195
97443
4145
17918
71076
49277
36102
51844
20178
38134
18464
8671
33069
29072
70588
33315
18821
61625
35258
79085
34986
4995
96779
13602
42598
65060
2214
89520
90949
51826
29477
72144
49269
33622
90062
36698
99252
26164
88542
35782
80651
7006
60805
13720
36078
31394
63387
71252
9371
98645
66689
44358
19992
63468
57960
78942
28529
60174
68462
19478
12001
97940
7974
77622
47914
98036
14320
63518
40553
19214
99300
21204
42573
76458
34924
95003
7852
98311
82607
33575
13308
49296
77933
33300
12765
52246
12243
57646
12420
97057
93476
40773
94997
1450
34748
59264
15838
65420
22782
56391
987
38435
93947
43560
14893
45223
38563
39097
59886
37523
72672
73194
86819
50606
22847
15936
19204
51442
89934
31624
48499
83410
88750
59849
1212
39850
19113
33403
5270
41895
6146
6257
96682
94
66169
11575
45317
21085
50672
21556
58608
23345
94750
61779
90303
33949
77716
9507
85391
67650
57483
50243
67413
62585
10092
84977
2435
45557
18380
24058
87452
40879
46667
84135
40973
12837
12062
2642
33922
62735
24198
92530
2432
35301
70661
9087
69250
48377
34946
70994
32380
8781
21237
16145
71367
47681
1122
90154
93238
35855
14212
97042
76734
77232
97529
34059
90069
9592
53053
40343
88679
93604
49225
7463
45257
19886
16550
30859
68264
67848
1853
16996
76629
39442
33141
64348
3475
50615
54503
13065
2822
85067
10108
95908
78651
23989
46319
68720
49933
99373
9063
38612
9329
58288
46075
54586
94527
78977
85445
62791
63177
3651
96139
39807
59445
45632
20507
62921
12599
75010
75986
15422
76430
2446
11330
55081
26436
57650
40154
76369
73375
65569
31334
99056
40210
93761
53642
34737
89091
55439
13880
52268
75442
10019
8427
34888
72003
28935
14161
84602
20297
6499
24
13079
25298
27707
84513
68086
1709
24667
60807
91436
90236
92141
90492
30446
2255
60486
65183
91346
32277
95415
59966
7720
5434
68394
58960
77437
97329
73121
78392
33978
95972
78416
47058
21270
22475
31571
89356
40536
72590
50164
31972
62826
42305
38816
9625
60912
99302
91160
52258
31580
86576
12225
55652
8362
80619
14612
2152
94300
4085
80544
44630
57
75312
91688
21328
14140
39611
10684
54676
12201
60848
3001
91380
19506
41817
17357
80418
41120
8517
49029
89052
11445
61254
44704
36160
58225
75668
38312
68877
79753
35208
29859
96162
26872
37900
17490
41012
77511
44527
95689
6065
21727
98690
13797
57585
56859
31154
54356
97979
56023
3385
3383
83821
80991
64439
19981
55568
40107
74645
40797
36212
9853
70656
32375
36725
8556
66217
94090
2420
27096
89779
8485
48824
4821
22282
6409
61680
69788
60765
76012
25811
80502
95747
25984
77845
60187
45965
33413
16646
20610
90562
69211
46815
61219
17938
83541
86127
84155
93983
88547
27604
114
13384
76428
21287
35666
99189
82967
21806
76307
75331
63970
56809
87431
89954
34655
47618
35920
84420
80616
72882
74983
49827
19698
52554
84117
19591
38681
84625
13574
27229
12229
13688
40613
88657
34975
92632
4198
34294
14438
80505
25978
94760
37315
13409
84715
88322
77379
36987
89094
57995
9869
64077
24175
45919
16631
24644
65510
71665
9269
95436
98894
21498
25476
39507
26507
60451
48491
30706
11098
62930
11211
53428
74042
64878
66837
58757
69552
60568
12096
58647
34915
21966
39076
75442
84237
72060
87
49748
43725
9356
61536
58971
47207
87013
98478
90066
63816
63322
20772
74914
42604
48336
44694
16646
29566
11531
91756
15471
88451
3852
90470
23367
42170
45898
15161
26408
17958
15248
92508
78035
40957
54044
37006
4516
41057
51837
94582
4874
15159
31707
96140
57763
96395
40835
74409
25961
68718
66165
57784
57170
86370
48254
96889
28540
94153
12050
54948
28463
43651
63808
6499
84608
17853
59857
89124
75262
11694
58
80136
43205
31765
76277
17320
44512
17112
8082
70474
2182
74247
28258
59352
76969
92865
72593
5510
87018
84644
76810
15481
28295
40619
21980
29255
74824
98190
34731
50086
26236
34789
46575
69442
82907
22852
86762
27419
56316
94844
14245
58498
85444
42504
34203
62413
35369
6796
84275
38739
7792
61086
54220
52439
18057
92553
81694
9233
90743
16425
59319
16979
67567
5894
2773
50474
45098
89536
94245
17766
732
8491
92617
86176
67347
26820
64942
19068
49968
49217
57807
57761
26655
28379
26552
61064
20932
8247
70297
28027
41024
45969
45007
8591
68215
47780
75417
29666
53668
69663
47432
54401
94506
40049
56929
61853
83221
38223
80921
49542
3793
55080
7303
30448
83459
50207
7865
4392
58454
94514
32419
15831
56835
93778
40774
41403
57911
16192
71069
11579
2207
18501
82332
96713
74903
39262
74918
58124
93837
55839
7666
97630
27271
31321
44431
10730
81529
52296
31474
56335
63162
80246
72166
19998
90376
12941
61401
48287
45485
48822
59867
47692
67323
58551
60757
42226
14165
35675
16703
8003
7866
40721
5633
35137
72043
50064
62219
69924
18712
93694
42611
81875
90292
14778
18225
80668
44071
95978
28956
89556
44800
5175
53600
28475
63726
14357
70702
94244
66384
3757
2247
74250
44478
7880
9387
32873
57945
71606
19149
76657
81652
61761
74884
71944
92891
93109
52613
36962
5439
97921
42870
50239
19448
12822
78715
99526
43531
65769
93770
9915
85878
96017
84165
46708
3898
9904
79582
78195
97862
15083
71204
79515
93196
46089
51459
86087
55550
20424
39401
60990
34697
98623
27581
54145
11445
22648
53672
54976
4769
63794
81243
90647
59812
81760
37356
80062
91664
33290
58257
89527
48373
45813
85394
41570
91902
53205
44009
63805
89982
99763
41147
24679
98386
68728
78825
26184
91377
48849
97512
96146
12643
78756
3146
88807
60516
40502
68869
68533
90144
43478
74412
38517
89292
59806
96439
81194
13011
56801
61351
2993
56564
2498
44025
71302
71227
39202
97486
78956
88051
11351
91454
17046
6459
94600
5854
66975
51454
91075
51860
41598
34554
26272
96468
23846
2430
9259
21392
31794
66060
82744
34787
38976
1594
95164
10279
72821
34366
24117
68129
38769
35468
75936
55816
41927
86888
78022
25255
54695
85449
93467
96293
20003
36092
9113
60201
38522
18373
81594
70316
785
80690
21456
39762
82284
16620
66393
71458
50987
6862
55939
89756
58683
48227
61924
610
35116
56298
42217
89811
41748
52037
2456
78103
88129
11570
38305
26651
46295
36251
13320
47080
16941
34776
3194
15577
67748
85939
3387
35087
92802
59327
41196
51485
7554
3120
68447
59022
75771
27017
65185
17519
79054
67642
95622
67183
95564
50279
10186
41859
86530
23506
5291
19823
74634
24838
35401
58735
10777
38788
93822
3579
14467
35018
55064
38374
54491
39864
97396
30262
66881
62582
64133
45935
46576
76107
13118
58492
26387
39656
351
12917
79515
21994
32741
54149
46832
84494
12884
57610
39634
23059
77541
54102
58077
48958
8828
28920
88822
22576
59182
55703
1510
39667
1638
48086
15775
31108
6578
42162
70764
23281
55079
50279
61628
4172
20781
8460
88666
50017
82422
28301
73076
59964
98755
47506
8922
7583
76426
14096
30159
51961
69799
31670
91628
87789
96108
23755
35249
19039
65917
22365
42320
37349
88997
3948
57873
9778
28761
46540
76147
11183
91193
65576
87499
89948
13082
12773
13883
5860
26869
60394
74173
13020
8416
65802
809
4525
5909
52410
39916
88179
74776
98588
25528
63773
18889
99753
89903
47650
46293
66050
75185
53838
31626
62685
60138
61060
75458
74021
66921
18680
50768
41094
31700
59184
23248
48862
63709
29158
1272
19977
17337
76048
18566
59217
56173
37455
58970
46076
1457
21616
12127
76642
75454
60105
55679
51945
21166
47490
25966
88087
66170
76734
45533
14222
52271
68782
63084
32332
97940
80709
52310
31629
56757
70876
7198
12931
8331
66168
75359
9788
87784
3838
2782
79591
63944
58462
31536
85110
5952
73854
89549
88474
66941
35082
2696
19212
3864
82133
51544
18156
62842
3854
66137
35951
74730
73335
65234
99413
39504
40594
25553
43640
44432
28336
39583
8376
3150
87471
9838
25454
61326
99387
13928
44619
34470
32976
63831
54686
15109
15375
89195
77951
35582
55332
13903
26664
45020
95489
26078
876
36083
67983
60868
80516
12671
452
5244
15821
87923
15083
41275
65601
30822
71555
10220
81644
4532
90403
36331
19641
5779
41878
13945
57713
13562
44200
84377
58582
39689
26807
59458
75773
94791
20327
72641
23814
37131
94237
39636
41406
9320
97263
7008
56495
85171
33580
38139
89703
23984
90822
25696
46115
32700
39641
3828
46263
193
88205
21197
39883
15013
97008
32008
26156
33687
21001
49970
70818
15238
5958
12224
40911
3222
35584
97406
88393
85517
35545
94448
9501
26368
20144
55616
75420
76138
59444
21683
92683
64001
59233
48918
95366
56241
80926
21522
89928
1927
71493
77098
33518
77451
5674
74429
97025
41259
71835
1770
26776
23732
96218
52629
66452
32715
24597
41873
25205
393
79908
17888
64394
39141
66807
59761
11734
64085
81283
18014
82365
69128
95112
15883
46580
787
6664
59957
58398
94851
61728
1526
18583
57946
54155
1388
7013
95104
43261
32218
95497
39521
66459
59891
95015
33266
36004
6749
13703
33640
41116
96068
2768
36228
11951
65700
53367
18615
25658
11765
13466
87386
29643
48402
61684
150
49790
68698
95254
93051
17268
90751
48924
83727
50643
43939
33345
2999
50689
47049
36639
91805
43117
39408
44385
71421
5108
97753
90036
47118
25870
19855
34504
71866
68257
12541
72016
34399
81239
67271
43802
98507
58022
92726
98587
25017
36666
31932
44369
3707
78981
81008
11864
38451
36768
72601
9872
41877
86706
16260
5347
12577
36115
39852
795
20724
52393
72811
71475
49984
56434
15277
64843
30809
8004
79782
55826
61022
11715
16547
64729
7048
97556
92945
45499
34324
65546
55371
92553
52253
87984
97901
81182
40451
54105
81977
77528
22850
71140
49003
72834
27575
64281
54029
58384
88637
33812
30562
49659
61879
47110
30740
68927
44666
23685
14427
95342
5583
86150
87896
74188
90486
2149
55370
30938
56254
53699
8466
79104
24840
57469
68290
52415
38102
38671
10799
26739
72483
57713
92750
34362
4823
23490
19642
65841
63527
50421
61184
69111
52923
65432
43299
43410
67581
15022
74348
23835
68721
99166
19291
9913
56635
87581
62328
11090
26252
89479
37829
15088
47193
30580
65802
68368
70422
85444
34210
33950
52217
95394
19413
5141
60826
79064
48551
28407
94086
39251
68594
79160
54769
87885
5425
27756
75466
84106
38846
18070
73585
76676
33158
37130
23608
15313
5499
94030
17109
56061
27980
69327
67807
63745
74468
28633
42810
39371
73392
53248
94974
58338
48760
49743
46223
54186
77499
38041
38292
32698
56111
28229
25726
5622
81712
49334
37287
3563
59716
54396
59624
4049
23723
27431
67794
98191
72416
26956
53914
45808
80205
48888
20498
45317
14983
66721
15855
8835
4762
70499
41533
77225
98729
83611
82847
80441
49297
20134
356
9013
90883
59980
13062
14606
87411
97209
29150
76179
24165
83064
38339
20722
48305
58837
66040
79640
25558
98247
88475
46672
68747
46360
23897
83828
46323
23097
80621
95620
59583
80977
4634
50466
40957
34048
65073
44720
31257
10575
20899
55423
9991
75590
92497
58296
34427
74889
54289
59985
73137
59116
6657
41884
21829
46906
25712
68152
70003
6333
63773
29587
3662
84759
96405
44619
18807
77830
5691
50065
88405
42942
21840
98397
18532
14337
73045
52959
89227
27334
29296
78716
2803
52305
36952
24632
99211
62664
92784
85567
85349
72909
31506
89011
57668
27911
49982
92828
22094
72025
59245
10499
14967
81085
25248
33499
11774
98294
2810
17353
41980
48458
96069
61135
763
33021
85767
16326
12037
94904
18245
13738
67813
49751
19101
41834
94015
69083
34662
16109
57460
93907
42960
72427
74992
68209
22278
3118
82855
41440
20472
41187
89898
16541
2323
7013
65915
88090
39692
77952
82994
57937
91691
67160
24041
27144
8994
18056
12580
43656
50517
70040
53915
93477
42468
45259
61686
81098
48377
44541
22539
68849
85729
28789
1743
4404
35803
67658
92494
91847
61962
91841
49784
70005
59001
73825
97150
67995
8233
9730
28003
58750
79770
81918
52228
38590
43529
13914
36041
91906
74808
74932
77108
76889
3721
95203
81293
55876
62861
73787
47723
41175
81980
13860
11181
40981
4037
8331
25328
12271
34413
69683
71021
30535
67953
39601
69126
11482
69868
5167
19741
44676
80099
96849
21565
172
92052
19210
56049
71265
9349
20124
12440
91330
33984
39973
48663
54374
64656
90344
66645
99069
60027
54018
29605
44333
9972
15083
55815
79840
36602
91908
24516
16701
5109
62433
33225
97161
81643
5626
84778
7344
25751
13571
98674
76087
53544
47338
46813
18201
54034
13458
33622
14061
83829
63227
74746
93801
94662
46914
89993
31264
38822
14509
64317
43932
93294
97543
57445
91289
3169
58576
98633
45272
72147
13660
37712
42043
77350
84525
76596
31384
14336
10219
61797
14517
89798
36544
8318
84461
83458
98311
15725
38632
29172
80043
82564
38818
93938
56362
30107
97107
14938
45092
58732
87085
58752
12796
29128
36102
97321
5725
67486
28009
32296
29284
42526
22094
82180
67196
6555
65638
81859
38633
4270
27383
18676
3187
66201
12614
59549
12660
26073
74487
57753
1157
77924
16505
13953
23404
68960
11275
45481
36446
39284
94129
82082
98163
16224
64262
65359
39131
46252
47219
77764
66875
74602
12792
86414
57156
41758
45963
69816
84184
36802
43921
85341
31078
60427
99295
70834
45739
26922
16316
98537
66206
10445
80620
80721
43021
61234
62433
82153
23839
9652
76269
90714
606
5414
77128
74114
47172
39443
43931
47708
92597
87852
33050
23675
64631
32345
94509
10370
59267
27177
25260
41825
53975
5880
22547
13348
83466
84980
11853
7305
10984
88123
14371
27942
9889
7851
2057
73413
47294
62340
21122
56243
66544
54172
96270
47528
2869
7132
74250
62136
34309
99510
20313
4636
21742
42860
17985
5209
44192
29838
28866
71528
34313
59590
15823
44202
67441
34232
33968
31088
96572
55090
87331
79468
25614
83602
26996
28483
90734
1247
90619
41395
757
10932
62384
22500
70145
80369
44061
30689
26559
89279
18570
60873
48869
34393
21427
16311
68625
55395
63751
81549
26837
67434
61017
52451
51036
4366
80934
58122
5613
87905
15870
22722
15190
78254
61574
85335
58623
21987
32376
1534
11267
50946
78759
60136
1691
187
92799
86668
71934
56550
68217
15124
23985
45587
67575
91373
49953
48510
65848
71918
52767
81718
94640
67957
76324
56215
53292
34947
94554
2021
52833
5821
69319
31593
65958
71011
48132
75109
57679
20066
48012
42249
35190
88349
87836
19118
96074
37789
83980
61922
26059
36747
59992
20699
4705
36316
93266
74349
87615
87821
76370
40449
93642
62042
72042
75952
33053
36526
67414
90732
56592
15426
49333
8135
3775
37169
27253
99849
91310
11233
78124
17369
64332
38116
38069
69037
90785
47687
59739
78400
51860
36109
35201
61855
98151
23595
37807
47556
60121
21573
54641
33066
36999
3974
41201
40774
41144
84806
56976
48806
12391
35100
66176
76723
89568
20597
62113
80353
68284
21852
75106
20145
74313
10307
82000
88817
33903
36159
36373
10376
57733
7366
43442
11084
11341
995
68211
68837
85801
25187
17643
14544
76639
83819
7620
82559
20768
69733
62913
89053
7937
38019
25550
82250
64678
23902
87419
14933
76413
40145
25310
34146
47511
68752
61583
75204
69748
29794
44041
71901
54981
78037
86446
47972
78208
94066
30531
98977
80151
93444
4382
88088
47815
46284
86690
28846
70186
90462
43779
62951
30607
69089
97098
94470
54194
75033
69675
40294
4827
30068
12195
59808
24457
14993
24132
2666
25411
54663
17995
21914
64460
22377
26354
28627
85013
13045
57473
55199
19859
17605
18150
50466
3046
31600
44936
57240
6633
30963
97534
27812
61032
26082
3972
1841
57427
28104
4507
82839
99120
38854
21105
63580
77583
47460
8559
62596
76857
82385
34147
96716
99990
52298
47182
3036
250
8470
76629
23236
39434
74163
51048
16818
16597
55021
18659
74025
99477
39519
73216
98597
78373
94321
78529
55957
58133
87089
34905
34990
69474
69053
31706
85816
37703
95240
88852
37953
3711
65481
77541
59497
55997
44942
92667
72594
16315
27678
62971
15792
83549
52539
30742
61923
63213
9271
34232
21346
12712
69137
56337
82186
54542
4395
84354
92245
99636
73207
46551
19699
55040
24092
95548
11037
85386
88215
99984
18053
32245
79307
33846
15795
31847
80940
94070
95060
90211
44654
32758
2924
30143
5447
1462
84686
9843
2169
76931
25831
75376
23482
61882
30416
63927
57430
57806
65665
61997
74142
83719
94242
53449
33917
10037
1648
14857
20459
13060
21420
65113
45819
40696
95257
51266
58511
96295
77461
60680
73226
3292
36056
13061
81526
82824
93340
38956
56982
59005
953
31124
42724
11548
926
92993
37937
2574
7850
58397
31987
29271
39862
94158
69967
51471
61776
28478
47766
39238
89158
20993
58882
41566
50406
40409
40743
43746
95717
97725
2751
96671
45202
61828
24571
46128
54821
62508
65054
62672
37257
13393
8295
93472
7551
94614
44943
69328
39445
92710
8566
44955
30055
83800
86522
80461
24209
43617
24207
36279
41342
43310
49302
2896
5138
73873
65376
76312
52733
30431
55336
6343
43824
63631
99815
67728
74597
44758
37056
14042
37468
61974
58998
83875
45774
61872
64336
86336
5489
88543
22615
63183
48206
71917
66080
53344
62142
31456
46008
14875
78239
1344
37570
38416
81327
37385
6144
55925
98496
59552
86319
52316
21526
45317
36192
83652
23541
528
69988
29030
5424
8955
8566
53630
97224
74646
23326
59366
22454
69335
90594
694
70679
28164
55462
52007
81902
61606
24284
80398
21158
10603
32714
59036
72273
68906
42688
12166
85787
29029
57549
91211
54336
66115
61193
51561
57113
84519
27279
79567
53854
34225
96613
40886
78742
52075
9245
60644
30033
33529
57394
67543
60484
90108
42931
49109
75367
85620
61276
77506
31001
35177
85069
85337
1292
46262
53250
58405
30781
80530
54324
988
31107
50938
41874
9849
19365
51119
70493
65751
1000
27887
49646
61484
34348
92578
26946
26067
94550
4574
19925
25551
39751
4994
27240
41043
51256
80491
15800
98389
77373
86476
99377
8480
53766
41251
34682
73132
92370
5175
55235
93370
49415
4881
71207
115
13811
14505
42534
8361
19079
62459
50264
75182
67453
77505
32577
35061
74348
64729
33450
68073
51205
32828
92905
4972
74079
27587
94456
82802
49115
49691
92524
14882
70924
80083
14997
84736
94588
73883
9449
30019
36342
59714
5201
20147
37219
54130
55208
27919
18859
88658
95992
70065
37838
88897
75037
11918
32837
69493
11072
81952
35536
3596
96834
6460
83680
28183
91196
94620
2066
646
24640
38408
76712
46193
58555
30283
324
30115
58202
19183
35125
54194
89248
72964
59443
80637
1234
92280
50130
12306
74232
2018
15902
87418
8479
15934
15601
16027
10555
17667
33025
35195
56075
9737
81388
30982
40020
98064
61097
14574
17248
96223
85120
6496
85539
44564
3486
86773
53196
69968
99079
43781
71987
31333
31199
80466
47268
46801
12845
57823
80820
45871
9370
53248
71960
7110
84230
11981
5175
61680
26555
22423
74255
11676
45271
59794
72592
48757
46567
42140
18726
61998
85921
90713
93331
33473
87531
40599
80274
376
14774
77446
62599
24144
30694
34560
47607
31277
62893
52782
92957
5800
75205
83564
33828
36828
43358
6420
85586
6277
64913
20664
84627
50834
27729
77958
84307
31612
34910
80933
48340
66036
58380
10940
6533
89074
61852
54140
20351
24745
6922
29660
30545
98479
13224
64374
35307
72934
87146
37245
95563
52059
57909
80190
19246
1990
74501
3553
33602
9411
839
81943
91799
59219
9235
98332
64645
71087
52472
1349
95832
75746
47361
42729
74225
76938
23455
9533
66224
26954
63130
61788
95365
37392
58330
14611
39382
32831
34517
89337
58594
35356
71280
50394
10927
80515
65078
75572
67954
17551
93273
63786
9649
40635
22867
83875
17573
46323
9760
83797
73277
72890
61937
68642
10282
20268
99606
66017
69451
34123
55354
28046
69479
42986
94792
96758
39853
76222
88682
7807
93773
81956
87945
19775
38943
10812
3650
72868
57135
29762
73017
46764
19004
34955
31759
29287
71575
31365
11656
41026
81840
67010
85424
67671
9996
96568
64429
49849
72791
53111
74008
82916
35067
61953
2691
90362
72765
22693
63230
46253
52455
36248
93017
71460
87555
41128
17099
59130
72493
28755
16508
54333
12117
18285
22004
38465
31205
2785
4666
20348
55897
78674
19617
7316
40627
22308
97679
29744
61354
60909
92349
30161
97157
1719
1621
1064
42847
35072
76546
31693
80179
93055
2378
92296
27692
40735
47113
75249
43520
51779
95598
99417
46805
15215
6734
87432
53875
4413
33529
15229
81674
25878
45391
95184
27597
63364
96248
86797
14789
72795
18490
94968
82202
20868
3617
26246
61603
50730
1495
5124
2510
13445
20893
49315
28660
43979
53100
98888
64744
2981
14117
46419
45211
75860
41603
72809
55577
54203
59606
70366
26998
94448
65334
25552
15316
85303
51798
93272
36034
69646
14748
54896
83091
51993
20563
28104
95973
90015
26992
60717
92996
57461
7136
38208
49674
65091
27369
5251
19295
3327
91969
62645
97775
73655
88198
29443
58959
56348
39067
11345
25994
53815
66241
25438
5809
3156
53542
18134
93172
96886
78851
2520
70699
2340
40728
20373
83783
84449
41976
3078
87776
50297
65724
1903
23953
70274
47699
99264
26622
86766
10609
68969
40582
93202
94407
62743
96358
47949
80877
5882
61187
76080
8403
31886
94772
65483
68612
78556
49933
26940
97986
54061
77238
63710
72317
17543
50336
20016
33159
76959
23134
60120
45928
63716
53322
56687
42811
66032
20988
40040
71915
82175
16121
96670
30413
10893
62153
99025
5801
28438
42318
3788
82500
35908
83850
71169
53451
34187
7537
86610
27498
30671
46730
89778
10740
16404
46465
53551
98788
67453
9944
87055
65980
26065
83725
96393
53310
62231
11771
75464
90669
54089
79252
89521
6349
63102
60690
59800
13641
68227
62762
41139
98899
25844
30917
25991
58600
93734
79542
57388
77539
89486
60796
43519
31903
60873
56265
1566
23104
84388
77030
30126
54829
56282
19647
61178
35736
96690
20978
49378
81269
92
90517
96520
25936
37787
22511
888
47873
18406
58276
41765
7892
35424
85284
56148
96298
57901
57714
19402
42289
51096
65880
13470
7378
85528
74648
59466
98570
11978
8844
79839
12070
15714
92712
54358
69853
15223
55246
34078
33629
29875
75843
57874
81651
77480
30374
77949
35381
88088
13704
94023
55536
79584
7493
79266
81464
82142
38732
80034
10472
63929
76226
38895
79643
68938
93253
65848
513
64852
99926
50495
11079
75770
8369
92730
69602
38743
87032
4983
43183
736
15358
15071
96672
22852
94337
94489
21346
33069
74523
31818
96998
67101
70713
92993
52391
80319
58841
52905
61523
75120
3400
72602
67242
28121
81684
36844
83216
68716
58179
42751
85804
73538
57822
82477
96390
52159
93318
34088
85228
84193
82258
98579
51295
52972
7924
3686
49643
66766
72943
11166
58238
76343
120
25480
20816
81804
78676
4032
66873
36855
46783
52677
10393
4605
51506
23135
56764
44824
73575
58345
29018
55834
73276
96665
25158
81200
16703
74801
64318
89647
2319
22556
82342
2439
64388
3159
595
59416
7191
67468
96272
70327
36498
23017
74932
4356
62505
48049
65533
36080
22746
94551
91914
96022
7568
33424
93574
24271
8225
57893
13918
26896
96801
12613
45687
61190
15772
62635
20606
39315
46455
33230
9642
82953
56248
927
87310
35105
48976
52843
71185
88074
63746
79452
84096
87666
12876
94022
11937
37454
51915
42208
64350
48717
54821
26390
26259
86945
89025
63217
26260
35480
96448
52255
34786
69048
53182
38448
20505
18510
7643
91690
6584
71389
71142
7032
59055
371
1054
87344
37825
69322
29552
18527
18039
725
44917
60650
87670
50294
23867
30283
85775
36667
82538
36913
22067
35720
75361
42572
70582
83004
50615
77166
70745
21757
550
46152
38480
1604
33496
76305
70926
79401
11185
5317
96478
72454
65967
501
22749
6187
30784
24876
42854
13322
61789
81274
65394
53502
23846
52328
36506
74461
29494
7251
12571
46396
53403
51051
64352
3251
43709
51631
99004
71246
56948
95483
43700
39268
95984
82801
61807
43120
24029
4661
72794
2170
2287
38188
55672
26134
90516
8530
16947
36362
15781
45870
82758
85536
13274
47110
5140
73335
15093
4144
44581
72042
15979
4633
27662
28315
87435
89469
71435
11464
10482
44229
29987
12770
98769
85659
55256
5637
10542
72203
41999
42675
34426
41109
28212
47700
4572
49704
21035
19665
70200
65616
8059
86180
70249
35721
14495
74036
41542
2283
1853
52025
46512
31840
81147
45282
33851
36403
50919
44393
24958
9271
87069
59384
66732
31633
23436
71304
97689
44471
7322
67889
10087
15381
70421
96689
67455
1269
70725
25349
3552
72578
93726
50064
20770
74873
11698
54622
27628
78970
15367
68939
88241
18788
44675
71325
50421
68112
58982
48110
12583
66304
32352
39023
98037
2773
35712
81844
4042
22789
7194
23946
11720
920
90363
32490
92146
2061
3464
36126
97383
18832
5065
1976
53972
49741
73302
20746
34205
32284
68856
63140
14940
17560
2163
12977
20334
54227
11174
40728
93369
34720
64675
5089
51992
55038
37579
44138
73451
57396
80265
70835
92580
1682
72811
46552
51423
62465
67298
1980
94749
52507
65121
9689
70067
83636
39019
6753
37864
66545
63834
31233
1265
44861
52674
53257
99899
6605
13748
89702
64001
94013
76889
56581
95695
49701
3134
63471
28518
86784
81803
23268
39291
46924
49309
25711
46913
4680
48816
84777
87577
12650
32362
88842
57511
85036
58452
73762
7993
72200
79817
71995
82565
56706
44928
94612
22759
64414
58083
51278
51199
56239
74546
6842
3163
40207
32553
50076
61240
81370
51205
48817
10372
99919
37660
84236
1307
12464
57998
9301
84664
37815
97648
83581
10874
42576
78193
33633
6991
52629
84911
74542
8868
75809
81384
28383
32369
30290
94812
93609
11660
46017
42426
38384
62289
96438
22620
79948
8902
96971
89249
9918
51138
3249
93499
62012
45826
88045
95646
69169
40674
96909
43711
49542
89071
25095
77925
21440
55385
72737
15049
83397
35107
73827
21782
13748
86618
60754
93696
11872
57725
99298
38143
8864
2547
31642
70876
48373
19687
82874
17542
76713
79784
61253
26255
85207
2701
20533
6647
58086
93270
38048
57836
44729
28227
95970
58477
14845
56724
52174
26718
30802
51472
64861
39666
70371
12855
26894
18745
48895
26121
52639
25608
22257
13893
68216
7464
16594
88749
14111
91032
98371
68511
48868
43101
96738
44838
17930
11584
17915
86456
54654
48717
54280
19515
4735
24652
48722
31629
43397
13969
57750
96036
39578
80007
26281
7794
3823
59227
96543
17934
50260
94914
86445
15480
54367
83184
76671
72298
11120
10938
75106
65774
59655
29387
1641
80742
54039
66715
12371
13788
80685
86474
26176
20263
82833
52458
44409
86657
28037
57304
20943
94649
68570
23741
10130
22938
23277
3153
11588
34397
14091
3046
16523
90098
32433
18164
70840
2824
1231
99563
16612
81916
2389
59141
18531
85223
11599
79292
88232
55988
36596
9175
50638
5167
32916
60768
44457
56193
80273
72397
6942
10716
75443
23465
814
24229
57981
88006
27053
75565
3921
60018
57481
6311
19159
92365
7886
47110
71657
96118
3098
8254
21645
53736
29773
54562
30856
90582
27107
27481
62979
50402
38197
54774
90219
55363
79003
48201
59721
22409
23766
63643
98779
97599
69954
17938
89964
77840
65048
61622
90310
84498
86228
11955
38235
16001
82869
85443
6583
26329
12925
85914
76731
51122
40688
66950
6486
36044
31503
66207
74805
71621
46202
73584
85573
16156
7874
75537
10348
72922
53511
658
57420
39739
12614
12007
72092
95483
97451
78675
21812
10376
80941
14895
77850
37982
98198
688
90378
29701
83248
65183
17675
29450
55119
3248
61959
62993
95137
72307
52267
48649
89318
9687
4740
1932
38047
76833
13767
35498
71860
51932
62226
52802
66827
40076
90784
65025
40765
81162
11079
24013
62697
28754
69815
17816
32002
31774
80809
27139
4082
33076
92140
9752
59115
96881
11684
97162
90066
41803
49012
61926
93735
27590
14728
76915
84019
21864
41940
24784
3026
53019
65149
65723
98125
34964
99891
46479
83091
80700
89971
3525
30128
82111
13277
89244
95344
41313
2758
1762
83116
68123
63689
76852
12065
94769
70119
96084
32986
12059
37220
36012
81431
2369
18088
95908
53686
17979
42388
36777
15032
32359
56654
45160
30822
69931
50756
42519
11244
69867
44281
94360
54342
24322
87564
66407
19092
57683
78844
68430
86095
16064
4442
83878
34786
38882
79786
4824
73214
38526
41601
4598
87237
98255
66110
18060
84538
16867
76931
95782
3086
21212
6494
57428
45535
10411
40187
80979
84446
19031
49409
70541
51448
70203
70771
86234
25438
66910
91058
15004
5436
49011
19602
92674
63618
85712
27086
48156
2579
4017
60290
22017
25229
66784
95797
87116
77195
52337
84447
77994
87720
50208
64887
39168
36764
35659
25402
62202
2569
16460
77206
24357
81823
96808
17031
45441
98872
60469
9949
17804
64486
70239
39821
6068
53376
35619
9536
46923
4308
93984
24917
92028
60544
89805
31197
97308
25464
56599
75862
44385
89412
69420
85094
87587
82580
2126
33029
81453
78947
59330
99257
43434
29570
39078
49502
82946
91049
59038
29869
95357
69374
71139
3738
46271
60944
34935
43579
2760
7886
35794
63497
13650
5214
48591
1238
87795
67069
50619
69248
46017
9949
68505
89451
55871
23935
55305
55169
31337
30695
1391
43046
16422
72530
46784
62693
49826
81719
22624
52586
5958
58418
16083
19608
63633
81026
37198
67780
48096
87817
53380
94113
14119
38237
99916
69990
62172
55221
41512
9861
2268
42903
52908
18690
15433
16044
81383
65259
14116
4008
34197
20074
62426
66632
56034
42411
47658
93233
26543
95754
97402
79923
6219
11521
18160
6135
97864
96685
77708
39376
6546
96329
98631
75806
15019
14064
91851
96403
95675
5967
16763
29872
42393
95541
96504
98427
54305
44162
8012
80848
56269
5415
60772
78840
33288
95284
84976
47504
91969
79036
3232
14868
91717
1863
90674
6737
32279
98877
19492
44306
21196
36255
90530
63589
48148
87034
78369
2453
47549
2733
99654
20170
24500
76778
99010
74141
72062
338
21645
80384
95727
41230
95252
87444
59445
2278
10533
8077
1156
30025
52383
38704
82632
42914
18646
30781
46300
97015
49586
10201
99748
49240
46723
40601
42370
45734
14742
14433
62424
52739
94817
74503
93969
6421
61948
69767
8699
72481
77844
26207
18859
46579
64912
1491
89493
99910
48624
52146
96925
14563
78699
13025
80155
25423
53626
22526
87509
84720
36959
66285
37460
48128
40789
31429
54549
19089
1196
79600
91570
95392
22160
26781
41972
3424
28273
47817
3334
93249
99963
16611
24164
95015
45988
4320
20438
99615
26846
24299
687
80157
90584
38147
44637
47725
69577
15538
66814
87125
95138
74737
98870
33650
1518
40842
37074
46143
88659
56760
55745
4975
73371
79909
99990
19360
84229
36780
35327
27427
61079
36014
23936
68015
74162
68573
15741
60091
84111
98907
63568
95602
73644
78790
45604
91515
19632
82679
37658
24644
55791
9755
45971
29163
89665
45961
64875
90246
99093
202
17674
76524
52568
41610
44539
43082
26536
76632
19525
10647
75540
99446
22601
65536
78236
68206
57051
14221
67237
11062
38865
23028
20817
1188
52191
10482
63501
33418
729
62594
49972
34755
39118
2541
92717
9
61975
19253
92994
81501
29901
68534
97299
68854
34070
75535
37060
7474
89756
4297
18536
44973
27326
39353
62513
95869
49836
26014
29288
66917
88608
79260
18024
44078
98153
10741
60440
60129
29995
53434
57982
76248
21968
55281
45102
72390
47168
82163
79864
53277
86460
98400
14602
30138
54106
77116
26008
20294
3130
55296
87211
8091
50908
21587
52169
49062
32328
12609
9191
78675
82395
83525
54923
4363
38806
16378
93106
2326
98541
89322
55603
1353
4075
70206
47844
58181
47322
73852
78475
66804
45500
82038
74895
96408
3625
27065
61822
35953
56026
71013
30981
38422
70890
85904
59137
26048
2282
68595
28375
17175
57918
83978
34881
61993
70536
82725
36526
34210
72929
31353
1015
34781
13391
75910
31189
17016
2975
93012
69321
75354
80377
16654
13776
51268
2559
72913
77316
21193
41509
22043
54721
15779
6022
5954
94124
92910
5031
30650
27121
77960
62003
28136
29093
91746
4046
60282
25114
23374
69646
10787
98728
66376
27442
12504
33996
30001
1769
11312
67546
59630
33356
38619
75409
55730
44573
69533
48640
65956
16535
75761
60268
94890
3897
89361
86636
24296
65996
11750
47670
35642
22538
46398
2018
49980
58902
36014
96333
77023
63679
80231
36654
13387
35203
12063
69117
96128
97949
34109
62085
30836
26223
22353
25727
46472
11715
28715
70768
77711
56818
18438
29705
95708
64836
48076
62040
40090
84090
74725
17114
64121
54956
53768
77508
6511
82183
62977
2640
96484
13439
64725
27321
39662
87078
69400
86134
15145
14467
73255
9208
71285
91693
38914
83345
72882
86990
45385
12972
87432
20110
46438
51554
91419
16558
45414
97930
98742
24744
570
11578
38183
81647
38899
94197
85078
24651
96683
223
55471
69938
9432
43108
77984
64698
26454
50866
51688
71839
80190
39120
8302
26629
7026
16073
43187
68793
30355
41929
93537
30926
69860
48072
28925
8759
58621
14003
49763
71656
14227
5234
41595
40011
48342
19579
4709
91148
86797
72749
79340
66987
28221
87642
93616
35248
3715
53156
20393
34070
11437
30282
81348
81297
94706
10274
6409
53327
24277
56172
24983
54856
77758
82930
94867
42452
18861
15928
33601
5658
88677
29293
88998
16899
16935
82614
68499
37002
35770
5244
87424
63560
35526
85125
44857
30232
11751
51266
99911
52380
23790
41246
7237
1548
40529
18456
60353
59390
50737
10306
81401
39414
39599
70399
72665
72886
69365
57516
9888
21488
62760
13664
85048
98286
98789
29905
44870
10540
97524
61133
62921
21314
18732
86510
39215
59261
21318
99568
35003
72055
26226
16404
27822
82177
3155
487
55063
88873
58004
81303
10361
37116
11319
11761
35403
10109
58018
96625
37001
55542
57759
16274
93209
76491
2784
32424
52104
24103
48344
87107
12510
74570
19864
40332
73099
23019
40820
28162
28244
15176
25817
54957
52292
37136
66718
4047
63597
41089
17025
599
96631
91136
16873
6192
83979
36010
38616
36083
76465
86960
39542
88975
77882
59406
45660
50981
98778
2832
95495
27022
18008
37664
81980
86652
74801
65050
7052
38398
6139
24077
55349
19123
31565
88575
25315
15544
24585
80284
67979
17402
67244
7521
22729
61479
83280
68389
28812
82058
71221
24308
25432
5581
61972
23764
8586
53125
5167
15638
91524
11306
56067
63225
46781
87632
51800
88449
19528
92737
68733
87507
10139
52329
11380
49221
13808
94660
17610
42621
93070
5184
83281
34855
10765
61605
58619
35703
14731
63786
51341
22607
91445
23760
85832
54578
11392
53985
43027
47272
46722
28112
34779
56862
80442
46160
6083
94250
57172
40045
53223
50243
45229
52856
1450
72347
14462
60069
8050
45545
40208
75744
84504
48005
99504
86688
2583
27249
40673
45611
74521
87396
73723
9301
44258
70517
71813
66693
81120
45337
6738
34343
11932
68320
3552
13382
57019
34366
89804
81421
79911
30012
57165
64415
78017
56670
51103
96952
271
91777
42563
74792
79173
32639
84093
39783
19508
72258
22828
628
17596
45918
51324
45880
14238
54876
59263
87609
89242
49067
69031
69153
95431
26196
49920
89800
99218
17375
86752
99489
25504
45668
74282
4677
78307
74727
60812
14167
63338
83640
14796
97286
29559
66120
43166
60149
20996
18781
47759
26590
67848
33142
12095
63279
75690
62015
53079
91261
95742
56184
7102
21247
1852
97736
42276
96511
72464
19441
10678
52154
3081
25474
49440
48992
7946
8958
25494
45294
27740
89605
71884
11940
39099
83979
91572
14789
62346
61003
6050
74441
17187
13153
95688
19039
10889
37964
15550
99705
57405
26229
68211
76839
68055
17651
42183
76002
42962
84029
21296
70702
89986
93181
82642
29085
93512
74214
60227
72211
51570
66277
46652
68757
95782
42340
87797
6672
96656
19699
22729
70414
45928
90941
63605
30336
24944
22140
6338
67906
22522
43986
54960
12508
37167
53955
57946
47032
44521
18173
19243
96091
84450
82247
64849
80233
24587
68998
3257
37595
88697
42338
8009
50978
33279
87966
81314
58224
10107
4004
42482
32629
47990
97443
61489
1510
67750
19435
48542
12271
37608
84137
8363
22059
66384
89564
18644
7323
58562
38253
61270
47259
80591
69280
98237
30223
73598
95903
4799
57
99907
47281
32686
47898
61076
10528
49408
28826
29963
14302
57450
67572
14791
82165
5983
81175
71729
40979
4850
30291
95584
66120
93902
92527
51752
92140
22750
25351
4395
43901
25408
4303
91183
74447
68553
68611
1327
17961
13790
31290
48615
71240
15214
63406
53405
37549
60933
25134
94880
65783
71777
90464
31903
65679
82992
8
74171
22094
25359
78567
65996
67119
99222
73531
57918
67775
42142
75597
2088
72284
6888
50703
43524
38454
30461
13281
76004
91394
54767
70884
73529
42896
77701
5432
24928
60693
21792
99099
99139
47151
94018
65135
30623
9592
38666
4893
77367
97161
80491
95807
85797
3731
62862
29322
42185
93323
58955
34541
84717
30075
21778
58246
72971
99479
80031
97899
76524
1823
13351
75663
65327
23721
57151
12302
33314
12169
33547
27033
9330
30390
39193
11480
34121
2055
57154
92659
95379
16109
27200
96448
46184
48978
71047
35508
64809
51078
49759
41333
69253
63110
16997
50932
3184
74148
63234
52850
86317
96782
96235
12000
43524
35428
23480
77646
37484
96986
70305
32863
13095
13857
45663
75632
79188
16710
27492
43997
67788
77251
85331
53394
56714
18680
4326
59898
9180
67561
12748
11849
80695
8983
40201
24219
44412
80033
18217
98248
77019
4874
47463
6467
35084
93126
82099
14272
9837
9591
74621
93977
3194
76304
47371
59908
94984
51698
19806
20516
35611
48906
32366
32658
57890
88919
73229
18654
68953
7799
16902
45972
12673
64365
52439
47757
57491
50890
78381
83680
76833
53003
77658
80028
29307
25029
39936
40644
93079
59743
61160
45042
25001
9878
94052
82891
98798
83634
17897
84103
91433
34799
46427
20458
15516
15219
84568
89360
66109
62949
73040
42943
32304
50698
39323
77964
92080
79259
18608
1511
55354
96120
62906
80356
22351
73310
79599
37501
56944
97497
21604
64729
48648
68031
85188
80517
83250
69756
69877
65712
49057
42917
25007
97714
9968
64330
75678
18400
59941
10638
36263
31648
23110
99169
12004
45461
72480
7955
82962
45776
21804
4566
10506
86805
88950
12046
67322
72200
98154
37199
37912
47211
96468
79271
44925
6436
43601
36955
41188
3543
47593
77452
35191
70704
76621
63547
16165
65453
87854
15480
11230
9659
36398
38088
96464
25348
50134
80138
13901
64640
17337
68165
28203
13805
47437
73129
36594
7390
26436
77782
10933
74030
71586
62476
44734
48208
42375
77251
30013
30230
9083
57595
56241
45482
12035
69057
87182
62169
49195
1083
43161
66532
85601
71365
96689
49390
60846
49635
56780
87282
43770
84066
61312
15356
62894
22398
79916
5270
16002
9930
51852
25085
83877
8093
86919
95913
77150
74102
74434
42697
91537
17596
9229
77138
88961
22270
42880
49807
71906
99661
37089
15676
79
14754
47384
62973
53504
27301
68243
69506
53583
36447
10944
53812
44540
97863
49725
38042
71965
40512
80739
79855
58108
6320
56993
63421
28591
16226
29580
16849
15887
83021
48877
15966
97775
96261
95291
67632
39914
63535
37138
9849
16334
48082
63662
60875
45946
29739
15269
34263
70251
12361
14118
44711
18681
87464
8132
63624
3690
37712
96825
35929
20734
45702
68247
34861
58316
63538
2493
14582
43425
55984
40784
59760
20418
4446
36987
82716
50537
68608
16980
37141
80969
47450
81852
16003
34914
6337
95979
54956
60401
92805
90885
97487
54859
75484
32349
29527
55375
51194
60462
98800
23530
1246
74912
43949
22044
28251
26665
72581
96860
59997
9722
94181
7448
7927
26536
42362
14264
22516
13671
74665
31673
20908
72153
2884
96393
20854
48764
51768
88400
9226
66920
11931
26824
41833
72232
48868
86436
98897
37801
99648
58895
63876
93830
66343
71803
36718
25057
2419
75586
38728
93436
7259
59637
81941
26496
72382
19147
75260
24150
7548
838
7422
35831
27662
65607
8063
92882
52044
6960
30683
51692
82207
10911
61874
64902
82714
98593
89960
1485
74179
45040
94922
97791
21029
76863
40639
93411
96011
32251
33913
19911
33089
41336
55742
77103
23295
80157
69985
75339
3469
17020
43384
85677
27932
5258
50579
26998
20203
56891
28484
94383
1932
39758
8526
22961
16621
49165
32725
28984
81416
66638
65247
30857
24326
37341
7960
47622
17498
94297
22961
20968
27669
82697
22997
71953
87956
73576
15304
8159
46820
43788
18894
48752
99898
27420
88065
32871
92937
20790
61856
74353
3781
27103
5210
28107
64445
29522
92081
98295
40171
31395
19263
84193
14092
58612
56146
18400
48541
71450
26560
95361
31590
61806
60465
31488
5579
48530
64360
98516
85673
42568
72870
89454
86023
94432
33913
66820
40307
25995
65116
80478
57390
731
64671
87834
59344
20818
6235
7885
8620
49147
3246
40211
10953
63711
88051
16532
28593
52411
15049
30618
94979
4271
36424
97355
15055
70338
64175
55362
12685
29291
35841
86427
30023
16864
74261
5719
54034
80496
13604
62655
29643
33202
19218
56949
13265
7269
89833
58210
76033
21234
88829
87364
25505
25253
84719
40561
11943
48895
12275
24628
94538
48116
27407
40913
81333
1669
46632
35367
98517
76588
14374
44513
9790
33592
17814
39407
57214
7647
97618
33247
28882
86447
36963
70739
11700
21683
27652
39996
86930
39928
80976
81468
4396
8384
22382
85729
26405
85366
21097
24922
61955
51823
85787
71745
85416
3601
11153
42630
11249
8771
92229
56483
11570
29192
27222
39622
67227
71227
79618
54157
11155
60595
51978
15551
68979
90712
17633
95384
76078
55082
36658
38033
6905
22446
26131
92321
42399
53636
51303
70000
62407
59884
26483
90329
5429
70058
29951
72656
41285
9570
43166
52440
70165
95144
84343
55496
85856
18328
67232
61934
73410
20242
99968
80316
42688
42451
88989
1440
96087
56645
71440
74846
16529
97924
65175
38310
84334
95126
10967
25619
21048
54133
94411
7565
49277
78754
63061
51485
13435
46645
13419
86845
66888
29739
83513
25928
72190
72503
27368
68277
45500
98809
59475
78381
13085
24650
16692
97419
36129
27659
39390
57177
98144
33801
64743
63773
28907
44156
15258
42342
90802
45029
45540
57690
91121
29053
83618
79663
17908
27339
64293
63408
26148
23768
58142
55585
48419
74834
69356
84548
18845
25098
58077
33341
58899
22820
97114
4158
83329
28724
46501
74131
90105
92041
48173
81226
37446
31791
60890
55355
59130
25183
35115
1630
48951
93257
73567
13722
84443
59275
98270
3288
84373
56348
52981
59624
95520
50095
63783
78849
95171
26636
69332
85277
35029
17505
66503
72475
65649
43745
27830
41131
68928
79298
59114
34232
72555
32681
47954
56999
8309
62577
76639
92682
35277
29621
52307
30797
96068
32442
25999
91240
59078
11683
76517
94107
29189
59372
82934
11190
3118
27117
52321
88398
6415
11435
22630
78970
60469
70585
52321
68778
33162
28961
77812
68439
74934
30119
15588
71002
62561
57939
78594
37991
69623
71463
32098
98812
30836
31385
10002
50306
58502
78675
38704
64917
6463
77687
60239
66932
48272
12561
52062
97786
57874
29874
82577
32808
76346
14517
20162
55259
72457
98757
93251
42080
70220
41701
57244
17408
73086
83598
84066
31588
62273
39123
12857
68736
16810
73097
52020
81434
2010
20434
79220
76236
66661
78149
25396
43007
92666
45558
98266
65123
60667
91517
23555
47240
33219
80799
64648
22657
64397
65067
54246
43023
4190
83455
28111
21000
72904
80132
2434
91266
16918
98006
67502
83579
76155
92898
26586
85173
54809
41205
66649
15476
32722
90204
62716
82293
71004
43717
21303
51753
8784
75549
94776
29326
75356
22888
50326
48261
19372
52760
39527
36290
67118
23382
19870
43273
32632
62808
44798
3793
4013
11447
19270
53088
18004
98338
35381
89008
58407
56684
57113
83543
48585
51890
12869
40294
74778
79547
88555
10502
48659
44434
46792
15777
84168
83014
75402
33153
45823
20201
36946
49836
48000
72568
2924
66004
87259
54658
71364
45666
27694
28478
45562
92632
80368
74783
32926
71498
54331
37833
82000
2990
98619
45144
18768
82788
28159
10522
15941
73982
30723
69239
23818
78724
41808
43095
61080
29067
97753
32445
91085
25447
60923
36647
18079
41291
11431
51005
29141
82114
88838
27493
85104
3810
72637
20224
2950
796
30747
18891
91130
77822
4482
14949
72898
46290
74396
33979
91709
72149
66424
82795
97596
43699
19442
32028
1342
47225
83033
30483
45691
88224
57976
30796
8386
46965
67372
11336
64114
14471
46579
55244
8646
51061
86545
81544
97352
60941
31875
89061
33090
14651
88208
47039
58350
24003
79067
59692
71228
78452
90175
16920
83028
64503
64068
7766
27821
47792
19102
91935
78616
65681
63531
87262
16743
50077
85158
30447
27370
17034
35860
76813
31685
24069
23852
6388
64424
19271
66080
35652
14075
72608
68924
13456
53463
49344
21222
81284
13489
40325
73219
92105
22358
36751
95719
39101
3180
80877
85900
30550
97911
38113
7363
45949
78534
47567
52337
42958
83190
34769
94962
97266
7377
80239
27074
60841
45935
48296
42125
59424
4973
31697
67881
27332
84800
63600
82785
87980
60830
85038
34882
75093
23151
58598
21042
1685
6165
89731
60995
5708
24501
55957
2974
48230
36196
46400
9071
82132
94696
67549
57908
16022
99246
42142
59706
398
22094
42491
4730
82924
27529
39612
58018
67032
14562
95412
85069
37080
1496
46064
42788
25997
2022
45762
90579
54570
8514
99651
53054
19562
83552
27315
35584
82798
69457
95290
99548
91551
37782
4278
90828
81663
60242
48846
48696
74805
60610
33765
11885
62106
96182
54673
4455
14556
16787
95035
69126
25301
11038
38533
44863
94590
65848
96800
93740
51657
92090
93288
59560
46224
13918
50388
44240
74160
15586
9288
48965
76197
59405
77202
54655
55587
31875
59111
70143
65014
70498
55622
90315
81536
94155
51531
76126
76355
48331
86218
44364
40421
79506
3924
2998
93424
70665
47238
83936
86251
56526
32902
78800
15931
26456
33456
87871
58332
92567
58014
39698
79417
13636
30014
60953
24143
97897
53431
16850
46228
39649
61214
3001
35507
81491
5999
45283
52156
69589
29219
54759
42467
78473
33560
74751
4930
67016
62622
79614
75935
20636
19312
71704
50625
65678
32657
91120
63575
2440
7971
26155
58441
85537
29157
93948
67028
51508
55583
35536
37450
84802
90296
79917
79628
40208
54668
910
23576
17290
80524
15863
54279
16188
87567
21256
81867
36576
12376
61794
39016
20347
4302
97457
22237
33459
7757
5617
1319
63340
41154
55121
64494
47802
51391
44122
88010
22411
45032
27938
56054
41908
43801
10333
58097
31368
31589
56316
67944
60317
34462
23312
80665
38764
20769
19254
88575
44878
24871
6247
8218
82377
61368
72712
30179
12759
33187
34541
35171
78219
62479
7577
36480
6280
17910
10929
54000
65851
67245
38296
26168
18059
61608
23185
56824
98729
42439
45399
43607
83663
51646
68177
66040
29367
40890
96220
58478
74077
47113
10001
68648
9593
17578
21480
32225
35488
32409
2578
17691
99654
40874
60212
17714
18835
83397
90890
17564
42189
52641
77524
25852
4288
45701
91892
50007
2943
4464
8485
93372
51578
18487
62021
77523
36065
99853
9748
87906
32263
12326
5597
48269
69553
65809
82335
88388
65559
73225
22304
24100
25867
99828
49952
46507
61882
58196
96514
64825
79013
21351
58198
46943
39838
36571
24466
92256
36424
50566
80162
68687
79245
2111
33309
48798
84273
15644
53538
49832
88870
75842
90284
31089
92023
40236
77596
53905
14784
90462
35082
93797
11813
93280
40740
51652
29851
81558
43908
82628
32125
40422
67667
11370
42533
976
76520
43158
16621
30058
9342
21843
22252
99626
52932
30627
39862
46880
884
70999
37342
35967
64796
65507
45599
21889
17159
91803
3447
77419
74431
51924
34193
42098
63294
76727
43075
56166
19885
76048
2576
29228
97891
24829
28854
67175
71808
85069
14055
89045
72420
67749
41364
53568
33256
86963
75457
66768
78766
95257
44187
53197
47181
78381
95296
26828
71460
54723
82994
7697
30771
85571
53277
28662
26752
98484
95837
14912
83553
26244
3957
55973
93993
45321
25893
27249
32285
1351
94017
27403
12960
54557
80601
60141
49290
92249
3321
37102
63324
2668
44799
94095
88239
98077
39109
31343
96561
51298
46255
96466
77542
66565
68791
87887
11886
94684
31488
60523
12387
41858
4279
25347
12767
84880
1841
62057
93481
21514
15511
56805
24182
60310
67252
28773
74739
6361
60116
87652
74011
22724
470
67905
89289
85613
72144
17527
80298
3632
78051
9037
45490
82330
50737
74609
83562
68930
53018
93395
90444
68529
66552
14627
45192
33804
43400
19931
56517
19869
23936
46880
42593
24406
14785
31882
26372
86929
49409
23022
6913
43812
32059
68756
42494
99148
43365
42408
68078
96384
35803
58523
64913
2355
89502
26457
52511
49254
46389
25380
85475
86677
72260
28068
27435
3397
76302
53807
6678
25712
76829
13592
85876
25241
82348
28371
24389
42065
70779
92468
38449
22935
67343
19715
41642
73197
46172
94154
22451
8913
35886
7927
95590
8147
52347
23026
27896
28650
93185
34575
70714
70015
48167
72942
11608
46867
1313
35997
88932
88445
44817
43734
11380
12160
63449
53022
85357
25973
63528
24161
34887
99415
48440
46829
23914
787
86207
68162
45789
79393
2737
32855
65760
67256
5798
77368
30475
7111
29717
19408
11908
74535
63142
39640
3047
42943
9015
4757
85268
72543
28918
36507
88310
93710
83337
28576
94497
85896
96739
56639
65289
15828
89494
47401
83085
95292
41121
29912
18756
70839
49320
30664
61726
28814
86657
64773
88109
95672
69530
73378
84567
14800
26237
72878
8510
9574
17806
19360
95471
30897
75999
77112
46726
65493
40866
46163
77138
98339
76075
95894
85530
41748
42910
47256
86914
29567
28382
91376
25239
14264
81106
9807
29065
7343
99037
53927
16918
33195
73287
28741
64093
65638
22205
10819
47484
79423
73334
24622
77763
49409
20516
63293
7509
79778
10550
94424
9346
55284
85800
34585
69548
66906
60744
14965
74249
76133
85245
7519
9329
74884
52612
73422
40523
91170
593
88007
70593
73927
28981
48356
39688
65849
11650
47198
45627
38552
41622
54973
10188
43774
5911
96088
10680
83007
11054
1281
59141
12651
25153
84822
87535
77765
58244
44410
68935
75189
48769
39529
49116
77750
87885
88804
43599
15887
36002
5579
70791
93976
76904
80979
54102
99167
77068
64782
82175
4474
82416
57668
17125
7569
42490
21012
85334
734
65423
70622
75923
14192
10151
41391
8295
14388
46547
68246
46628
98902
73825
17419
92878
67082
14751
46981
66249
91819
28115
48424
96293
26883
22444
29770
34452
64934
50782
36139
82020
32557
6761
74295
46750
33264
15686
55045
64004
62234
23291
26984
61136
13469
60756
70366
80551
75507
33699
46800
67326
61815
11577
79971
88698
34021
26093
39503
15308
93227
91994
97328
25785
98755
71624
88887
48371
3662
60284
28727
65896
99927
55712
43384
13396
16468
13751
10299
91975
63802
73452
75653
41969
1381
71976
30668
35402
98069
86523
50710
7648
78517
64391
33433
93624
36015
22320
41995
39677
82604
87074
21926
82532
42786
81662
12280
75606
11765
22580
83933
75568
12384
59586
17537
13765
47914
64557
65519
62335
51080
32582
69984
45949
96973
3417
39573
49340
42090
97920
5369
41046
84995
27295
39930
44133
25310
68563
19740
37075
91143
20025
12643
19879
79612
30181
33644
43878
11090
99163
6214
62171
31745
76198
24472
28718
95967
64046
78058
54409
78318
99780
95456
63313
27075
51738
23799
68737
20301
59891
5813
27796
79916
18456
47675
75880
64989
81319
19759
76080
80483
42325
54603
12228
18523
79075
57299
30842
59473
51709
85252
37792
51489
97060
17457
94917
48798
41256
63654
69100
17499
69467
96896
97416
4276
44572
89648
85617
25891
25759
78049
22726
68084
49004
51307
86607
28080
8606
33802
87553
76667
19054
41697
28157
16114
59155
23074
64912
16763
3080
34012
34263
88900
47261
48031
9528
91833
54031
95145
34076
79791
89547
73155
47875
38551
24462
50835
66631
49420
84637
70537
26087
3691
28586
54244
19805
87741
93670
1069
20857
13103
51434
71472
2003
98695
35855
11531
6880
89886
23028
57308
69677
12575
30463
17553
51127
54925
68388
34110
4345
53025
20999
46785
56716
49586
1029
92873
53679
11052
10294
74536
24155
61728
46008
26158
76775
98215
54041
7
88102
77069
57316
57779
89645
87779
75332
57124
59057
60072
91234
79754
13097
12234
26539
86165
78172
43921
95390
31851
54973
5685
6388
95480
83765
68748
37990
76893
66964
92031
76900
55066
69100
34216
29197
75097
38348
20882
32221
13757
80954
39808
93511
94052
68394
20051
96569
46566
80324
8312
78417
35297
13997
1157
47129
14114
69906
85119
7359
53222
77150
84260
24640
62602
34828
70189
37700
73176
91071
86273
86933
72026
42433
96797
82430
10827
33200
78999
57393
13524
87311
35811
65173
17660
36968
12302
48127
23226
97421
55486
92800
74571
56098
17440
53525
90927
87630
7577
80455
95053
93851
67389
67079
36284
80538
49509
47112
13738
44861
20857
43614
48524
56668
8787
82537
9989
21089
30664
33215
34862
2502
42368
25785
58601
76160
79310
49528
80142
86888
29983
75196
97091
13724
42275
33375
94262
8137
96839
24352
52998
17697
67966
17874
90717
76753
411
706
14194
31075
50274
49056
49930
8994
74841
8531
85154
54152
58059
65297
57392
4394
40493
54483
18119
82768
87858
28733
7257
1050
53086
76607
35099
21052
94482
25816
14158
94893
42875
28352
42321
9501
93761
92251
18495
68602
782
3649
39106
75193
68946
96498
79587
25791
50981
14058
24912
38840
42792
32169
56242
12230
8777
91341
49634
3259
17157
63792
98152
76384
8497
40473
85885
2258
49076
4380
70860
49858
24382
26319
25051
9680
22817
20991
35472
73799
51401
60384
28991
94193
92553
85233
22775
1330
76574
72410
20941
10083
52554
35446
86468
61051
92271
88705
79661
41348
9438
66874
91206
33820
93193
32610
59852
16010
69953
95324
89809
21354
72060
18800
31900
64614
20385
54675
82296
96959
27085
19590
23395
95992
55036
26215
57043
47307
14920
53057
88655
40710
19931
96214
74530
13124
28824
50735
29134
15129
46059
18944
36483
18120
54096
68383
99086
74482
39411
97734
87793
82848
17324
27540
78840
72360
53755
52236
36020
85028
5293
24675
25738
25224
20889
16621
54700
66065
67356
83834
97546
29767
19130
34030
47887
89579
18765
63325
80413
58176
61060
68206
41025
94736
12099
36217
83449
65854
88453
19469
50882
10098
60496
92973
51674
81386
9594
6374
63803
76950
90209
61350
6717
25691
11732
70957
15270
30497
50634
95683
5026
28046
80242
62403
22783
92341
98620
6232
58195
3426
42053
25430
13524
2549
18403
65199
287
44349
87925
64091
21299
78134
41793
44368
3826
53525
15325
19096
374
65960
14780
5400
10358
11374
67803
33141
3715
82776
55725
78262
2554
97778
3692
32430
328
38447
97629
615
82796
85555
81058
20447
80041
22851
64816
219
76376
96493
19316
93103
78805
50448
98503
89164
61822
82659
38657
81889
81787
94383
60151
84341
8513
80196
16771
25193
18643
30753
25809
17792
32660
23219
54591
29053
46071
35759
29273
38799
48605
64941
31902
43762
31741
46758
32926
93563
45769
87936
91804
27556
98671
51955
11897
7184
32151
45020
32378
67147
75773
74539
1291
24785
14110
55882
53839
76533
91642
83112
15333
40247
48053
63587
84009
79794
26697
33288
89709
72466
37576
97865
22
36247
49820
28271
43431
98324
73292
92161
65471
65417
83052
66762
6555
97163
22644
60394
73696
30638
59858
5381
87237
24263
85321
71247
4057
12018
20887
10118
84485
58463
7983
859
11062
74155
29131
70845
72479
18775
79359
37950
544
62411
21064
7099
75926
60061
67493
49623
90699
43703
71356
77937
67966
56677
65536
88375
85048
2775
98493
85885
77590
22828
86744
88652
13336
32227
75849
85815
67354
55208
40118
67899
17620
77534
74998
93546
37595
58844
59521
44647
2547
30878
38936
70514
3907
20824
75241
88955
23599
90087
74840
17541
12915
77937
22545
42603
26516
98394
44771
93871
69955
1241
78122
3927
78775
69472
13825
32723
44668
73347
77370
47216
20577
16306
34082
40836
53482
9323
29792
93433
99410
20984
10974
28678
15273
49871
87633
41790
48265
32404
52013
34572
33645
46487
38499
28773
15959
52325
61496
60628
25672
55218
24196
62601
87876
74630
3437
41358
305
49581
34791
16068
70566
62117
61098
2191
11988
48731
60333
60253
97488
12346
11178
31133
58833
49677
76258
91145
2002
37754
51773
44026
9324
92321
6627
97200
66951
26417
38558
67256
75998
89701
83324
62916
51818
44422
81460
63806
9506
41793
40412
6994
70492
51590
54479
45677
1267
30738
36822
19622
84844
4947
63648
94169
97268
86628
91369
80571
29397
46280
47828
5395
35981
47504
84664
87800
8279
66124
51606
17785
7917
8370
24779
78409
59960
79258
24087
61228
26348
77261
97202
11193
82209
60850
5362
95829
63830
96731
92753
93227
59363
56933
14975
95345
4437
99639
99497
29068
82115
67455
46853
90032
75826
87984
84794
35786
83595
25233
13366
9943
18846
10568
37488
17407
87771
42850
13237
51601
55934
5990
61181
15297
62923
76156
26994
83712
92147
26491
12781
74262
93947
75986
80646
86125
80323
81792
21911
63918
7025
51630
90213
42224
62198
27702
59631
66321
86904
72868
34275
59190
95210
95456
90840
74485
87964
17834
58198
96463
60678
87331
87077
54625
79669
67723
40750
59992
65868
79013
40262
89245
30643
30476
31469
9194
74530
91101
91867
77786
63969
26142
36977
75532
37950
27817
50017
42266
62003
24567
38729
22681
28250
25806
93658
7920
9882
50760
84264
75750
29774
24527
64995
76769
71355
96465
2315
62237
87566
94183
40023
67887
36677
77000
59771
74628
21169
9789
16894
83173
50708
71976
5854
95311
14134
99513
19583
24016
66625
3847
16118
96399
28374
81114
89521
99729
93931
91836
61966
81497
2371
18342
65736
39049
11694
25508
13677
32864
51649
46923
32389
18709
18899
54595
14020
33034
54108
49955
73402
37086
53803
89521
33485
98529
70635
39358
14611
80918
47547
76577
62415
49918
11271
44503
88967
22966
70011
18996
72182
38012
65920
4571
56722
1171
59166
87094
50557
29627
37050
23960
66713
7205
13481
16550
5734
468
72261
20345
81386
19808
13275
60153
69726
24546
21008
58694
63864
7372
77690
36046
45384
59962
56969
18458
61134
16136
5553
11691
62115
58955
52003
45180
66160
81836
78082
71894
98656
50343
92240
96394
70151
21867
56547
39878
46413
93908
98572
10278
1280
92614
62676
63016
52577
19646
81475
30063
52134
3380
58106
14249
62335
10110
75781
44847
8298
53863
16741
6955
4207
25333
3349
90710
47200
76249
30588
9966
70157
45512
20244
87789
54479
82920
50805
7056
18918
32280
53471
71052
35660
11577
1653
14347
38039
77434
59194
62690
47650
75936
69645
68209
17621
89346
58919
81174
65595
89508
91140
52104
51372
11384
39893
5851
10656
7051
29259
29575
39331
82730
16979
91344
10660
18633
5691
65051
12419
64886
27741
60069
57174
13738
28278
91147
3085
3550
72321
85032
93058
63461
53489
60782
91197
9734
66634
18206
16785
95893
64133
72469
94976
81112
63813
5636
99745
85856
70687
28517
67094
98429
88586
40620
28519
33217
31768
31604
36767
20441
32989
46177
83903
86478
6959
91452
96212
89945
9658
12998
85839
73791
1819
80815
54904
65632
2803
71001
67840
73490
15870
34935
88271
4457
91907
16791
54026
23675
64747
7145
44117
97736
69674
44372
84214
76633
35824
80427
82931
61835
9777
68770
35626
27948
65937
6882
9932
68740
94236
77772
58582
10106
29059
63206
30915
20967
79997
1293
60994
44744
8438
21463
42481
94464
82187
43047
87450
18012
39826
70381
96199
65955
55503
31825
93903
21440
55060
3835
6532
65648
81608
81466
92106
27019
44672
39374
64338
24669
40667
25333
85766
65458
63148
44599
59922
45336
87646
47372
63348
43825
17753
59547
9780
73256
7724
20036
11048
79136
23871
33932
61136
21831
15399
53243
48851
60071
92617
29541
1093
49636
54874
86859
31446
18023
31458
91369
79711
35456
55093
43059
95633
89199
18958
5414
78807
43034
25450
89856
38523
65673
40140
99659
87505
55539
69254
52708
15611
78223
82249
33056
27860
53476
19915
59306
87851
67725
67027
67562
19533
22121
26973
15167
11320
62283
36933
90127
21669
62383
96335
60192
44408
36476
76204
31913
92015
45458
973
23978
23682
99575
57034
67894
53051
93301
27200
57254
61026
94228
24816
96912
32701
68141
12079
60373
30424
49012
50500
52093
27747
63188
12286
88507
99664
4842
20421
8031
50300
37746
48362
90334
37321
21748
58228
6724
15050
85429
80330
92428
96009
5146
89340
45062
73287
17771
5435
20063
83135
72287
72157
27234
35475
795
15742
35139
5637
52515
59523
72289
90261
7885
62624
43935
29633
37204
67011
61035
38985
47342
53464
34994
68840
59156
96408
58480
76928
1843
78543
60063
74131
67052
3650
25958
84199
19392
77450
89836
71907
36973
78478
78520
61210
41102
38807
7195
78306
22171
68231
33644
69513
21695
68638
54705
80851
81399
29537
74131
83242
24433
50547
73725
91485
54197
16036
75685
73589
93486
81873
61848
46811
60351
40368
8021
17805
95528
15216
12464
17699
83447
46108
3564
21494
31098
74621
18698
28849
4159
92829
28444
28592
43376
2169
36429
97573
34557
28466
87514
28043
26692
49362
74854
3395
6083
99227
37553
17963
30796
66369
35662
14243
12477
39226
52090
59927
30199
70788
88777
34358
63617
33573
79302
6994
35742
15732
20919
86652
60550
8434
14695
87242
74148
5902
90638
96583
21481
28191
14546
52277
10912
50208
66521
39741
5786
18611
99668
35986
5751
4797
86696
69368
38370
65999
92714
90465
98083
13634
93469
74985
38420
8164
62228
12568
30418
69218
9152
51900
13761
40050
4177
24673
90259
87050
64414
12397
22013
80434
64735
27764
1584
51432
13485
56306
33783
6199
63123
31866
19833
56592
23203
58253
64757
85431
87174
11527
71001
12678
79779
1114
52728
83957
42139
59339
87359
6553
71737
9373
3340
52824
53489
21276
4256
66974
77582
54391
73174
40706
2609
9359
97298
25813
83965
78407
27596
71139
6287
98598
83817
86066
16064
52897
70023
58204
12237
73735
81109
326
83108
801
53150
52949
22077
73759
36276
99660
44502
9450
56718
47112
35161
54016
72925
19126
48776
521
90265
55063
15471
90434
41129
47888
43332
27505
22444
71921
1240
3553
72247
700
4355
41749
53649
42784
31860
89925
42444
76363
15727
99162
23475
50889
69531
12752
86367
18307
29625
76633
89722
61449
83419
30851
9337
43103
58356
31781
15024
75948
51686
3623
76648
72393
61725
46650
15178
93585
52927
57622
86300
85007
73137
26127
52248
59020
38879
38615
93679
84857
31600
83401
46306
15020
14252
71995
74475
88961
20128
5852
81261
71814
9475
57910
44208
87552
20912
59386
81138
73839
33360
83790
58846
22849
9918
11094
81869
65149
49710
91900
50006
97662
75301
96312
12682
5906
68307
3510
11219
88435
9362
92480
76602
35189
66742
20810
22742
87654
96548
20232
61494
46260
4022
36692
85462
13940
47787
83683
79090
13849
75584
29096
11511
67237
41761
40546
73143
26420
44056
84362
31208
53418
93195
7810
88607
59937
44972
27701
47592
57872
47933
9086
20484
51956
45778
22298
82248
9917
5982
61338
23766
97918
6787
51630
65155
64900
92176
54651
91320
52584
39013
22528
6002
48560
46690
10961
8498
8014
38663
56090
65886
86596
81528
2723
54904
43658
25021
37153
69928
31003
98491
10046
45273
21630
61676
10429
86530
70204
65080
94203
22788
20445
16731
45142
69006
79774
72456
93856
87788
11119
66298
70027
14067
64178
72750
68972
7836
97771
22477
77764
45127
37320
4163
90400
58951
65839
829
61833
36044
82261
56036
75184
19059
89120
20327
88065
68894
92783
98273
73034
20254
64571
43061
34321
28749
32163
19645
52937
29935
58474
47054
75062
95795
51217
81814
71098
17056
82644
32931
69452
81257
5320
44637
316
94440
81316
4733
79686
74099
3006
69072
94353
67577
12134
45026
12678
44297
81024
65616
90584
39498
12670
81998
35293
80239
63813
6391
13647
62809
55675
83100
44066
60995
44089
60735
55435
25405
65468
51473
99504
84827
20545
10209
68756
49031
55235
81435
9681
52611
63403
16617
92110
92425
98616
43755
72664
62429
50147
86311
41590
5822
85763
85656
83169
29852
62743
54956
71609
28212
6429
87465
13039
43326
97674
98147
8710
69262
79582
18391
21873
42985
51360
30335
35410
49976
74091
24426
28757
40590
10738
70347
46412
12853
72356
45933
42706
35099
889
30667
79663
7318
18133
9054
66996
32159
7202
75706
1421
86784
10449
39647
46122
61810
86334
97884
28138
60425
22311
56896
1015
49401
43595
63779
62254
15951
9712
21312
67403
10601
51980
47066
34271
86465
56121
1268
18624
79675
93326
36398
66459
3776
92397
28933
81938
78731
43170
10076
39157
81833
83324
56524
31234
26920
36656
9840
59223
46368
47505
26626
73322
15837
73693
7593
2302
46166
25213
37278
25841
34892
73676
8652
38668
82425
53938
36958
61157
97108
63386
16666
78941
46711
73190
26527
89983
9846
52719
49206
72567
224
75833
45889
32413
65878
69834
34715
28396
11400
88346
70589
46292
78374
95593
1312
60800
49531
38270
21957
62991
18008
38623
58284
64719
28165
84811
54702
54364
53883
20261
26931
54107
96094
89172
86521
78324
75358
37588
23072
86758
42286
93661
49402
20661
89254
50714
81461
55138
5336
3418
34481
23345
58393
92766
4416
2910
93929
75471
57274
47812
95732
84205
18272
8178
89729
4793
86502
65088
58733
9574
68198
1020
19587
17601
21681
25193
84667
19494
80331
90004
39264
14813
29701
97657
23931
50469
567
17860
25940
74194
65673
38024
74751
83945
46202
64481
5090
49056
29569
80175
74982
97767
81195
94569
31720
19228
19763
16388
38722
16446
22744
77986
47611
68797
91995
71542
19266
8915
89403
61559
83109
71428
99583
74212
71725
45786
38693
93167
94842
84614
73342
86177
98734
70890
80746
30454
6470
16861
63194
61545
33308
85938
55883
97271
71087
64231
68814
90354
73146
74569
51913
72607
62349
51496
46819
34074
97282
1865
43593
8477
86479
16935
94654
85213
4177
91752
32020
10648
8614
95214
88545
58274
97505
44428
55545
68592
8659
40711
75298
98157
15280
27211
87116
93981
95060
33936
44407
8694
52153
88000
17171
38632
21288
28177
40198
25465
36282
72218
52465
61248
83784
57362
35874
97641
1791
91419
66234
26802
48483
41532
24960
80115
85096
28428
74097
80156
78716
18504
88850
30869
6505
22374
69502
27793
66903
26052
69610
19537
14622
38428
80785
98406
95790
16659
96048
13933
24431
78634
40736
72914
36518
82048
53029
37966
10476
43478
34474
89193
61983
39677
36414
84840
62051
22268
28985
45306
48320
98595
64844
62942
53375
61981
77701
49166
78641
90101
79451
19424
85087
20187
8690
21605
18587
78071
75924
45416
21550
10398
50961
99885
50075
87375
84725
28478
9644
13710
73785
74316
28657
54981
37259
98385
16962
31312
63903
11955
21413
43354
47731
6500
63542
56421
44457
98481
34493
20381
43897
56043
30780
94858
55928
80855
98586
40653
25686
8230
70715
99471
82546
15724
70804
36157
14109
4118
67469
78012
32426
5234
21367
80157
11734
1261
36579
56192
99742
71072
92925
59992
27115
40057
54850
99395
20913
69788
56400
62951
78018
27115
78774
76917
59191
49578
29426
89653
70048
13248
67665
2474
18482
5384
98984
46569
22997
35563
19113
39092
6635
12038
99084
50102
52096
70286
65849
89361
40075
22249
52312
34445
65716
31086
27714
24907
97016
73493
14560
67064
86741
98578
85891
21575
20314
84875
68144
43312
20438
87257
98756
43425
15648
97840
9879
84096
84478
75728
73457
40905
97977
42121
75351
80045
89559
19417
4952
86575
92910
35865
69991
96003
50795
55882
33931
71109
57109
2075
30773
77547
5685
45881
37324
37685
43721
63555
21781
44552
39283
11590
85457
53612
53711
77160
50009
43270
12930
54962
46197
22192
7179
16188
18196
57974
88423
52127
45435
45532
70554
92561
39432
92591
38442
76756
30276
98516
56664
68409
43068
12299
79999
44877
65912
50062
38390
32273
93332
51320
87235
55881
73512
10766
72070
8060
85092
60493
76539
46880
6025
63446
55793
45457
56037
94235
38566
2666
9103
95230
71075
68523
7529
51075
13401
89793
1137
68143
22067
10822
19463
25654
66703
9327
52773
55125
33740
37865
31970
26631
84745
54348
90077
40538
16157
62467
51126
54723
65133
60229
66305
36208
45105
90187
3635
58506
96332
4773
43001
34751
31947
78816
60406
98650
88143
29531
53776
38235
67396
2098
64867
68494
56446
54944
25384
72604
17411
92862
43679
98896
69444
9985
35105
14549
16524
38740
89407
12856
59865
32408
63960
91812
11224
40718
90463
15719
70249
60591
53955
37645
62689
18822
22491
35488
73766
64228
8092
7530
57090
51771
6426
26534
78108
57883
41083
94632
96624
30490
23841
72841
79250
87801
64654
90474
28519
71469
6194
98768
48412
60149
52765
27453
95323
91609
62941
69089
55837
71033
92971
29279
39157
15750
55814
33617
73633
13249
44602
86609
60092
68443
59451
39342
72596
40457
46169
17467
11926
52363
32587
60338
28864
1704
4143
24187
93313
67085
9628
65502
54470
18952
94782
9979
34702
66948
43597
8335
80197
88199
11297
40289
72994
70748
95984
45590
11205
42153
79409
39483
10868
11996
16173
56084
13700
20316
96623
23366
3753
6251
88868
74576
41555
2
84555
76257
66950
44504
945
63500
49055
28594
20141
22049
99342
16125
83991
26899
74630
63400
82734
85498
91748
98907
57934
5449
35575
54557
45167
55681
77161
34035
30257
18716
50390
31164
11326
17340
75669
28623
80840
24724
57217
982
63126
72911
33459
47117
16162
8090
26870
15248
9940
18618
30507
67875
40419
66082
38784
85586
38115
15945
35974
68372
51014
86364
15889
62340
3704
91558
7315
897
32634
80884
18231
95760
53795
51690
59230
86309
76132
86100
1557
86073
21070
32064
70300
61490
14498
25436
47076
52614
41382
99402
20986
8748
85766
36875
87440
5823
44785
94755
23072
77420
75639
41303
89532
45786
9345
48762
32095
85478
51214
33652
87903
72285
82068
74555
33775
96566
99991
97203
49180
57725
96606
86519
66473
98724
39746
53913
20899
84532
65020
43971
78304
57011
85274
67836
2797
94620
32951
51244
96450
84165
1248
84353
56450
83316
58908
90225
79883
58899
3781
45415
16625
16739
31934
99450
15463
71681
69716
36363
72565
34736
80334
50869
91748
81961
35057
10897
92933
84360
62142
89383
68526
79742
73736
41328
79411
48996
31554
75646
24247
51687
21061
57224
68426
69348
56675
83889
41029
26391
36604
29946
77479
33291
80815
69227
15252
32224
80125
24537
16585
58619
13920
1463
54713
4008
42791
34124
69356
90697
9770
93603
42384
30832
50828
10810
180
23855
11052
57561
66598
64008
87507
44077
97299
84674
13305
28903
16898
9782
53440
49835
84753
67360
51298
39466
87720
94090
73591
57076
84787
83361
67032
43524
30545
34212
70686
47077
58067
98090
4638
24665
62099
92145
68742
59398
93171
98399
88302
10070
8181
41742
76257
9286
25455
27556
65105
13175
37998
38696
86604
39137
38409
53636
82661
85307
4200
69700
32384
62267
67790
37023
3284
29889
45520
72026
89288
38692
70426
93942
65114
94959
52036
41371
20598
77491
85279
85703
7019
23277
40751
9975
78767
95512
79963
77780
80819
84163
47480
13204
46430
15271
66579
49714
61512
28451
38092
67152
83495
24870
61094
48609
36182
13131
6333
56780
6974
91612
58835
13993
31242
99586
23968
10009
95098
3931
87789
92270
88094
35270
21826
50876
66893
88405
16942
28405
33208
55035
11910
16704
96257
73004
65313
32439
2487
87998
5571
9462
79611
64406
39807
27205
80344
63776
37214
91795
84059
41355
84065
88506
92977
5891
55734
59870
10648
72677
4628
43856
44064
16538
60560
40321
5894
42226
72761
24734
46576
94684
34196
42539
75443
90355
69744
55787
70483
23310
47582
54543
64666
47999
59401
57643
53890
15135
33866
80890
87812
54846
24747
31876
87736
1659
72198
93630
60237
61311
18364
6814
72347
68912
49353
47790
59268
19098
3578
29751
58760
67512
646
39778
15512
60047
97422
85754
75183
47640
66645
79347
18838
91392
27576
6574
9403
99774
204
69641
77437
34921
76455
66136
20185
42160
13927
79453
77610
33857
25557
36371
1369
26203
76149
33233
2603
89923
18988
94138
53915
1985
73485
72753
9729
1061
79327
19132
17187
95884
5125
10976
47157
97932
93465
67342
40093
7392
63148
17703
57601
88705
70426
75322
31260
62928
8556
33863
52851
43896
44353
23119
45881
34191
95872
55610
35252
91552
91094
68792
87436
96220
96120
50945
94152
89585
18287
34245
13329
81435
68301
70930
70140
55079
46253
17753
18007
71161
67968
70859
15057
12322
93978
77290
46513
6202
49252
98117
97754
40346
83261
1542
36566
79382
52487
30719
85319
87127
81316
98649
68562
65969
69579
55055
21049
32184
89160
39056
3345
57128
26267
18402
69450
20245
12044
15963
42800
61296
30433
56906
1643
13694
58449
38209
9428
27288
85280
94748
30767
82949
93397
15682
48918
79328
70737
69967
11513
59897
25376
14858
33377
51643
49613
2828
88241
61657
35143
31041
22954
65576
87947
24597
95623
62748
79158
5051
6389
80791
99799
37156
63740
9548
52838
29010
88877
39927
15330
390
16176
40706
15248
49554
92349
81213
68734
80590
42871
20229
11631
65825
2158
15931
6774
97781
95031
2284
19184
1420
83075
18984
54929
63167
44884
24119
92178
33761
80399
7508
50503
12927
48214
82104
78833
56915
63317
47567
37506
6188
84149
65489
88365
86307
97772
95139
84088
92804
13776
3272
10576
96851
38608
65505
76371
83493
5977
68549
33606
2728
92409
84110
15655
40623
66214
10841
97538
29531
58408
51396
52072
58909
16886
40437
45216
14658
51929
29304
23814
65705
48929
34391
78908
3889
16248
55279
87382
38577
40180
20989
41305
32589
21451
73313
89564
87665
84154
3455
33548
58914
54851
85620
17824
88089
42410
63040
19100
10691
8697
42914
92748
57626
93657
71656
61515
9906
43288
65250
48483
83468
2591
6141
16058
24042
79454
5622
11707
63608
9077
61607
22522
63929
63580
56698
68370
22342
19739
87470
33033
28436
30385
25781
2414
24042
13789
80281
50300
57077
61883
15136
40546
64474
21277
72956
88516
17083
78578
16575
97043
4008
78183
35917
84289
41763
92616
52659
64105
12355
40130
13490
57143
70515
55623
75909
10909
85764
72542
61210
59194
34426
76346
16092
98900
13975
89048
3769
31058
83978
20344
28101
87986
98527
64018
72275
56642
56634
24935
37099
85341
65065
66941
58836
51932
22564
51097
62841
24681
23640
40403
83875
58066
16749
99967
73318
30724
89015
77087
78134
72993
97432
6235
60980
12311
86606
49607
85306
59592
74542
38757
44934
55959
5699
20122
24243
44615
71220
87085
69296
94860
27488
53171
69278
60590
53138
42596
7666
58505
19684
85801
31499
33468
8388
8831
62131
94994
74790
63789
54587
49333
2547
15873
21644
8246
35995
45888
52861
7215
49325
38510
2075
93165
91681
87705
70107
61172
30302
77774
19677
66338
79927
67528
16158
4667
92711
94641
16014
67502
58431
70601
33187
60978
2826
54831
69224
38821
17071
38437
62389
82748
93299
80816
92266
84981
68522
62373
62505
98824
56499
98534
81514
36426
82415
97672
41094
75126
92313
73460
42628
67096
44061
92167
28074
63239
63351
13650
18412
80422
68440
80801
79523
61739
61618
71789
63072
46492
34162
25577
61668
7014
40464
43182
59792
22879
57206
17238
98005
65871
90698
56986
32968
34759
49153
77394
14350
12504
91045
32763
9279
59485
13564
88802
21224
91534
76943
84297
38026
27457
26226
99694
34471
66690
59228
94264
89569
32786
11502
3927
98658
2201
60913
47978
53312
10066
25372
67663
38923
16417
426
48202
92254
30342
37004
13479
21877
13947
14128
59903
41404
40354
75950
92228
7045
35178
86492
12966
84317
97994
16893
82975
195
77806
47305
69860
4225
72677
37523
43148
5447
54301
91350
97701
84643
44706
27532
6520
75005
41660
82776
32761
82015
75078
24989
5412
26608
11481
18378
10925
25828
35272
10252
42375
29430
57557
12235
50007
30235
66110
93155
52034
20411
857
66087
5055
61915
93620
27927
53272
35280
10703
86034
33647
2133
27375
39059
28742
55209
57438
39667
81037
9062
49920
39764
54844
7477
68352
4852
54064
34462
14359
22450
71226
31569
88538
76281
93484
82158
20560
46757
33790
47616
49143
67438
49749
76518
6497
78491
48079
80287
18159
45468
89349
84431
85233
44194
8260
69937
49046
62325
4399
79757
1127
91977
11326
89665
84610
4811
88175
5171
67920
21966
52787
33415
89404
2536
26285
12253
81028
74365
92541
15539
19833
81890
16322
21418
26084
24582
91355
91482
3259
12107
71240
4387
4084
82566
94052
88695
3729
98580
10218
88001
20546
63005
37768
26302
81893
64054
38555
79273
54771
31096
94812
90956
12987
27486
28727
55423
52069
20082
63258
55328
48541
50850
59715
52626
49768
70120
57673
53498
68700
67891
57851
5598
47248
95620
31900
29141
76026
70455
8415
47149
17904
19579
38105
47243
47066
66832
2666
99135
3267
82276
70815
51808
33126
46883
20786
82895
17003
78459
52745
2055
62702
26948
7653
9950
22568
55905
39092
14946
42712
47507
62095
60616
67086
16553
7859
14152
83385
26878
29639
3004
9154
455
54813
58633
47338
91951
57880
80693
70411
10625
99100
49465
53925
23105
59416
92846
95362
14860
7792
38074
62367
86240
98691
45805
2793
6550
76310
2530
49780
5949
5535
58935
22756
76700
17568
86446
68651
91800
83491
55414
2425
98943
4880
72702
22048
80648
65548
17410
95508
73341
71837
74227
59581
70528
36384
78726
93430
12694
81256
43211
34996
3143
18498
74104
96195
52418
76903
64847
44218
60394
36613
62995
59338
57845
35697
97738
38493
1246
31501
50353
90939
3338
40932
66872
90218
77317
45598
83648
90011
43206
43211
41359
46350
61709
15464
42545
14127
8719
23744
58345
69113
60358
37692
44803
34555
73390
58894
89401
74636
90395
39754
65575
10085
80687
48799
303
74356
94397
303
80719
37603
43515
22079
305
5224
53895
59203
35704
62614
99299
10401
48079
76009
48094
9235
10565
21484
84481
99966
12472
91228
56072
94399
1313
53111
43198
17968
27467
37595
18271
8187
91550
61786
46618
8208
83363
16865
83763
19067
95831
83062
29468
60262
59072
93914
69497
85989
15398
70330
2307
44222
61558
58379
38621
62871
11491
81819
80839
55310
35766
15463
79849
27317
77249
42819
51877
76964
59684
35640
96031
71867
35054
41852
32130
10478
35766
17979
96467
67517
88310
15126
11739
49868
73506
50361
29092
1349
48532
26283
73011
84299
41746
52861
27968
18996
95680
79845
12312
71717
31837
8344
59936
83243
66548
8418
93722
18666
26398
6541
86183
31060
21668
14275
97280
11526
80988
26372
29227
29520
52656
2238
13819
10754
71451
58139
46102
83484
37984
58415
55201
86173
66759
31489
69417
49659
39908
79491
68325
66306
86032
70861
13718
24052
85136
10998
35578
66124
53723
64805
95644
6379
83396
25816
33485
54847
83955
79588
38331
38292
38003
9884
40817
21114
41374
10234
70773
81282
6077
55450
63940
92110
26311
77658
32514
11447
88656
84445
77571
58731
65602
89568
81462
48998
15384
14948
3846
15691
94536
42177
53983
48891
68414
11153
70005
9788
37739
57130
91070
43817
12580
71362
52279
38892
49020
84793
50339
54028
69238
44263
12760
34841
33831
94222
191
65567
9170
4037
97610
20058
62567
67946
68949
30981
79099
38954
57121
16838
12436
48191
60655
25017
19553
12934
80261
84925
14080
46952
38953
99670
91215
68065
50863
41398
62288
51055
23317
87810
71444
20928
7869
50363
88874
93170
81344
67973
48477
54817
1163
60913
3008
61819
2282
38913
91105
82543
40190
5185
29496
95496
4856
37063
63561
55719
94814
42201
23126
34483
30012
94571
55411
54233
44934
60637
47403
42631
44962
95880
97448
46126
73146
16809
7945
75428
72074
99050
57972
12265
20588
3820
7761
25444
40883
87674
97515
52049
29876
20642
86533
76240
31565
58296
30473
76499
18934
94228
35482
63896
6461
32931
26374
79607
49740
50671
55035
21814
66074
29359
50431
86662
33179
74544
28458
90415
62219
42325
42464
8447
79319
45349
84687
10884
3646
31512
3736
22580
42092
39218
2828
48553
72149
29203
44512
38241
96226
99548
76408
62300
45259
26839
48962
78439
1384
93772
85206
79955
36098
27670
88402
15417
73020
89441
26302
76666
37305
30038
15598
79397
85608
34778
44303
57758
80333
88815
95999
76560
4715
72407
38860
49975
15599
4175
44766
33335
97947
29972
29642
34045
57642
18044
65815
47014
23837
8469
40032
61142
54859
55630
56891
40467
6761
17546
14577
87094
6362
10577
63654
27429
99336
2515
77404
31287
23042
22170
64622
20989
68494
94264
71387
26137
28660
37202
89503
68849
62023
29536
46343
16882
1518
3235
57349
8279
37133
71927
95374
43495
98856
75380
87277
14544
94247
64681
45832
17289
3204
26806
54631
71698
37423
26018
14187
66083
79572
3691
51285
41595
49579
97628
74829
67449
17215
48530
92081
54349
36809
3807
14196
35665
79187
1473
66562
73435
82507
28746
7076
85711
55552
61707
73761
9327
4077
87949
91763
83649
7992
43048
41596
73923
40676
16425
41372
74244
81308
49805
28593
18117
53612
42789
70135
32800
60615
36697
22587
43122
65443
46015
28833
37347
7723
18946
63027
11800
23247
54790
11802
31239
14190
53398
21514
54866
86176
79239
45462
67484
29044
74055
1953
82657
33197
72088
31809
93812
8785
54396
36934
90580
411
82119
44280
24486
1065
23659
52639
24313
78449
64441
71904
92639
34191
9771
63857
36719
89010
9320
20555
18054
99727
22509
17063
32924
94597
48872
43088
19735
19620
80022
26667
36384
78493
87299
60870
95911
10958
29861
36576
89407
94302
8480
98398
44846
34603
78608
81565
23613
87928
2121
58020
4007
40982
91435
36932
51931
40308
96372
71666
76280
92747
14686
12664
71240
1985
89887
67151
12944
19748
3727
18703
30403
28560
33454
75249
63163
12062
73166
3129
16342
91639
77501
20349
32621
68936
73633
84553
25596
70006
72571
1877
79105
3609
30893
50345
5595
37132
33849
34891
73233
53928
69946
3636
82488
19752
95237
62004
31814
68403
81485
64508
76395
58986
1210
9016
27922
74843
9921
69871
61201
98845
88100
40306
2454
35345
7004
24401
72478
40853
59292
62063
11133
45591
82051
93622
65343
77288
71978
13510
62043
53463
94370
54790
12449
95580
63807
56723
86776
90080
42946
64329
88925
31046
20988
7732
66392
27992
32133
55222
85197
7778
17285
96330
53369
15688
6304
35064
9328
78282
48574
87723
48097
42945
42514
60546
54877
6321
33622
41653
12753
76568
5983
18031
7615
26971
25763
90359
71315
74248
61933
72864
82026
79218
69194
51747
11258
91851
86812
20586
86485
51738
8309
34583
94683
50823
95129
65913
73496
45103
7566
86250
21672
29901
20633
45639
73224
46396
35998
44539
36996
97931
33755
19023
93501
19302
70770
4759
11153
57582
41697
97638
25673
50006
48573
20356
830
43703
2621
74326
88806
10188
76928
26830
56441
97561
72469
29666
60309
24819
90557
97306
39102
24313
32681
48955
59967
19803
70066
71120
77386
11763
85110
19411
61770
33684
39767
62600
93739
58741
53278
98897
85281
46559
25728
41722
44120
14549
87740
20782
55721
78298
34440
94823
18963
67121
43779
78930
86924
13845
66402
80662
25609
67864
73
3731
1548
56193
82683
11639
14934
35961
10537
16567
98872
52617
58289
59345
83518
46030
80127
39239
40680
30919
34063
75995
98040
94194
71277
1316
24391
54031
98331
66352
21895
14756
70083
39796
87301
52766
51435
18587
5080
61972
35154
3952
30941
93444
63297
14460
55826
59776
53699
12858
90695
4114
88853
5087
98308
60130
6404
39052
30513
21087
5404
52408
35843
75488
92204
23145
44606
43640
41732
49686
21964
76887
69991
52906
86683
33288
67366
42509
93065
37417
55367
83760
41532
60572
88848
56192
37054
11604
95244
67567
32691
649
19975
84886
92489
28532
8031
37095
88524
66116
3134
10488
59355
73125
79746
46038
22765
47112
4899
32182
882
60266
15943
42414
37190
21143
14958
74244
49099
10203
41811
81790
27204
78138
83028
36045
6670
91060
89492
95194
57176
8978
22035
32883
82103
1781
78921
21221
65246
83820
53403
66128
60438
69346
24894
97628
6841
39852
88224
55940
66407
46387
54082
9963
24525
37111
46008
47548
44523
35501
59094
18051
44479
97481
50934
42935
99263
46207
64156
80861
46379
17559
63341
6817
3258
88235
20797
26451
44439
25373
98744
27199
71760
69178
37162
12637
22641
99523
76537
83516
51376
51984
1567
12207
49465
68853
55142
65080
15060
35650
62293
77791
69562
25634
84608
89172
30221
21757
31975
91013
47130
30719
18212
18890
16250
55374
47880
55243
71249
24417
38760
22625
76401
56679
34833
42219
25533
6327
23651
56945
58330
85945
34737
27892
11579
35697
33416
58153
73807
65391
49166
20937
12463
67378
56180
45065
39104
20412
308
10354
44829
39068
32979
37583
95748
67812
96154
37633
90492
19805
10930
48822
5750
62019
93066
33682
14069
26482
91835
87876
8225
41001
25165
20688
24731
97697
82105
63835
18109
82414
74189
62939
21482
23521
16874
33582
7685
13028
87567
98177
49185
14850
46999
71288
93221
40065
4970
23642
82899
13157
11518
91125
70510
53036
28165
95241
50733
10271
59076
68843
92685
49618
48134
30519
89491
81360
80454
97176
10740
84373
95354
59925
99223
58705
31213
8797
15123
52535
32439
98022
82044
60310
89147
52554
13346
17313
47795
64079
27584
23224
49274
36621
89194
13760
67140
78685
95120
63946
75861
5860
48320
87567
65786
63895
62625
13351
72692
77748
82239
21484
75770
64283
81794
64918
16838
11492
98583
80985
91923
26167
20561
41198
79140
9755
54958
46280
4792
66431
26579
97006
72291
74899
925
54429
38794
63550
84133
27839
41298
66372
49323
17069
30655
47469
81987
63845
58961
96922
44831
50884
23089
65392
8434
18581
91500
79745
81213
12644
46176
7792
9650
18467
82691
10576
89249
37838
74126
73382
65677
31777
39754
31352
48846
86761
78821
47185
50607
37782
44107
95438
5018
83548
77182
13453
2129
85034
93198
83342
97679
39374
91135
23681
74193
90178
34257
63442
28016
24736
53176
10045
56513
92930
41397
21711
79692
20218
85248
46651
74352
29355
58441
79371
29255
51975
92824
47736
37010
2374
47430
34689
58100
38565
58370
48645
45096
8980
12088
89464
50068
81616
99510
22933
74547
57259
44644
70591
77478
29892
33594
51830
75599
92035
47553
21206
44010
40377
68942
81020
59103
16372
32061
17203
71290
6784
65849
16386
15764
94289
22202
82184
75905
21712
5117
66804
78972
66113
53747
72802
96005
87341
40984
87956
95728
88538
9162
39739
28915
78104
37111
4371
94476
69173
21574
82118
92309
3775
98504
8073
14416
20707
6609
90322
58771
11726
73478
54095
77839
43578
26897
90196
30919
67882
78152
26648
72772
3666
82739
18039
81770
19850
22410
92598
5375
43985
74717
97684
64112
89573
22109
78529
26632
28718
85203
1756
40444
58681
55851
34635
18611
99101
24831
65883
83335
19335
8883
56107
23001
91622
74146
4771
11472
96557
13722
33200
56894
88439
30884
21006
94364
52994
15887
20997
81712
1090
22753
38509
76124
94956
73144
94735
94057
97976
60618
77392
17311
69501
33499
40313
77475
23998
61436
5300
20555
75158
38500
93801
79949
69384
31159
90666
38730
47047
11663
20443
64489
50768
58952
40613
45724
48448
51701
56134
46424
28671
33526
80088
14525
83378
36753
92000
23728
98189
97300
44283
89700
52152
54436
86001
21537
85595
76667
60267
48994
4682
97062
13484
71802
72366
54097
17527
20815
22150
90013
83591
50822
23539
80031
65347
23269
16784
73699
46997
31326
71000
7632
37378
39504
78420
39731
61041
64016
16399
37661
29362
37433
51075
42846
9236
23442
13296
43115
60609
35446
33128
60552
2620
73019
40584
67967
12641
73720
58019
75990
21398
45371
99975
58776
84875
78395
98508
45917
58763
31259
99930
88126
68692
51005
30972
94280
90799
44268
37395
67760
96067
86875
44665
98687
76247
85249
83007
88888
75321
41026
64878
13072
2749
64853
71848
87624
43249
86708
49893
18364
34319
49823
6490
19364
17181
53815
13644
24332
14435
67392
92093
10502
70619
36758
25542
46866
38359
24901
35754
30032
82279
16985
43104
85028
98190
31305
72652
57791
18013
22546
76156
68685
72369
82646
88049
5902
36461
18045
30235
50897
85437
38680
77751
56057
91790
19645
19275
30149
44546
55030
76533
26825
88367
19638
11853
86557
67295
858
44349
1660
23404
36857
70345
12125
19503
58394
18028
72317
76440
64615
39566
78229
3295
33669
50638
95085
53315
69914
41586
97861
41296
18119
41039
29663
54109
69244
32572
21404
70102
93273
23065
93506
30130
9762
5632
49634
68157
40012
38303
60949
4627
94221
39178
7922
27890
89817
19359
97557
59731
60945
11771
1027
95416
52810
47042
65878
22054
95966
87282
8509
89240
26699
2015
19370
36462
23999
85356
20971
80363
23659
81920
84990
34232
21098
9264
78475
27267
44975
76032
3350
5920
87803
20729
17689
56965
67771
83567
95372
63738
87201
3881
52978
30253
22248
88700
83067
62600
74057
4038
42963
14068
85958
44306
48301
23408
53570
26776
67028
98546
19160
70378
20818
6964
91108
54859
80281
75231
54778
75653
55321
58332
95886
8299
88585
18135
13352
71652
80735
87409
92042
40050
1477
94352
84356
49778
34112
37927
92906
1140
52825
12067
71519
89995
35383
78979
44855
15664
54210
15985
7670
9532
74317
3556
34183
62902
38043
47535
50906
35130
34944
42948
75181
52774
37300
59537
18904
71413
13816
11811
88905
82993
40230
60424
72989
91965
55755
34196
23981
9966
50181
31651
35850
24499
35208
86385
3753
89603
33921
54660
24734
85217
13960
99915
54343
51261
75804
73248
39026
5973
1411
27931
5318
57993
4708
78307
49958
60463
28855
73939
70429
95389
5591
22631
36240
57151
9017
39993
63106
59290
11005
87840
44507
24966
4107
98851
92579
96264
88451
31605
2237
89862
75888
7555
47855
80596
2215
14165
41060
47422
88104
27841
59163
10047
50473
95403
83550
75842
51749
46657
35132
79106
34497
95991
4072
54957
11194
13003
51221
99645
60960
69810
5859
36849
93717
53714
17445
12284
84231
74857
59707
72336
19051
35222
98735
85876
30626
82286
61718
98727
45295
96850
77833
96144
9193
98258
51101
20388
11261
18674
20033
72222
88484
25893
25423
98554
95959
59220
10838
80191
34078
86897
68879
69481
22120
83966
55357
69098
82604
17075
67825
27899
30277
45658
24044
39470
43916
91497
59858
71530
10172
96244
60104
15008
38489
85527
29914
34448
44747
40753
30991
95177
44002
16222
64658
82474
16541
36367
51572
99145
53442
35749
43397
71
81408
83793
55894
41676
75290
15752
13206
1814
28348
73310
33175
66837
58837
63089
17638
19937
20194
64981
31466
80549
97556
12477
63023
14097
48844
30948
29594
2287
66697
72991
18710
48105
56784
74604
6134
48427
6709
19340
66593
35057
92651
99768
18247
67840
79210
35885
4129
99404
17218
35596
79953
14774
48073
59329
28871
96917
90277
58466
15556
73326
47809
50619
21432
4594
25223
43918
69373
31932
63258
35966
83342
72261
35735
1589
40102
14945
53826
60583
30701
87396
96179
27007
2171
60604
2688
47394
73874
92965
22212
89430
66291
70022
40049
4075
90968
81625
64345
60341
13557
27604
12659
13251
99865
64746
31192
56319
79691
1370
16903
26745
88767
29434
53752
90938
90039
56440
38332
80265
65757
76897
86047
48400
46919
42449
68828
37887
24074
33173
14580
53983
77129
27239
67235
93347
91986
98427
49666
88029
99798
82921
31126
4917
28708
1230
95855
35099
74022
50539
15364
56131
27436
1411
20884
90707
43860
89712
44946
67934
39237
59526
38270
16367
3118
5505
9714
11456
20284
75732
15837
36434
75006
46964
41351
3714
48194
53558
38813
38569
4098
54177
94700
47886
71940
15584
38594
15801
21648
83540
87
60886
59419
38357
93605
62537
60214
19671
90345
80499
11755
6182
33285
86761
69498
74637
6827
34045
28195
45640
72614
48645
16169
83666
96532
4462
99251
35126
20263
20899
35018
36702
98137
94437
75060
8094
73326
51626
44117
63671
32125
55873
86206
65411
58986
72056
56400
82166
6101
84595
44158
95067
49593
60328
78734
46125
81142
77985
97603
17757
15236
32621
54459
29726
27059
45871
37820
16737
97498
98290
96761
45975
70515
82967
27738
29501
55023
84138
28019
77477
85086
72178
72544
34679
32506
51278
80804
30000
29263
94759
47757
60852
27380
2216
90578
70791
48088
44750
87529
61938
43040
84290
7913
13555
83609
35652
59409
54984
36142
87428
32461
21228
59606
5006
72259
8464
72636
53063
38464
18252
64174
86221
79104
91555
4790
86034
78698
52878
30784
82579
31168
73825
83221
39081
3732
66830
91085
63141
38167
27228
66922
70628
48456
26528
91986
20716
51345
64623
90131
89809
99227
54306
92383
78331
62213
97173
64365
40911
66403
11501
39843
97571
85326
23064
53004
5411
89895
44090
68552
44414
87670
35474
31394
52478
78355
23381
73194
29700
4356
79678
35861
3583
50336
44596
98266
28901
41769
78983
86164
24524
90484
26007
22095
92163
49072
91452
97574
55319
51894
82478
99733
39564
34305
47479
92042
12660
87212
81589
58712
91568
61267
10925
11503
27955
55522
26121
56856
97291
5104
59372
21816
11941
85380
60263
4104
50804
51715
18030
22475
3609
508
38560
59525
34813
86039
51568
63825
73252
33157
38889
81172
10776
49815
9028
38731
5337
35149
11939
18980
56606
87663
57148
68547
89395
17412
89003
40199
85479
7033
62674
5441
7541
17586
64966
58707
3626
32886
22532
76878
66043
77774
74402
93171
27589
83430
48254
49278
18580
76545
68258
75186
64209
41759
60085
53604
75523
49088
10156
61002
56121
89182
82795
80014
6769
64114
55073
26747
97000
93958
3625
79396
71732
94379
72567
99321
77810
20822
64951
96390
13719
33209
87928
77928
74968
64365
47885
66843
13453
74393
27846
85926
63575
26993
82292
86696
91107
37366
13443
4460
47676
33420
208
19408
27800
72775
35081
5610
9949
32
18352
40021
49593
22632
17949
40914
86997
82186
7757
16802
56579
51955
19080
36507
78949
1372
23203
86408
55090
36647
7220
2766
86419
7428
38526
14219
80204
73607
36181
6505
73639
54533
46526
23233
77165
80828
64147
80514
79366
71904
97316
35946
40212
16396
72453
19161
17769
12008
21921
89211
65007
29142
91978
51427
36570
30504
65646
33126
20464
18180
55984
94103
72713
2510
33688
66231
99690
14187
46745
79057
2444
44062
31355
42656
60458
3808
78169
94579
15816
90
143
97176
29232
8473
48603
65803
55329
30601
98929
75793
48781
54913
86249
21495
73776
19937
4078
89818
50477
50823
68875
52921
94885
230
11929
71696
20390
90098
82627
52559
90188
82770
49735
19421
7595
98338
85224
62925
28939
505
38718
94073
71771
24967
15568
61899
61257
35998
51717
11734
86821
36945
81007
98059
37175
92936
86107
73918
83034
68734
26477
73222
67857
76212
8995
75452
90902
10571
38377
36193
11077
93448
30266
99200
34767
62186
61099
96024
98184
12816
24110
85006
49761
5117
99417
3289
14405
85524
77207
13791
70610
20036
87014
38467
96248
12361
30272
3502
22933
85001
39695
34010
78449
86314
49562
13217
48500
10661
25593
46685
39829
49704
48043
5943
71173
47460
25584
1931
49336
19143
15722
19946
39179
19088
74766
51779
31450
5038
55281
54383
90039
11328
4745
84841
97642
54307
14410
62495
81320
40003
25532
37501
6059
89927
59796
77233
53739
85380
95516
3075
4523
11238
23021
60054
30327
97787
28185
61777
19177
99818
16160
25569
11147
20905
10410
25141
91564
24820
87636
72884
64823
13168
26737
87235
19447
86534
80820
73186
71914
76336
76261
92790
87574
15635
69196
17901
29774
97382
96030
48952
97200
28542
74521
24699
65799
1283
66193
57363
42455
53829
46599
23630
83350
73337
10865
2797
76223
91685
75984
64489
68021
68597
57279
55596
84232
42828
89849
14007
56562
85880
79311
70114
14422
53832
94814
96574
71467
61007
53937
13922
31188
16889
37552
30890
90226
48418
33688
82801
40103
26024
47290
24477
94621
20922
80073
95206
63750
86274
9213
20312
88506
88524
90426
2929
58708
1592
15855
30175
62599
69792
60449
10140
86681
98001
41030
93259
62771
91070
76060
19227
17094
23351
43704
28068
44273
40129
23274
24375
26403
48839
61039
14910
53715
51465
34191
28775
69410
50046
75302
48361
36190
35751
58501
22872
50104
99532
32483
12876
90602
24896
48455
24049
64599
92159
68469
8872
32288
91743
49599
75043
56934
10638
89953
27001
78455
24144
55776
47865
90542
31078
96227
26733
83181
54728
65957
33285
70612
98440
62513
77567
39688
27320
1616
4287
19479
70085
29511
68119
78180
79110
43163
51466
6100
33116
78467
84556
73613
34243
32421
80507
81673
45000
7240
64854
16081
73197
14491
86693
87990
93357
80612
27678
20677
82228
48318
56509
68665
77829
24628
63197
73292
67791
14663
79392
17260
93130
63948
7225
43725
12722
87732
41750
57722
11325
22956
73803
874
37448
76849
88864
47157
57461
32895
67834
39690
81213
24343
24707
75394
48972
87905
48686
33115
2568
28079
66727
12051
8379
90304
55776
21101
78037
13879
78824
5714
36835
52627
6588
74283
29476
11805
37792
86938
61052
5627
42980
58617
29970
67687
34011
95294
71944
99050
44762
74513
27129
27841
86564
35508
18146
58692
56610
12535
72571
51786
18249
25759
4413
41189
16394
50242
52994
54187
53532
14046
59814
12864
72663
6136
96903
23027
17783
68848
22077
62545
59713
65558
90386
62629
1066
24884
21321
74028
37419
10245
42166
55668
36004
62932
96858
68750
13174
49852
22937
83058
80251
82751
12274
69266
5240
9177
92293
23023
78025
30722
1920
54090
96280
8658
16719
13699
33543
54393
4079
70962
64638
46246
42983
16994
9178
39841
2096
38704
6045
25034
21762
2648
24137
34036
71915
29377
59565
80560
68752
53943
11283
70672
8033
7563
95683
24753
21262
29226
79146
25342
16540
60136
71588
59523
93482
97118
99364
95578
35822
21762
36964
73936
24410
61102
7972
12677
90479
83889
93238
59232
37832
4521
46256
45866
28436
41939
86971
66051
71165
82469
91393
87706
58957
79333
63581
52439
92803
62946
64369
28625
1060
1334
2561
25470
78788
26885
54500
69267
10774
47738
44851
48607
68611
91108
10825
13399
49399
14148
79450
36917
96617
87195
40975
55574
82880
4556
24365
75683
83854
5086
4308
84914
22772
23221
26737
1560
50106
81237
87180
60881
45327
48383
25840
30290
39491
53017
43689
5243
67165
23140
42160
80134
26687
83135
35708
9568
87691
76425
85251
87898
97863
5912
72812
20636
29133
99549
38548
79240
97138
25728
56473
42465
74112
98665
72755
29955
51682
16445
35198
35199
55937
93710
15333
82624
76845
67393
8544
80889
60170
93796
85139
58033
99708
57951
78669
45193
73853
17218
24433
70991
59298
97258
29809
33410
95923
2564
79718
63957
35361
31268
15508
7650
24979
47193
6627
18176
30938
15171
15417
91108
25319
556
65494
41379
74860
44163
86573
48713
77733
27358
36056
53384
24617
65865
3146
20540
84782
82864
850
36495
30485
16358
44146
55464
63552
67125
89992
94490
82296
5410
1951
23968
22318
67445
65347
97178
27960
51920
45891
22046
79279
81948
75430
20248
64165
78576
40788
48947
77793
57990
85443
8278
90701
45941
80094
54253
13066
70086
65095
11714
75496
83398
35682
97815
50843
1030
11345
95156
69302
57237
17202
64933
55537
8984
85181
19702
87560
42322
85002
81705
312
86797
6335
91013
49090
86429
61618
62156
56516
43066
90222
48364
26464
25905
62531
93660
43287
73877
88816
28941
47466
22370
93875
19355
31354
95408
39057
35266
37730
40411
16972
54395
27208
23307
45408
92650
26089
23379
54806
82605
82797
61381
47321
9261
3638
26205
19273
63277
16434
24441
92218
63900
46811
2445
83255
78165
97854
38664
13432
51936
79076
46756
6331
22636
86415
68092
15287
12504
91471
86445
11461
74268
64178
58783
99881
67816
1340
35507
31093
17774
59948
39664
81674
23112
42109
81281
1277
56315
36297
31061
8252
15373
77817
30935
54362
80585
99027
86001
93089
6850
88798
4551
97470
69329
79686
13704
37145
81026
49211
84591
98800
25511
24255
96826
48623
82716
94459
66253
55384
30756
13666
79988
62482
7836
10923
33196
88421
9951
19197
81510
33153
24347
86061
30624
93676
65747
44328
47174
63125
9891
31765
78277
35402
72372
75103
378
71440
85914
66631
43176
16671
80297
23164
79153
88133
34088
12349
76554
60391
47898
74417
93544
72245
60478
40520
82274
42578
84848
45800
22055
11091
93917
333
46494
82641
91788
46872
54081
77703
29855
97258
94374
26504
36774
89879
30990
70862
2228
7544
47605
50126
81961
57502
38723
58792
98022
37349
17722
82871
83149
39777
10314
77066
56462
56808
59707
48251
20032
30141
25954
66239
43751
36680
92744
80525
26559
23734
67740
45139
47630
31697
95265
45944
89199
50340
21088
87222
4042
38810
86445
3543
94939
96759
80610
51402
69920
56669
99653
89952
3162
41959
72544
46913
78639
65288
43791
21550
5374
27883
66689
53004
59580
61954
98948
48780
28646
20036
52354
49040
75198
55151
52584
70138
51910
49546
37892
21830
6215
37545
28135
9378
95856
679
72643
74495
82319
32786
96045
87693
60669
62734
57049
20250
41040
55998
85382
86038
92386
54088
35079
83937
9239
87663
70427
61149
53561
8319
99332
59776
62216
43819
85506
58072
60850
74502
32567
43169
7288
44964
47214
67958
24050
4263
4560
65090
76613
6294
67480
85352
60382
18911
69289
85973
22926
39716
47122
76487
64387
62806
36264
26603
6625
38122
84675
67475
28976
33594
26996
36265
78558
74210
20575
18960
78474
41487
402
55087
64133
67882
40439
24515
86794
26080
10488
26072
82148
73962
2560
46535
53121
55176
89490
59746
93298
74165
43574
38627
7759
70570
74892
2669
61133
11819
37981
39607
53306
38383
11046
17439
6266
67838
58306
9412
10270
85146
35484
92419
75460
54396
55306
28581
9572
44797
4680
19223
18962
64606
57850
43074
35176
49094
62095
12661
60913
77
68620
30571
54812
79667
48010
61078
63857
22668
86842
74127
24166
38679
82898
15978
93075
38205
44560
19000
83002
65592
38223
18316
30198
12425
77742
81726
61519
39838
94388
22432
56267
63008
53003
11079
59027
17365
88510
39236
56385
91704
13364
80551
46735
96262
12881
39811
34467
57441
75163
33821
39385
13386
52138
69583
42163
29880
51310
3682
86070
62050
26114
58689
25058
95469
69769
438
12834
74631
39674
85571
66335
69390
82474
13071
65653
95355
69234
16472
69149
44397
50294
8534
74135
18784
78118
32650
65016
45780
36332
51087
7830
62446
26128
49240
57915
95897
66030
87101
86880
5705
72672
69568
91447
55146
82639
57100
66853
68225
89925
36002
28974
56571
44537
19461
91707
39007
52111
56723
84787
88443
24162
8969
67241
50291
74561
41508
62540
40592
44961
49421
62649
17633
35341
54096
89131
17980
27549
55984
2557
33826
8339
31531
6749
52876
67344
98456
91883
19455
71531
93022
24250
95694
18343
91491
62337
92904
49351
41229
49848
94312
7002
12497
28297
42343
82946
33780
60323
26847
6116
79232
60673
14455
10763
67422
67331
94459
82230
75566
13914
53761
84940
54516
49455
3283
62359
28144
96188
11710
69374
46036
6022
76376
74886
50671
18720
57832
84451
95395
1031
90568
74628
61704
21375
1743
45478
5059
96203
27708
80625
26469
97821
65566
80986
63629
85201
43345
91773
81389
71408
61147
43778
93782
53876
18664
44454
88948
92848
45257
84343
10231
52177
75323
71935
73553
93419
33765
78612
89622
77825
75589
32443
75646
57507
29781
39275
42709
89479
47401
40450
60887
24900
84228
54669
78776
19244
15475
67724
28444
60733
68420
38675
12910
43743
26962
86463
37162
77079
81427
43136
54904
57017
91932
46903
30876
21713
2530
73585
11192
49931
14036
88431
74832
14616
43101
69960
50213
74928
37685
95009
35661
6105
50037
48572
66200
93351
51387
19715
70431
49167
62851
41687
6184
54783
88590
37060
92849
7473
26998
4041
73756
57386
92473
48588
88354
51926
34901
54919
26854
72586
49929
78868
95043
16318
43792
77595
9669
95179
97310
80100
44346
76514
21788
66882
47649
26730
20295
40498
50555
63645
44540
24312
21031
53365
72900
25737
21643
24153
80657
64849
96739
46938
43717
8134
63256
3861
2082
72925
99041
99392
69378
59739
92258
91166
42974
39908
34248
63269
80406
84804
43266
41298
9116
80649
11015
98368
6386
49010
22522
87043
13860
35613
50333
73929
60100
13589
77791
62182
2867
93184
77926
72245
69275
70185
79763
12249
10093
30363
91870
90499
15167
35136
31798
40635
15785
59165
55356
38524
8176
94230
25567
38388
46195
92253
12317
6295
5842
6460
84829
25061
15996
62756
97306
85272
32941
93421
13873
59386
23785
5744
49885
55304
57232
98035
12292
89370
57201
67648
27894
65377
78230
69813
3765
24425
62066
32434
47073
84261
55247
31902
9322
71243
94658
22981
72867
43951
16402
86741
3337
56539
8837
53223
11844
66069
67610
40488
71791
41163
24488
99685
22892
2718
69499
43009
27143
31565
75444
74216
32178
47043
22471
41501
18286
17129
64482
7506
77433
97236
94247
80770
70128
3084
50345
81972
85505
17956
38812
57297
59119
63300
73334
82012
66018
42833
41373
9513
90751
16817
82
22929
80212
22553
80782
14851
56034
61616
22357
33467
58853
32956
14238
28981
52392
64583
27305
37897
98891
66117
11546
74363
45769
84881
72727
11787
44066
14100
37652
51169
47270
37734
74099
27482
76639
71233
42333
49026
32850
64690
82493
91703
97646
13083
37036
50038
94019
80693
4288
92910
63162
32186
83625
8931
17067
56352
20718
61134
70453
74722
28655
17723
28809
2754
61557
5448
73988
3891
54474
23190
84933
53320
31245
82580
82755
68281
48970
76774
65326
69610
86037
28488
1797
69662
37419
35216
42367
74489
96350
12820
49211
25006
46895
78020
44112
8452
99821
34452
28695
70647
57642
13629
23967
88887
12561
23075
73520
77883
99849
38846
47494
2238
67334
65643
88253
21105
859
30620
95594
13562
59792
61158
54920
23039
55530
99032
47843
55351
49837
76539
25999
23831
6520
66318
29071
19081
89393
2591
13316
5595
57790
77162
7833
41476
42805
96086
62582
43665
43058
58176
57227
2850
35686
12147
25889
91217
27531
73733
46568
93720
66624
88919
17552
73144
71590
46623
8577
77335
65566
21893
82930
23356
99056
7116
64833
41861
3202
43767
1878
46261
18295
59105
65463
53982
87604
91353
45199
31488
81438
8119
25208
48062
13391
42760
37558
84981
5735
46135
62316
87654
68028
61599
27362
83436
68715
8547
41650
88269
52314
43528
50882
70610
2634
16346
24592
6590
24051
86143
38078
21841
10614
63287
69903
40357
22399
23813
41690
44487
69948
20359
32141
54328
81958
59503
37765
67025
68051
95767
55294
20365
39295
6177
7327
58281
22523
48271
64872
62926
50766
2950
84767
61381
82589
71022
18090
21341
94835
59781
65828
64783
80140
97969
35463
78450
73824
89580
45475
41875
85347
769
78593
24643
6946
85920
99276
45821
34192
64148
8747
84958
83451
93514
62691
82392
64536
97134
3733
75723
56915
69561
56858
53407
83882
92322
48209
57707
81902
93684
15934
83602
10805
94527
24597
17752
96800
23873
79925
47344
4374
5025
48654
87825
14891
27698
86569
95780
24832
90303
71503
98099
76216
28362
51506
60099
37036
99715
34158
35290
9751
50092
18892
20556
60972
43489
54660
57772
83715
34586
5116
88089
39611
53770
92266
70854
81468
78835
66634
6300
69138
54490
4399
61707
82852
72257
21806
19888
88324
55964
71530
98075
6056
90423
18632
67028
50264
73292
41152
50331
24230
46268
38420
80193
16391
30686
51048
14211
25874
17682
20512
11364
88524
41263
73071
71376
29873
94877
7616
18197
67193
79147
16273
89602
85922
51257
72982
52538
24549
14135
2870
48780
76755
41290
28973
93146
88329
96373
7358
14203
14056
44222
41919
18932
1837
14991
90309
31710
9868
14277
66260
93414
9776
98885
83016
12050
50142
55998
64589
91043
86485
83811
56175
63241
25101
85149
72739
29782
81522
96449
60337
11930
40671
2257
30863
58861
17248
37524
6923
43468
68153
73183
36882
94282
88420
36250
6332
54914
8601
87273
45958
95086
71084
18485
74679
12538
19986
47419
42320
17861
43868
19010
29791
892
37619
77006
59753
54867
30882
83028
14687
15388
72564
67922
9670
60984
4172
32354
32251
12773
19628
94561
24212
90712
13046
98891
19602
33033
62662
78275
50894
22883
97285
97037
23775
34904
90396
99880
6123
37630
99260
37162
53018
71824
5084
79040
49161
25609
11395
81412
54734
31023
75973
95298
38087
89019
94190
57690
38404
73204
35965
89298
96087
49602
86336
36214
84506
93084
52446
6981
30714
51707
60495
83733
39883
65580
62773
89044
7541
74168
86808
78627
21543
79133
73926
59631
84505
84468
33673
22909
57672
69638
28560
70112
19240
14896
22678
20098
7980
75125
43431
55046
43184
3926
38779
99419
85858
1553
4816
93399
92073
91624
72027
13617
70758
62305
89600
55263
46773
23273
94524
20797
9263
23084
7261
28503
54332
29940
64953
78664
21417
8384
33711
80953
12310
72490
80372
98169
90395
1540
91568
98821
93165
79947
28790
80275
58604
18390
51890
5377
58015
46414
42527
67278
85851
49788
12133
40183
96080
77086
18848
33849
85470
52559
14802
97780
41401
11527
95949
48149
13067
3870
46970
22584
169
75760
2859
58774
10502
54749
80503
68517
17516
39382
52147
3367
5523
64280
59902
1603
41366
78750
35453
43188
47661
66607
40968
5415
78134
53270
69916
91202
73492
16886
13786
73661
8998
32998
48787
35852
4099
45643
20721
21615
85025
72868
41334
90548
53500
1237
8504
94866
96339
60309
38054
60353
26916
95374
65768
21403
64996
35684
28957
38488
68922
59095
28502
94272
92093
93641
46476
96193
39284
67197
34160
40662
56417
91847
47562
9917
93084
56066
21135
5775
32727
59189
66128
59644
70915
48248
97399
35912
284
26356
90752
85558
85451
19254
79830
77545
12896
26306
90090
68532
9855
40602
9194
66272
32449
56757
76189
41885
29175
97324
64013
61903
72865
30141
37899
43781
94742
35298
96045
95026
61654
86797
80585
63457
22404
76767
57354
35300
3074
63796
20184
12929
4399
29379
95554
53200
86136
71743
11438
31663
69068
91803
93566
58285
21944
47817
18418
33038
99467
14463
28065
77473
17613
25002
40931
56369
1769
98285
91669
21195
62082
28205
50477
82833
57584
46031
52385
60072
17774
80175
91736
3194
71978
1654
77832
10275
49472
96250
43313
48939
27066
87730
26413
61031
29084
83696
17400
47206
98333
25421
68401
76767
53626
18878
59600
11211
81261
28338
71283
15388
24865
79371
34934
96844
81026
12766
23471
46850
25369
83136
12141
52435
87219
38554
13466
16303
38602
47218
63509
36936
72639
48263
13703
26265
83493
89656
53828
64755
34346
41464
80143
59211
20835
31429
72407
18213
44196
95878
65063
69565
95367
77205
38352
82586
32111
68170
98889
70714
15388
78751
24002
88027
27014
37705
30644
10507
27361
825
91614
78059
42289
88109
37271
79476
19539
9678
97690
80087
21909
62753
66004
17276
56310
4356
99862
88422
72526
15103
75488
4266
10206
99490
8645
37220
37195
55641
64080
80909
56466
72046
58968
98755
60156
12591
78232
96047
22270
92274
76134
60531
55027
42138
77807
11338
62846
94021
16112
51724
9124
91600
55990
19331
91090
64635
72903
28285
20276
53335
25546
93095
25382
867
91850
85538
13458
86434
97937
52080
78708
74071
12611
50088
32561
90418
77778
95407
84439
93890
47131
9916
85490
19473
45599
92932
460
18502
37569
37088
71838
63116
30183
13572
63983
38386
99110
77441
24820
13399
29522
19881
87470
58485
86321
36383
48904
64099
31790
49695
74341
95273
75963
59831
14746
21562
69115
31558
56417
6684
68646
44607
69800
98830
58179
50135
37216
73641
43929
78388
87040
89803
14621
90862
48288
942
27245
13544
65041
75387
63240
39382
87012
55555
15565
18110
93470
84680
49668
49887
91365
18314
10846
77517
17144
85377
27653
70712
59018
87934
49101
62410
77737
63722
69624
26025
81017
13221
55922
46058
88608
19162
1793
91972
91069
33710
10082
84539
34743
59750
34426
26108
78064
61624
19977
11561
47001
63982
98625
22371
51916
47726
1133
29653
27801
70757
72031
8818
83978
27953
71228
88938
63467
89373
80910
54536
23084
90992
39076
74179
67094
89854
16639
45159
67831
36616
73072
14832
599
71697
37204
68867
35776
38337
98521
79929
25447
86904
5099
25777
14857
76327
14716
94676
82053
11978
49212
21489
19323
4640
95668
86417
10847
12307
31576
78678
48923
21000
9862
65874
92698
63418
34742
28474
18108
49615
8403
43555
36519
13502
85684
67728
6181
400
62404
4586
28731
27968
26075
48054
48961
38095
34471
76160
50402
82400
71190
15678
3400
81052
97904
96098
60823
32646
40924
78931
98613
65679
38838
51484
95533
24522
19212
18067
41275
97968
22653
70006
42289
65081
18060
91250
3176
52531
67410
69931
51283
54952
1961
54684
52356
99865
67134
13179
48864
24411
8462
63829
90090
47300
15314
1976
88175
50878
20043
29450
48847
59048
15808
7488
40481
33868
98738
60010
2751
82500
46293
70387
53804
48254
25071
6160
48119
92205
19340
13335
32968
27802
77165
23059
91455
92479
41387
79630
59709
77782
9080
24908
53182
41240
32396
93664
75108
47486
70026
94211
29986
16319
64598
83790
80925
6021
6303
45396
14579
25643
58732
47547
69797
52249
86958
61252
61080
44697
40882
20789
22479
66314
45698
75662
7554
78094
85678
99014
25581
72056
9578
71919
88375
90528
72062
85652
96550
78365
31048
11129
20360
89780
75028
90157
42029
78339
51410
3109
23036
92292
40251
45516
58607
85949
37530
82513
64043
39560
81528
5976
11616
91106
94248
16343
81634
66310
1995
94536
61027
33043
22017
81387
39176
97046
71544
97557
75385
22954
17019
98421
31599
57270
60289
6558
43219
97819
89071
23614
37379
86951
29591
48995
78057
23839
81690
76044
6501
83685
70580
67528
16729
92598
48915
72257
5996
36811
69814
97733
76118
86833
96154
7717
44103
72796
30627
3674
86967
19698
27289
24347
6650
73232
89694
1059
13423
71385
77103
36276
71422
64036
3804
4503
56634
69071
76760
78982
5882
46575
76715
98352
33408
89221
6069
93864
62017
36696
97538
48985
72747
24827
89684
95749
14411
95730
96808
27834
83467
90264
64110
54890
54300
84266
59393
27286
53337
52506
6268
75572
99081
99335
73924
48841
88556
96346
42705
66926
49394
40244
15911
38493
81423
21947
34242
95835
17677
47403
40021
17497
54019
20484
72387
24671
4750
48132
68309
74440
638
90929
66364
16071
90264
56640
64913
95172
52986
23970
62098
18733
64214
94361
57226
61990
16308
7821
57825
50338
71576
14198
67835
25595
34682
40222
66618
55785
4706
34927
30225
21697
25856
12941
37768
32472
69581
19033
27644
22568
43004
89743
41301
23570
84104
14879
85560
16765
22700
59737
67103
10628
90288
34938
52575
24970
91512
19193
97107
12570
70472
27332
34267
12680
56625
88388
45152
26207
7421
89149
48775
66777
78892
6428
6700
79348
37659
8612
96113
76712
68350
63216
87340
58638
98154
56268
99960
6018
75461
97068
18589
62286
40752
52856
74966
97378
57596
36471
23585
81370
25620
88712
48147
20864
11492
71199
212
49151
79812
12678
42215
64514
75894
45908
39504
90401
2176
39464
12771
93989
52884
31360
56275
93637
569
47594
7367
58165
84065
47304
39535
26037
36016
4035
46901
63860
75234
63465
29363
55046
76143
71579
35912
68390
17487
75416
75143
36015
14881
87914
30004
84117
19275
2632
94106
19844
50226
1473
78009
50643
48777
33897
76680
1145
37932
39933
65005
29518
19750
10721
917
12246
82300
36829
80636
16139
12246
72131
68506
43479
60045
98510
27596
95672
1142
21703
15516
67720
39528
9878
18363
88306
60127
11395
5803
98059
67680
70809
27577
87431
81530
28494
16029
80182
81676
13017
12673
93922
85148
81179
37401
45193
96041
81349
57218
13536
3052
72734
81256
42581
98964
15972
47239
59091
43719
53042
73502
11400
40203
17432
15183
38085
62278
31212
18267
43954
44229
47292
54228
29377
44823
91629
90922
40865
89331
48140
54401
92383
37227
52009
51316
52543
84333
98555
27987
28053
67950
17841
55805
8153
51625
70988
46239
13904
18552
80858
74210
79133
28151
44791
24862
72974
52772
15784
13839
42103
80277
84592
34487
33856
52954
2155
86399
53639
711
30738
98044
68661
48580
53849
93166
205
41189
39405
30461
59741
20264
21024
55226
48415
65815
80088
37741
18587
12225
67933
60691
92502
68877
11530
42710
21831
13685
45461
91823
30748
76200
89867
15761
41132
43717
25280
57689
1258
64685
4503
77352
84949
25527
32578
49716
7694
12667
87458
26281
24892
71743
3324
33746
40620
31206
76456
78804
61244
21917
70627
91992
14469
60494
24106
71953
4211
49386
29643
21822
30423
34146
99174
31725
76025
31752
97793
83719
60771
85251
26352
85663
73346
46029
35761
13967
77235
12217
92771
38479
50487
63398
46824
64956
23892
87282
53262
44456
53020
82905
66278
83443
33403
81804
31520
9428
13556
29314
9499
74328
30917
52203
76343
4264
14584
12105
18231
91820
40674
27354
46651
91161
90752
9827
72470
30996
13461
25732
91804
82833
24989
74434
82629
58392
56238
14149
84172
69795
43463
10023
60475
74381
78578
53170
78645
93163
65275
13228
1335
22302
40582
64338
13463
31334
90518
2285
78682
3979
44369
70487
86813
69358
44921
85794
44102
1160
99943
44626
87307
43407
54649
64134
17788
49580
17304
12785
42743
98932
26013
60430
21234
82947
24768
51049
30633
15286
69687
9315
35618
14056
79802
38783
99767
24724
24577
60221
42236
24520
4848
29543
67927
75849
10029
2067
25429
27333
31204
84524
42617
73569
44954
63851
56516
69723
31253
87149
85009
17292
96465
36979
31348
92619
75762
47467
17343
339
7689
75931
24860
28889
21826
9139
4738
31855
27559
46520
59189
58763
31044
18158
32333
75999
82010
5201
45722
29615
92351
47083
46907
5168
84063
94607
97787
59825
58427
31483
76517
82468
23766
17729
11357
45593
26868
32447
77448
70779
78967
52989
29543
10012
71148
78228
2363
69510
99781
64437
99125
92132
11520
62384
13652
11935
73343
27792
88113
31770
59275
64630
14238
83041
82359
41947
28634
25579
74395
22435
96359
69714
75424
42254
96078
46572
36834
98441
32434
36615
62878
47911
28748
90751
10295
58752
2686
83639
86544
7151
31761
45819
88133
62352
45213
86844
4299
90199
12424
95046
12634
25135
64761
4411
67389
77191
67335
20575
75633
99770
57190
54863
47681
2290
45614
74329
61043
64653
74320
47587
71804
22433
9759
76290
84785
71324
63134
89085
61523
75558
483
90510
17045
65244
94921
786
58788
78608
21361
34421
78378
78552
89284
42412
80842
51251
33093
58237
32256
23765
22177
20412
46198
31936
96702
30984
19612
59837
36421
97487
51747
53256
87997
68793
34853
99270
69579
93641
94231
7293
28062
88961
85845
33698
47725
83039
1301
80818
57629
33557
20935
79806
53970
67134
28094
50672
14470
47706
10509
67243
45193
62257
20499
49543
47402
55352
65165
33333
48993
59396
40626
93407
64710
42823
27106
12435
25863
28407
93254
83492
78317
14189
63298
32287
97675
7744
99311
12145
55450
9821
95740
16995
88430
16240
82890
52184
71592
64408
85517
36938
40156
26144
30345
4866
68967
73803
17302
11182
18563
26908
11026
96880
57449
90676
45519
55125
98420
44830
83622
70222
71003
79363
87218
75785
11955
86460
27969
83547
50868
13487
36837
7377
39631
67183
12243
24950
40986
45897
36133
59549
89157
47159
72781
46607
54188
18300
18084
52608
63131
18058
22831
50486
13773
26401
26272
25728
12861
54241
25628
80082
67728
62465
87459
23711
29648
16054
65014
86987
78304
17499
62888
67461
64658
35670
30420
35198
53970
64856
87807
33453
99267
10638
83940
13040
37039
10212
38769
66252
80805
80749
62686
48534
43214
66497
88597
89215
82552
53611
76202
77208
71110
39090
61021
52121
74760
91442
87319
45083
72650
91478
94888
71917
2116
78828
1310
55507
5392
56431
38112
86198
37180
798
51084
80394
67296
56033
69609
66200
25997
62163
59760
13459
1254
20781
81932
92366
28575
85604
37449
1226
77082
48690
89495
95551
27518
90805
67410
49263
63588
5522
51813
768
22673
2897
97515
6321
75282
83476
88873
1279
45640
48633
14739
46894
85766
13023
55612
14342
98627
9414
31920
75710
58104
37767
71261
1974
44925
38671
51237
8513
60546
3050
9282
83219
22299
6797
5892
13934
6625
94765
15213
52265
59750
46304
15511
45516
59328
71124
76210
74307
80538
8130
50017
38642
62250
21278
40616
7175
76302
8206
15688
36848
27608
41322
36419
66260
64471
42311
80194
71097
37076
11759
23362
96826
58064
55226
58694
33744
26350
34905
8051
23240
59387
74421
78234
21637
12051
35202
45164
88353
43408
77205
41553
71017
34879
77972
37277
99351
20283
17471
86800
73711
45582
26514
70537
3646
81740
45584
53742
8090
80489
78146
47682
56228
68919
25916
94218
80970
61119
39382
69324
4527
32939
10877
91896
67819
5202
45525
67170
25485
79348
70322
99197
24931
96836
86086
44929
94929
48022
98672
3019
28511
93170
50702
1092
62089
92970
95310
59411
54089
51044
45087
58617
83984
55965
66865
51803
77519
12391
35325
3004
91739
5647
18553
16670
18835
20992
77952
13764
69014
76624
33136
13878
86146
190
14970
64587
93160
26632
23998
47250
77676
69086
22219
78012
41403
89084
29815
18922
17827
81492
38278
9567
3491
73184
42589
22327
94176
20541
52443
63190
13517
85579
93420
16015
2121
8390
80602
95282
51374
20953
58884
29051
90039
81103
7063
47794
86539
53231
83068
4367
34723
21346
30286
38215
94530
89227
76894
5058
26121
29337
68249
55990
31269
78021
72006
33390
86412
68960
45024
37786
89913
3908
83189
96304
1363
6605
60450
4255
59836
43518
24974
10911
81217
71612
65478
75747
60839
58724
97158
86960
88062
81759
42951
35683
59780
31309
69073
46192
269
14098
331
6535
34358
99872
2839
52074
6477
63290
56329
82665
6808
81303
9929
4377
52915
91759
96477
30106
50484
93635
33419
38546
75394
92722
90581
35174
24031
59654
97719
40652
90104
14402
47187
40815
14274
50027
92889
37104
29669
65570
36121
52829
63225
62402
57207
32492
54162
53684
62598
4646
47319
12369
59544
39065
5091
50125
74239
45474
9779
88310
86127
16236
2712
33314
57051
33339
83341
66292
86795
29362
48214
39268
82192
11439
1671
55751
60283
55833
9435
39233
60479
73106
51603
20023
12171
73046
70148
2762
18521
96279
91073
4648
12515
10137
37962
85918
59828
37656
68562
46623
67018
16776
85892
65562
44567
87563
21313
4850
43396
47100
60436
20227
20206
12039
40250
48729
85085
26750
51492
3606
23029
58917
24606
35545
69054
62569
37815
45235
16577
6378
91858
99947
39506
94102
65510
426
81665
3175
5276
41413
66628
65712
77992
86834
94103
18242
51916
95541
44992
19760
99147
68022
78677
40106
19919
64083
2675
74086
9318
35604
96816
17529
35551
36323
11631
17413
36749
9649
20589
58377
67414
87217
40442
45407
90403
50897
80001
58671
46438
24994
78431
61938
9368
73460
2044
45639
53896
21071
19725
79566
56675
16542
13447
92226
69217
25079
9640
22318
51080
46581
97047
18494
33798
37489
80253
40553
88387
60255
99225
34825
1601
94008
96763
10969
67469
15159
72960
37717
36230
92685
17283
92905
25579
30731
85132
11148
72162
11124
33466
39594
57705
46866
58088
7855
84355
54694
48408
89094
14949
63985
40272
16550
74346
53387
43871
41815
68547
16831
95884
21129
9516
29519
14035
51448
60250
15519
62596
48764
26643
12415
88358
700
59281
62799
8555
59988
17493
73315
65435
32442
53653
22059
65344
27999
75446
9215
86166
60345
26046
82050
81475
51914
11569
11862
19714
88172
27381
98663
36936
54024
11078
41647
54724
86711
4446
79631
63051
38291
52946
28486
70733
6599
66897
52429
50950
58696
61644
37116
19041
4042
19166
16868
72308
47088
28730
92023
35260
56111
7038
88548
26487
34468
30195
97563
21179
50993
93546
582
89284
46493
45421
76369
69444
12318
45150
20395
71014
23146
73863
6408
27188
9382
23276
15849
56470
68359
24224
8082
40822
31262
96630
67310
65730
43178
81225
86909
10523
74772
3843
16160
37617
49264
92529
23413
61583
37680
60160
48949
60826
34024
55357
4367
43406
94986
20216
16228
63345
44440
24310
4167
92054
37292
87829
57784
96822
85407
61045
7346
76531
64888
23506
14148
14153
32387
53913
92088
86419
14074
41037
63598
64450
12747
67965
24208
7733
4533
40436
71078
65325
64746
91597
57379
2038
79427
15163
15213
81186
76208
22559
57717
57448
62417
88217
71601
11156
42130
80041
13928
72556
37431
77526
37006
50178
61843
77566
57911
82728
18002
45341
48053
82748
36938
21784
1139
32717
53299
16352
13903
45859
55263
87972
3307
34032
76189
91261
45188
34672
87654
59116
7228
25085
52994
60587
75263
14837
38153
49526
97565
56156
94867
61970
55256
48158
106
72747
80875
69757
89099
11131
15616
60714
15455
35276
94746
91645
42889
56287
42669
30543
15403
66249
55629
84750
43188
47244
99587
81342
96771
13505
53850
7990
91827
25458
56148
8286
98206
53376
78043
3657
80859
10012
64372
96314
61640
59118
4311
4529
15405
63332
51424
47161
29582
23405
31911
72770
70650
47850
70464
83773
77707
40666
91763
85887
66125
64264
94173
80683
33992
72216
84340
14851
82228
48712
27517
43868
24183
48181
64749
39588
11513
16174
3101
57447
39579
51364
30218
26581
15567
682
10354
93274
41349
18470
79161
23826
82734
73334
4509
16726
61903
88849
47929
60483
53914
91798
20704
78097
56331
85453
17685
67845
1627
37139
25292
57559
88503
71862
84140
20422
88897
94495
13697
30246
12965
9210
70424
12051
98897
74933
28777
77152
80134
93058
37635
34048
84856
58339
12145
57540
43793
46183
25385
61772
99674
67029
35683
88177
55244
19824
24952
44141
30671
55001
90739
59988
64211
61163
72039
79460
52448
17168
56612
48934
10226
10600
82983
11434
68939
11480
68974
29084
74015
10711
7209
73689
94093
42892
78219
65689
79068
3171
9830
9739
58172
16921
86079
38735
94436
58118
18196
46884
75286
91160
95818
1864
1760
95153
29651
87052
22986
14977
32488
97001
42041
39697
70691
52486
98942
65262
18175
94362
68433
44357
4102
42957
61278
6533
81692
55714
64652
16240
2598
56290
23753
14768
74507
25513
26274
4158
28917
49260
35487
61406
62613
77528
17455
49656
46366
16397
14918
64541
10760
99703
8898
31214
42660
70176
37747
24353
25890
18751
56945
44840
75042
80698
75961
65901
22564
18587
86411
51481
67847
21898
29239
46812
15779
46695
96469
62145
79444
11387
43039
90204
11091
51937
37770
53751
38466
91870
94456
80708
10621
67754
41901
2015
48452
34214
67916
87368
52801
54327
38850
37000
92578
84441
83812
24709
31136
80281
3206
10581
91669
46245
17137
19112
14535
71260
72863
69353
63130
83672
50061
90103
51426
8314
8471
16230
42528
92739
3599
11681
63419
58801
48681
55997
43242
32494
80706
90731
29127
264
1312
20796
46510
34801
39908
61045
6061
29124
30398
85543
29148
96811
75647
80574
5126
470
96804
64006
93209
16755
75688
56628
75556
24369
28977
35151
73215
26035
25882
2343
26300
43546
39491
72810
78347
95752
50207
761
41228
96957
2656
70376
93768
94655
67302
15246
95125
80458
79253
88335
97214
71293
61315
89122
12014
90293
24273
85230
16328
66507
3925
42628
10053
59768
31790
4753
71872
98349
21866
13100
95306
24522
99828
5427
19178
67130
20673
30655
47589
16278
35342
61155
87571
96658
50277
99586
86951
90903
1168
19631
57410
21445
78612
83816
81213
26754
88569
53086
25104
10435
82538
20410
51309
82367
25837
86839
49497
62863
17495
13438
79141
52837
74593
83065
49495
41223
99003
52798
32126
16523
88782
89536
37968
83746
73352
35533
10500
78273
88619
35604
5060
71158
56015
72722
69877
98204
59561
19374
61067
77056
49165
56561
46246
23758
39626
12093
64981
38629
64892
13459
55152
70026
19348
9472
53772
9052
45005
64272
87326
49977
16229
8738
37487
88596
81460
7364
86800
41022
43090
64220
34430
92255
20781
80676
16014
76759
92770
97347
15388
74014
27159
86892
60392
46507
12716
14164
55559
57721
94788
59237
7698
27369
67976
45185
15965
49436
68901
19118
6810
11992
99690
57593
4247
20471
38269
36613
97230
47391
50313
28970
37757
77472
32214
98149
23979
44930
28665
79538
2651
39806
55128
26702
67175
23104
88239
99493
88892
57141
34963
12055
85485
34653
69648
89732
55124
7917
42698
68706
71661
93011
97676
9418
86835
29890
23920
10814
91172
52585
6704
93823
8743
61832
36877
75919
1288
41469
91764
90181
98610
26727
18588
447
61380
88236
6531
32856
12505
49229
1562
84166
58592
15590
9937
45427
61832
33857
72593
53004
2794
79298
63179
11538
57482
16409
3809
58771
57878
95573
65304
72840
38652
244
73287
32
88480
79818
49240
985
29048
67154
1504
3992
82744
27793
49420
60928
61650
22013
30284
64444
17663
93463
75982
91498
9872
79791
66621
84102
91716
31925
56942
30368
48521
30229
46752
37001
10048
95992
54338
55448
79498
55842
59440
62242
83635
8860
39522
61637
47226
69806
42434
81241
79622
34768
72739
5846
30912
39360
89949
22628
87637
46891
69349
36158
77121
16101
73159
87169
28446
43850
42617
7944
16044
2057
86539
16032
27270
26061
77669
90848
12220
20103
72089
91842
71224
44829
97688
2136
541
87637
41116
88179
34529
10465
24337
11650
26567
13849
15171
55013
74051
74140
62957
90095
76197
65848
6127
19819
91910
83797
10667
4130
20252
99109
12324
7828
43938
10012
9964
44479
97650
51081
49010
48531
77898
89700
76533
4465
19901
8056
75830
93952
82196
55140
84047
74745
20988
90175
94565
29250
90324
21584
49732
26928
20693
62056
34757
80983
72069
61073
41815
86071
12154
90825
50954
6405
80525
27487
10870
426
35543
3053
10730
34091
74545
94778
8836
95533
1305
3401
41136
91629
41338
90868
34909
62031
52925
69666
59367
41346
47092
1182
27417
75598
92007
94723
82003
88885
38562
92874
5663
90457
12279
16394
24548
86824
27524
33384
98709
28829
53138
39845
36810
94476
30714
71719
72859
99991
57738
32226
41337
4830
33408
85106
80428
41768
79829
62432
30653
34743
71658
52668
25200
83937
85414
49748
87113
12938
83132
85822
41767
52622
42020
78577
63450
72734
66649
36310
89077
24387
84888
46766
45569
34649
31872
25997
76417
28053
4781
23422
62796
76439
76090
4348
76728
61505
54096
63841
90795
53580
66016
32563
6203
8036
27492
69653
97122
94141
22315
86199
34880
23556
32965
96801
58205
81189
22799
50974
25594
43932
74396
4742
36724
66838
9090
13452
44695
79538
93646
35491
33118
76014
84406
55673
84050
28250
41679
97524
38744
63994
75
89976
3902
49392
86778
62107
30581
25929
29433
72527
69861
20181
93621
6585
87020
2711
36390
48067
82249
46388
99910
31719
22402
668
87393
22804
28919
29072
36680
67663
9418
36755
57639
13321
86147
60769
91780
33080
86698
21214
5607
56560
41395
15580
79497
44767
18291
15887
9187
16892
62275
9097
48611
1029
26118
36004
40185
55037
81428
76865
39052
90847
29972
13043
20520
16119
73813
12300
49199
60511
49866
71158
33423
7614
86738
12921
68733
21381
45160
77920
38273
7436
3370
3237
24817
29488
39241
81355
877
37022
58220
39929
27869
4545
69324
48389
20664
59489
77041
86216
36353
43260
73726
69776
50874
76817
82697
19607
98198
44210
13880
52824
67998
17250
72413
92815
63090
28006
90522
63967
65028
65095
20248
92897
69640
89572
57638
90304
49062
34680
92872
1767
77940
66599
71543
45166
43416
70593
64773
57966
14803
95005
27142
82801
12255
99555
91968
75345
43914
82491
55664
8942
47586
75912
1840
17226
81837
75830
23882
47251
10510
16755
49018
4802
99706
20561
49968
43122
7506
31094
17440
38661
26099
60935
21462
54707
76842
29783
30052
20756
12274
2069
46051
76212
77981
64243
93438
59818
40073
17320
7069
50584
50427
72439
71738
50133
9353
21707
9607
16859
52801
43400
55521
95252
4335
93335
49959
97529
23118
96364
34638
35392
98433
80689
11604
76414
44932
21394
52585
85005
55067
76006
51941
5494
48446
23680
71980
57799
45387
81587
91010
14540
24987
46531
9792
45674
56219
59752
43204
79337
72468
77842
31082
70901
58531
59038
63667
19815
96785
32604
4820
51852
8611
56762
73698
73409
96794
45678
47560
58533
27266
38570
73073
68605
1454
99217
14280
57673
75321
73836
53362
47789
51678
84444
18690
26561
59835
98710
62728
56620
31314
67548
8472
39925
40662
82170
29686
37456
44201
77246
95989
71467
32169
85414
56424
33623
984
70704
7648
76305
44540
61010
24095
12570
61807
59137
55483
21642
57847
18211
78262
89162
85760
3086
45439
42774
1608
75126
80231
45809
68724
92572
33628
893
94339
90053
50868
95323
60757
58516
71628
21650
35879
12075
34220
14038
71213
89704
35680
45412
24267
30294
34574
26379
33380
80014
69154
34988
71492
65737
97150
40216
58309
30778
57462
52648
20831
8330
64323
97941
83199
35952
35943
19078
64379
70163
33116
35592
76219
85148
81005
16839
15442
31931
43218
48822
28297
12372
162
16141
78109
97312
56358
52771
44443
30172
21771
65274
38502
86095
79567
21701
38399
15510
57131
2778
2026
6599
38371
94597
91747
35728
11436
23541
84011
54655
88715
28661
83379
88878
44802
61489
2542
17512
14260
46985
47684
52383
28612
2539
38478
24531
40592
76877
56394
97724
79656
58420
20675
34379
69369
28775
86459
97158
52316
86822
51813
41032
15483
35192
46262
76638
13033
48804
94150
43645
12142
58187
96029
40754
60726
34507
81637
1318
27737
38031
15394
23745
12803
36070
74476
82173
64845
60935
79331
17161
64109
47496
74545
79593
99040
20807
56231
12074
85964
66733
72071
98106
24920
68100
55212
85646
18960
36849
86965
46697
91233
2359
86794
4036
54781
61270
86209
19626
38557
81892
36788
2666
45740
27685
98611
44781
48493
71194
73207
50809
37928
45278
48915
62848
29731
20479
64847
48691
73680
68164
11740
64913
86875
98534
68950
41657
76156
71511
61283
14713
69756
14423
33731
15496
42109
48695
76629
6954
19889
66188
57763
74169
27819
23030
53370
57550
59861
18217
6241
33541
2733
34333
14807
89608
32867
109
31265
25375
87972
8901
56440
57728
23324
90171
89577
81785
38866
82558
5091
75108
48747
62854
49277
76566
2236
2647
34116
78449
37216
56709
11991
39949
91042
43150
29558
40261
43259
77175
65636
31231
86076
22076
5312
25753
28599
11241
23890
83818
93799
28982
58926
58898
8188
24555
51816
26777
43555
2284
5226
97123
58993
33569
37073
66387
76719
82983
6648
36330
60158
88636
83914
62587
27064
89226
88340
55664
467
28582
55834
10618
57564
31112
69517
82105
55667
37685
8882
15574
39970
14108
12698
98963
47678
49771
81703
40749
49106
88351
77080
9264
93340
60994
88203
20404
66572
92895
92420
83391
21478
48254
94009
79042
79366
79878
77499
51386
17564
86381
66960
73886
16842
79658
72849
80872
45781
70904
21621
94887
75608
15053
20504
68948
92399
8707
5704
75323
1603
98125
58714
39433
62731
69076
18475
42098
65306
12327
9836
99222
98708
76796
73108
31902
72807
62310
12774
18588
33214
50748
29828
8822
82153
66684
77770
74553
91743
83475
66228
93346
97952
24943
32779
60683
10371
67607
19133
75677
79934
28969
74900
94994
5766
64360
26897
94925
26670
56023
29865
59885
6771
76045
68707
88925
42729
62830
79830
34473
62657
62410
44171
76961
87353
93303
37644
14076
60910
56778
89754
57196
2099
81006
68542
24217
45366
11791
19142
72037
67815
49008
48274
74586
25053
33333
79863
84135
12515
76045
18608
75172
38456
62779
52133
42161
72434
6130
56238
33344
79260
62344
6892
81359
59702
91787
5577
5068
3578
41071
93457
71393
6431
41731
62332
47837
91417
58547
31972
3932
50945
66932
79105
5753
46063
47590
47914
18498
70072
20504
68194
49332
99200
91439
47044
58902
83226
68973
80323
86804
10044
73780
58198
32828
31864
36882
80665
23281
95429
28989
27213
46374
12273
22670
52127
58336
86613
16394
76834
56685
53250
61381
22370
68803
52820
69414
27705
36046
38387
24380
39202
64783
98161
13752
13963
30025
50634
94628
69658
46064
39969
96871
8790
52242
35894
77270
10579
22507
10016
3765
95544
63266
65146
17914
32069
34318
87328
76127
70364
42067
507
9567
23203
15020
39671
37166
45045
90306
48147
31055
52722
88116
44279
61512
56711
80173
55134
83642
19032
65150
87407
14576
28417
68906
32491
76838
3224
36171
52965
89941
94591
69825
15860
34146
84845
55531
71312
46243
45837
35811
77298
14911
23928
21577
92776
96991
18102
47910
80633
37134
13061
68040
68063
57830
53298
16906
51020
72875
69429
20338
62816
64020
90163
95028
14518
75008
50559
85831
21251
12749
37994
14902
27660
78274
52831
20436
75265
70934
84699
55898
24420
14112
40291
92483
88294
93589
9389
39314
66464
78819
59652
45632
59191
49815
40660
73710
41176
7572
75893
78779
20321
13887
93681
64333
8514
62865
1122
83779
33799
2173
39678
58219
16285
96321
50703
4579
89910
76444
60245
72727
55263
19898
34711
30807
86065
75372
20869
43593
99296
96762
22373
35969
27001
32406
302
35515
95271
17776
35647
45422
36301
75325
3642
52586
87998
70697
73517
77908
47141
33763
66987
18757
70013
1699
49564
56078
93423
70433
99672
92719
83547
38397
28688
26900
87155
45342
78768
82427
79471
14415
44201
15772
6092
47843
84711
94090
34892
58228
88350
82034
8343
55338
17143
78356
73389
66707
34435
83164
53492
50459
92235
53391
5208
37275
96643
92363
82617
75411
91142
78440
89826
35344
10565
95918
99539
95276
90008
34432
69856
78359
32818
78200
50049
49961
56556
39790
33020
7343
22954
2864
74154
15189
56255
95714
52464
52898
4430
51433
28310
95572
46226
34488
47268
56791
30407
46808
68419
36767
97592
38275
31478
30410
32827
97879
96723
5736
37669
29743
13079
60623
32607
3586
92164
5214
99300
44628
58112
3730
12414
2774
15655
58640
37263
79275
31783
84022
42435
202
37141
40027
38477
84972
86789
71305
82851
83512
77041
20521
13255
6472
97496
62214
26410
89661
67428
42063
50641
25541
62145
63055
44667
77800
38047
98282
57076
69830
98656
15863
70032
35798
55891
8510
20770
59032
96167
3621
42545
89560
40494
72152
12384
37991
34367
38795
27652
1795
80858
78293
43688
43003
57701
88356
37156
95748
86638
10584
81931
1647
26447
51963
37445
98690
76825
74567
57723
89344
94540
268
78904
35035
72420
91289
89378
23139
46436
33382
24935
27294
28027
84975
86649
85728
89683
23805
97829
92674
50741
79760
94321
77189
48075
31766
92231
24901
22685
49954
14245
17225
66574
9502
68612
38995
17143
74342
78486
63579
7724
3421
90873
35752
4749
93874
21480
94432
34032
35661
87106
84773
31773
81427
78314
79849
29545
70546
4750
52230
36852
35347
85808
3427
61201
70772
42422
78344
45115
37260
41923
52839
40682
49148
88591
61783
43023
26424
56215
77055
62085
43322
61828
93859
41101
56495
73708
70647
43393
94810
39229
80245
46509
25037
83672
7711
12162
26094
86055
57277
63355
27979
10116
20389
77127
15060
98524
36502
41484
54739
13557
19921
14413
91738
30132
55515
48233
20192
42514
91626
15002
81743
71871
77864
23133
55544
85575
35295
97990
87982
92572
77697
32313
19040
14438
9441
50452
29314
62295
91936
84054
75853
28210
14819
67591
58342
86686
32176
94887
29200
40154
26241
10944
28377
4105
34077
273
89680
69372
98264
94015
78296
92313
26328
13688
23104
52121
64141
52418
14417
72429
52824
90270
639
83996
74213
75334
70682
6389
70221
99883
62895
96462
27179
91272
16920
77608
91546
22952
63332
6162
16967
41628
14827
43296
55316
54283
95417
35809
23054
9834
8239
75878
104
25230
76226
90669
16916
46909
13410
3489
63144
76305
16304
90323
83930
33224
84283
75476
56176
47615
97990
73144
5595
12817
16440
77263
83453
11857
13073
6507
38044
37664
98737
54500
62894
74964
45170
96163
38225
58580
99652
1369
51238
15956
8044
35168
49180
92327
10644
5357
39942
24986
94853
45537
37803
11293
39152
21256
39502
52225
44115
93898
89889
42853
48399
69136
17817
93569
65299
56042
52149
64951
73763
19739
80908
81807
54907
46440
74134
81903
68149
30428
6889
63002
92317
61045
90647
31469
82301
46502
47
26417
40400
89936
85622
88799
75424
3439
82368
40723
75833
50870
22027
49596
86961
19287
47755
41869
65727
21889
23772
33877
68669
30662
13231
77338
91707
3879
8807
90360
66733
8854
33129
7133
15143
18751
95933
6919
38542
94653
47643
30727
61875
86022
80323
48837
5309
44430
7058
87388
82671
30830
37617
51340
61492
50849
28678
69551
71080
53838
76264
37813
79044
9393
61298
10539
44497
57231
17459
83039
68237
65102
30119
46464
67476
10442
11653
72785
71225
18711
60173
53896
49542
97791
5237
27386
48640
50267
13290
36072
4105
89554
73885
83150
98947
35183
10041
43444
8767
27500
42836
93356
8954
72955
56172
76430
99749
67826
49215
70974
86537
9389
24871
52431
23532
46460
79818
88524
96727
93108
24596
17185
82662
14833
16687
97961
66368
26728
41406
91487
54229
594
84843
63183
73549
41016
55966
89650
25194
5181
60625
11731
30922
1848
64163
54454
48308
60333
59330
45035
69793
83926
78572
52455
15111
95259
66768
81480
21988
24526
72967
92569
25120
74163
55752
15021
31531
11718
4672
56725
33252
81649
84808
80526
83497
65323
51333
31805
25656
10663
93192
11801
10942
71765
80608
26053
67024
47377
23885
5364
71903
13205
97933
13376
3720
70038
28397
35251
98108
33069
8328
47712
14718
9488
28239
14567
74812
79572
46372
16820
90235
55917
28622
1177
27682
9230
43583
11058
56607
67468
32775
44863
80673
30708
58239
84393
17098
2988
35996
15207
52410
60676
62919
67128
70165
7510
98048
61329
87082
44420
78149
93670
337
23123
11199
44371
32354
54782
71782
5313
38603
4557
50176
35628
35265
24767
36374
68716
27756
72370
83923
80166
49399
63194
63646
19564
70705
61694
80893
74139
22467
75394
67809
39156
98518
79009
83528
47224
50143
55310
52537
88746
59867
19066
24375
11484
43833
60749
80200
87941
49471
80475
84459
98870
60022
48106
34786
30727
26152
32031
4866
48619
23778
89028
87776
22296
68037
87656
69520
18180
42966
38409
23279
19185
57475
47654
47021
17661
24755
43574
21954
90578
24049
6414
5801
423
54520
40587
47502
97024
88971
68721
45644
12749
57749
49772
51397
42138
37428
37269
60318
96746
75678
99949
32283
49506
47603
79304
83519
88710
39230
5473
79289
79632
11887
85090
80055
82759
42029
27558
79784
47352
96279
25428
76453
54028
75200
27850
96166
28980
81471
72836
42078
57150
89138
74361
23008
36741
70017
6527
41804
9248
12000
37445
88880
40240
22535
85287
22999
80916
12845
2783
44621
9124
44563
21074
79504
36115
65277
92022
65095
46748
81211
7173
20250
70349
97886
43258
23442
67904
66137
65246
77152
94490
2691
82384
34730
41578
67671
57729
38847
96869
76865
83468
22345
21428
20894
1850
57544
86171
10224
38991
32920
91435
62517
53170
61784
60403
12781
1579
28307
78918
83177
21811
73408
85869
20547
24490
43799
88219
82220
98998
85088
75437
98818
23785
96865
19713
25635
70761
22236
35860
26105
55156
43647
88622
24679
21784
65377
53812
23363
10037
49082
6540
31848
22491
8761
68748
63333
68913
56967
61905
84263
58407
37342
83082
82192
50560
19147
24180
21321
41383
76392
63778
12892
20039
52400
37571
58175
34130
7735
97890
44167
56817
4431
92367
95660
29544
61115
58994
98457
34434
20899
99073
92841
58242
82155
91386
8802
1302
31918
46475
42685
8310
10254
55577
44701
79006
9500
19229
29488
17235
17119
73655
74053
37902
66023
86065
67447
27138
45059
82256
61573
82311
81329
70766
40553
79836
78504
65707
81138
10422
28534
40176
35084
55140
95753
96138
50499
21606
31719
79987
38841
48838
69995
29246
86741
36018
31664
70540
79508
76723
52796
57433
59034
50478
28200
15939
30314
23056
97998
27805
49831
42885
67981
1267
98025
80086
13757
64876
1692
45476
44864
56886
94315
14859
2484
97408
67229
34148
67948
46737
27224
37096
4171
86258
87574
48723
18550
34241
88131
32900
62046
37962
75785
30027
55582
90163
26465
69339
55039
28158
14816
16255
1396
25483
31114
3880
22891
14695
38029
7191
77785
81605
60639
98308
67863
64566
63383
2765
98807
51514
35666
77205
5829
27803
23584
61411
17966
50049
30750
73006
94559
45566
89261
95955
87401
36728
99836
26644
51423
54217
33835
29208
35822
94475
27516
20037
59041
90899
39155
74200
58766
91173
51405
64595
18976
74989
26006
36943
41390
56756
9949
35950
18675
99210
31905
6076
52290
48093
49073
3714
2310
82908
49274
54484
93735
93143
74522
69128
394
30029
43328
59160
21202
11085
40107
40178
2426
66113
77121
43817
39222
3422
79767
74249
2633
28024
96677
71275
76118
45750
74989
78428
45011
40616
49265
38746
50111
40139
7875
50505
70168
67555
26018
91370
78641
66125
47900
97419
48591
25022
41236
4165
28444
37355
78414
47429
65380
75091
18705
41498
37194
10046
36278
82205
50662
85543
20951
773
42034
45178
67631
12202
29086
10001
19924
7727
76126
67825
21498
41069
92847
62735
45234
37643
90
23648
1425
81822
15092
20130
23320
52286
30176
75951
34491
97191
77846
71794
14316
19881
16973
98299
32083
62411
8300
68360
86490
779
36185
7988
41848
45384
70723
3435
99379
87166
27083
804
68988
58527
20934
8661
27165
67463
84612
61656
81006
62458
49803
11674
82339
83128
9974
30775
45539
18274
15487
32029
19053
51672
40017
77254
13408
27093
80689
12787
14259
24124
29944
83247
82652
67230
91908
9817
34693
92872
87826
32051
55331
37629
43726
54022
20757
53700
84797
66296
88326
284
14677
7380
68308
54694
986
98068
81787
81675
27208
12398
5799
57152
11998
4803
24382
20258
30973
75428
13131
18799
7479
68462
72780
67557
22484
9889
21257
23634
92537
25936
40270
7214
33316
24931
78260
34302
22999
60048
32329
50207
88798
38128
7359
796
59284
48094
21055
90257
23522
34186
25408
47353
19000
98188
14911
41484
8077
52520
81470
614
78456
21741
24180
28124
46672
2440
78778
86023
62488
11107
36231
67639
65588
59942
68435
41224
8036
89490
31481
47910
23676
56889
11616
42676
71429
42879
513
79506
95399
98335
96472
90208
36428
20652
34684
83100
23092
13463
69124
1933
40922
21707
69572
22862
81649
38007
64086
6038
43850
95567
53948
83878
68808
65564
42907
40237
8443
59772
36095
20195
58107
32567
10403
94536
53219
61439
93988
92664
91254
79464
94597
32177
1171
80521
71391
99173
34880
35478
5211
78730
47397
59159
78961
16206
41076
21868
72795
49519
81640
8891
86066
56099
41458
12821
50635
11030
74261
44624
20046
65515
40440
30995
14044
41612
11516
85436
40785
62748
20914
62348
57831
84663
21507
36792
17221
62583
58660
90017
28455
56652
98908
14521
12751
56718
27343
79739
84100
1604
40715
4146
83471
81155
51493
97516
22767
63009
82952
79904
42110
20218
58604
99941
4881
80112
36733
22103
59047
11745
12120
3854
68397
27380
18376
97500
450
62071
77239
84551
80027
17954
5049
63498
99110
56543
61014
38229
35904
43966
34486
78014
80536
93090
77955
85418
89554
31040
7521
64954
42785
35993
68808
27534
79725
87184
25035
80175
65607
2274
81078
45634
36581
86128
9133
35691
59023
70147
90272
11279
30466
24758
5646
11002
34201
99953
12772
23755
30994
36645
88709
90131
88990
73870
17666
68715
77406
42701
48891
43014
61327
46321
88648
97908
32449
14133
49951
7824
633
56576
35456
31099
97686
41102
58453
31887
57407
87578
71995
88401
24223
77056
78533
13214
50926
12551
98281
44685
55252
63524
87699
32931
9846
92699
47192
58647
6833
13495
66472
7466
70071
18280
54917
84110
59382
29722
32349
16789
17300
4344
21543
57876
97753
16428
87442
65031
28979
85723
9716
583
49248
13767
33514
75446
6467
80706
34093
13300
10554
565
37118
80625
35197
92035
64735
10931
38109
13437
27721
55410
34133
65616
29638
31886
82044
33432
13270
27375
35507
22986
27958
84755
36754
77824
76553
59573
74883
10647
72873
85437
27564
26343
82414
62762
18378
63502
73693
56487
76939
17766
28249
11072
83382
74239
59311
81778
7671
72581
25505
43179
11919
53463
44286
65025
47640
20840
24598
22523
31487
13823
7960
59051
40166
6726
21813
74896
70228
95507
47736
47167
29625
92337
74592
13008
66577
33903
11138
74248
6484
36644
33779
18403
6459
78066
99781
54099
15258
24379
92974
46745
54555
17286
22148
94721
24013
43962
85970
94241
55821
33706
57761
85446
26043
48705
14806
8972
82608
25945
99573
5444
78941
33352
40199
85400
27770
39980
55852
43028
64360
48826
89773
18915
66113
28274
29988
6478
88588
15958
17071
44409
66016
91184
46207
8412
39889
77366
17384
22497
19663
16957
44293
98604
50310
84493
356
78080
24473
72560
21109
5185
37739
27234
40452
20204
55508
86793
26682
44096
2751
43753
4857
85120
51290
67417
93532
91179
44783
10916
30029
80798
27874
74322
95754
94536
75167
96110
88968
15993
85023
26429
21178
22762
53664
77983
42966
25524
64776
86000
85973
83879
46105
7182
68999
97395
74599
78883
88575
35734
89800
18604
16532
34026
9278
12286
28562
84446
24749
33882
439
9772
60312
37969
48886
13976
32304
91852
55852
97080
77852
41825
97312
23957
49008
82663
37705
39959
61547
26280
92046
67699
61236
8578
1725
86866
37217
46639
87664
61966
80521
4455
88090
40833
42425
36976
71161
91081
45180
43366
4514
39384
85191
1826
79693
50551
841
17398
6863
62388
60030
98909
30087
37618
23839
48164
24485
61056
94803
12149
39374
91677
16605
43816
48862
75382
97144
20024
82815
42324
63390
87329
98060
64933
89155
77754
31837
6349
11504
55052
68737
71535
53961
15177
9153
94152
63341
33638
71561
74497
62140
10935
66174
95097
71104
15036
86831
68248
51412
69646
26925
31154
73328
24985
12440
78835
2739
60629
85184
14244
15681
53922
2131
85994
69099
11284
80146
48792
61275
51707
23289
23415
78995
89463
34864
50099
20852
38047
34699
88616
7693
61624
19771
97373
86610
48563
76209
5701
9192
61393
36297
24873
15315
38428
10867
766
49713
7365
49559
10988
59073
89200
50755
54420
95016
1971
4519
15868
40018
39218
20836
64063
17195
56959
61437
3805
5522
37646
25858
31066
99039
62156
55939
30707
584
83158
31473
50297
6876
97384
77637
82301
86585
44744
36721
81601
46715
41240
13821
3085
96810
51009
67149
30357
7969
28586
50514
13491
82584
76373
60910
81623
38529
16849
12330
55465
16360
60156
22115
39588
73892
99752
21889
60477
60849
58610
58430
23916
16202
88603
27002
29364
39613
94151
59722
47582
39089
10236
77425
21673
86609
38335
19648
41490
71537
48331
96956
4249
8487
19071
43837
98731
35175
82078
75561
96024
40688
33991
36293
73242
38947
63295
2606
94912
73798
62328
42494
12887
88917
36271
50912
91878
90959
70560
33369
78848
35243
46677
99449
43730
65748
59638
58814
17275
41716
34375
29652
98756
68366
65945
71998
23665
45592
74604
18577
19390
53285
77423
48629
42202
30047
15893
50432
21006
86453
83801
16206
21697
46830
32007
81779
28930
91645
40593
46206
49713
74968
75858
64821
59687
58155
36819
99704
3747
27775
18282
23137
81060
12057
88118
39614
42104
4011
6399
79462
90464
90200
95668
28513
53383
44027
26645
82313
52024
83590
28519
1737
74911
20729
66558
50950
78884
19729
67006
82631
47505
85288
22120
44917
97346
10238
884
55802
14249
7283
35265
21066
13835
47285
65931
67218
91313
8928
49532
43337
92519
94403
61427
83782
15133
44337
51084
10369
80419
18090
9353
44276
19731
31473
89193
33429
41712
6429
89231
72313
13712
24496
93379
43900
88134
75663
27470
79447
84591
77002
39136
93462
87758
16915
93596
19243
77605
44680
29612
58024
62771
38965
2300
82502
70439
7845
15931
28503
14275
21514
816
44339
62363
10548
4591
50497
86211
32062
46296
87154
25416
85432
80617
13174
18700
74213
32417
96305
35246
62030
70681
14369
995
89333
13223
87786
13530
45506
32641
27805
67020
33458
88497
29383
60358
93088
79880
62921
25150
26176
50075
50567
27961
47044
80093
46661
37610
12511
59318
72856
90893
46351
87225
8240
35684
448
96027
49214
45954
28668
93372
12974
78478
98221
58710
55188
91309
38590
18109
32812
64767
84537
99731
9080
31581
96176
55741
69191
8687
31411
58399
15932
77762
45624
24173
13446
62424
36552
79012
24730
81572
72384
37705
76403
70605
12767
31591
78267
51357
66053
27431
32476
50590
43514
41556
98523
39690
13649
84067
64730
45060
42466
97014
39174
4443
21187
52620
83219
57739
31633
7950
55664
20369
62007
32067
7327
74774
80010
1946
26131
46063
29377
74960
13005
89243
32868
11529
45285
46518
11948
26367
7930
54414
23382
47105
75209
44569
16077
58429
18661
64062
66379
90677
84432
28386
22744
8111
19512
2754
10057
45643
65170
55786
36955
94527
61381
69824
22408
6666
32694
34356
33034
56976
5123
72768
4081
80332
17337
36511
55113
52350
573
21492
43027
1357
66230
82123
25820
85742
1230
35877
47738
82752
8015
84693
77279
69396
70869
99688
92415
19915
34044
41801
76892
39167
14569
97325
35852
48258
33836
90965
16961
50762
28810
59988
52119
11392
58464
94292
13487
59694
30169
61225
42446
54537
62270
36077
23933
49492
35765
32700
69407
69810
74501
46299
25329
89070
59977
61181
37329
93813
68499
54290
60927
13661
30630
29399
25053
5446
23691
38540
81492
53860
16117
23938
24749
94740
60016
48683
60584
12133
81383
29991
81943
72237
92643
23625
61307
52620
1158
14988
62785
69657
85630
23713
83318
16261
53112
24724
21707
76803
79616
3200
47015
12086
43490
71765
23178
19858
36800
83762
48344
34535
30105
30287
6772
39100
70264
84432
91720
71423
99420
70858
41080
1403
10923
40751
17664
64035
81827
55723
57190
61443
75275
20557
73529
35118
92322
13059
71328
45474
96821
19672
96362
26927
66312
19486
66027
36576
3918
74100
7999
19691
61310
65432
21094
72233
6183
55110
36268
88010
27185
9810
65805
2461
30367
55687
53931
39042
68746
41611
84516
81920
61284
97230
8847
43948
16717
91226
80524
36987
81678
4876
73030
42988
86660
94124
31573
9195
65586
84193
97205
92772
94003
79362
11585
24371
35049
81868
79765
20148
23479
80633
2068
1115
77864
27267
45063
94581
18493
41940
47920
16524
63168
20951
75864
49828
31427
7438
59023
97014
91631
72580
6138
85635
51942
34075
26358
3344
15943
6123
23492
55774
86756
25560
56890
80972
69179
18305
75553
87672
60245
39826
20548
23413
60777
96413
89593
8556
20203
48616
21922
11834
37548
28060
13821
89491
62135
56531
9187
94430
62654
49031
50205
65763
90943
7095
46735
60122
25400
38641
64146
1998
94819
84695
41763
55596
97460
31357
80504
17663
96325
2427
45849
33874
30487
76023
39717
8975
32554
65256
19757
11561
14287
69962
93676
5230
93409
56763
65352
35162
95404
29498
53512
90223
30545
95275
62171
44357
42984
59028
78372
55662
61455
24222
89536
8294
16597
45605
17269
65503
10861
53379
77064
25148
23341
87092
46730
33103
43856
12082
84617
55612
57932
38129
62188
4830
49756
24359
49187
9093
83387
27560
64755
61194
68134
70643
69489
1083
16248
3110
66586
27109
56489
43651
68609
96183
30743
15339
29286
74599
43773
30255
30212
18057
84736
8752
22887
34492
33111
88427
59937
32851
15987
24692
94045
473
95335
79886
1556
11583
82997
68142
55044
39486
28145
40005
35669
75241
55344
64955
66192
15469
11562
12756
33527
96298
21508
56414
47143
70972
61193
7080
3823
77180
31773
14220
94005
27108
94107
11913
55044
77104
96408
26440
32942
24553
66446
68612
99794
21790
49919
65987
53612
61482
95095
87139
57780
16604
59905
4923
87576
21099
12004
7751
14631
60129
21971
8637
87237
32430
36902
58633
25886
33310
85074
58829
57864
67872
27441
74010
6014
77360
56349
59626
38842
51445
46765
12975
84401
6671
17898
71977
44122
46254
79728
58753
6383
18051
83742
9973
50482
20645
84958
76368
53955
86384
35197
28171
54256
78990
18534
60271
72703
91235
19897
11545
59032
66663
40872
43433
89686
75123
15410
33808
21377
11490
92561
44113
29542
76304
70438
96376
13301
55396
72744
83608
41781
24294
11780
96037
19636
46666
56308
92339
37901
92558
20237
13286
59221
61109
56719
65259
52584
88482
99067
73962
99972
7980
34427
45866
636
4865
42242
13937
76613
31339
13898
18394
71985
42030
30784
91621
88696
87092
313
42949
96002
20550
56235
55223
98011
29307
36834
50596
17789
52253
40910
34113
76586
75337
79980
77222
96554
38574
7512
73167
69913
21410
91562
58250
63440
22346
66224
68488
25790
66537
27789
21793
87087
84025
93368
85098
29684
46555
35694
47473
98808
76604
97938
75394
68293
94270
68969
64847
32845
76481
38015
19110
14243
45929
93713
94035
84627
59937
78875
10417
26474
6664
48562
29913
90689
58283
15011
36725
4838
67058
84198
3646
60014
98489
79041
44660
92759
64362
25859
41956
40843
80226
61067
71438
26155
54780
65473
10782
31069
44348
37552
57543
67364
86114
87456
74406
44397
18819
11131
65587
2229
11682
69234
78596
10171
64627
23256
2930
28989
65467
61239
86184
45694
38658
57622
71849
93438
39447
98984
40859
147
36536
98402
67511
39002
2210
41917
99752
21029
53049
65339
39611
64731
50925
18207
91254
15552
57815
94184
60893
23282
71775
47077
68976
10433
21051
57178
20223
60498
56162
61082
60645
9050
59484
44509
64404
61694
86426
80508
99076
55827
62200
38687
36910
13125
73246
28164
28678
47413
38701
5923
70695
10476
53001
56024
20910
74052
29554
41133
50903
2068
2216
27900
27470
61700
72409
91874
39747
75188
72383
38823
31015
50935
93862
67926
64060
83460
96090
9090
30873
34791
15014
17920
61620
68015
73944
82530
58419
19850
23663
9322
21918
25879
37223
49388
3932
9632
57615
60031
1172
46350
98854
32188
97285
9068
16466
61345
92528
28908
70436
23401
80052
1802
41321
41672
86169
31618
24202
44588
51468
47865
70263
89739
90097
7486
39127
10381
33470
13094
70412
34643
59444
85618
83183
56729
94686
99649
34427
3566
28557
21215
26967
24961
23017
84640
66633
9186
32610
90835
70126
431
55053
40389
90170
45150
64227
45649
55531
97698
58744
42295
48693
18188
27913
31876
91270
38951
47877
25697
42517
92786
46912
85836
17748
86281
70476
84381
95467
19439
91569
65593
19870
46622
22335
10040
8124
86562
72041
80007
84260
30785
22302
49305
65326
50215
97533
72948
89166
45410
98645
31683
54549
61909
17519
72297
64542
4347
73030
76361
23786
64599
41954
60008
11221
80641
86400
19345
67204
58442
99352
51464
89227
38006
17122
70905
88221
14655
43853
77387
76418
58850
25422
30967
37111
59293
3264
1653
79993
92646
78014
20131
57246
36321
80140
84819
16962
66540
4165
84166
41334
19869
51983
30562
57876
85457
17819
62449
112
61673
56189
76530
36875
81611
7497
73987
57257
27113
91992
37250
19760
86359
73733
93358
22680
53873
78177
55994
36766
98694
56513
78100
18564
24848
25014
92792
10305
42834
55241
10417
20859
11430
3300
74086
9394
27149
48073
83003
54263
56418
36605
90375
42777
10338
83733
81809
80564
78262
54155
17330
76957
10668
11782
95521
35516
36797
4665
62173
95983
59906
88943
33194
87689
92243
7280
13435
19392
71706
96438
90007
28124
33043
96734
87253
43381
96819
69062
40297
75082
23217
57627
52039
50238
85762
63912
85754
38911
68577
64280
51246
44835
53223
84440
48876
45466
8072
62311
81210
79778
75101
87570
24254
8144
84304
11507
67878
81124
80569
24527
56206
20139
98507
24597
70377
84269
88509
72483
23180
57086
36763
74426
18273
6338
75218
67150
51804
83290
45813
49367
79421
20915
36937
3675
45411
21241
15183
29641
18717
12104
54169
91275
48595
52676
15872
18972
36945
4381
7808
76477
77819
60923
67255
96093
67262
58825
79595
35418
42115
25408
84785
21536
46323
38074
41564
8087
59316
56747
37728
94385
85203
8249
85661
33799
60925
1533
69123
14222
22267
76931
7051
16438
54207
74306
28883
37821
33131
8478
73239
91599
33887
74377
29487
96562
12451
71051
4649
88119
44150
58730
82505
45706
66979
68166
79505
44257
86051
48628
58479
24670
41912
65531
41109
12471
56189
69992
50292
5673
94823
23531
13624
45062
14260
43111
41624
26712
30515
62626
14831
91017
37708
97336
36723
4687
81854
32580
48944
84258
97561
23776
25280
39473
5659
82741
68296
61848
52734
18588
83873
63909
58471
97497
8971
72732
56961
66947
99444
3828
45925
30627
94845
83633
44316
47921
4673
42522
80501
69969
26780
78062
93745
68413
33887
99404
51154
2183
77605
20240
37123
61478
84149
95595
58976
9472
84679
15937
76420
475
36117
22345
47454
30962
22331
91770
95235
27004
34293
92089
96973
77425
70151
90719
45838
20391
6475
13345
38926
84080
33585
92402
45559
17735
4349
4535
43559
89028
36824
19979
5855
72941
58677
53309
20255
81008
45080
15491
8012
95725
7580
4985
89502
94083
12056
35341
30826
18532
65038
86105
2612
98623
78507
64523
32710
82856
69058
76270
71884
22234
12601
94091
11527
71278
47400
31783
52286
8832
63626
76650
4557
87558
81636
94060
97993
10044
45753
28820
44928
10791
14925
63893
25766
9784
28416
58477
92640
97475
51099
80876
36061
63700
74967
47589
34979
22367
95724
3617
31200
59350
80268
52109
63260
78256
46169
61253
4652
8274
6425
49581
35417
37702
13474
61184
47486
41890
36013
40126
55717
87112
37354
91779
67164
12321
55720
18495
51041
51444
22113
98593
27146
18733
50702
6758
96989
13224
68011
1641
21498
74437
67574
56916
12139
81048
34452
75978
39291
70465
16104
95008
73929
53459
3139
57445
82132
75211
75941
33173
43007
14406
31766
86505
49491
98821
93263
62832
12045
77627
64473
49895
52064
48400
23163
80555
29448
57615
72885
85091
44432
88990
96452
34713
58801
99591
92159
40933
91155
84452
90459
34162
15210
38577
37020
64701
37398
30283
27533
65795
7910
8358
15691
76326
56758
55206
73234
2559
29174
46119
87650
89958
51461
84102
24672
10262
46
33183
67548
7553
33987
74359
41715
49197
12936
78735
30250
66687
25371
74135
32482
49633
82493
64525
25960
55604
19732
15546
74515
65258
61665
78517
55216
29479
62620
79888
56093
79018
29423
23641
86571
63410
14352
44638
28959
27289
39726
75561
10328
81449
49696
42810
31082
48542
7336
57042
20498
43420
72588
95013
8678
50606
73530
63894
80085
52502
60135
36178
47872
5910
76172
34443
85673
6876
95434
30984
50517
51512
6546
60845
32961
72594
3656
64043
21136
27344
21086
41634
87116
10026
36647
95794
76984
26530
76040
73421
79032
52527
25952
26905
58438
2124
77700
44111
25352
89486
75095
75870
40998
97993
36715
73959
70588
40371
38003
91724
84067
75441
49711
71183
1819
2710
66977
95156
29240
59370
68577
24625
11897
94529
67882
70335
13005
61934
30798
38358
51421
5894
14228
92419
3887
50943
82731
74475
7667
20734
82552
91734
12527
32263
79270
14346
51325
62599
9502
96918
21969
94432
21543
33867
88961
5777
20554
18319
67711
51353
56677
19132
57247
87257
27904
77486
54552
10635
68314
62219
47721
50866
70306
60248
99481
65928
90946
50806
28527
16801
64076
50497
11233
85619
716
16546
91396
21270
34865
59108
88975
7894
94592
46222
11503
38848
40061
66056
49483
8375
44627
97204
75593
31285
73804
75074
97213
81103
42232
42093
97904
6309
92590
25489
8280
9658
58387
16029
47280
9605
91489
36256
33851
86081
98830
45355
24930
38891
11411
90765
63618
72390
4322
39211
3676
78126
30637
17241
75581
89222
59334
73485
11883
68276
15326
36515
77934
90066
52544
25215
99671
44033
77823
33522
46467
76653
95229
87749
31897
22992
78514
11867
95383
99188
67431
99059
93667
98068
32652
69248
3642
91987
59086
31877
60263
90764
68393
38198
80830
20937
79765
96853
64971
73940
46728
27790
66945
41957
15539
15194
64950
10405
27062
60333
25946
94493
75744
19613
8913
8396
88861
28908
16735
64299
60785
76999
55064
29178
31549
35894
50116
27666
32748
31439
1606
79476
75581
84903
37785
7472
98
2735
34229
27160
79420
60175
38005
71516
79788
63270
96265
85002
92178
13000
49301
69316
89999
4365
98494
37900
40260
64962
65566
89360
12753
83524
85188
88334
68428
22973
12158
68526
25709
46388
12038
21481
6563
66395
92998
86352
29665
89263
87706
21844
2263
37007
91160
8615
41373
6006
62867
97985
70969
28434
3697
74
28310
88885
88409
13090
28210
567
97968
70271
63307
26358
91753
69871
92753
84751
72575
22419
90366
60281
60615
8981
13640
68127
17596
71365
90485
80464
85702
77806
25250
89399
77881
69912
94636
82642
83003
22847
99561
97323
93118
62869
23682
1223
32740
16435
2326
21667
55206
92692
98300
15821
1674
11940
300
35622
83306
90786
16086
69008
68592
57688
74760
46473
27601
69396
29115
26956
8595
45029
24279
18066
7898
47961
19289
56990
80749
21616
78657
35955
14308
76957
68129
32334
88897
68429
67957
88555
75567
84043
73916
44160
58084
48676
6985
2037
18072
52453
45345
43020
97482
69624
61086
5380
33938
80375
62370
31039
1991
57379
66994
32652
34336
35123
64986
39585
19905
32943
44493
95472
33339
18409
55984
91423
67085
62970
9812
1509
31775
55157
44529
29257
41133
5615
50989
91423
85991
29711
22462
4334
87090
5809
36986
37778
40932
1973
77363
77189
51268
38208
72662
84607
56617
44998
92382
23702
7968
18546
25212
39743
73703
69741
85352
31189
75357
36341
22612
77700
66052
45075
82034
69494
50884
35373
7272
8168
53698
988
1710
4966
39196
90724
5926
95814
35722
14660
35868
60043
33207
61080
16138
23262
47174
1491
54451
38883
54184
77064
16583
20237
38491
14969
6083
5727
66694
13356
30247
20392
14344
31957
41711
69892
39033
47637
65706
74756
62297
17927
51151
11856
79007
67289
35119
42533
68780
5922
81416
22965
99338
14351
59554
37829
45673
65637
59908
12367
95345
6508
32760
26041
54817
74471
95934
93851
38460
77992
84959
17109
95919
36110
28966
91279
3399
80437
33812
88532
86359
15229
27849
2050
45932
3755
56231
91605
69392
16140
3973
81090
39000
36733
7131
93817
27556
3065
87668
82368
81058
88979
99477
76977
25089
44795
68256
44841
41584
18421
49725
27944
33650
93926
46346
95934
97681
2577
87540
83425
18717
91513
64515
57717
44598
71647
67887
88506
74712
71907
70874
72122
60887
70351
65452
2328
31499
33708
63521
73083
68481
13246
17379
18483
7172
63725
14418
21205
66303
1958
4631
1372
9823
69146
75442
54421
57145
43329
59279
31858
15236
30153
3980
76123
16856
69432
94804
48355
19493
58325
21439
4326
71572
38818
22810
95096
2544
37228
16302
85199
55538
37285
86571
65361
22783
62013
36134
79929
21694
95413
11787
36931
41918
32119
29406
58774
17904
24210
7130
53749
82536
44921
58075
70460
91
97237
81908
2635
34465
14562
4186
90003
51847
90758
71716
74631
69123
7850
70912
90818
19615
99051
44101
61533
31170
73507
20308
65426
14070
43790
35527
12958
88711
9955
83418
88802
7192
65326
7790
41658
96241
11976
48013
48088
19086
19730
39071
4562
43932
9983
95380
63548
9034
55833
41433
56557
45692
61741
38335
59762
21883
73863
72720
10594
170
72490
15749
7362
54169
39891
65372
50410
68219
13386
14850
87306
49468
53922
8220
9752
80257
3600
89652
5644
75785
31086
78553
21477
9179
16888
97592
31063
7103
70312
58009
7273
42803
90110
14636
13324
30001
96360
63734
98221
9746
78584
1879
75566
48858
10099
85319
29116
30051
74971
34760
5836
22409
13313
43665
31589
46553
41257
62652
53657
11570
20661
77282
70725
27124
8270
401
57125
4631
64135
71698
30729
42719
89929
22648
91578
28
24319
37046
46431
15642
71806
68619
38052
1471
12285
69641
64376
53542
48645
34385
81464
85658
11668
68541
12782
36290
68942
69908
40921
33077
57958
88003
92149
47888
10651
79
64268
51322
37125
10700
66964
25283
95671
5016
26754
7956
74657
7482
77851
39654
41868
59315
25313
69888
44209
38095
6178
29503
24355
63452
62581
82314
51455
71082
46554
78458
71161
10822
29780
8286
37874
96744
33569
33546
18113
76675
57854
9122
509
35705
48777
42377
11373
74090
12265
55582
28537
34796
85085
52893
98248
64018
51559
66055
35100
98113
60865
22613
25287
6997
47251
63162
20093
80820
13060
38206
73847
70914
47329
74357
6620
96106
33086
17993
86548
61704
89927
15085
96500
75012
84330
11100
55383
52241
77155
6835
50354
54372
29449
91994
61369
93052
55156
81462
90225
84568
19669
64072
55482
83350
54781
78454
79456
4220
96447
82356
65924
2726
13793
78776
77739
14476
89876
49474
66717
83383
56309
17072
37755
2110
25418
99124
95163
80574
80586
85388
81494
255
65812
36976
83605
36946
15431
79413
41166
28230
78121
7090
30957
91915
85866
25048
6391
92094
74522
73108
75477
47183
6532
13232
65646
48302
12356
60809
45228
92942
62549
26722
9550
44713
63699
9507
81659
95482
5273
39177
23712
83394
46267
54669
91661
48485
79717
14404
40579
70591
3865
16056
17775
10397
45640
83421
75052
57996
60582
20280
67291
39483
47003
76841
548
10702
2700
82208
22536
7973
21385
46248
7720
84005
17270
99381
48842
96987
13786
5774
83931
17651
38182
18058
44400
83823
1479
19452
58171
78413
39733
25462
34248
86736
18655
34796
13790
37708
33356
36326
45681
71094
82574
53401
71451
99844
69135
20293
13184
82921
42419
13467
572
80602
31525
44972
80777
33004
80777
38948
27769
20510
80763
62017
23598
15770
13165
37388
53478
46522
90066
15512
17616
72640
85265
89067
88837
54400
25712
18373
37321
68132
31840
54245
65086
63365
15570
62215
12721
96347
17515
56842
33209
98278
35211
56807
30401
48376
94195
83879
94898
84261
15743
28866
73253
1009
17933
78442
55409
59998
13167
92731
28130
45007
63328
9568
24724
78898
71783
53797
75245
89298
10639
8454
3929
45850
81613
34330
10579
75808
34561
5477
76421
66657
50696
66027
67666
84981
44469
23075
44979
57637
32158
89461
18996
95487
99029
43721
74385
87164
97518
65983
76463
24510
90789
96744
70360
72403
47426
97291
64563
98339
2769
57337
64996
69817
23364
32662
54798
84185
72090
99778
58174
4248
89239
77171
16087
4621
37244
6825
91785
51114
72808
84600
91976
79949
81344
78689
52352
28770
75980
33268
27110
95101
90605
92106
64918
30321
41121
19717
14506
13211
19495
72681
33811
25086
66204
49899
29707
19800
56724
21493
87266
45884
6093
79243
42185
3790
57932
10890
32560
33912
44158
76022
29014
51115
84481
93932
81436
25602
30001
95942
55165
49496
84975
88976
74583
67531
38875
20642
3683
11951
42135
90950
74187
64581
70193
16373
68371
44477
27263
17283
94741
87773
93306
23755
38888
94139
34040
20324
36093
64041
16266
91258
29890
17594
96586
20825
1477
51814
41467
5161
63765
99955
96111
54305
64536
82656
70678
49259
27133
14293
66542
38226
2066
59848
61982
40954
70339
12374
61278
6432
92767
93896
14042
39009
27842
10629
59834
29320
78795
17654
34481
42560
33961
46944
13217
98497
29600
83895
47756
73085
98188
30650
11311
16606
6851
89645
57560
77190
2019
35190
99975
11139
29087
14017
50148
73281
40998
26335
2601
19793
43989
53434
78706
77950
378
91923
92799
46330
92171
56907
19415
90359
87557
47079
23318
94408
36724
80878
87951
55096
32421
87926
66235
77860
1943
32735
51141
59294
59070
70095
79087
3059
23529
57793
97361
23908
66069
90160
86590
58240
63419
6006
64951
50977
53085
88269
61737
6161
85500
49688
61257
17921
37614
43844
95781
55910
76580
63274
15204
52002
33369
10643
55062
73251
84789
68775
13511
50858
75288
101
25450
38707
6107
90401
6036
75544
78671
84126
81706
80523
50166
59315
98444
4133
3160
10577
60043
96092
73851
91599
48094
23573
18594
19508
96824
19735
4636
10335
70593
79924
10436
96043
34983
32896
2797
57372
8440
97820
57850
6498
78343
8016
82166
76787
12149
1678
3716
88544
97770
93919
96495
62216
33844
15090
98077
30668
34825
2713
57355
21771
98989
67792
34166
50324
17040
36963
7696
41832
51135
65546
64683
29478
73563
46849
22617
2064
48527
26333
90609
62649
36605
87104
24865
70449
18546
39294
1118
69724
58359
58473
7847
57348
42617
58365
7673
76009
11681
31721
17842
62816
97268
82525
92295
87183
29374
14912
5599
77901
41246
96208
56902
94203
99665
81767
64652
34563
37414
65770
20639
95773
40596
28486
53122
99565
86852
77147
75575
98533
8868
93417
61349
22488
92294
69996
26023
21668
84909
31623
15921
42507
44183
72823
36710
60200
70942
1362
94764
8356
83485
15403
4130
24081
60242
73604
39998
47094
50751
15573
61979
75971
25342
39680
98460
17636
9677
40835
55656
94586
72458
71577
53445
16642
60752
90155
93194
31695
7869
87958
56403
91354
19714
76885
31787
79956
50489
71786
43402
1240
3711
5381
93564
45406
61413
8376
63042
71090
49211
35051
82028
21670
22980
35473
54664
83733
41980
47858
31780
49850
52169
88183
57556
71883
81421
89344
68191
31910
77482
11593
49503
81193
33326
43067
26599
94739
51443
5994
82182
654
41045
80562
38676
64025
16036
9692
64110
74368
73903
95890
40570
26072
426
98127
14307
81847
87471
98850
30109
81305
10443
79612
78850
60121
22679
21802
71212
90474
27796
69746
91129
85193
50309
46157
49218
82697
55850
29681
57065
46105
25571
97636
72177
42349
12115
2836
40548
15938
1686
70658
97243
28481
50270
76093
4954
89302
97895
76166
79776
42043
62265
87257
27236
12574
49767
92807
11623
21969
38840
68688
68074
80763
82676
56603
23113
11143
59439
63661
27081
77477
50671
24324
5958
17294
16770
10912
6596
31017
3430
2724
73061
65695
6334
16649
94621
56101
25808
6244
78070
81000
91285
62496
61764
90313
19099
84877
1457
94890
64890
28538
72367
31914
69215
78325
49208
85985
5589
55804
17002
25371
74880
6415
91067
81214
39417
2040
53667
81577
8285
48089
62578
99570
10585
24342
89883
29684
25571
91340
24574
90461
19879
13293
22375
89094
7970
71583
91431
13559
43739
24785
55283
18620
31201
46350
16186
86970
48390
69854
68547
73027
17943
31125
72597
28529
71819
78833
74565
97390
70173
15492
4204
6404
28785
26579
11850
36756
14515
19633
66667
74606
44419
21950
9578
75620
84652
25765
62590
49395
95619
47489
22422
13562
78615
11372
58443
50434
90205
33009
64177
76730
64853
68381
99487
93638
11312
27689
46746
25827
47323
29766
16786
91742
68068
26364
83714
52721
52129
46304
18468
64100
93793
57242
94015
88760
68614
52458
55547
75171
1819
19724
68254
66672
88105
67741
76663
15769
11782
39761
41597
59105
69527
74735
50847
37596
1099
34561
6669
69581
97217
25137
33681
7363
82379
27696
12475
67346
96507
68022
42517
14678
4098
27123
81351
8555
94864
74366
24325
6647
30479
82274
82104
7
57009
49304
53955
74460
217
60624
44041
97435
2113
94075
21150
84492
21771
33625
68190
34630
1648
10708
49309
22098
37831
47012
30654
49048
21378
71331
72047
51857
53605
54151
68216
26966
19807
22171
1426
20025
99147
61820
17460
1260
55895
38610
2105
94018
88587
70295
28649
6587
97355
77958
28686
51539
24970
75692
587
62700
47023
88986
30909
16980
59489
99126
43946
79297
37649
61724
99322
53149
39896
33134
70761
95791
88096
72866
6162
76683
59514
34811
83271
73221
29121
28309
24760
70443
4001
41699
33143
67376
30685
64052
84356
6527
79530
44654
85824
17180
22730
1498
70329
62627
50984
41090
74770
39080
30309
80932
32115
6175
32095
31738
79396
61216
60047
20509
31659
80400
62208
81154
47776
9246
45207
32132
15773
24737
93138
17949
58269
15869
35799
44950
78496
86783
2393
69618
42215
49054
50551
90682
55229
98998
38773
50977
60215
98820
71486
8226
95573
50047
89381
43349
59293
50940
91834
91418
92029
84972
25719
50299
841
61518
95249
95689
64653
13994
65308
23220
63048
32211
30254
34629
31209
69027
85607
7776
84200
73445
32355
79773
23492
21736
23122
82785
89028
14956
90555
81057
16281
16274
31356
17122
94144
42958
12812
58797
73304
94472
98369
36353
26683
28624
87334
74244
14003
72941
98373
98203
46387
30728
77976
86231
68816
17451
69017
57844
32407
75924
55253
65040
92199
86610
82163
86343
45920
11327
61493
35576
5799
76214
71929
48834
21190
59264
23078
35194
48557
37803
33397
11296
68531
11374
97528
53699
45177
82897
11543
93936
58821
83149
58977
51020
69759
41140
53716
32031
52467
15209
67607
74618
7775
55889
23452
28966
31505
62882
64160
80062
686
97557
7711
85569
25283
5239
39269
70460
88136
67164
64397
46957
50313
23374
14330
36424
80866
68046
84807
49685
99607
68767
24303
7382
24656
64107
36348
72513
26989
508
68927
44027
14418
76638
29597
56053
98229
85218
42866
86365
52382
7263
49675
19048
46989
64005
55472
27855
32051
40280
93892
31658
25399
18195
55392
50055
82302
91741
38920
25643
8601
7847
69671
39371
838
15620
95425
99067
838
54643
85433
53220
61906
35108
88620
25247
15465
44093
69454
63868
725
63346
95526
26124
97893
67270
92531
80195
59011
31451
5838
83965
55650
91861
23336
56488
7481
35113
55556
8319
89756
57341
77892
68014
8801
66512
9613
24266
26957
95419
88134
27682
58765
12
70158
56658
67282
62689
53205
42646
10492
75396
42963
82495
67257
66299
38983
91091
17765
10891
99410
23873
68232
93654
8240
77033
60167
34205
17651
87124
29625
5785
31159
88390
22149
1317
61401
89432
80359
30958
48430
90851
6354
91393
73346
89964
74044
28682
97407
8161
39573
96817
48387
7806
6824
56627
1191
66991
90832
18843
70467
20457
40980
1626
25200
63130
2944
86601
68914
83303
33911
33696
90506
56618
25089
80205
46582
15485
8887
43989
23647
48460
57158
72034
72618
63982
45013
90162
47325
35845
25357
17793
72655
66337
35771
97855
45819
38715
808
31085
38370
34719
64781
45229
7689
6222
25434
54271
21708
34321
14612
61707
99133
88123
33741
88104
68457
78754
78266
32135
30951
19975
66280
19958
86312
2051
17813
48484
40767
34973
79569
95489
86045
60703
40718
93734
83277
66152
64358
21337
16825
95322
83044
32311
99797
33137
36767
68255
28243
31385
16742
75547
51360
83022
95505
54024
85073
29671
2508
42192
64644
98430
54034
67041
75485
94752
77128
58762
77257
41486
96452
94082
53160
79496
42745
52958
28986
79512
37565
57229
10897
54307
49128
62257
53681
44634
16282
38754
74305
18790
97299
55301
33572
51333
38695
9057
62437
15823
84172
39694
57309
80624
33777
10469
76472
76522
79779
5458
56035
17344
79040
83284
71651
28168
45542
41684
72802
61824
96791
63459
96966
94090
35113
46891
61775
73808
55948
24212
89631
56472
63907
46940
37096
14036
73761
29921
90558
53541
35379
62945
87237
14419
46230
75241
58940
8124
16925
48094
69948
13716
11554
83266
24158
46667
30157
85933
20475
2458
26498
26458
58930
90405
89750
12379
20793
63511
42300
27703
33404
77679
90649
20642
8451
53231
12235
83743
61355
29160
31837
47655
59229
59743
47273
83387
6410
77431
85673
43237
96241
12171
69695
55171
18928
59445
67550
56073
39309
26202
83776
89065
20234
90777
26059
28685
44008
38294
28780
5363
67455
60617
69370
43036
20361
16644
26423
43123
10427
28448
2713
6668
56971
88760
61839
92251
48206
45742
48324
3867
71944
32101
92932
92178
22878
18992
37215
83239
57286
65995
4954
41093
42965
74325
84129
79678
7321
26905
39153
17748
71705
41866
24416
28677
30627
86255
20928
95185
48349
85605
99052
20294
34058
91984
28824
73288
27328
66040
56527
967
48387
61482
42060
7704
52159
42542
87382
59480
85799
42888
77228
57504
84754
1644
2533
31733
4251
23462
26918
52601
25419
42322
89247
59477
34307
18071
32765
77987
463
5645
78954
48851
83479
21015
72907
35638
79909
76642
95118
65708
19530
88698
39564
4284
90342
42098
52370
94593
81912
79288
63546
7331
21611
52793
83160
72270
70865
32277
66609
87680
54274
45564
52883
37753
82931
25791
73391
62840
2433
84861
44900
21963
73559
84464
42599
80253
42914
94969
91199
24826
90610
54745
48509
28573
7539
48021
843
94756
80299
83804
82436
34573
29368
51672
88679
12299
77463
62070
91491
79896
63284
36391
18211
36843
37208
60810
33449
96474
55780
24648
21301
46390
79393
86162
74963
3284
34184
92158
14392
30835
92314
13181
81760
21683
64853
70439
50334
58668
48862
41826
38564
12146
94569
73127
65341
48129
33937
15142
44604
6069
39790
82257
68811
35536
84771
60126
38820
18955
68636
69565
66142
60951
99098
47903
82634
63951
34694
32968
22619
99908
91146
77535
28406
85716
50662
10100
50197
951
25242
94801
7021
65033
93410
92184
569
78182
52311
55741
13489
37299
41658
79632
98250
40756
43887
97236
21059
94933
46557
60030
94842
37703
37565
39600
39771
4579
49700
89969
21883
91295
1122
45256
56328
94533
37440
73249
72715
6103
45342
2556
43403
87001
82188
41653
44109
42427
38890
65169
37361
85447
25199
48555
39502
79117
88155
79274
83696
54208
69243
5579
45503
70365
50835
18183
81250
4628
7784
70317
10731
53126
72874
54134
56479
71414
12140
589
13842
51030
65758
67555
52829
90957
16110
92331
70074
20617
71605
70123
91177
57200
92054
53032
43918
59242
71215
25168
63870
78999
95486
90953
48478
84712
45088
4957
56126
57228
5546
69968
24610
87656
53875
93791
78614
69985
86122
65040
6955
74080
35163
14484
47632
43570
67517
91550
2812
55084
33071
66682
34084
44909
57635
98914
29621
19075
20223
85747
92655
25770
72068
17265
29778
25943
11056
8392
12281
13531
89785
35588
3963
41300
50072
51595
84870
17589
59498
87682
72674
92569
70716
23110
53830
44704
38376
83451
80131
58599
85550
72787
721
73970
6404
30500
16266
33813
55244
28547
63696
45029
80487
67659
86330
30559
35606
87552
64501
95104
91587
53527
4025
78655
92989
57855
23359
31365
57658
19843
89964
43209
92630
90686
33531
15386
37538
49797
65551
92782
94696
29247
37812
75183
96906
40494
22095
32513
44398
86596
43969
35985
56475
47995
14641
49464
22202
54352
80829
79861
74195
87145
39422
83177
94183
72953
14916
31721
22751
80467
40856
33799
9715
78668
8983
22973
35514
31078
71838
79912
34026
15808
15898
90501
63803
46891
39965
2357
1243
37146
82218
91791
40643
21640
91320
51179
10946
6236
99252
50049
3056
40108
83848
29123
35128
9183
52096
70642
56613
23935
50555
90639
39743
82805
97492
19898
29696
53809
38607
47291
7307
20826
39082
47951
58818
30403
15482
69764
52991
14734
36165
72399
71195
20014
1522
6323
45549
53619
76966
2163
93906
43873
92802
33649
26678
6647
69899
56374
60456
8506
3665
67764
45684
59100
32067
4503
5855
47549
90619
75198
78635
26785
47598
66182
63151
49120
72506
8700
2739
65824
10863
96645
26049
20018
46646
52727
26665
32897
25453
3473
57756
45470
71237
19792
4570
3304
24295
10425
67205
31267
85624
62193
74404
33222
28375
53907
98694
17233
62607
1434
83057
89823
14431
25458
26193
77430
78185
52858
10327
19990
56331
84435
65461
43921
4228
70031
47225
44875
96809
30783
76142
98785
92976
66898
48359
21351
20805
47053
38585
83413
64839
37994
89588
79271
63453
15781
56701
57990
84991
83380
77981
57674
67816
59794
1595
72044
29825
65173
16919
42986
95956
9414
41771
88932
76312
90130
26635
97118
37184
81572
96883
18375
19567
2823
97646
99372
18604
54347
57362
19947
54080
51695
77621
21896
11489
95569
93940
57667
60742
27211
653
73050
36625
58777
78334
29290
48907
4969
42760
2443
86542
55995
20819
22461
58818
34817
38185
93774
5517
11899
13721
59597
63595
7694
81493
91436
3263
91785
49103
80357
18996
66109
53407
55622
24886
31741
84912
90145
53063
27672
8941
55957
83667
46112
94770
58837
80929
32955
52611
2798
44854
66332
62395
8449
74026
60240
16238
93642
52025
81693
73999
71022
47802
27407
26644
89040
75500
27908
95538
44915
71932
4479
872
71951
66943
95642
30788
64224
28597
83399
67023
73452
66083
29418
98253
56461
89659
14491
50103
58036
12537
40455
29058
76691
67862
72054
65732
59714
16314
77622
4630
88246
98453
21854
76549
65396
17497
7337
29620
62446
7088
12995
52250
73171
58766
50504
45985
64777
81347
12440
22813
10236
52895
51872
86928
37109
40278
69012
96824
56593
46634
17806
61191
45087
56012
37741
26835
73509
45078
56455
52308
68519
69451
4558
58042
28217
71414
4027
9346
69114
16468
32159
79350
85715
84031
66278
22825
40662
51642
36001
97255
98276
70159
74798
43363
26171
12539
70198
16033
73970
43006
68341
42489
28809
89251
531
73378
60666
20911
82724
46132
53731
14883
41834
39446
15267
24465
62271
55929
76107
14624
69536
74384
84783
44334
34099
10955
56874
20650
26988
47196
63656
95329
89685
8817
932
6568
82195
61598
27479
81271
24082
97562
12506
65917
37009
27773
90382
15632
54
82841
30257
85942
57225
15040
30277
7677
25995
3503
28327
52983
67051
91983
64664
56736
17152
65597
79656
99347
43547
23488
96970
83982
21050
9476
49899
58059
37250
56633
73692
53656
55826
3949
39599
29404
35341
86228
37081
61337
6083
65408
30672
73134
73743
11689
29870
90895
93638
25878
6594
53537
49366
3564
37519
86769
13040
3770
44828
66642
76755
34872
20299
32582
55173
59898
61986
90515
62478
99067
68204
68561
64475
98876
41695
54570
26917
87917
45465
20555
13795
52059
74093
79514
55623
27964
66283
85015
31735
27463
51658
8490
62336
71957
41072
17509
48207
19410
8024
10685
18477
76228
95598
99304
91457
37293
53874
18374
25210
15691
55282
55357
67750
45727
34871
39725
73691
17506
24741
21778
44970
76399
30269
7306
64708
87693
24815
12915
7104
49192
39952
41933
41772
35550
57590
33229
89195
27816
67956
14405
43508
39590
86114
11258
85317
20986
67336
75360
38492
92077
97139
83462
84828
43760
7120
49536
31453
48288
78803
54909
97480
18755
13195
39252
70657
70785
88834
59852
98601
73142
90609
42109
12732
76723
69720
14401
14061
53408
6113
68906
45485
3252
68720
46665
47012
92193
96201
94818
40481
75004
49727
37961
10111
79274
93565
97120
50059
98751
56972
65013
71893
63933
23474
977
57008
9546
15378
71070
62954
21492
56328
24791
41096
41400
71456
4461
33593
84009
99279
74074
59013
65358
28387
85476
44633
38305
82596
11044
37056
55920
76057
25302
19853
15884
26279
76862
25430
58010
64284
88385
95854
20612
13176
53302
78364
985
57763
11958
84994
73394
86032
60360
38753
14420
45836
99738
69077
28433
10782
6133
84353
3192
31435
20559
19076
74067
97421
60858
32077
78057
49243
44283
15021
78772
97585
93385
96109
71701
5343
81103
45095
7728
41463
83848
38500
3652
99938
7577
48437
27073
13710
49142
30265
61498
69701
65693
35565
83474
26551
83994
61531
92147
44629
76552
70919
58566
69938
83380
30267
91633
64483
75363
99361
22299
75563
37861
42303
75502
61790
90740
18927
75501
39882
65544
53351
25936
31237
5268
9410
74140
5614
87294
66287
50243
80198
53558
8809
66488
36938
39077
58122
17774
30792
73835
56425
22707
28049
98728
98209
89839
89468
17136
81692
45702
82680
35043
71638
30269
56663
97401
4410
62277
1047
87049
12520
81245
56960
37682
47734
93898
93111
22208
28024
23903
12395
84449
46610
40444
83177
61172
46636
88997
94660
28328
34700
93693
79724
22690
40314
36387
36443
61076
98665
37490
48126
27537
18736
5086
65219
82822
15336
58330
21382
43361
98585
33777
44162
61548
74222
27340
22720
20858
16337
33732
65538
67389
27425
45262
90080
67740
98002
26523
45168
13019
64014
93294
40556
99102
14732
22128
98276
46421
80458
19658
89782
95396
53435
33944
56944
44009
77636
79664
81219
93974
29748
46758
61363
57174
8372
67795
41266
22726
94319
2786
35745
74685
96081
76302
73787
27165
98430
72063
73586
95240
8073
79720
90636
61508
30017
63932
21870
7653
59948
3089
17979
89697
66199
95695
63223
90924
63490
20841
13650
74161
23627
49396
48846
36060
42050
38985
63226
56832
27400
36812
52072
35473
32885
59061
13334
62902
22993
35204
86907
82942
54645
4887
88991
20845
16934
52214
11769
96776
73055
41771
70938
96682
91167
36136
32743
49569
75122
12321
6401
18874
65485
74826
54348
98370
33887
84034
61272
73232
19238
64532
72526
90235
85771
61517
11080
2705
13731
39201
99481
3138
80973
86771
16173
88492
22908
48916
38062
14382
77589
60815
33256
43074
35641
3956
41445
85880
87990
19069
75465
23580
83601
47991
13816
69372
25861
41248
88429
55944
96802
4263
59083
77775
91034
75256
82619
30294
40524
37033
61028
18113
97849
10637
77539
49842
14593
18984
35723
18936
54406
11188
42516
54359
75531
56332
40084
1392
13933
28513
73689
10735
49128
32772
4862
56515
24380
87481
86809
81256
40867
47838
15721
38716
58475
93260
88558
89420
28597
40633
8356
99355
68173
67225
53714
43705
39909
93798
61449
53842
38664
35138
64577
4144
84262
85791
60659
8642
89625
47469
89898
30492
11659
5619
85560
86486
15232
90470
92258
43829
31104
615
43184
99277
67840
13250
59334
24101
23401
20784
77944
62065
72274
58873
66209
56537
44665
43221
65179
34290
90690
71430
81134
18701
93401
66694
5187
8633
57164
97445
68814
4620
14412
28350
3898
98604
41601
63232
22706
65002
368
17002
43419
72643
75875
25980
29180
36892
69201
10711
71182
76243
82141
68668
94944
75543
35362
16483
528
8879
30281
85695
13499
61045
14045
17397
59650
71998
96982
98708
53352
13702
15710
13123
86345
7937
55456
31877
44830
41009
42589
32364
33605
41082
17385
44901
32977
52747
61385
49858
61626
8018
35553
91478
69063
65950
25227
45065
54301
22209
60125
7653
52264
92187
37129
54961
125
92585
86839
61307
49946
45780
10023
83551
86862
27408
44805
36192
96508
22542
86050
74486
30560
21603
65964
15975
87553
91192
77393
41854
29753
37518
65860
82017
29706
2989
53331
46183
11926
40170
23842
78224
2302
33865
78128
5516
77626
22933
41708
74134
45475
27758
48620
92387
65713
30937
8362
53267
22129
2107
11473
51882
39626
93685
50252
85684
13026
3583
31867
41304
60105
72061
19529
62407
22278
14009
84275
99904
36942
25984
90390
98769
70094
55363
7508
35808
86300
15870
5427
8429
17978
16900
76663
73956
26938
43267
59640
39964
63202
7859
97621
23307
79920
33502
2066
2198
47511
86342
18455
805
28678
25197
99574
98772
80560
23434
34580
66860
39304
40007
91641
73634
73260
84657
63942
16550
27924
23582
56514
91127
47793
54135
30786
44065
87637
32853
62616
51500
35547
81071
52305
64225
6268
68231
62997
3181
91665
13930
70041
47322
53937
61683
37308
43549
46340
1251
60099
90616
41185
32966
81743
88979
3453
12530
49396
7443
61735
12012
58943
97282
9435
27601
77859
15704
12184
57208
35237
3850
71138
5278
67524
41428
83313
4832
84977
46005
22435
61429
36622
63621
94395
34717
68952
14200
63599
18348
21643
41686
30361
96939
55320
39796
40892
33179
71852
53076
90388
7089
56926
61526
28720
40802
2954
28385
45635
4284
74391
84422
82065
27365
64395
92812
78434
33347
7012
58386
68048
45008
72
98409
58299
55393
54557
99191
88572
42762
52267
95312
66203
25546
56839
94923
66348
76145
23309
28335
96781
14052
12758
78846
41417
77153
71658
36203
26853
95023
94589
94901
40031
94662
9662
98330
66407
64219
97521
71331
23333
66140
66644
89537
91686
23483
812
58035
15980
24121
2722
29114
54525
31832
7960
12294
8986
95971
48498
52191
7346
43087
47092
47377
54101
56754
62059
36860
37325
75932
8192
77011
42072
74836
66548
50111
14671
67360
8146
47003
7834
27220
76117
62359
59053
430
74654
84391
96401
23152
36582
3747
82591
83674
67476
53045
56780
45887
89905
10457
21819
98097
87468
80243
89285
70368
30354
3956
54081
54852
50960
61915
82073
27077
40626
41126
27507
31632
41869
40260
71136
78451
60359
53728
78477
27835
23125
35257
73722
29382
62066
11893
43832
65887
8489
33117
52607
38843
37074
6688
10048
88034
84955
92121
31463
25582
49599
75323
57214
91468
15583
28351
69919
75943
98431
48396
20130
37908
5
10205
67290
78423
22098
11122
44310
46939
44240
96918
85783
97666
19958
95831
2052
4914
4304
33515
46848
53903
25190
20414
61723
40774
65117
47994
33069
79900
12742
69551
17808
29099
79756
1451
7522
18207
12573
68185
65146
73165
81455
67281
87183
1413
63112
89235
22679
83768
39103
85879
37671
64293
6294
15746
21419
87763
63740
70840
67664
92834
40392
1824
21933
36500
3275
45808
54707
32201
13993
36206
21718
11800
3487
8902
29565
82952
98137
68597
66720
53592
54476
20744
17886
77122
36490
55657
64886
16583
26498
48902
25769
83242
50726
47703
19742
70354
93511
74450
2555
23856
27008
24273
52008
30495
33175
81573
29799
47665
50170
96520
1257
20999
17264
35495
98121
70106
91153
79359
3041
34003
28261
28811
17245
95340
92866
36987
65694
2729
27789
84601
42937
54797
8874
94945
1645
58402
92870
31444
6067
59393
27964
23676
80392
61580
59172
94865
48039
66677
74225
67432
680
18838
96243
17925
30530
5461
71264
12576
8190
99054
97177
51127
70203
22404
62424
71848
80806
55295
3293
3225
31040
47609
43253
11432
9190
2425
6297
73581
85454
96874
41013
86134
15713
37257
20411
62595
59070
91676
75172
67261
7082
72349
34740
77285
11105
13517
49134
8263
85164
52427
27840
16204
36
71094
43988
25578
89871
50285
99159
75326
63512
40173
61460
95577
93782
81872
58172
52852
89900
33344
36465
96982
22046
87558
90619
33151
1075
39753
41415
86239
8532
69255
18795
24921
56701
62783
50499
46573
29420
66011
21899
92932
6184
83359
88509
16318
81583
46682
85522
87835
80026
21988
1169
18424
9546
91789
51576
26973
31542
9343
29564
40075
78598
48359
81348
35300
27494
31847
98225
56914
14210
20124
49847
36746
19835
38356
53064
17771
1390
38587
5606
97769
76927
6776
16193
2825
98565
84121
29798
46459
93464
59362
2886
88415
24073
84234
40067
51567
32434
38292
24833
46644
58416
91032
83391
78251
45741
52807
12374
47131
91394
17981
44900
84673
41109
77446
87498
56026
61567
17296
2485
55032
93010
21724
43447
33435
5958
99866
1354
54744
38158
42540
1389
12926
33572
1132
7529
79313
53939
19904
26445
61686
37885
87697
46359
95346
65143
50210
51372
43063
83858
53857
98095
76869
91933
57894
26656
97892
74112
44363
68988
12270
86903
86729
41548
20475
87861
49077
99789
58153
85333
42586
19839
39570
46635
82550
34916
11779
32760
86288
71194
16619
56498
69289
9840
48431
43535
52848
62675
17647
97211
31664
46269
466
18393
87817
20942
22607
53246
37083
80760
38580
96021
16951
78150
42656
15853
13067
70787
48614
15707
41981
81585
72205
27622
7777
20637
71157
60625
99664
5156
74189
31328
67777
74655
66074
71946
11949
88681
25193
65384
85793
80125
61405
19096
74627
20414
34949
4046
91201
99915
19754
49535
81500
8311
77157
5629
45300
64667
66255
44965
69823
40444
76293
53953
31451
58719
25899
43401
47400
67444
8785
49545
47569
86543
68641
22197
6957
19943
42595
14510
19858
62349
64045
17711
70661
41203
23340
15961
5870
5947
60926
92045
62743
53572
45998
94195
12291
88250
53948
76044
55694
79085
41941
3264
65628
26935
41813
88937
46878
84408
3448
66736
63110
83845
799
50123
25048
24140
66084
47270
46439
43363
55668
9183
13287
18018
3378
41930
6268
73678
34326
61963
52763
76268
81579
34744
3203
39744
40033
50081
40504
59833
33169
3614
43679
33969
53737
68727
74461
36174
32350
20900
95889
88018
46435
25528
6036
49813
67458
12305
39843
1785
90620
92607
78053
88551
43703
97608
44647
83736
64041
85151
43570
97210
5118
87249
47531
75207
72328
38344
11381
4678
75597
23622
9048
22032
49150
15085
88198
16609
43742
28041
34746
50714
37000
12799
55617
80703
26759
264
80792
90800
1767
24362
88010
6885
27963
51894
82093
16643
6590
9826
21322
82187
33449
30370
4220
82599
61807
8770
15560
21901
36811
50306
72615
73812
79457
28232
70867
6216
44848
51659
97016
46616
76021
1379
53501
20336
69625
51946
36980
76215
61773
74654
58403
95222
21376
78975
94173
83184
4097
26086
5085
40908
76392
94053
31072
72202
38637
1940
78418
83486
53599
75435
46454
45973
93166
16307
66309
62791
68254
3289
39006
46379
94295
13761
57953
15672
9088
68478
15208
13185
94564
36645
54094
87309
30698
85166
59511
85688
3458
37929
85526
57058
29716
31980
3031
22882
64639
69340
85673
49245
88982
41032
11976
83277
54793
69929
15301
80234
38408
30509
93419
49324
67155
63865
36633
14205
65384
96144
16245
68842
50426
1771
25900
80142
50103
45283
19377
31095
14624
21402
80340
19958
62434
92317
19587
33580
78598
51241
13814
17006
81750
7233
82683
65257
71099
19316
95815
52835
31813
12060
21677
82239
30184
47578
78733
96639
9213
98110
27734
23837
19513
8075
60147
98299
16744
96087
31879
95342
47328
62045
28701
29078
69279
11384
10688
56730
47052
22855
25917
78865
51267
47594
61104
81451
11524
56190
78091
20738
54300
22177
60927
90165
46604
21075
88465
63348
33514
36696
75043
80842
98742
3744
26272
84373
31480
53312
57455
78532
76167
83372
73750
27435
30966
51206
25238
58843
7396
19681
79581
61697
41859
56860
51862
88463
94287
56679
68164
27801
93376
43207
8643
8470
63303
34916
9195
11135
88228
66650
6019
80748
66374
79769
8183
97340
30976
49773
72535
38372
85807
68468
16421
27666
25329
84636
32481
19616
57667
16997
47418
67395
76556
72413
75865
56211
7329
85060
67346
11910
68062
89718
92658
34436
69487
17193
48129
16815
83318
20664
71540
69125
89133
4313
13143
30814
5301
61977
50430
62969
78974
14200
30364
71883
86614
22582
28094
10295
7642
11793
38557
92057
1511
47567
26493
87350
81112
74622
20518
64431
95287
8410
49908
772
12723
79404
31586
18025
41381
98368
80994
36707
12569
27710
8590
15535
50292
53037
42182
74287
64830
80740
66344
82693
28307
92837
86395
25772
83812
6913
90203
95451
15323
56463
96223
44399
35867
44161
62424
93600
42529
59770
30308
71450
3832
55250
86985
54125
24639
29168
44764
89469
26260
27460
88514
54567
20297
74910
80339
20461
98175
86894
15912
13499
59710
28487
57898
95577
72648
36674
89178
31530
12796
35838
2980
16628
91088
89966
70753
15728
35486
31869
21549
61746
59329
26416
32665
95979
1326
29357
16440
15853
32603
32353
29352
92313
77192
3602
4243
49841
40276
93421
81371
53072
29259
84351
86053
36699
90669
73158
68779
42507
5028
6681
20605
64357
33097
69623
60336
50775
15332
93129
82980
47935
41834
12333
56601
19026
32287
60844
68867
88916
54265
66590
58340
99876
50942
44393
52927
57963
17552
21707
16823
22580
44740
37428
3289
94189
7051
63626
61316
22383
73107
44296
86671
14941
72981
43272
33967
5269
20468
19187
94185
91085
85777
52525
90961
53071
96919
60240
27387
14471
98299
44210
53403
43039
81638
56692
53580
5042
36670
14896
27425
9777
75545
30448
41070
48526
90072
91390
53795
10540
10577
47980
1625
12706
16858
8938
82130
30129
69179
9517
60952
83830
53727
14355
26870
35365
87399
96802
56759
24070
11699
84185
50199
87244
30985
91270
52122
21058
82660
5918
31598
9589
70250
49576
38647
3460
74866
20777
33589
60397
30294
94541
44228
84021
8896
87450
35739
96296
84252
92498
36718
95951
93035
86917
99547
24021
94539
51670
61431
77199
73940
9381
3140
60542
58957
41788
64003
33824
62565
97592
10573
92860
92134
54801
93233
17382
42251
28972
30030
26504
37823
66748
38807
30858
70018
38355
71231
64557
6377
32662
58109
96669
58396
77601
57211
17353
19389
21214
67529
98307
35159
78103
91167
43645
32904
752
61027
91508
46077
7410
18012
83900
90510
56819
31110
60528
11526
2342
25086
34255
51356
99547
30924
9752
77148
4488
43458
96538
42054
27339
11197
77213
21794
18716
20858
71051
19468
98238
62559
65545
5648
96923
49445
96158
53742
96908
73039
81621
15602
98125
32228
66958
14024
63153
93063
91172
83993
52873
4062
26047
80212
15259
3261
18359
33975
40471
89410
53444
38709
51969
35341
60709
65244
1139
56868
18986
98047
29907
16959
13649
44384
49188
96959
58408
28693
90022
65932
29038
59247
86347
55085
39460
1606
58346
57819
51934
15170
63581
21730
53879
31902
57071
14589
97146
58210
87809
32484
72609
17716
65796
86258
78452
14984
83218
53212
60029
89592
19144
89067
48840
5491
60504
4652
23450
35203
78823
91736
50373
42404
13466
4252
90658
86889
35193
87804
61452
23002
36640
34061
57070
2436
36672
51874
33772
36242
5086
10153
25834
40583
99220
91026
62426
76077
12030
2228
11280
90853
93964
61653
49609
7430
82257
40267
10672
17451
44423
72124
56805
97416
22537
13876
99852
59209
65750
33625
95451
87189
43778
37638
27772
59351
45016
6550
51780
57047
8779
63060
47900
19095
41065
13862
26526
23322
70481
53550
40773
31257
25674
13931
28673
64563
27807
28525
23773
9909
78502
35576
13450
38633
89566
57574
14336
34583
64125
66116
91630
89256
29176
55882
8351
86593
69744
51229
9915
40226
4779
67041
87835
46805
80972
16508
11369
25131
45033
51494
51392
39888
87070
64843
78521
76637
22417
9209
11220
2894
75325
19202
8502
20853
75084
16854
7446
44829
84435
17361
1407
89215
754
89242
52372
81726
22102
63741
23209
67135
31587
74602
7023
18658
55797
1896
11647
94566
11105
22867
97461
2782
42069
5963
23635
33505
39169
47433
78334
23605
81147
96093
29172
81901
1687
81544
79980
23789
61638
3189
7277
93225
77791
30652
28235
49940
48901
39882
44507
60006
79101
41968
62789
21170
64283
2776
54676
19805
50210
49362
43410
31357
61808
88934
29610
79847
86830
9590
19989
48468
12780
27266
58046
6923
57918
2633
56864
6819
42516
17723
83178
21617
76043
62319
59140
40326
65095
30168
76483
31657
95882
19893
79366
57690
25179
8977
53890
12010
18567
73879
76830
47699
1145
51228
70975
75415
53862
27839
98587
96378
61914
98117
34347
37957
60436
9839
78283
41883
40007
54767
89893
35890
91012
69259
9932
32544
78236
80174
44554
13156
54053
21384
60855
71550
72613
31830
63318
42827
76021
78257
39205
37935
76374
89904
75892
53162
99744
70528
11397
56103
41647
1290
8345
49011
70550
34630
81555
65138
14804
42461
78294
85210
80198
55502
73112
69163
3684
36430
11990
79706
14687
67547
33993
7413
57451
26238
76927
73547
13118
88325
29651
71117
89615
54348
20128
60165
88978
18036
25304
20135
76849
19950
5345
57047
75452
78457
26210
79137
31240
38200
75195
62279
5747
25540
69693
79551
51778
46620
53098
81248
51297
99101
52365
40913
69802
88846
17430
58780
23234
59086
78915
83
79037
612
57131
70841
95422
99693
49978
26662
37894
41525
88941
59993
67066
74986
39544
35196
37959
8995
16445
89256
24448
85162
46521
94250
74008
80304
69383
97242
39390
64650
13678
34779
81615
70809
5621
77037
70502
71951
20051
24748
13477
8992
1094
96895
331
56990
32091
38290
82337
48536
43898
6786
33699
6772
17388
24059
87076
3123
21302
26466
67774
51332
77598
49389
22141
99571
42778
8995
87874
62829
50096
1351
88173
51190
14598
88504
8180
46690
43146
90518
95226
3397
13656
45277
10169
31044
69337
13597
50520
6991
40063
18294
58323
34013
84035
96816
33584
26813
22163
37811
5994
72259
39162
94167
23449
70113
99024
47982
16803
42170
38500
28381
61919
68508
73659
72088
15904
59348
85685
66424
82691
42101
1070
41014
92466
85105
54182
42403
28270
76345
80214
34264
64957
35728
44784
88406
5841
43808
52740
22644
85978
7592
67378
64250
76100
41037
52690
92005
16737
38376
74781
99428
96829
75852
56794
5647
77309
10976
48050
5580
3673
28264
56196
68630
80345
980
73389
86186
61140
26129
25183
47119
50074
92561
27721
26174
49950
80411
34531
83039
35139
9313
82467
48320
85165
55613
53968
62474
82941
18370
84406
86614
62987
56955
71597
43332
74287
61338
45870
35428
3819
71053
98899
53893
63614
26620
96420
29916
7031
30951
12955
42171
40264
11774
6843
41781
67387
60811
20608
66680
79182
21366
69647
42169
78321
41244
85501
68961
2582
31371
4389
6401
18777
3288
76647
98743
29908
73067
28660
53291
4018
57967
11814
60635
69742
18658
18768
53481
95821
39376
20162
75003
77095
89809
33524
71768
47405
35377
40729
49987
83101
45118
72740
1878
48406
49387
621
94666
22454
45633
64310
42825
19953
76124
19812
89695
11134
38580
43176
6956
94309
79690
98311
71404
69499
31836
43172
33256
67213
83902
83243
50314
45372
72336
68544
93779
38075
85518
4797
76882
31151
85459
36059
51104
77936
55871
57151
89070
94451
16680
12378
88760
96370
10690
76516
82222
58878
19689
15478
42443
19943
15074
9110
65315
3762
77654
75446
41837
63172
96596
35071
10676
82055
71130
78132
59991
27001
35284
49062
37805
68316
77792
42917
81038
4834
19434
63260
63712
55475
95091
6156
75418
26517
15266
40733
46631
9272
32532
4820
72445
29128
39892
99473
11183
27374
77605
71175
54376
29241
36589
8533
13909
30733
51450
94948
35568
70884
74560
99280
26359
86003
21788
1777
12520
53406
58863
59151
62679
91395
63972
51476
36875
20216
50949
48058
47590
44906
35585
18318
90500
88526
26851
4409
19260
78302
15709
71180
49186
90270
70460
75546
76273
8601
93675
5146
62007
68890
80649
24686
76637
60973
76162
13512
81189
43463
77923
28780
88370
13508
47098
95222
18387
73950
15983
53999
52252
31693
25179
17790
38315
11991
93336
30940
20592
3364
52438
98952
72254
33088
23638
65244
94061
16153
78756
75251
59616
56679
20383
64338
86540
67481
59560
21279
57783
75544
75278
10035
23589
16809
27826
61904
45152
37514
9196
82097
57230
61635
81049
45837
94723
4687
11081
88784
37192
89837
80387
96809
62869
770
61147
49409
84604
37060
87040
42387
28956
78670
68775
52545
95479
96601
30801
56983
50467
39997
39080
24050
17984
20129
69887
12707
41169
97320
17844
78361
87157
14583
91522
66378
31706
52670
32139
16310
6082
19179
58697
35038
97849
27472
87583
9680
40425
34736
66664
7245
91085
22096
31295
9070
42226
17534
38129
99747
14854
72325
94460
18363
86909
85983
84742
18615
55005
33233
51277
61087
52413
9974
96125
66614
53799
60
76295
94224
34796
59311
17821
25881
81407
65468
51303
39985
83002
89433
56084
14208
78110
50545
48924
65019
52880
33666
99986
7885
83251
51263
68972
35664
77590
81449
18631
31389
81509
94926
25613
16305
70589
59787
58538
68348
25255
9842
8334
8258
15627
80770
38818
93737
31315
87742
75109
547
37760
91447
8432
21012
42711
77404
56676
20301
75205
75307
68042
56714
86585
10007
89371
73526
69794
47910
41875
95050
74104
66561
19660
6083
47331
58478
99820
94999
46221
91281
95546
333
82729
3979
21345
41792
97735
94374
78445
72941
86033
46487
29655
88971
56494
19027
62497
26289
83289
4372
37691
73745
87285
57351
79828
34617
32181
96000
29616
94754
87282
25162
95088
86363
45493
16433
28155
59581
27159
6600
48874
13193
53087
94881
2164
25933
13908
81013
68574
13549
85386
6265
87294
72671
79968
67122
23640
12150
79475
53256
6904
66757
94771
18344
53120
56616
51130
97627
16197
78289
20579
81423
91482
90018
76305
9998
15951
90213
91012
84526
20115
92750
7143
23761
65421
87112
90884
5414
99262
86711
75022
22518
53468
69793
57215
22940
42762
8345
36919
75311
86634
57498
56735
78117
47516
33040
4467
63467
39605
95479
64345
76072
88229
71489
99834
70003
58601
7070
75417
74215
93781
50439
13085
47249
36585
70300
86541
95699
78645
23460
71010
65280
80958
44097
59749
28474
77137
64216
8293
33095
76048
72639
9167
64277
60480
9001
34280
35433
16071
26049
9648
9852
76489
39085
73453
29426
9386
59994
25125
4383
99806
96135
86015
80764
40233
62116
25590
33722
42685
33884
66817
18733
22875
75985
99362
83355
1338
49995
18788
17410
76044
44788
43614
68885
83873
17068
98311
9611
93414
39788
30347
93221
52276
16362
90337
8861
94831
32280
42583
37516
82516
25753
56249
5391
18090
55611
5098
19428
5606
40238
53190
98003
1378
96805
66888
85251
30225
81552
11215
23639
21340
57914
33212
73616
74276
39902
98829
85459
72182
41413
22975
54698
83518
95576
76441
1608
67540
81539
21036
89498
38129
90579
87501
39507
87384
70742
41110
33961
68646
68677
57600
89986
26591
7165
79955
17220
47067
78784
2679
19249
36549
25655
90299
20067
37583
66740
21675
5123
64631
59064
94622
2760
49643
98475
58619
53379
69217
16081
87340
37863
84759
61292
44202
11350
84809
40509
44922
31876
35645
47602
67477
72195
89609
57776
8614
27192
40868
46642
32316
5499
5706
43290
24611
71701
41765
99582
41432
27335
15664
45124
81550
423
22768
42104
28125
7578
98965
73048
55806
34611
37002
23284
23158
26611
97412
31772
70155
38281
78414
18823
60132
472
62113
1096
88525
20231
17030
46309
63918
32694
7785
61820
49469
30554
3925
77595
54484
2890
66995
26642
37501
3997
66278
77011
46960
63691
8784
17115
18324
3550
35939
94808
20375
14404
12256
25252
50987
29287
87914
14905
61981
95699
76726
27803
42605
97003
5398
13441
99893
88745
40084
53747
9094
6362
30758
56054
86405
55894
89521
21081
75797
25460
32242
12524
56217
44498
54128
7204
90137
58394
38462
68471
54094
15188
96274
13051
28543
18024
42845
28436
6769
99281
98535
15863
21995
45646
88269
8401
17892
77790
45834
10041
19603
94428
38917
92172
38927
93046
99376
45416
51440
37838
13887
21886
69378
10161
51290
97921
28185
94135
42710
51306
93416
57597
67169
15411
3243
71790
40164
37488
65933
2351
63881
1888
96779
2799
94060
52058
12197
93436
97475
63637
47627
11362
1876
33357
37876
69518
31279
66061
63653
90341
17368
73421
47938
889
5184
67534
89032
61701
21374
54965
64052
85255
56853
60831
88054
50913
29242
251
60701
26717
80241
24680
54431
98469
58038
92307
67987
5669
74721
47992
12362
92089
21413
60300
9330
42949
44186
98362
4650
81912
53327
68702
83520
26532
45886
71574
93797
75128
88178
54499
18197
84771
79179
88980
83240
53569
81288
67579
59238
56009
15571
71600
64450
53336
48253
73780
96285
8791
72143
936
90704
41822
85990
90576
84707
48228
78502
78504
39708
66680
49355
57905
67803
28535
63238
67395
98456
44526
34974
57695
16887
66897
45647
81337
20233
93900
55117
16519
19044
43612
33807
26100
1787
36149
16676
86494
84378
95178
64998
40438
78211
14354
14696
46014
59241
77934
13410
57697
22460
64736
31744
55699
31634
77392
37036
51867
87644
8505
84738
6688
52118
34897
49140
70257
71047
65816
56751
71777
77347
38101
28567
55558
68807
43263
1572
44400
21197
31334
18450
60009
12423
50194
15708
44057
43938
52744
12276
47935
77602
97015
70975
46072
48264
20116
16329
35663
2284
89432
23792
79631
27533
52360
35189
12693
95623
53114
57093
33173
800
75543
93182
13223
42090
8891
73632
2380
77987
85909
50315
55589
99276
21291
1661
47540
57759
34342
99556
60043
23774
23348
56027
67660
75708
91216
80353
71332
60682
53798
4505
61483
45694
14039
91058
4136
39282
64691
6516
33622
66952
73184
5563
66228
10827
23577
30120
68586
57919
29676
44981
81694
53025
1008
49354
45085
8577
46059
32769
69259
16209
37274
47094
61903
67666
38153
66039
6948
19196
88908
40570
86148
62092
46134
68728
72919
69711
98848
57857
43982
44877
2838
25676
14254
20199
91382
59339
28776
53793
92109
14387
70003
45735
77834
31906
29753
15987
14298
36702
51535
3206
93624
37683
81650
56110
6411
70921
42173
21611
28778
86156
82840
47968
28184
97094
84519
35919
72786
29647
89712
81247
44035
76067
43334
21869
7974
89440
54208
38624
42494
5743
58182
36118
59778
39832
8581
66189
10753
67106
4152
55883
53262
3345
20203
97799
16791
4723
33718
89577
34370
39782
87176
94757
15850
46863
32978
40176
36303
87186
78800
78797
9281
36982
31267
69059
93166
56200
51600
3919
23307
72105
76154
92921
75450
96357
90720
92241
1080
40790
98171
51803
80573
85347
46560
12775
48562
79539
52951
1217
66725
48103
80014
92359
1437
27634
61418
94603
83834
13019
14874
7141
1476
91028
63
76926
87385
7135
69167
4818
47926
67338
56621
44851
69038
3181
57626
17600
99072
26929
18818
82150
75032
15184
74509
76469
42818
35927
87424
43005
65298
2298
50146
66774
93326
66561
43700
97063
73697
29220
18233
37975
96558
74854
82826
65596
94388
56804
99549
9812
83733
18367
91962
75117
49903
66471
67938
92722
18751
55362
35727
401
57660
2225
83528
67338
68787
43580
80753
58836
72800
98987
96811
69359
90193
79637
51307
933
36441
50856
10746
36526
85575
19060
11643
35479
85532
95933
28201
20635
51295
80280
21036
25307
98857
4564
92645
83996
48145
89750
42832
37297
5089
39643
6656
95283
35632
57964
12568
88425
25172
39666
41303
10748
58727
69298
46227
60611
65231
90780
81246
16526
87412
18634
58185
86269
39551
67182
70266
4048
56933
29450
41345
62022
69094
64354
73657
21078
22318
86226
25856
63842
42244
67159
74590
971
36458
37169
77934
18041
27949
75532
50920
15361
10519
9105
1631
50070
76288
88249
54118
33221
17699
11815
11595
3145
76169
85253
24224
14839
87831
66432
78682
30075
33591
69624
47399
86401
6794
25333
20795
34743
17218
71715
66457
27737
80820
84440
77807
57108
72689
48277
6681
90388
60092
18277
93534
52614
3530
34110
67453
7713
16894
62487
37788
66837
32112
85187
53239
38906
26873
74034
90001
44091
62101
56458
71828
42921
40898
65987
16382
13587
30616
39415
20328
7060
57692
30214
59674
77574
80676
43480
85287
97570
5967
39428
64407
38079
40967
33998
93337
67840
24384
83339
28283
86485
39797
16463
45759
97048
98802
62141
26987
29418
17908
47315
52831
75601
93881
28857
69527
74557
72337
71167
88479
94657
10595
69239
32736
51562
3237
26074
35755
43974
25765
64038
46811
81914
80502
92570
78962
79304
71063
5950
25075
88972
69617
94258
80925
63499
23115
66804
54408
11805
37971
42888
6462
48566
12127
55550
16481
31716
97976
52236
92042
40093
32626
38854
22008
13128
47776
17322
8785
35192
23272
50212
40516
9242
44470
21441
72741
83937
88245
43501
12094
26217
86389
34908
91135
14868
6811
23968
46585
21139
76204
38627
61233
8831
93833
83241
38311
41610
563
63448
76802
40188
30012
17318
49430
74482
55111
38523
74772
59708
82024
3218
2277
84766
38127
9765
99634
44938
33733
62571
66077
26290
17551
43662
35121
11384
26903
89784
69346
43819
69585
46148
359
99597
79818
49789
90432
51281
4664
65204
10990
3040
68422
29619
87806
22901
39384
3793
84191
73118
66364
66621
99408
83915
10283
50881
95300
53539
57017
80998
97358
26602
27147
97717
26200
23317
63858
32984
90951
84874
98188
18293
87914
82962
47912
75721
22216
3649
95866
6407
76767
62230
73028
92527
62498
99664
59760
74150
53203
33129
55148
66913
76084
98647
80982
2284
21965
61192
51620
29268
46066
49808
47561
33980
49122
11825
26053
71338
15474
38271
94098
8593
502
83478
1120
63000
83142
77232
37150
36345
10362
92298
19610
86446
7298
592
5082
45615
78136
56702
74883
24202
22862
38796
74535
88336
50621
16940
59675
66096
55212
70125
91041
72066
53603
8514
35066
36746
85746
88568
89443
12460
97218
25406
15258
4516
42350
36692
50131
20487
9746
41366
44689
32608
80162
35576
20945
30784
52517
96972
13232
24081
67097
4273
96147
37052
12787
47565
73798
14886
36133
79594
27346
49703
5000
58957
70572
47350
95649
37055
67837
5396
78422
28879
54356
58584
64455
75301
5720
33324
88625
35304
57405
72074
55930
69904
9127
68717
17469
99277
99955
69954
78871
43654
19658
223
2611
6582
47574
98260
43637
31763
20008
38411
60642
74365
13348
41450
66018
19068
91126
70996
70725
48532
43070
26655
34788
68549
11724
52258
67827
11680
38564
63050
71686
74574
63274
74297
81156
27200
88909
24794
58963
25270
79557
35958
99635
92905
77408
82005
28326
68534
53001
99051
33418
12424
42058
84559
80973
53782
36817
65152
81814
75381
44555
53500
49956
24181
44149
47464
51381
49411
88610
26696
74681
68168
79006
90668
61073
72766
72673
89399
57653
42027
88450
7423
54451
30508
91982
51776
643
28799
16929
98809
20533
61484
52310
86841
2017
12811
34305
69750
78574
39268
12798
53255
7436
91805
60275
68509
64571
49301
74261
22224
91328
62711
46000
45779
9572
37982
97555
26567
83134
30836
25376
3667
8672
94038
6860
10689
6850
57517
96791
85424
96785
9590
55032
20573
1395
15307
89083
82318
64608
63344
20895
72288
42407
66895
34419
68331
4877
48327
94898
88011
79163
20275
8030
4188
14313
31242
31229
37515
88760
28021
39292
1897
37611
10676
22471
39006
25983
27906
21324
6944
7602
58571
95584
50009
25466
30004
34693
30344
78331
29591
34707
57494
66218
42738
78034
96884
73980
9264
34399
79092
37285
90043
97342
91248
719
19813
46606
43055
64071
84282
66351
71673
42854
61935
21682
68320
91939
56375
98664
70270
2319
33372
44117
68537
92462
22151
81773
82794
47767
16173
78239
1404
22568
75581
92652
23288
95394
39258
82695
59465
23541
49046
47490
66395
10981
69172
51067
2921
41900
66084
89543
60571
99456
33660
45460
8270
72164
27234
91064
19931
59759
69303
37688
82327
61236
30340
21967
72982
85951
4662
48799
25844
53708
96289
92239
64690
81814
59658
83963
40066
25742
73506
637
41550
23519
62449
49820
95683
89683
57237
31966
49442
42892
69654
48122
4129
16347
70089
93463
2298
74752
42263
28142
44812
38552
36733
25854
20366
96391
9817
60432
38486
99676
77421
80036
23195
39871
46209
35230
29554
3446
67196
95349
62690
53203
43471
83171
85902
29912
76635
88200
21016
18898
32694
82181
57450
85779
8035
94169
98522
17853
70953
37008
33881
48375
17045
57076
88246
63254
92306
34152
83052
75854
45853
45742
45409
5676
45266
31311
35589
21901
35863
72957
40799
68557
55138
14601
54336
63174
25122
69211
97379
96076
6219
31260
44451
23264
88336
49049
2870
96994
99553
85922
89200
45407
48017
34610
51083
93283
65921
86672
15184
1785
75982
72335
86694
31120
3288
57383
94294
28411
26594
8025
40839
32813
39285
1642
72430
43973
50691
75300
57319
66596
61223
46520
12003
9240
81130
63087
2523
63403
66111
34059
81540
42093
22746
68235
73214
26034
41970
83860
70797
84916
8238
11636
34081
47523
29630
6511
7849
96673
98164
65168
63270
59387
28040
75273
84979
9170
38360
3854
88926
4472
54265
70466
62917
77011
55053
36131
3045
13375
36344
90195
98291
44582
18183
32373
8457
47814
55236
16306
44487
53400
97827
7757
29139
42219
83031
14118
51390
37743
34324
56668
58567
88589
27134
21485
81952
98540
73968
84998
11915
10312
91545
26559
71246
9728
75284
79704
57542
30520
12362
18382
83921
26541
26139
29412
68761
25522
43531
36503
63266
94207
93171
21833
99149
36657
59670
81101
35197
33639
82451
63465
43951
73996
90024
15198
77
65308
11254
57619
12180
23616
92353
96101
50158
34845
25514
35271
60367
85397
71774
39985
95956
64945
61819
95105
17954
21489
76207
69504
71480
75010
32969
15432
49007
39345
46982
49084
4653
58236
23055
16833
98204
15409
29287
64714
50254
71153
99985
26973
72902
71759
66959
68858
53056
45130
80316
87363
82971
72875
56867
54452
47885
89836
86236
96892
29181
33218
62328
50186
7806
1736
83371
22362
17145
12658
87077
83751
163
3414
27076
89417
91526
94035
74628
44582
55517
54944
31945
38489
44171
5164
9293
92056
95000
95529
5301
40533
28747
83981
90719
52905
85717
74091
75267
19214
3101
78696
19317
19617
82111
46394
9034
73637
56781
83662
34571
12299
54958
82869
67140
99129
88033
76433
7538
99386
71962
29191
39919
17061
13172
46991
86318
98890
37434
77937
18104
56887
56634
37422
76504
55097
168
1891
45086
56949
1905
79657
85600
56864
78878
69092
72345
83264
45525
96235
99002
33839
25426
38921
67252
38599
2264
53570
37489
39698
31508
71945
96586
4494
25719
89442
59591
25887
91333
4677
99189
9591
686
1141
82807
95917
70234
55152
79181
32111
51388
78183
82303
93166
33456
49555
31765
35721
19478
85606
91771
67338
73904
4709
71832
99623
10504
31423
41863
18189
52452
57404
27780
53138
58545
10587
49055
45131
82092
44588
93595
33480
39123
75898
42998
88932
41805
74764
24653
61283
76722
32776
44973
66978
37486
16805
66602
64342
64580
24817
82531
17032
98573
10312
86523
57118
20899
51930
18602
2991
96519
12197
52823
51994
4447
95822
40926
46252
86938
81931
23888
80012
14708
68861
46991
68546
2019
29945
32888
66599
54762
31771
99984
69687
42083
2859
43157
79335
54789
61759
98678
67660
90308
67854
19655
94755
80028
76933
57360
66966
58865
81248
63330
89925
66461
10321
58471
68480
56618
7711
51432
27732
39482
67768
97419
97918
70627
40577
77253
41768
2336
92283
9429
8997
60137
45436
3752
40165
22369
61112
23483
81234
58712
86814
71159
41526
13487
45982
26358
70106
70045
77790
97838
25880
61910
95258
23798
48889
35835
17403
90658
54523
9686
87
63520
69824
61875
83625
9989
84244
44737
33473
81831
19802
36639
69342
61328
50126
15325
87686
20232
1722
81829
18071
27602
43739
13329
51400
92629
65516
68803
83287
20039
78490
99726
83560
64666
61601
67185
74655
62197
28274
24480
44028
48076
61119
29723
25756
11246
45048
13443
47830
63122
11624
65901
90725
55363
79230
58477
64344
44746
27281
63983
81138
22123
80061
64698
86789
41662
48235
77796
20212
92861
18629
64240
57290
96100
93963
83046
23698
55363
12841
71529
34838
24465
37430
25563
96181
33013
84040
76877
94111
27673
40861
75249
66148
20922
56299
52937
78937
4534
47086
15501
97396
82067
79741
54686
78167
90057
54084
1866
61772
66926
73395
12962
7743
27177
38525
20276
60190
38918
97154
54302
66591
54367
45903
49092
91641
2203
2029
86930
23089
65467
2431
20485
63886
98525
91523
42054
4934
61960
60272
83058
45238
50019
96021
52981
77196
50898
89610
53739
89816
3116
24393
72760
57483
70296
21852
65476
72499
40233
68759
95589
22053
71190
32426
85939
86067
40302
44345
91001
18614
4617
90412
63852
70988
86433
33185
64537
37331
22795
18276
43500
42263
59021
32612
16098
29317
54464
81575
18169
11049
50334
30110
49454
37876
78888
35394
23944
35542
96091
31297
54156
709
21709
18008
88049
8142
51194
52586
61826
90341
87214
5326
32605
46235
54290
48703
91905
8754
46630
10074
36155
13316
56536
85610
51193
35424
37356
91489
70967
33447
22786
25123
50508
44496
59484
38558
68990
27030
7496
47168
17371
94711
68846
66328
57298
23136
31384
49203
48242
94366
59277
84398
7683
15813
86360
75228
67590
23716
66717
38557
57163
5855
80032
7672
66703
39516
46230
52046
66546
70078
99214
270
64789
68061
82950
22088
91197
30686
71291
39440
25053
46921
40190
49088
79086
26550
40668
46676
50266
23737
85233
23781
29592
65266
31453
12648
21134
94035
64694
4033
64114
63908
20655
45255
31969
3605
67343
39519
50644
54987
95311
75697
18260
35501
41137
97346
78403
81805
44023
28669
5542
29256
52450
51486
10874
256
64134
48361
94291
28828
52394
74757
9089
73049
20013
57410
93006
3708
96929
43650
75047
92240
35699
93307
44093
76836
90654
22496
58641
34677
67517
80535
80285
36320
32022
91160
36576
96156
39521
47219
41337
8267
21977
50426
81316
58342
7836
74322
62050
21118
17973
37098
29710
53672
30405
90156
46861
37411
12652
21854
72088
96522
2390
52374
32842
50764
59886
85770
63272
99407
32989
4609
7674
71318
71387
5342
29660
95576
79664
91711
33046
13989
45161
62756
84014
91918
52912
30875
29330
81917
52729
17770
94791
71471
70144
27633
22235
30030
13403
85508
45789
62744
6469
69815
34063
77857
91509
63723
89785
87526
71786
22831
1515
33299
1939
1881
41570
71204
32756
70900
69473
1838
5022
64264
89661
75167
8249
11897
21549
38004
13757
83691
748
20226
69858
51163
14435
61368
14887
20572
48894
3025
43403
66761
52677
61695
68643
94247
32899
17751
81499
18724
35941
86521
82988
25603
61688
7589
53852
99590
45593
67609
99633
46341
4187
69491
13857
18623
47211
28744
55547
96105
48121
98951
79219
798
76998
64214
95045
26249
98317
76544
44973
34259
63066
44313
76214
41106
51902
30066
57048
13847
97675
56681
76540
1862
26173
90397
36837
73384
19141
92385
85842
83615
7688
81413
84413
1038
45627
95811
27287
43944
88707
88612
94555
68125
32925
70769
9232
1179
835
66280
15026
14862
39314
7918
33077
65487
98316
69914
55223
33809
78651
41065
17424
2691
38830
18190
3729
84457
14001
47368
44754
19060
35980
39309
87186
85257
10079
96418
2788
27266
79050
34166
42129
18364
42085
75206
203
40401
61472
55427
74210
56476
12844
7987
59167
51675
26177
79249
52484
56530
26617
97238
75590
78950
52900
79128
64207
79331
91898
66996
6597
70949
1162
65078
5665
59599
56636
22221
0
18109
94000
90563
90937
6844
98550
66456
74871
41079
45705
43708
13961
88675
57298
5903
67625
10198
85032
31832
89529
76930
15180
12479
64231
32695
77557
86249
92294
50546
8470
8647
68655
2470
15562
75944
25666
14112
42400
16890
71543
4458
60598
1856
93133
17896
7759
60758
44447
9143
8942
50328
2426
40475
62807
66657
73170
56717
69258
81816
7263
77728
90463
92270
96550
6025
84566
38569
36489
26966
55459
24384
31424
16057
26240
40909
50305
50352
18019
94752
59495
26962
45081
61921
83789
24240
44931
56959
97309
14189
55127
20924
8270
45591
13194
21172
67968
14112
59741
20810
41079
15200
61546
88855
47609
87787
46117
97915
54491
64136
92667
13986
7450
54100
92260
91239
78341
37191
48198
75650
67732
19678
96575
92354
65269
26121
13527
49589
40234
89620
86751
97665
21173
48298
2872
68782
52437
48989
66697
6928
13126
75717
37266
36928
29817
45878
28168
24510
99421
92718
161
67154
12396
13088
75860
94017
55561
5739
59959
95795
95360
46710
9812
16533
11360
12685
1667
80149
61674
68365
3429
91152
60434
57048
28081
6603
2926
56249
31114
2348
65319
47627
85854
77716
77067
61714
71733
32628
67454
31692
28424
79166
94755
54588
12051
22467
67273
13718
2617
45300
98435
22398
36452
58869
79446
80885
81825
82373
53486
12939
1073
18806
76918
86927
12874
53985
48641
959
86613
32447
32652
31389
27965
43759
85978
40016
66226
69603
53735
85195
14903
52170
7594
67708
27392
87040
48593
9217
85765
18432
38508
86838
37238
15426
73765
66464
85763
38759
67423
72376
87558
16427
20118
15524
60186
22448
71892
42765
92051
25627
44312
23307
94150
51906
91015
21542
55299
39608
30759
57416
74392
69267
44255
11630
84693
34372
94446
86808
89483
61870
59184
93394
78297
95654
25270
38484
34454
97162
97601
26506
22790
41913
49813
16940
10172
57180
54834
65471
13140
85593
22887
87533
71212
83494
15515
55905
34219
9962
59065
23702
71832
34601
17096
50129
30256
42366
4965
64710
39529
18918
7568
78671
60832
73733
11963
87356
30913
66797
52827
44054
52390
92066
47939
23602
91913
63454
95859
26132
73416
54924
49834
61600
89525
83283
28082
36133
25649
33047
17196
81530
68318
41116
76553
29150
14850
88516
16506
62115
55313
85685
22521
24055
94103
86812
64009
86016
50267
76220
28500
40035
31144
78335
1636
37022
77970
29718
89507
19971
79117
6703
1502
47435
47820
94407
92937
79022
82924
25795
57489
54589
27832
96363
78645
21936
83175
42654
24304
33442
18875
52805
89830
66371
47492
91466
19745
41814
37536
9253
61785
16653
32308
79639
80441
96480
74047
73378
75502
56971
15526
49344
11560
43358
45707
6557
81646
45234
49212
22303
95029
84439
91460
84859
50810
38952
76325
86908
97118
13861
96161
58903
46866
28469
38543
27307
24950
12590
17038
16804
85913
32564
66148
13825
92274
28207
20383
73921
73442
85947
12576
84823
70386
4036
69682
37548
59340
46007
24456
56458
76220
36969
15361
23086
81791
70256
66746
6741
99198
83784
39897
85111
32700
6046
15289
24974
50605
35672
15247
40399
37971
27823
25222
24709
31859
11256
62257
91199
57263
3066
47657
49835
56387
79371
89274
38178
49627
56020
44919
48826
56156
84817
50289
88856
7215
65578
30182
74172
17602
45430
30924
55573
89605
72498
80282
21465
83755
58892
29016
57370
78310
93026
7206
34697
72397
96480
72876
38376
68852
17795
3554
41360
18964
53844
30216
42531
35774
76750
33056
53377
22180
63980
25302
11786
36478
21937
49603
20233
80829
78619
77604
59139
87997
1162
10188
76746
13994
83064
15123
82846
17212
35029
24206
36176
88873
70774
95060
41000
47524
28116
10729
86057
92096
36031
14195
28574
57968
63798
65160
55149
58769
42764
30640
46767
43926
40829
39865
57920
40245
71340
57118
57457
6370
97676
9986
95243
84802
5046
36243
32326
49514
63324
34735
41610
99356
48930
86536
73676
29080
51696
45178
87850
10812
92170
50969
71090
49351
90834
45362
89597
62175
18832
47054
84897
16508
73392
80140
1310
78438
32736
49989
27952
96060
84724
85914
11768
33655
88803
1797
62735
56851
46975
66937
84016
39145
34258
55106
88497
41445
16821
94446
19972
35653
41500
4869
52162
31245
85009
69824
9683
34097
19813
53988
46510
20890
56254
58278
70897
45057
76427
49984
18261
23402
16922
2277
78900
51180
57383
83749
92625
90556
78195
12597
26210
36047
33818
78372
67292
18828
64548
93328
69277
84362
63668
32139
5252
19922
90418
76149
81332
83197
26133
99593
6600
59407
1870
85500
26940
75605
85601
35917
66162
63796
64867
8724
99843
98685
3448
83488
33865
67996
76816
3143
68710
40484
35282
73962
76758
42052
66463
58090
25250
8949
74035
48202
84708
92257
50054
11648
84215
35655
47566
50377
99451
12433
75453
15646
11118
78901
99134
44984
46897
92302
64479
15608
32786
16113
5922
9545
58166
88738
83987
99768
14039
58023
47970
98747
66632
98024
10396
50847
50031
74314
1224
65834
86747
93029
81480
14217
71930
96967
75553
35180
89269
40032
67140
22056
56146
89414
47953
30664
94504
48292
46784
8543
6315
94754
7291
89300
9130
34039
40147
75513
8353
57724
41347
11452
50753
22827
25669
22684
19794
1223
74216
25416
57607
41356
47472
30105
47122
11777
77121
41627
60069
23905
50170
82737
35011
73813
72037
44141
7852
12184
36006
32557
69908
77353
44009
37014
16533
86031
76050
36327
3606
50266
78095
61213
7974
25567
7671
71448
53696
84792
13075
30118
8698
79598
12855
43709
53411
1244
4203
77616
29780
56561
10173
16041
33915
70535
53055
50448
56566
29105
3127
60172
95723
81223
37737
3697
23142
45408
75145
93191
46553
4573
23309
55251
84171
52516
15312
53934
53760
35867
31550
83540
92429
58076
15933
42696
28611
68988
93144
85177
14445
12623
45349
10168
93846
99438
13865
33341
44847
5363
26532
7752
9936
49841
63003
10459
2357
94667
64393
72469
46887
95944
72361
55668
70372
88295
98364
98983
57283
7860
512
71729
20483
62213
81897
30682
61651
12115
64023
22850
33830
6907
30602
60118
56748
9957
70577
75457
20977
34970
47926
67864
47266
20287
39884
33990
24934
54600
32973
82218
62460
33485
70299
99295
12050
68548
46329
73702
97015
10352
96552
47197
33611
27155
7315
6711
53464
94244
82168
74441
29215
46446
58657
92833
83086
98541
43176
8020
53141
76149
6590
31953
25987
93241
31249
38037
78142
77578
28091
75157
4283
24644
22355
54246
68151
46022
60958
37967
40267
43126
12409
85834
5925
71066
95019
89011
69608
38195
97031
39101
14345
19974
71055
56684
13215
18656
11073
91357
12586
39165
82867
16869
80161
21574
71116
64664
67596
48426
2631
7863
91552
15040
10049
13829
2459
5069
2840
72067
43264
16224
27520
73961
36198
98575
30645
65765
17231
58071
57123
29818
97236
39990
63039
93749
61564
50507
58413
45512
98933
77396
53376
6838
8789
63425
20667
11248
84846
23508
83315
28111
56084
10835
2072
92282
25763
49070
58047
59346
23493
31522
89164
20729
87864
68556
30830
49428
19063
5595
11293
34349
82991
64669
41187
91780
44446
61854
3028
29293
1714
2695
73756
74150
29883
92180
82784
55646
57602
57184
14992
81095
88706
20509
18176
76571
89065
49006
42351
24480
54601
53644
75181
53945
34665
16368
62077
95464
94575
65106
41109
12641
84153
14865
86792
14036
23397
69576
69682
81000
26760
1027
62095
31819
21536
80272
24742
26953
45630
67093
67785
16584
37090
42967
70529
88107
75687
32606
83571
86614
14064
24680
99256
98218
55897
2400
12254
79295
88328
98289
60295
31441
99316
22390
63260
37204
19014
4354
80509
64645
71447
48294
97581
24889
7613
68110
12997
83301
17068
96568
69915
31133
37601
85523
29351
9850
4275
57957
89145
92604
56246
65792
40397
71914
4535
20009
25470
23549
24363
5979
4546
12162
70626
2127
37052
78239
86589
66401
77892
3658
79321
64160
51143
16922
66035
80494
43125
70311
54803
32270
79267
27402
98063
19664
99316
2598
39673
41139
42499
64036
47118
63398
76198
34096
65525
29602
28688
68467
96003
6580
72125
91677
87092
23268
8599
69480
20114
51724
39791
91269
347
35410
18671
14762
55074
34340
33712
11099
75479
76211
91487
38949
55961
84037
73046
37839
13640
1734
6306
25995
24666
78431
17672
11759
18051
42624
81239
54517
10700
37382
45786
27399
89144
64458
42161
44218
98798
75873
71669
90629
68437
63156
29578
24398
47193
2624
62237
77185
4358
68543
3181
29025
63326
37205
57136
97729
79829
54727
52246
6882
8461
14385
34281
97605
78843
76443
58175
93993
68668
29844
84622
37105
93000
14200
61504
56545
33177
40093
33731
37535
24989
36912
82912
88315
90469
56400
2397
70299
11127
54643
93533
19588
69028
27814
33545
64223
20609
91720
74568
89278
37916
59190
42735
30916
89743
20591
3814
39272
60685
37545
93159
85674
90809
76072
90341
81278
32472
92738
67929
59952
63734
61462
79540
49114
5629
13086
13338
42590
21158
87906
31868
59075
63449
90956
6343
69544
11547
10157
8816
88584
64054
1975
74258
54863
94399
80952
52494
26872
73690
36775
86824
37424
14590
82716
86539
20219
12154
16229
62809
33313
20487
11030
8740
83936
18338
15083
53480
29885
41593
78648
18470
5647
80624
9080
76863
91375
6384
29357
34599
80075
66132
21423
33851
80722
20492
36742
17293
48998
69323
96455
98663
89811
23837
7403
90099
42175
38839
59932
88412
80432
38580
23234
86079
35556
48667
79294
26932
55051
8651
61531
51478
91136
99307
1682
88210
36151
54776
21856
85149
24100
18311
165
30263
42148
23920
20362
675
62759
80294
89087
43191
35227
12322
45623
87135
60989
24917
14067
32392
49921
91951
83871
57409
7610
85553
45619
60113
40329
83827
61614
80781
2138
61779
11044
60638
85700
31407
77665
48459
28053
66753
8003
63280
95427
69978
50416
72768
11247
80835
5160
61168
89138
89031
34929
13100
90936
96901
73213
31266
80728
34828
12047
99219
96607
39444
76209
98659
70851
53875
63471
98904
36980
71474
78537
32407
57804
45305
21527
69051
42492
26687
46572
31631
32071
81501
44731
23007
94754
34297
70625
75483
69125
99025
74702
82084
38469
50911
80744
25672
21138
60567
40928
58118
32041
19465
6877
6197
81122
28404
75248
23615
55092
38172
71598
3515
19674
32681
42874
30780
66978
13500
6263
52455
28877
97317
34540
67346
64581
31636
9370
85719
92203
50298
43838
40596
86116
50715
46793
67238
79120
38393
7205
50564
76566
95155
70431
12592
44189
13305
43372
27519
43157
65988
79975
72034
63305
30867
55732
27886
78855
65102
29958
87410
15401
90148
28006
17869
40863
91151
1459
36335
45896
8665
3251
22462
20172
73682
51406
64361
3340
94779
91881
46497
60767
88208
18532
40424
35427
74264
84663
14282
39367
14621
1692
71120
4769
29698
88989
61984
37201
90448
14672
83097
15465
17923
21912
51990
7958
73318
16351
11298
84449
24584
74147
61568
29144
92679
1993
64571
83296
86656
78853
39015
17629
80545
10135
38750
26595
15476
734
80148
22276
15406
79598
37742
49682
1510
89732
73992
91180
22435
1642
75630
63372
75789
37198
8868
68469
55543
73440
51765
42199
68645
7132
76180
65543
17267
14930
8490
49095
32017
88639
71371
47423
84589
25465
13457
86099
15197
87449
93631
53985
89091
69261
33709
64881
22812
42577
49702
78355
16017
17819
36907
1015
24951
13087
66558
58570
44370
75048
7665
76387
80039
79036
40162
64628
20854
53620
67079
36051
41069
77063
6388
46513
46324
40097
11394
85488
82675
77448
63844
15044
95267
17103
16059
36570
46542
98969
95140
90912
90370
19157
83651
70409
14545
23814
51390
35399
77434
34821
71451
34855
11884
94191
81368
74561
34289
9114
60049
33316
2914
40245
64712
98181
57348
80772
51103
3891
96093
46243
11155
86463
65400
94807
73225
79946
18621
24615
15345
96055
75788
3148
47262
4025
13692
44983
94938
64333
54097
54987
97649
57012
11585
62361
71545
68933
59485
22649
89176
55579
85244
332
58394
50645
11491
31619
46943
30112
72586
78640
42519
48375
98141
89781
68752
11833
51116
63690
76166
5214
35029
90167
78578
46614
52528
66475
31900
28366
5476
21076
297
90721
37760
58691
57718
65603
6663
21013
95715
79249
99653
54586
43976
97794
60720
12728
25979
11836
76418
2145
17050
11448
92312
11980
58062
61193
94808
6314
5911
284
43743
22560
91005
97855
97603
65075
63459
4266
86088
59174
83516
2094
13761
27492
99888
90833
40221
25868
2669
32991
44365
36072
44439
53030
48052
18854
14223
59212
25168
20134
59497
68911
59046
66854
66767
56649
31930
46578
60916
34370
5752
44432
36464
35865
88276
52705
26698
44849
94925
45720
77841
39290
81792
22280
92320
46196
57486
22895
5409
82655
59381
64906
67918
18427
31760
51037
75077
80042
97615
35993
14413
19720
96777
67229
71937
85053
19934
14988
46255
14859
60708
24096
70502
42500
62728
79174
88696
20215
2070
94105
19222
61451
59011
87140
96231
7124
54530
71308
3518
68497
23653
34283
88217
36782
1513
76507
38187
37799
91495
84442
52659
52203
8538
23161
94703
71267
2335
83399
7834
20757
93857
27056
98561
69220
30548
94792
76344
85078
82452
96215
69928
6105
30498
74497
42887
48363
51004
97426
86163
42499
81869
38822
94702
90407
78335
5757
78026
97022
89157
85860
34132
99366
12916
32693
68586
43465
43837
44931
44895
26289
57498
31175
48746
87996
5673
7985
36360
56677
5411
22523
15529
87280
77697
10231
94040
72384
15989
72066
85758
21498
57927
19890
20864
87195
52583
89450
47012
96420
50733
8260
22709
8231
39435
87807
12580
45108
95792
65292
18138
1204
87815
33667
88484
81864
60250
82524
54248
92591
70943
40006
14089
45222
59897
51305
32417
28832
57108
95782
41605
24193
4042
80666
32425
59829
68474
61357
21290
64266
26649
39428
65470
30816
89447
70307
12680
49697
69183
83280
42289
40126
39638
72730
85348
15887
24036
34118
44720
97496
29900
2677
21689
33942
83343
70466
93771
51817
31823
15061
32436
58472
70841
14258
89288
60288
84565
18320
9986
53749
1600
68627
10227
41239
41357
95576
57126
65393
29694
18198
79241
59594
20875
931
9888
4219
71397
20011
72388
3221
51425
4824
78045
22266
35435
83686
98907
20000
18358
25245
90101
19959
93872
16681
77550
35229
12257
51028
16975
58303
85579
96216
34249
22806
97147
60489
43377
84897
80500
15766
4470
31925
36942
98867
70544
88729
82553
69451
8730
912
94696
15183
37223
88568
31864
31125
23797
60473
98505
57124
35128
436
53341
69377
23243
66840
29866
66620
68089
10367
98738
72559
58644
52033
71427
29188
40762
53980
98639
65844
71244
9687
81028
24819
98255
29244
72296
38405
6070
87154
95529
41198
87590
65222
10576
10833
48415
56794
77454
16504
83513
92544
89064
42158
44577
76843
87698
85340
47175
2690
67536
34772
12377
48564
59591
10633
94161
48240
65390
231
35394
60919
41429
22984
42494
68357
33818
7261
41504
27624
23765
25017
36520
29181
83527
81098
6024
71226
82790
69552
90268
50326
4324
2645
15243
63915
13278
25756
28507
78668
25987
63901
55940
83768
86886
14786
68478
37056
22047
9982
81032
62164
51351
17552
7698
34879
15002
30074
22457
14144
99626
12725
80823
3950
15370
96066
84218
45001
21822
12725
40021
64161
92979
12313
64281
96217
27099
32759
49625
65498
59093
30657
27663
10445
64561
51713
61676
95916
81787
485
10060
97766
13210
90883
1716
44932
3301
2286
89933
41475
15012
46307
21988
7991
58620
86270
20560
85720
35381
70185
67570
10827
842
11585
21272
81755
63298
99300
94023
61438
99785
4084
59204
29347
11319
60920
74279
30973
79559
80565
72448
94571
26872
10789
18914
85492
97059
39474
87564
48792
26011
55135
59619
43205
66720
97243
24960
30019
96543
18984
91457
12680
39420
50661
42027
67091
27933
16307
14416
23844
96872
3217
18415
23744
14006
53681
25588
11065
9507
13153
59857
35518
68288
35829
95075
35008
33072
20036
65027
45968
55372
72836
58648
11144
39849
17028
94587
84135
49687
9004
7979
46559
12221
42747
86655
26227
12780
12243
53644
38640
25396
29853
90510
10036
65682
85586
45045
15107
21974
26424
61075
77346
15613
36075
4842
55462
69455
99429
55949
19142
8433
80281
82053
37006
39380
85060
63233
52160
13656
33229
7152
39052
63083
97663
65441
45117
83249
10486
60224
21575
53262
37651
98921
68875
90079
20115
40690
59534
19544
96639
95029
44330
93272
77082
97688
32652
62143
77274
84813
75799
10503
91965
31203
73586
5980
96644
18704
5581
23482
95280
27156
76745
32932
42429
45620
39363
62544
86310
98897
98441
99302
10278
42771
92574
87361
56811
41579
65856
34085
26392
58007
44589
34709
5562
34527
40690
18559
53231
46271
42041
64864
73428
35138
14148
15857
97111
53511
94754
99773
68760
93195
99075
79039
52318
8002
82752
9129
49581
64960
43215
92325
39319
87804
43386
44881
22331
428
63440
91915
46700
21834
73131
36480
73324
87279
68689
70435
40790
63443
70209
25902
72990
85636
4941
25308
9990
4045
34438
75923
69005
94005
84600
8324
81809
27987
69558
20492
28415
49350
28759
91467
87536
1890
44299
60861
89169
29341
47648
46311
9136
17857
72214
82127
19846
93507
23787
46188
97553
58225
22112
82910
52230
23064
7587
50391
51051
93497
70884
95819
42847
99643
3638
30384
17886
64290
7597
7055
9983
55245
53367
19119
89455
41933
17598
25653
35440
41386
71841
49345
15963
10305
48608
84546
33370
56195
51289
773
49692
38525
12944
8891
54521
32935
55627
72407
97225
63224
79462
7208
34822
49181
42679
24277
91114
60278
49930
42907
18016
38123
92252
50331
48429
40860
34877
81799
13407
86167
82572
79451
24692
11869
4695
95565
44804
60322
67972
42029
23547
47435
65589
74721
12968
24620
15350
4083
84898
81632
46990
19266
19755
55594
69598
68184
12807
20827
66335
42566
6994
65260
22018
48039
77129
26713
43604
21933
3387
11577
80314
43286
75364
45903
18007
4684
70523
33357
8767
71774
14989
72109
7392
34745
44056
76990
19281
56863
97818
1969
99429
21164
67229
37799
85555
44358
80864
29160
66291
84252
57089
46605
27538
48805
8860
45546
53489
95735
95255
78609
83861
26597
67070
91254
77694
11126
84596
96975
67989
98766
98944
83771
19931
66173
21570
5486
26883
2435
50998
9526
3039
24439
72483
30577
89596
81343
92475
43086
93431
87731
38047
93644
30680
5117
1250
8374
16244
85847
5349
585
84613
20646
84356
20896
3171
22279
42735
46407
41066
10085
55933
44105
34525
28417
74682
24121
26112
83510
83559
19543
87593
21606
29540
18273
43076
30790
26647
59320
32989
48348
76257
33955
85346
60614
54851
88518
99245
13938
34925
40311
24024
7210
84416
74901
35627
75450
15374
61740
58960
98934
97635
46553
36892
43527
64826
79968
74318
7825
55640
7307
56174
31898
57614
41520
92512
12466
46390
91757
42756
97667
48420
66780
4878
32836
41681
56857
8286
57056
34949
67247
72342
32585
30152
9234
92464
11331
5555
66782
19156
61195
90442
75330
93093
48056
33203
1957
76874
95945
10066
35983
93613
58486
2763
14843
91322
60797
71700
15961
34205
6650
83208
22899
55587
29712
32133
48051
41043
54040
31186
60200
15236
37980
51882
24681
2388
85085
26639
95615
81031
53057
31598
90996
11544
50713
5839
19218
11510
93891
35179
62067
541
34739
84966
72480
64452
33452
20532
5495
87492
51718
65695
19080
89698
33930
43762
92086
19015
86753
87701
16398
39810
35651
7394
51354
86365
29585
70573
97875
23477
5752
59943
40370
56844
61261
12851
21296
94713
33383
26791
82206
1453
8839
1286
7503
42769
61400
15941
78136
48153
19995
94535
4316
55646
18281
55670
42011
64219
42595
56239
4048
64700
32534
44418
21544
93795
57269
42840
4861
7004
85983
87067
8457
94822
4705
32312
53943
82458
48254
32080
46963
84601
42967
51279
56599
77600
23302
98611
41819
82249
71202
45867
46949
20088
90286
84845
13883
63907
44037
18744
70912
30021
22163
95721
41195
43221
28034
11491
42031
92640
43571
88994
93593
86538
40274
50192
80490
79928
65155
22310
62177
36357
84529
25479
56445
91167
10324
86681
55075
70714
21777
42339
17087
60293
38060
74634
3514
82446
86125
45545
91438
29696
34539
1383
32586
91165
51576
13077
87445
16731
51739
49623
53089
52620
91454
25886
43788
18130
12567
15215
88844
34345
57554
5931
94638
11966
96918
14504
10765
83043
76401
18555
29092
27292
19939
61678
18458
71515
91107
22255
4598
59198
71878
57687
11819
63332
99926
55607
97815
12493
87174
86659
63190
44728
8943
74180
73046
5861
5036
163
88904
81437
18719
17996
8730
55010
96027
43540
26525
3486
65795
47475
62685
54026
21515
74504
33710
21441
46463
31525
50286
33637
18185
29829
94717
43480
4009
67763
49341
9046
84279
54597
6835
2998
88946
15565
58008
84973
59105
885
88459
41253
48360
67496
95279
69875
58352
28989
7668
4815
60515
57955
54804
95052
87784
49521
38532
8145
33637
4225
17191
17916
75174
24027
37266
64120
55944
11626
65445
31402
12511
70257
72655
77223
37753
84286
63451
96106
13275
71119
17273
90142
29074
72078
1546
33210
37951
56430
41356
87940
77007
74899
22208
52182
15278
75826
16302
71223
87452
81748
18977
16315
68357
91632
93539
6110
75918
73342
18568
5545
44461
35842
12040
89888
24272
13586
39450
62223
86369
80806
66516
63376
55706
88724
15558
87336
80903
48213
74911
68355
46313
93888
84671
14670
85520
94562
20780
77790
67904
55701
99688
28717
91543
11728
34957
15815
41666
74408
94390
28035
55214
60906
91412
27272
65983
6970
14609
46886
55183
89520
31593
1496
99761
32616
32518
85281
27178
69651
79424
11434
25352
79112
40152
16895
90840
75109
49062
32506
49517
43452
76894
21084
20711
68306
48356
3046
91628
79317
66284
63164
85190
97877
81012
84951
46846
13531
86584
74024
83182
66008
85459
8534
45120
41963
41781
52312
33424
90843
1171
99294
50647
78065
20378
87710
46371
85086
7108
54351
80756
89744
17515
82298
3974
98528
67249
50820
28411
70185
24844
11593
36194
26655
36479
97666
84970
78260
66331
18395
85455
67502
34041
52454
45567
54419
56517
8290
55857
79977
62641
52965
69722
96509
35263
73696
95037
18864
24516
39800
89050
65712
51393
41596
8720
4224
55614
93690
82484
21945
28437
84291
5799
62478
53097
67718
33249
9614
92360
5459
5944
71354
58424
75666
67863
93688
49362
79252
12552
90230
19052
17954
55942
70445
59550
81014
74669
15165
74705
73505
53462
3142
74148
75614
81973
27245
43332
15222
53212
35693
20681
59156
7047
95458
51174
91262
89146
16888
70514
18050
7118
89566
36005
79412
76363
11907
60427
51032
43424
51484
40889
96887
70978
31389
88853
52951
58634
32185
84526
28198
84230
21559
3706
7629
17017
54880
98891
22515
88120
69405
40566
95238
58971
92923
91003
35334
21182
51430
2718
64607
19266
59959
77846
90244
91348
66699
43196
66335
98884
44074
10885
99467
65633
14592
7096
99003
85824
22340
21518
73945
91745
78436
85535
67069
87711
76538
18755
8894
44320
37826
73501
63586
97785
51347
70183
89134
34398
29731
71821
49634
73805
82706
49101
55790
13650
72550
54793
99475
94890
76312
89772
86635
54748
91659
70056
58812
68198
88812
67706
28870
26638
57559
8809
40775
25258
78992
46261
59656
8723
18082
9290
82528
17141
74744
54670
30791
47294
9464
46618
42184
85776
36390
45171
56876
44402
31580
15688
12600
20392
83394
57822
63382
57305
66631
4157
82563
45623
50419
42219
70698
84853
51510
69578
1994
26254
24249
32786
89900
33713
95756
48436
19489
48499
93607
92717
92901
25187
24758
5501
61931
24504
79675
41665
81810
46307
45823
64373
8282
12594
6593
78981
97447
74455
48559
15794
17061
72808
48580
6961
22873
44336
55397
58714
9187
65356
51432
2088
6896
76190
7589
85179
17046
3617
26845
98856
49924
72668
63230
58206
1614
86175
53539
99061
76982
2099
14855
94043
91259
79787
17356
30485
40476
89105
89199
49663
70813
56983
51752
77709
33173
75693
79241
66572
79310
6086
65428
45586
95106
28658
3793
96720
31185
57332
12133
8167
75783
43341
2210
83395
23128
35918
13880
79956
25023
3079
45972
12189
60063
97724
6250
9588
89769
85491
76160
85432
91577
57941
31018
3035
86599
51163
99755
34137
24848
28241
42304
631
71582
60867
378
11062
96785
14258
91019
38161
33690
36991
66702
10105
51067
72952
36045
57188
58444
28558
42620
66373
86499
73639
69409
89450
41154
85516
23587
66002
13757
65892
82986
85339
43111
83364
96402
39896
13975
3773
94409
64017
57116
61111
74122
24535
50416
10167
81723
8860
55077
24344
91585
41576
14335
60994
31027
55489
62863
54614
37844
76620
36858
20830
78312
79969
20546
91066
36218
50873
94839
46979
14890
68307
24443
5364
92842
74859
31884
74565
83719
86961
15261
75304
28538
45948
52651
75917
17790
15514
30531
55634
92134
83742
92816
86798
63711
29714
77864
16281
96940
89055
63261
28182
57362
87704
33547
50204
62563
81783
41122
62634
85096
72735
54290
13634
18684
6941
5903
52826
38807
36435
24812
47294
36529
33980
34092
240
63694
11957
32874
60634
17364
12487
88817
74727
191
38716
41283
79106
36851
98757
58092
21947
71493
12382
51934
6529
35676
57837
75707
90835
10624
519
38129
47153
34499
88574
63746
98193
531
96620
75180
17895
9107
80349
8974
25650
35417
50258
21108
72268
65367
79200
10567
36860
7934
62501
59741
43610
20339
35448
50798
30963
35967
88927
78117
86818
77501
41863
1364
94384
54835
76544
28632
80294
73245
37606
5944
25014
4216
27052
97282
69584
22604
7849
22796
30538
86703
98890
90501
7042
34338
41299
54357
86658
46578
48826
73476
24080
90689
74840
34816
61876
67736
63448
42170
57333
17407
48114
82347
21623
91518
95981
7559
30474
3831
46708
61013
6886
45598
67866
13928
79936
25517
68285
82946
72095
33464
56423
96175
40505
47615
47344
2382
15352
10792
44552
72685
28199
9019
55033
66175
16889
51014
90086
47364
71197
36794
24729
78083
82392
92595
8363
78681
34464
93001
61627
6559
26465
18050
19087
66970
65666
66431
85704
97370
77223
46609
70055
21775
55628
41440
4302
88869
8807
94388
52585
96356
47535
77314
74440
29927
86261
99155
24960
20725
92156
86588
43637
34973
20990
62724
18296
3008
29155
4000
378
22730
50609
86786
60857
22589
44578
65159
27811
53385
75900
80396
66094
23435
74063
56886
69714
76676
56041
11027
97402
64550
97615
41039
15875
34957
20115
34171
37966
49270
38172
54696
72000
88781
57834
32858
27723
18765
14369
55534
88502
90269
35930
54596
30056
9993
11482
16123
3022
67524
27150
424
48426
24765
57815
64301
76074
77930
98473
30392
43552
52997
85089
31904
58130
59275
81114
85853
78040
95484
41387
82895
2105
93670
37491
32162
20015
48974
64637
23037
32850
91787
39813
81276
32904
13980
61929
8978
91910
60402
39371
51814
13399
40812
83719
71530
87
64833
73735
94480
60317
31475
77375
78775
25145
31218
27289
61512
96544
91926
84550
29394
83713
24363
27022
16617
38344
5304
41947
46606
65706
81318
98421
95458
38482
98492
83340
38570
63325
73427
49402
39995
4902
43129
18770
30047
90699
46059
91560
87244
37985
92462
32990
38050
33177
76365
54667
87873
81669
12966
34480
63727
94285
49253
75537
32767
47745
75229
87689
27422
48657
53443
67417
53559
12924
2539
83607
3624
64950
91519
90868
19287
83981
40210
73689
33510
16575
44708
21384
14596
57675
72216
78324
51960
21469
70213
1079
85566
45443
5121
12988
94100
74916
96758
47659
87841
15649
47618
7817
96952
39137
98685
32591
39470
55247
6281
72981
88175
50989
10717
2771
8664
82933
97447
76976
4402
67661
94408
6320
13104
99529
35660
7204
74445
48770
54863
78638
64420
2482
86455
61372
57971
1492
10315
97442
56740
16596
86775
44915
67586
97492
64038
76250
80425
61486
53227
1179
29147
47635
23851
58603
63516
59511
65807
54313
8282
37022
32952
72702
39504
35759
50426
13828
37252
60741
27622
10344
77338
14397
71611
61276
28241
52001
37526
25018
13487
7105
42549
58986
71092
66400
17589
34608
25911
99748
5274
34193
36771
38226
23247
92627
90337
90025
6455
43941
67119
50429
54285
60809
81178
42248
22085
9419
94250
59611
50789
7737
66717
93338
83076
54161
76090
17017
88770
2002
33118
94044
52547
69889
48622
75795
78868
55311
82172
1676
99253
49291
52105
53538
10100
33284
12139
32185
59055
6389
8149
9845
30478
91218
19535
29906
45379
95626
46924
50501
13980
80042
60897
66527
66283
25871
58674
45151
81183
57199
63179
80436
6490
15285
50326
32943
64921
62465
81480
23976
85206
89629
50173
15685
97199
86061
45591
42579
81687
8867
9432
12019
88909
70330
94898
71544
96201
69925
33048
93736
27124
96227
74172
49966
27864
40851
82909
92785
3316
64390
16762
4875
70371
83287
20560
83923
69348
82503
42854
67387
91371
52286
79406
96632
22616
90657
68177
35170
60582
17577
28906
87706
13804
19431
54024
58021
60282
36934
50806
79950
17676
83920
84825
4399
67208
21737
88322
52908
4241
31176
20296
95612
83463
16054
92244
22431
23063
76773
73953
83645
94350
19212
87703
8155
38643
41728
82528
15277
95014
33334
95227
29042
17255
96405
49793
815
18142
38116
70075
22383
85644
6723
17995
85459
39130
10240
24243
62193
3365
98196
62191
97716
17408
49894
22223
72403
7974
4751
87680
19340
38085
82908
48382
71692
95665
98176
88859
13807
52644
58935
36191
38288
65658
54186
40100
4788
80778
64343
83334
84144
62539
45525
98212
96300
11771
20435
85055
36098
25186
72736
55438
79623
71996
20173
67668
67661
34701
56527
81468
3697
31814
34011
41985
13825
88198
98437
34965
85328
62780
18299
85824
41672
63824
84036
54324
91948
20823
39379
28046
46009
12115
83484
41985
463
20009
9653
68124
54710
66180
65945
74759
14347
99956
16745
28172
4506
31534
63137
6187
94315
81437
8363
35987
61613
92400
6663
53561
13223
46042
97959
75585
74510
97796
17570
74973
17805
27223
59450
88868
9755
41747
63627
24102
58055
96724
68626
62562
28259
31764
85101
38926
29553
93464
91265
91166
2216
97928
61080
15440
60322
75391
7377
34832
73187
24947
26158
7345
68522
85608
96213
94629
27355
76192
18732
85410
89269
87358
64324
33880
35474
65777
72806
65027
59242
80423
72546
61458
78351
33626
93250
38673
9017
16979
89858
98557
41926
16016
5902
26800
17976
18467
21430
61683
94659
56514
63445
280
60224
27770
34160
95699
9899
23318
60726
69141
3741
33272
46952
98444
83250
56554
53470
8620
73534
43328
7177
31812
75696
13079
74965
93672
31546
12747
55355
42557
69261
18800
59190
29485
62922
93350
41536
72822
33021
18615
58315
53114
51887
21619
51559
51490
94526
21381
76462
84412
81061
83639
32576
56757
13070
7541
66781
60968
20288
22136
19877
5901
57288
79067
35387
20211
88770
93275
9385
21791
11890
84052
74905
80130
5672
26464
31620
198
64197
8082
962
45258
8073
33538
2015
21143
57432
68796
82111
77720
7284
18340
83622
64573
97408
35361
1136
86178
28636
10521
7969
56879
94573
82874
37009
16597
25691
68629
33147
89888
93063
34109
51499
1136
67648
53514
38631
41432
38663
37094
19152
45947
55434
19126
10520
52842
70839
28008
39020
15828
38529
63341
72707
49455
46216
9716
66052
88259
94697
15552
94499
87760
49661
45998
5248
33661
15865
43879
75093
54528
80973
10598
16827
36407
46076
43700
89250
33268
71708
44622
49096
10238
7964
38155
76045
70532
64223
58449
75143
58920
74001
69642
63032
23663
31993
68280
73676
47858
28511
48770
18738
9484
75720
35565
62243
21796
79265
67845
71416
50974
12468
20512
77564
36784
75019
69961
7316
55594
28410
82459
30866
2412
68453
93898
42427
446
78530
32455
64656
23393
97577
83394
32877
73297
35312
11473
11446
14577
95670
82862
81903
8138
19727
59467
61274
94746
45780
84942
66693
74191
67401
97559
92955
52207
91458
35382
69005
86340
84189
50014
9734
81767
49760
58963
55064
85072
86788
82862
16002
82459
65725
97905
90597
85452
73725
68224
96550
19505
53166
63243
10048
36920
77155
3003
5479
68613
54737
74484
71305
38927
24498
81039
20694
90611
56355
92110
75683
43143
74973
8037
25602
57050
5943
32552
42502
96020
776
55404
31877
70294
35000
41926
7214
12155
44929
12693
97120
99667
3530
68425
54946
44380
65817
75640
34991
38524
84102
27027
81667
59075
35064
23622
16125
57359
56174
74979
53379
73302
46736
85257
43596
81736
27183
67163
10243
88464
79856
23715
88131
99738
92140
59429
44119
74309
35069
79110
12833
19172
22489
10853
94599
57554
34475
10725
14913
90649
2056
68293
80303
48792
69902
23899
46880
13437
7414
57123
1901
3623
80838
6385
3361
89331
65814
47480
79992
17236
42943
92826
36408
65432
3679
47359
22986
54506
74436
54252
45155
76493
38897
41810
25285
8799
65709
72166
22236
73124
45641
24137
93099
42832
30522
96460
48515
12689
60293
28507
29925
3236
37685
82685
85020
41364
30044
24359
95870
4481
78611
57377
80974
17508
99187
22611
42659
81249
11129
64895
70725
73123
5384
63824
15955
52259
76636
64470
64948
36929
9329
94873
56517
47015
77558
41538
4731
7602
82249
16954
28435
60860
90683
25761
94720
89871
48373
53731
87472
59502
18626
74549
32625
40362
38373
64932
92621
15009
45754
57569
68291
55084
68794
24808
2099
46352
66346
6830
70307
64947
40136
98742
42159
30820
24504
36879
37043
89229
6962
24515
65083
41940
99064
97709
82303
53789
78993
91276
85150
24748
48846
53441
96184
17640
78250
14635
80345
60948
21465
67004
25896
77954
82098
68055
8774
22954
21287
45817
12183
28249
70332
77267
70190
85748
91328
68845
39537
86673
60121
41039
11421
25319
94481
7605
42960
72731
38592
39657
50031
76410
6661
75927
54364
88759
60335
63138
11714
81622
8955
40249
26223
95639
17516
96413
97739
25196
81610
53628
11870
41732
94667
23291
67051
89148
47249
26363
78231
85841
66020
28263
62251
89033
20542
32967
77793
80877
96105
5859
78851
21412
46108
5075
33403
79977
17840
31142
5173
99451
84770
17043
57535
79438
56687
24586
84938
20288
67302
63170
22481
49674
7785
1085
38708
44679
34052
32853
41909
46510
38712
20760
84274
1172
42187
17678
81149
60028
48820
86323
75831
49943
19718
33366
45733
92757
74304
30671
13045
57958
10193
51879
7633
34330
52964
46341
95362
3368
95546
37271
66230
50610
58031
50505
51782
219
68183
32932
76599
33355
35607
52430
99650
71677
2148
45383
64435
76452
92407
93832
50763
18952
45711
58396
69635
15027
21089
64997
34748
16635
2268
978
67245
76651
51483
35379
76870
19666
68311
53469
69374
20270
22251
69024
8300
24399
14408
72735
17204
23167
66567
67967
58471
28631
42715
28106
43658
63804
93103
78406
96791
11723
79385
80388
88375
47220
15767
81597
66887
431
51419
52613
20701
73670
21637
29001
14422
52397
18088
47978
75564
1008
32297
50388
29639
75012
78494
89649
55168
87950
84408
51959
99673
80145
32347
4400
27365
48114
85998
10604
48545
37417
63217
85599
27439
84855
30952
58213
53604
65393
6191
45521
66401
54840
95909
96040
29852
74403
2041
1372
78705
86449
69683
78379
66594
2030
99131
93960
66497
85129
20916
31394
38898
84134
33345
82690
85341
64298
57255
38945
46043
63447
84466
12444
34639
96727
24836
80844
71131
26877
82216
66188
29679
51900
44567
96273
70282
60051
6585
36779
45180
27502
84526
431
27988
17871
99473
13329
98521
56728
68626
44564
36527
69445
73360
71167
66172
98196
52011
53655
41426
50579
19844
71105
2479
80763
83730
89114
40814
6668
25893
2347
34170
26771
2778
78510
44643
2251
8191
59516
75331
76817
20433
11859
46262
93793
83026
12435
91990
51389
66090
49768
1968
2286
20873
20800
83050
20955
9914
23864
27623
52159
26211
78145
78931
45341
56655
39926
63944
64846
15794
39276
58016
36227
51135
4278
30021
50513
33065
38363
18254
15508
88131
36574
17794
25356
57374
844
46311
67288
41061
73935
35800
67272
68432
31083
12614
25088
87361
76558
6286
3155
15834
64302
39383
83321
84933
69404
50186
34350
7767
68440
66210
12250
5015
84005
37606
62389
1201
83917
46030
42262
74204
98182
25887
42637
29265
38501
84077
16626
31411
6715
36133
47246
87370
75516
46919
72303
61272
97106
23005
85391
65546
89216
97641
86913
73221
35247
65655
90774
35517
28037
49389
26073
26219
75276
68710
71836
30129
69139
4814
61540
75855
40947
25138
79577
16464
72058
51880
94088
69164
74885
79480
51062
80453
93473
54328
53674
28721
19983
60801
80590
64372
10190
6663
90591
1818
91726
78779
31947
77217
83593
93487
69424
24540
18626
49001
57356
7036
17233
51445
92552
8471
47277
59966
88924
40750
14294
58951
69471
50629
19752
66413
15001
46294
73077
5592
48112
81155
723
80059
58372
84316
89898
27797
25209
24876
76798
82565
31912
94032
34010
24464
2503
81287
84431
7779
38390
98725
66730
24213
49355
86482
90627
64356
49128
80056
86301
97240
61211
87024
93651
35935
87693
83550
63732
12902
8426
56883
95467
56691
67267
45830
81155
69770
43469
65586
93901
81859
80664
60632
6073
46371
47114
13052
27079
12595
93108
29732
9835
70671
33109
19839
6606
20802
19741
70339
33704
44519
27222
45523
1210
10841
7705
82366
96963
51175
64304
90864
49386
61320
51496
71811
7691
14963
84863
51123
27558
77971
80855
53745
48642
13964
73584
71601
34766
93325
41940
84822
37845
85514
46698
55407
96355
54403
54125
93318
5578
18430
84182
71317
96102
52031
43128
20146
66994
44344
71269
10904
38667
68476
64649
3662
82441
38234
75263
33559
47911
17203
34734
2108
19069
81432
57516
31776
35835
11641
41446
57766
30071
41980
45435
42526
94011
88563
62672
61005
49259
50293
88261
87927
18769
52911
91589
1210
91145
66852
51122
55408
407
85856
57517
19476
83640
15033
67604
19475
26674
9050
93593
73098
51030
39028
15624
45042
43944
94648
22399
93203
44941
10661
97482
63710
63572
89071
81273
71069
72275
32395
42829
72682
34603
346
8510
18243
15379
76114
54070
58406
85164
64016
31504
52547
3044
63480
97589
63340
58128
36340
56544
3069
47001
70378
83131
26925
59450
64404
14346
31725
13151
57176
20760
47754
73874
29270
82349
89254
21737
36420
47660
6901
436
95516
59448
19832
58996
73389
83173
33476
9730
56069
36545
73083
26447
36028
16361
2249
433
47059
50327
13584
20587
71087
61339
94462
16709
60040
83716
38446
96460
47728
61700
13248
43244
37500
49433
18592
10890
32606
52068
36972
5027
4965
26407
47826
40993
59120
50076
57778
6180
403
71363
26767
87842
49054
21229
4551
9094
21297
42998
21907
69025
21050
35155
28621
58550
84588
63565
85792
33546
15633
39116
54925
36950
65524
2752
94296
24644
52828
52074
47176
69583
39789
90296
57425
88843
11525
78328
97938
49175
37678
36197
34552
58728
87704
63174
17279
72293
43091
3071
22191
75077
42188
77117
12027
24064
79869
22675
65060
49049
74750
12237
34984
14539
2533
8761
19735
30410
87089
34025
79585
24768
70222
30490
99848
57926
10016
17127
46571
53107
36551
68763
28184
95091
62232
56564
35507
58453
79239
567
23854
70341
29156
58838
84881
48041
67599
4616
94804
71040
38641
90741
12160
25215
21231
12009
83141
31247
45488
29713
84355
98391
14828
28891
9834
93412
85455
45341
51865
81047
62261
75719
51388
91417
34557
52621
55811
18508
73589
50615
5900
28582
57708
34413
53797
78940
46422
36939
26539
8262
83004
10894
23006
14184
56138
32840
7596
57945
78182
59461
38992
56795
51532
6733
64564
86089
59354
20375
20949
49296
87342
43201
77878
45051
77614
31676
40343
40388
84967
66882
48651
84323
94129
71657
98507
66619
20849
22455
24564
99031
98268
79909
72178
49800
86642
36743
52241
62348
57118
73190
11644
60813
16391
89523
22216
94006
21199
78911
50746
22518
45793
99397
6841
56274
87406
21700
22893
8256
44155
47458
23639
58775
27367
95818
8575
30361
32561
60816
92709
6031
34006
4354
83196
66749
93877
5412
77107
31428
84323
27854
70298
46469
43603
93491
19095
47362
15191
41989
55618
75698
5799
95609
34473
49518
91427
59400
79879
40340
20216
88940
62724
70574
93294
45920
37323
3523
67685
30783
51303
68360
74989
37953
31181
18592
31444
50277
65954
46635
8618
37924
38685
14417
33534
89510
80287
24961
48910
76518
81654
69126
65458
44378
39700
75105
90298
93376
94980
74335
24159
46284
42696
99148
589
73877
34092
32034
24154
47
95021
32772
37971
33707
63541
87857
23217
60180
12819
88480
36698
94473
57606
2157
55203
13659
93614
45501
23387
88594
19837
63898
51230
78885
63046
51820
52762
13490
83854
93269
13537
78875
42393
67861
28934
22287
55718
68504
82467
84889
56984
19166
95714
30942
37675
50917
60953
31289
12771
84340
36235
48960
48238
87466
27845
27636
55638
96959
41127
39492
90228
71016
34719
48974
55229
80006
71261
27300
48510
53728
12189
21846
89246
24256
69140
43273
75173
30094
74562
4296
30786
27150
53256
79025
14616
97453
23013
86606
94413
64140
42450
993
51509
77169
66319
6738
73527
37580
34038
22037
7661
62580
60235
13259
86836
29376
56533
62009
59470
47447
82658
6608
74597
35914
85633
5565
49720
8647
92171
44133
89139
34621
61478
40648
28143
27798
63739
1670
81730
97777
40060
89391
60357
295
2651
63545
29671
75536
41907
5493
22983
24565
12102
97581
76831
14087
3146
26551
39086
11670
87036
28226
46291
64867
85226
90786
92665
48965
92457
90747
63095
32517
80139
39804
49164
99142
3350
78836
91030
45257
681
14013
69822
29135
11594
46653
43223
31093
89557
98661
42763
76593
26887
5406
41460
28466
96193
50477
93783
5002
41225
56878
53871
37716
96683
3035
53210
33
98223
44240
61642
98905
58253
31464
28040
86200
94469
87615
33645
84026
86277
92760
76972
29516
98166
18432
57982
10711
85262
51766
32065
26487
24996
85936
80555
21679
88972
50117
38064
3547
94357
99706
2452
68962
47522
46845
55162
41992
50812
5159
42370
37089
97919
19342
82958
12438
54127
40940
39501
55741
9058
71567
98580
34055
57503
79135
72086
62827
29252
26503
66375
39961
26209
85179
8923
90084
48376
80438
48428
99189
85597
90798
52630
99869
26493
35588
12307
96972
92881
51808
52713
1939
23375
51293
52346
97231
46780
40785
76410
76032
67288
59137
32345
9849
44317
41268
99933
9045
38058
48361
8234
40008
55512
77217
39877
98357
12805
52184
95329
5686
20344
64394
7626
43720
15687
76324
57303
62467
17109
33713
54851
749
92851
3548
10599
53520
44816
26884
62565
99227
91598
87152
39235
47110
64369
79112
61819
77174
47648
57148
99213
67992
21542
23191
28064
53581
99515
85367
32400
32977
19081
3603
33726
28284
7151
60677
98156
68319
3914
60721
67546
95512
64225
23133
58974
44946
18597
20793
38473
66245
94293
37686
50590
32187
60877
78654
85768
76744
64022
34520
26073
99455
38123
76152
44091
61626
36829
42247
46297
40743
19320
30196
52607
83546
53329
11581
28492
71927
48726
83317
54524
43019
21003
5114
75206
98232
121
77326
74977
80495
11846
1050
79950
66321
93554
24041
27947
30384
82640
90597
87479
1960
20793
40087
85506
74122
68020
30351
62401
16747
13668
16926
59766
51024
38392
51325
49256
54865
28651
40585
35360
56850
57988
31662
23171
51542
72055
67471
98278
54695
58068
85758
56656
95213
42197
58514
69335
26569
88865
31737
43316
18886
65015
19435
69910
19759
70760
19166
74625
15763
76104
9985
72613
34092
41648
12137
85634
30055
95960
265
84751
70380
86023
41407
65593
44572
99921
51280
71141
5139
99369
30810
24025
80736
50245
93935
496
37357
29453
91473
53120
5557
17810
42086
56001
75810
70575
57988
5866
82887
58253
90617
69619
60628
48376
51564
5200
48297
2844
92693
53436
18566
23503
77461
99302
90100
87748
16150
27457
17202
7623
96930
39111
41786
55368
95113
17596
42295
53101
23462
41534
11354
30431
11153
71982
78807
79069
93534
43457
81913
86227
96893
16831
26083
90707
16134
16183
94807
32284
59993
28361
56260
56923
67473
98046
28643
78938
31994
70938
32039
55457
12472
59745
2240
39977
48079
97400
19046
57965
40857
17311
44192
37750
34143
86627
44809
66629
2811
39617
98913
62804
67978
71525
36079
51803
69571
64722
30741
1566
52012
79132
73375
80836
38877
91967
20813
3308
89367
56211
61273
30224
89874
21818
84327
24017
8445
45488
6998
27608
85105
5912
6764
69436
93789
42843
21239
79713
23917
68333
81279
75929
47465
71006
56765
2695
79325
93930
6003
68693
50141
83629
15269
40016
5447
99596
80385
30244
45085
87384
57853
46542
9648
64617
15978
3437
23813
53570
83150
47730
21903
80781
40012
69368
68139
13129
88415
47465
7060
10771
16158
57201
94400
47779
13569
16199
47376
93955
46443
8813
97691
20648
55355
7339
1618
87686
10776
25431
57608
10279
89513
79511
91060
29525
65231
59200
42655
69999
23017
66067
80770
55527
23268
75170
3306
53190
7721
67034
47145
54164
75847
61188
74813
47555
68527
76431
51593
95655
18214
9201
5934
7727
5064
13347
53605
70295
88899
12612
40294
11916
78679
37416
67443
18299
12586
87101
71489
20307
54136
34986
90824
29983
96174
81989
93890
81053
74772
45483
76709
92986
54684
98995
17065
59748
12342
87022
46396
1241
99634
3042
29509
94665
40459
13304
29317
69397
406
17158
6057
54542
68497
96881
877
81023
78870
94768
62077
53642
40251
55138
62980
94936
54133
80045
71036
82828
67068
17432
421
83054
20475
29931
94072
60934
43235
39741
30331
59993
56899
36388
30887
41748
49621
31765
22772
44843
42885
1201
14837
83136
56339
77817
94424
10472
57863
65461
93300
41283
99245
93722
40689
19720
40005
51113
97006
99592
90854
43690
59586
47754
96430
6825
5854
46052
38590
28626
7247
97827
29827
22085
80964
2518
99902
91740
12991
74117
73553
22643
31752
72799
32717
72442
8871
89074
23555
22230
88667
30762
65920
64605
94868
78702
71430
722
41106
26373
29349
48354
24200
75528
70439
21516
78047
86693
13257
7390
60811
86810
46385
8915
75961
79103
81357
84833
68177
21265
23415
73196
68379
5687
37801
63247
84389
25584
63969
41848
68309
9670
90202
92509
1551
76993
30378
95950
80038
43635
3340
57201
46797
66077
66117
22759
45180
63826
23944
29710
1443
47359
19258
69822
69398
73412
33069
53787
98996
13391
11987
67305
23061
18541
76166
40964
11886
6544
36914
91925
66531
40254
49126
13329
22684
15243
52440
67864
79070
76384
13926
96865
40095
49537
66688
9493
22949
99757
79632
21945
29500
91620
5602
68914
26513
81768
9878
38400
4665
46793
30325
71196
3399
79451
84525
26083
11047
36965
10300
6469
29701
40578
3334
86148
90115
70022
95641
13064
86132
91626
51361
31984
99598
73315
898
26111
71436
27129
64511
76101
73922
94836
63649
93673
90640
48175
36109
18039
1492
62761
40860
47546
19691
44194
33694
9807
30569
29336
39223
33053
37314
6937
65037
36912
80252
65936
63023
68040
93065
43887
44141
83339
55075
7791
93364
62067
72318
45825
80106
90162
8586
20966
37708
44630
81513
71403
70789
12082
17091
26364
61487
70757
33301
26524
7669
29906
8812
87044
97946
18229
30931
58440
17920
2359
82583
11285
64426
71253
73462
60885
61415
98401
81851
99124
43031
79716
86879
13820
8150
20322
40184
69637
91079
89838
12514
15100
36096
21326
2144
50394
55908
49428
8834
73828
51787
7769
1465
16213
79022
74928
77098
56790
73329
75302
72266
32712
71370
59145
62884
79521
95819
19420
65510
86898
9258
78024
1998
61706
15703
20494
12101
71611
69922
37287
45439
21709
45057
63257
54275
40431
38185
47725
97221
27866
39379
69487
76930
10750
44984
39814
6623
40803
59234
72133
44053
84845
50158
46051
46551
65861
66546
58652
53824
52820
12292
99263
90882
73701
62520
61509
14132
17057
9234
11354
61275
64966
97193
38205
75716
42178
78019
82339
82981
53606
70824
43387
38451
20982
89438
85002
3195
72336
60007
57019
41509
72299
72635
32391
46000
51507
93900
76484
68565
19486
87838
46192
84452
1384
84398
76520
43562
62417
58859
42895
32375
46036
86282
70826
83370
92073
55829
86566
80761
32188
59937
22270
20839
48924
71013
66839
432
81265
43323
85349
752
47514
31541
85204
48898
32291
61725
8812
11061
36936
68059
43436
82972
70694
14263
66343
62767
86444
69261
59880
34984
45550
98503
55823
94475
69516
39014
11259
50782
82337
12960
67886
46203
60853
53090
11453
93145
31167
36617
20558
84456
4677
63994
83780
91723
94609
66475
70842
81053
35736
30722
16037
97639
29225
88212
92114
15094
27226
19725
65876
25916
32685
33762
72119
93538
3204
99925
3035
50724
52894
23593
35180
57571
3940
18960
65646
98549
85436
36488
95955
37524
67211
28344
35163
12788
16557
43629
27882
43783
63354
10110
69699
12391
43872
58171
22282
63429
74448
25317
14153
27342
65263
65685
84914
69203
997
66912
84104
2785
3401
80059
40310
70612
8404
91825
99752
24961
35455
27635
85096
15161
37745
54796
27553
97970
29319
49835
77751
3767
91504
8256
31109
73119
73941
32375
58674
91290
99288
42779
94076
2689
22838
50738
89653
47594
42563
89405
72555
94370
33392
57652
25884
87490
28800
53437
85460
58119
19624
63211
61886
27480
87819
9347
600
61760
41723
59274
53050
41011
2053
63478
43700
41244
14216
49705
88838
73132
55462
77746
83854
88855
51750
9738
76345
96902
63175
78157
55021
99151
57720
33259
26632
45539
42606
27232
7299
681
86506
76701
41692
4912
40180
1744
62508
70748
67801
67698
43880
23264
61796
27735
12119
13546
37473
88464
10448
17001
66621
81821
16152
40693
31432
42784
86232
90391
86368
9883
91072
89227
86584
49117
10491
43116
50861
72999
30217
18663
57049
74097
41927
18846
18184
70398
32392
72010
75214
59193
5363
58187
57366
21515
98880
88799
80652
85112
95542
83372
94995
86614
72599
97931
35731
83090
57400
2945
72441
87617
21608
29491
78066
79887
48337
96251
66637
97081
84613
41851
72626
89976
38
29993
27843
98918
35144
8495
84030
30686
91868
95377
17300
80819
9660
69384
63910
67060
72329
36351
54677
10289
65842
32744
6528
30531
45347
73165
27613
29960
15016
239
19936
15054
30232
47779
13972
81728
72627
14354
12414
80847
9731
29715
61666
35743
15451
41928
2804
87780
78280
73833
98069
60474
6577
4597
91006
68276
77762
34971
98236
9130
35210
34524
24184
81795
98656
54508
63523
87635
68862
92290
68482
94945
38357
46500
30688
53808
88429
33492
41588
83061
7326
56009
59887
30255
76958
67245
98532
71072
2216
13120
80202
53779
47645
4386
51926
62653
58894
31801
50288
44108
24091
35122
39053
62448
81622
69741
32608
86403
19586
90548
85816
43264
46557
62056
89871
39867
29301
4755
10939
31518
17876
91141
1649
81873
11879
53575
44526
87125
85376
94814
31233
25820
29936
70286
4620
27910
56380
37229
30666
92318
27777
16482
51934
90687
94890
41805
30554
24192
46561
41494
72062
64437
32635
73711
62662
60867
43638
7188
47992
29014
18354
79226
54834
48290
65864
59455
92552
22244
13036
23218
30914
40813
56053
82848
31500
50943
24654
62055
91487
71215
19901
63549
52004
68888
53612
14666
29755
97250
38206
77748
26265
56560
73326
97451
21202
39190
73258
30106
77787
86294
53325
8701
43460
25730
7902
91312
93025
32556
69719
865
20123
89620
64414
88479
58509
18027
19497
4616
15277
57703
98716
57894
30615
72042
71698
51817
27585
44956
81923
5372
47603
51600
30425
91063
93682
38327
98727
3060
87235
68447
3925
23710
58067
84691
12189
32928
19070
48038
37545
50700
5741
36261
8594
52708
8304
96644
4525
52241
57953
2801
57613
5556
70753
4390
12971
64436
42718
11698
67496
46305
80145
87773
70016
54565
72464
82205
87493
91535
46596
25038
42235
52337
77652
67181
5046
2308
63826
25923
54549
21779
28724
12162
43687
99478
32904
73010
80266
75622
1060
64114
38280
97558
51887
8296
52123
40703
6853
55968
32238
53449
81007
90825
22139
75011
58007
43537
77319
38185
69460
31868
76316
14537
60382
36355
30367
93286
25717
10633
68909
26777
91099
23541
24335
42986
31837
92810
83689
38690
48779
32280
8492
46138
23105
30631
37501
97464
74168
14820
52001
59980
46688
44669
74517
7070
81024
21236
356
6741
31869
85617
49871
39320
9158
90558
82306
57347
99721
82348
12390
64852
30980
20882
27342
70437
51513
64843
84254
42033
79663
36255
2013
26351
80925
92883
49773
78301
14119
50129
1395
62341
52099
51266
1661
61257
58176
320
18605
57897
82668
30995
22749
30000
68229
50091
437
36094
14934
84691
78127
10949
20947
96492
53652
18224
5727
3425
12877
36199
69907
14272
98540
22006
81890
16553
99615
56419
16873
34572
14316
15893
81919
53418
45893
50148
19861
62683
86242
51148
47374
80721
62097
84673
93566
15750
2897
15645
19175
32127
51844
89082
46399
50384
27440
44642
83290
27056
1061
16515
61628
31729
32409
43548
85147
94654
10048
5009
57337
12643
56157
21064
93364
34606
5737
3282
50356
24987
18928
85884
57114
70772
74966
19865
37509
18759
64507
37151
45815
81920
53666
7443
13650
2427
67343
98797
13434
77392
20158
87123
90035
92667
8187
99751
27274
13925
19386
93982
38912
38314
79866
12378
25438
71185
32243
79299
89944
96751
16450
35759
78671
86469
59554
8673
88896
26898
23823
2330
20642
43981
89454
27029
36649
13993
26780
80275
44270
46166
74257
99534
832
70476
11912
42623
41661
44156
21922
47957
57259
54725
83716
52282
41194
59622
60956
46442
2872
84779
65125
23514
45112
70931
50543
98113
84924
93676
78388
29195
56194
68998
28729
57027
39474
56994
16002
97487
1150
37924
45444
74761
9001
45512
27043
50195
5134
4351
12990
24359
89130
78115
47873
34243
49046
14769
48708
33970
24797
27097
79517
80991
12447
24599
54370
51921
81593
70372
49408
99095
24649
11204
73856
33650
56716
17251
198
78202
21603
13188
2561
10733
91303
66787
61328
56701
81556
10037
90671
6353
53486
86541
3696
65933
11140
58067
17854
9085
44791
83614
8180
69440
94818
98388
19443
67886
15639
19641
46088
37242
49181
48650
64328
40484
15437
25656
97185
13345
52045
4208
36050
21883
7101
39746
87816
18241
14165
22022
27326
58957
21988
51858
44749
16806
50246
64192
1044
65886
83833
47133
3128
33014
12135
83808
89850
27572
25817
3387
40917
77862
23948
93319
16098
31049
33065
3914
65643
47231
42289
92969
22540
64277
61180
67289
97436
11426
31482
98480
93664
31667
45613
13145
64682
57748
96953
70884
1672
22770
74272
58941
16985
98220
52260
33083
45621
1678
53349
11264
65261
95638
20586
87801
59916
81766
71442
57352
9544
2924
55832
3209
50944
17798
32706
31978
91898
29659
2862
9923
68782
77134
68864
85767
91706
37477
35202
37328
39155
88551
64944
20768
84190
85530
8569
60458
67296
96363
34162
93193
15640
6346
96402
66584
24144
45460
98562
32395
75119
1424
42318
43901
94911
27534
46020
2969
81363
97574
56649
36870
86126
21594
57638
86668
7124
82559
63478
90773
78923
97640
83966
94563
3986
96720
61147
44483
42180
76061
93230
17299
77485
35548
77553
88748
79434
39925
91718
60798
37500
48367
97668
39978
69961
71659
42998
77086
54218
22828
67859
49493
20468
68177
44056
40806
64897
21555
85289
7077
97616
78519
40728
91454
30419
34633
80202
26206
74559
71920
87004
28411
36640
1024
84741
6601
89035
27739
39
43254
50567
84250
9099
87387
52427
53156
44545
17324
91063
29835
40753
5032
24706
97834
96486
71478
32467
76688
97684
7026
64961
1040
51789
1601
18416
36530
24554
7452
64269
24594
67058
31188
8844
76157
34927
77624
45665
79473
11300
53081
25660
52054
58113
66718
49888
54599
38196
98707
47639
52232
5734
12600
69624
57523
30553
88041
10406
55108
11845
91027
79702
95255
38568
4898
71412
73495
82522
33430
69320
93823
86511
94980
62229
44624
78051
28469
15575
16247
27176
63214
84832
49262
92167
54456
23138
22720
42497
33544
77828
70694
24571
73882
65949
63139
78781
37362
52987
77655
87144
22307
87830
90007
33640
66411
34631
11691
94880
66558
44290
38409
29772
29122
4023
21939
99931
27161
61012
58780
77057
38840
29475
17981
12723
95424
97472
7856
49138
50459
85511
52634
89119
73342
42641
39111
39753
93624
50802
50986
60182
11444
5747
6307
56919
9770
28246
56850
53284
5610
15630
30341
44451
61457
64674
73526
56882
62147
81382
22372
28958
83245
75007
34429
56587
17648
73540
12693
11273
24342
63679
71455
52139
85778
77762
9058
95548
22361
65908
48832
27971
97890
95526
88774
59348
76552
62300
32582
55051
60034
54954
84010
43280
29961
18439
16219
47610
8332
28912
75235
32674
8943
46690
1165
11073
40805
10223
6622
63166
92483
71806
7489
6726
83684
96264
66074
60237
74916
15008
15288
34951
69962
15650
94583
16276
50442
27154
80238
58774
72419
55473
7800
97714
2163
8966
8788
42968
35541
15410
22486
28025
3568
29976
51103
87253
42592
33529
63842
17508
48537
95482
68811
34851
11133
79746
51127
77927
6901
31365
53053
79320
86838
77205
77034
5354
2523
85822
64674
38065
17584
87161
82442
21153
33489
33545
8406
76081
83426
72248
93589
31963
84082
78753
66814
95215
58499
34294
89494
81752
82011
42547
61072
85202
36105
54459
90556
38628
56633
55230
93045
74218
58743
75487
95371
92232
25384
20129
68313
8810
8729
78255
57125
92811
57008
40292
4379
31859
74586
93873
13612
72949
52773
91036
58151
88878
45495
48707
27506
18481
20290
20552
92699
79033
12391
88070
71266
54128
24551
55931
79290
33280
34186
36416
26091
7546
76708
30470
39406
67646
40696
69370
40595
93469
60406
15099
98699
22254
80158
42557
40735
448
79461
49786
79482
8205
54208
67100
62333
78759
23031
41623
12039
57218
94391
54482
64764
71099
84953
20522
55097
42001
89892
12045
51822
66651
27144
50521
5257
7302
9430
62344
24103
88892
12130
19937
97097
66338
87037
59430
45097
26420
17405
73488
83638
11797
27970
64755
99248
29275
1629
54346
71276
91522
82743
39450
74525
26239
89971
96134
49893
99402
58478
73996
4646
86960
93933
1743
69650
97322
77525
31099
23743
11282
4587
23733
23079
48909
4840
38680
94537
6470
9378
82165
14344
92121
21616
88869
18360
27939
1355
84605
27341
59833
58602
48339
63145
68887
50082
32795
82562
43959
63894
6305
55242
84833
46390
94673
50094
51231
33353
44631
57701
42731
26797
88397
51204
48413
93618
85916
76352
94973
70522
20046
54806
45476
68385
34303
30715
34820
67098
13277
78779
47344
35934
50373
48529
98677
45047
98623
49908
94752
43255
23961
53836
86404
12358
5040
34817
5976
90957
27521
17301
77831
63919
88459
23307
48657
22762
54022
83477
6212
83652
78608
53556
35938
28982
18437
34615
90381
17060
84523
1485
76667
24836
55321
63071
53546
60362
14240
75874
67671
58114
93175
45502
22033
81634
85161
70690
20748
55535
70519
26960
39187
49128
96868
91478
94462
15305
26093
84843
48718
26969
86328
25385
51805
58002
4809
21704
18364
19049
97578
2387
93515
7106
64241
31901
88740
49402
2591
9489
4937
89463
52801
60477
38591
49670
51955
49405
81327
94400
34248
30045
21369
36928
55431
89527
94930
60240
11231
29646
95641
8809
32033
5509
32267
96274
37410
37360
62028
56353
63201
83318
45816
16002
43795
759
65672
12102
50164
63352
22854
764
93397
44224
37693
48828
33751
48975
25420
61334
78622
37414
86495
27007
42923
18763
39634
80333
56123
1662
36686
19324
84980
98855
35326
45127
99614
17351
73581
49779
80703
96436
50543
74100
57012
4588
39281
7115
53564
81053
68449
48538
34819
54944
91897
94094
73707
31531
74427
46182
49546
27466
65506
50878
26321
17185
96006
42287
50888
85939
8418
31591
98727
75314
22043
72091
79902
77676
79206
49818
75082
47655
14708
26253
18952
6606
20348
9011
38137
11127
55194
4035
38593
20700
54914
81266
54237
67272
39906
5125
69563
48324
53068
68291
23638
91464
40382
19893
85492
35941
69711
76926
99948
772
3180
18900
7378
23528
27912
61867
34655
83106
65903
89601
20158
20817
87219
90748
4441
27125
95873
74004
75450
65294
42295
15440
73110
99030
51685
58602
34971
21397
51881
34919
38521
55061
70172
45899
94941
98084
7766
29596
97542
90021
35549
34052
27190
22769
41152
31631
49894
53378
5636
41696
18672
64283
57137
8134
79665
8822
66736
30988
46571
18617
65908
85092
90030
52432
47343
84971
66868
55110
30920
80762
61483
66469
31166
88674
89238
72319
20305
39133
25697
25941
97181
60721
6577
70670
68855
86242
79493
51943
17231
42416
70561
99491
43861
76943
51923
91204
61915
35143
62666
92835
15905
24150
59304
47071
12824
64895
19390
49481
20380
61439
91775
17561
22160
98352
88232
7367
946
84077
59311
18177
42845
46224
34020
86706
23167
85943
94263
85082
37438
56929
94269
53343
97431
69926
16767
26607
51173
52509
76089
71553
13949
67864
5466
52461
82568
93698
76181
83514
94127
35492
18044
36973
81716
52064
40031
21235
54360
34294
22670
91798
7576
16939
61494
21359
3217
78261
47967
54390
47122
40408
25943
61071
24624
31410
29885
7192
41460
6066
7058
35588
57910
25102
88913
55978
77167
28944
77213
47879
63239
99883
39677
87167
16823
1171
8526
36392
95784
56493
90783
42907
96901
16726
20330
37877
64488
66567
45069
22301
88985
68480
74241
46895
93582
63154
2873
87101
92098
80087
34980
71689
79970
91010
58856
13145
8533
67383
49538
4318
40228
56673
63577
37130
73399
259
91359
54240
66827
36429
76541
55812
21261
67134
2708
14843
30288
21933
18297
38738
2020
53277
10428
98343
60639
69284
27840
69173
53019
93730
89843
93248
50403
53420
46730
40155
53679
38089
10747
36858
90870
3640
92671
12131
70774
11731
43327
1062
33664
61624
39800
52037
31253
66580
50380
91893
52217
94572
77418
5236
88303
67261
14836
38706
37033
61566
95213
7064
16008
5960
43923
6878
9600
36594
35362
80374
64677
78689
97788
98341
40313
37589
50378
87918
20521
17110
79811
72738
28035
57229
77975
16338
40842
9163
71396
77875
70730
66610
84940
86738
88922
45215
9968
98523
98161
45330
95249
62838
40371
93038
77531
80684
46979
27910
84955
67500
61372
64766
56591
89407
38348
50918
22097
79190
60081
93494
73418
30811
76456
74710
33901
81730
19925
60222
80253
34438
21904
91855
97276
62276
84893
74807
59312
31872
19069
44267
15724
80442
25386
72315
86201
63734
23233
8299
59276
83315
18145
49046
30478
10953
23756
80732
92683
60033
57306
89289
94471
79210
81144
8099
41486
66037
82907
17151
14261
18328
61418
46337
98770
86804
18653
1324
66890
58238
25975
42519
57905
44120
91565
4736
55073
15322
85468
64108
91707
42774
53397
86179
38336
34541
94278
96175
16930
93537
13326
47543
11866
91096
93881
26988
94253
28886
28312
77495
87124
54287
20014
61382
14759
11580
66118
86184
26902
67938
50293
18609
10712
20042
21140
65400
54584
31771
61575
87866
25308
91253
35410
53526
82350
45643
80515
92955
74529
25179
70450
78005
95819
90465
39387
10578
2045
21857
13115
45299
89795
63408
80260
16859
83450
17753
82260
54386
49524
60187
58605
91184
51441
94015
44711
50143
39658
41578
43098
30539
83109
13548
8544
78928
4013
64284
5859
22410
86141
18974
84061
75937
98734
64322
9148
82184
82075
91408
52923
47951
51596
11528
39135
3037
5543
198
69532
61553
41776
12630
8444
41238
26178
33340
20166
46544
97624
42377
85306
118
61351
69368
92407
60085
50042
1555
58622
32117
9316
11545
80068
60912
39425
35555
80301
61320
35754
49833
39225
93882
78815
47669
35120
21345
81009
55287
84241
94986
14016
69548
11456
75368
55268
3863
51805
5310
21770
26779
53779
31086
54676
33847
8350
94101
69402
5003
55421
21508
71188
94646
15391
50003
42315
50511
71349
39677
22150
55590
51015
36167
41490
62471
27887
96758
82686
96044
2068
4456
22824
55847
51895
93852
6046
76597
87954
91801
81601
59727
13309
52789
54374
45052
19145
13041
11916
6846
69070
34066
62436
20085
86585
20279
98908
14472
17037
81594
26869
35458
2403
66045
7657
54298
59897
30056
30895
64203
38209
28848
23931
67870
97990
94657
12923
17135
7698
24839
23981
76769
75257
2769
13206
61843
23048
12115
92667
56438
10061
19536
8248
12464
85581
32257
83114
61831
62313
14010
26034
522
59210
66317
68393
57200
60974
97668
90687
68673
22507
14668
61794
97764
33790
91352
75959
73190
3467
68627
29628
13529
88163
54228
42345
90097
86486
25460
68280
65151
39470
94314
65674
15032
76984
50419
72233
37958
64439
62920
6631
3298
93941
84777
17414
27731
76130
93374
17273
95949
62001
46902
25830
66516
17482
68176
72965
3968
93636
41245
85472
49458
51912
67498
64490
28896
17917
36723
66854
98708
15996
89838
2006
26289
74615
19420
70372
67097
12794
87645
79399
91147
50899
5229
57664
68382
73405
30629
88702
67041
88227
74174
32851
40139
41672
97342
69035
75941
50417
35889
74649
66413
25727
76655
9054
16695
12428
79426
144
41574
67072
79543
32722
17971
1125
6738
86353
74530
53719
75056
57924
41946
65582
90775
82085
7255
4469
51120
83196
54887
3362
74198
37652
45441
67205
46707
78488
79633
26133
78633
37560
93205
74528
70282
27529
75653
93372
13882
66536
47091
5290
40812
89038
87225
47939
87475
94480
52409
54948
94028
23648
74662
84578
61300
20103
51784
24359
14944
47769
66845
9929
85329
76402
84457
71963
3931
76463
65335
34166
59351
28779
55808
163
34169
43033
48102
21644
53865
16863
92944
47894
56863
67606
48824
18164
4062
608
58875
19006
64730
25720
28935
50059
18475
13392
38375
38758
6207
3710
72924
65558
32489
28733
82073
83010
88118
46528
4655
41984
63391
13951
6230
20255
81558
55054
54771
85620
72015
29998
4626
36745
72071
49913
3156
90546
79657
41531
29304
85865
61594
18581
67775
94083
63666
49849
93446
51784
96377
14453
10120
76120
28404
32702
12727
9962
87757
67498
11934
59772
13849
32912
12869
85920
82825
16025
92818
62483
57557
38474
64700
19151
57055
32475
29586
20721
82324
23032
88858
95053
53837
15330
71174
82242
48033
83901
8556
35790
67752
36843
11914
81601
69755
41135
83873
68933
57160
76691
47768
31069
31517
12468
66572
88573
61295
12511
25646
59972
51895
30856
55025
5733
46187
26199
87975
94220
26453
12883
30010
94205
49726
58276
92158
19482
99411
92383
4767
72923
69074
52535
3993
16943
81355
86917
5516
59002
99428
47515
18974
51324
78371
74000
57057
24558
16551
61384
18778
43004
74267
65140
53561
23994
23416
62071
59828
39179
54454
64595
12103
39880
33482
32448
56824
31189
19365
62340
90191
18794
9855
9166
70118
4579
99518
43527
29137
32421
4911
47916
91778
95530
13056
45339
19524
52825
23763
79352
92004
78217
60299
4107
18098
10133
52907
91274
41322
72273
53614
47866
91067
79822
73384
77537
84401
89254
21064
29890
21675
42327
77806
13453
37857
7215
75145
73734
60040
98908
69438
52044
93477
46090
72504
11575
56223
25411
2849
13898
14036
72816
61764
5103
68990
51500
82640
69743
40754
20056
99633
62429
62383
93792
92235
16593
1007
67380
6679
77399
66288
76117
29443
59765
22207
18299
87693
94783
60063
6894
8681
74099
96062
86797
95555
81404
38297
94547
67499
79051
14604
67133
41480
93339
77277
50067
26284
78284
17447
32963
55683
87
9081
1478
76205
47640
36130
80250
42423
12545
87144
51104
2996
99559
37901
98551
80963
76198
93099
48463
71601
24055
31948
29434
17394
25577
79501
43679
20213
96949
92994
92248
13388
2075
10078
89593
66068
46208
86195
8491
75105
89692
75948
78102
89251
30201
93005
86566
22752
2456
51381
94353
26511
99681
23787
60258
25258
19641
20289
45471
32942
13283
37719
46330
31711
64150
52276
14131
10358
38471
22622
1816
28163
14922
96270
33766
45124
5627
20333
84228
8084
88066
78581
50947
87748
18721
11205
29358
54714
47846
74830
87656
61130
28901
33986
9193
93051
2614
23324
19762
57438
62298
37930
85601
77221
34200
35720
38697
39827
72405
22925
64263
60471
17858
15211
48219
52931
42768
77578
7645
90615
68760
95301
68097
14013
45640
93642
23417
48254
33318
59531
22044
95616
13813
23998
89189
48013
59718
44238
4192
32123
83515
84808
92594
1374
19
57166
70657
59139
51096
78303
66106
36208
73604
50555
50221
35596
44197
89990
203
77515
65873
22247
89484
79686
46245
78673
27699
5963
39264
48244
54438
22779
33052
47033
40505
49423
20551
11163
8562
71647
89466
91021
7855
79422
41576
74428
15019
2126
64419
31574
95993
30292
53821
85477
26331
67
80503
54030
22382
19767
18626
76821
42546
68030
40206
83052
17453
60757
94215
42368
48756
33
33389
56611
79455
74965
47391
10826
77091
11810
42400
73085
58455
12574
74914
84786
12641
55417
55168
51375
91536
90147
44548
50435
58177
84754
33487
75631
61863
44054
17999
10619
60439
51388
83582
39894
42705
30974
67073
36149
59136
9473
9234
33943
22047
84148
35081
51040
55918
90250
18768
47454
96749
63316
97889
54926
64423
47728
46909
42638
8134
64908
53258
68573
32648
53192
24820
91706
84166
91893
27855
43303
17718
37089
77246
56118
37589
12328
7158
9859
18930
42278
57314
15679
21947
71555
86957
86370
35636
33867
45360
60122
15127
98618
28696
47776
68163
69868
39482
52329
78113
67337
11984
95831
20778
5583
51949
74719
34263
75460
84579
69545
34090
58245
1576
56037
46152
88533
42407
81788
38752
87768
58263
53880
2738
3311
18008
87253
73179
57490
39583
51292
41179
67919
63475
78309
89854
31777
53028
24117
23589
53959
93662
57679
28556
11590
13717
74709
124
72476
72849
38876
76596
31112
9108
95687
34423
27116
82940
23954
84606
38875
91598
42137
23147
71426
36798
13001
3203
6179
37119
43144
60138
47133
17175
5047
58724
47244
79756
75200
19721
68957
30428
12669
70
39537
24708
50845
66653
7649
91152
67612
62876
82750
26101
86023
54176
62900
99025
73731
69079
52496
16875
45569
15981
50403
50616
91057
97647
46724
82609
17368
15682
13038
46390
32104
68927
71098
99301
35580
95099
90453
3192
57976
73204
45646
60351
43732
8546
75728
17464
93977
44576
50691
55898
60558
1094
22867
67967
98742
69591
50577
32462
1625
63615
95204
33729
32542
66303
49383
84474
61402
39836
4019
35730
13040
49665
12434
56773
74563
88162
90589
84892
32739
57632
57142
9649
58727
80009
77616
73821
65953
44545
22635
83930
8160
17840
34012
57054
495
83395
41529
78249
23231
61900
13980
36272
11565
42766
9397
2480
30928
16338
87372
80019
73970
44514
89668
32697
40876
83637
22870
6829
28182
61858
7111
52695
96050
41123
26101
96545
24518
67630
91146
47750
45882
21478
374
57447
64244
26123
76279
95173
42461
63651
91544
16431
24518
97565
65481
65394
81202
4703
88575
25736
66561
95686
78431
62611
36810
4533
75508
77680
88515
83007
25430
34398
4485
42156
8197
68730
68279
84477
80255
10740
64480
71799
27172
5350
69364
9005
70744
66918
13708
75671
92655
80270
71358
87438
59233
24520
8323
51094
2200
13191
34101
43983
63941
38586
86139
88490
23668
54419
89319
3923
65159
53800
92075
8683
75502
61439
34040
46247
44710
47749
38270
37365
44371
25980
41155
19956
50500
49479
71050
69053
79022
21503
13036
42963
60090
15527
47805
110
69946
37125
4034
51458
7277
12461
76493
82779
73900
10534
45378
18610
74635
83649
72327
19006
9629
13483
55314
76482
79314
26365
61887
74688
47868
91275
17651
24310
6802
81808
24421
93101
18933
44807
44559
26210
73620
37404
8990
47520
64290
54368
82483
38925
38017
71162
74283
63999
997
29598
40481
96663
72315
2368
71351
36535
9995
5354
60846
16797
87163
1619
9898
22448
62778
70809
48659
36398
8214
74001
270
88856
44721
99105
27782
99091
86620
18417
63090
87617
64367
19923
633
53034
38643
71984
89570
48638
93691
66768
65435
97206
84739
91686
19654
47517
62495
84665
267
87061
58666
16889
75918
3388
15995
20052
2479
2615
38469
65569
6584
19189
1844
7217
72223
40487
95554
78145
89125
5597
44913
70912
19155
29652
62598
38809
93521
25094
23475
10140
12155
98493
27030
4425
1881
43025
24477
20712
61992
79299
2633
84928
14840
4477
8498
87063
44964
20404
81561
50441
26001
26474
21354
45156
72479
83952
317
82352
25398
23792
92493
53906
38638
19523
58331
40519
78900
99161
77584
57244
78460
80217
42172
93300
84695
50670
96715
46011
71074
78276
96453
13427
21103
34159
58583
93582
34463
58901
92286
59862
99045
84779
30120
54035
20654
4803
94555
99554
3964
88491
56798
98776
68708
15323
8428
69755
65993
5144
15767
53420
99772
28572
66847
20875
62731
41783
30809
97194
17036
39448
73408
32433
24227
19880
86469
44882
24684
97376
60788
28648
85867
33939
43777
54575
49262
52205
40683
31607
73701
56450
1379
73474
85022
84579
10701
64105
26362
57863
77651
59750
97311
67412
92183
37890
87292
95004
82772
11976
92380
59913
56977
94599
93852
17106
65527
59466
69311
6210
7425
43013
62660
8805
32839
64034
93384
43540
28139
36098
17755
22142
95848
31418
89554
88031
69309
93199
99388
52081
5175
91768
28346
78504
86368
22198
95610
68247
98016
81274
74457
5442
40639
37117
14247
73478
17503
7631
33370
61994
60081
51126
84136
55929
82544
90043
60312
68205
83242
59700
20287
4769
67821
64985
99626
70541
87184
11588
38788
85200
92862
13245
90642
33501
66714
21241
23331
84217
45224
56702
62563
5305
24180
63051
61234
23076
53094
21547
91282
36336
97599
27921
57458
65420
92906
57084
35961
96442
68672
91101
97995
77887
4346
88637
27740
87412
26231
51072
87981
71455
24126
50544
76761
48306
13596
54347
87734
83042
92246
79016
19379
89846
23289
93189
71618
32548
50273
23932
28990
35297
15033
26985
13184
35732
31975
57277
23144
58206
8349
11126
46013
32475
78022
22774
97133
91618
77122
84867
74661
69368
80236
10392
75566
3525
3581
47185
36073
70206
71117
81416
5503
86150
8401
35040
21882
56728
92317
61379
31286
17018
72505
77300
49493
50527
16426
62978
58498
9900
47845
49511
79269
44433
59903
71187
47959
79836
18372
384
50042
89489
98152
71897
91992
6554
23289
30226
79634
31958
91605
10921
48976
80462
4573
14821
30990
20999
77799
5840
30900
41997
55351
26521
86430
15254
97708
50741
11442
32433
67478
77836
38274
65630
66085
30266
88536
89375
76845
68171
21333
84802
95444
86662
65265
16369
17835
12607
37368
11987
18447
84620
53984
90150
27493
56766
21756
25202
23860
33198
73987
91338
11034
12261
73320
77119
58880
61857
82846
35725
46380
20532
36879
58176
7194
2144
74545
25029
14751
28265
53368
49550
12886
7352
39700
56731
80471
61456
98285
4331
11006
72272
12021
38392
84534
85341
15512
43414
63550
14710
95491
26282
35242
32370
84458
42436
50867
75355
83818
81970
3621
37186
31521
32859
60891
87573
89590
57714
65382
87876
78397
76388
60148
6770
14781
61034
8463
46645
20800
72014
61355
32643
98296
12950
81366
99107
55386
32233
74462
55556
14203
78083
9095
62076
27294
86338
66002
16885
60404
47736
21113
38801
24124
97613
45571
55257
58648
54034
18254
79448
42400
95962
28444
57049
8912
9810
56156
80650
42043
46970
52559
72598
41406
78006
34675
68700
64344
17029
1937
24748
64765
23050
79901
5241
37016
41824
76851
95664
12210
11457
91464
54611
7419
19908
28012
32683
29718
520
13334
88113
47490
65893
60712
88896
60251
11739
73949
24595
28768
92238
65695
9885
15289
61948
15126
68657
3772
91977
64321
32334
3435
72137
3297
27206
92046
31309
59890
38116
31829
89576
26230
95672
71821
86942
920
32072
15033
91221
56667
43801
83460
38714
53686
15101
17014
85164
83758
20786
93494
48079
53120
96929
20216
56418
40487
28614
4079
377
66731
52261
89953
9313
47933
61774
12607
65205
10198
27640
56427
83217
87793
56239
21931
41479
71340
38945
42995
55098
76083
36489
19529
45556
33418
56097
18326
90258
84712
38757
90635
67795
91018
96941
93460
55303
75067
6067
36861
85266
50059
93288
68483
37852
49527
6767
95683
37219
62064
38678
92317
38148
75168
11846
56
24938
67943
34734
15196
69007
73491
22184
53154
64510
35477
46614
36165
26896
52681
73026
12162
2740
66314
96998
56944
32193
20117
52627
69412
82181
91306
78081
36681
66474
89927
36737
91412
74223
87823
22961
43230
61315
61497
12737
25825
96974
59351
78342
23870
28385
51369
52385
47477
34035
49383
4422
82581
85852
57049
51993
68033
48355
46427
4715
31181
52706
57804
38946
26929
61980
61907
86512
23295
39756
99249
65472
36730
74952
43814
60600
3337
95183
29337
50815
29219
95072
71589
11800
80924
28638
80145
65310
93346
26572
70025
24527
79279
44181
79825
22560
6161
58084
9072
45808
97840
24673
11280
34570
99626
55095
11523
19315
66630
40860
86482
95849
52285
58071
24001
33209
86710
4147
98519
80056
47071
84896
20935
42702
45430
761
65263
67943
58845
90687
13752
56686
31713
41384
7608
31339
12831
35483
67006
79462
76344
53489
75311
44981
11560
15665
78190
14622
36164
93062
11030
83235
94310
31966
25938
39740
49079
7553
24036
24276
98240
54140
80962
29953
95524
4923
77644
8356
40406
44651
4170
33102
14492
95833
78083
26052
11498
72626
57027
47662
82040
68057
30898
76350
23
73188
32443
65454
80741
72831
89731
95333
26971
87045
41639
38847
91968
35635
63555
32375
80286
67725
65477
11130
63559
59913
37183
75057
48891
10562
39072
30931
78619
86322
7281
94995
59510
56076
60449
56603
28907
50180
68288
55878
37226
9927
11078
45546
45563
74633
77921
42201
58711
59751
53332
22270
36016
6867
13679
84907
17429
52751
15838
96048
39073
39471
7395
14935
95548
67845
71538
24455
34377
56179
96686
87955
66106
7764
33502
28021
82397
11423
86575
57460
87526
56259
79730
23542
63126
9762
24801
96907
62513
40639
9307
17939
96463
16703
32874
92011
900
20765
16466
35277
76944
13152
23233
59402
37268
56735
3776
36018
84510
6703
93478
88389
62962
73209
28283
26088
99323
53085
39347
61836
10076
48654
96127
6539
81709
45354
98550
82609
66119
31369
17887
59415
60873
57472
35169
98142
14207
55297
34160
15069
62000
27638
3458
24962
17199
31742
67402
16522
84827
6749
94711
11255
71756
7190
17795
53465
52544
32697
36075
35015
64066
70314
10782
24940
27786
45952
39434
58345
17601
73594
73414
79602
17584
76873
20916
51136
24967
88319
84010
9794
11420
95073
37401
83176
2264
71548
52994
71160
4246
5421
6176
84664
75735
16958
25956
19873
79262
65390
78218
96864
55336
51632
92818
89273
44857
13734
40409
69824
18405
40771
95970
29826
35845
33372
29354
54461
4920
82348
25621
25518
87769
48149
10183
79856
81460
36139
99729
60722
1530
94299
73938
73218
45932
83108
62491
7141
13195
19252
76966
31600
60024
72936
77778
12221
22660
23485
66682
43933
5833
8655
69451
9955
56805
79634
89811
38265
32126
5893
15339
50008
192
89278
23226
62476
88738
85718
85970
1933
21322
62936
49886
81346
52224
44016
93567
91237
67501
60249
35170
89687
68905
20973
99642
42062
608
5805
80327
49086
28050
95666
99094
44595
1296
22320
23423
90035
24390
9393
91968
45713
72329
58206
27059
40906
2223
36979
32143
69724
13580
83665
59411
98837
4638
75405
40899
21598
97563
37578
70684
25613
33245
69778
70208
50893
8451
93632
40928
32841
3025
49249
94906
91707
23807
21966
32613
26030
75297
81108
95755
88877
64773
71518
87715
69411
46924
44966
91010
60839
82545
61694
86452
32142
47825
73013
83035
56276
66645
40316
5469
86022
5917
376
94081
29724
38694
43046
72107
13991
24154
84214
19220
88927
55732
23287
74691
19008
68254
65701
79847
67151
43747
82652
99293
7924
55665
98680
80552
38662
55348
86022
41036
77617
2750
35118
23694
41444
78164
95801
71787
2319
80015
7359
7598
52099
30647
82289
71108
15253
64342
67307
82404
24442
49959
98049
48718
21976
96729
29271
60638
68430
31645
1675
46047
34395
36793
69741
92191
14957
81894
63978
33628
61909
71337
41227
14009
18336
39868
1469
33589
20563
68776
15993
45005
35088
14042
93723
57064
27124
39346
17703
95554
70991
35730
57953
5386
72523
44047
97577
3832
25941
77907
53813
87851
65597
11392
18212
83933
67612
19681
17523
88175
4809
49868
49532
56249
80263
59608
13314
7387
98954
47369
19293
69946
83099
77246
91684
71974
37645
5614
92158
63587
83521
45971
67790
65470
73715
2354
65756
41328
38387
83279
29503
43196
49499
95388
15798
29762
54996
29112
53501
53950
92833
72794
40248
92284
66393
31933
64258
4038
37547
72768
83977
37420
35092
68119
2891
8807
70473
68647
66487
25212
68278
12343
84761
34129
7731
559
63892
62727
46023
33745
33029
38856
6540
73278
31140
89285
5211
11750
93323
59110
84518
93653
12882
19610
78124
32125
44770
48598
17124
11257
90162
85402
23600
74923
35884
47683
75482
16128
10410
21505
49873
43440
60361
56413
33070
7853
45698
38281
19603
55374
13743
20474
65379
26625
40084
43503
58751
84854
8453
75875
12464
98616
77630
52416
73539
13514
100
65374
45994
26862
86879
95867
70302
63593
68633
19724
71446
30683
74357
7402
86057
88100
27876
67788
31078
84312
27644
89829
85519
36097
82056
97983
51065
76038
50399
24605
5904
50499
6331
51898
77362
93210
47766
64016
73155
16399
93
60954
63434
74450
68356
49492
62551
12584
33632
93629
96896
61276
99810
82415
13726
98218
80398
64791
74257
47150
5748
80161
14001
12079
48412
7715
21642
96178
88084
94797
28929
88177
55751
92363
62627
24107
58207
41530
53043
8192
51511
49940
69468
51321
32355
83194
65892
29106
64338
56501
76256
70086
36662
90257
82166
85074
97973
20160
97604
86057
14957
42885
90586
70709
35249
53213
11168
9808
94744
64212
18000
46255
30504
87469
13929
62859
87015
96173
8317
51353
52674
84573
37792
5688
91183
36310
90763
5508
56470
4719
7917
71427
47605
98503
58488
99206
51716
69657
9014
62812
50221
27015
25420
80725
14484
55701
59936
17851
51874
68254
85557
4548
69179
23349
10236
60362
59659
17351
65870
16129
38423
73787
87556
86028
88642
46045
85234
40359
32054
94248
19523
98627
21263
61295
79352
52099
16996
55640
86303
68870
23894
71860
89770
93074
95209
16359
53436
54868
33710
35659
87349
72133
25798
74905
74513
14441
37302
59747
71152
85708
70348
90675
84335
7963
51971
63687
76415
85319
19328
62718
54190
59574
34578
60312
52648
46139
76671
22437
1007
26734
74448
88356
15219
246
79613
89733
14687
33268
65832
85839
18976
36180
92867
3312
44144
61190
83351
20559
46509
19031
99629
17051
78606
34207
77364
31254
80346
70387
70043
97705
97121
44491
2413
28693
44738
98378
18426
75777
31646
610
77969
66975
36791
87188
70287
97287
48378
53638
34198
11239
72670
33827
44643
67628
68034
38359
15234
64732
8746
85278
78789
22220
46121
81202
50913
7211
95932
85691
82989
27579
86301
77310
94554
39444
64498
81193
36731
29228
51183
70929
40467
40205
4756
85110
7833
89142
39821
23068
53874
48568
24698
49015
87140
70819
30217
54405
78031
42502
56448
77372
70081
42749
54682
80987
98546
19180
78532
35277
48408
29715
22559
5227
86273
27315
6690
94106
32810
46511
17174
3036
11431
58224
52052
14923
29044
82269
69328
7075
24771
42128
799
11204
84878
55481
8543
99776
91013
3427
35053
39421
33143
57612
61000
35768
1280
84042
29874
50442
46906
63401
53478
58337
21625
5530
89613
50669
4152
75293
74096
45275
17422
74895
56480
18652
46728
81375
18428
37741
84803
53481
93514
34298
27446
54515
70066
45078
54909
16292
95520
1815
79693
48998
76505
17671
70881
66118
84692
75033
41411
75141
20308
75185
50036
93140
93837
13117
90868
12265
50858
75671
82099
44373
26321
25897
15240
12739
87327
70149
29031
99199
71965
25077
64549
64822
42748
35430
30940
27440
10463
88703
2581
47124
80241
68970
40264
74078
82087
31132
2696
49297
23155
1147
93670
65828
43396
8910
78567
47075
95412
7599
46274
83729
49028
10823
48551
91776
62606
95843
35568
89421
84546
54502
36545
81139
39824
93162
55218
38263
40646
74266
87560
63802
91765
81231
29630
51513
6493
24550
98588
18257
48501
44862
1986
97529
72037
50537
5657
34643
46380
41225
40417
47279
12079
76962
28418
51903
86476
99988
90166
27123
90606
94079
7277
82371
91662
36907
33884
98155
77809
32472
16413
26310
93686
34751
40191
82076
85289
45848
16719
48021
87074
73488
95300
15505
50451
40071
67409
36927
56411
73927
80402
47018
84358
87679
45741
76020
40939
95978
74176
18748
28450
6941
61411
38489
41692
1602
20565
43333
47451
53636
91355
50877
27125
3007
66382
93928
59430
50143
47207
15842
24071
27610
79212
8429
15289
24953
84450
56228
20931
74978
91329
65734
98271
52740
20575
56315
54342
41140
16001
1793
11128
7356
52670
38253
26715
35405
32181
2498
85548
79389
18340
25971
23351
13904
34401
38640
38857
35203
11221
76141
26533
2550
58227
41156
55290
78802
13823
9632
36294
29824
27778
47422
37180
96800
2028
80248
32205
34209
82746
17754
29950
17438
43725
69653
31342
94478
8294
86551
46033
35867
62692
72566
38417
20919
30074
93707
16073
43898
19691
52367
73722
63821
16142
27255
60622
18170
7503
92827
68731
6601
26933
98682
24039
70659
84687
55381
81489
92981
41932
27523
28848
20977
16441
83617
58248
46516
93676
74322
6766
13368
43041
80488
77189
59183
24095
54163
77353
31598
63343
46085
38199
90276
61119
78590
77287
45806
33971
58777
55140
92256
86300
83988
13233
2741
83958
71481
65609
77634
45803
72375
7354
88845
69216
896
64380
93311
55059
41734
41262
18402
87819
95813
8679
48938
74404
2318
94744
24727
61095
49884
16983
47395
50225
46568
66489
50535
18050
48450
28169
80205
20826
35524
85402
6394
36420
49783
99705
7831
7869
57319
26234
95688
53133
51265
60978
43889
53583
55722
68616
31031
21959
1952
78426
88536
48520
61267
39071
82922
9718
67240
79480
46896
19116
81234
53290
71888
47369
69347
79720
55238
26667
22306
50926
96152
89923
28256
40041
43506
331
25009
90889
22290
26961
69316
27178
91834
46935
66249
91108
56653
49841
70588
3549
85310
68175
73191
57198
15544
42539
36918
70783
85558
59224
38061
98062
49147
66318
54455
9006
66649
79464
99895
5291
22778
85563
48821
30964
48851
15070
22072
5504
81263
9013
25406
82925
77188
98597
40124
92732
57488
93394
79867
59398
68971
17929
57460
18118
599
28267
43476
83600
7732
59724
88891
46862
61639
37712
77826
10490
69134
99898
32347
66749
8911
57753
49675
86099
72702
6151
95184
46543
99545
75051
5941
68516
92980
79754
2987
9931
8021
62815
93531
32105
22539
98774
78967
531
52838
73145
27373
21972
73044
59720
5074
98307
33825
71101
759
22880
77252
95943
69423
76797
70994
91716
61666
80327
87822
64653
90258
12196
27468
142
44301
66360
98916
39621
83243
51755
12766
26968
90079
2162
86689
11505
470
36866
82606
17581
76098
76210
13524
45521
69360
870
53590
31026
81197
41412
12031
87808
69960
55851
4302
14262
38563
3218
70235
38158
71325
99353
65127
77757
1516
68168
5614
18338
21386
4573
35919
97485
80783
65795
59358
50143
66665
12948
97521
64215
70713
25904
68375
40673
98108
72677
71287
36671
92247
41522
74830
79925
57228
56309
74034
75096
24477
79648
9786
45863
84221
62057
59700
65005
27852
19059
31500
10869
32007
45374
75084
2720
71278
59811
59746
69386
32488
31033
22410
41088
88908
13592
21013
62488
69901
95047
37584
10730
91047
47370
72945
75269
25779
32646
56626
53631
51705
4478
80852
64
49852
55937
19137
37483
32100
78883
23221
64589
26268
61983
22029
31528
91927
59394
94016
61828
70793
31600
88910
61840
95322
78208
53461
21101
10854
10087
91084
78911
30918
71937
78975
80770
44226
14464
34605
76326
93347
74179
57267
35968
52514
79296
67496
44442
38690
61513
22622
9483
9465
11533
87676
21140
89741
41137
58593
16947
51225
66030
95858
98495
54319
91185
95617
98545
5650
30223
91223
15349
20754
48491
51317
73268
44139
35166
17710
82830
13031
40333
8665
38848
68218
96341
59988
74311
53831
34934
91258
21408
964
87116
19903
55283
94653
15520
70180
303
62095
61403
15653
82849
26246
83322
72470
70386
18488
90180
69568
31519
46865
94585
70368
15083
7279
46708
89394
61110
97994
97004
82518
98958
472
2421
70593
95126
34293
57125
11781
96389
34881
43786
79238
61127
27109
51708
31513
61949
58241
17433
93469
21458
12019
80189
36542
19298
43249
42288
96760
41244
55645
79278
56554
56117
98051
27148
67595
32344
625
79377
45085
35506
23163
24324
96634
50272
92384
44499
28574
66977
61933
22043
88436
73952
18584
41330
9602
61833
99970
6362
3077
55615
1992
59632
28085
43
3132
95680
48739
20109
75057
93825
55616
98221
34501
68602
64845
43237
13101
93419
10215
75034
31814
15003
65338
66750
56333
91292
28584
72655
97654
48013
28271
15998
23997
56356
16041
43481
68388
81133
63591
43446
74958
35559
58019
25811
4161
22864
69048
17262
32636
95615
8649
80802
10618
90339
47553
83303
81632
92489
55959
95638
56854
582
11637
97204
73290
44030
40685
41678
41515
20628
85124
16473
56187
59495
58636
76700
98712
27685
10315
31348
39652
18964
28502
50271
25655
92407
33574
23639
84896
5885
35630
58103
6467
63619
55307
96109
24001
12344
37788
65517
32973
39264
98342
5512
98760
56979
82213
97472
1016
92528
45172
40668
27844
73674
90939
69851
82434
40866
9843
67330
63103
45473
41785
85923
25444
97092
82032
49445
25789
19820
14962
58762
75437
29657
80626
74197
86636
62839
88021
4004
71719
49545
44672
15915
23219
51964
2119
5653
9182
11962
89336
72285
57435
47473
58208
82879
44566
56593
48676
70355
76413
63639
45469
68202
9648
26095
42399
96284
5287
46772
288
93358
96317
61312
25626
35889
29628
27745
57894
38810
39707
63582
27448
13494
11056
2008
12725
71974
58601
61401
58681
51367
41392
4150
19569
51040
46597
78321
63676
68236
25093
80316
61595
37763
41629
87221
73652
87609
31318
47898
26420
71025
11481
70220
84519
22537
72228
97244
10863
30830
74997
69544
98549
16390
90046
18118
67430
36643
96439
47459
21232
37885
27775
82827
75648
85756
86400
65652
73366
17718
13550
16138
5095
25031
86358
5966
63920
58586
3210
74783
5768
78207
44327
4317
10949
34373
38788
94732
87369
35227
42191
8601
89464
69966
7780
65112
72075
10532
30764
45441
44602
44315
61579
49697
85698
47937
55663
49619
22875
75225
24402
44996
69784
85082
49313
80734
19455
4453
75466
23176
56033
34009
48129
45497
20327
55909
26962
92402
66441
57726
54195
11043
18393
15774
77092
4092
80063
32755
70063
19291
7980
94465
64287
77765
79547
29952
74851
15355
34406
66669
54883
90439
678
3013
52288
37357
75274
79250
46112
41716
53329
307
69111
88074
32434
46204
92166
28849
95311
78581
48140
3292
73047
12427
97409
68946
58732
72260
653
9490
55281
55537
99929
72311
74902
68569
9668
50176
47820
55780
8244
17501
72440
77356
5575
4874
39912
14094
33723
35223
92675
81864
54867
82074
10643
52276
67373
69375
40888
68026
78865
12521
39915
95146
84832
31169
80068
94501
81346
44240
66633
89590
61741
39073
83298
83668
60299
23210
14114
94023
74786
6790
92239
29653
5216
19234
98282
72589
4962
55522
56968
179
68044
13235
11678
52876
44405
91746
63729
42103
35986
30363
48045
14079
85788
31344
97747
46088
70906
28214
56463
62044
35004
65054
91698
56572
84288
6332
45514
5602
61854
2482
5782
29898
32069
17460
82775
76474
25558
46504
34929
77896
93219
82975
91975
95360
30671
6074
57800
1577
34288
30615
79974
85644
95669
71672
42217
96309
78004
87731
1912
56210
6565
24046
86109
38634
41506
85236
31461
83416
31740
66390
61312
41312
65717
53287
36672
96388
75713
10824
14318
10002
41439
94292
11998
37108
82316
70567
49769
76672
74650
68033
32882
81215
92079
18991
36202
49937
4227
84015
33353
52320
66757
94665
9984
32475
64304
63008
45215
40018
73832
59533
66372
15271
70177
78370
68731
68845
65290
34852
45517
39940
2886
78400
37508
94965
13743
73710
44903
34323
57725
78256
2995
40834
72922
12979
73309
37226
92339
18525
93596
66171
94410
59968
97794
80940
54691
82877
49785
19981
17729
95303
59921
20615
90055
97429
15581
20150
87491
76836
54473
61568
55092
57468
2403
44366
86799
92064
97945
79138
26941
91541
45309
21352
67862
59455
2292
22553
42332
68429
58886
60062
63732
35159
97029
70139
48941
12610
90290
36432
5798
61115
14353
60891
18584
33108
21609
21735
25172
19554
874
52114
27448
62535
89818
95310
21991
8462
34215
80675
76891
93101
57089
56976
28260
54119
27115
93553
83081
33757
29986
88880
94873
60691
49771
29809
93799
87732
51544
35323
7287
68770
87437
34735
31306
93607
46397
69649
2069
80612
66676
78961
90065
23766
35937
18325
77885
79404
11879
60966
13162
58217
66198
24387
35260
32321
54196
45411
20054
5740
80734
27341
74511
84524
78428
22169
78131
24825
91818
80201
5437
58494
75514
95502
98612
27803
30179
76497
7207
58410
53816
36721
32979
36366
61108
68239
68688
15304
30002
88742
37397
10737
32435
11908
11613
10863
50429
89744
35688
58599
86297
57477
17093
78163
52979
32058
5966
99510
8555
29526
57921
78723
82599
7252
15090
43708
91844
83778
75364
21846
88872
12761
32583
21307
41021
60548
32170
7802
50293
84210
66401
52942
41687
83495
47458
11018
31905
53424
10528
40460
99302
84801
35536
81902
92054
50626
41962
83898
50756
33678
22096
39628
46440
71032
77287
3813
31580
9457
27968
98225
10019
94369
67520
51706
94216
14978
62724
26121
84754
89604
66582
84057
74406
18470
82311
82812
85448
24273
83062
52556
57951
5158
92184
20743
76190
85823
40909
24123
11632
68877
22348
21651
63246
89868
73357
73815
4846
52433
99936
89601
42037
82870
90010
32795
1340
72321
15607
86788
12946
15021
39344
87249
20180
47880
24345
12722
50055
65254
53197
61687
50483
75546
83338
30081
81766
73047
3896
2965
41832
3833
92566
83870
86703
98928
33017
4396
87601
64977
7536
16899
79998
63233
4148
16530
27465
28493
45605
77521
10099
98802
39208
60582
74348
38899
7016
72467
28298
10912
75432
70131
31097
84350
70353
34153
83278
3370
38549
87231
68347
46085
4130
64698
25670
8278
81228
53136
53124
26833
30657
63223
41988
86217
40158
32688
25116
63526
5155
69767
74438
80587
39898
5536
64937
10251
56041
64567
29973
94590
51798
98321
57027
55928
79371
82698
80559
76951
52186
33683
20137
99195
13258
62125
85412
69768
94813
26881
33294
99969
96648
24085
80556
36546
45973
61846
63149
2014
26413
93122
12956
78212
7795
69983
50492
87166
69033
31051
64118
37571
81086
84255
36766
10697
62732
22179
96817
57545
65412
30112
73866
62060
70549
70775
14958
16522
32621
94459
18536
59034
87581
31492
53598
11729
17827
20443
15247
3213
67846
95717
40784
65285
96324
77551
75982
59056
16082
89151
16602
97846
19263
6820
59906
6164
77595
91216
22686
10216
2027
57574
85603
5960
5418
55553
17689
39598
75996
49289
42811
43843
45006
99947
25480
41331
93850
1462
387
26284
6965
33341
24130
26229
40162
388
48745
17757
7956
71432
44326
9983
29006
29929
15944
34425
1834
49985
74023
94183
99274
33186
54378
44281
49485
79858
1964
43336
97672
2351
69620
4637
52045
93751
47218
92207
94139
95964
26316
2096
67396
70642
28431
12754
16923
44375
63531
18758
10713
53906
29293
9987
87092
83671
70620
36578
63529
72584
96266
61201
91288
65886
65838
43333
75989
13057
51892
86481
9021
78208
4929
92769
65203
33360
5523
98478
94088
85407
33588
4801
39313
62881
31140
42758
46552
18113
95688
10081
7049
91954
87634
98337
74192
53473
58022
66534
82882
26266
53015
8255
20827
74296
1024
86030
7656
22899
84508
18096
24658
18097
39249
63972
97330
70390
23082
43883
4855
35122
70316
11904
43428
57951
26594
33972
27776
84616
506
10658
27235
69873
35265
48062
44169
52641
50444
68178
91892
51304
2626
16551
85753
41876
96875
83084
12266
36309
26967
17121
71431
13635
45377
14859
71586
71971
48831
15714
72940
65690
42724
175
35563
77989
64589
96085
30630
15033
80615
22523
66337
83241
55426
68443
25117
52301
51527
53735
88610
94846
87208
76393
8481
32586
91252
96420
20909
56435
12134
93849
22125
54859
94024
74041
32848
58613
86478
79831
89998
67093
18706
72688
66686
74132
41131
8156
42785
9010
61891
47747
3856
65452
24140
28689
14390
31744
25109
35299
88179
37244
45501
10305
92103
39525
84346
41303
14491
70824
21134
20841
54269
39840
93529
20955
30324
51012
45463
89461
60022
23707
37208
80230
89159
61348
25272
19901
93092
50381
71552
97624
3977
17053
7929
12432
72931
8627
53736
3774
95803
91222
24615
66424
47415
34497
3731
94091
85509
49195
83553
61884
72902
20761
58466
78413
98462
83738
98314
7906
34120
69866
5530
54449
3272
29811
66882
76203
38438
36970
79977
50593
28192
4592
17017
91959
55441
37101
86051
40951
86296
69604
19187
75550
90365
77653
53963
5179
61392
68629
13086
11864
54847
34968
66313
58119
64780
49547
34322
19570
86517
30651
70164
14710
51596
3533
6669
7037
56986
9072
64340
43282
78676
83527
18832
85394
77533
89147
90573
55277
57776
20011
67141
12624
54980
49806
87095
19760
99354
37770
39330
85871
68421
25846
16933
20017
45732
39955
43407
2718
49027
7747
62353
44056
7627
97537
29450
1512
86685
36375
56789
60813
56387
40282
89789
11367
90088
76885
47479
5794
31007
3161
8018
99428
29008
24951
35798
91092
81258
79205
93810
46638
3304
56163
90694
27283
70053
36496
28795
56738
72871
1936
33903
29258
42218
40045
56977
32307
16930
4456
54453
64289
7618
62471
63717
52978
87423
15867
44070
85033
95072
54232
31671
14729
10396
22365
42012
96801
58861
87160
53539
31733
89096
3794
77343
31315
43839
50673
79974
77121
71481
34427
41410
95451
13251
21480
48429
674
37347
8851
2059
48772
63084
33731
63501
89832
56096
21865
86633
31310
25377
56524
79395
14474
60318
73090
62141
20510
23763
58467
97631
95245
9246
39042
7048
22497
60522
55478
39523
14221
80681
41583
62993
43765
75314
26494
49949
47762
64712
52934
95424
90089
9458
74819
20915
86129
47910
99408
6639
88025
57875
4270
99622
83474
59664
6671
5971
20186
78501
61847
34408
59182
19782
13753
19300
95096
40248
69249
59210
21312
22184
54635
27753
47994
45806
48669
34123
93716
48077
40762
81742
22305
45033
81364
5779
21049
4387
28102
57588
82888
89949
8348
42071
9731
22101
77723
21179
78701
63324
96742
13
1860
51377
27767
49855
13535
92788
330
7252
40865
41093
5346
79522
2478
3062
85301
23527
7450
29756
81115
6690
19705
89463
65113
45789
27917
42836
83320
6618
6161
80062
6632
24373
47791
50751
74228
61327
43539
90911
84931
756
32004
90277
80279
50834
9691
81932
90713
33493
11688
88181
40184
47746
93996
5297
9887
21913
48134
93207
28532
70647
89622
51516
95020
37413
2267
85601
15092
62158
76512
23
79266
24868
6652
75897
92054
16344
57830
99119
49837
85870
87300
6373
49968
97649
11671
59855
19562
76157
69415
64446
46804
59037
15962
58176
12802
34581
60129
27895
13091
52993
27918
92358
94213
50923
68255
86267
83619
42437
1739
33456
44660
89039
39830
94628
86688
67853
70836
22603
44010
40251
87049
7166
99288
3012
65342
28442
53945
41824
56337
67037
94817
608
75747
89031
51531
44002
91650
35150
2792
93389
84958
63804
98781
41140
74784
1821
25345
45620
24424
69355
2223
11474
76521
17863
30838
58216
46306
84783
40
2643
51820
94857
19603
27567
240
87486
87922
91891
38988
7066
1632
23947
87222
413
81439
62006
2235
6785
23979
43011
92492
26202
54485
69014
44066
85323
43582
90372
86459
43622
9367
54631
54831
45323
82199
71424
32809
86473
63315
71798
9891
81299
12097
97113
81713
9888
59119
300
16673
83098
43311
9166
9301
14149
94532
69719
15824
54466
76443
2283
14440
85810
73267
85623
31133
55466
57047
80295
58291
36714
52093
68182
18014
80542
65295
16079
90430
40766
32731
23456
40217
92394
48974
49518
6543
59858
35589
38720
14324
12032
57355
28764
97842
30622
14387
45328
2440
87787
25623
77083
24501
94068
45265
42515
90962
26912
74946
81392
84031
7677
21200
24248
16424
70174
90118
22967
30032
25707
78039
44356
37739
35395
89472
35581
82369
3860
97261
84810
91647
39236
61893
32500
49656
23511
91368
40618
66775
66314
38363
50806
90344
59563
75054
6768
29738
65172
46087
59770
7231
24127
20479
44970
75874
9951
96904
58243
30163
94165
59405
38162
49754
21299
70663
15762
61162
78383
56381
27937
44697
11096
95096
51393
87011
86502
74513
16749
68027
20601
92872
75258
61080
29703
20229
36954
39654
17133
11549
86170
27650
70955
24332
93756
8606
11347
9519
69768
89730
82252
14057
50780
93348
25505
18525
80359
12008
93039
13461
80035
13640
22685
55293
91072
52388
91874
44378
92042
25359
55927
94564
53010
43234
18897
63118
51840
46596
72637
37960
36327
71241
68370
3459
80941
93875
21984
61301
5883
15023
91114
85918
45015
13799
57564
36087
66187
49438
80465
74581
74798
52745
69146
44160
95979
4395
23630
64172
50991
96268
2132
3670
83861
86854
23481
64803
80730
45466
42456
2965
76841
33570
5236
21857
47369
62800
74296
29908
28590
71114
20841
3388
23859
6339
63900
19838
10734
87531
84010
78078
151
2495
98100
84012
89349
21582
65167
86431
67048
7623
89397
43889
41193
94633
82098
4914
57433
56395
51174
2375
27509
72016
22116
67720
78355
86016
87558
5442
89899
87921
83520
6402
6768
81620
6767
96117
3202
71934
82549
86602
79558
88298
46844
37103
82931
28942
42018
56716
1689
93192
59091
45550
81560
81207
13270
59916
83576
17181
65358
73475
21454
65230
96230
28222
63202
2997
40691
66405
74931
39592
69359
70841
27890
16203
7945
10821
61498
49963
83889
63187
59507
42981
8738
41068
40540
38360
17336
24116
55541
99046
13944
76995
80628
10174
21569
43830
29523
62261
26587
4454
18205
95947
91648
46096
28502
99593
73269
90000
65908
57159
53188
25415
16492
78278
82835
57032
16638
16523
97501
88532
31921
11445
81879
12549
37971
3449
56380
83846
82062
82967
88300
267
95266
96300
46363
23769
95893
35985
30121
61801
93144
83309
3569
25988
77939
86404
83020
10930
19280
80521
99462
51201
8318
81341
63751
62641
1142
36483
46487
83204
35802
51140
99824
31069
47440
62539
71190
59686
98524
1311
21487
8020
973
25056
34008
78912
27813
17029
6194
47093
13902
5656
14646
38573
3350
78397
17566
4492
31232
80406
4049
67035
31546
3873
14456
95338
66412
1998
55024
81289
3309
92864
89309
20634
34272
39670
15899
62085
73051
22093
25530
86953
27750
40177
41878
47452
34926
59445
51944
82511
39851
55993
49546
87749
76218
80354
83087
58983
82352
54464
40272
2013
47328
45933
22648
97952
85603
38547
60038
58654
76992
1920
61960
4742
58449
3838
52194
9728
63283
20491
92239
19486
92836
41785
7235
85407
38491
6675
44390
20843
77491
84662
22856
41171
30595
61856
39123
32551
16755
99161
91205
93748
17434
53165
14842
75883
57004
83389
85611
36639
3880
94202
72478
13068
52339
79713
98475
90830
2740
42865
11673
80231
43879
50882
21402
90827
12738
60526
23378
29494
76039
14583
23242
9825
84101
54436
85709
57457
37825
87672
10448
41705
81875
82926
71126
34214
78992
69601
41397
81732
12467
53070
61964
72698
20304
99718
63525
49395
76596
86903
78889
68988
17839
18483
78813
18292
89271
80874
75749
27097
68547
2549
85154
66774
85476
56280
17340
64468
25882
58737
62552
54701
28160
24516
43751
48464
40587
7277
14211
17183
10532
9452
86171
28371
44287
64985
63015
33559
62211
55116
60656
47110
57666
45810
13884
59494
2091
47577
23962
44325
6314
86514
15378
50826
27383
59129
15643
67970
66406
29854
1505
93291
39307
87677
38014
83594
69014
1030
17153
47577
56146
94161
94688
13812
39972
8572
73306
58415
72501
13620
19092
78816
16487
34470
45994
60222
9951
61637
44544
92710
7844
46049
86001
47151
50078
24015
47097
35444
25045
80603
83022
97544
74764
77710
11356
14736
2634
1015
89503
75136
30987
8595
70304
63826
43065
16298
40400
69369
94288
84944
62079
2132
30994
48080
65635
97424
72095
29084
32869
13493
9687
15891
11037
804
9953
38745
31892
12587
56112
21396
4075
3452
29991
90731
67278
89409
7030
7679
58778
17670
8975
20857
36154
56321
85289
18141
53746
73736
47225
2967
87229
73265
18858
14618
74069
45163
53364
22313
74102
25828
43709
78178
29280
90053
68909
12911
79462
92291
36942
54592
26313
45917
91801
78819
2239
77090
96960
72337
50826
60538
75304
54408
50155
10514
69026
40576
55677
38742
62889
46131
64571
6599
40661
10203
13004
9571
23114
92466
18214
76408
63410
60880
22326
71563
39699
40917
48653
53012
29606
15831
13550
4910
86591
80057
31776
55618
20633
87453
10712
99874
49936
75283
22825
90598
1839
35829
16521
24953
44647
34735
1362
8057
11967
40040
79620
51667
97309
44625
21031
26915
76809
50933
48177
63400
30990
79953
35370
67975
83758
46083
67849
33694
37718
90675
24292
39557
26504
40813
80863
71152
91901
98577
95561
20220
54969
91534
71887
68630
36159
92918
95545
29320
43851
60074
92721
91193
40027
44443
59168
40137
6878
43370
73831
44597
34045
14476
506
76901
71641
97721
64405
79894
12650
59967
115
67619
67853
72002
36249
20364
81273
48146
49685
41476
8220
58758
49022
64599
3201
8190
4736
10080
51560
94920
71029
1957
9396
87887
78859
97389
85609
59616
77284
98259
35935
77399
82231
3788
65753
34832
24153
47026
82979
73838
4855
7551
32596
53877
72151
52149
78419
93239
62229
46332
88159
33258
48289
13907
37498
43500
11297
23107
3117
88581
37718
39052
65980
19949
59193
31733
54782
83346
95112
54113
73536
99967
61664
22484
70196
50167
74633
48615
43407
53215
11299
31566
86473
75941
45474
40323
19441
73123
63430
38910
61704
17501
94315
27684
53802
53508
75769
24936
53206
70881
79049
26742
87200
57066
65578
57396
7233
40211
22364
66992
93426
33663
98559
96252
9604
60385
36575
45398
33508
16358
660
11564
33859
94975
39248
87661
64835
31369
28950
34393
2251
24351
61135
89451
81417
43065
63200
5003
83277
85564
71995
93055
35579
86906
89307
61536
47291
42235
23286
97151
58593
23946
25067
8804
35274
64315
12817
16461
12037
41767
50855
14288
66119
28342
20091
63888
71408
83291
68891
54685
85207
40887
47740
37139
27793
53400
15027
91437
11987
38313
4940
86932
78611
30008
95736
30237
10675
24905
46699
22712
83025
97554
37000
49144
25896
57092
29384
97304
56735
98276
68341
41943
39163
32434
95434
83308
2186
10461
74745
14173
65126
79686
1105
43737
26046
13193
90327
36721
38098
37026
59434
21123
34580
12786
86619
76828
86230
16004
90485
42966
14280
58826
1261
69795
7612
96695
69455
9798
23508
44201
40323
88634
40239
57780
48723
66285
70973
39050
19358
9072
76076
78792
46547
27008
91579
33167
20189
94161
49171
10674
37127
79803
85852
38388
65950
9817
51435
35405
19615
74943
95958
76291
63577
36197
34071
28653
18834
21397
67703
54545
30469
60132
33337
93368
87140
41268
26535
7329
35430
92058
34355
88909
88213
20208
43650
70515
30025
95085
5921
65992
86381
1879
58635
66310
54429
92707
94963
89615
14104
62667
44160
60925
22799
93850
70645
26291
51470
13533
33621
3252
21943
84328
92162
10157
4536
35812
80672
50913
47249
2945
16906
33630
4825
91893
99941
75606
84600
94904
81573
15056
73923
42086
92333
96722
35936
62979
23014
3758
76512
72987
7011
98455
57315
99173
24964
78204
51337
21989
29117
98586
24934
62375
32217
46111
54269
48510
38069
55221
43414
19643
86630
17338
61729
78963
30412
14017
58294
69778
17775
51158
59117
24786
65966
32785
40311
90930
10989
91648
29271
56458
6587
54206
35186
38804
16669
5807
3666
54739
77380
47080
90734
64010
80770
68815
59326
11183
82832
33972
80961
607
85131
40079
41746
51097
72864
82057
58379
205
90058
87651
73015
96645
41857
8201
51801
74878
30360
55467
29617
7741
18899
36703
88103
99670
5518
47429
10853
88350
97754
8166
5310
82885
64597
47056
50334
53813
45465
8713
54018
51875
96364
43386
48520
54573
51587
16673
29452
98300
72140
75421
6041
91040
12125
10496
90710
33995
74278
17915
22346
72032
26081
44008
71269
90679
7416
21603
60844
69233
30316
31215
21109
26681
74601
69629
97606
42540
86303
27058
40840
74795
18832
63233
65835
30957
73730
72897
81304
48008
90812
20002
36392
33246
64010
7661
40277
87778
29264
1121
57012
59580
32336
78121
2613
6937
64102
16572
65830
66757
43630
6670
41553
78814
69904
23740
9771
59986
12990
7428
7994
3802
27430
60738
53400
91441
68399
93677
79219
97663
11151
36231
73595
59839
30704
92561
83129
94807
9133
48959
61564
69115
55629
19469
47930
41885
43210
74053
1871
72552
81481
26217
76354
8912
3307
46107
353
71706
56136
95924
85721
83639
48508
59317
43479
79212
51878
26608
90371
77363
91919
68288
46478
63900
4109
94408
5786
63671
68462
24009
36223
49943
66579
28930
58855
69886
75037
75560
57945
47525
87837
43666
31165
36345
2983
74644
31909
71213
17604
38633
64928
9523
23273
11407
73423
27382
22167
95561
7406
90629
35923
43629
56925
18854
72559
32132
88740
63948
24045
46685
11474
11882
6704
42639
64579
26039
33635
12840
13605
51239
51473
78533
77114
91098
89940
50537
18481
28460
62451
25887
35441
98374
85868
92366
33580
74780
40851
22320
38728
64896
85358
50202
93130
8414
9193
74061
34453
42828
86901
48058
94067
54727
26592
87533
45825
32884
38071
80658
61344
16874
22897
96786
31600
25118
5504
65180
99898
46355
3852
38626
27603
5562
5181
37085
13976
30726
11146
48430
73555
14400
12840
83974
69127
39432
71508
31304
88669
25931
28315
50013
42805
51212
63151
90757
76330
85008
55937
76228
47715
59789
31207
91671
81704
52740
28756
95680
83466
56255
60462
57021
70655
73303
57348
56134
12735
45208
3790
17756
71139
32105
84122
30296
99670
47273
21053
92352
32281
93342
68581
96349
53131
16140
88020
34835
68880
16776
46868
52346
89383
7330
25720
60038
80633
83068
32524
9721
28276
36315
27477
15767
84772
11599
46063
84442
75225
83468
76795
23858
76810
61728
20207
46293
77868
8227
97481
63100
41356
44349
31798
30739
68031
57518
7130
48665
56938
39654
74738
1566
92321
2215
17333
77094
13815
79748
61536
89040
79568
54683
29250
56378
16411
49458
19024
10631
57685
16505
73731
99041
77206
21882
29781
45237
79400
36911
10254
52691
92917
84992
54257
85239
3560
87943
78685
33727
84043
40221
39119
63612
11257
68369
36342
27668
17827
55366
54652
75513
71871
28383
90906
65429
66617
37039
27019
46018
73950
37273
15061
83220
38618
85670
84811
42178
73613
63496
75905
74009
20069
15024
37621
31326
83393
73963
75347
1221
29330
29999
93086
17553
74734
83992
82983
41352
37384
10002
3722
27686
63627
18783
10906
2245
4453
95717
60775
94419
75565
36680
68428
95635
68056
22401
43313
51450
96364
18660
69023
42046
48659
78461
59600
23394
62453
58935
81098
16189
68937
84820
43876
32564
19955
54782
51162
24408
66852
11937
35179
42417
64970
3607
54404
33026
26008
97718
84476
38725
16378
69851
80771
81390
48312
56723
21136
27118
15658
2234
43307
84595
3406
87183
33512
23361
58318
1026
64121
25170
12963
99301
67587
77933
19260
38344
27312
45269
36062
11788
346
68792
97992
81117
50182
46304
37841
87670
89774
53499
89904
33082
54447
9662
36617
4311
33023
94935
21689
97145
20105
34652
96446
4045
28938
15706
42389
56250
77327
94803
84390
77673
63595
98734
75143
30130
45039
29336
34152
34813
99187
40409
84247
69986
50071
20865
74297
83095
15800
95986
96592
52258
46991
93038
72655
92281
25096
15044
64883
18776
26199
65625
96449
6146
64360
87944
52628
25751
17280
86781
60564
16468
27190
61164
86454
93613
98381
77104
76708
30533
89442
73300
82791
52785
82690
71798
61418
24139
3194
26301
42915
29393
8279
55716
35540
72639
60013
4520
98390
77293
91301
75306
10113
34843
36470
12920
28457
51203
6376
21517
81737
12170
11170
80880
64956
10212
52679
42726
34351
55873
85380
93618
1619
93659
65687
37159
66298
25700
58031
81040
19345
49333
56346
45811
84176
9169
75083
28985
60372
81459
50503
58461
93629
61673
39342
74937
71885
8373
17664
22589
80598
19396
32559
82217
13055
98246
35728
95705
40298
93760
76745
59644
59445
33091
21807
59973
42260
96890
88959
18985
78349
55814
93798
88330
17487
49492
79620
5724
57865
13636
44665
38464
33032
77225
37033
46087
91823
72762
41792
32122
82874
18537
8118
42319
67980
29925
2292
26593
26815
91251
45578
21516
47065
39376
26198
80904
5221
5818
2981
63086
19454
47646
17902
52486
41223
71288
14925
33047
44050
73069
65169
43276
7958
89639
85595
75939
19564
87887
2532
62731
95491
64462
599
42556
20190
26797
39813
25411
32616
42794
4850
68422
6792
39104
37261
48016
10392
52186
81063
70794
41608
62584
14070
49566
52223
99665
25505
71787
87553
44389
50870
99396
25203
51469
58304
45394
78266
98117
87157
27234
57263
92007
95657
64056
31112
32918
12072
41504
1456
93135
12299
43064
55719
26369
92631
7942
42387
34488
96081
46292
78878
46951
45688
4081
98420
3992
65827
93038
18462
52985
20273
75725
61344
15930
39781
92456
65200
51853
50313
66656
61340
78964
9721
33411
21685
18704
41353
64072
53192
53786
10364
48422
737
72404
68856
15509
76397
34683
24900
11211
4020
45173
86936
65365
77455
26718
74173
42655
94923
24486
25663
56264
19802
51736
89675
41488
70440
47381
21912
39985
1167
32277
4759
18257
21033
73615
50118
13782
8299
75018
24993
28671
36543
11930
94036
13998
55000
68210
73005
49923
9048
98669
6187
28851
66757
12215
86691
53550
59596
8603
93535
77115
57232
98294
11724
78266
88262
78195
92048
12913
53213
33394
41584
6109
45324
35621
36459
324
20183
9465
50247
29231
24486
72787
58082
91243
85002
44773
44793
60950
69729
54680
38065
26961
69327
66142
5227
57589
44337
13628
70502
13902
47022
28438
20011
8698
64059
56471
9022
84242
82288
75621
29826
6774
64760
87908
14369
49762
49034
75515
27064
18763
30195
65130
62076
15874
47624
67304
89815
91961
97284
76669
22215
44306
5108
58579
69356
69167
15050
78378
69762
13690
70351
99588
20464
35112
3848
51185
1226
69234
26700
28291
4349
73248
9773
66426
5474
57397
50082
95290
65710
47366
71959
87925
8024
77067
46504
77380
62587
77906
72110
32349
91596
58813
31937
28412
93925
52137
95950
11504
21372
22650
39795
25721
12250
49568
8499
17725
23317
58581
13015
89027
22299
1326
93304
30323
78394
56161
24055
40981
50419
12517
89682
58368
71331
37971
3132
81608
90108
99082
93112
27832
38085
49259
53554
50335
98827
62053
84412
38496
36987
13779
43875
59286
15106
37180
5962
9852
9693
30017
67185
60112
58887
56867
18480
30218
94838
21613
28178
1298
37047
21291
29131
75132
70550
99037
41820
85730
77442
26232
40578
14429
40012
84454
73716
71470
37986
79678
81322
47679
26047
48507
24143
84934
21726
58976
31504
16564
80589
59683
34214
33988
97326
63345
9121
84228
78734
50941
69958
56177
93525
26889
70606
49889
11343
60674
21359
49329
56704
19033
13360
82752
67540
37503
84038
5618
96479
15543
22182
93420
91578
72749
27409
88904
52446
36530
73132
31181
3823
59443
87358
13700
86332
74316
63590
14027
34991
1301
63356
91695
20335
76716
90799
4227
30571
91190
9846
27051
23085
48380
20471
14663
21129
64232
19919
73576
762
9403
21109
20937
85198
8467
34638
87882
99135
14580
1909
34126
15881
81617
42174
36216
74685
49325
56796
5257
40515
82994
32308
63600
31374
69131
94615
68856
33364
14534
58784
50478
40290
79893
87768
25488
4712
22406
13371
3847
36986
15280
37974
69219
96898
96500
21788
87935
45825
78584
93192
2693
61578
41852
82645
9304
27336
77261
94512
77052
8147
53296
27530
48437
49541
31650
73926
54253
70408
87297
58101
23746
18929
12427
92966
15827
8927
14754
3763
71104
93338
13307
73797
71268
71512
72795
96924
98848
50056
91437
75900
74555
61085
19782
22993
10627
51433
13271
64880
21841
16920
39333
45588
35849
68112
38554
68029
77039
53308
88144
64496
62998
1451
54645
50618
72963
27440
63894
88163
93848
71683
64063
68404
49121
83846
7749
59748
51631
37372
40980
73472
54292
96666
35412
90141
64778
73966
58170
58170
43626
46314
39018
22976
64118
93663
89946
53433
37456
70193
41597
47656
58228
5660
16060
7349
5858
40161
67097
57489
77533
24430
47314
31825
37448
82726
38319
2226
56693
12841
60396
16671
75508
15766
56000
39626
9430
62298
9411
63238
32491
51008
10894
90720
73021
43307
98069
78879
83468
81519
52721
77354
22301
35
25531
59749
82761
63850
78327
55806
76692
55076
88830
52200
70842
44830
8178
96624
7128
17589
59862
55972
84950
70757
63044
57971
14064
77465
53202
97532
75336
5923
91238
97637
5958
16770
73738
88720
96972
68418
60878
90016
23494
49708
58568
94336
94538
66746
90961
18019
688
50823
90343
85638
37932
53387
59961
51996
47204
13163
65881
22541
19087
57119
20178
25045
90241
10269
30117
87214
78687
90996
77230
18533
40704
52151
12869
51595
35249
20182
85966
35937
87358
76309
37927
41642
46048
97888
93639
93252
11052
75872
15793
30139
32991
52324
71536
39585
78945
18006
26799
73984
9002
20381
92517
66058
72532
21738
17653
7782
41921
19971
60071
45631
12632
14351
87273
58680
12239
97264
68285
39643
73136
430
86134
22480
69106
74023
62065
48051
92029
88864
22035
1031
25597
30904
83441
14482
52643
17447
38616
10916
37418
98687
72899
50051
13038
60172
25083
41630
73789
93368
81273
46925
10151
83760
69405
79257
57783
31470
27309
49812
36686
65696
67195
78636
96601
50636
93118
49244
68083
31734
76512
21854
46773
49411
88257
76164
25935
13340
17794
99724
23061
15419
63002
33212
99179
32407
12469
73314
80230
56130
23126
33268
38179
6673
28256
34780
57310
21374
376
41745
69460
76888
79951
16234
42651
68208
8750
68586
97901
42896
68311
20962
58315
31313
70526
73847
80072
82995
47161
76654
55478
86640
26275
93657
93313
54531
44789
66975
92258
45165
25073
61718
38405
5024
94304
81056
73233
3054
65994
71134
45950
50657
8448
20618
98322
78974
10817
94747
78321
74330
71401
33799
60970
14028
43808
70636
68560
88597
37611
60818
50114
79036
38888
4871
84061
33193
2279
73646
52599
68274
61132
14902
18931
69580
35520
17254
64906
46337
12001
43227
20667
99754
93379
97990
13783
37187
68626
98695
42137
22589
75865
92251
1626
14753
97123
2039
64298
99402
75685
33250
84028
36817
48152
2960
22749
83672
36566
87655
46361
64919
47234
67028
81025
40613
81370
94808
94153
49996
9855
36290
88938
85720
44893
6916
16826
42016
25307
97476
57771
992
30726
41799
54161
78878
61111
93262
78902
97677
80917
25263
78948
44503
8644
59974
1469
90014
71134
95622
56363
80990
48264
45301
83062
9509
68569
16240
67878
93876
13717
25649
11220
60795
83800
65381
39674
44912
74995
34928
58941
72264
60192
37890
16767
68836
14216
18236
75202
85350
30210
31565
82692
94826
93218
82107
4336
61787
14699
72214
72015
44768
14215
83235
5564
98015
64968
61590
59279
39963
96518
18221
12227
73062
72463
45347
41898
86679
63583
33453
72029
10146
65018
71074
4972
74589
69533
25660
36376
84232
97874
8392
29001
12089
7979
34565
26457
72948
96155
85736
29263
9025
3957
41491
82088
76420
86838
40338
79451
66773
73791
67833
93271
38810
38907
14596
13399
8440
40256
66127
92672
38131
90871
21673
66572
15203
72590
93029
88151
85097
78766
17414
94123
99075
75257
76211
91848
78447
16549
71299
61573
90341
39132
54844
45503
94391
69440
75254
2831
9697
57733
11856
64180
64957
49881
30752
80160
38824
40134
84663
23921
35252
2077
18044
34327
93687
94255
42527
72134
27157
13827
33707
33850
69311
4904
95705
63703
74344
70959
82886
393
45044
11094
64573
10001
60976
11678
6513
99800
68164
91176
40073
3416
9606
58118
54095
3293
68725
96623
91779
12234
26802
41839
46084
96113
46743
41789
76168
37439
29100
59055
54185
90497
70149
18758
16850
47477
46788
23364
63629
14952
14540
3703
18368
24146
78173
88816
43791
63250
85439
51923
75485
28593
93762
37921
24706
56857
96063
875
10648
25163
76282
64833
32012
46431
83592
48863
10261
46732
72227
73890
61685
3119
93945
96405
43618
88470
85221
87409
51721
87012
39332
43558
15605
49446
81479
40312
22655
77542
57539
33304
19058
33821
98137
51070
96604
98081
16285
23217
44814
88512
97108
6499
7984
7405
19256
51602
95876
4478
55363
63949
91490
11048
7507
7096
60494
5338
63760
83150
99233
21299
32806
18291
71472
30943
85713
84428
29025
18351
7646
90191
23215
21106
96690
31199
28511
15946
82801
40739
36776
38165
21040
28267
49213
44899
51715
26059
50238
15475
25561
65823
53126
58367
466
40950
89311
86179
25378
34688
20882
33024
24879
44098
54130
37921
75297
98994
70219
74451
56085
6996
12616
77126
51615
78181
38377
3330
20592
4967
35157
46154
70790
4635
4521
71256
45585
10184
73788
70963
44872
94670
20340
69751
38768
90822
24024
14066
89816
94244
4869
62254
17592
17485
55732
69207
12018
94109
88889
32610
99077
40398
78764
69867
45033
99638
41124
90618
9822
14912
77933
71047
9582
14625
57150
64703
5448
81175
95121
11616
75419
99990
73870
93011
33827
45954
78570
45845
40064
67459
78455
55493
7857
73572
25360
69242
73210
82836
76212
99384
97748
70497
70431
23683
85123
27582
88386
6923
25109
99859
18539
528
99849
8762
9891
33676
71068
4813
79521
11132
72272
74328
66625
96481
64252
8338
65723
37462
91174
41935
53199
5275
28784
23630
28958
13907
67564
33696
20830
92673
49907
55722
9553
49756
80836
19444
99784
51904
40609
95657
79389
12881
69985
62366
25714
34238
70704
7789
88052
78231
66076
41251
83506
94861
81234
28816
8768
48798
78864
45951
57824
28771
18025
67377
78527
15213
3174
94663
67117
43783
90320
62858
73017
60305
25225
98731
10895
12281
6521
15300
90512
72597
56551
74018
83810
54137
19186
92579
19288
98050
54882
77112
43173
72907
60841
38052
88120
64015
32715
71589
24151
23035
34448
97168
99693
76025
12251
10588
88306
35124
25888
95171
24074
98792
85541
7884
69281
4728
463
88569
19130
71697
82033
62304
44604
42875
16708
49076
6890
49424
20666
31041
88811
71466
44561
88504
63843
56813
99093
52149
91937
41333
47320
16011
56477
32862
40248
42111
53942
40711
30680
73072
12409
29066
51728
73365
71941
68437
22442
95183
34213
59460
42577
23024
47278
87138
11529
11121
60303
26974
79622
68593
84659
43295
956
57489
76157
41204
99600
46451
81916
46632
19523
10677
75698
87604
394
47639
72393
39188
59175
6606
98648
1752
45982
62278
88890
57511
89751
65546
837
69374
34139
1849
12669
35095
59338
5178
76300
58938
51629
74568
21922
87504
1597
97621
91460
1991
61612
63853
57532
20787
86811
56180
22539
32794
34811
27782
6657
24562
93328
23847
10288
43819
25696
22957
78914
85034
44487
71566
60324
96116
62486
82246
99973
64083
96219
91433
82427
57832
71639
39959
94971
58450
12491
17511
7596
47302
61645
30606
88217
71325
54453
98505
15144
80149
37815
10410
81535
82302
81977
41859
94771
44463
40457
94744
24899
36677
2529
7326
10861
90520
47285
5832
65323
76128
39695
72919
39783
1340
19877
28000
89017
74330
42857
4161
70831
80672
14572
52366
62975
12901
10577
74098
57364
51035
85194
82263
4064
4075
5941
14925
94596
69578
20757
59919
45707
76805
49190
85490
94497
69068
13490
83515
59750
56347
4028
46934
53372
18600
15652
32699
47853
26230
6797
21570
93617
91991
20185
97681
96066
26127
28958
7014
95705
49715
66933
57764
42872
32476
43254
37370
17896
73096
20885
93998
45796
24913
40932
99168
59866
56585
31867
7719
99167
55016
45641
92784
47007
65827
6817
59425
91954
35775
66440
4011
1842
49725
61776
44715
82201
21382
82085
97
10831
2970
10448
56627
44235
51380
72147
4101
24317
20366
28173
23484
75382
73814
32620
38741
55993
39437
14518
64299
91564
80958
68311
93407
30684
46439
38122
29237
84173
36559
45687
95004
55881
56135
67983
116
23867
56482
20570
48185
76848
65095
71669
68582
55261
4290
23675
11255
60079
38194
91906
51644
19152
76569
45051
66188
39360
99525
11778
23534
52436
73817
34890
8317
29952
2874
24785
53819
59356
61707
18356
52557
26802
90026
21139
98416
10668
61167
26023
70747
99361
17929
38743
34865
94499
83794
1054
33859
99671
29184
73745
52107
3001
8636
76776
49305
27862
1562
3124
3570
79621
21481
72479
22776
27859
9971
21192
38527
71138
63567
25626
70499
81496
64370
5364
92347
64516
22770
42559
80540
68306
32656
48999
71307
57644
25776
20612
1858
43690
40089
5429
23311
77922
94260
46087
5781
4231
83631
60660
91721
47198
2638
62220
45047
83360
83937
53746
47877
23059
96305
44769
91366
28962
93768
62673
86606
19544
99638
4817
63234
39727
10246
2898
17649
20858
48985
39782
41442
48969
16794
33163
96167
35784
11736
41214
19145
95673
94961
83374
18732
7618
28143
26450
52932
21911
89124
55891
41456
5114
60708
21042
44841
87306
23940
78842
8164
89278
34976
49606
38247
68122
99122
50766
3906
10858
8333
23051
22883
19646
6425
57967
43616
50920
84418
96549
72832
89894
68792
30640
95008
29500
51682
56201
33158
91975
51395
41322
97605
86371
7281
52204
70845
6403
2970
74751
33613
27655
14155
56496
47301
36932
14463
90918
87853
98881
3819
60685
88775
72611
91325
135
2111
59359
56336
35269
67686
7731
92943
65291
10454
16576
33847
81299
39331
53170
72403
72944
80825
86558
29440
28127
39842
60256
35397
27695
75489
39216
4732
80617
11827
96057
80752
30290
71769
37089
65559
39455
61172
74854
21099
87979
91431
71298
85630
47114
24468
58033
20059
5294
60943
65851
33421
786
42459
85170
44833
17949
24386
49566
98566
36213
61975
79318
82855
33744
32759
48414
89552
10284
39620
27003
98263
47403
98301
245
94518
22770
58279
14577
28064
35574
96780
77837
52712
39240
63007
97546
57189
3745
47112
55755
56310
25439
51425
39165
59184
84185
3931
65088
10821
43551
8443
9084
90955
6744
9329
85473
45866
83960
16402
90282
35887
13182
68119
88599
68774
47478
2497
25963
67575
65961
98070
23885
91401
65848
79402
66937
50033
83333
48377
60854
43237
56820
86290
34192
79916
11971
36017
25783
12284
68771
16065
64523
98305
537
69474
67080
64367
71972
9395
31943
54285
23818
72180
45686
89666
51583
28975
56051
51268
77352
33257
94505
34172
35899
45049
14089
47870
81066
39872
76506
49837
72289
57381
48143
89178
26856
31575
53546
15180
40970
1841
69465
64788
90373
31504
70806
58308
60479
26857
9577
37832
60114
4082
72004
96013
49132
2445
60236
46550
58669
53094
12740
30959
10476
60883
20137
37332
8810
90035
68864
49780
8228
38329
30921
98602
86185
1727
56910
46665
44937
66487
849
5051
86922
72853
17417
52406
91651
94005
98956
50320
47099
11696
97631
57575
88931
34121
11259
97741
24156
80123
63874
32385
34805
11147
47339
20990
29226
4249
84007
74163
87089
84856
95567
74011
74062
29336
26417
65713
23341
41725
32385
70440
53422
30017
44368
58705
64138
71979
72799
88294
68455
36673
37031
19612
64172
84370
56954
93398
4972
40962
83914
92061
42170
79481
82424
16232
25169
25193
98297
48510
66918
30683
35302
36692
60700
96022
11750
24838
68002
84549
29484
52809
37574
82868
72421
1746
67238
29375
95144
88562
86689
95410
80623
28860
91243
79399
45092
16412
4592
43390
64922
87863
74073
16577
24555
34773
12599
36305
75963
96953
20854
5447
49762
74780
88315
38535
76526
71906
67911
88023
60468
54600
83433
57444
83460
74677
36843
44905
91089
57788
88295
72364
45651
78720
5293
70206
29845
17892
22864
5808
31198
60070
27607
97312
34851
32275
35848
11377
20533
3759
99400
97353
74711
99186
54797
74524
73863
7993
19429
64952
65781
24076
53668
27784
2796
58961
14342
32641
93206
37206
54801
24404
13629
98760
21716
64832
31035
73916
92561
51568
77675
8314
48922
68739
7500
20071
43263
81363
44416
79044
62667
26549
3120
16336
54333
22268
75297
68676
71261
68503
5882
26062
9259
35863
24822
47328
695
72210
21244
93257
40130
15272
1571
5404
84011
9071
25476
43626
6786
86244
22670
69453
12794
42142
2141
67127
64410
77439
35803
35671
62294
58038
78085
87906
93901
19259
35234
10949
91469
56478
4206
47952
88102
22129
53356
88465
47552
78832
32091
54338
81429
71113
40143
94223
13255
42285
61350
94017
36076
13506
46040
14722
71544
24125
2628
81797
59737
54214
92746
67558
27045
13304
15510
15147
35433
68867
3613
82985
64051
52056
53675
45480
23170
10171
39703
52777
52456
1054
63147
4884
14560
9187
19606
2456
49665
38587
84253
9402
92801
77000
76960
19846
6656
92471
51346
42090
61338
71311
41427
25389
23367
11455
70870
62889
21626
26925
32019
90434
27979
95166
95318
58891
4353
31276
77699
70370
69863
61953
79772
62665
55305
56733
98863
61961
65556
66561
20403
43246
37872
78183
68635
77592
89638
55857
40481
27616
82783
88852
18050
27114
84018
29720
2358
4724
60996
80057
75094
30860
58362
71219
9877
30019
44304
25092
8333
9860
91654
28736
53106
29526
23271
38093
7118
12909
93951
63952
56877
93086
52804
74927
36552
53175
4647
55262
57899
81996
35320
49345
12856
10034
20564
39085
56406
64868
64177
64739
74728
55831
9827
44186
1710
33099
82280
25180
46008
92583
5484
2886
2021
58289
94165
38573
27816
15165
93836
85715
97161
45508
51412
26369
71894
71977
65454
28300
53197
29631
93039
44278
1815
2867
88464
19877
52318
87096
61409
98326
96031
66894
17564
98052
41535
28082
52978
69351
43247
63166
71418
40408
25026
22830
83129
96920
11159
48583
41573
64357
94566
34612
8635
96381
53831
13451
32610
6149
548
94020
20828
96579
60914
54744
10984
18801
82826
80314
88152
42425
43480
75922
99185
68506
15104
82314
81778
26264
30897
23351
6973
25464
74316
15608
38197
44499
45411
87160
67001
45959
81180
4181
58891
58446
58925
86227
77247
58104
66541
65399
529
10021
57673
99715
94879
72777
98381
76657
99041
29279
16361
6014
71095
7029
37974
25644
51528
83386
12804
18529
45697
10336
39062
20940
68782
97988
7167
46029
72444
73708
27780
72973
83729
85453
89040
94960
58231
87422
87970
73624
33053
4331
95991
20500
11360
50317
46144
79240
33703
58949
14122
95753
85637
53184
16693
54420
67524
23861
16801
39968
13921
44582
29294
97651
46387
34686
8963
20970
38460
96933
94595
71513
17616
6938
8365
45328
57255
54510
24569
7311
29811
55043
3064
15448
8227
36109
69868
92104
76322
3022
32072
90244
47604
61366
4247
10343
12405
13210
31314
50865
26496
42261
38731
44112
49199
47096
89441
6454
17958
30362
30117
47769
1757
33181
79570
9984
85643
65790
2088
61965
68812
50513
52209
32768
28231
72808
43112
40636
86019
90778
7854
12515
49391
62937
72979
98590
10033
78772
21396
44344
9134
67866
92113
27243
1047
88035
37228
3042
53826
55668
81360
38990
22533
33569
71759
50765
22730
31223
7753
8749
38353
15607
37616
87744
78544
10595
2686
4930
89368
40434
49274
14854
8300
57739
42098
25700
62127
95678
28742
15953
67698
10102
71295
90232
60024
59406
57349
82754
90629
65102
7855
45334
97062
45471
33078
91958
72418
35764
96888
78138
76199
62514
92993
851
20254
51443
26551
82381
63473
55294
14686
31171
81748
2333
37755
41772
61740
95104
24526
68721
76559
48733
14056
73621
94204
47134
81931
66623
99251
78820
44761
91802
41334
54106
92653
77940
21901
19205
76673
85374
90851
7711
32898
72599
10045
70653
30724
71785
82110
55250
40506
75021
20336
54562
64994
14540
18049
46925
97515
33652
42097
58629
41806
99784
29087
34459
77724
50989
70016
70750
52715
60867
78461
85613
49819
88506
72619
80543
76643
71081
52145
33502
46102
72481
4416
27448
3374
22465
74373
889
72469
16471
75870
14275
16255
4958
65087
10331
55947
35103
97433
8662
12323
75895
10628
78494
80753
83247
59037
73749
70680
27534
7251
16782
16
11667
44230
19742
50485
34955
36983
22954
67778
12854
53582
385
17812
18669
10717
90111
70124
24502
15125
98799
16749
42105
77293
13855
41704
52682
87604
12384
80217
11207
45518
96585
22874
6100
16327
89711
41056
69662
29018
8834
82516
82600
25572
16680
17621
52641
23143
4097
77143
38269
2897
93893
96726
96542
7748
38431
65577
11704
50815
62146
22911
96334
75083
62137
18786
7762
51849
59842
77424
80867
85029
59941
79819
10601
76621
13792
79594
99765
17889
56737
54386
37138
50630
67464
33681
74730
5895
15610
86434
73063
77756
9345
85749
52839
71483
4535
60601
39684
80730
38025
36903
82111
14318
16722
9064
90940
30514
88658
7057
48403
45395
77795
85542
12378
45259
35575
3460
67507
51185
89895
56922
28941
15592
42671
98132
3427
63558
58733
43111
44288
13110
80014
26399
27429
13088
35463
34721
43602
24121
58130
8358
85869
35925
10252
98247
97536
45827
1707
81395
13364
7954
38317
58657
39899
97340
56789
43326
60899
31874
2790
5187
61336
99156
47939
88765
12245
83402
39838
72199
23876
97968
80557
26097
50245
90809
24344
64134
52988
42403
45529
82704
66710
199
41361
6609
97539
14502
66287
74790
62728
69077
79978
24065
68234
44269
12830
96831
44023
69021
69030
67899
66989
49588
93996
17235
56749
34692
81369
26090
93448
43250
8794
76510
59801
50156
83119
73693
81010
49406
48483
43739
34836
44813
67804
3070
89082
96986
99901
33106
66007
68931
17357
49349
34871
27706
66584
91621
78750
64305
34063
88550
23907
42857
65060
61
93013
64531
73754
90376
30290
22237
34115
65126
83403
1919
84548
88837
15257
84449
21943
97617
69732
55653
46966
20956
99711
13550
28929
78461
94207
62992
67012
34466
5849
48424
34527
15215
12956
8281
5591
43246
46871
39706
8372
30274
57977
92920
35463
89586
93721
57407
87203
79805
29412
34169
17113
29123
64071
46042
23936
74630
9034
90948
9097
31236
55725
43624
62803
68681
68258
68394
28279
15129
24452
36651
61755
98781
45923
97218
88367
55996
70977
91923
52153
16741
26092
69267
45864
6516
15309
69801
81146
40696
77101
90243
88284
32826
50220
51087
17859
18478
19481
46138
49959
60285
99141
28066
75418
61416
41636
63785
17412
28966
72060
69566
45707
98153
38833
7924
4669
70494
94077
2167
11190
71178
92411
99474
20357
58983
66913
54568
93813
2746
707
43772
63031
16200
88190
38449
77617
29826
18587
95029
58792
90647
80947
20852
5152
19780
28776
26173
6627
22853
28341
17817
10383
37104
33644
30740
96087
557
85309
89900
3304
2368
50024
82687
18568
38214
37489
96185
68040
72428
7567
43185
63075
88514
64037
84580
24647
92813
10753
31274
32018
55446
65443
42401
92550
15439
73142
88637
15997
74803
94889
35653
93523
44913
34692
28443
83127
72181
40981
67520
60961
48548
27057
40389
37062
91094
24969
78061
259
52074
9335
32277
7521
74779
74678
71
6570
64172
88709
38919
55327
99950
74572
65202
44864
25617
93646
27991
14150
34627
11863
75112
99527
38920
15501
52941
30014
56822
31003
46625
8896
56690
78902
16417
31469
69933
16489
38040
50457
21550
93311
22137
21500
67884
87339
66364
9853
97337
10708
24003
31964
22571
15467
47843
77844
47320
785
24210
4142
31788
70836
13039
88478
66090
45808
36300
52375
62297
90692
2833
199
84003
24970
38052
68239
28661
20768
78092
25999
31476
18448
74315
70400
50267
22159
48244
97588
22944
72454
1730
71084
59642
31121
59562
25733
76930
12214
78108
55579
2906
97293
72131
3262
38615
10183
71501
67277
30951
65946
93276
78780
746
83943
65532
51013
6102
13776
64953
45398
2582
66684
16482
78577
14157
92397
4310
7439
4611
98770
63019
23870
96064
51502
27132
34679
61685
14985
18308
92636
80931
11584
71416
98029
11880
36948
49043
34334
67076
13996
79733
86011
97032
12567
64588
27542
4964
85250
34981
9576
372
14352
49798
96436
65854
76930
47468
43891
8267
65776
36528
5551
93713
24296
3580
5593
77597
68975
39927
61025
99324
36012
63388
12708
48580
27976
40250
53544
29578
91584
79472
29951
22288
29270
42739
4495
22552
90207
48386
30820
55984
1266
52723
66049
41915
56303
87994
19512
25279
27921
96889
40955
80286
60278
53663
28866
4606
10266
82410
34185
1850
78235
80488
40490
23857
23227
44985
46410
29787
9724
93582
2123
27342
46305
68172
69257
18960
56166
5121
60591
439
2011
1546
80725
78641
55210
9591
83247
81828
8354
33784
30
2941
14272
40520
26798
53852
1858
89560
83639
11582
83142
2114
55276
45799
86638
24534
64760
42804
29655
25351
59595
48018
26898
40321
26659
98460
66264
9907
80288
90970
60043
80318
93911
74316
37190
20710
44520
39048
26622
44511
66982
9765
46625
22259
55564
33263
63145
36676
92419
9152
78380
52014
57171
21630
8687
182
20090
91304
26441
16730
98626
86485
13400
92538
77153
66942
29600
38025
22343
56222
82536
89325
82339
45513
27936
54256
95128
7433
90932
87547
16586
85664
55913
90109
7294
80953
90291
43736
88609
33085
60466
87235
35922
90218
96125
29427
73513
42077
67452
95856
14652
66340
85181
96991
11853
29470
67599
6981
36903
74884
10880
69841
60548
83145
59950
67843
80450
66594
11579
69059
16031
88398
72647
51953
94968
85124
81380
68481
27202
48832
64337
41854
15172
65871
55197
43377
95341
22797
66710
48596
14033
77590
34790
74581
77087
94740
58776
57538
77686
70356
42949
93717
58754
15596
62022
70074
721
43402
38556
44275
8586
2893
2481
40110
68764
57678
99839
80457
96827
66549
45406
10860
60491
80196
1794
37579
91288
60570
11469
68975
30926
54418
79044
6032
86367
41067
92459
3440
821
31015
47715
25760
33908
66548
82222
19025
24226
82062
15834
37406
64963
61240
48266
25455
57788
50060
79386
49077
26983
7207
34404
74261
77977
13448
96646
64344
70867
89105
84136
88041
20120
48203
13801
70380
14751
12375
89405
55330
94437
21592
92736
75753
82832
41002
1208
40621
7415
96946
6050
50750
4153
40454
25011
82130
53902
21657
62827
41122
27114
63315
29163
47234
11519
59316
33967
42622
71691
23372
97952
82481
61316
90688
58234
60501
48043
75794
1122
71810
72740
23524
22560
93245
63978
63923
91727
34232
85581
54554
75354
29047
17870
20869
76282
45741
80185
10249
4715
68229
49973
2668
50710
11290
9708
25296
71791
57751
1090
89265
45913
90182
29141
84825
83427
93119
48749
75154
43703
50682
46061
35410
79729
80283
56279
72363
42376
52817
82612
47091
21046
48938
49759
71756
76580
75820
97052
64723
49923
14494
70340
95837
4676
99481
80662
4455
8952
45763
79609
52655
96445
42022
88065
92527
22305
60697
64890
81033
13514
47503
28125
34560
12793
94236
22668
5725
70056
36072
70448
36332
50566
57140
32169
55242
56621
29183
59697
81925
91299
55658
34580
87744
14033
38998
80271
52690
99695
45162
33724
29561
9017
78201
64121
38162
72437
86789
43887
58846
39213
30687
95178
89779
87827
43699
45021
60800
89234
21070
42725
80533
93080
77305
68278
7113
32655
64901
76156
48702
26415
9880
78263
51784
88081
58736
6298
76870
61877
50185
35716
1090
97224
47246
90869
85051
90945
52242
45851
80180
89664
4928
60713
82745
98586
45343
6210
31241
10245
82366
79944
53012
8598
74559
21149
13031
33296
27447
89902
95173
77633
41970
96264
91209
89217
87133
76261
80162
39376
38464
76694
29040
59745
37408
28137
58331
82751
50700
89572
9348
49418
85868
78713
58017
60428
99862
87400
10076
27309
93654
5249
21294
35625
1513
12504
41194
4999
5117
37708
60727
59933
14403
89767
19678
68163
34257
78009
67266
84957
83934
92967
34375
86154
71680
8744
62934
87894
12497
73010
15203
6151
78260
52850
58128
96125
65354
99322
1124
70471
53383
61851
46756
84138
67971
66435
52301
2228
44444
35919
3537
44730
28886
54264
30885
16918
79361
93819
4812
91858
66830
36368
98009
61442
89218
56138
57567
70924
71812
58692
57747
41547
36895
4503
25685
4866
70938
77986
23446
31735
30258
43335
76465
59144
97600
7350
76063
76961
1170
80875
85171
68000
33595
83180
29442
22813
55670
3361
93737
43835
62053
51484
85382
15301
55988
11068
20167
26926
5406
59966
58661
35664
3301
51479
11161
17253
58829
87224
10566
59999
84451
95737
44351
18047
95270
90145
57212
50940
93507
50950
11127
71912
18786
96510
87213
91126
23930
23733
34405
45688
83699
9418
97705
3352
60897
25218
20606
19727
12442
31172
79726
13245
26910
40430
47644
22180
30575
21209
89472
40434
88511
600
12347
7297
13462
15912
98424
53744
55997
32829
15784
39696
42247
29841
59401
3145
55059
80007
39224
83853
27531
35302
97099
70793
75732
61095
9325
22660
82304
98798
79446
87167
15750
8145
94465
45564
24058
9241
15660
80055
58422
31444
36104
17021
61286
95505
36518
16345
91864
75742
16551
19395
11045
30002
6541
3129
91097
15866
42141
89754
14664
21588
76921
46766
29733
87738
92330
53791
96979
7990
50199
71753
55787
2655
88775
33425
98160
25293
49770
6376
1036
82673
42123
28433
12675
48664
31562
3773
64531
73704
9879
95547
95292
3152
42314
41377
90891
50996
95169
4222
75339
61720
75976
47478
64375
64751
80903
78887
90044
47025
1615
7432
29699
43738
35865
42374
92403
83780
62499
73286
57484
72378
68833
69128
91883
27499
10505
82774
94848
22026
3348
86539
98
79324
34017
80825
60427
14920
59712
50472
61945
61327
74256
7996
21418
26474
50371
13821
10254
12870
3459
84090
1601
72292
69570
93484
99792
96427
92610
10992
18454
95958
97531
34904
75283
31548
15730
35710
62820
91794
2534
41117
69474
93143
49114
90892
19617
15837
21065
46223
45059
24524
30313
46660
96816
16235
56496
12960
12662
49106
23952
47468
61417
37835
82373
53052
69383
98103
5114
32203
89897
7649
73321
59371
17144
38787
66615
53113
54624
87680
99336
99683
28556
46001
62696
41725
62236
19192
54685
91250
84651
94990
38719
46068
32825
37444
99120
18561
35547
4234
67116
41796
28235
56789
17520
61731
95576
487
14844
50200
88168
14180
66236
33076
76533
28932
74801
55121
64476
45839
46372
49127
57181
1443
11547
6358
38887
27019
24919
90786
47606
92036
32582
92193
48825
66454
53925
60754
66942
68769
10954
71462
99302
93542
4538
92187
22474
95692
47309
86951
41531
93681
52430
98712
95124
80330
5070
34011
7349
29990
24797
54955
38378
73731
63501
3555
56538
17426
64309
39832
2547
91616
27646
18201
85158
48536
10389
23985
44228
57698
27288
85759
67731
79718
823
62855
76400
5894
13218
83750
52236
54367
55057
90614
44450
18558
10521
988
52336
91183
57172
54884
99151
84818
89437
84309
49707
99826
24646
93935
73876
68286
96047
41607
48005
96870
20814
24405
2764
50384
24507
71352
4751
79565
78318
49202
14475
88840
66542
66812
80023
40067
38048
79174
41237
27485
79835
90944
43664
20834
84880
17540
89120
80927
59148
53477
94149
96314
94235
13266
46699
18742
84618
51450
14659
62937
17004
45487
51777
99899
12299
48152
56318
66699
43678
97555
94184
23513
88500
54200
60699
89732
71741
49820
87011
47241
3297
81160
43555
97532
94426
90254
32627
79045
58057
63638
41982
91413
9125
10111
7664
37776
74615
63982
4475
18293
61538
15012
58158
66390
69212
18858
56122
57305
68678
43133
4546
88327
24293
48102
2212
18720
54708
51191
14117
29117
14829
72451
20531
23955
98914
28195
78083
73529
8530
82559
91822
86420
13923
49980
52810
99487
85190
8932
56793
70220
52065
61339
58548
76358
9441
77112
11430
80502
28303
41899
9619
43132
14350
46502
83439
29616
74698
61523
3145
99580
60434
11319
86000
90709
77652
38810
90196
62842
47742
46989
33063
99807
8329
91611
92517
34122
68723
3948
14624
13378
45847
40596
56510
76550
87098
56302
6166
78148
34177
25664
77728
10963
36983
80080
1672
14635
18890
91868
77478
82984
55210
26893
99143
63539
34856
91661
14013
3579
11961
44990
33309
74160
85586
89819
50710
89036
62473
73229
67185
96650
98893
61265
23965
35876
41346
25637
66864
60236
33858
60694
59573
89068
87587
58716
68959
22443
50377
99324
42374
62338
44314
75683
36499
46252
81854
3561
35289
44328
76790
2474
57330
92035
80091
97648
44264
21437
23285
11128
98026
73495
71822
57599
78915
75761
16315
64226
98204
83045
63551
40578
61735
24217
32613
98234
70470
14467
18148
5759
75147
11290
24585
48830
3326
4676
46478
63942
42466
86115
91422
40492
75963
63244
98091
54878
55357
30758
35457
53561
13803
99008
10491
91891
23225
43104
90125
10047
57571
24625
32158
49071
35916
73095
97901
55594
94124
44379
35888
36590
46846
27310
93434
22809
6906
91525
77688
62263
38635
13145
15824
68791
28505
26315
60682
68082
69419
67159
78130
43342
91785
26640
92413
44053
99736
6666
15999
93860
67397
51887
46802
14244
95549
40236
37053
2455
48113
31093
64718
86748
60590
96894
71891
89095
23209
32573
73530
8980
16085
68012
68674
24222
94652
77440
84627
94388
84106
626
4600
51504
68865
51402
82100
64414
91638
19153
66869
39751
66599
47939
42852
27189
44833
31095
32637
84394
80021
6167
9726
96106
74179
94752
36680
68831
72192
21307
79572
72651
38285
84172
40507
7150
51927
22607
87916
59917
58112
71137
16021
24711
19076
58873
68253
63909
6320
890
64655
86341
7057
74381
82447
97588
69133
19127
82771
57678
40434
62343
46681
95071
62868
87188
2221
14795
26147
6489
74712
84259
77626
90733
25323
96702
65958
9928
76963
72279
10818
57970
58620
34227
48703
57420
48167
34189
92899
30938
91867
49686
93282
38548
44757
56150
42088
46979
87297
68235
53468
62009
68846
47447
69095
10521
60501
51405
20449
37465
40036
31267
11787
15009
81846
60491
72429
30013
94680
65328
60952
86547
15014
70586
41447
59772
26736
83535
23103
30385
51770
92923
92394
36968
56722
77841
47490
17224
45599
67939
54689
85635
15559
66476
644
97405
43319
89425
43771
37999
71106
4723
24546
86120
75309
82345
62244
18397
65880
1699
48782
34002
10975
57528
70971
67697
51722
34813
84921
97321
2752
55962
99308
18311
38791
16305
15717
82110
5730
59488
20110
76836
80563
61008
79309
72224
59706
57905
6973
25586
59605
72107
75941
86932
29635
63264
54629
97709
98077
39551
11382
829
11865
10691
35493
50656
43348
51210
49119
49078
27050
69229
42267
23965
46589
21576
96189
6295
79481
19514
48234
55438
91621
40527
42370
37608
3791
13352
35318
18220
52903
63052
35401
81120
73743
70894
31777
33443
38456
97248
82522
81858
82829
24789
5823
29418
62717
18364
52066
58550
37878
16652
13989
29499
57179
72711
67108
77322
86063
18778
11894
55318
81830
47295
36439
71926
34542
84568
5369
72998
81816
87891
54857
64645
29032
60680
10415
8101
95397
62481
66652
33275
95485
96993
62775
52664
69704
46235
46338
55768
65013
58232
27438
46843
21880
63877
35121
56422
64797
40491
29420
46613
44734
629
27610
90119
77662
38026
98220
73059
16859
64872
6334
12345
61865
85461
81361
47922
31696
27700
20042
96709
85932
47480
59905
24164
11358
95026
80586
76155
51869
26359
39121
96604
26988
66731
3075
4650
21109
1295
94061
37969
82520
396
50314
60737
85857
48027
8659
33906
75727
28701
46967
78012
76182
23224
2176
3892
34603
82763
96399
86472
25474
35520
99428
52462
18604
2503
73465
39713
20151
67526
77682
2671
84274
44348
79760
86484
92376
88420
20390
84455
33473
83709
62467
26007
6934
80996
29899
41537
80111
26299
44361
5585
78171
43790
58047
96775
62645
47864
52841
82796
15391
30523
1819
16017
91224
97932
2501
99952
86352
22891
84407
36177
6601
46875
62185
29887
44223
92084
71424
24334
34735
15785
29919
12907
75927
4318
26034
38573
52183
78875
37721
83926
25751
55893
99943
16975
53825
2445
33279
56529
41688
17686
92706
64641
80913
54891
94528
25136
63328
65952
49470
98063
98090
79389
27322
74017
60
53357
28942
52243
48584
83016
52521
90687
55261
52464
24014
9086
71261
57293
81967
29302
74980
74673
93943
55893
45917
4824
81030
9245
87128
46852
7308
85218
42594
34631
75588
42654
4340
20882
94897
69276
3898
63770
59964
59159
16234
83978
84597
3848
57624
66564
33150
32604
57590
43445
4849
3507
48269
2231
12752
35398
49084
20060
36968
91678
71043
12556
34332
91735
49791
45581
77364
53689
9351
37328
29201
41937
37658
13798
45785
95282
96715
95287
44238
54305
55085
49088
57812
3354
51319
70564
55104
16755
6976
8425
24785
78020
37333
59117
86107
87124
21050
63471
40814
30401
17151
86367
72339
54810
165
34476
66444
96880
46116
10683
67537
1201
76123
25349
20907
43794
95913
92364
60550
2890
789
85335
97262
38122
60805
83369
25247
81855
63193
82413
28609
80344
68780
17300
35154
85297
51776
17951
98530
14244
28634
66067
31797
4757
91417
69057
48551
3682
61421
25453
6572
78562
10789
20186
16684
87946
19908
58283
69801
83101
57048
98410
63445
25828
15710
14952
27478
83839
32903
26008
98083
77889
92075
46233
98998
99844
15290
47549
3527
76711
89355
26451
55273
16496
46638
88309
4442
82898
62945
74243
65999
19993
89006
29444
62174
4716
60748
89652
4907
93651
32012
2991
71540
24087
49224
70538
40284
80866
34440
43811
57577
23795
70262
29202
56643
33252
17511
61085
32502
96808
51680
98501
16802
40686
44298
78976
45403
5046
84980
50310
15050
16992
69653
86590
57431
35229
73481
97715
16095
7921
41526
90024
48068
28141
19226
4711
77745
53090
82148
10248
49898
33828
25101
83052
74515
69399
62028
36270
90798
63360
2932
22200
80352
72586
8790
37784
24167
98623
35499
56615
22896
93378
46639
70964
21519
82218
92027
99264
51660
74175
25864
1558
24356
50966
963
98871
36717
79343
35141
43867
42704
54425
66067
23056
27011
91210
77192
67531
89833
12692
24146
12730
6070
87137
46
43941
69355
8426
59557
21015
98953
85422
38926
23309
52740
39889
38532
89457
19232
90025
33325
78288
44451
15744
1345
87814
6954
94889
55345
96788
7581
95843
25870
30003
82981
25916
90296
52336
34342
49854
73352
49648
51628
28630
72957
4368
68519
11490
10177
4103
1515
59854
82392
45966
75599
89
50133
82553
94978
5478
95693
18912
1322
21563
48915
84303
47480
39212
52991
98174
5418
42695
47822
57046
71325
37132
61414
56196
64974
87943
60300
66489
47798
42692
28808
23397
59133
78941
5950
54111
771
1644
73023
2093
39559
38291
2748
87039
93855
72092
1566
99273
14787
65740
72671
2465
19224
50437
58661
84198
38380
18961
50688
86178
78005
95848
9575
37138
74789
31878
91250
91912
49874
80625
94006
89433
18916
13106
92825
29123
85198
10743
28396
16338
76483
17419
18803
12060
67856
77464
96258
6237
12778
63298
8767
7135
59146
18343
44274
50287
66573
51876
42200
16447
48853
52558
22232
67770
82016
15057
96893
83567
25800
41642
99905
18636
59061
35060
30696
43270
28876
43306
49507
58006
6605
58274
65142
65751
92969
25768
32391
59542
77644
74591
92341
26497
43501
14574
10619
25517
45983
23865
9084
71784
81859
25341
6772
57272
76753
53820
542
5630
97126
50049
79988
3731
24676
45130
85835
17645
70898
18226
93540
64894
9169
2233
91392
52670
33159
18363
94539
79143
58580
19976
67279
40439
61669
90403
97712
38423
44223
98254
60405
41349
48304
40393
61433
89332
1876
47268
6977
72774
81846
16869
54021
91015
35455
45413
60037
68614
80128
70928
64109
38709
90904
31388
79148
52574
21791
93212
7349
82366
91467
84106
40068
56123
40851
1501
45455
42727
65121
68784
31854
46967
2006
85875
54334
37461
47640
30723
6075
27768
1651
86537
82829
92556
17925
78330
61482
56069
71542
85183
54787
63009
69289
94855
19132
26492
96356
80939
69220
77829
49724
17426
24796
51730
3301
95482
89191
50941
26205
11618
95061
27857
98155
94243
36765
32433
72573
14599
4854
44115
99782
59641
7125
85423
54497
42609
11915
67205
23549
97487
45035
73273
14913
86183
41355
18214
98018
46898
85507
24223
74868
96921
52080
89376
91164
88845
21809
63737
3444
26663
7852
19578
2656
31329
5001
73505
90291
33269
40711
13840
30756
2098
3465
62022
4633
61172
80236
2651
8070
82096
26875
82938
95369
95307
72314
86533
505
10475
66622
20301
53490
90826
56232
56147
22156
61233
29652
28799
10854
86715
42639
57963
5165
62456
19985
26151
23628
16573
28802
31698
98669
72029
30988
94038
83689
19655
96923
546
30130
63545
20847
83621
70724
77079
56120
9232
54665
2124
38031
65519
5192
80670
23482
26709
43126
59819
52860
66754
76393
98015
14804
75062
86396
45792
85453
70085
65447
82376
70631
11930
62274
7831
11903
32998
1262
84375
42230
55927
86499
80261
37799
8043
77283
77633
34753
36761
37453
87613
3515
13846
85628
34671
5260
88377
80463
7065
58462
62263
89442
45446
90545
68068
53277
2448
17418
54539
3175
59648
26819
6026
56261
64618
14070
49896
58603
48823
86657
12408
52788
6524
26254
54769
41195
47867
43146
21658
54932
17960
273
60726
63406
90818
28794
33035
9618
62564
3927
29145
38564
30746
35172
94825
11716
49242
44721
70319
14417
47730
82728
83557
54254
25334
38326
95449
73201
97824
33460
44486
15785
33733
5212
95543
40904
50359
28579
66874
12923
32506
96020
51488
79604
47544
62665
91320
96786
23739
77991
27555
71469
77071
11112
25724
2406
65791
37525
91959
63615
70985
36445
95752
21071
41658
7648
78327
8369
36227
45201
21292
85085
57573
72780
64689
5117
35446
72361
18255
75537
50352
62162
47006
43776
73275
89082
46182
55418
26608
54493
35385
97593
90939
31138
18664
48949
38786
13343
57318
91365
74897
78610
92802
32470
67743
73843
53940
19541
46204
88547
95078
12908
50710
58436
56684
40337
47519
19218
95755
90479
73712
47492
4424
81003
94982
39441
29952
50120
52784
3622
41485
27681
98584
50639
60152
66327
24482
30444
2220
87038
35343
13650
16299
86053
88439
72983
42742
52310
8554
54849
42789
82266
2342
47213
63269
97324
86654
9573
63797
39439
13195
5282
67120
11779
72274
43624
94459
96756
90420
96679
147
25764
26682
16446
28169
15121
89429
70912
67431
14335
42113
26572
96601
44455
73785
76222
58132
76792
85795
21929
32583
98990
43563
99703
27122
15837
59680
21581
28946
66452
34612
29093
92216
61294
45539
20386
92767
51320
7650
76550
65656
49763
3122
78609
10571
93260
54832
85055
70052
56979
23336
2635
72322
66899
18690
99444
99089
94722
21025
28035
61175
71989
73480
53391
33284
19019
90129
42403
86691
14131
18954
52347
80247
38428
47309
7170
31688
2141
92225
18092
75472
15561
37079
47794
98812
72122
47238
97901
66844
84615
42288
28019
72957
32120
97763
6241
67491
4244
64996
54183
34728
83950
22882
14975
22379
70191
22145
70419
88684
30722
88512
64157
62635
41943
28303
61447
14065
91894
75701
80910
76509
34341
25281
49466
66462
39396
72059
50305
59993
37056
4488
94721
37358
43723
26048
76089
30266
64545
46509
18951
95267
51373
99460
57902
93316
27763
35701
23734
19657
11402
20996
12519
62096
62629
78337
44910
2026
66749
95215
78371
3805
16056
89444
57515
59779
31844
33605
90045
96389
96466
25348
8008
47839
24808
82262
57507
52572
17963
81241
88581
45718
2237
1100
7814
64867
79438
52724
83245
46187
47939
77968
66344
63995
67412
40211
40126
99256
73816
46524
11997
86634
88224
20005
34473
13033
2267
8333
81957
36582
89574
70538
82300
8164
87991
90114
89383
83781
59190
72628
29968
23482
66948
12664
3829
34360
52875
43956
49968
43044
6832
78317
29678
95056
98322
80504
8089
16941
88837
6398
53523
94763
93289
52176
19279
81280
58642
8662
65061
17833
97642
11381
41315
64590
40397
45144
15302
93272
5452
81622
52668
12284
59939
82347
7341
74613
79203
31782
91554
84392
54533
61430
79155
47822
13606
14787
45454
88600
23449
26867
6433
21092
38248
64100
85682
78645
9245
17337
88269
31049
98959
40938
43334
58899
39637
67027
33512
35192
15161
41419
19584
69694
2849
15091
17516
32807
29878
79322
21407
53328
6189
44193
90772
44437
8293
92806
39434
33890
10143
27704
81292
9103
84994
24626
68002
24631
8005
17866
59823
23166
59285
95759
92861
78486
10850
26729
27645
40729
6052
65405
10409
12241
25950
1181
56679
34243
93987
12465
84486
20483
40169
65778
29586
41515
6756
13940
66146
14761
48158
42321
37927
7444
54432
47140
2282
65283
73870
29928
22364
79922
11685
49125
92163
37635
50306
65194
88230
60645
94012
89068
97480
34181
71198
27066
92049
77954
57358
58195
9067
5517
16869
63347
29313
71301
10487
47947
52936
84357
94227
91652
80631
5912
40777
89147
59899
7435
70693
48130
84433
64705
53550
81913
15239
24749
25332
7288
2703
82690
81835
11771
4559
98704
91470
50224
86358
1957
14524
55646
2667
8751
47299
83298
31016
88076
88797
7267
95512
59491
71749
79945
24196
25300
78210
39435
50049
3542
46723
52752
2585
28559
80875
7144
43615
72345
73721
46325
90655
4597
1972
93322
13348
65623
92972
60716
53699
81770
67984
65563
57613
39733
61860
81809
81385
40071
37597
31434
43613
672
84187
46198
45583
81414
69695
89199
53760
59768
51876
44415
64365
53848
54089
94065
19471
47061
71134
89523
45183
55470
55086
2796
11555
33299
958
92941
73370
38555
24375
33335
55579
24914
95886
1163
6329
81933
90362
76441
58053
42238
37208
38770
12439
7649
49187
48262
71062
20321
37785
16246
92143
9224
35394
3699
58875
36352
12992
48597
91259
37367
98284
46839
78634
94170
48002
1315
92455
54716
94108
66860
13306
47668
5630
42097
55317
54818
90360
26379
91491
44497
58977
83635
70073
94372
87334
28948
47076
16678
77545
38336
70397
92182
1527
49031
86352
65881
66698
95160
36949
60806
62020
66607
8474
84003
8705
63791
38821
15417
6523
30312
76266
65500
30299
62692
76224
33985
91640
23301
50663
85538
77989
21061
77720
79516
70092
80424
61749
36791
91936
15050
13949
70309
81657
22424
54312
6714
2567
9485
22131
25442
56149
14750
90943
86449
77442
67167
20434
85434
6820
71098
70972
84809
92159
65044
80677
78603
61821
42426
31746
53757
73828
45696
24066
55486
84472
94730
62200
3391
4215
684
28834
76717
31786
36129
63166
9228
19648
83600
94662
26469
71050
81987
11278
79561
63383
8308
74517
25204
67086
6263
95314
40915
68311
35732
12753
69135
30463
74953
72527
51030
91989
17713
27747
23775
53842
7265
49355
73490
7218
44018
16311
78268
42357
43942
74182
5740
52250
48699
30945
19336
71314
26259
60251
39626
78343
73004
8761
8806
64310
97640
76189
72651
15353
20288
12779
69195
27554
62134
59038
34772
22504
75349
29392
64861
19291
19926
70602
87893
68625
17899
7230
39940
60510
83833
95918
38853
73190
4679
64012
53852
18672
40201
42855
34025
60489
71986
19573
4395
34121
78611
55519
72977
70312
1264
54191
89604
21190
41145
93849
6168
59044
17431
46108
35906
1265
58378
74759
90807
79409
55123
61011
98081
95324
20218
32107
72166
92205
51680
92913
26326
46643
48433
15655
16955
66049
69846
22911
87239
10991
16761
9759
86387
34192
72219
22293
51809
30597
13405
42616
10007
68528
19979
8088
80205
40198
56547
68723
32403
24579
61636
75081
71222
26421
90736
88178
92470
76935
27441
96062
4278
44202
5821
90666
78395
78041
29311
30204
8638
59068
89173
18645
27597
9152
43086
24154
65702
15985
92877
98105
40565
54513
89538
28139
80935
96627
32669
89757
89914
60111
85819
94192
4313
91641
1210
99060
69682
30522
29265
78320
89590
34790
13318
33539
60294
72756
57693
25997
88741
66922
40454
45658
21436
29993
90150
18723
42972
39171
8480
32886
99282
10652
27078
19948
2293
28289
35360
71975
75163
80977
66647
81105
15767
96317
14645
76062
85425
88690
18411
74167
55613
58865
36177
93401
5210
42679
28476
48182
81851
53308
81068
97485
63960
24499
33785
66253
69140
69146
54580
44303
50123
37580
25408
82243
33897
56405
74657
19323
61448
93068
9842
33413
68285
62371
26814
73496
5051
71642
21678
3254
24950
19099
739
88911
43598
34525
55164
12738
20023
26097
73393
86498
63677
15153
68741
13926
87911
59750
33249
49359
52818
59443
82772
37456
38167
25938
10952
43218
97580
48982
46472
38882
68081
63563
27793
28031
14440
99310
40769
34463
25407
30514
37314
5436
45668
22407
19362
33579
82158
52612
99290
51328
28407
98414
88784
66574
40704
99736
26144
54636
48719
88968
93518
33152
52532
21312
61184
83324
36974
18305
34140
62381
48820
71454
84169
10840
93861
3531
60771
76019
72495
60061
43700
903
74827
32484
83829
15531
48573
9974
70167
13644
98942
63685
63148
67826
1349
24332
67503
38323
42638
1643
17056
7810
73097
1225
35002
66958
4757
95773
59330
93604
72186
19382
94507
47013
68218
94689
78896
16791
4663
49063
46787
19957
29100
9936
4136
46802
50620
71639
85125
9610
73282
18534
33772
46379
36111
68774
29689
57220
64547
5371
50825
53085
24753
61684
98
92972
56373
95346
26115
61036
44409
72903
97346
89862
99191
1482
36664
66163
73121
38141
75774
62755
56675
9546
9134
9139
78321
55175
66359
59220
60547
17184
12306
1652
78869
28756
94624
51594
24103
20740
12631
84864
9995
9977
74726
25538
27811
27742
91701
17284
65884
67475
80039
38911
93374
89173
48050
71695
60700
30762
30915
37599
47946
59573
39252
43167
88330
33876
94762
12433
70968
23745
13649
97315
50074
88376
39205
77885
16118
30907
11521
98354
14734
91560
37266
8108
97085
1668
96155
57785
32430
43423
95385
96729
2996
34637
56248
7678
84865
51010
36463
55834
91107
50113
69501
41181
38489
8707
35418
70959
39614
46939
85666
70700
54851
22932
95161
51936
40952
91316
9722
73383
34739
5107
86464
37736
56096
42712
61766
40961
10075
98230
13147
1182
48343
82649
58716
3184
91356
10486
90495
47322
73778
76161
34374
28629
15445
29535
80566
56398
20852
90288
46133
55591
11747
32597
9679
84195
91661
71446
25156
1736
69676
38304
19271
34371
37305
77987
37555
45013
4825
28050
92335
78603
4212
26709
23585
19657
56245
4151
92407
93449
10791
54892
65392
38890
87489
75072
23085
79151
62870
64593
97239
48898
19249
16510
83269
56554
10849
37176
1567
15675
65226
10254
10630
85790
53316
34215
21800
25913
54718
14207
19362
65509
69100
84754
20751
72941
76178
43836
68444
55400
24782
65684
20650
44031
82194
3919
586
93044
41095
18505
25071
22674
28760
35701
8464
82076
69917
30264
24341
24635
60824
43703
6497
29924
44809
27248
19217
37340
87437
87662
92740
12219
69698
13391
56250
68244
33662
56836
61288
91110
91694
2711
13784
20454
38413
38600
18882
24682
68865
43223
49317
46041
3278
55814
75965
64439
99415
95182
1779
86852
99196
94520
99071
68894
24263
71673
37139
74277
44862
14779
65387
36556
17491
95523
73362
72256
50476
92244
96938
35693
51819
46255
81734
71449
18422
57699
35888
17837
69233
37668
21041
84782
48540
36464
53676
89155
8137
7167
63432
52999
21947
45172
5907
55790
57047
79269
28046
7523
87865
24984
43216
39684
87591
24950
27485
22365
99001
63374
56554
84587
17394
77595
69369
82286
30411
23045
71441
38549
46565
51225
7900
68512
96397
30160
40654
53445
9429
68700
77320
97295
10036
20537
53331
13979
61839
80817
36345
60841
44191
92899
45428
77937
86847
14797
60223
17258
54194
31664
72159
759
82889
96412
85623
95639
26572
26277
65436
52353
11329
42756
49648
21365
79645
2980
51697
41485
149
88042
2326
60692
97293
64106
38629
84140
95255
98852
17751
49449
46868
6262
66561
46109
2674
52184
58100
45598
94814
23536
97952
6143
66293
47600
43861
45938
66932
95558
3775
83433
99952
6101
44125
97245
86559
82754
97738
81814
97958
31841
31264
61178
38103
14177
23640
57130
66361
81740
2728
77527
5277
17032
83671
87922
80985
43884
50212
47917
55794
53988
47703
55746
76441
91828
69343
63001
90935
67081
44815
5245
15274
92431
66424
69730
6608
6416
26860
89322
88156
45940
66849
93433
62973
66872
97707
43958
10756
47920
8227
66550
18260
55930
38648
94701
64111
7992
74054
55046
91425
18870
76643
6700
11301
59419
76430
34262
65835
19642
23584
53992
65582
6785
63777
44907
73658
61485
88865
766
25757
13445
83669
60369
69375
22317
71422
33486
46661
45477
4884
38087
80699
81528
61139
8352
40947
53921
42614
23135
73563
66198
77127
55497
72984
40904
405
62994
18741
5622
80112
60850
19067
63781
21219
4795
2451
92642
54633
49112
54471
75870
3551
35170
57398
64690
43522
14697
18611
86137
37832
92174
68687
31311
64024
58023
88568
64429
37369
7309
86403
17482
84512
5471
81263
22083
10266
66
14725
81251
65531
69196
57121
69082
20718
30871
33773
64241
61921
68736
50378
99753
60911
35417
47417
41287
93441
35985
5716
30810
59646
92119
64644
44158
13942
62260
82594
40560
62326
97319
21812
27857
82868
95285
96940
3586
26157
47065
84179
88078
15801
50909
4183
93064
86327
51600
34351
96120
3937
56419
43282
63584
64891
7927
24094
78833
70187
6688
19394
32513
20360
57558
76723
19580
69195
73663
39518
95352
37080
23698
99782
52881
74607
20318
45946
77286
71918
96649
73406
92208
53069
16689
72144
17960
24616
96238
96793
94803
19279
32539
43668
55991
6449
20391
75571
75645
10406
15089
87349
47486
55139
87132
368
46099
23802
62666
23385
12072
59315
96792
4280
28736
13481
76424
46696
54449
89015
59842
49252
8294
8733
92920
64285
31535
29664
56208
7180
40070
87649
10881
87557
42789
14365
4277
88888
38167
83295
12273
50240
58962
25417
54520
87699
55250
30945
50747
9699
36312
10589
75303
44606
35675
68224
25243
67210
97888
81451
90742
54310
69100
1623
41867
28241
32341
62496
17129
70508
45791
45755
20748
4754
71172
91621
8805
26423
38918
59552
36122
75230
86494
11426
19836
22169
96002
61431
5731
10242
42882
96473
64552
28334
14448
22772
56576
46789
85268
90057
17298
31060
35812
54398
52166
23337
46019
60971
49760
84937
20523
2234
60167
7017
30012
96355
45538
42366
57786
51269
68960
17020
64094
33513
61707
94895
72637
34635
41684
57905
24692
75334
5317
76857
29733
57483
194
92104
18454
66306
77042
38978
84892
53561
62347
31257
66269
7886
73623
40407
75507
42584
57428
39602
92449
35487
34497
65086
70122
92533
39343
11166
67868
44661
4375
13953
2144
4569
22409
20599
87227
15803
59577
88472
69365
21924
19729
51986
46162
9704
92393
21670
68640
66173
61272
61089
1660
12121
42527
88134
4654
98223
99301
88874
42884
3676
19179
45028
24598
57941
81979
28177
73744
57908
33001
59461
96185
52730
11447
42347
78787
3841
64017
47427
70014
41641
24869
71675
70114
67396
76161
74769
65619
91814
79995
24855
11843
15527
69884
36441
73468
68215
80970
47212
26124
13972
6674
22309
83054
34473
81008
61841
38314
45026
9269
24681
3019
34138
12708
73134
17886
