0
2
2
5
6
7
7
7
8
8
8
9
9
12
12
13
13
14
16
18
19
21
22
22
22
23
23
24
24
24
24
28
30
32
32
32
33
33
33
34
35
35
36
38
38
39
39
40
42
43
43
45
46
46
47
47
47
48
54
55
56
56
57
57
58
60
60
61
63
63
63
64
66
67
67
68
70
71
71
72
72
72
73
74
74
75
75
77
77
79
79
80
81
82
83
87
87
87
87
87
87
87
89
89
90
90
91
91
91
92
93
93
94
94
97
98
98
98
100
101
101
104
106
107
109
110
112
114
114
115
115
116
116
117
118
119
120
120
121
124
125
126
128
133
135
138
138
142
143
144
144
147
147
149
149
150
150
151
151
152
153
158
161
162
162
163
163
163
163
165
165
166
168
169
169
169
170
172
172
174
175
175
177
179
180
180
181
182
182
184
186
187
188
189
190
190
191
191
191
192
193
194
195
198
198
198
199
199
199
200
201
202
202
203
203
203
204
205
205
205
208
212
213
214
215
216
216
217
218
219
219
222
222
223
223
224
226
230
231
235
235
236
237
238
239
239
239
240
240
242
244
245
246
246
247
247
249
250
251
253
255
255
256
259
259
259
262
263
264
264
265
267
267
268
269
269
270
270
270
271
272
273
273
275
279
280
280
284
284
284
284
286
287
288
292
294
295
295
297
297
298
300
300
302
303
303
303
303
305
305
307
307
308
312
313
316
317
319
320
324
324
324
324
324
326
328
328
330
331
331
331
331
332
332
333
333
334
334
336
337
337
338
339
342
342
344
345
345
346
346
347
351
352
352
353
355
356
356
356
358
359
361
362
363
363
365
367
368
368
371
372
373
373
374
374
374
376
376
376
377
378
378
378
378
380
381
384
385
385
387
387
388
390
392
393
393
393
394
394
394
396
398
399
400
400
401
401
401
402
403
405
406
407
407
409
411
411
413
415
421
423
423
423
424
426
426
426
426
426
428
428
430
430
431
431
431
432
433
436
436
437
438
438
439
439
442
444
446
447
448
448
450
452
452
452
453
454
455
456
456
457
460
463
463
463
463
466
466
467
467
468
470
470
470
470
471
472
472
473
475
483
485
485
487
487
488
490
490
492
493
495
496
497
499
501
502
505
505
505
506
506
506
506
507
507
508
508
509
509
509
512
513
513
514
516
519
520
520
521
522
523
525
527
528
528
528
529
529
530
530
530
531
531
531
532
535
537
540
540
541
541
542
542
543
544
546
547
548
548
550
551
551
551
551
552
556
557
557
559
559
560
563
563
565
566
566
567
567
567
569
569
570
571
572
572
573
574
579
582
582
583
584
585
586
587
589
589
589
590
592
593
594
594
595
599
599
599
599
600
600
600
601
602
602
606
607
607
607
608
608
608
608
610
610
611
612
613
613
614
615
615
616
619
621
624
625
626
626
628
629
631
631
632
633
633
633
633
635
636
637
638
639
641
643
644
644
646
646
646
649
651
651
653
653
653
654
656
656
656
658
658
658
660
667
668
669
672
672
672
673
674
675
678
679
679
679
680
681
681
682
684
686
686
686
687
688
688
689
692
692
694
695
695
698
700
700
702
704
704
706
707
709
711
712
715
716
716
718
719
719
721
721
721
722
722
723
723
723
725
725
729
731
732
734
734
736
736
737
739
741
742
746
748
748
749
749
752
752
754
754
756
756
757
759
759
759
761
761
762
763
764
766
766
768
769
770
770
771
771
772
772
773
773
776
776
779
779
781
782
782
785
785
786
786
786
787
787
787
788
789
793
794
794
795
795
796
796
796
796
798
798
799
799
800
800
801
804
804
804
805
806
808
809
810
812
814
814
815
815
816
816
821
821
823
823
825
827
829
829
829
830
832
833
835
836
837
838
838
838
839
839
841
841
841
842
843
844
846
846
849
850
851
853
854
854
856
857
858
859
859
859
860
862
863
865
865
867
869
870
872
872
873
874
874
875
876
877
877
877
882
884
884
885
885
885
886
887
888
888
889
889
889
889
890
891
892
893
893
894
895
896
897
898
900
901
903
903
904
904
908
908
909
910
911
912
912
913
917
917
920
920
921
922
924
924
925
925
926
927
927
931
932
933
933
933
936
936
937
937
942
943
945
946
947
948
948
949
950
951
953
953
956
956
958
959
961
962
963
964
964
966
967
967
969
969
970
971
973
973
974
976
976
977
978
978
978
980
982
983
984
985
985
986
987
988
988
988
992
993
993
995
995
995
996
997
997
999
1000
1002
1003
1005
1007
1007
1008
1008
1009
1010
1012
1012
1012
1013
1014
1015
1015
1015
1015
1016
1016
1020
1022
1024
1024
1024
1024
1024
1026
1026
1026
1027
1027
1027
1028
1028
1029
1029
1029
1030
1030
1030
1031
1031
1034
1036
1038
1039
1040
1040
1041
1044
1046
1047
1047
1050
1050
1051
1051
1054
1054
1054
1055
1056
1059
1059
1060
1060
1061
1061
1061
1061
1062
1063
1064
1065
1066
1069
1070
1070
1071
1073
1073
1075
1077
1079
1080
1083
1083
1085
1089
1090
1090
1090
1092
1092
1093
1094
1094
1096
1099
1100
1105
1105
1105
1108
1108
1110
1114
1115
1118
1120
1121
1122
1122
1122
1122
1122
1124
1125
1125
1126
1127
1131
1132
1132
1133
1133
1136
1136
1137
1137
1139
1139
1139
1140
1141
1142
1142
1142
1145
1145
1147
1147
1150
1153
1153
1156
1156
1156
1156
1157
1157
1158
1160
1161
1162
1162
1163
1163
1164
1164
1165
1167
1167
1168
1168
1169
1170
1170
1171
1171
1171
1171
1172
1172
1172
1177
1178
1178
1178
1179
1179
1179
1181
1181
1181
1182
1182
1182
1183
1183
1187
1187
1188
1191
1191
1192
1196
1199
1200
1200
1201
1201
1201
1202
1203
1204
1208
1209
1210
1210
1210
1210
1210
1211
1211
1212
1217
1218
1218
1221
1223
1223
1223
1224
1224
1225
1226
1226
1229
1230
1230
1231
1231
1234
1235
1237
1237
1238
1240
1240
1240
1241
1241
1241
1243
1243
1244
1244
1244
1246
1246
1246
1246
1247
1248
1249
1250
1251
1254
1254
1255
1257
1258
1260
1260
1261
1261
1262
1264
1264
1265
1265
1266
1267
1267
1267
1268
1269
1269
1272
1272
1276
1277
1279
1280
1280
1281
1281
1282
1283
1286
1287
1287
1288
1290
1291
1292
1293
1294
1295
1296
1296
1296
1298
1298
1298
1299
1301
1301
1302
1303
1305
1307
1307
1310
1310
1310
1311
1312
1312
1313
1313
1313
1314
1315
1315
1316
1316
1317
1318
1318
1319
1319
1322
1324
1325
1326
1326
1326
1327
1327
1330
1332
1333
1334
1335
1335
1335
1336
1336
1338
1340
1340
1340
1341
1342
1342
1343
1344
1345
1346
1347
1348
1349
1349
1349
1349
1351
1351
1351
1353
1353
1353
1354
1355
1355
1357
1357
1358
1358
1359
1359
1360
1362
1362
1362
1363
1364
1364
1365
1366
1367
1368
1369
1369
1370
1372
1372
1372
1374
1374
1376
1376
1377
1378
1378
1379
1379
1381
1383
1384
1384
1388
1389
1390
1391
1391
1392
1395
1395
1395
1396
1396
1398
1401
1403
1404
1407
1408
1408
1411
1411
1413
1414
1420
1421
1421
1424
1425
1425
1426
1427
1433
1434
1434
1435
1435
1437
1439
1440
1440
1441
1443
1443
1443
1443
1449
1449
1450
1450
1451
1451
1451
1453
1454
1455
1456
1457
1457
1457
1457
1459
1462
1462
1463
1464
1464
1465
1469
1469
1470
1471
1472
1473
1473
1474
1475
1476
1477
1477
1478
1478
1479
1479
1480
1480
1482
1485
1485
1485
1485
1491
1491
1492
1492
1493
1495
1496
1496
1497
1498
1498
1499
1501
1502
1504
1505
1505
1507
1509
1510
1510
1510
1510
1511
1511
1512
1513
1513
1515
1515
1516
1518
1518
1518
1520
1521
1522
1523
1524
1526
1526
1527
1527
1529
1530
1530
1533
1534
1535
1535
1539
1540
1541
1542
1544
1545
1546
1546
1547
1548
1548
1548
1549
1551
1552
1553
1553
1555
1556
1556
1557
1558
1558
1558
1560
1560
1561
1562
1562
1566
1566
1566
1566
1567
1567
1567
1569
1570
1571
1571
1572
1576
1577
1577
1577
1579
1583
1584
1586
1587
1589
1592
1592
1593
1594
1594
1595
1595
1596
1596
1597
1597
1600
1600
1601
1601
1601
1601
1602
1602
1603
1603
1603
1604
1604
1605
1605
1605
1606
1606
1607
1608
1608
1609
1611
1611
1612
1614
1615
1615
1616
1618
1619
1619
1619
1621
1622
1623
1625
1625
1626
1626
1626
1626
1627
1628
1629
1630
1630
1631
1631
1631
1632
1634
1636
1636
1638
1639
1641
1641
1641
1642
1642
1643
1643
1644
1644
1645
1645
1646
1647
1648
1648
1649
1649
1651
1651
1652
1653
1653
1654
1655
1659
1659
1660
1660
1661
1661
1662
1662
1663
1664
1664
1665
1667
1668
1669
1670
1670
1671
1671
1672
1672
1673
1674
1675
1675
1676
1676
1677
1678
1678
1679
1679
1682
1682
1682
1683
1685
1685
1686
1686
1687
1687
1687
1687
1689
1691
1692
1692
1696
1697
1698
1698
1699
1699
1704
1705
1706
1707
1708
1709
1710
1710
1710
1710
1714
1715
1716
1716
1718
1719
1722
1722
1724
1725
1725
1727
1730
1731
1734
1734
1736
1736
1737
1739
1739
1739
1741
1742
1743
1743
1743
1744
1744
1746
1746
1746
1747
1749
1751
1752
1753
1754
1755
1756
1757
1760
1760
1762
1767
1767
1769
1769
1770
1771
1771
1773
1774
1776
1777
1777
1777
1779
1781
1783
1783
1784
1785
1785
1785
1786
1787
1790
1791
1793
1793
1793
1794
1795
1795
1797
1797
1798
1800
1802
1804
1810
1814
1815
1815
1816
1817
1818
1819
1819
1819
1819
1821
1821
1823
1824
1825
1826
1826
1827
1829
1831
1832
1833
1834
1834
1834
1836
1837
1837
1837
1838
1839
1840
1841
1841
1841
1841
1842
1843
1844
1845
1848
1848
1849
1849
1849
1850
1850
1852
1853
1853
1853
1855
1856
1858
1858
1860
1862
1862
1863
1864
1865
1866
1867
1868
1870
1871
1872
1873
1876
1876
1877
1877
1877
1878
1878
1878
1879
1879
1881
1881
1883
1884
1886
1887
1888
1889
1890
1890
1890
1891
1896
1897
1897
1899
1901
1901
1903
1904
1905
1907
1907
1909
1910
1912
1919
1920
1920
1927
1930
1931
1932
1932
1932
1933
1933
1933
1934
1936
1936
1937
1938
1939
1939
1940
1942
1942
1943
1943
1944
1946
1947
1948
1951
1952
1953
1957
1957
1957
1957
1958
1959
1960
1960
1961
1963
1964
1964
1966
1968
1969
1970
1971
1972
1972
1973
1973
1973
1973
1974
1975
1976
1976
1976
1978
1980
1981
1985
1985
1985
1986
1990
1991
1991
1991
1992
1993
1994
1994
1995
1997
1997
1998
1998
1998
1998
1998
1999
2002
2002
2003
2006
2006
2008
2008
2009
2010
2011
2013
2013
2014
2015
2015
2015
2017
2018
2018
2019
2019
2019
2020
2021
2021
2022
2022
2026
2026
2027
2028
2028
2029
2030
2030
2031
2032
2037
2038
2039
2039
2039
2039
2040
2041
2044
2044
2045
2045
2046
2048
2048
2050
2050
2051
2051
2052
2053
2054
2055
2055
2056
2056
2057
2057
2057
2057
2059
2061
2062
2062
2064
2064
2066
2066
2066
2067
2068
2068
2068
2069
2069
2070
2072
2074
2075
2075
2075
2077
2081
2082
2082
2082
2088
2088
2088
2091
2093
2093
2094
2095
2096
2096
2096
2098
2098
2099
2099
2099
2099
2105
2105
2107
2108
2109
2110
2111
2111
2113
2113
2114
2114
2114
2116
2118
2119
2119
2120
2121
2121
2122
2123
2124
2124
2126
2126
2126
2127
2129
2129
2129
2131
2131
2132
2132
2133
2133
2135
2135
2136
2136
2136
2137
2138
2139
2141
2141
2143
2144
2144
2144
2144
2145
2146
2147
2148
2149
2152
2155
2157
2157
2157
2158
2159
2160
2162
2162
2163
2163
2163
2164
2164
2166
2166
2166
2167
2167
2169
2169
2169
2170
2171
2171
2171
2173
2176
2176
2177
2177
2178
2182
2183
2186
2188
2191
2195
2198
2199
2200
2201
2203
2205
2205
2206
2207
2209
2210
2210
2210
2211
2212
2213
2214
2214
2215
2215
2216
2216
2216
2216
2216
2218
2220
2221
2223
2223
2225
2226
2226
2228
2228
2228
2228
2229
2229
2231
2233
2233
2234
2234
2235
2236
2236
2237
2237
2238
2238
2239
2240
2242
2245
2247
2248
2249
2251
2251
2252
2255
2257
2257
2258
2258
2263
2264
2264
2264
2265
2266
2267
2267
2268
2268
2271
2274
2277
2277
2278
2279
2279
2279
2281
2282
2282
2282
2283
2283
2284
2284
2284
2284
2284
2285
2286
2286
2287
2287
2287
2287
2289
2290
2290
2291
2292
2292
2292
2293
2298
2298
2299
2299
2300
2302
2302
2304
2307
2308
2308
2310
2312
2313
2315
2316
2318
2319
2319
2319
2323
2324
2326
2326
2326
2326
2328
2330
2333
2334
2335
2335
2336
2336
2336
2340
2342
2342
2343
2344
2344
2347
2348
2349
2350
2351
2351
2351
2354
2355
2355
2357
2357
2358
2358
2359
2359
2361
2363
2366
2368
2368
2369
2371
2371
2374
2374
2375
2375
2375
2376
2377
2377
2378
2380
2382
2383
2384
2384
2384
2387
2387
2388
2388
2389
2389
2389
2390
2390
2393
2395
2397
2398
2399
2400
2401
2401
2403
2403
2403
2405
2405
2406
2408
2412
2413
2413
2414
2417
2419
2420
2420
2421
2424
2425
2425
2426
2426
2427
2427
2429
2430
2431
2432
2432
2433
2434
2434
2435
2435
2436
2437
2437
2439
2440
2440
2440
2442
2443
2444
2444
2445
2445
2445
2446
2447
2448
2448
2451
2452
2453
2454
2455
2456
2456
2456
2456
2457
2458
2459
2459
2461
2463
2464
2464
2465
2470
2470
2471
2474
2474
2477
2477
2477
2478
2478
2479
2479
2480
2480
2481
2482
2482
2483
2483
2484
2485
2487
2493
2493
2495
2496
2497
2497
2498
2498
2498
2499
2499
2501
2502
2503
2503
2505
2508
2509
2510
2510
2510
2511
2511
2514
2514
2515
2516
2518
2520
2523
2523
2523
2527
2527
2529
2530
2530
2532
2533
2533
2534
2536
2537
2539
2539
2541
2542
2544
2547
2547
2547
2547
2549
2549
2549
2550
2553
2554
2555
2556
2557
2557
2557
2559
2559
2559
2560
2561
2561
2561
2562
2564
2567
2567
2568
2568
2569
2569
2570
2574
2576
2577
2577
2578
2579
2579
2581
2582
2582
2583
2583
2585
2586
2588
2590
2590
2591
2591
2591
2591
2592
2595
2595
2598
2598
2601
2602
2603
2605
2606
2608
2608
2609
2609
2611
2612
2613
2613
2614
2615
2615
2617
2620
2621
2622
2623
2624
2624
2626
2628
2631
2631
2632
2633
2633
2633
2634
2634
2634
2635
2635
2637
2638
2638
2640
2642
2642
2643
2645
2647
2648
2649
2651
2651
2651
2655
2656
2656
2656
2657
2657
2658
2660
2665
2666
2666
2666
2666
2666
2667
2668
2668
2669
2669
2671
2672
2673
2674
2674
2674
2675
2676
2677
2679
2680
2681
2686
2686
2686
2688
2689
2689
2690
2691
2691
2691
2693
2695
2695
2696
2696
2696
2696
2700
2701
2703
2703
2705
2708
2708
2709
2710
2711
2711
2712
2713
2713
2713
2718
2718
2718
2720
2721
2722
2722
2723
2723
2724
2725
2726
2728
2728
2729
2733
2733
2735
2735
2736
2736
2737
2737
2737
2738
2739
2739
2740
2740
2741
2742
2743
2744
2745
2746
2748
2749
2750
2751
2751
2751
2751
2752
2752
2754
2754
2755
2758
2760
2760
2761
2761
2762
2763
2764
2765
2765
2766
2766
2768
2769
2769
2771
2772
2772
2773
2773
2773
2774
2775
2776
2778
2778
2778
2782
2782
2782
2783
2784
2785
2785
2786
2788
2790
2792
2792
2792
2793
2794
2795
2796
2796
2797
2797
2797
2798
2799
2801
2801
2801
2803
2803
2804
2804
2805
2807
2808
2809
2809
2810
2811
2812
2813
2817
2817
2818
2822
2822
2823
2823
2824
2824
2825
2826
2828
2828
2828
2831
2832
2832
2833
2836
2836
2836
2838
2839
2840
2840
2841
2841
2844
2845
2845
2847
2848
2849
2849
2850
2851
2852
2852
2853
2859
2859
2862
2864
2866
2867
2867
2867
2868
2869
2870
2870
2870
2872
2872
2873
2874
2876
2877
2881
2884
2884
2885
2885
2886
2886
2886
2888
2889
2890
2890
2891
2891
2893
2894
2896
2897
2897
2897
2898
2898
2903
2906
2906
2910
2912
2914
2915
2916
2918
2920
2921
2924
2924
2924
2925
2926
2926
2928
2928
2929
2930
2930
2932
2932
2932
2933
2934
2937
2938
2938
2939
2941
2941
2942
2943
2944
2945
2945
2948
2948
2950
2950
2952
2953
2953
2954
2960
2962
2965
2965
2967
2969
2970
2970
2970
2974
2975
2976
2976
2980
2980
2981
2981
2983
2983
2987
2988
2988
2988
2989
2990
2991
2991
2991
2993
2994
2995
2996
2996
2997
2998
2998
2998
2999
3001
3001
3001
3003
3004
3004
3006
3007
3008
3008
3011
3011
3011
3012
3013
3014
3019
3019
3022
3022
3023
3023
3025
3025
3026
3028
3030
3031
3035
3035
3035
3036
3036
3037
3037
3039
3040
3041
3042
3042
3044
3045
3046
3046
3046
3047
3049
3049
3050
3052
3052
3053
3053
3054
3056
3056
3059
3060
3060
3062
3063
3064
3064
3065
3066
3068
3069
3069
3069
3070
3071
3072
3073
3074
3075
3075
3075
3077
3077
3077
3078
3079
3079
3080
3081
3081
3084
3085
3085
3086
3086
3086
3088
3089
3089
3089
3090
3094
3097
3098
3101
3101
3104
3106
3108
3109
3110
3111
3112
3113
3116
3116
3116
3117
3118
3118
3118
3119
3120
3120
3120
3122
3123
3124
3125
3125
3127
3128
3128
3129
3129
3130
3130
3132
3132
3132
3133
3134
3134
3138
3138
3139
3140
3142
3142
3143
3143
3143
3145
3145
3145
3146
3146
3146
3148
3150
3151
3151
3152
3153
3154
3155
3155
3155
3156
3156
3156
3159
3160
3161
3162
3163
3163
3165
3169
3171
3171
3173
3174
3175
3175
3176
3179
3180
3180
3181
3181
3181
3181
3181
3184
3184
3184
3187
3187
3189
3192
3192
3194
3194
3194
3194
3194
3195
3200
3200
3201
3202
3202
3203
3203
3204
3204
3206
3206
3209
3209
3209
3210
3212
3213
3213
3217
3217
3218
3218
3219
3219
3220
3221
3222
3224
3225
3225
3231
3232
3235
3236
3237
3237
3239
3242
3243
3244
3246
3248
3249
3250
3251
3251
3252
3252
3253
3254
3254
3255
3255
3255
3257
3258
3259
3259
3261
3262
3263
3264
3264
3265
3266
3266
3267
3267
3270
3272
3272
3275
3277
3278
3279
3281
3282
3283
3284
3284
3286
3288
3288
3288
3288
3289
3289
3289
3291
3292
3292
3293
3293
3293
3295
3297
3297
3298
3300
3301
3301
3301
3304
3304
3304
3304
3304
3306
3307
3307
3308
3309
3311
3311
3311
3312
3315
3316
3320
3320
3321
3322
3322
3324
3326
3327
3328
3330
3334
3334
3334
3337
3337
3337
3337
3338
3339
3340
3340
3340
3341
3343
3344
3345
3345
3348
3348
3349
3349
3350
3350
3350
3352
3354
3357
3360
3361
3361
3361
3362
3362
3364
3365
3366
3366
3367
3368
3370
3370
3373
3374
3378
3379
3380
3381
3381
3383
3385
3385
3387
3387
3387
3387
3388
3388
3390
3391
3391
3395
3397
3397
3399
3399
3400
3400
3401
3401
3403
3406
3406
3409
3414
3414
3416
3416
3417
3418
3418
3420
3420
3420
3421
3422
3422
3423
3424
3424
3425
3426
3427
3427
3427
3427
3428
3429
3429
3429
3430
3433
3435
3435
3435
3437
3437
3438
3439
3439
3440
3442
3444
3444
3445
3446
3446
3446
3447
3448
3448
3449
3450
3450
3452
3453
3455
3457
3458
3458
3459
3459
3459
3460
3460
3462
3464
3465
3467
3467
3469
3473
3475
3476
3478
3481
3485
3486
3486
3487
3489
3489
3490
3491
3491
3499
3500
3501
3502
3503
3505
3507
3510
3513
3513
3514
3515
3515
3517
3517
3518
3521
3522
3523
3524
3525
3525
3527
3530
3530
3530
3531
3533
3537
3537
3538
3539
3541
3542
3542
3543
3543
3543
3546
3547
3548
3548
3549
3549
3550
3550
3551
3552
3552
3553
3553
3554
3555
3556
3560
3560
3561
3563
3564
3564
3566
3567
3568
3569
3570
3575
3577
3578
3578
3579
3579
3579
3580
3581
3581
3581
3583
3583
3586
3586
3586
3588
3590
3591
3592
3594
3596
3597
3598
3599
3599
3600
3601
3601
3601
3602
3603
3605
3605
3605
3606
3606
3606
3607
3609
3609
3609
3611
3611
3613
3613
3613
3614
3614
3617
3617
3617
3619
3619
3621
3621
3621
3622
3622
3623
3623
3624
3625
3625
3626
3626
3627
3627
3628
3632
3635
3636
3638
3638
3640
3642
3642
3643
3646
3646
3646
3647
3648
3649
3649
3650
3650
3651
3652
3652
3653
3653
3654
3655
3656
3656
3657
3657
3658
3660
3662
3662
3662
3663
3665
3665
3666
3666
3667
3669
3670
3670
3670
3672
3673
3673
3674
3675
3676
3676
3676
3679
3681
3682
3682
3682
3683
3684
3685
3686
3686
3689
3689
3690
3691
3691
3691
3692
3692
3696
3697
3697
3697
3698
3699
3702
3702
3703
3704
3705
3706
3706
3706
3707
3708
3710
3711
3711
3711
3711
3712
3712
3713
3714
3714
3715
3715
3715
3716
3720
3720
3721
3721
3722
3725
3726
3727
3728
3729
3729
3729
3729
3730
3731
3731
3731
3731
3732
3733
3734
3734
3735
3736
3738
3739
3739
3741
3744
3745
3745
3747
3747
3748
3751
3752
3752
3753
3753
3753
3754
3755
3755
3755
3757
3758
3759
3762
3762
3763
3763
3765
3765
3766
3767
3769
3769
3770
3772
3773
3773
3774
3775
3775
3775
3776
3776
3776
3778
3781
3781
3781
3788
3788
3789
3790
3790
3791
3791
3793
3793
3793
3793
3793
3793
3793
3794
3796
3800
3801
3802
3803
3804
3805
3805
3805
3806
3807
3807
3808
3808
3808
3809
3809
3810
3812
3812
3813
3814
3814
3818
3818
3819
3819
3820
3820
3823
3823
3823
3826
3828
3828
3829
3830
3831
3832
3832
3833
3835
3837
3838
3838
3838
3840
3841
3843
3843
3845
3846
3847
3847
3848
3848
3849
3850
3852
3852
3854
3854
3854
3856
3857
3859
3860
3861
3863
3863
3864
3865
3867
3870
3871
3873
3873
3876
3877
3877
3878
3879
3880
3880
3881
3881
3881
3884
3884
3887
3889
3890
3891
3891
3892
3896
3897
3898
3898
3898
3898
3901
3901
3902
3902
3902
3903
3905
3906
3907
3908
3910
3912
3914
3914
3916
3916
3918
3919
3919
3919
3921
3923
3923
3924
3925
3925
3925
3925
3926
3927
3927
3927
3928
3929
3931
3931
3931
3932
3932
3937
3938
3940
3940
3941
3943
3943
3946
3948
3948
3948
3949
3950
3952
3953
3956
3956
3957
3957
3958
3961
3963
3963
3964
3966
3968
3968
3970
3972
3973
3974
3974
3974
3976
3977
3977
3979
3979
3979
3980
3983
3984
3985
3986
3986
3991
3991
3992
3992
3993
3993
3995
3997
3999
4000
4001
4004
4004
4005
4005
4007
4008
4008
4008
4008
4009
4009
4011
4011
4013
4013
4016
4017
4017
4018
4019
4020
4020
4022
4022
4023
4024
4025
4025
4027
4027
4028
4029
4030
4032
4033
4034
4035
4035
4036
4036
4037
4037
4038
4038
4038
4041
4041
4042
4042
4042
4042
4042
4043
4043
4044
4045
4045
4045
4046
4046
4046
4047
4048
4048
4048
4049
4049
4051
4052
4057
4058
4058
4059
4062
4062
4062
4064
4068
4070
4071
4072
4072
4075
4075
4075
4075
4075
4077
4078
4079
4079
4081
4081
4081
4082
4082
4082
4083
4084
4084
4085
4086
4086
4092
4093
4096
4097
4097
4097
4098
4098
4099
4099
4100
4101
4102
4103
4104
4104
4105
4105
4106
4107
4107
4109
4112
4114
4118
4118
4118
4119
4120
4122
4124
4127
4129
4129
4130
4130
4130
4132
4133
4133
4136
4136
4136
4136
4138
4139
4141
4142
4142
4143
4144
4144
4144
4145
4145
4146
4147
4148
4148
4149
4150
4151
4152
4152
4153
4154
4155
4157
4158
4158
4159
4161
4161
4162
4162
4163
4165
4165
4167
4170
4170
4171
4172
4172
4172
4175
4176
4177
4177
4179
4180
4181
4183
4183
4186
4187
4188
4188
4188
4190
4190
4192
4192
4198
4198
4199
4200
4203
4204
4206
4207
4207
4208
4211
4212
4212
4215
4216
4216
4216
4218
4219
4219
4220
4220
4222
4222
4224
4225
4225
4225
4225
4227
4227
4228
4229
4231
4231
4232
4232
4233
4234
4236
4241
4241
4242
4243
4244
4245
4246
4247
4247
4248
4249
4249
4250
4251
4252
4255
4256
4256
4256
4260
4261
4263
4263
4264
4266
4266
4268
4270
4270
4271
4273
4273
4275
4275
4276
4276
4276
4277
4277
4278
4278
4278
4279
4280
4281
4283
4283
4283
4284
4284
4287
4287
4288
4288
4290
4290
4290
4295
4296
4296
4297
4299
4299
4300
4302
4302
4302
4302
4303
4304
4308
4308
4308
4309
4310
4311
4311
4311
4312
4313
4313
4315
4316
4317
4317
4318
4318
4318
4320
4322
4324
4325
4326
4326
4326
4326
4327
4329
4330
4331
4331
4331
4333
4334
4334
4335
4336
4340
4344
4344
4344
4345
4345
4346
4347
4347
4348
4349
4349
4349
4350
4350
4351
4353
4354
4354
4354
4355
4356
4356
4356
4358
4359
4362
4362
4363
4365
4366
4367
4367
4368
4369
4369
4370
4371
4372
4374
4374
4375
4376
4377
4378
4379
4380
4381
4382
4383
4385
4386
4387
4387
4387
4389
4390
4392
4392
4394
4395
4395
4395
4395
4396
4396
4398
4399
4399
4399
4399
4399
4400
4402
4403
4404
4405
4409
4410
4410
4411
4411
4413
4413
4416
4416
4417
4418
4418
4421
4422
4424
4425
4429
4429
4430
4431
4431
4432
4432
4437
4439
4441
4442
4442
4443
4445
4446
4446
4446
4447
4449
4451
4453
4453
4454
4455
4455
4455
4456
4456
4457
4458
4460
4460
4461
4462
4462
4464
4465
4465
4467
4469
4470
4472
4474
4475
4477
4478
4478
4478
4479
4479
4481
4482
4485
4486
4488
4488
4488
4491
4492
4493
4494
4494
4495
4496
4497
4499
4501
4503
4503
4503
4503
4503
4505
4506
4507
4509
4510
4514
4514
4516
4516
4517
4518
4519
4520
4520
4520
4521
4521
4523
4525
4525
4527
4527
4529
4530
4532
4533
4533
4534
4534
4535
4535
4535
4536
4536
4538
4540
4541
4542
4543
4544
4545
4546
4546
4546
4548
4551
4551
4552
4556
4557
4557
4558
4558
4559
4560
4562
4562
4564
4565
4565
4566
4569
4569
4570
4571
4571
4572
4572
4573
4573
4573
4574
4574
4574
4575
4576
4579
4579
4579
4581
4582
4583
4583
4585
4586
4587
4588
4590
4591
4591
4592
4592
4594
4595
4596
4597
4597
4598
4598
4600
4603
4603
4605
4606
4609
4611
4615
4616
4616
4617
4617
4620
4620
4621
4621
4622
4626
4626
4627
4628
4628
4628
4628
4630
4630
4631
4631
4631
4631
4632
4633
4633
4633
4634
4635
4636
4636
4637
4638
4638
4640
4643
4644
4645
4646
4646
4646
4647
4647
4648
4649
4650
4650
4650
4652
4652
4652
4653
4654
4655
4661
4661
4662
4663
4664
4665
4665
4666
4667
4667
4669
4672
4672
4673
4676
4676
4677
4677
4677
4678
4679
4679
4680
4680
4682
4682
4684
4687
4687
4691
4692
4695
4695
4695
4697
4698
4698
4701
4703
4703
4704
4705
4705
4705
4705
4706
4706
4708
4709
4709
4711
4712
4715
4715
4715
4716
4716
4719
4721
4723
4723
4724
4724
4724
4725
4728
4730
4730
4731
4732
4732
4733
4735
4736
4736
4736
4736
4736
4738
4738
4739
4740
4740
4741
4742
4742
4742
4742
4745
4747
4747
4747
4748
4749
4749
4750
4750
4750
4751
4751
4751
4751
4753
4754
4755
4756
4757
4757
4757
4759
4759
4760
4762
4764
4767
4769
4769
4769
4770
4770
4771
4772
4773
4773
4774
4778
4779
4780
4781
4782
4783
4784
4786
4787
4788
4788
4788
4789
4789
4790
4790
4790
4790
4791
4791
4792
4792
4793
4793
4795
4796
4797
4797
4797
4798
4799
4799
4800
4801
4801
4802
4803
4803
4806
4807
4807
4807
4808
4809
4809
4811
4812
4812
4813
4814
4814
4815
4816
4817
4817
4818
4818
4820
4820
4821
4823
4824
4824
4824
4825
4825
4826
4827
4829
4830
4830
4830
4832
4834
4838
4840
4842
4842
4843
4843
4844
4846
4846
4846
4847
4848
4849
4850
4850
4850
4852
4854
4854
4855
4855
4856
4857
4857
4858
4858
4858
4860
4861
4862
4862
4864
4864
4865
4866
4866
4866
4868
4868
4869
4869
4870
4870
4871
4874
4874
4874
4874
4875
4876
4876
4877
4877
4878
4878
4880
4880
4880
4881
4881
4884
4884
4887
4889
4889
4890
4890
4893
4893
4897
4897
4898
4899
4900
4902
4904
4904
4907
4907
4907
4910
4911
4912
4914
4914
4915
4917
4917
4917
4920
4920
4920
4923
4923
4923
4927
4928
4928
4929
4929
4930
4930
4931
4931
4933
4934
4937
4937
4938
4940
4941
4946
4947
4947
4947
4948
4951
4952
4954
4954
4957
4958
4961
4962
4964
4965
4965
4965
4965
4966
4966
4966
4967
4967
4969
4970
4970
4971
4972
4972
4972
4972
4973
4975
4975
4978
4981
4983
4983
4983
4984
4984
4985
4985
4985
4990
4994
4995
4995
4999
5000
5000
5001
5002
5002
5003
5003
5003
5005
5006
5008
5009
5011
5012
5015
5016
5016
5017
5018
5018
5019
5021
5022
5022
5022
5024
5024
5024
5025
5026
5026
5027
5028
5031
5032
5036
5036
5038
5039
5040
5040
5042
5045
5045
5046
5046
5046
5047
5049
5051
5051
5051
5052
5054
5054
5055
5057
5058
5059
5059
5060
5063
5064
5065
5066
5068
5069
5070
5070
5071
5074
5075
5080
5082
5084
5085
5086
5086
5086
5086
5086
5087
5089
5089
5090
5091
5091
5091
5093
5095
5095
5096
5098
5099
5100
5103
5104
5104
5107
5108
5108
5109
5111
5111
5113
5114
5114
5114
5116
5116
5117
5117
5117
5117
5117
5118
5121
5121
5123
5123
5124
5125
5125
5126
5127
5127
5128
5128
5134
5138
5139
5140
5141
5141
5144
5146
5146
5149
5150
5152
5152
5153
5155
5156
5156
5156
5158
5159
5159
5160
5161
5164
5164
5165
5165
5166
5167
5167
5167
5167
5167
5168
5169
5170
5171
5173
5173
5173
5174
5174
5175
5175
5175
5175
5175
5178
5178
5179
5181
5181
5184
5184
5185
5185
5187
5187
5187
5192
5196
5198
5199
5200
5201
5201
5202
5203
5205
5206
5207
5208
5208
5209
5210
5210
5211
5211
5211
5212
5213
5214
5214
5214
5214
5216
5218
5218
5221
5221
5222
5223
5224
5224
5226
5227
5227
5228
5229
5230
5232
5232
5234
5234
5236
5236
5236
5237
5239
5240
5241
5243
5244
5244
5245
5245
5247
5248
5248
5249
5250
5251
5251
5252
5255
5255
5256
5257
5257
5257
5258
5260
5263
5265
5265
5268
5269
5270
5270
5270
5272
5273
5274
5274
5275
5275
5276
5276
5277
5277
5278
5279
5280
5282
5287
5287
5289
5290
5291
5291
5292
5293
5293
5294
5297
5298
5298
5300
5301
5301
5304
5304
5305
5307
5307
5308
5309
5310
5310
5312
5312
5313
5315
5317
5317
5317
5318
5318
5319
5320
5320
5326
5330
5335
5336
5337
5337
5337
5338
5339
5341
5341
5341
5342
5343
5345
5345
5346
5347
5348
5349
5350
5350
5351
5352
5354
5354
5354
5357
5358
5358
5359
5360
5361
5362
5362
5363
5363
5363
5363
5364
5364
5364
5364
5365
5365
5369
5369
5371
5372
5372
5374
5375
5377
5379
5380
5381
5381
5381
5384
5384
5385
5386
5387
5391
5392
5392
5393
5394
5395
5396
5398
5400
5404
5404
5404
5406
5406
5409
5410
5410
5411
5411
5412
5412
5414
5414
5414
5414
5415
5415
5415
5416
5418
5418
5420
5421
5421
5424
5424
5424
5425
5426
5426
5426
5427
5427
5427
5428
5429
5429
5429
5429
5429
5429
5431
5432
5432
5434
5435
5436
5436
5437
5439
5439
5440
5441
5441
5442
5442
5443
5443
5444
5444
5444
5445
5446
5447
5447
5447
5447
5447
5448
5448
5449
5452
5455
5457
5458
5459
5460
5461
5463
5465
5466
5469
5471
5472
5472
5473
5474
5474
5476
5477
5478
5479
5481
5482
5482
5484
5484
5485
5486
5489
5489
5491
5492
5493
5493
5494
5494
5495
5499
5499
5501
5502
5503
5504
5504
5504
5504
5505
5506
5508
5509
5509
5509
5510
5511
5512
5513
5514
5516
5516
5516
5517
5517
5518
5520
5521
5522
5522
5523
5523
5523
5525
5526
5527
5530
5530
5530
5533
5535
5536
5537
5539
5540
5542
5543
5545
5546
5551
5553
5555
5556
5556
5557
5559
5559
5560
5562
5562
5563
5564
5565
5565
5565
5567
5568
5570
5571
5571
5575
5575
5577
5577
5578
5578
5579
5579
5579
5579
5580
5580
5581
5581
5583
5583
5585
5587
5589
5591
5591
5592
5593
5595
5595
5595
5595
5596
5596
5597
5597
5598
5598
5599
5599
5601
5602
5602
5606
5606
5606
5607
5610
5610
5610
5611
5611
5613
5614
5614
5614
5615
5616
5617
5618
5619
5619
5621
5621
5622
5622
5622
5623
5625
5625
5626
5627
5627
5629
5629
5629
5630
5630
5632
5633
5636
5636
5637
5637
5639
5639
5644
5645
5646
5646
5647
5647
5647
5647
5648
5650
5653
5653
5655
5656
5657
5658
5659
5660
5660
5663
5665
5665
5666
5667
5667
5669
5669
5672
5672
5673
5673
5674
5676
5680
5684
5685
5685
5685
5686
5687
5688
5691
5691
5692
5692
5695
5695
5697
5698
5698
5699
5701
5701
5703
5704
5704
5705
5706
5707
5708
5713
5713
5714
5714
5716
5719
5719
5720
5721
5723
5724
5725
5725
5726
5726
5727
5727
5730
5730
5731
5732
5733
5734
5734
5735
5736
5737
5739
5740
5740
5740
5741
5743
5744
5747
5747
5747
5748
5748
5748
5748
5750
5750
5750
5751
5752
5752
5753
5753
5754
5757
5757
5757
5758
5759
5762
5763
5765
5766
5767
5768
5769
5770
5772
5774
5774
5774
5775
5775
5776
5777
5779
5779
5781
5781
5782
5783
5784
5785
5785
5786
5786
5787
5788
5788
5790
5794
5794
5796
5798
5798
5798
5798
5799
5799
5799
5799
5800
5800
5801
5801
5801
5801
5802
5803
5805
5807
5807
5807
5808
5809
5809
5809
5810
5813
5815
5818
5818
5820
5821
5821
5822
5823
5823
5823
5828
5828
5829
5830
5832
5832
5833
5836
5838
5839
5840
5841
5842
5842
5846
5846
5847
5848
5849
5850
5851
5851
5852
5853
5854
5854
5854
5855
5855
5855
5858
5858
5858
5859
5859
5859
5860
5860
5861
5862
5863
5864
5866
5866
5868
5869
5870
5873
5880
5880
5880
5880
5882
5882
5882
5883
5884
5885
5890
5891
5892
5893
5893
5894
5894
5894
5894
5895
5899
5900
5900
5901
5902
5902
5902
5903
5903
5904
5906
5907
5907
5908
5909
5909
5910
5911
5911
5912
5912
5912
5913
5915
5916
5916
5917
5917
5918
5918
5920
5921
5922
5922
5923
5923
5923
5924
5925
5926
5928
5930
5931
5931
5934
5940
5940
5941
5941
5941
5941
5943
5943
5943
5943
5944
5944
5944
5945
5946
5947
5949
5950
5950
5952
5954
5958
5958
5958
5958
5958
5959
5960
5960
5962
5962
5963
5963
5965
5966
5966
5967
5967
5971
5973
5976
5976
5976
5976
5977
5977
5979
5980
5981
5982
5983
5983
5984
5989
5990
5991
5994
5994
5996
5999
5999
5999
6002
6003
6005
6005
6006
6006
6008
6011
6011
6014
6014
6018
6018
6019
6020
6021
6022
6022
6024
6024
6025
6025
6025
6026
6028
6028
6030
6031
6032
6035
6036
6036
6036
6037
6038
6041
6041
6043
6044
6045
6045
6046
6046
6047
6049
6049
6050
6050
6052
6056
6057
6059
6059
6061
6062
6062
6064
6065
6066
6066
6067
6067
6068
6069
6069
6070
6070
6072
6073
6073
6073
6074
6075
6075
6076
6076
6077
6081
6082
6083
6083
6083
6083
6083
6084
6086
6086
6088
6091
6092
6093
6094
6097
6099
6100
6100
6100
6101
6101
6101
6102
6103
6105
6105
6107
6107
6107
6109
6109
6110
6111
6113
6114
6114
6116
6117
6119
6121
6122
6123
6123
6125
6127
6129
6130
6133
6133
6134
6134
6135
6136
6136
6138
6139
6141
6141
6143
6144
6146
6146
6147
6147
6149
6150
6151
6151
6156
6156
6156
6157
6157
6160
6161
6161
6161
6162
6162
6163
6164
6165
6165
6166
6167
6167
6168
6174
6174
6175
6176
6177
6177
6177
6178
6179
6179
6180
6180
6181
6181
6182
6183
6183
6184
6184
6185
6186
6187
6187
6187
6188
6188
6189
6191
6192
6194
6194
6197
6199
6201
6202
6203
6207
6209
6210
6210
6212
6212
6213
6213
6214
6215
6216
6217
6219
6219
6222
6227
6230
6230
6231
6232
6232
6233
6234
6234
6235
6235
6235
6235
6236
6237
6238
6239
6240
6241
6241
6241
6241
6242
6244
6244
6246
6247
6250
6251
6251
6255
6257
6257
6257
6258
6258
6259
6261
6262
6263
6263
6264
6265
6266
6268
6268
6268
6269
6272
6275
6277
6277
6277
6280
6280
6281
6286
6286
6287
6294
6294
6294
6295
6295
6297
6297
6298
6299
6299
6300
6303
6304
6305
6306
6306
6307
6307
6309
6310
6311
6314
6314
6315
6316
6317
6320
6320
6320
6321
6321
6323
6324
6326
6327
6327
6328
6329
6329
6331
6331
6331
6332
6332
6332
6333
6333
6334
6334
6334
6335
6335
6336
6337
6338
6338
6338
6338
6339
6339
6340
6343
6343
6343
6345
6346
6347
6349
6349
6351
6351
6351
6352
6353
6354
6358
6360
6361
6361
6362
6362
6362
6363
6365
6366
6367
6368
6370
6371
6372
6373
6373
6374
6375
6376
6376
6377
6378
6378
6379
6380
6382
6383
6384
6385
6386
6388
6388
6388
6389
6389
6389
6391
6391
6392
6394
6394
6396
6398
6399
6399
6401
6401
6402
6403
6403
6403
6404
6404
6404
6405
6406
6407
6408
6409
6409
6409
6410
6411
6412
6412
6413
6414
6415
6415
6416
6419
6420
6420
6421
6425
6425
6426
6428
6428
6429
6429
6430
6431
6432
6433
6434
6436
6436
6438
6439
6441
6441
6449
6449
6449
6454
6454
6455
6455
6457
6459
6459
6460
6460
6461
6462
6463
6464
6465
6467
6467
6467
6468
6469
6469
6469
6470
6470
6470
6470
6472
6472
6474
6475
6476
6477
6478
6478
6479
6483
6484
6486
6489
6490
6490
6490
6491
6492
6493
6494
6495
6496
6496
6497
6497
6497
6498
6499
6499
6499
6500
6501
6505
6505
6507
6508
6508
6511
6511
6513
6513
6516
6516
6518
6520
6520
6520
6520
6520
6521
6523
6523
6524
6526
6527
6527
6528
6528
6529
6531
6531
6532
6532
6533
6533
6533
6535
6536
6537
6539
6540
6540
6541
6541
6541
6542
6543
6544
6546
6546
6547
6550
6550
6553
6554
6555
6555
6555
6556
6557
6558
6559
6559
6563
6563
6564
6565
6565
6568
6570
6570
6571
6572
6572
6573
6574
6577
6577
6578
6579
6580
6582
6583
6584
6584
6584
6585
6585
6587
6587
6588
6589
6590
6590
6590
6593
6593
6594
6595
6596
6596
6597
6599
6599
6599
6599
6600
6600
6601
6601
6601
6602
6603
6605
6605
6605
6606
6606
6606
6608
6608
6609
6609
6612
6616
6617
6618
6618
6620
6620
6621
6621
6622
6623
6623
6625
6625
6627
6627
6627
6627
6630
6631
6632
6632
6633
6635
6637
6638
6638
6639
6643
6644
6646
6647
6647
6647
6648
6648
6649
6650
6650
6651
6652
6653
6654
6655
6656
6656
6657
6657
6657
6658
6659
6661
6662
6663
6663
6663
6663
6664
6664
6664
6665
6666
6666
6668
6668
6668
6669
6669
6670
6670
6671
6671
6672
6672
6673
6674
6675
6675
6678
6678
6679
6680
6681
6681
6684
6684
6685
6687
6688
6688
6688
6688
6689
6690
6690
6691
6691
6698
6700
6700
6700
6703
6703
6704
6704
6708
6709
6709
6709
6711
6714
6715
6715
6717
6718
6723
6724
6725
6726
6726
6729
6730
6732
6732
6733
6733
6734
6736
6737
6738
6738
6738
6740
6741
6741
6743
6744
6747
6748
6749
6749
6749
6753
6753
6756
6758
6760
6761
6761
6761
6764
6764
6764
6766
6766
6767
6767
6767
6768
6768
6768
6768
6769
6769
6769
6770
6771
6772
6772
6772
6774
6774
6776
6777
6783
6784
6784
6784
6785
6785
6786
6786
6786
6786
6787
6790
6790
6790
6791
6792
6793
6794
6795
6796
6797
6797
6797
6799
6800
6802
6805
6805
6807
6807
6807
6808
6809
6810
6811
6811
6811
6814
6814
6814
6817
6817
6818
6819
6819
6820
6820
6824
6825
6825
6827
6829
6830
6830
6832
6833
6835
6835
6835
6838
6839
6841
6841
6842
6842
6843
6844
6846
6850
6850
6851
6853
6853
6855
6858
6860
6861
6862
6863
6863
6863
6864
6867
6868
6873
6876
6876
6876
6876
6877
6877
6877
6878
6878
6878
6879
6879
6880
6881
6882
6882
6884
6885
6885
6886
6888
6888
6889
6889
6889
6890
6890
6890
6892
6894
6896
6896
6899
6900
6901
6901
6904
6905
6906
6907
6910
6912
6913
6913
6915
6916
6919
6922
6923
6923
6923
6925
6926
6928
6933
6934
6937
6937
6938
6938
6941
6941
6942
6944
6944
6946
6948
6948
6950
6950
6954
6954
6954
6955
6955
6955
6956
6956
6956
6957
6958
6958
6959
6960
6960
6961
6962
6964
6965
6970
6970
6970
6973
6973
6974
6974
6975
6975
6976
6977
6981
6981
6983
6985
6985
6986
6986
6986
6988
6988
6991
6991
6991
6992
6994
6994
6994
6996
6996
6997
6998
6998
7001
7002
7004
7004
7005
7006
7008
7008
7011
7012
7012
7013
7013
7014
7014
7015
7015
7016
7016
7017
7019
7019
7021
7023
7025
7026
7026
7026
7027
7029
7030
7030
7031
7031
7032
7033
7033
7036
7037
7038
7042
7045
7047
7048
7048
7048
7049
7050
7050
7051
7051
7051
7052
7052
7052
7053
7054
7055
7056
7057
7057
7058
7058
7058
7060
7060
7061
7063
7064
7065
7066
7066
7069
7070
7070
7075
7076
7077
7080
7082
7083
7084
7085
7086
7087
7088
7088
7089
7089
7090
7093
7095
7095
7096
7096
7099
7099
7101
7101
7102
7103
7104
7105
7105
7106
7106
7107
7108
7109
7110
7111
7111
7113
7115
7115
7115
7116
7118
7118
7120
7120
7123
7124
7124
7125
7128
7130
7130
7130
7130
7131
7132
7132
7133
7133
7133
7134
7135
7135
7135
7136
7137
7137
7138
7141
7141
7141
7142
7143
7144
7145
7150
7151
7151
7151
7152
7152
7153
7154
7156
7158
7160
7161
7162
7165
7166
7166
7167
7167
7167
7168
7169
7169
7169
7170
7172
7172
7173
7173
7174
7174
7175
7177
7177
7178
7179
7179
7180
7182
7184
7184
7185
7185
7186
7188
7188
7190
7191
7191
7192
7192
7194
7194
7195
7198
7198
7202
7202
7203
7204
7204
7204
7205
7205
7205
7206
7207
7207
7207
7208
7209
7210
7211
7214
7214
7215
7215
7215
7215
7217
7217
7218
7219
7220
7220
7220
7225
7228
7228
7230
7230
7231
7231
7233
7233
7233
7234
7234
7235
7235
7236
7236
7237
7237
7240
7245
7247
7247
7251
7251
7252
7252
7252
7254
7255
7257
7258
7259
7261
7261
7263
7263
7265
7266
7266
7267
7267
7269
7269
7271
7272
7273
7273
7276
7277
7277
7277
7277
7277
7278
7279
7280
7281
7281
7283
7284
7284
7285
7285
7287
7288
7288
7288
7288
7288
7290
7291
7293
7293
7293
7294
7296
7297
7297
7298
7298
7299
7300
7300
7302
7303
7303
7304
7305
7306
7307
7307
7307
7308
7309
7311
7315
7315
7315
7316
7316
7318
7321
7322
7322
7323
7323
7324
7325
7326
7326
7327
7327
7327
7329
7329
7330
7331
7331
7332
7336
7336
7337
7337
7338
7339
7339
7340
7341
7341
7342
7343
7343
7343
7343
7344
7345
7345
7345
7346
7346
7348
7349
7349
7349
7350
7350
7351
7351
7351
7352
7353
7354
7356
7358
7359
7359
7359
7359
7362
7363
7363
7364
7365
7366
7367
7367
7371
7371
7372
7375
7376
7377
7377
7377
7377
7378
7378
7379
7380
7380
7382
7384
7384
7387
7387
7387
7388
7390
7390
7390
7392
7392
7393
7394
7395
7396
7396
7396
7397
7402
7403
7405
7406
7407
7410
7413
7414
7415
7415
7416
7418
7419
7421
7421
7422
7423
7424
7425
7426
7426
7428
7428
7429
7430
7432
7433
7435
7436
7436
7438
7438
7438
7439
7439
7439
7442
7443
7443
7444
7446
7446
7448
7450
7450
7450
7451
7452
7453
7457
7458
7461
7462
7463
7464
7465
7466
7466
7466
7467
7468
7472
7472
7473
7474
7477
7477
7477
7479
7481
7481
7482
7485
7486
7488
7489
7490
7493
7495
7496
7497
7498
7499
7500
7502
7503
7503
7505
7506
7506
7507
7508
7508
7509
7510
7510
7512
7513
7513
7517
7519
7521
7521
7521
7522
7522
7523
7529
7529
7529
7529
7529
7530
7532
7533
7536
7537
7538
7538
7539
7541
7541
7541
7544
7544
7546
7548
7551
7551
7552
7552
7553
7553
7554
7554
7554
7554
7555
7556
7557
7558
7559
7559
7562
7563
7564
7565
7565
7566
7567
7568
7568
7569
7570
7572
7572
7575
7576
7577
7577
7577
7578
7580
7580
7581
7582
7583
7584
7585
7587
7588
7589
7589
7590
7592
7593
7594
7595
7596
7596
7597
7598
7599
7599
7599
7602
7602
7605
7607
7608
7610
7612
7612
7613
7614
7615
7616
7617
7618
7618
7618
7620
7620
7623
7623
7623
7626
7626
7627
7627
7629
7629
7631
7632
7632
7633
7634
7638
7642
7643
7643
7645
7646
7647
7648
7648
7648
7649
7649
7649
7649
7650
7650
7652
7653
7653
7653
7656
7657
7657
7658
7659
7661
7661
7664
7665
7666
7666
7667
7668
7669
7669
7670
7671
7671
7672
7673
7674
7675
7676
7677
7677
7678
7679
7683
7683
7683
7685
7687
7688
7689
7689
7689
7691
7693
7693
7694
7694
7696
7696
7696
7697
7697
7698
7698
7698
7698
7698
7699
7704
7705
7709
7711
7711
7711
7711
7713
7714
7715
7715
7716
7717
7719
7719
7719
7720
7720
7720
7721
7723
7724
7724
7726
7727
7727
7728
7729
7731
7731
7732
7732
7733
7733
7735
7735
7737
7741
7743
7744
7744
7747
7748
7748
7749
7751
7751
7752
7752
7753
7757
7757
7757
7759
7759
7759
7760
7761
7762
7764
7764
7764
7764
7765
7766
7766
7766
7767
7767
7769
7775
7775
7776
7777
7778
7778
7779
7780
7782
7784
7785
7785
7788
7789
7790
7791
7791
7792
7792
7792
7793
7794
7794
7795
7795
7796
7798
7799
7799
7799
7800
7801
7802
7805
7805
7805
7806
7806
7807
7808
7809
7809
7810
7810
7810
7810
7814
7814
7817
7817
7819
7821
7823
7824
7825
7828
7830
7831
7831
7833
7833
7834
7834
7835
7836
7836
7836
7836
7839
7841
7843
7844
7845
7847
7847
7847
7849
7849
7849
7850
7850
7851
7851
7852
7852
7852
7853
7854
7855
7855
7855
7856
7856
7857
7859
7859
7859
7860
7860
7863
7863
7864
7865
7866
7867
7869
7869
7869
7871
7872
7874
7875
7877
7880
7883
7884
7885
7885
7885
7886
7886
7886
7890
7892
7894
7898
7900
7900
7902
7903
7903
7906
7907
7910
7913
7916
7917
7917
7917
7918
7918
7920
7921
7922
7922
7924
7924
7924
7924
7925
7927
7927
7927
7927
7928
7929
7929
7930
7933
7934
7935
7937
7937
7938
7938
7941
7941
7942
7944
7945
7945
7946
7947
7949
7950
7951
7951
7954
7955
7956
7956
7958
7958
7960
7960
7960
7960
7963
7963
7964
7967
7968
7968
7969
7969
7970
7970
7971
7971
7972
7972
7973
7974
7974
7974
7974
7977
7979
7979
7980
7980
7980
7983
7983
7984
7985
7986
7987
7988
7988
7988
7990
7990
7991
7992
7992
7993
7993
7994
7996
7999
7999
8002
8003
8003
8004
8005
8007
8007
8008
8009
8011
8011
8012
8012
8012
8013
8014
8015
8016
8017
8018
8018
8020
8020
8021
8021
8022
8024
8024
8025
8025
8028
8030
8030
8031
8031
8033
8035
8036
8036
8037
8037
8040
8040
8040
8042
8043
8044
8049
8049
8050
8050
8050
8051
8054
8055
8056
8056
8057
8059
8060
8061
8061
8063
8064
8066
8068
8070
8072
8073
8073
8073
8075
8075
8077
8077
8082
8082
8082
8082
8082
8084
8087
8087
8088
8088
8089
8090
8090
8090
8091
8092
8092
8092
8093
8093
8093
8094
8097
8097
8099
8099
8101
8102
8107
8108
8110
8111
8114
8115
8116
8118
8119
8123
8123
8124
8124
8125
8128
8128
8130
8130
8132
8134
8134
8134
8134
8135
8137
8137
8137
8138
8140
8142
8144
8144
8145
8145
8146
8146
8147
8147
8149
8150
8153
8155
8156
8156
8158
8159
8160
8161
8162
8164
8164
8164
8166
8166
8167
8168
8171
8174
8175
8176
8177
8178
8178
8179
8179
8179
8179
8180
8180
8181
8182
8183
8184
8185
8187
8187
8188
8190
8190
8191
8191
8192
8192
8197
8197
8199
8201
8205
8205
8206
8208
8214
8218
8220
8220
8220
8221
8225
8225
8225
8226
8227
8227
8227
8228
8228
8228
8228
8230
8230
8230
8231
8233
8234
8234
8236
8238
8239
8239
8240
8240
8241
8243
8243
8244
8245
8245
8246
8246
8247
8248
8248
8249
8249
8251
8252
8254
8254
8254
8255
8256
8256
8258
8260
8260
8262
8263
8267
8267
8270
8270
8270
8272
8274
8276
8276
8278
8278
8279
8279
8279
8280
8281
8282
8282
8285
8286
8286
8286
8287
8288
8289
8290
8293
8293
8293
8294
8294
8294
8294
8295
8295
8296
8298
8299
8299
8299
8299
8300
8300
8300
8302
8304
8305
8306
8306
8308
8309
8309
8310
8310
8311
8311
8312
8312
8314
8314
8317
8317
8318
8318
8319
8319
8319
8320
8322
8323
8324
8328
8328
8328
8329
8329
8330
8331
8331
8331
8332
8332
8333
8333
8333
8334
8334
8335
8336
8337
8338
8339
8339
8341
8343
8344
8345
8345
8345
8347
8348
8348
8348
8349
8349
8350
8350
8351
8352
8353
8354
8354
8356
8356
8356
8358
8358
8359
8360
8361
8362
8362
8362
8362
8363
8363
8363
8365
8366
8369
8369
8369
8370
8370
8372
8372
8373
8374
8374
8375
8375
8375
8376
8376
8376
8379
8382
8384
8384
8386
8386
8387
8387
8388
8390
8390
8392
8392
8396
8397
8400
8400
8401
8401
8401
8401
8401
8403
8403
8404
8406
8406
8407
8409
8410
8410
8412
8413
8414
8415
8415
8416
8418
8418
8423
8424
8425
8426
8426
8427
8428
8428
8429
8429
8432
8433
8434
8434
8437
8438
8440
8440
8442
8442
8443
8443
8443
8444
8445
8447
8448
8449
8450
8451
8451
8452
8453
8454
8456
8457
8457
8459
8460
8461
8461
8462
8462
8463
8464
8464
8464
8466
8467
8469
8470
8470
8470
8470
8471
8471
8472
8473
8474
8476
8477
8478
8478
8479
8479
8480
8480
8480
8480
8480
8480
8481
8483
8484
8485
8485
8485
8486
8487
8489
8490
8490
8490
8491
8491
8492
8493
8495
8496
8497
8497
8498
8498
8498
8499
8499
8502
8502
8504
8505
8505
8506
8509
8510
8510
8510
8512
8513
8513
8513
8514
8514
8514
8514
8515
8516
8517
8517
8521
8526
8526
8527
8527
8530
8530
8530
8531
8531
8532
8532
8533
8533
8534
8534
8537
8537
8538
8542
8543
8543
8544
8544
8544
8545
8546
8547
8547
8548
8549
8554
8555
8555
8555
8556
8556
8556
8556
8556
8557
8559
8562
8564
8564
8566
8566
8567
8568
8569
8572
8573
8575
8577
8577
8578
8581
8582
8584
8586
8586
8586
8588
8589
8590
8591
8593
8594
8594
8595
8595
8595
8598
8599
8600
8601
8601
8601
8601
8603
8604
8606
8606
8607
8608
8608
8611
8612
8612
8614
8614
8614
8615
8618
8619
8620
8620
8620
8622
8622
8625
8627
8631
8633
8635
8635
8636
8636
8637
8637
8637
8638
8639
8640
8640
8641
8642
8642
8643
8643
8643
8644
8645
8646
8646
8647
8647
8649
8650
8651
8652
8652
8655
8658
8659
8659
8659
8661
8661
8662
8662
8663
8664
8665
8665
8666
8666
8667
8671
8672
8673
8674
8675
8678
8679
8681
8683
8683
8686
8687
8687
8690
8691
8694
8697
8697
8698
8698
8699
8700
8701
8701
8705
8706
8707
8707
8707
8708
8710
8713
8713
8714
8717
8719
8720
8720
8723
8724
8726
8726
8729
8729
8730
8730
8730
8731
8731
8731
8733
8738
8738
8740
8740
8743
8744
8746
8747
8748
8749
8749
8750
8751
8752
8754
8755
8755
8758
8759
8759
8761
8761
8761
8762
8767
8767
8767
8768
8770
8770
8771
8771
8771
8774
8774
8777
8777
8779
8779
8781
8782
8783
8784
8784
8785
8785
8785
8787
8788
8789
8790
8790
8791
8793
8794
8797
8799
8801
8802
8804
8804
8805
8805
8806
8806
8807
8807
8807
8809
8809
8809
8810
8810
8810
8811
8812
8812
8813
8813
8813
8816
8817
8817
8818
8818
8819
8819
8820
8822
8822
8824
8827
8828
8828
8831
8831
8832
8832
8832
8832
8834
8834
8834
8835
8836
8836
8837
8837
8839
8839
8840
8841
8841
8844
8844
8847
8849
8849
8851
8852
8853
8854
8859
8859
8860
8860
8860
8860
8861
8864
8865
8867
8868
8868
8868
8869
8871
8871
8872
8872
8872
8873
8874
8874
8875
8879
8880
8882
8883
8886
8887
8891
8891
8891
8891
8894
8896
8896
8898
8900
8901
8901
8902
8902
8907
8907
8908
8909
8910
8910
8911
8912
8912
8912
8913
8913
8913
8915
8915
8919
8922
8923
8927
8928
8928
8929
8931
8932
8934
8938
8938
8941
8942
8942
8942
8943
8943
8944
8945
8945
8947
8949
8949
8952
8952
8954
8955
8955
8957
8957
8957
8958
8958
8958
8959
8960
8961
8963
8963
8963
8966
8967
8969
8971
8972
8974
8975
8975
8975
8975
8976
8977
8978
8978
8980
8980
8981
8981
8983
8983
8983
8984
8985
8985
8986
8986
8987
8987
8990
8990
8992
8992
8994
8994
8995
8995
8995
8997
8998
8998
8999
9001
9001
9002
9004
9005
9006
9007
9007
9009
9010
9010
9011
9013
9013
9013
9014
9015
9015
9015
9015
9015
9016
9016
9017
9017
9017
9019
9021
9022
9024
9025
9028
9030
9033
9034
9034
9034
9036
9037
9039
9045
9046
9046
9047
9048
9048
9050
9050
9051
9052
9052
9054
9054
9054
9057
9057
9058
9058
9061
9062
9062
9063
9064
9067
9068
9068
9070
9070
9071
9071
9072
9072
9072
9072
9077
9080
9080
9080
9081
9083
9084
9084
9084
9085
9085
9085
9086
9086
9087
9087
9088
9088
9088
9089
9090
9090
9093
9094
9094
9094
9095
9097
9097
9098
9099
9099
9103
9103
9105
9106
9106
9107
9107
9108
9108
9110
9112
9113
9113
9114
9114
9115
9116
9121
9122
9123
9124
9124
9125
9127
9127
9129
9129
9130
9130
9131
9132
9133
9133
9133
9134
9134
9134
9134
9135
9135
9135
9136
9139
9139
9143
9145
9148
9151
9152
9152
9152
9153
9154
9158
9158
9158
9159
9161
9162
9163
9163
9166
9166
9167
9168
9169
9169
9170
9170
9175
9177
9177
9178
9179
9180
9181
9182
9183
9183
9183
9186
9186
9187
9187
9187
9187
9190
9190
9190
9190
9191
9192
9193
9193
9193
9194
9194
9194
9195
9195
9196
9197
9200
9200
9201
9202
9204
9206
9207
9208
9209
9210
9211
9213
9213
9213
9215
9217
9220
9222
9224
9226
9228
9229
9229
9230
9232
9232
9233
9234
9234
9234
9234
9235
9235
9236
9238
9239
9240
9241
9242
9242
9244
9245
9245
9245
9245
9245
9246
9246
9247
9248
9248
9253
9258
9258
9259
9259
9261
9261
9263
9263
9264
9264
9264
9266
9267
9267
9269
9269
9270
9271
9271
9272
9272
9276
9278
9278
9279
9280
9280
9281
9282
9286
9287
9288
9290
9293
9296
9298
9298
9301
9301
9301
9302
9303
9304
9307
9307
9307
9309
9313
9313
9315
9316
9318
9320
9320
9320
9322
9322
9323
9324
9325
9327
9327
9327
9328
9329
9329
9329
9329
9330
9330
9335
9335
9337
9338
9340
9342
9342
9343
9345
9345
9345
9346
9346
9347
9348
9348
9349
9351
9351
9352
9353
9353
9353
9356
9357
9357
9359
9359
9362
9367
9368
9370
9370
9371
9373
9378
9378
9381
9382
9385
9386
9387
9389
9389
9392
9393
9393
9394
9395
9396
9397
9397
9398
9399
9400
9402
9403
9403
9403
9405
9405
9410
9411
9411
9411
9412
9413
9413
9414
9414
9415
9415
9416
9418
9418
9418
9419
9419
9422
9428
9428
9428
9429
9429
9430
9430
9432
9432
9435
9435
9435
9438
9438
9441
9441
9441
9443
9448
9449
9449
9450
9450
9452
9455
9457
9458
9461
9462
9464
9464
9465
9465
9465
9465
9470
9472
9472
9472
9473
9474
9475
9476
9483
9484
9485
9485
9486
9488
9488
9489
9489
9490
9493
9499
9500
9500
9501
9501
9502
9502
9506
9507
9507
9507
9509
9511
9511
9513
9516
9517
9519
9522
9523
9525
9526
9528
9530
9531
9532
9533
9533
9536
9539
9539
9540
9542
9542
9543
9544
9545
9546
9546
9546
9547
9548
9550
9550
9551
9553
9553
9554
9554
9557
9560
9564
9566
9567
9567
9568
9568
9569
9570
9571
9572
9572
9573
9574
9574
9574
9575
9576
9577
9578
9578
9578
9582
9583
9583
9588
9588
9588
9589
9589
9589
9590
9590
9591
9591
9591
9591
9592
9592
9592
9593
9594
9595
9596
9597
9598
9600
9600
9602
9602
9604
9605
9606
9606
9607
9609
9609
9610
9611
9611
9611
9612
9613
9614
9615
9616
9618
9619
9624
9625
9627
9628
9628
9629
9629
9630
9631
9632
9632
9635
9640
9641
9642
9642
9644
9645
9646
9647
9648
9648
9648
9648
9649
9649
9649
9650
9652
9653
9654
9657
9658
9658
9659
9659
9659
9660
9661
9662
9662
9662
9666
9667
9668
9669
9670
9670
9670
9671
9674
9677
9677
9678
9679
9680
9680
9681
9682
9683
9686
9687
9687
9687
9689
9691
9692
9692
9693
9694
9696
9697
9699
9699
9700
9701
9701
9701
9703
9704
9704
9705
9707
9708
9708
9709
9711
9712
9713
9714
9714
9715
9716
9716
9716
9718
9718
9721
9721
9722
9722
9724
9726
9728
9728
9729
9730
9730
9730
9731
9731
9731
9732
9734
9734
9735
9737
9738
9739
9739
9742
9745
9746
9746
9748
9748
9750
9751
9751
9752
9752
9752
9755
9755
9755
9759
9759
9760
9762
9762
9762
9765
9765
9770
9770
9771
9771
9771
9772
9773
9773
9776
9777
9777
9777
9778
9779
9780
9782
9783
9784
9786
9788
9788
9789
9789
9789
9790
9791
9792
9793
9794
9796
9798
9801
9803
9806
9807
9807
9808
9808
9810
9810
9810
9812
9812
9812
9812
9813
9814
9814
9815
9816
9816
9817
9817
9817
9817
9817
9818
9818
9818
9820
9821
9822
9822
9823
9824
9825
9826
9826
9827
9827
9830
9831
9832
9834
9834
9835
9836
9837
9837
9838
9838
9839
9840
9840
9840
9840
9842
9842
9843
9843
9843
9844
9845
9846
9846
9846
9847
9848
9848
9849
9849
9849
9850
9851
9852
9852
9853
9853
9855
9855
9855
9856
9856
9859
9860
9860
9860
9861
9862
9862
9865
9865
9866
9868
9869
9869
9871
9872
9872
9872
9877
9877
9878
9878
9878
9879
9879
9879
9880
9881
9882
9883
9884
9884
9884
9884
9885
9885
9886
9886
9887
9887
9888
9888
9888
9889
9889
9890
9891
9891
9891
9893
9895
9896
9897
9898
9898
9899
9900
9900
9904
9906
9907
9909
9909
9912
9913
9914
9915
9915
9916
9916
9917
9917
9918
9918
9921
9921
9923
9927
9928
9928
9929
9929
9930
9931
9932
9932
9932
9936
9936
9937
9939
9940
9943
9943
9944
9944
9944
9945
9948
9948
9949
9949
9949
9949
9950
9951
9951
9951
9953
9953
9954
9955
9955
9956
9957
9957
9960
9962
9962
9963
9964
9964
9964
9965
9966
9966
9968
9968
9968
9971
9971
9972
9973
9974
9974
9974
9975
9975
9976
9976
9977
9977
9978
9979
9980
9982
9983
9983
9983
9984
9984
9985
9985
9985
9986
9986
9987
9989
9989
9989
9989
9990
9990
9990
9991
9991
9991
9991
9992
9993
9995
9995
9995
9996
9996
9996
9998
10001
10001
10001
10002
10002
10002
10004
10006
10007
10007
10009
10012
10012
10012
10016
10016
10019
10019
10020
10021
10023
10023
10026
10027
10029
10032
10033
10033
10034
10035
10036
10036
10037
10037
10037
10037
10037
10038
10040
10040
10040
10041
10041
10043
10044
10044
10045
10045
10046
10046
10047
10047
10047
10048
10048
10048
10048
10048
10048
10048
10049
10049
10051
10051
10052
10052
10053
10053
10054
10057
10058
10059
10060
10060
10061
10066
10066
10068
10070
10070
10071
10074
10075
10076
10076
10076
10077
10078
10078
10079
10079
10079
10080
10080
10081
10081
10082
10083
10085
10085
10087
10087
10087
10087
10087
10088
10091
10092
10093
10094
10096
10097
10098
10099
10099
10099
10100
10100
10101
10102
10105
10106
10106
10107
10108
10109
10109
10110
10110
10111
10111
10111
10112
10113
10113
10116
10118
10120
10122
10124
10124
10124
10126
10130
10130
10133
10134
10134
10135
10137
10137
10138
10139
10140
10140
10140
10142
10143
10143
10146
10149
10149
10149
10151
10151
10153
10155
10155
10156
10157
10157
10157
10160
10161
10165
10165
10166
10167
10168
10168
10169
10171
10171
10171
10172
10172
10173
10174
10177
10178
10181
10182
10183
10183
10184
10185
10186
10188
10188
10188
10190
10193
10193
10194
10195
10198
10198
10199
10201
10202
10203
10203
10205
10205
10206
10207
10207
10208
10208
10209
10212
10212
10213
10214
10215
10215
10216
10217
10218
10218
10219
10219
10220
10220
10222
10223
10224
10226
10226
10227
10230
10231
10231
10232
10233
10234
10234
10236
10236
10236
10236
10237
10238
10238
10238
10240
10240
10242
10243
10243
10244
10245
10245
10246
10246
10247
10248
10249
10251
10252
10252
10254
10254
10254
10254
10260
10261
10262
10264
10264
10266
10266
10269
10270
10271
10274
10275
10278
10278
10278
10279
10279
10279
10281
10281
10282
10283
10284
10284
10285
10288
10289
10289
10289
10294
10294
10295
10295
10295
10296
10298
10299
10299
10300
10304
10305
10305
10305
10306
10306
10306
10307
10311
10312
10312
10314
10314
10315
10315
10317
10318
10319
10319
10321
10322
10323
10323
10323
10323
10324
10325
10327
10328
10328
10329
10331
10332
10333
10335
10336
10336
10338
10340
10340
10341
10343
10344
10348
10348
10348
10352
10352
10354
10354
10354
10358
10358
10361
10362
10364
10364
10367
10369
10370
10371
10372
10373
10376
10376
10376
10381
10381
10383
10389
10391
10392
10392
10392
10392
10393
10396
10396
10397
10397
10398
10399
10399
10399
10401
10401
10403
10405
10405
10405
10406
10406
10406
10409
10410
10410
10410
10411
10414
10415
10415
10416
10417
10417
10417
10419
10422
10425
10427
10428
10428
10429
10430
10433
10435
10436
10442
10443
10445
10445
10446
10447
10448
10448
10448
10449
10449
10451
10453
10454
10457
10459
10459
10460
10461
10463
10464
10465
10467
10469
10471
10472
10472
10472
10475
10476
10476
10476
10476
10478
10478
10478
10481
10482
10482
10485
10486
10486
10486
10487
10488
10488
10489
10490
10491
10491
10492
10496
10498
10499
10500
10502
10502
10502
10502
10503
10503
10504
10505
10506
10507
10507
10509
10509
10509
10510
10512
10514
10515
10516
10518
10519
10520
10521
10521
10521
10521
10521
10522
10522
10523
10523
10524
10525
10528
10528
10528
10532
10532
10532
10533
10534
10537
10539
10539
10540
10540
10542
10542
10543
10545
10546
10548
10549
10550
10550
10553
10554
10555
10556
10558
10559
10562
10565
10565
10565
10565
10566
10567
10567
10568
10568
10569
10569
10571
10571
10571
10571
10573
10573
10575
10576
10576
10576
10576
10577
10577
10577
10577
10578
10579
10579
10579
10579
10580
10581
10584
10585
10587
10588
10588
10588
10589
10590
10594
10595
10595
10596
10598
10598
10599
10600
10601
10601
10603
10603
10604
10609
10609
10610
10612
10614
10614
10618
10618
10619
10619
10621
10621
10621
10624
10625
10626
10627
10627
10628
10628
10629
10630
10631
10631
10633
10633
10633
10635
10636
10637
10637
10638
10638
10638
10639
10640
10641
10643
10643
10644
10645
10647
10647
10648
10648
10648
10649
10649
10651
10651
10652
10652
10653
10655
10656
10658
10660
10661
10661
10663
10663
10667
10668
10668
10672
10673
10674
10675
10675
10676
10676
10676
10677
10678
10678
10680
10681
10682
10683
10683
10684
10685
10688
10689
10689
10690
10691
10691
10691
10692
10696
10697
10697
10699
10700
10700
10700
10701
10702
10703
10704
10704
10705
10706
10707
10708
10708
10710
10711
10711
10711
10712
10712
10712
10712
10712
10713
10713
10716
10717
10717
10717
10718
10721
10721
10722
10723
10723
10725
10728
10728
10729
10729
10730
10730
10730
10730
10731
10733
10734
10735
10736
10737
10738
10740
10740
10740
10741
10743
10746
10747
10748
10748
10748
10750
10750
10753
10753
10754
10756
10759
10759
10760
10760
10762
10763
10763
10764
10765
10765
10765
10766
10766
10767
10771
10771
10771
10774
10776
10776
10777
10777
10777
10779
10781
10781
10782
10782
10782
10782
10783
10787
10789
10789
10789
10790
10790
10791
10791
10791
10792
10792
10799
10799
10800
10800
10805
10807
10810
10811
10812
10812
10814
10817
10818
10819
10819
10821
10821
10822
10822
10823
10824
10825
10826
10827
10827
10827
10827
10827
10828
10828
10831
10833
10833
10833
10834
10835
10838
10840
10841
10841
10842
10843
10843
10846
10846
10847
10848
10849
10850
10853
10853
10854
10854
10858
10860
10861
10861
10863
10863
10863
10865
10867
10868
10869
10870
10874
10874
10877
10877
10878
10880
10881
10881
10884
10885
10887
10888
10888
10889
10890
10890
10890
10890
10891
10891
10891
10892
10893
10893
10894
10894
10895
10896
10897
10897
10897
10900
10902
10904
10906
10908
10909
10911
10911
10912
10912
10912
10913
10916
10916
10916
10918
10920
10920
10921
10922
10923
10923
10925
10925
10927
10929
10930
10930
10931
10932
10933
10935
10937
10937
10938
10939
10940
10940
10942
10942
10943
10944
10944
10946
10949
10949
10949
10949
10950
10950
10952
10953
10953
10954
10955
10955
10957
10957
10958
10961
10963
10963
10964
10965
10966
10967
10969
10971
10974
10975
10976
10976
10976
10977
10981
10981
10984
10984
10985
10986
10988
10989
10990
10991
10992
10995
10995
10998
11000
11001
11002
11002
11005
11006
11007
11009
11011
11012
11012
11014
11014
11015
11015
11018
11022
11024
11025
11026
11027
11030
11030
11030
11034
11034
11037
11037
11038
11043
11044
11044
11045
11046
11047
11048
11048
11049
11052
11052
11052
11052
11052
11053
11054
11056
11056
11056
11058
11059
11061
11061
11062
11062
11062
11063
11065
11065
11066
11068
11068
11071
11072
11072
11073
11073
11073
11073
11075
11076
11077
11078
11078
11079
11079
11079
11080
11080
11081
11083
11084
11085
11085
11087
11089
11090
11090
11091
11091
11094
11094
11094
11096
11098
11098
11099
11100
11102
11105
11105
11106
11107
11108
11108
11110
11112
11115
11117
11118
11119
11120
11121
11122
11122
11123
11124
11126
11126
11126
11126
11127
11127
11127
11127
11128
11128
11128
11128
11128
11128
11129
11129
11129
11130
11130
11131
11131
11132
11132
11133
11133
11134
11135
11136
11136
11138
11138
11139
11140
11140
11141
11143
11143
11144
11144
11144
11144
11146
11147
11147
11148
11148
11151
11151
11152
11153
11153
11153
11153
11154
11155
11155
11155
11156
11157
11159
11161
11163
11164
11165
11165
11166
11166
11167
11168
11168
11170
11171
11174
11174
11178
11178
11181
11181
11181
11182
11182
11183
11183
11183
11185
11185
11185
11187
11188
11189
11190
11190
11190
11192
11192
11193
11193
11194
11194
11197
11197
11199
11199
11199
11201
11202
11204
11204
11204
11204
11204
11205
11205
11207
11207
11210
11211
11211
11211
11211
11213
11214
11215
11215
11219
11219
11219
11220
11220
11220
11221
11221
11222
11223
11223
11224
11224
11227
11229
11230
11230
11230
11230
11231
11231
11233
11233
11234
11234
11235
11238
11239
11239
11241
11244
11246
11247
11247
11248
11248
11249
11249
11254
11255
11255
11256
11257
11257
11258
11258
11258
11258
11259
11259
11260
11260
11261
11263
11264
11267
11267
11270
11271
11273
11275
11277
11278
11278
11279
11280
11280
11280
11280
11280
11282
11282
11283
11284
11285
11287
11287
11288
11290
11290
11290
11290
11292
11293
11293
11293
11294
11296
11296
11297
11297
11298
11298
11299
11300
11301
11302
11305
11306
11311
11311
11312
11312
11319
11319
11319
11320
11321
11325
11325
11325
11326
11326
11327
11328
11329
11330
11331
11331
11331
11336
11338
11338
11341
11343
11345
11345
11345
11347
11347
11350
11351
11352
11353
11354
11354
11356
11357
11357
11358
11360
11360
11360
11362
11362
11364
11366
11367
11369
11370
11371
11372
11373
11374
11374
11374
11375
11377
11377
11378
11379
11380
11380
11381
11381
11382
11384
11384
11384
11384
11385
11387
11387
11388
11389
11391
11391
11392
11392
11392
11392
11394
11395
11395
11395
11395
11397
11400
11400
11402
11404
11406
11406
11407
11408
11411
11414
11416
11416
11417
11419
11420
11421
11422
11423
11424
11426
11426
11428
11428
11428
11430
11430
11431
11431
11432
11433
11433
11434
11434
11435
11435
11436
11437
11438
11439
11440
11442
11443
11444
11445
11445
11445
11446
11447
11447
11447
11447
11448
11452
11453
11455
11455
11455
11456
11456
11457
11457
11461
11463
11464
11469
11471
11472
11473
11473
11474
11474
11475
11479
11479
11480
11480
11481
11481
11481
11482
11482
11482
11484
11487
11489
11489
11490
11490
11491
11491
11491
11492
11492
11494
11498
11498
11501
11501
11502
11503
11503
11503
11503
11504
11504
11505
11507
11510
11511
11512
11513
11513
11516
11518
11519
11520
11520
11521
11521
11521
11521
11523
11523
11524
11524
11525
11526
11526
11527
11527
11527
11528
11529
11529
11530
11531
11531
11532
11532
11533
11533
11534
11538
11539
11541
11542
11543
11543
11544
11545
11545
11545
11546
11546
11547
11547
11548
11548
11549
11549
11549
11552
11553
11554
11554
11555
11556
11558
11559
11559
11560
11560
11560
11561
11561
11562
11562
11564
11565
11565
11569
11570
11570
11570
11573
11573
11574
11575
11575
11577
11577
11577
11578
11579
11579
11579
11580
11580
11581
11582
11582
11583
11583
11583
11584
11584
11585
11585
11585
11588
11588
11588
11590
11590
11592
11593
11593
11593
11593
11594
11594
11595
11595
11595
11597
11597
11598
11599
11599
11599
11599
11602
11602
11604
11604
11605
11608
11609
11609
11612
11613
11614
11616
11616
11616
11616
11617
11618
11621
11621
11623
11623
11624
11624
11625
11626
11626
11627
11628
11629
11630
11631
11631
11632
11635
11636
11637
11638
11639
11640
11641
11643
11644
11644
11646
11647
11648
11650
11650
11651
11652
11653
11656
11657
11659
11660
11660
11661
11663
11665
11665
11667
11668
11670
11671
11672
11673
11673
11674
11676
11677
11677
11678
11678
11680
11680
11681
11681
11682
11682
11683
11683
11684
11685
11687
11687
11688
11689
11691
11691
11692
11692
11694
11694
11696
11698
11698
11699
11700
11704
11707
11707
11710
11713
11714
11714
11714
11715
11715
11716
11717
11718
11720
11723
11724
11724
11724
11725
11725
11726
11726
11728
11729
11729
11730
11730
11731
11731
11731
11731
11732
11733
11734
11734
11734
11734
11736
11736
11737
11738
11739
11739
11739
11740
11740
11745
11747
11750
11750
11750
11750
11751
11751
11752
11753
11755
11757
11758
11759
11759
11761
11763
11764
11765
11765
11768
11768
11769
11771
11771
11771
11771
11771
11774
11774
11774
11775
11775
11777
11778
11778
11779
11779
11779
11780
11781
11781
11782
11782
11785
11785
11786
11787
11787
11787
11788
11789
11791
11792
11793
11793
11795
11795
11797
11800
11800
11800
11801
11801
11802
11805
11805
11806
11810
11811
11811
11813
11813
11814
11815
11819
11819
11819
11825
11827
11830
11832
11832
11833
11834
11836
11838
11838
11843
11844
11845
11846
11846
11846
11849
11850
11851
11852
11853
11853
11853
11854
11855
11856
11856
11856
11856
11857
11859
11862
11863
11864
11864
11865
11866
11867
11868
11869
11869
11870
11872
11877
11879
11879
11880
11880
11882
11882
11883
11884
11885
11885
11886
11886
11887
11888
11889
11889
11890
11893
11894
11894
11895
11895
11895
11897
11897
11897
11897
11899
11899
11902
11903
11904
11904
11904
11904
11907
11907
11908
11908
11910
11910
11912
11913
11914
11915
11915
11915
11916
11916
11916
11916
11917
11918
11919
11923
11926
11926
11927
11929
11930
11930
11930
11930
11931
11931
11932
11933
11934
11935
11937
11937
11939
11940
11940
11941
11943
11943
11947
11948
11949
11949
11950
11951
11951
11955
11955
11955
11957
11958
11958
11959
11960
11961
11962
11962
11963
11965
11965
11966
11967
11967
11967
11971
11973
11976
11976
11976
11978
11978
11980
11981
11982
11984
11987
11987
11987
11987
11988
11990
11990
11991
11991
11991
11992
11996
11997
11998
11998
11998
12000
12000
12001
12001
12002
12003
12004
12004
12005
12007
12008
12008
12008
12009
12009
12010
12011
12012
12012
12014
12014
12016
12017
12018
12018
12019
12019
12021
12024
12027
12030
12031
12032
12034
12035
12037
12037
12038
12038
12038
12039
12039
12039
12040
12041
12042
12043
12044
12045
12045
12046
12046
12047
12048
12049
12050
12050
12050
12051
12051
12051
12051
12053
12054
12054
12055
12056
12056
12057
12058
12059
12060
12060
12060
12062
12062
12063
12064
12065
12067
12070
12071
12072
12072
12074
12075
12077
12078
12079
12079
12079
12081
12082
12082
12085
12086
12086
12088
12088
12089
12089
12092
12093
12094
12094
12095
12096
12096
12097
12099
12100
12101
12102
12102
12103
12104
12105
12105
12107
12109
12113
12114
12115
12115
12115
12115
12117
12119
12119
12120
12121
12121
12125
12125
12127
12127
12130
12131
12131
12132
12133
12133
12133
12134
12134
12135
12135
12135
12135
12137
12139
12139
12139
12140
12140
12141
12142
12143
12144
12144
12144
12145
12145
12146
12146
12147
12148
12149
12149
12149
12150
12153
12154
12154
12154
12155
12155
12156
12156
12158
12159
12160
12160
12160
12162
12162
12162
12162
12163
12166
12169
12170
12171
12171
12174
12177
12179
12180
12180
12180
12183
12184
12184
12189
12189
12189
12192
12193
12195
12196
12197
12197
12201
12202
12202
12203
12205
12207
12210
12213
12213
12214
12215
12217
12219
12219
12220
12221
12221
12224
12224
12225
12225
12226
12227
12228
12228
12229
12230
12234
12234
12235
12235
12237
12237
12239
12241
12242
12243
12243
12243
12245
12246
12246
12246
12249
12249
12249
12250
12250
12251
12251
12252
12253
12253
12254
12254
12255
12256
12257
12257
12261
12261
12262
12265
12265
12265
12266
12266
12268
12270
12271
12271
12271
12273
12273
12274
12274
12274
12275
12276
12276
12278
12279
12279
12280
12281
12281
12281
12281
12281
12281
12282
12284
12284
12284
12284
12285
12286
12286
12287
12288
12289
12291
12292
12292
12294
12296
12299
12299
12299
12299
12299
12300
12301
12302
12302
12304
12304
12305
12305
12306
12306
12307
12307
12307
12310
12310
12310
12311
12311
12312
12312
12312
12313
12317
12318
12319
12321
12321
12321
12322
12322
12322
12322
12323
12324
12326
12327
12328
12330
12330
12333
12335
12340
12340
12341
12342
12343
12344
12345
12346
12347
12349
12352
12355
12356
12357
12358
12358
12361
12361
12362
12362
12362
12363
12366
12366
12367
12368
12369
12371
12372
12374
12374
12374
12375
12376
12377
12378
12378
12378
12379
12380
12381
12382
12382
12384
12384
12384
12387
12390
12391
12391
12391
12391
12395
12395
12396
12397
12398
12399
12403
12405
12406
12408
12409
12409
12414
12414
12415
12415
12419
12419
12420
12421
12421
12423
12423
12423
12424
12424
12425
12427
12427
12428
12428
12431
12432
12433
12433
12434
12435
12435
12436
12438
12439
12440
12440
12440
12442
12444
12445
12447
12447
12448
12449
12451
12451
12454
12454
12459
12460
12461
12463
12464
12464
12464
12464
12465
12466
12466
12467
12468
12468
12469
12470
12471
12472
12472
12475
12475
12475
12476
12476
12477
12477
12478
12479
12482
12483
12484
12485
12487
12488
12488
12491
12491
12493
12497
12497
12497
12498
12502
12503
12504
12504
12504
12504
12505
12506
12506
12508
12509
12510
12511
12511
12511
12513
12514
12515
12515
12515
12515
12515
12515
12517
12517
12519
12519
12519
12520
12520
12521
12524
12526
12527
12528
12530
12530
12530
12532
12534
12535
12535
12535
12537
12538
12539
12539
12541
12545
12546
12547
12549
12551
12551
12552
12555
12556
12556
12561
12561
12563
12567
12567
12568
12568
12569
12570
12570
12571
12573
12574
12574
12575
12576
12576
12577
12580
12580
12580
12581
12583
12583
12583
12584
12584
12586
12586
12586
12587
12589
12590
12591
12591
12592
12592
12594
12594
12595
12595
12597
12597
12599
12599
12600
12600
12601
12603
12606
12606
12607
12607
12607
12608
12609
12609
12610
12611
12612
12613
12614
12614
12614
12616
12617
12619
12622
12623
12624
12625
12626
12628
12630
12631
12632
12634
12636
12637
12641
12641
12641
12643
12643
12643
12644
12644
12648
12648
12650
12650
12651
12651
12651
12652
12655
12658
12659
12659
12660
12660
12661
12661
12662
12664
12664
12665
12665
12667
12669
12669
12670
12670
12670
12671
12673
12673
12673
12675
12677
12678
12678
12678
12680
12680
12680
12681
12682
12682
12682
12684
12685
12685
12685
12687
12688
12689
12690
12690
12692
12692
12693
12693
12693
12693
12694
12695
12696
12698
12699
12702
12704
12705
12706
12706
12707
12708
12708
12709
12710
12710
12710
12712
12714
12715
12716
12717
12720
12721
12722
12722
12723
12723
12725
12725
12725
12727
12728
12730
12732
12733
12735
12737
12737
12738
12738
12739
12740
12741
12742
12746
12747
12747
12748
12748
12749
12749
12751
12751
12751
12752
12752
12753
12753
12753
12753
12754
12754
12756
12758
12759
12760
12761
12762
12765
12765
12765
12766
12766
12767
12767
12768
12769
12770
12770
12771
12771
12771
12772
12773
12773
12774
12774
12774
12775
12775
12778
12779
12780
12780
12781
12781
12781
12782
12783
12783
12784
12785
12786
12787
12787
12787
12788
12789
12790
12792
12792
12792
12792
12793
12794
12794
12794
12796
12796
12797
12798
12798
12799
12801
12802
12803
12804
12804
12805
12805
12805
12807
12807
12808
12811
12811
12812
12815
12816
12817
12817
12819
12820
12820
12820
12821
12822
12824
12824
12827
12829
12830
12831
12833
12834
12834
12837
12838
12838
12840
12840
12841
12841
12842
12843
12844
12845
12845
12848
12848
12849
12851
12853
12853
12854
12854
12855
12855
12855
12856
12856
12856
12857
12857
12857
12858
12861
12861
12863
12864
12864
12866
12866
12869
12869
12869
12870
12870
12872
12874
12876
12876
12877
12881
12881
12881
12882
12883
12884
12886
12887
12887
12889
12892
12894
12895
12896
12897
12901
12902
12904
12907
12908
12909
12910
12911
12913
12915
12915
12916
12916
12917
12920
12921
12922
12923
12923
12923
12924
12925
12925
12926
12926
12927
12928
12929
12929
12930
12931
12931
12934
12934
12935
12936
12938
12939
12941
12941
12941
12941
12942
12942
12944
12944
12946
12947
12948
12949
12950
12952
12953
12955
12956
12956
12956
12958
12960
12960
12960
12960
12960
12962
12963
12964
12965
12966
12966
12968
12970
12971
12971
12972
12972
12973
12974
12975
12976
12976
12977
12979
12979
12982
12985
12986
12987
12988
12989
12990
12990
12990
12991
12991
12991
12992
12995
12997
12998
13000
13001
13003
13004
13004
13005
13005
13007
13007
13008
13008
13011
13011
13013
13015
13015
13017
13018
13018
13019
13019
13020
13021
13023
13023
13023
13025
13026
13028
13030
13031
13031
13033
13033
13036
13036
13036
13036
13037
13038
13038
13039
13039
13040
13040
13040
13040
13041
13041
13043
13044
13045
13045
13046
13047
13048
13049
13051
13052
13052
13055
13056
13057
13059
13059
13060
13060
13061
13061
13062
13064
13065
13065
13065
13066
13066
13067
13067
13068
13070
13071
13071
13072
13073
13075
13077
13079
13079
13079
13079
13082
13083
13085
13085
13085
13086
13086
13086
13087
13088
13088
13090
13091
13093
13094
13095
13097
13099
13099
13100
13100
13101
13103
13104
13106
13106
13106
13110
13112
13113
13115
13117
13118
13118
13118
13120
13121
13121
13122
13123
13123
13124
13125
13126
13127
13128
13128
13129
13130
13131
13131
13132
13132
13140
13142
13143
13145
13145
13145
13146
13147
13151
13152
13152
13153
13153
13156
13157
13160
13162
13163
13165
13167
13168
13171
13172
13174
13174
13175
13176
13177
13178
13179
13179
13180
13181
13182
13182
13183
13184
13184
13185
13185
13187
13188
13189
13189
13189
13190
13191
13191
13193
13193
13194
13195
13195
13195
13195
13199
13200
13202
13204
13204
13205
13205
13205
13206
13206
13206
13206
13208
13209
13210
13210
13211
13212
13214
13215
13215
13217
13217
13218
13218
13218
13221
13223
13223
13223
13224
13224
13225
13226
13228
13231
13232
13232
13233
13234
13235
13235
13235
13237
13242
13242
13242
13245
13245
13246
13248
13248
13249
13250
13251
13251
13251
13252
13252
13253
13253
13253
13254
13255
13255
13255
13256
13257
13258
13259
13259
13259
13264
13265
13265
13266
13268
13269
13270
13270
13270
13271
13274
13274
13275
13275
13277
13277
13277
13278
13278
13281
13283
13285
13285
13286
13287
13288
13290
13291
13292
13293
13296
13296
13297
13300
13301
13304
13304
13305
13305
13305
13306
13306
13307
13308
13309
13310
13311
13313
13314
13316
13316
13316
13318
13318
13320
13320
13321
13322
13323
13324
13325
13326
13327
13329
13329
13329
13329
13333
13333
13333
13334
13334
13335
13335
13335
13336
13338
13338
13340
13340
13343
13345
13345
13346
13347
13348
13348
13348
13348
13349
13351
13351
13351
13352
13352
13353
13356
13360
13360
13362
13363
13364
13364
13364
13364
13366
13366
13366
13368
13369
13370
13371
13371
13373
13375
13376
13376
13377
13378
13381
13382
13382
13383
13384
13386
13386
13387
13387
13388
13390
13391
13391
13391
13391
13392
13393
13393
13395
13396
13397
13399
13399
13399
13399
13400
13401
13403
13405
13407
13407
13408
13409
13409
13410
13410
13410
13410
13412
13414
13416
13416
13418
13419
13421
13423
13425
13427
13427
13429
13432
13432
13432
13434
13435
13435
13435
13435
13436
13437
13437
13438
13438
13438
13438
13439
13440
13441
13442
13443
13443
13445
13445
13445
13446
13447
13448
13450
13451
13452
13452
13453
13453
13453
13453
13455
13456
13456
13457
13458
13458
13459
13459
13460
13461
13461
13462
13463
13463
13464
13466
13466
13466
13467
13467
13469
13470
13471
13473
13474
13476
13477
13479
13479
13480
13480
13481
13481
13481
13481
13483
13483
13483
13483
13484
13485
13485
13487
13487
13487
13487
13487
13489
13489
13489
13490
13490
13490
13491
13493
13494
13495
13496
13497
13499
13499
13500
13501
13501
13502
13505
13506
13508
13510
13510
13511
13512
13514
13514
13514
13517
13517
13517
13522
13524
13524
13524
13525
13527
13527
13528
13529
13530
13531
13531
13533
13535
13536
13537
13538
13540
13544
13546
13546
13548
13549
13550
13550
13550
13552
13555
13556
13557
13557
13558
13559
13561
13561
13562
13562
13562
13564
13568
13569
13569
13570
13571
13572
13573
13574
13575
13577
13580
13581
13584
13586
13586
13587
13589
13589
13590
13592
13592
13594
13596
13597
13597
13598
13598
13602
13604
13605
13605
13606
13610
13612
13612
13614
13614
13617
13618
13619
13620
13624
13628
13629
13629
13629
13631
13632
13632
13634
13634
13634
13635
13636
13636
13636
13639
13640
13640
13640
13641
13641
13642
13643
13644
13644
13644
13645
13647
13649
13649
13649
13650
13650
13650
13650
13650
13650
13652
13656
13656
13659
13659
13660
13661
13662
13664
13664
13665
13666
13668
13669
13671
13673
13674
13676
13677
13677
13678
13678
13678
13679
13682
13685
13686
13687
13688
13688
13688
13689
13689
13690
13692
13692
13694
13694
13697
13699
13700
13700
13702
13702
13702
13703
13703
13704
13704
13706
13708
13710
13710
13710
13711
13712
13715
13716
13716
13717
13717
13718
13718
13719
13719
13720
13721
13721
13721
13722
13722
13722
13724
13726
13729
13730
13731
13734
13734
13738
13738
13738
13739
13740
13743
13743
13748
13748
13748
13748
13751
13752
13752
13752
13753
13757
13757
13757
13757
13758
13759
13760
13760
13761
13761
13761
13762
13763
13764
13765
13767
13767
13773
13773
13773
13774
13776
13776
13776
13776
13779
13781
13782
13783
13783
13784
13786
13786
13787
13788
13789
13790
13790
13790
13791
13791
13792
13793
13794
13795
13797
13797
13798
13798
13799
13801
13803
13804
13805
13806
13807
13808
13809
13811
13812
13813
13813
13814
13815
13815
13816
13816
13819
13820
13821
13821
13821
13823
13823
13824
13825
13825
13825
13827
13827
13828
13828
13828
13829
13829
13831
13834
13835
13835
13835
13839
13839
13840
13842
13842
13845
13845
13846
13847
13847
13849
13849
13849
13852
13855
13855
13855
13856
13857
13857
13857
13859
13860
13860
13861
13861
13862
13862
13865
13865
13869
13873
13876
13876
13878
13879
13880
13880
13880
13880
13882
13883
13883
13884
13884
13887
13887
13891
13892
13893
13893
13894
13895
13897
13898
13898
13898
13898
13899
13900
13901
13902
13902
13903
13903
13903
13904
13904
13906
13907
13907
13907
13908
13908
13909
13909
13910
13910
13911
13914
13914
13917
13918
13918
13919
13920
13920
13921
13922
13922
13922
13923
13923
13923
13925
13926
13926
13927
13927
13928
13928
13928
13929
13930
13930
13930
13931
13932
13933
13933
13933
13934
13935
13937
13938
13940
13940
13941
13942
13944
13945
13946
13947
13949
13949
13949
13949
13950
13950
13951
13952
13952
13953
13953
13958
13958
13960
13960
13961
13961
13963
13964
13964
13967
13967
13967
13968
13969
13972
13972
13972
13975
13975
13976
13976
13978
13979
13980
13980
13980
13980
13982
13983
13986
13989
13989
13990
13991
13991
13992
13993
13993
13993
13993
13994
13994
13996
13997
13998
14001
14001
14003
14003
14004
14005
14006
14007
14007
14009
14009
14010
14013
14013
14013
14016
14016
14017
14017
14017
14018
14020
14020
14020
14024
14025
14027
14028
14029
14030
14031
14033
14033
14035
14036
14036
14036
14036
14036
14038
14039
14039
14039
14042
14042
14042
14042
14042
14043
14044
14045
14046
14052
14052
14052
14053
14055
14056
14056
14056
14057
14058
14061
14061
14064
14064
14064
14064
14065
14066
14066
14067
14067
14068
14069
14070
14070
14070
14074
14075
14075
14076
14077
14079
14079
14079
14080
14080
14081
14082
14082
14082
14087
14087
14089
14089
14091
14092
14094
14095
14096
14097
14097
14098
14100
14101
14102
14104
14107
14108
14109
14110
14110
14110
14111
14111
14112
14112
14112
14114
14114
14115
14115
14116
14117
14117
14118
14118
14118
14119
14119
14121
14122
14123
14126
14127
14128
14131
14131
14132
14133
14133
14134
14134
14134
14135
14136
14140
14143
14144
14148
14148
14148
14149
14149
14150
14150
14150
14152
14152
14153
14153
14153
14155
14155
14157
14158
14159
14161
14161
14162
14164
14164
14165
14165
14165
14167
14172
14173
14177
14177
14180
14180
14180
14184
14185
14186
14187
14187
14189
14189
14190
14191
14192
14194
14195
14196
14196
14198
14198
14199
14200
14200
14200
14200
14202
14203
14203
14203
14205
14207
14207
14208
14210
14211
14211
14212
14214
14214
14215
14216
14216
14216
14217
14219
14220
14221
14221
14221
14222
14222
14222
14223
14224
14224
14227
14228
14228
14231
14237
14238
14238
14238
14240
14242
14243
14243
14243
14243
14244
14244
14244
14245
14245
14245
14247
14248
14248
14249
14249
14252
14253
14254
14258
14258
14259
14259
14260
14260
14261
14262
14263
14264
14264
14266
14267
14271
14271
14272
14272
14272
14274
14275
14275
14275
14276
14277
14277
14279
14280
14280
14281
14282
14287
14288
14291
14293
14293
14294
14294
14294
14295
14298
14298
14301
14302
14303
14305
14307
14308
14312
14313
14316
14316
14316
14318
14318
14319
14320
14322
14324
14328
14328
14330
14332
14332
14335
14335
14336
14336
14337
14337
14337
14340
14342
14342
14344
14344
14344
14345
14345
14346
14346
14347
14347
14350
14350
14351
14351
14352
14352
14353
14354
14354
14354
14355
14357
14359
14359
14360
14364
14364
14365
14367
14367
14369
14369
14369
14371
14374
14375
14377
14379
14382
14383
14384
14385
14386
14387
14387
14388
14390
14390
14391
14392
14393
14393
14394
14396
14397
14398
14400
14400
14401
14402
14403
14404
14404
14405
14405
14405
14406
14408
14408
14409
14410
14411
14411
14412
14412
14412
14413
14413
14415
14416
14416
14416
14416
14417
14417
14417
14417
14417
14418
14418
14418
14419
14419
14420
14421
14422
14422
14423
14425
14427
14427
14429
14431
14433
14433
14434
14434
14435
14435
14435
14435
14438
14438
14440
14440
14440
14441
14441
14445
14445
14446
14448
14448
14449
14450
14452
14453
14455
14456
14460
14462
14463
14463
14463
14464
14467
14467
14467
14469
14470
14471
14471
14471
14472
14473
14474
14475
14476
14476
14481
14482
14483
14483
14483
14484
14484
14484
14485
14485
14491
14491
14491
14491
14492
14492
14494
14495
14498
14498
14499
14499
14501
14501
14501
14502
14504
14504
14505
14505
14506
14506
14506
14506
14507
14509
14509
14510
14515
14515
14515
14517
14517
14518
14518
14521
14522
14524
14524
14525
14525
14528
14531
14532
14534
14535
14537
14538
14538
14539
14540
14540
14540
14544
14544
14545
14545
14546
14546
14546
14549
14549
14553
14555
14556
14560
14560
14562
14562
14563
14563
14567
14569
14570
14570
14572
14574
14574
14574
14576
14577
14577
14577
14579
14580
14580
14581
14582
14582
14583
14583
14584
14584
14589
14590
14592
14592
14593
14596
14596
14598
14598
14599
14601
14602
14604
14605
14606
14606
14609
14611
14611
14612
14612
14612
14614
14615
14616
14616
14618
14618
14621
14621
14622
14622
14624
14624
14624
14624
14625
14627
14628
14630
14630
14631
14632
14633
14634
14635
14635
14636
14636
14637
14640
14640
14641
14642
14645
14645
14645
14646
14651
14652
14654
14655
14658
14658
14659
14660
14660
14663
14663
14664
14666
14666
14667
14668
14668
14670
14670
14671
14672
14674
14677
14678
14681
14682
14683
14686
14686
14687
14687
14687
14689
14690
14691
14695
14695
14695
14696
14697
14698
14699
14706
14707
14708
14708
14708
14710
14710
14713
14716
14716
14718
14720
14722
14725
14728
14728
14728
14729
14731
14732
14734
14734
14735
14736
14736
14737
14738
14739
14741
14741
14742
14742
14746
14747
14748
14750
14751
14751
14751
14751
14753
14754
14754
14756
14757
14759
14759
14759
14760
14761
14762
14763
14768
14769
14772
14773
14774
14774
14778
14779
14780
14780
14781
14782
14784
14785
14785
14786
14787
14787
14787
14788
14789
14789
14790
14790
14791
14795
14796
14796
14797
14800
14802
14803
14803
14804
14804
14806
14807
14807
14808
14810
14811
14812
14813
14814
14814
14816
14819
14819
14820
14820
14821
14823
14823
14826
14827
14827
14827
14828
14829
14829
14831
14832
14833
14834
14836
14837
14837
14839
14839
14840
14842
14842
14843
14843
14844
14845
14845
14849
14850
14850
14850
14850
14851
14851
14852
14853
14854
14854
14854
14855
14857
14857
14858
14858
14859
14859
14859
14860
14862
14863
14865
14865
14867
14867
14868
14868
14874
14875
14875
14877
14878
14879
14881
14881
14882
14883
14883
14883
14883
14886
14887
14890
14891
14892
14893
14895
14896
14896
14902
14902
14902
14903
14904
14905
14905
14908
14909
14910
14910
14911
14911
14912
14912
14912
14913
14913
14916
14917
14918
14920
14920
14920
14922
14922
14923
14923
14925
14925
14925
14926
14929
14930
14933
14934
14934
14935
14937
14938
14938
14940
14941
14944
14945
14946
14948
14949
14949
14950
14952
14952
14952
14952
14955
14956
14957
14957
14957
14958
14958
14958
14959
14962
14962
14962
14963
14964
14965
14966
14967
14967
14968
14969
14970
14970
14975
14975
14976
14977
14978
14979
14981
14983
14983
14984
14985
14986
14988
14988
14989
14991
14992
14993
14994
14997
14997
14998
14999
15001
15002
15002
15003
15004
15004
15005
15008
15008
15008
15008
15009
15009
15010
15011
15012
15012
15013
15014
15014
15014
15016
15016
15019
15019
15019
15020
15020
15021
15021
15021
15021
15022
15023
15023
15024
15024
15024
15026
15027
15027
15027
15028
15030
15031
15032
15032
15033
15033
15033
15033
15035
15036
15037
15038
15040
15040
15044
15044
15045
15046
15049
15049
15050
15050
15050
15050
15051
15053
15054
15055
15056
15057
15057
15060
15060
15061
15061
15061
15062
15064
15065
15066
15069
15070
15071
15072
15074
15074
15075
15076
15078
15081
15081
15082
15083
15083
15083
15083
15083
15083
15083
15085
15085
15087
15088
15089
15089
15090
15090
15090
15091
15092
15092
15092
15093
15093
15094
15098
15099
15099
15100
15101
15101
15103
15104
15105
15106
15107
15108
15108
15109
15111
15121
15121
15122
15123
15123
15123
15124
15125
15126
15126
15127
15129
15129
15129
15132
15133
15134
15135
15136
15136
15136
15136
15138
15139
15141
15142
15143
15144
15145
15147
15151
15152
15152
15153
15155
15156
15159
15159
15161
15161
15161
15163
15165
15165
15165
15166
15167
15167
15168
15170
15171
15171
15172
15172
15173
15175
15176
15177
15178
15180
15180
15180
15182
15183
15183
15183
15184
15184
15184
15186
15187
15188
15189
15190
15191
15193
15194
15196
15196
15197
15197
15198
15198
15198
15200
15200
15202
15203
15203
15204
15207
15207
15208
15209
15210
15211
15213
15213
15213
15214
15215
15215
15215
15215
15216
15216
15219
15219
15221
15222
15222
15223
15223
15226
15227
15229
15229
15230
15231
15232
15234
15235
15235
15235
15236
15236
15236
15236
15238
15239
15239
15239
15240
15243
15243
15244
15245
15246
15247
15247
15248
15248
15248
15252
15253
15254
15254
15254
15257
15257
15258
15258
15258
15259
15261
15264
15266
15267
15269
15269
15269
15270
15270
15271
15271
15272
15273
15274
15276
15277
15277
15277
15277
15278
15280
15280
15282
15282
15283
15285
15285
15286
15287
15288
15288
15289
15289
15289
15289
15290
15291
15297
15297
15298
15299
15300
15301
15301
15301
15302
15303
15304
15304
15304
15305
15307
15307
15308
15308
15309
15309
15309
15312
15313
15314
15315
15315
15316
15316
15317
15322
15323
15323
15325
15325
15326
15329
15330
15330
15331
15332
15333
15333
15336
15336
15338
15339
15339
15340
15341
15343
15344
15345
15347
15348
15349
15350
15352
15353
15354
15354
15355
15356
15358
15359
15360
15361
15361
15364
15365
15367
15369
15370
15372
15373
15373
15374
15375
15375
15376
15376
15377
15378
15378
15379
15380
15381
15384
15384
15385
15385
15386
15388
15388
15388
15388
15391
15391
15394
15398
15399
15399
15399
15401
15402
15403
15403
15403
15405
15406
15406
15409
15410
15410
15411
15417
15417
15417
15417
15418
15419
15422
15423
15426
15426
15431
15432
15433
15434
15437
15437
15439
15440
15440
15441
15442
15445
15448
15450
15451
15453
15455
15455
15463
15463
15464
15465
15465
15467
15469
15469
15470
15470
15471
15471
15474
15475
15475
15475
15476
15476
15476
15478
15480
15480
15480
15481
15482
15483
15485
15486
15487
15489
15491
15492
15492
15495
15496
15501
15501
15505
15505
15506
15508
15508
15508
15508
15509
15509
15509
15510
15510
15511
15511
15512
15512
15512
15514
15515
15516
15516
15519
15520
15520
15524
15524
15526
15526
15527
15527
15529
15530
15531
15533
15534
15535
15536
15538
15539
15539
15541
15542
15543
15544
15544
15544
15546
15546
15546
15549
15550
15551
15552
15552
15556
15557
15558
15558
15559
15560
15561
15561
15562
15562
15562
15563
15563
15564
15565
15565
15565
15566
15567
15567
15568
15570
15571
15572
15573
15573
15574
15574
15575
15577
15578
15580
15580
15581
15581
15583
15584
15586
15588
15590
15592
15592
15594
15595
15596
15597
15597
15597
15598
15599
15601
15601
15602
15602
15605
15606
15607
15607
15608
15608
15610
15610
15611
15611
15612
15612
15612
15613
15614
15616
15617
15617
15618
15620
15622
15624
15624
15626
15627
15630
15630
15631
15632
15632
15633
15633
15633
15634
15635
15636
15638
15639
15640
15642
15642
15643
15643
15644
15644
15644
15645
15646
15648
15648
15649
15649
15650
15650
15652
15652
15653
15655
15655
15655
15656
15656
15658
15659
15660
15662
15664
15664
15665
15666
15666
15666
15667
15669
15670
15672
15672
15672
15675
15675
15676
15676
15678
15679
15679
15680
15681
15682
15682
15685
15685
15686
15687
15688
15688
15688
15691
15691
15691
15691
15692
15695
15695
15697
15699
15703
15704
15705
15706
15707
15707
15708
15708
15709
15710
15710
15711
15713
15714
15714
15717
15719
15719
15721
15722
15722
15723
15723
15724
15724
15725
15727
15728
15730
15731
15731
15732
15735
15741
15742
15742
15743
15743
15743
15744
15746
15748
15749
15750
15750
15750
15750
15750
15752
15754
15760
15760
15761
15762
15763
15763
15764
15764
15766
15766
15767
15767
15767
15767
15769
15770
15772
15772
15772
15773
15774
15775
15775
15777
15779
15779
15779
15781
15781
15781
15782
15784
15784
15785
15785
15785
15790
15792
15792
15793
15794
15794
15795
15797
15798
15799
15800
15800
15801
15801
15803
15803
15808
15808
15813
15815
15816
15819
15821
15821
15821
15822
15823
15823
15823
15823
15824
15824
15826
15827
15828
15828
15828
15831
15831
15831
15831
15832
15834
15834
15837
15837
15837
15837
15837
15838
15838
15838
15838
15839
15842
15842
15843
15845
15847
15848
15849
15850
15852
15853
15853
15853
15855
15855
15857
15857
15860
15861
15863
15863
15863
15864
15865
15865
15866
15866
15867
15868
15869
15870
15870
15870
15872
15873
15873
15874
15875
15877
15877
15878
15881
15882
15883
15883
15883
15884
15887
15887
15887
15887
15887
15887
15889
15891
15892
15893
15893
15896
15896
15896
15898
15898
15899
15902
15904
15905
15909
15909
15909
15911
15911
15912
15912
15915
15915
15921
15921
15921
15922
15923
15925
15927
15928
15930
15931
15931
15931
15931
15932
15933
15933
15934
15934
15936
15936
15937
15938
15938
15939
15941
15941
15943
15943
15943
15944
15945
15945
15946
15946
15947
15948
15949
15951
15951
15952
15953
15953
15955
15956
15958
15959
15961
15961
15962
15963
15963
15964
15965
15966
15966
15969
15970
15971
15971
15972
15975
15975
15976
15978
15978
15979
15980
15980
15981
15983
15984
15985
15985
15986
15987
15987
15987
15989
15991
15992
15993
15993
15994
15995
15995
15996
15996
15997
15997
15998
15998
15999
16000
16001
16001
16002
16002
16002
16002
16003
16004
16008
16009
16010
16011
16014
16014
16015
16015
16016
16016
16017
16017
16018
16020
16020
16021
16022
16022
16025
16027
16027
16029
16029
16030
16030
16030
16031
16032
16033
16034
16036
16036
16037
16038
16039
16040
16041
16041
16041
16041
16042
16044
16044
16046
16052
16054
16054
16056
16056
16057
16058
16059
16060
16061
16062
16062
16064
16064
16065
16067
16068
16071
16071
16073
16073
16077
16077
16077
16078
16078
16079
16080
16081
16081
16082
16082
16083
16085
16086
16087
16087
16090
16092
16094
16095
16095
16098
16098
16101
16104
16105
16108
16109
16109
16110
16111
16112
16112
16113
16113
16114
16115
16117
16118
16118
16119
16119
16121
16122
16123
16123
16123
16125
16125
16125
16125
16128
16129
16131
16132
16133
16134
16136
16138
16138
16139
16140
16140
16141
16142
16144
16145
16147
16150
16150
16151
16151
16152
16152
16153
16153
16156
16157
16158
16158
16159
16160
16160
16162
16165
16169
16170
16171
16172
16173
16173
16173
16173
16174
16175
16176
16180
16182
16183
16183
16184
16185
16186
16187
16188
16188
16188
16189
16190
16191
16191
16191
16192
16193
16196
16197
16199
16200
16202
16202
16203
16204
16206
16206
16208
16209
16210
16213
16215
16218
16219
16221
16222
16223
16223
16224
16224
16226
16228
16229
16229
16230
16231
16232
16234
16234
16234
16235
16235
16236
16236
16238
16240
16240
16240
16241
16243
16244
16245
16246
16247
16247
16248
16248
16248
16249
16250
16255
16255
16258
16259
16260
16261
16262
16264
16265
16265
16266
16266
16272
16272
16273
16273
16274
16274
16274
16276
16278
16278
16278
16281
16281
16281
16281
16281
16282
16284
16285
16285
16285
16291
16291
16292
16293
16298
16299
16300
16301
16301
16302
16302
16303
16303
16304
16305
16305
16305
16306
16306
16307
16307
16308
16308
16310
16311
16311
16314
16315
16315
16315
16316
16318
16318
16318
16319
16319
16320
16322
16322
16326
16327
16328
16328
16328
16329
16330
16330
16331
16333
16334
16334
16336
16337
16338
16338
16338
16338
16339
16341
16342
16343
16343
16344
16345
16346
16346
16347
16350
16351
16351
16352
16358
16358
16358
16359
16359
16360
16360
16360
16361
16361
16362
16367
16367
16368
16368
16368
16369
16369
16369
16370
16371
16372
16372
16373
16375
16376
16376
16378
16378
16378
16380
16382
16382
16382
16384
16385
16386
16388
16389
16390
16391
16391
16394
16394
16394
16395
16396
16396
16397
16397
16398
16399
16399
16399
16399
16401
16402
16402
16404
16404
16408
16409
16409
16411
16412
16413
16415
16416
16417
16417
16419
16421
16422
16424
16424
16425
16425
16426
16427
16427
16428
16431
16431
16432
16432
16433
16434
16435
16435
16437
16437
16438
16440
16440
16441
16441
16444
16444
16445
16445
16445
16446
16446
16446
16447
16450
16451
16452
16454
16456
16458
16460
16461
16462
16462
16463
16464
16465
16466
16466
16466
16468
16468
16468
16470
16470
16471
16472
16473
16473
16474
16479
16481
16482
16482
16483
16487
16488
16489
16491
16492
16494
16496
16496
16498
16499
16500
16504
16505
16505
16506
16506
16508
16508
16508
16509
16509
16510
16511
16514
16515
16518
16519
16519
16519
16521
16522
16522
16523
16523
16523
16524
16524
16525
16526
16527
16529
16530
16532
16532
16532
16532
16533
16533
16533
16535
16538
16540
16540
16541
16541
16541
16542
16546
16547
16549
16549
16550
16550
16550
16550
16551
16551
16551
16553
16553
16557
16558
16558
16559
16560
16563
16564
16564
16567
16568
16569
16572
16572
16573
16574
16575
16575
16575
16576
16576
16577
16577
16579
16580
16581
16583
16583
16584
16585
16585
16585
16586
16586
16590
16591
16593
16593
16594
16596
16596
16597
16597
16597
16598
16602
16604
16604
16605
16606
16609
16611
16611
16612
16617
16617
16618
16619
16620
16620
16621
16621
16621
16622
16622
16623
16623
16625
16626
16627
16628
16631
16632
16635
16637
16638
16639
16641
16642
16643
16644
16646
16646
16649
16650
16650
16652
16653
16653
16654
16654
16655
16656
16658
16658
16658
16659
16659
16663
16664
16664
16664
16666
16668
16669
16669
16670
16670
16670
16671
16671
16671
16673
16673
16676
16678
16678
16679
16680
16680
16680
16681
16681
16684
16687
16687
16689
16689
16692
16693
16695
16696
16699
16701
16703
16703
16703
16704
16707
16708
16709
16710
16712
16717
16717
16719
16719
16720
16720
16721
16722
16726
16726
16729
16730
16731
16731
16731
16732
16733
16733
16733
16735
16735
16737
16737
16738
16738
16739
16739
16740
16741
16741
16742
16742
16743
16743
16744
16745
16746
16747
16747
16749
16749
16749
16752
16752
16755
16755
16755
16755
16756
16758
16759
16761
16762
16763
16763
16763
16764
16764
16765
16765
16765
16767
16767
16770
16770
16771
16772
16774
16776
16776
16779
16779
16782
16784
16785
16785
16786
16786
16787
16788
16789
16791
16791
16791
16791
16794
16794
16795
16796
16796
16797
16799
16801
16801
16802
16802
16803
16804
16805
16806
16808
16809
16809
16810
16815
16816
16816
16817
16818
16818
16820
16820
16821
16822
16823
16823
16823
16825
16825
16826
16827
16831
16831
16833
16833
16834
16835
16835
16838
16838
16839
16841
16842
16845
16849
16849
16850
16850
16852
16854
16856
16857
16858
16859
16859
16859
16860
16861
16861
16863
16864
16865
16866
16867
16868
16869
16869
16869
16869
16871
16872
16873
16873
16873
16873
16874
16874
16875
16875
16878
16878
16882
16885
16885
16886
16886
16886
16886
16887
16888
16888
16889
16889
16889
16890
16892
16893
16894
16894
16894
16895
16895
16898
16899
16899
16900
16900
16902
16903
16903
16904
16906
16906
16906
16906
16911
16912
16912
16912
16913
16915
16916
16918
16918
16918
16918
16919
16919
16920
16920
16920
16921
16922
16922
16922
16923
16925
16926
16926
16929
16929
16930
16930
16930
16931
16933
16933
16934
16935
16935
16937
16937
16939
16939
16940
16940
16941
16941
16942
16943
16947
16947
16951
16951
16954
16954
16955
16955
16957
16958
16959
16960
16961
16962
16962
16964
16965
16967
16970
16972
16973
16973
16975
16975
16978
16979
16979
16979
16980
16980
16980
16981
16983
16984
16985
16985
16986
16988
16992
16994
16995
16996
16996
16996
16997
16997
17001
17002
17002
17003
17003
17003
17004
17006
17010
17014
17014
17015
17016
17017
17017
17017
17018
17019
17020
17020
17021
17021
17023
17025
17027
17028
17028
17029
17029
17030
17031
17032
17032
17034
17034
17036
17037
17038
17040
17040
17043
17043
17044
17044
17045
17045
17046
17046
17046
17048
17049
17050
17051
17052
17053
17054
17054
17056
17056
17057
17057
17060
17061
17061
17061
17063
17063
17065
17065
17067
17067
17068
17068
17068
17069
17071
17071
17071
17072
17075
17083
17083
17083
17083
17084
17085
17087
17091
17091
17093
17093
17094
17094
17095
17096
17096
17098
17098
17099
17101
17103
17105
17106
17109
17109
17109
17110
17111
17111
17111
17111
17111
17111
17112
17113
17114
17115
17119
17119
17121
17122
17122
17122
17123
17124
17125
17126
17127
17127
17129
17129
17132
17133
17133
17135
17136
17137
17138
17139
17140
17141
17143
17143
17144
17144
17145
17145
17145
17147
17151
17151
17152
17153
17153
17153
17155
17155
17157
17158
17159
17161
17161
17162
17165
17168
17169
17169
17171
17171
17174
17175
17175
17178
17180
17180
17181
17181
17181
17181
17182
17183
17184
17185
17185
17187
17187
17187
17188
17188
17191
17192
17193
17193
17195
17196
17199
17202
17202
17202
17203
17203
17204
17207
17208
17209
17210
17212
17215
17218
17218
17218
17218
17219
17220
17221
17221
17221
17221
17224
17224
17225
17226
17226
17231
17231
17231
17231
17233
17233
17234
17235
17235
17236
17238
17238
17241
17243
17245
17247
17248
17248
17248
17250
17250
17251
17253
17254
17255
17258
17260
17262
17262
17262
17264
17265
17267
17268
17269
17270
17270
17270
17273
17273
17275
17276
17276
17278
17279
17280
17283
17283
17284
17284
17284
17284
17285
17286
17287
17289
17290
17292
17293
17293
17294
17294
17294
17296
17296
17298
17299
17299
17300
17300
17300
17300
17300
17301
17301
17302
17303
17304
17305
17309
17311
17311
17313
17314
17314
17318
17318
17319
17319
17319
17320
17320
17320
17320
17320
17321
17322
17324
17324
17326
17329
17330
17330
17333
17334
17336
17337
17337
17337
17337
17337
17338
17339
17340
17340
17341
17343
17344
17346
17347
17351
17351
17352
17353
17353
17355
17356
17356
17357
17357
17357
17358
17358
17359
17361
17362
17362
17364
17365
17368
17368
17369
17369
17371
17371
17372
17375
17375
17378
17379
17379
17382
17382
17384
17385
17388
17388
17390
17391
17393
17394
17394
17395
17397
17397
17397
17398
17399
17400
17402
17403
17404
17405
17406
17407
17407
17408
17408
17410
17410
17410
17411
17412
17412
17412
17412
17412
17413
17414
17414
17416
17417
17417
17418
17418
17419
17419
17422
17422
17423
17424
17426
17426
17429
17430
17430
17431
17432
17432
17433
17434
17438
17439
17440
17440
17442
17445
17446
17446
17447
17447
17447
17448
17448
17451
17451
17451
17451
17453
17455
17457
17457
17457
17458
17459
17460
17460
17462
17464
17466
17467
17467
17467
17468
17468
17469
17470
17471
17471
17472
17482
17482
17484
17484
17485
17487
17487
17490
17491
17491
17492
17493
17495
17497
17497
17498
17499
17499
17501
17501
17503
17505
17506
17507
17507
17508
17508
17509
17511
17511
17512
17512
17515
17515
17516
17516
17516
17519
17519
17520
17520
17523
17527
17527
17529
17531
17533
17534
17536
17537
17539
17539
17540
17541
17541
17542
17543
17543
17543
17545
17545
17546
17549
17551
17551
17552
17552
17552
17552
17552
17552
17553
17553
17559
17560
17560
17561
17562
17564
17564
17564
17565
17565
17566
17566
17568
17570
17573
17573
17577
17578
17578
17578
17581
17584
17584
17584
17586
17586
17587
17587
17588
17589
17589
17589
17590
17590
17592
17593
17594
17594
17595
17596
17596
17596
17596
17598
17598
17599
17600
17601
17601
17601
17602
17602
17604
17604
17605
17610
17612
17612
17613
17616
17616
17619
17620
17620
17621
17621
17625
17626
17629
17633
17633
17634
17634
17635
17636
17636
17638
17640
17643
17644
17645
17647
17647
17648
17649
17651
17651
17651
17651
17651
17652
17653
17654
17654
17658
17660
17661
17663
17663
17664
17664
17666
17667
17667
17668
17669
17669
17670
17671
17672
17674
17674
17675
17676
17677
17677
17678
17681
17682
17683
17685
17686
17687
17688
17689
17689
17690
17691
17693
17694
17697
17698
17699
17699
17703
17703
17705
17707
17709
17710
17711
17712
17713
17714
17714
17715
17715
17716
17717
17717
17718
17718
17718
17720
17721
17721
17722
17723
17723
17725
17726
17729
17729
17729
17729
17729
17731
17732
17735
17738
17738
17739
17744
17747
17748
17748
17750
17751
17751
17751
17752
17753
17753
17753
17753
17754
17755
17756
17757
17757
17758
17759
17760
17765
17766
17766
17766
17767
17768
17769
17770
17771
17771
17771
17772
17774
17774
17774
17775
17775
17775
17776
17783
17785
17788
17788
17789
17789
17790
17790
17792
17792
17792
17793
17794
17794
17795
17795
17796
17796
17796
17798
17799
17801
17802
17803
17804
17804
17805
17805
17806
17806
17806
17806
17808
17808
17810
17810
17812
17812
17813
17814
17816
17817
17817
17819
17819
17819
17819
17821
17822
17824
17827
17827
17827
17833
17834
17834
17835
17835
17836
17837
17838
17839
17840
17840
17840
17841
17841
17841
17842
17843
17844
17845
17846
17848
17849
17849
17849
17851
17851
17853
17853
17854
17857
17858
17858
17858
17858
17859
17859
17860
17860
17861
17861
17862
17863
17863
17864
17864
17865
17866
17869
17870
17871
17874
17876
17878
17881
17885
17886
17886
17886
17887
17887
17888
17889
17891
17892
17892
17895
17895
17896
17896
17896
17897
17898
17899
17901
17901
17902
17902
17903
17904
17904
17905
17905
17906
17908
17908
17910
17911
17911
17911
17912
17912
17914
17915
17915
17916
17917
17917
17918
17918
17919
17920
17920
17921
17922
17923
17925
17925
17927
17929
17929
17930
17933
17934
17934
17935
17936
17938
17938
17939
17943
17944
17944
17949
17949
17949
17949
17951
17951
17954
17954
17954
17956
17956
17957
17958
17958
17958
17960
17960
17960
17961
17961
17961
17961
17963
17963
17963
17966
17967
17968
17971
17972
17972
17973
17975
17976
17976
17978
17979
17979
17979
17979
17980
17981
17981
17983
17984
17985
17988
17991
17993
17995
17995
17995
17995
17996
17996
17996
17997
17999
17999
17999
18000
18002
18004
18004
18006
18006
18007
18007
18007
18007
18007
18008
18008
18008
18008
18009
18012
18012
18013
18014
18014
18014
18015
18016
18018
18018
18019
18019
18020
18021
18023
18024
18024
18025
18025
18026
18026
18027
18028
18030
18031
18032
18035
18036
18036
18039
18039
18039
18041
18043
18044
18044
18044
18045
18047
18049
18050
18050
18050
18050
18051
18051
18051
18053
18054
18056
18056
18057
18057
18058
18058
18059
18060
18060
18063
18063
18066
18066
18067
18069
18070
18071
18071
18072
18077
18078
18079
18081
18081
18082
18084
18085
18088
18088
18089
18090
18090
18090
18092
18093
18094
18096
18097
18098
18100
18102
18104
18104
18104
18106
18108
18109
18109
18109
18110
18110
18110
18113
18113
18113
18115
18116
18117
18118
18118
18118
18118
18119
18119
18120
18120
18121
18126
18128
18130
18130
18133
18134
18135
18135
18138
18140
18141
18142
18145
18146
18146
18148
18148
18150
18150
18153
18154
18156
18158
18159
18160
18160
18161
18164
18164
18167
18169
18170
18170
18171
18173
18173
18175
18176
18176
18177
18179
18179
18180
18180
18183
18183
18183
18184
18185
18188
18189
18190
18192
18192
18195
18196
18196
18196
18196
18197
18197
18197
18198
18199
18199
18199
18199
18200
18201
18201
18201
18205
18205
18206
18207
18207
18208
18208
18210
18211
18211
18212
18212
18212
18213
18214
18214
18214
18216
18217
18217
18217
18218
18218
18220
18221
18222
18224
18225
18225
18226
18229
18230
18230
18231
18231
18233
18235
18236
18241
18242
18243
18245
18247
18249
18250
18250
18251
18252
18254
18254
18255
18255
18255
18256
18257
18257
18258
18260
18260
18260
18261
18262
18267
18271
18272
18272
18273
18273
18273
18273
18274
18276
18276
18277
18280
18281
18282
18285
18286
18287
18288
18289
18290
18291
18291
18291
18292
18293
18293
18293
18294
18294
18295
18296
18297
18298
18299
18299
18299
18300
18302
18305
18305
18307
18307
18308
18309
18309
18309
18310
18311
18311
18314
18316
18318
18319
18320
18320
18321
18324
18325
18325
18326
18326
18328
18328
18330
18334
18336
18336
18338
18338
18340
18340
18342
18343
18343
18343
18344
18345
18345
18346
18348
18349
18351
18352
18352
18353
18354
18355
18356
18358
18359
18359
18360
18361
18363
18363
18363
18364
18364
18364
18364
18364
18367
18367
18368
18370
18370
18370
18372
18373
18373
18373
18374
18375
18376
18377
18378
18378
18380
18380
18381
18382
18382
18387
18390
18391
18392
18393
18393
18394
18394
18395
18395
18397
18399
18400
18400
18400
18401
18401
18401
18402
18402
18403
18403
18405
18406
18409
18409
18411
18411
18412
18414
18415
18416
18416
18417
18417
18418
18421
18422
18423
18423
18424
18426
18426
18427
18428
18430
18431
18431
18432
18432
18435
18437
18438
18439
18440
18446
18447
18448
18450
18450
18454
18454
18455
18456
18456
18456
18456
18457
18458
18458
18459
18462
18463
18464
18465
18465
18467
18467
18468
18468
18470
18470
18470
18471
18475
18475
18475
18477
18478
18480
18481
18481
18481
18481
18481
18482
18482
18483
18483
18485
18485
18487
18488
18488
18489
18490
18491
18492
18493
18494
18495
18495
18498
18498
18498
18501
18502
18502
18503
18504
18505
18505
18508
18508
18509
18510
18510
18517
18518
18521
18522
18523
18525
18525
18525
18525
18527
18529
18530
18531
18531
18531
18532
18532
18532
18533
18533
18534
18534
18534
18536
18536
18537
18539
18539
18539
18541
18541
18542
18544
18546
18546
18546
18546
18549
18550
18551
18552
18553
18553
18553
18555
18558
18559
18561
18562
18563
18564
18566
18566
18567
18567
18568
18568
18568
18570
18571
18573
18574
18575
18576
18577
18577
18579
18580
18580
18581
18581
18581
18583
18584
18584
18585
18586
18587
18587
18587
18587
18587
18588
18588
18588
18589
18590
18591
18591
18592
18592
18594
18594
18595
18595
18596
18597
18599
18600
18602
18602
18603
18604
18604
18604
18605
18605
18608
18608
18609
18610
18611
18611
18611
18614
18615
18615
18615
18615
18617
18617
18618
18620
18621
18621
18622
18622
18623
18624
18624
18626
18626
18626
18628
18629
18630
18631
18632
18633
18634
18634
18636
18642
18642
18642
18643
18644
18644
18644
18645
18646
18649
18650
18652
18653
18654
18654
18654
18654
18654
18655
18656
18656
18657
18657
18657
18658
18658
18659
18660
18661
18663
18664
18664
18665
18666
18668
18669
18669
18669
18670
18671
18671
18672
18672
18674
18674
18675
18676
18677
18677
18678
18680
18680
18680
18681
18683
18684
18687
18687
18690
18690
18690
18694
18697
18698
18698
18699
18700
18700
18701
18703
18704
18704
18704
18705
18706
18709
18710
18710
18710
18711
18712
18715
18716
18716
18717
18717
18719
18720
18720
18720
18721
18723
18724
18726
18732
18732
18732
18733
18733
18733
18733
18734
18734
18736
18738
18739
18739
18739
18740
18741
18742
18742
18743
18743
18744
18744
18745
18748
18748
18751
18751
18751
18755
18755
18756
18756
18757
18758
18758
18758
18758
18759
18759
18763
18763
18765
18765
18765
18766
18768
18768
18768
18769
18770
18771
18775
18776
18776
18777
18778
18778
18778
18778
18781
18782
18783
18784
18784
18786
18786
18786
18788
18788
18790
18791
18792
18792
18793
18794
18795
18799
18800
18800
18801
18802
18802
18803
18803
18804
18806
18806
18807
18812
18816
18818
18819
18819
18819
18821
18821
18822
18822
18823
18824
18827
18828
18828
18828
18832
18832
18832
18832
18833
18834
18835
18835
18837
18838
18838
18838
18840
18841
18843
18845
18846
18846
18848
18851
18853
18854
18854
18857
18857
18858
18858
18858
18859
18859
18861
18861
18862
18863
18864
18864
18865
18866
18868
18868
18870
18872
18874
18874
18875
18875
18876
18877
18878
18878
18882
18884
18884
18885
18886
18888
18889
18890
18890
18890
18891
18892
18894
18895
18896
18897
18897
18898
18899
18899
18900
18904
18911
18912
18914
18914
18915
18916
18917
18918
18918
18922
18922
18923
18923
18927
18928
18928
18929
18930
18930
18931
18932
18933
18934
18934
18936
18937
18939
18944
18944
18944
18946
18946
18951
18951
18952
18952
18952
18953
18954
18955
18956
18958
18960
18960
18960
18960
18960
18961
18961
18962
18962
18963
18964
18964
18969
18970
18970
18970
18971
18971
18972
18973
18974
18974
18975
18976
18976
18976
18977
18978
18979
18980
18982
18982
18984
18984
18984
18985
18986
18988
18991
18992
18993
18996
18996
18996
18996
18997
18997
18997
19000
19000
19004
19004
19006
19006
19007
19008
19009
19009
19010
19011
19011
19014
19015
19015
19016
19018
19019
19022
19023
19024
19024
19025
19026
19027
19028
19030
19030
19031
19031
19032
19033
19033
19035
19036
19039
19039
19040
19041
19044
19045
19045
19046
19046
19048
19049
19051
19052
19053
19053
19054
19054
19055
19055
19058
19058
19059
19059
19060
19060
19060
19063
19066
19067
19067
19067
19068
19068
19069
19069
19069
19069
19070
19071
19074
19075
19075
19076
19076
19076
19078
19079
19080
19080
19081
19081
19085
19086
19087
19087
19087
19088
19088
19089
19089
19090
19092
19092
19095
19095
19095
19096
19096
19098
19098
19099
19099
19099
19099
19100
19101
19102
19106
19108
19110
19111
19112
19112
19113
19113
19113
19115
19116
19118
19118
19119
19119
19123
19126
19126
19126
19127
19127
19128
19129
19130
19130
19132
19132
19132
19132
19133
19134
19136
19137
19137
19138
19141
19142
19142
19143
19144
19145
19145
19146
19147
19147
19147
19147
19149
19151
19151
19152
19152
19153
19155
19156
19157
19159
19159
19160
19160
19161
19162
19163
19166
19166
19166
19166
19171
19172
19173
19173
19175
19176
19177
19178
19179
19179
19180
19181
19181
19183
19183
19184
19185
19186
19187
19187
19188
19189
19189
19189
19191
19192
19192
19193
19196
19196
19197
19199
19201
19202
19202
19203
19204
19205
19209
19210
19212
19212
19212
19213
19214
19214
19215
19217
19218
19218
19218
19218
19218
19219
19219
19220
19221
19222
19222
19222
19222
19222
19222
19223
19224
19226
19227
19227
19228
19229
19231
19232
19233
19234
19234
19238
19240
19243
19243
19244
19244
19246
19246
19247
19247
19249
19249
19250
19251
19252
19252
19253
19253
19254
19254
19254
19255
19256
19258
19258
19259
19260
19260
19262
19263
19263
19263
19265
19266
19266
19266
19266
19267
19270
19271
19271
19272
19273
19274
19275
19275
19278
19278
19279
19279
19280
19281
19284
19286
19287
19287
19287
19287
19288
19289
19290
19291
19291
19291
19293
19293
19294
19295
19296
19296
19297
19298
19298
19299
19300
19302
19303
19305
19308
19312
19314
19315
19316
19316
19317
19320
19322
19323
19323
19323
19324
19325
19328
19328
19331
19331
19335
19335
19335
19336
19340
19340
19340
19342
19344
19344
19345
19345
19345
19346
19347
19348
19348
19348
19349
19351
19355
19355
19356
19358
19359
19359
19360
19360
19362
19362
19364
19364
19365
19365
19365
19370
19370
19370
19371
19372
19373
19374
19377
19378
19379
19379
19380
19382
19382
19386
19389
19389
19390
19390
19390
19392
19392
19392
19394
19395
19396
19396
19399
19402
19408
19408
19408
19410
19411
19411
19413
19413
19414
19414
19415
19416
19417
19420
19420
19421
19421
19424
19424
19425
19426
19428
19428
19428
19429
19430
19431
19433
19434
19435
19435
19435
19437
19439
19439
19441
19441
19442
19443
19444
19447
19448
19448
19452
19452
19454
19455
19455
19455
19455
19457
19457
19458
19459
19461
19462
19463
19465
19468
19469
19469
19471
19471
19473
19475
19476
19476
19476
19476
19478
19478
19478
19479
19481
19482
19483
19486
19486
19486
19489
19489
19492
19492
19493
19493
19494
19495
19495
19495
19497
19498
19500
19500
19502
19503
19503
19503
19505
19506
19508
19508
19510
19510
19511
19512
19512
19513
19514
19514
19515
19516
19523
19523
19523
19523
19524
19525
19528
19528
19529
19529
19529
19530
19531
19531
19533
19534
19535
19536
19537
19538
19539
19539
19540
19541
19541
19543
19544
19544
19553
19554
19555
19561
19561
19562
19562
19564
19564
19565
19567
19569
19570
19570
19571
19573
19573
19578
19578
19579
19579
19579
19580
19580
19581
19583
19583
19584
19585
19586
19587
19587
19588
19590
19591
19592
19593
19596
19598
19601
19601
19601
19602
19602
19603
19603
19603
19606
19606
19607
19608
19609
19610
19610
19612
19612
19613
19615
19615
19616
19617
19617
19617
19617
19620
19620
19620
19622
19624
19625
19626
19626
19626
19628
19629
19631
19632
19633
19635
19636
19637
19638
19641
19641
19641
19642
19642
19643
19645
19645
19646
19646
19647
19647
19648
19648
19648
19654
19655
19655
19656
19656
19657
19657
19658
19658
19658
19660
19660
19660
19661
19662
19663
19663
19664
19665
19666
19669
19669
19671
19672
19674
19674
19675
19677
19677
19677
19678
19678
19678
19681
19681
19684
19687
19687
19689
19689
19690
19690
19691
19691
19691
19691
19693
19697
19698
19698
19699
19699
19702
19704
19705
19705
19709
19710
19713
19714
19714
19715
19715
19715
19717
19717
19718
19718
19719
19719
19720
19720
19721
19724
19724
19725
19725
19725
19727
19727
19727
19728
19729
19729
19729
19730
19731
19731
19732
19732
19735
19735
19735
19735
19736
19736
19737
19739
19739
19740
19741
19741
19742
19742
19745
19747
19748
19750
19752
19752
19754
19754
19755
19756
19756
19757
19757
19759
19759
19760
19760
19760
19762
19762
19763
19763
19764
19765
19767
19767
19769
19769
19769
19771
19772
19773
19775
19776
19777
19780
19780
19782
19782
19786
19787
19792
19793
19794
19794
19796
19799
19800
19802
19802
19803
19805
19805
19805
19806
19807
19808
19809
19810
19812
19813
19813
19813
19815
19817
19819
19820
19821
19821
19823
19823
19824
19825
19826
19826
19832
19833
19833
19835
19835
19836
19836
19837
19838
19839
19839
19839
19840
19843
19843
19844
19844
19845
19846
19846
19849
19850
19850
19852
19853
19854
19854
19855
19858
19858
19858
19859
19860
19860
19861
19864
19865
19866
19869
19869
19870
19870
19873
19877
19877
19877
19877
19878
19878
19879
19879
19879
19880
19880
19881
19881
19882
19884
19885
19885
19886
19888
19888
19889
19889
19890
19891
19893
19893
19894
19897
19898
19898
19899
19901
19901
19901
19903
19904
19905
19906
19908
19908
19909
19910
19911
19912
19912
19912
19915
19915
19917
19918
19919
19919
19920
19921
19922
19923
19924
19924
19925
19925
19926
19931
19931
19931
19931
19932
19934
19936
19937
19937
19937
19939
19939
19939
19943
19943
19946
19946
19946
19947
19948
19949
19950
19952
19953
19954
19954
19955
19956
19957
19958
19958
19958
19958
19959
19960
19960
19961
19962
19965
19970
19971
19971
19972
19972
19972
19973
19974
19975
19975
19976
19977
19977
19979
19979
19979
19981
19981
19983
19985
19986
19988
19989
19990
19992
19993
19993
19995
19996
19998
19999
20000
20002
20003
20003
20005
20008
20009
20009
20010
20011
20011
20011
20013
20014
20014
20015
20016
20016
20017
20018
20018
20018
20018
20023
20023
20023
20023
20024
20025
20025
20026
20030
20032
20033
20033
20033
20035
20035
20036
20036
20036
20036
20036
20037
20037
20039
20039
20042
20042
20043
20043
20044
20045
20045
20046
20046
20048
20049
20051
20051
20051
20052
20052
20054
20056
20057
20058
20059
20059
20060
20061
20063
20063
20063
20063
20066
20067
20068
20069
20071
20074
20076
20077
20078
20082
20083
20085
20085
20088
20090
20091
20093
20095
20096
20098
20100
20101
20103
20103
20104
20105
20106
20107
20109
20110
20110
20111
20114
20114
20115
20115
20115
20116
20116
20117
20118
20120
20120
20122
20122
20122
20123
20124
20124
20128
20128
20129
20129
20130
20130
20130
20131
20132
20132
20134
20134
20135
20136
20137
20137
20139
20139
20141
20144
20145
20146
20146
20147
20148
20150
20150
20150
20151
20153
20155
20156
20158
20158
20158
20160
20160
20160
20162
20162
20162
20166
20166
20167
20169
20170
20171
20172
20173
20177
20177
20177
20178
20178
20180
20180
20181
20182
20183
20184
20184
20185
20185
20185
20186
20186
20187
20189
20190
20191
20192
20194
20195
20195
20197
20199
20200
20200
20201
20203
20203
20203
20203
20204
20206
20207
20207
20208
20209
20209
20211
20212
20212
20213
20215
20216
20216
20216
20216
20218
20218
20218
20219
20219
20220
20220
20220
20222
20223
20223
20224
20226
20226
20227
20228
20229
20229
20229
20229
20231
20231
20232
20232
20232
20233
20233
20233
20234
20234
20236
20237
20237
20240
20242
20244
20245
20247
20248
20248
20248
20249
20250
20250
20252
20254
20254
20254
20254
20254
20255
20255
20255
20255
20255
20257
20258
20260
20261
20263
20263
20264
20264
20268
20268
20270
20273
20273
20275
20276
20276
20277
20279
20280
20282
20283
20284
20287
20287
20288
20288
20288
20288
20288
20289
20290
20293
20294
20294
20294
20294
20295
20296
20297
20297
20299
20301
20301
20301
20302
20304
20304
20305
20305
20307
20308
20308
20309
20312
20313
20314
20316
20318
20321
20321
20322
20322
20324
20325
20326
20327
20327
20327
20328
20330
20330
20332
20333
20333
20334
20335
20336
20336
20336
20338
20339
20340
20341
20342
20344
20344
20344
20345
20345
20347
20348
20348
20349
20351
20351
20356
20357
20357
20359
20360
20360
20361
20361
20362
20363
20364
20364
20365
20366
20366
20368
20369
20369
20371
20372
20373
20374
20375
20375
20378
20379
20380
20380
20381
20381
20383
20383
20383
20385
20386
20387
20388
20389
20389
20390
20390
20391
20391
20391
20391
20392
20392
20393
20393
20395
20402
20403
20404
20404
20405
20408
20408
20410
20411
20411
20412
20412
20413
20413
20414
20414
20415
20418
20418
20421
20422
20424
20426
20426
20426
20427
20433
20434
20434
20434
20435
20435
20436
20437
20437
20437
20438
20438
20440
20440
20441
20443
20443
20445
20445
20447
20449
20449
20449
20451
20452
20452
20454
20454
20457
20458
20459
20461
20461
20464
20464
20468
20468
20468
20468
20470
20471
20471
20472
20474
20475
20475
20475
20477
20479
20479
20481
20483
20483
20484
20484
20484
20485
20487
20487
20489
20491
20492
20492
20493
20494
20496
20497
20498
20498
20498
20499
20499
20500
20500
20502
20504
20504
20504
20505
20506
20506
20507
20509
20509
20509
20510
20510
20511
20512
20512
20512
20516
20516
20518
20520
20521
20521
20522
20523
20526
20526
20528
20528
20528
20529
20531
20531
20532
20532
20532
20533
20533
20533
20534
20535
20535
20535
20537
20537
20537
20540
20541
20542
20544
20544
20545
20546
20546
20547
20548
20550
20551
20552
20553
20554
20555
20555
20555
20556
20556
20557
20557
20558
20558
20559
20559
20560
20560
20560
20561
20561
20563
20563
20564
20565
20567
20568
20570
20570
20572
20573
20573
20575
20575
20575
20577
20578
20579
20579
20586
20586
20586
20587
20588
20589
20591
20591
20591
20592
20592
20593
20596
20597
20598
20599
20601
20604
20605
20605
20606
20606
20608
20609
20610
20610
20612
20612
20615
20616
20616
20617
20618
20618
20620
20622
20622
20628
20629
20631
20632
20633
20633
20634
20635
20636
20636
20636
20637
20637
20637
20637
20638
20638
20639
20640
20641
20642
20642
20642
20642
20642
20645
20646
20646
20647
20648
20650
20650
20650
20652
20653
20654
20655
20655
20658
20658
20661
20661
20662
20662
20662
20664
20664
20664
20665
20665
20666
20667
20667
20668
20670
20672
20673
20675
20675
20677
20677
20681
20681
20683
20688
20688
20692
20693
20693
20694
20695
20699
20699
20700
20700
20701
20701
20701
20702
20704
20705
20705
20706
20707
20707
20710
20710
20711
20712
20712
20713
20716
20716
20718
20718
20718
20720
20721
20721
20722
20723
20723
20724
20724
20725
20727
20728
20728
20729
20729
20729
20730
20734
20734
20734
20736
20738
20738
20740
20743
20744
20744
20746
20747
20748
20748
20751
20752
20753
20754
20755
20756
20757
20757
20757
20760
20760
20761
20765
20765
20768
20768
20768
20769
20770
20770
20770
20771
20772
20773
20777
20777
20778
20780
20781
20781
20781
20782
20784
20786
20786
20786
20787
20789
20790
20793
20793
20793
20795
20795
20796
20797
20797
20798
20799
20800
20800
20802
20804
20805
20805
20805
20806
20807
20807
20809
20810
20810
20810
20810
20811
20812
20813
20814
20815
20816
20816
20817
20817
20818
20818
20818
20819
20819
20822
20823
20824
20825
20826
20826
20827
20827
20828
20828
20830
20830
20831
20834
20835
20836
20837
20839
20840
20841
20841
20841
20843
20844
20844
20845
20846
20847
20847
20847
20849
20849
20850
20850
20852
20852
20852
20853
20853
20854
20854
20854
20857
20857
20857
20858
20858
20858
20859
20859
20861
20863
20863
20864
20864
20865
20866
20868
20869
20869
20869
20873
20875
20875
20875
20877
20877
20880
20882
20882
20882
20882
20884
20885
20886
20887
20889
20890
20892
20893
20894
20895
20896
20898
20899
20899
20899
20899
20899
20900
20902
20904
20905
20905
20905
20906
20907
20908
20909
20909
20910
20911
20911
20912
20913
20914
20915
20915
20915
20916
20916
20917
20917
20919
20919
20919
20922
20922
20923
20923
20924
20926
20928
20928
20931
20931
20932
20934
20935
20935
20936
20937
20937
20937
20937
20940
20941
20942
20943
20945
20945
20947
20949
20951
20951
20953
20955
20955
20955
20956
20959
20962
20966
20967
20967
20968
20968
20970
20971
20973
20975
20975
20976
20976
20977
20977
20978
20982
20984
20984
20985
20986
20986
20987
20988
20988
20988
20988
20989
20989
20990
20990
20991
20992
20993
20993
20993
20996
20996
20997
20998
20999
20999
20999
21000
21000
21000
21000
21001
21002
21003
21003
21003
21006
21006
21008
21009
21011
21012
21012
21013
21013
21014
21014
21015
21015
21016
21016
21020
21020
21021
21022
21022
21024
21025
21029
21029
21031
21031
21033
21034
21035
21036
21036
21039
21040
21041
21041
21042
21042
21044
21045
21046
21048
21048
21049
21049
21050
21050
21050
21051
21051
21052
21053
21055
21058
21059
21059
21061
21061
21064
21064
21064
21064
21065
21065
21066
21066
21067
21070
21070
21070
21071
21071
21071
21073
21074
21075
21076
21078
21081
21084
21085
21085
21086
21086
21087
21088
21089
21089
21090
21092
21094
21094
21097
21098
21098
21099
21099
21099
21099
21101
21101
21103
21103
21104
21105
21105
21106
21108
21108
21109
21109
21109
21109
21113
21114
21114
21114
21118
21119
21122
21122
21122
21122
21123
21124
21126
21129
21129
21134
21134
21135
21136
21136
21138
21138
21139
21139
21140
21140
21142
21143
21143
21146
21146
21149
21150
21151
21152
21153
21153
21156
21158
21158
21158
21164
21165
21166
21169
21169
21170
21172
21173
21174
21175
21176
21176
21178
21179
21179
21179
21181
21182
21182
21184
21184
21185
21185
21187
21187
21189
21190
21190
21192
21193
21195
21195
21196
21197
21197
21199
21200
21200
21200
21202
21202
21204
21205
21206
21209
21210
21211
21211
21212
21214
21214
21215
21218
21219
21221
21221
21222
21223
21223
21224
21228
21229
21230
21231
21232
21232
21232
21234
21234
21234
21235
21235
21236
21236
21236
21237
21239
21241
21241
21241
21241
21243
21244
21245
21247
21248
21248
21250
21251
21253
21256
21256
21257
21257
21258
21261
21262
21262
21263
21265
21265
21267
21268
21270
21270
21272
21274
21276
21276
21277
21278
21279
21280
21281
21287
21287
21288
21290
21291
21291
21292
21293
21294
21294
21295
21296
21296
21297
21298
21298
21299
21299
21299
21301
21302
21302
21303
21303
21303
21306
21307
21307
21308
21309
21310
21312
21312
21312
21312
21313
21314
21316
21318
21320
21320
21321
21321
21322
21322
21324
21325
21326
21328
21329
21329
21331
21333
21337
21337
21340
21341
21341
21342
21345
21345
21346
21346
21346
21346
21350
21351
21351
21352
21353
21354
21354
21359
21359
21359
21361
21364
21365
21366
21367
21367
21368
21369
21372
21372
21374
21374
21375
21376
21377
21378
21379
21381
21381
21382
21382
21384
21384
21385
21386
21388
21389
21389
21392
21394
21396
21396
21397
21397
21398
21402
21402
21403
21404
21404
21404
21407
21408
21409
21410
21410
21412
21413
21413
21413
21417
21418
21418
21419
21419
21420
21420
21422
21423
21427
21428
21430
21432
21436
21436
21437
21437
21439
21440
21440
21441
21441
21445
21451
21454
21454
21456
21458
21461
21462
21462
21463
21463
21465
21465
21469
21470
21477
21478
21478
21480
21480
21480
21481
21481
21481
21481
21482
21484
21484
21485
21485
21486
21487
21488
21489
21489
21491
21492
21492
21492
21493
21494
21494
21495
21496
21497
21498
21498
21498
21498
21500
21500
21502
21503
21503
21505
21506
21506
21507
21508
21508
21510
21513
21514
21514
21514
21515
21515
21516
21516
21516
21516
21517
21517
21518
21519
21520
21521
21522
21523
21526
21527
21531
21536
21536
21536
21537
21541
21542
21542
21543
21543
21543
21543
21544
21545
21547
21547
21549
21549
21550
21550
21550
21550
21555
21556
21556
21559
21559
21562
21563
21563
21565
21569
21569
21570
21570
21570
21570
21571
21572
21573
21574
21574
21575
21575
21576
21576
21577
21577
21577
21577
21578
21581
21581
21582
21584
21586
21587
21588
21588
21590
21592
21592
21592
21594
21594
21596
21596
21596
21598
21599
21600
21603
21603
21603
21604
21605
21605
21605
21605
21606
21606
21606
21608
21608
21609
21610
21611
21611
21612
21612
21613
21613
21615
21616
21616
21616
21617
21619
21621
21621
21623
21625
21625
21626
21626
21629
21629
21630
21630
21631
21634
21636
21637
21637
21637
21637
21638
21638
21640
21640
21642
21642
21642
21643
21643
21644
21644
21645
21645
21648
21649
21650
21651
21657
21657
21658
21659
21663
21667
21668
21668
21668
21669
21669
21670
21670
21671
21672
21673
21673
21675
21675
21677
21678
21679
21680
21680
21681
21681
21682
21683
21683
21683
21683
21685
21685
21689
21689
21694
21695
21696
21696
21697
21697
21699
21700
21701
21701
21703
21704
21705
21707
21707
21707
21707
21708
21709
21709
21711
21711
21712
21713
21713
21713
21716
21718
21724
21726
21727
21730
21733
21735
21735
21736
21737
21737
21737
21738
21741
21742
21743
21746
21747
21748
21748
21756
21757
21757
21758
21759
21759
21761
21761
21761
21762
21762
21767
21768
21770
21771
21771
21771
21771
21772
21773
21774
21775
21777
21778
21778
21779
21781
21782
21782
21782
21784
21784
21784
21786
21788
21788
21788
21788
21790
21791
21791
21791
21792
21792
21793
21793
21793
21794
21795
21796
21798
21800
21800
21802
21804
21805
21806
21806
21807
21809
21809
21809
21811
21812
21812
21813
21814
21815
21816
21817
21818
21819
21822
21822
21826
21826
21826
21829
21830
21831
21831
21833
21833
21834
21834
21836
21839
21840
21840
21840
21841
21841
21841
21843
21843
21844
21844
21846
21846
21848
21849
21852
21852
21854
21854
21854
21854
21854
21854
21856
21856
21857
21857
21857
21857
21860
21864
21865
21866
21866
21866
21867
21867
21867
21868
21869
21870
21870
21873
21877
21877
21880
21880
21882
21882
21883
21883
21883
21886
21889
21889
21889
21890
21893
21895
21895
21896
21897
21897
21898
21899
21901
21901
21901
21903
21904
21906
21907
21909
21911
21911
21911
21912
21912
21913
21914
21915
21917
21918
21919
21921
21921
21921
21922
21922
21922
21923
21923
21923
21924
21926
21929
21929
21930
21931
21933
21933
21933
21934
21935
21936
21936
21937
21939
21939
21940
21943
21943
21944
21945
21945
21946
21947
21947
21947
21947
21950
21954
21955
21957
21959
21961
21962
21963
21964
21964
21964
21965
21966
21966
21966
21967
21967
21968
21969
21969
21971
21971
21972
21973
21973
21973
21974
21975
21976
21977
21977
21978
21980
21981
21981
21982
21984
21984
21987
21988
21988
21988
21988
21989
21990
21991
21991
21994
21994
21995
21995
21999
21999
22003
22004
22006
22007
22008
22013
22013
22014
22016
22017
22017
22018
22018
22020
22021
22022
22023
22023
22025
22026
22026
22027
22028
22029
22030
22032
22033
22033
22035
22035
22037
22040
22040
22043
22043
22043
22043
22044
22044
22045
22046
22046
22046
22047
22047
22048
22048
22049
22049
22049
22053
22054
22055
22056
22057
22059
22059
22059
22062
22065
22067
22067
22067
22070
22071
22072
22075
22076
22076
22077
22077
22077
22077
22078
22079
22080
22083
22083
22083
22084
22085
22085
22085
22088
22092
22093
22093
22094
22094
22094
22094
22094
22095
22095
22095
22096
22096
22097
22098
22098
22101
22102
22102
22103
22103
22104
22106
22106
22109
22110
22112
22113
22113
22115
22116
22117
22120
22120
22121
22122
22123
22123
22124
22125
22127
22127
22128
22129
22129
22131
22134
22136
22136
22137
22139
22139
22140
22141
22142
22145
22148
22149
22150
22150
22151
22151
22151
22153
22154
22156
22156
22156
22159
22160
22160
22160
22161
22163
22163
22163
22164
22166
22166
22167
22167
22168
22169
22169
22170
22170
22171
22171
22172
22173
22176
22177
22177
22179
22180
22180
22180
22182
22182
22182
22182
22184
22184
22184
22187
22190
22191
22192
22192
22194
22195
22196
22197
22198
22199
22199
22200
22202
22202
22205
22207
22208
22208
22209
22210
22211
22212
22214
22215
22216
22216
22217
22219
22219
22220
22221
22223
22223
22223
22224
22230
22232
22233
22234
22234
22235
22235
22236
22236
22236
22237
22237
22237
22240
22244
22244
22247
22248
22248
22249
22251
22251
22252
22252
22254
22255
22255
22257
22259
22260
22263
22266
22267
22268
22268
22270
22270
22270
22270
22276
22277
22278
22278
22279
22280
22280
22281
22282
22282
22282
22283
22283
22285
22287
22288
22289
22290
22293
22293
22296
22298
22299
22299
22299
22301
22301
22302
22302
22303
22303
22304
22305
22305
22305
22306
22306
22307
22308
22308
22309
22309
22309
22310
22311
22311
22311
22313
22314
22315
22315
22315
22316
22317
22317
22318
22318
22318
22320
22320
22320
22324
22326
22327
22330
22331
22331
22332
22335
22337
22338
22340
22342
22342
22343
22343
22345
22345
22346
22346
22347
22347
22348
22350
22351
22351
22353
22355
22356
22357
22358
22358
22359
22360
22361
22361
22362
22363
22364
22364
22365
22365
22365
22367
22368
22369
22370
22370
22370
22371
22371
22371
22372
22372
22373
22374
22375
22377
22379
22379
22379
22379
22380
22382
22382
22383
22383
22388
22390
22392
22393
22395
22398
22398
22399
22399
22401
22401
22402
22404
22404
22405
22406
22407
22408
22408
22409
22409
22409
22410
22410
22410
22411
22411
22413
22413
22414
22415
22416
22417
22419
22419
22422
22423
22423
22424
22424
22429
22431
22432
22433
22433
22435
22435
22435
22437
22439
22442
22443
22444
22444
22446
22446
22448
22448
22448
22450
22451
22454
22454
22455
22456
22457
22457
22460
22461
22462
22462
22464
22464
22465
22465
22466
22466
22467
22467
22467
22471
22471
22472
22472
22474
22475
22475
22477
22477
22479
22480
22481
22482
22484
22484
22486
22488
22489
22490
22491
22491
22492
22496
22497
22497
22498
22498
22498
22499
22500
22501
22504
22504
22506
22507
22507
22507
22509
22511
22511
22514
22515
22516
22516
22517
22517
22518
22518
22521
22522
22522
22522
22523
22523
22523
22523
22524
22526
22528
22529
22532
22533
22535
22536
22537
22537
22538
22539
22539
22539
22540
22541
22542
22544
22544
22545
22545
22546
22547
22551
22552
22553
22553
22554
22556
22559
22559
22560
22560
22560
22561
22564
22564
22566
22567
22568
22568
22568
22570
22571
22572
22573
22576
22576
22578
22578
22578
22580
22580
22580
22582
22582
22583
22584
22584
22585
22586
22587
22587
22588
22589
22589
22589
22595
22596
22600
22600
22601
22603
22603
22604
22605
22607
22607
22607
22608
22609
22611
22611
22612
22613
22614
22615
22615
22616
22616
22616
22617
22619
22620
22622
22622
22623
22624
22624
22625
22627
22627
22628
22629
22630
22630
22631
22632
22632
22634
22635
22636
22639
22639
22641
22641
22641
22642
22643
22644
22644
22645
22646
22648
22648
22648
22649
22650
22650
22653
22653
22655
22657
22657
22660
22660
22660
22663
22666
22668
22668
22669
22670
22670
22670
22670
22673
22674
22674
22675
22676
22677
22678
22678
22678
22679
22679
22680
22681
22682
22683
22684
22684
22685
22685
22685
22686
22686
22690
22692
22693
22694
22699
22699
22700
22700
22701
22706
22707
22709
22709
22712
22715
22716
22720
22720
22722
22724
22724
22726
22726
22729
22729
22730
22730
22730
22732
22742
22744
22744
22746
22746
22747
22748
22749
22749
22749
22750
22751
22752
22753
22756
22756
22757
22759
22759
22759
22760
22762
22762
22762
22765
22767
22767
22768
22769
22769
22770
22770
22770
22770
22772
22772
22772
22772
22774
22774
22775
22776
22776
22778
22779
22779
22780
22780
22781
22782
22782
22783
22783
22783
22785
22786
22788
22788
22789
22790
22790
22791
22794
22795
22795
22796
22797
22799
22799
22799
22800
22801
22802
22803
22804
22804
22805
22806
22809
22810
22810
22812
22812
22812
22813
22813
22816
22817
22817
22820
22820
22824
22825
22825
22825
22825
22826
22827
22828
22828
22828
22829
22830
22830
22831
22831
22833
22836
22838
22838
22840
22840
22840
22847
22847
22849
22849
22850
22850
22851
22852
22852
22852
22853
22854
22854
22855
22855
22856
22856
22862
22862
22862
22864
22864
22864
22867
22867
22867
22869
22870
22871
22871
22872
22873
22873
22874
22875
22875
22878
22879
22880
22880
22881
22882
22882
22882
22883
22883
22887
22887
22888
22889
22890
22890
22891
22891
22892
22892
22893
22895
22896
22897
22899
22899
22899
22899
22901
22903
22905
22908
22909
22909
22910
22911
22911
22911
22913
22916
22916
22921
22925
22926
22927
22928
22928
22929
22931
22932
22933
22933
22933
22935
22935
22936
22937
22938
22940
22944
22944
22947
22949
22950
22952
22954
22954
22954
22954
22954
22955
22956
22956
22957
22958
22960
22961
22961
22961
22965
22965
22966
22967
22971
22973
22973
22974
22974
22975
22976
22978
22980
22980
22981
22983
22983
22983
22984
22986
22986
22986
22986
22988
22991
22992
22992
22993
22993
22993
22994
22996
22997
22997
22999
22999
23001
23001
23002
23002
23004
23005
23006
23007
23008
23011
23012
23013
23014
23015
23016
23017
23017
23017
23019
23020
23021
23022
23023
23024
23026
23027
23028
23028
23029
23030
23031
23032
23032
23034
23035
23036
23037
23037
23038
23039
23042
23042
23042
23043
23045
23048
23048
23050
23051
23054
23054
23054
23055
23056
23056
23059
23059
23059
23061
23061
23061
23063
23063
23064
23064
23065
23068
23071
23072
23072
23073
23074
23075
23075
23076
23078
23079
23082
23082
23084
23084
23085
23085
23085
23086
23088
23089
23089
23092
23092
23095
23097
23103
23103
23104
23104
23104
23104
23105
23105
23105
23107
23110
23110
23112
23112
23113
23114
23114
23115
23118
23118
23119
23122
23123
23123
23125
23125
23126
23126
23127
23128
23128
23128
23129
23131
23133
23133
23133
23134
23135
23135
23135
23136
23136
23137
23138
23138
23139
23140
23140
23141
23141
23142
23142
23143
23144
23145
23146
23147
23149
23150
23151
23152
23153
23153
23155
23157
23158
23158
23158
23159
23160
23161
23161
23162
23163
23163
23164
23165
23166
23167
23167
23168
23170
23170
23171
23173
23174
23176
23176
23178
23179
23180
23185
23188
23190
23190
23191
23195
23199
23200
23200
23200
23203
23203
23203
23203
23203
23209
23209
23210
23211
23212
23213
23215
23215
23215
23216
23217
23217
23217
23218
23219
23219
23220
23221
23221
23222
23222
23224
23224
23225
23226
23226
23227
23229
23229
23231
23231
23233
23233
23233
23234
23234
23235
23236
23238
23240
23242
23243
23246
23247
23247
23248
23248
23249
23250
23256
23256
23258
23259
23259
23262
23262
23263
23264
23264
23264
23268
23268
23268
23268
23268
23269
23269
23270
23271
23271
23272
23273
23273
23274
23275
23275
23276
23277
23277
23279
23281
23281
23281
23282
23282
23282
23283
23284
23285
23286
23287
23288
23289
23289
23289
23291
23291
23291
23293
23293
23295
23295
23301
23302
23305
23307
23307
23307
23307
23307
23307
23308
23308
23309
23309
23309
23310
23311
23311
23312
23312
23313
23315
23317
23317
23317
23317
23317
23318
23318
23320
23321
23322
23324
23324
23325
23326
23331
23331
23333
23334
23336
23336
23337
23340
23341
23341
23341
23342
23343
23345
23345
23348
23349
23350
23351
23351
23351
23353
23356
23357
23358
23358
23358
23359
23361
23362
23363
23363
23364
23364
23365
23366
23367
23367
23371
23372
23372
23374
23374
23374
23375
23378
23379
23380
23380
23381
23381
23382
23382
23382
23382
23382
23385
23387
23389
23393
23394
23395
23395
23397
23397
23397
23399
23400
23401
23401
23402
23402
23403
23404
23404
23405
23405
23406
23407
23408
23409
23409
23413
23413
23415
23415
23416
23417
23419
23420
23422
23422
23423
23423
23426
23427
23429
23430
23432
23434
23435
23436
23439
23442
23442
23442
23444
23446
23447
23449
23449
23450
23452
23455
23456
23460
23461
23461
23462
23462
23464
23465
23471
23474
23475
23475
23476
23476
23477
23478
23478
23479
23479
23480
23480
23481
23482
23482
23482
23482
23483
23483
23483
23484
23484
23485
23488
23488
23489
23490
23492
23492
23493
23493
23494
23500
23501
23503
23506
23506
23508
23508
23511
23511
23513
23513
23514
23514
23516
23519
23519
23521
23522
23524
23525
23525
23525
23527
23528
23528
23528
23528
23529
23529
23529
23530
23530
23530
23531
23532
23534
23536
23537
23538
23539
23539
23540
23541
23541
23541
23541
23541
23542
23543
23543
23543
23545
23545
23547
23547
23548
23548
23548
23549
23549
23554
23555
23555
23556
23558
23558
23560
23560
23560
23560
23562
23566
23567
23569
23570
23573
23573
23574
23576
23576
23577
23578
23579
23579
23580
23581
23581
23582
23583
23584
23584
23585
23585
23587
23587
23587
23589
23589
23590
23593
23593
23594
23595
23598
23599
23599
23600
23601
23602
23605
23605
23606
23607
23608
23611
23612
23613
23614
23615
23615
23615
23616
23618
23618
23620
23620
23621
23622
23622
23622
23625
23627
23628
23630
23630
23630
23633
23634
23634
23635
23638
23638
23638
23638
23639
23639
23639
23640
23640
23640
23641
23641
23642
23644
23645
23647
23648
23648
23649
23650
23650
23651
23653
23654
23659
23659
23660
23662
23663
23663
23665
23666
23667
23668
23669
23670
23672
23675
23675
23675
23675
23676
23676
23680
23680
23680
23681
23681
23681
23682
23682
23683
23683
23685
23690
23690
23691
23693
23694
23698
23698
23698
23701
23702
23702
23704
23707
23707
23710
23711
23712
23712
23713
23715
23716
23717
23717
23719
23719
23721
23722
23723
23728
23728
23730
23732
23732
23733
23733
23734
23734
23734
23736
23737
23739
23739
23740
23741
23743
23743
23744
23744
23744
23745
23745
23746
23751
23753
23755
23755
23755
23755
23756
23758
23760
23760
23761
23763
23763
23764
23765
23765
23765
23766
23766
23766
23766
23766
23766
23768
23769
23770
23772
23773
23774
23775
23775
23776
23777
23778
23779
23780
23781
23781
23784
23785
23785
23786
23786
23787
23787
23788
23789
23790
23792
23792
23793
23795
23797
23798
23799
23801
23802
23802
23804
23805
23807
23807
23809
23813
23813
23813
23814
23814
23814
23815
23815
23816
23818
23818
23821
23823
23826
23831
23831
23831
23833
23833
23834
23835
23837
23837
23837
23839
23839
23839
23839
23841
23842
23844
23844
23846
23846
23847
23847
23847
23848
23849
23851
23852
23854
23855
23856
23857
23858
23859
23859
23859
23860
23861
23864
23864
23865
23866
23866
23867
23867
23869
23870
23870
23870
23870
23871
23873
23873
23876
23876
23879
23882
23885
23885
23885
23885
23888
23890
23892
23892
23894
23895
23897
23898
23899
23900
23902
23903
23903
23904
23905
23905
23906
23907
23907
23908
23914
23914
23915
23916
23916
23917
23920
23920
23921
23921
23925
23928
23930
23931
23931
23931
23932
23932
23933
23933
23935
23935
23936
23936
23936
23937
23938
23939
23939
23940
23943
23944
23944
23945
23946
23946
23947
23947
23948
23952
23953
23954
23954
23955
23957
23960
23960
23961
23962
23965
23965
23966
23967
23967
23968
23968
23968
23969
23970
23971
23976
23977
23978
23979
23979
23981
23981
23981
23984
23985
23985
23985
23989
23990
23994
23994
23996
23997
23997
23997
23998
23998
23998
23999
24000
24001
24001
24002
24002
24003
24003
24004
24004
24009
24010
24013
24013
24014
24015
24016
24017
24019
24020
24020
24021
24022
24024
24024
24024
24025
24027
24029
24031
24035
24035
24036
24036
24039
24041
24041
24042
24042
24044
24045
24046
24046
24047
24049
24049
24050
24050
24051
24052
24055
24055
24055
24055
24058
24058
24059
24059
24062
24064
24065
24066
24069
24069
24070
24071
24071
24072
24073
24074
24074
24074
24076
24076
24076
24077
24078
24080
24081
24081
24082
24085
24086
24087
24087
24087
24088
24091
24092
24093
24093
24094
24095
24095
24096
24097
24099
24100
24100
24100
24101
24101
24102
24103
24103
24103
24106
24107
24110
24110
24113
24116
24117
24117
24119
24120
24121
24121
24121
24122
24122
24123
24124
24124
24124
24125
24126
24126
24127
24127
24130
24132
24132
24133
24133
24135
24135
24136
24137
24137
24138
24138
24139
24140
24140
24140
24143
24143
24144
24144
24144
24146
24146
24149
24150
24150
24151
24153
24153
24153
24154
24154
24154
24155
24156
24158
24159
24161
24162
24164
24164
24164
24165
24165
24166
24166
24167
24167
24169
24169
24170
24173
24175
24176
24179
24180
24180
24180
24181
24182
24182
24183
24184
24184
24187
24188
24192
24193
24193
24196
24196
24198
24198
24198
24200
24202
24202
24202
24202
24202
24205
24206
24207
24208
24209
24210
24210
24212
24212
24212
24213
24216
24217
24217
24217
24219
24222
24222
24222
24223
24223
24223
24224
24224
24226
24227
24229
24229
24230
24236
24238
24239
24239
24239
24240
24240
24243
24243
24247
24247
24248
24249
24250
24250
24250
24254
24254
24255
24256
24257
24258
24263
24263
24264
24265
24266
24266
24267
24268
24268
24270
24271
24271
24272
24273
24273
24273
24276
24277
24277
24278
24279
24282
24284
24288
24289
24292
24292
24293
24293
24294
24295
24296
24296
24299
24301
24303
24304
24306
24307
24308
24309
24310
24310
24312
24313
24313
24313
24315
24317
24317
24319
24320
24322
24324
24324
24325
24326
24332
24332
24332
24334
24335
24337
24337
24337
24338
24338
24338
24341
24342
24342
24343
24343
24344
24344
24345
24346
24347
24347
24347
24349
24349
24350
24351
24352
24353
24355
24356
24357
24358
24359
24359
24359
24359
24360
24362
24363
24363
24365
24365
24369
24370
24371
24371
24373
24375
24375
24375
24376
24377
24378
24379
24380
24380
24382
24382
24384
24384
24384
24385
24386
24386
24387
24387
24387
24389
24389
24390
24391
24393
24394
24398
24399
24401
24402
24403
24404
24405
24406
24406
24408
24410
24411
24413
24415
24416
24416
24416
24417
24417
24418
24419
24420
24421
24424
24424
24424
24425
24426
24430
24430
24431
24431
24432
24432
24433
24433
24433
24436
24437
24438
24439
24441
24442
24442
24443
24447
24448
24452
24455
24456
24456
24456
24457
24462
24464
24465
24465
24466
24468
24468
24471
24471
24472
24473
24476
24476
24477
24477
24477
24478
24478
24480
24480
24480
24480
24482
24483
24483
24484
24484
24485
24486
24486
24486
24488
24490
24494
24496
24497
24498
24499
24499
24499
24499
24500
24501
24501
24502
24502
24502
24503
24504
24504
24507
24509
24510
24510
24511
24511
24513
24513
24514
24515
24515
24516
24516
24516
24516
24518
24518
24518
24518
24520
24520
24521
24522
24522
24524
24524
24525
24526
24526
24527
24527
24527
24529
24531
24531
24533
24534
24535
24537
24540
24542
24542
24544
24544
24546
24546
24548
24548
24548
24549
24550
24551
24552
24553
24554
24555
24555
24558
24562
24563
24563
24564
24564
24564
24565
24567
24568
24569
24571
24571
24574
24576
24577
24578
24578
24579
24581
24582
24583
24584
24585
24585
24586
24587
24590
24592
24594
24595
24596
24597
24597
24597
24597
24598
24598
24598
24599
24603
24604
24605
24605
24605
24606
24606
24607
24610
24611
24614
24614
24615
24615
24616
24617
24617
24620
24621
24622
24624
24625
24625
24626
24628
24628
24631
24631
24632
24632
24635
24635
24635
24635
24637
24639
24639
24639
24640
24640
24641
24641
24643
24643
24644
24644
24644
24644
24646
24647
24648
24648
24649
24649
24650
24651
24652
24652
24653
24654
24654
24655
24656
24658
24665
24666
24667
24667
24669
24669
24670
24670
24671
24671
24672
24672
24673
24673
24674
24674
24675
24676
24678
24678
24678
24679
24679
24680
24680
24681
24681
24681
24681
24682
24683
24684
24686
24687
24687
24687
24689
24692
24692
24692
24693
24693
24694
24698
24699
24702
24702
24706
24706
24707
24708
24709
24709
24710
24711
24711
24713
24715
24717
24718
24719
24721
24724
24724
24724
24724
24727
24727
24728
24729
24730
24730
24731
24731
24732
24734
24734
24736
24737
24739
24739
24739
24741
24742
24742
24744
24745
24747
24747
24748
24748
24748
24749
24749
24749
24753
24753
24755
24758
24758
24760
24765
24765
24767
24768
24768
24770
24770
24771
24772
24772
24772
24774
24777
24777
24779
24780
24780
24780
24782
24782
24782
24782
24783
24783
24784
24785
24785
24785
24785
24786
24789
24790
24791
24792
24794
24796
24796
24797
24797
24798
24799
24799
24799
24801
24803
24803
24808
24808
24810
24812
24814
24814
24815
24816
24817
24817
24818
24819
24819
24820
24820
24820
24822
24823
24823
24825
24826
24826
24827
24827
24828
24829
24831
24831
24832
24833
24833
24836
24836
24836
24837
24838
24838
24839
24839
24840
24841
24842
24843
24844
24848
24848
24848
24849
24855
24856
24856
24856
24859
24860
24860
24861
24861
24862
24864
24865
24865
24867
24867
24868
24868
24868
24869
24869
24870
24871
24871
24872
24873
24873
24875
24876
24876
24878
24879
24881
24883
24884
24885
24886
24887
24889
24890
24890
24892
24894
24896
24899
24899
24900
24900
24900
24901
24901
24902
24905
24907
24908
24912
24913
24914
24915
24917
24917
24917
24919
24920
24920
24921
24922
24924
24927
24927
24928
24930
24930
24931
24931
24931
24931
24932
24934
24934
24934
24935
24935
24935
24935
24935
24936
24938
24939
24940
24943
24943
24944
24946
24947
24949
24950
24950
24950
24950
24951
24951
24952
24953
24953
24955
24957
24958
24958
24959
24960
24960
24960
24961
24961
24961
24961
24962
24964
24964
24966
24967
24967
24969
24970
24970
24970
24972
24974
24974
24979
24979
24981
24982
24982
24983
24984
24985
24985
24985
24986
24987
24987
24989
24989
24989
24991
24991
24992
24993
24994
24996
24996
25001
25001
25002
25003
25006
25007
25008
25009
25011
25014
25014
25017
25017
25017
25017
25018
25021
25022
25023
25024
25024
25026
25029
25029
25031
25033
25034
25035
25037
25038
25043
25043
25045
25045
25045
25046
25048
25048
25050
25050
25051
25052
25053
25053
25053
25054
25054
25056
25057
25058
25058
25061
25061
25062
25065
25066
25067
25071
25071
25072
25073
25073
25075
25075
25077
25079
25079
25083
25083
25084
25085
25085
25085
25086
25086
25088
25089
25089
25089
25090
25090
25091
25092
25093
25093
25093
25093
25094
25095
25095
25096
25098
25101
25101
25102
25102
25103
25104
25107
25109
25109
25109
25112
25114
25114
25114
25116
25117
25118
25120
25122
25123
25124
25125
25125
25130
25131
25134
25135
25136
25137
25137
25138
25139
25139
25141
25145
25148
25148
25150
25152
25152
25153
25153
25156
25157
25158
25159
25162
25163
25163
25164
25165
25165
25165
25168
25168
25169
25169
25170
25170
25171
25172
25172
25173
25174
25175
25179
25179
25179
25180
25181
25182
25183
25183
25186
25187
25187
25187
25189
25190
25190
25190
25193
25193
25193
25193
25194
25194
25194
25196
25197
25199
25200
25200
25202
25203
25204
25205
25208
25209
25209
25210
25210
25212
25212
25213
25215
25215
25218
25219
25220
25222
25223
25224
25224
25225
25225
25227
25229
25230
25230
25233
25235
25237
25238
25238
25239
25241
25242
25243
25245
25247
25247
25248
25249
25249
25250
25250
25250
25252
25252
25253
25253
25255
25255
25257
25258
25258
25260
25263
25269
25270
25270
25272
25273
25274
25279
25280
25280
25281
25282
25283
25283
25283
25284
25284
25285
25286
25287
25291
25292
25292
25293
25296
25296
25297
25298
25299
25300
25301
25301
25302
25302
25302
25304
25304
25307
25307
25308
25308
25308
25309
25310
25310
25311
25311
25313
25314
25315
25317
25319
25319
25319
25319
25321
25323
25328
25329
25329
25332
25333
25333
25333
25333
25334
25341
25342
25342
25344
25345
25346
25347
25348
25348
25349
25349
25350
25351
25351
25352
25352
25356
25356
25357
25359
25359
25360
25361
25365
25366
25368
25369
25369
25369
25369
25369
25371
25371
25372
25373
25374
25375
25376
25376
25377
25377
25378
25380
25380
25382
25382
25382
25384
25384
25385
25385
25385
25386
25389
25395
25396
25396
25398
25399
25400
25402
25402
25403
25405
25406
25406
25407
25408
25408
25408
25408
25409
25409
25410
25411
25411
25411
25411
25412
25413
25414
25415
25415
25416
25416
25417
25417
25417
25418
25419
25420
25420
25421
25422
25423
25423
25423
25423
25423
25426
25428
25428
25429
25430
25430
25430
25431
25432
25434
25436
25438
25438
25438
25438
25438
25439
25439
25442
25444
25444
25445
25447
25447
25448
25450
25450
25451
25453
25453
25453
25454
25455
25455
25457
25458
25458
25460
25460
25462
25464
25464
25465
25465
25466
25468
25469
25470
25470
25470
25471
25473
25473
25474
25474
25474
25476
25476
25478
25478
25479
25479
25480
25480
25481
25483
25485
25485
25485
25485
25487
25488
25488
25489
25490
25492
25493
25494
25500
25501
25504
25505
25505
25505
25505
25505
25508
25508
25509
25509
25511
25513
25514
25517
25517
25517
25518
25519
25520
25520
25521
25522
25523
25523
25524
25527
25528
25528
25529
25530
25530
25531
25532
25533
25533
25538
25539
25540
25541
25542
25543
25544
25546
25546
25548
25550
25551
25552
25553
25557
25558
25558
25559
25560
25561
25562
25562
25563
25563
25567
25567
25569
25571
25571
25572
25577
25577
25578
25579
25579
25580
25580
25581
25581
25582
25583
25584
25584
25586
25588
25588
25588
25589
25589
25590
25593
25593
25594
25595
25595
25596
25597
25599
25602
25602
25603
25603
25604
25605
25606
25608
25608
25609
25609
25609
25610
25611
25613
25613
25614
25614
25615
25617
25619
25620
25621
25622
25623
25624
25626
25626
25627
25628
25631
25632
25632
25632
25634
25634
25635
25636
25637
25637
25642
25643
25643
25644
25646
25649
25649
25650
25653
25654
25654
25655
25655
25656
25656
25657
25658
25660
25660
25663
25664
25666
25669
25669
25670
25670
25672
25672
25673
25673
25674
25676
25676
25677
25684
25685
25686
25686
25691
25691
25691
25692
25693
25694
25696
25696
25696
25697
25697
25700
25700
25707
25709
25711
25711
25712
25712
25712
25714
25717
25719
25719
25719
25720
25720
25721
25722
25723
25724
25726
25726
25727
25727
25728
25728
25728
25730
25731
25732
25732
25733
25735
25736
25736
25737
25737
25738
25740
25741
25741
25741
25742
25744
25751
25751
25751
25752
25753
25753
25753
25754
25756
25756
25757
25757
25759
25759
25759
25760
25760
25760
25761
25761
25762
25763
25763
25764
25765
25765
25766
25768
25768
25769
25770
25772
25776
25777
25779
25781
25782
25783
25784
25785
25785
25785
25786
25789
25790
25791
25791
25791
25793
25795
25795
25796
25798
25798
25799
25800
25801
25801
25802
25804
25805
25806
25806
25807
25807
25808
25809
25811
25811
25813
25813
25814
25815
25816
25816
25816
25817
25817
25818
25819
25819
25820
25820
25820
25825
25826
25827
25828
25828
25828
25830
25831
25832
25834
25837
25840
25841
25843
25843
25844
25844
25846
25849
25852
25854
25856
25856
25856
25858
25859
25860
25861
25862
25863
25864
25867
25868
25868
25870
25870
25870
25870
25871
25871
25874
25874
25874
25874
25876
25877
25878
25878
25879
25880
25881
25882
25882
25882
25883
25884
25886
25886
25887
25887
25887
25887
25888
25888
25888
25889
25890
25891
25892
25893
25893
25893
25893
25896
25896
25896
25897
25899
25899
25899
25900
25902
25904
25904
25905
25911
25913
25916
25916
25916
25916
25917
25917
25923
25924
25924
25925
25926
25928
25929
25929
25931
25931
25933
25933
25933
25935
25935
25936
25936
25936
25937
25937
25938
25938
25940
25941
25941
25941
25942
25943
25943
25945
25945
25945
25946
25948
25950
25950
25951
25952
25952
25954
25954
25956
25958
25959
25960
25961
25963
25966
25966
25971
25973
25975
25975
25978
25979
25980
25980
25983
25984
25984
25987
25987
25987
25988
25988
25991
25994
25995
25995
25995
25997
25997
25997
25997
25999
25999
25999
26001
26006
26007
26007
26008
26008
26008
26011
26011
26012
26013
26013
26014
26018
26018
26020
26023
26023
26024
26024
26025
26027
26029
26030
26031
26034
26034
26034
26035
26037
26038
26039
26041
26042
26043
26043
26046
26046
26047
26047
26048
26048
26049
26049
26051
26051
26052
26052
26053
26053
26059
26059
26059
26060
26061
26061
26062
26062
26063
26065
26067
26068
26072
26072
26073
26073
26073
26074
26074
26075
26078
26078
26078
26080
26080
26081
26082
26083
26083
26083
26084
26084
26085
26086
26087
26088
26089
26090
26090
26091
26091
26092
26092
26093
26093
26094
26095
26097
26097
26097
26099
26099
26099
26100
26100
26101
26101
26102
26103
26104
26105
26106
26108
26111
26112
26113
26114
26115
26116
26118
26121
26121
26121
26121
26121
26122
26123
26124
26124
26126
26127
26127
26128
26129
26130
26131
26131
26131
26131
26132
26132
26133
26133
26133
26134
26135
26135
26136
26137
26138
26139
26141
26142
26143
26144
26144
26145
26146
26147
26148
26149
26151
26152
26152
26155
26155
26156
26157
26158
26158
26164
26167
26167
26168
26169
26171
26171
26173
26173
26174
26176
26176
26176
26177
26178
26178
26183
26184
26190
26193
26193
26196
26197
26197
26198
26199
26199
26200
26202
26202
26202
26203
26204
26204
26205
26205
26205
26206
26206
26207
26207
26208
26209
26210
26210
26210
26211
26214
26215
26217
26217
26219
26219
26222
26223
26223
26223
26224
26226
26226
26226
26227
26227
26229
26229
26230
26230
26231
26232
26234
26236
26237
26238
26239
26240
26240
26241
26242
26244
26244
26246
26246
26246
26249
26249
26250
26252
26253
26254
26254
26255
26257
26258
26258
26259
26259
26260
26260
26263
26264
26264
26265
26265
26265
26266
26267
26268
26272
26272
26272
26272
26273
26274
26275
26277
26277
26279
26280
26280
26281
26281
26281
26282
26283
26284
26284
26285
26287
26289
26289
26289
26290
26291
26294
26294
26299
26300
26300
26301
26301
26302
26302
26305
26305
26306
26306
26308
26308
26310
26311
26313
26315
26316
26316
26318
26319
26321
26321
26321
26322
26323
26326
26327
26328
26329
26331
26333
26335
26341
26343
26345
26347
26348
26350
26351
26352
26352
26353
26354
26356
26357
26357
26358
26358
26358
26359
26359
26362
26362
26363
26364
26364
26365
26365
26365
26366
26367
26368
26369
26369
26372
26372
26372
26373
26374
26374
26375
26377
26379
26379
26382
26386
26387
26387
26388
26388
26389
26390
26390
26391
26392
26393
26393
26394
26394
26396
26397
26398
26399
26400
26401
26403
26405
26405
26407
26407
26408
26408
26410
26413
26413
26415
26416
26417
26417
26417
26420
26420
26420
26421
26422
26422
26423
26423
26423
26424
26424
26424
26428
26429
26430
26433
26436
26436
26436
26436
26436
26439
26440
26441
26441
26445
26447
26447
26449
26449
26450
26450
26451
26451
26453
26453
26454
26455
26456
26456
26457
26457
26458
26464
26464
26465
26465
26466
26466
26466
26469
26469
26471
26472
26473
26474
26474
26474
26474
26476
26477
26477
26477
26482
26483
26483
26485
26486
26486
26487
26487
26488
26488
26489
26490
26491
26491
26491
26492
26492
26493
26493
26494
26496
26496
26497
26497
26498
26498
26503
26504
26504
26504
26504
26506
26506
26506
26507
26508
26509
26509
26510
26511
26511
26513
26514
26514
26515
26516
26516
26517
26519
26521
26523
26524
26525
26526
26527
26528
26528
26530
26531
26532
26532
26533
26534
26534
26535
26536
26536
26539
26539
26539
26541
26543
26543
26548
26549
26550
26551
26551
26551
26551
26552
26555
26555
26556
26559
26559
26559
26560
26560
26561
26564
26564
26566
26567
26567
26569
26569
26570
26572
26572
26572
26574
26574
26579
26579
26580
26580
26581
26586
26587
26589
26590
26591
26592
26593
26594
26594
26595
26595
26597
26597
26597
26599
26600
26602
26603
26605
26605
26606
26606
26606
26607
26608
26608
26608
26608
26610
26610
26611
26617
26617
26617
26619
26620
26622
26622
26625
26625
26625
26626
26627
26629
26631
26632
26632
26632
26634
26635
26635
26635
26635
26636
26637
26638
26639
26639
26639
26640
26642
26643
26643
26644
26644
26644
26644
26645
26647
26648
26649
26649
26651
26655
26655
26655
26656
26659
26660
26661
26662
26662
26663
26664
26665
26665
26667
26667
26667
26668
26668
26670
26670
26672
26673
26674
26675
26678
26679
26680
26681
26682
26682
26682
26683
26683
26684
26685
26687
26687
26687
26692
26692
26695
26696
26696
26697
26698
26699
26699
26700
26702
26705
26705
26706
26709
26709
26710
26711
26712
26713
26715
26716
26717
26718
26718
26719
26722
26722
26723
26725
26725
26727
26727
26728
26729
26730
26731
26733
26733
26734
26734
26735
26736
26736
26737
26737
26738
26738
26739
26742
26745
26745
26747
26747
26747
26749
26750
26752
26752
26753
26754
26754
26756
26759
26760
26762
26765
26767
26769
26771
26772
26774
26775
26776
26776
26777
26777
26779
26779
26780
26780
26781
26785
26787
26789
26790
26791
26791
26792
26793
26795
26796
26797
26797
26798
26798
26799
26800
26802
26802
26802
26802
26804
26804
26806
26807
26808
26813
26813
26814
26815
26816
26819
26820
26820
26824
26825
26826
26826
26828
26830
26830
26832
26833
26833
26833
26834
26835
26835
26837
26837
26839
26840
26845
26845
26846
26847
26851
26851
26853
26854
26855
26855
26856
26857
26858
26860
26862
26863
26867
26867
26868
26869
26869
26870
26870
26872
26872
26872
26872
26873
26875
26877
26878
26878
26881
26883
26883
26884
26885
26885
26885
26886
26887
26887
26889
26893
26893
26894
26895
26896
26896
26896
26896
26897
26897
26898
26898
26899
26900
26902
26903
26905
26905
26906
26908
26910
26910
26911
26912
26915
26915
26916
26916
26917
26918
26919
26920
26920
26922
26922
26924
26925
26925
26925
26926
26926
26927
26928
26929
26929
26931
26932
26933
26934
26934
26935
26938
26940
26940
26940
26941
26942
26946
26947
26948
26948
26948
26949
26953
26953
26954
26955
26955
26956
26956
26957
26957
26958
26959
26960
26961
26961
26962
26962
26962
26966
26966
26967
26967
26967
26968
26969
26969
26971
26971
26973
26973
26973
26974
26982
26983
26983
26984
26984
26985
26987
26988
26988
26988
26988
26989
26989
26990
26992
26993
26993
26994
26995
26996
26996
26998
26998
26998
26999
27001
27001
27001
27002
27002
27003
27004
27007
27007
27008
27008
27011
27013
27014
27015
27017
27019
27019
27019
27019
27022
27022
27025
27027
27028
27029
27029
27030
27030
27032
27033
27035
27043
27043
27045
27045
27046
27047
27048
27050
27051
27051
27052
27053
27053
27054
27056
27056
27056
27057
27058
27058
27059
27059
27061
27062
27062
27064
27064
27064
27065
27066
27066
27066
27067
27073
27074
27074
27075
27076
27077
27077
27078
27079
27081
27082
27083
27084
27085
27085
27085
27086
27090
27090
27091
27093
27096
27097
27097
27099
27099
27101
27103
27106
27107
27108
27109
27109
27109
27109
27110
27110
27110
27112
27113
27114
27114
27115
27115
27115
27116
27117
27118
27121
27122
27122
27123
27123
27124
27124
27124
27124
27125
27125
27126
27129
27129
27130
27130
27131
27132
27132
27133
27134
27135
27136
27138
27139
27142
27143
27144
27144
27145
27146
27147
27147
27148
27148
27149
27150
27150
27152
27154
27155
27156
27157
27159
27159
27159
27160
27160
27161
27162
27163
27165
27165
27168
27170
27171
27172
27176
27177
27177
27178
27178
27179
27183
27185
27185
27185
27186
27187
27188
27188
27189
27189
27190
27190
27192
27193
27194
27194
27196
27199
27200
27200
27200
27202
27202
27204
27205
27206
27208
27208
27210
27211
27211
27211
27212
27213
27216
27218
27219
27220
27221
27222
27222
27223
27224
27226
27228
27229
27232
27232
27234
27234
27234
27234
27235
27236
27237
27239
27240
27243
27245
27245
27245
27246
27248
27249
27249
27250
27250
27253
27255
27257
27257
27257
27258
27258
27263
27264
27266
27266
27266
27267
27267
27270
27271
27272
27274
27274
27275
27278
27278
27279
27279
27280
27281
27281
27283
27285
27286
27286
27287
27288
27288
27289
27289
27289
27289
27291
27292
27294
27294
27295
27295
27297
27299
27300
27300
27301
27302
27305
27307
27307
27308
27309
27309
27310
27312
27315
27315
27317
27317
27319
27320
27321
27321
27322
27322
27325
27326
27326
27326
27327
27328
27331
27332
27332
27332
27333
27334
27334
27335
27335
27336
27337
27339
27339
27340
27340
27341
27341
27341
27342
27342
27342
27343
27344
27346
27348
27350
27351
27354
27355
27358
27358
27359
27359
27360
27360
27361
27361
27362
27365
27365
27365
27367
27368
27369
27369
27369
27370
27371
27372
27372
27373
27374
27374
27375
27375
27378
27379
27380
27380
27380
27381
27382
27382
27383
27383
27384
27384
27386
27387
27392
27396
27399
27400
27400
27402
27403
27404
27405
27405
27407
27407
27407
27408
27408
27409
27411
27413
27414
27415
27415
27416
27417
27418
27419
27420
27422
27425
27425
27425
27427
27428
27429
27429
27430
27431
27431
27431
27432
27435
27435
27435
27436
27438
27438
27438
27438
27439
27439
27439
27440
27440
27440
27440
27441
27441
27442
27442
27442
27446
27447
27448
27448
27448
27450
27450
27452
27452
27453
27455
27457
27457
27459
27460
27463
27464
27465
27466
27466
27467
27467
27468
27470
27470
27470
27472
27476
27477
27478
27478
27479
27480
27480
27481
27481
27481
27481
27482
27483
27485
27485
27486
27486
27487
27488
27488
27489
27492
27492
27492
27493
27493
27494
27498
27499
27499
27499
27500
27502
27505
27505
27506
27507
27508
27508
27509
27509
27511
27514
27516
27516
27517
27517
27518
27519
27520
27521
27523
27524
27528
27529
27529
27530
27531
27531
27532
27532
27533
27533
27534
27534
27534
27537
27538
27538
27539
27539
27540
27540
27542
27542
27547
27547
27549
27552
27553
27553
27554
27555
27556
27556
27556
27556
27558
27558
27558
27559
27559
27560
27564
27567
27567
27572
27575
27576
27577
27578
27579
27581
27582
27584
27584
27585
27585
27587
27587
27587
27589
27590
27590
27592
27596
27596
27597
27597
27601
27601
27602
27602
27603
27604
27604
27604
27607
27607
27608
27608
27610
27610
27610
27613
27616
27616
27616
27622
27622
27623
27624
27624
27624
27628
27630
27631
27631
27632
27633
27634
27635
27636
27638
27640
27640
27641
27644
27644
27645
27646
27650
27652
27652
27652
27653
27655
27656
27659
27660
27662
27662
27663
27665
27666
27666
27668
27669
27670
27672
27673
27673
27676
27676
27678
27678
27679
27681
27682
27682
27684
27685
27685
27686
27686
27689
27689
27691
27692
27692
27694
27694
27694
27695
27696
27697
27697
27698
27699
27700
27700
27701
27702
27703
27704
27704
27704
27705
27705
27706
27706
27706
27707
27707
27708
27710
27712
27714
27721
27721
27723
27726
27727
27729
27729
27730
27731
27732
27734
27735
27737
27737
27737
27738
27739
27740
27740
27741
27741
27742
27742
27743
27743
27743
27743
27744
27745
27746
27747
27747
27748
27750
27753
27753
27756
27756
27756
27758
27763
27763
27764
27767
27767
27767
27768
27769
27769
27769
27770
27770
27770
27771
27772
27772
27773
27773
27774
27775
27775
27776
27777
27778
27778
27779
27780
27780
27782
27782
27782
27784
27785
27786
27786
27789
27789
27789
27789
27790
27792
27793
27793
27793
27793
27796
27796
27797
27798
27799
27800
27801
27801
27801
27802
27803
27803
27803
27805
27805
27807
27808
27810
27811
27811
27811
27812
27813
27814
27814
27814
27815
27815
27816
27816
27817
27819
27819
27820
27821
27822
27823
27823
27826
27826
27827
27828
27830
27831
27832
27832
27834
27835
27835
27839
27839
27840
27840
27840
27841
27841
27841
27842
27842
27843
27844
27844
27844
27845
27845
27846
27846
27847
27848
27849
27850
27851
27852
27854
27855
27855
27855
27857
27857
27859
27860
27862
27864
27864
27866
27869
27870
27872
27873
27874
27874
27875
27876
27882
27883
27885
27885
27885
27886
27887
27887
27889
27890
27890
27890
27891
27892
27894
27895
27896
27898
27899
27900
27901
27903
27904
27906
27907
27908
27908
27910
27910
27911
27912
27913
27917
27917
27918
27918
27918
27919
27921
27921
27922
27924
27926
27927
27927
27930
27931
27931
27932
27932
27933
27936
27937
27938
27938
27939
27940
27941
27942
27942
27944
27944
27945
27947
27948
27949
27952
27953
27955
27958
27958
27960
27961
27962
27963
27963
27964
27964
27964
27965
27967
27968
27968
27968
27968
27969
27970
27970
27971
27972
27976
27979
27979
27980
27980
27986
27987
27987
27988
27991
27991
27992
27994
27998
27999
27999
27999
28000
28003
28003
28006
28006
28007
28008
28009
28009
28009
28010
28012
28012
28014
28014
28016
28018
28019
28019
28021
28021
28021
28024
28024
28024
28025
28027
28027
28030
28031
28032
28033
28034
28035
28035
28035
28037
28037
28037
28040
28040
28041
28043
28046
28046
28046
28046
28046
28047
28049
28050
28050
28052
28053
28053
28053
28060
28060
28062
28063
28064
28064
28065
28066
28068
28068
28070
28071
28073
28074
28076
28078
28078
28079
28080
28080
28080
28081
28082
28082
28082
28085
28086
28086
28089
28090
28091
28092
28092
28093
28094
28094
28095
28097
28099
28100
28100
28101
28101
28101
28102
28104
28104
28104
28106
28107
28109
28111
28111
28111
28112
28115
28116
28116
28121
28123
28124
28124
28125
28125
28127
28127
28130
28133
28134
28135
28136
28137
28138
28139
28139
28141
28141
28142
28143
28143
28144
28145
28148
28148
28149
28150
28151
28155
28157
28158
28159
28160
28162
28163
28164
28164
28165
28165
28167
28167
28168
28168
28169
28169
28171
28171
28172
28172
28172
28173
28177
28177
28178
28179
28182
28182
28183
28184
28184
28184
28185
28185
28191
28191
28192
28195
28195
28197
28198
28199
28200
28200
28200
28201
28203
28205
28207
28210
28210
28212
28212
28212
28212
28214
28214
28214
28217
28218
28219
28220
28221
28222
28226
28227
28227
28229
28230
28230
28231
28231
28232
28233
28235
28235
28236
28239
28241
28241
28241
28241
28241
28243
28243
28244
28245
28246
28249
28249
28249
28250
28250
28251
28252
28255
28255
28256
28256
28256
28258
28259
28260
28261
28261
28263
28264
28265
28266
28267
28267
28270
28270
28271
28271
28271
28273
28273
28274
28274
28276
28278
28278
28279
28279
28283
28283
28283
28284
28285
28285
28288
28289
28291
28291
28291
28294
28295
28296
28297
28297
28298
28300
28301
28302
28303
28303
28304
28307
28307
28307
28308
28309
28309
28310
28310
28312
28314
28315
28315
28322
28323
28324
28324
28326
28327
28328
28328
28329
28329
28330
28331
28334
28335
28336
28336
28338
28339
28341
28342
28342
28343
28343
28344
28344
28346
28348
28350
28350
28350
28351
28352
28352
28361
28361
28362
28363
28366
28367
28371
28371
28374
28374
28375
28375
28377
28378
28379
28379
28379
28381
28381
28382
28383
28383
28384
28384
28385
28385
28385
28386
28386
28387
28388
28388
28390
28396
28396
28396
28397
28398
28398
28399
28399
28400
28401
28403
28404
28404
28405
28406
28407
28407
28407
28409
28410
28410
28410
28411
28411
28411
28412
28412
28414
28415
28416
28417
28417
28418
28422
28424
28424
28427
28427
28428
28431
28431
28433
28433
28434
28435
28436
28436
28436
28437
28437
28438
28438
28439
28442
28443
28443
28444
28444
28444
28444
28444
28445
28445
28446
28446
28446
28447
28448
28450
28450
28451
28452
28452
28455
28457
28458
28460
28461
28462
28463
28464
28466
28466
28469
28469
28469
28471
28471
28474
28474
28475
28476
28478
28478
28478
28481
28482
28482
28483
28483
28484
28485
28486
28486
28487
28488
28488
28488
28490
28492
28492
28493
28493
28494
28500
28502
28502
28502
28503
28503
28504
28505
28505
28507
28507
28508
28510
28511
28511
28511
28513
28513
28513
28517
28517
28518
28519
28519
28519
28522
28523
28524
28525
28525
28525
28526
28527
28527
28529
28529
28529
28530
28531
28532
28532
28532
28534
28534
28535
28535
28537
28538
28538
28540
28542
28543
28545
28546
28546
28547
28549
28551
28551
28552
28556
28556
28557
28558
28559
28560
28560
28562
28567
28567
28568
28571
28572
28572
28573
28574
28574
28575
28576
28579
28580
28580
28581
28582
28582
28584
28586
28586
28588
28588
28589
28589
28590
28591
28592
28593
28593
28593
28594
28595
28595
28597
28597
28599
28608
28609
28609
28611
28612
28614
28617
28620
28621
28622
28623
28624
28625
28626
28626
28627
28627
28628
28629
28630
28630
28631
28632
28632
28633
28634
28634
28636
28638
28638
28643
28644
28646
28646
28648
28649
28650
28651
28651
28653
28654
28655
28655
28657
28657
28657
28658
28659
28660
28660
28660
28660
28661
28661
28661
28661
28662
28663
28665
28667
28667
28668
28669
28671
28671
28673
28676
28676
28677
28677
28678
28678
28678
28678
28678
28680
28682
28685
28686
28688
28688
28689
28689
28691
28693
28693
28695
28696
28701
28701
28704
28704
28705
28708
28715
28715
28715
28717
28718
28718
28720
28721
28721
28724
28724
28724
28727
28727
28728
28729
28730
28731
28731
28731
28732
28733
28733
28735
28736
28736
28738
28741
28742
28742
28742
28742
28744
28745
28746
28747
28747
28748
28748
28748
28749
28749
28754
28754
28755
28756
28756
28757
28757
28759
28760
28761
28761
28761
28761
28762
28763
28764
28766
28768
28770
28771
28773
28773
28775
28775
28776
28776
28776
28777
28778
28779
28780
28780
28782
28783
28784
28785
28789
28790
28790
28794
28795
28795
28796
28797
28798
28798
28799
28799
28800
28802
28808
28808
28809
28809
28810
28810
28811
28811
28811
28812
28812
28813
28814
28814
28815
28816
28816
28820
28821
28824
28824
28824
28826
28828
28828
28829
28831
28832
28833
28834
28834
28842
28846
28848
28848
28849
28849
28849
28849
28850
28851
28852
28854
28854
28855
28855
28856
28857
28860
28864
28865
28866
28866
28866
28866
28870
28871
28874
28876
28876
28877
28879
28879
28879
28882
28882
28883
28883
28886
28886
28887
28887
28888
28889
28891
28893
28896
28896
28899
28899
28899
28901
28901
28903
28906
28907
28907
28908
28908
28911
28912
28912
28914
28915
28915
28916
28917
28917
28918
28919
28919
28920
28920
28921
28921
28922
28923
28925
28929
28929
28930
28930
28931
28931
28932
28933
28934
28934
28935
28935
28938
28939
28941
28941
28941
28942
28942
28944
28945
28946
28947
28948
28949
28950
28951
28955
28956
28956
28957
28958
28958
28958
28959
28959
28960
28961
28962
28962
28963
28963
28964
28966
28966
28966
28969
28970
28970
28971
28972
28972
28973
28974
28975
28976
28977
28978
28979
28979
28980
28981
28981
28982
28982
28984
28985
28985
28986
28987
28989
28989
28989
28989
28990
28991
28992
28992
28992
28994
28994
28997
28997
28997
28999
29001
29001
29001
29003
29006
29008
29010
29014
29014
29015
29016
29016
29017
29018
29018
29018
29022
29025
29025
29029
29030
29031
29032
29033
29035
29035
29038
29040
29042
29044
29044
29047
29048
29048
29050
29051
29052
29053
29053
29058
29059
29059
29060
29062
29065
29066
29067
29068
29069
29070
29070
29071
29072
29072
29073
29074
29078
29080
29081
29082
29083
29084
29084
29084
29085
29085
29086
29086
29087
29087
29089
29090
29090
29092
29092
29093
29093
29094
29096
29099
29100
29100
29102
29105
29106
29106
29108
29112
29114
29115
29115
29115
29116
29117
29117
29118
29121
29121
29122
29123
29123
29123
29123
29123
29123
29124
29124
29125
29127
29128
29128
29130
29130
29131
29131
29133
29133
29134
29134
29135
29137
29138
29139
29139
29140
29141
29141
29141
29142
29142
29143
29144
29145
29146
29146
29146
29147
29147
29148
29148
29149
29150
29150
29152
29154
29154
29154
29155
29155
29156
29157
29157
29158
29158
29160
29160
29160
29163
29163
29168
29169
29170
29170
29172
29172
29174
29175
29176
29177
29178
29178
29180
29180
29181
29181
29181
29183
29184
29188
29188
29189
29189
29191
29192
29192
29195
29196
29197
29198
29200
29201
29202
29202
29203
29203
29203
29207
29208
29208
29208
29208
29210
29211
29213
29215
29219
29219
29219
29220
29222
29223
29223
29225
29226
29226
29227
29228
29228
29228
29228
29229
29231
29232
29236
29237
29237
29237
29239
29240
29240
29241
29241
29242
29242
29244
29245
29246
29247
29248
29250
29250
29252
29253
29255
29255
29256
29256
29257
29258
29259
29259
29261
29262
29262
29263
29263
29264
29265
29265
29268
29270
29270
29271
29271
29271
29272
29273
29274
29275
29276
29279
29279
29279
29279
29280
29284
29286
29287
29287
29287
29288
29290
29290
29290
29290
29291
29291
29293
29293
29293
29294
29296
29297
29301
29302
29304
29304
29304
29304
29307
29307
29311
29312
29312
29313
29314
29314
29316
29317
29317
29319
29319
29320
29320
29322
29323
29323
29326
29328
29330
29330
29332
29336
29336
29336
29337
29337
29337
29339
29339
29340
29341
29342
29344
29347
29349
29351
29352
29353
29354
29354
29355
29356
29357
29357
29358
29359
29359
29361
29362
29362
29362
29363
29364
29365
29367
29368
29369
29369
29370
29373
29374
29375
29376
29377
29377
29377
29378
29379
29379
29379
29382
29382
29383
29384
29387
29389
29390
29392
29393
29393
29394
29394
29395
29396
29397
29398
29399
29399
29401
29402
29404
29404
29404
29406
29406
29408
29411
29412
29412
29412
29412
29412
29418
29418
29418
29418
29420
29420
29423
29424
29426
29426
29427
29429
29429
29430
29431
29433
29433
29434
29434
29437
29440
29442
29442
29443
29443
29444
29446
29447
29448
29448
29449
29449
29450
29450
29450
29450
29452
29453
29453
29457
29459
29460
29463
29466
29468
29470
29471
29472
29475
29475
29476
29477
29477
29478
29478
29479
29482
29482
29484
29485
29485
29486
29487
29488
29488
29490
29491
29491
29491
29494
29494
29496
29496
29496
29498
29499
29499
29500
29500
29501
29501
29503
29503
29505
29509
29511
29513
29514
29514
29516
29518
29518
29519
29519
29519
29520
29522
29522
29523
29523
29525
29526
29526
29527
29530
29530
29531
29531
29532
29533
29535
29536
29537
29540
29541
29541
29542
29543
29543
29543
29544
29545
29552
29553
29553
29554
29554
29556
29558
29559
29559
29559
29561
29564
29565
29566
29567
29569
29570
29575
29575
29576
29576
29578
29578
29579
29579
29580
29580
29581
29582
29583
29583
29583
29583
29585
29586
29586
29587
29588
29589
29591
29591
29592
29592
29594
29596
29597
29598
29598
29599
29600
29600
29602
29604
29605
29606
29610
29611
29611
29612
29614
29615
29616
29616
29616
29617
29617
29618
29619
29620
29620
29621
29621
29625
29625
29625
29625
29626
29627
29627
29627
29627
29628
29628
29630
29630
29631
29633
29633
29635
29638
29639
29639
29639
29641
29641
29641
29642
29643
29643
29643
29643
29646
29647
29648
29651
29651
29651
29652
29652
29652
29653
29653
29653
29653
29655
29655
29655
29657
29657
29658
29658
29659
29659
29660
29660
29661
29663
29663
29664
29665
29666
29666
29669
29670
29670
29671
29671
29673
29674
29676
29678
29679
29679
29680
29681
29681
29684
29684
29685
29686
29688
29688
29688
29689
29689
29692
29694
29696
29696
29697
29698
29698
29699
29700
29701
29701
29701
29702
29703
29705
29706
29707
29710
29710
29711
29712
29713
29714
29715
29715
29715
29715
29716
29717
29718
29718
29720
29722
29723
29723
29724
29726
29726
29728
29728
29728
29731
29731
29732
29733
29733
29735
29735
29738
29739
29739
29743
29743
29744
29746
29746
29748
29748
29751
29753
29753
29753
29754
29755
29756
29756
29757
29762
29762
29765
29766
29767
29770
29772
29772
29773
29774
29774
29774
29775
29775
29777
29778
29778
29778
29780
29780
29781
29781
29781
29782
29782
29783
29783
29783
29785
29787
29791
29792
29794
29794
29794
29795
29798
29798
29799
29806
29807
29809
29809
29811
29811
29812
29813
29813
29815
29817
29817
29818
29822
29823
29824
29825
29826
29826
29826
29826
29827
29827
29828
29829
29831
29832
29832
29835
29835
29838
29841
29844
29845
29845
29849
29849
29850
29851
29852
29852
29853
29853
29854
29855
29855
29859
29861
29864
29865
29866
29866
29869
29870
29871
29872
29872
29873
29874
29874
29874
29875
29876
29877
29878
29878
29879
29880
29883
29885
29885
29887
29889
29890
29890
29890
29891
29891
29892
29895
29897
29898
29899
29899
29899
29900
29901
29901
29901
29901
29902
29905
29905
29906
29906
29907
29908
29908
29909
29911
29912
29912
29912
29913
29914
29914
29916
29919
29921
29924
29925
29925
29925
29927
29927
29928
29928
29929
29930
29931
29931
29932
29933
29935
29935
29936
29938
29940
29942
29942
29944
29944
29944
29945
29946
29947
29950
29950
29951
29951
29951
29952
29952
29952
29953
29953
29953
29953
29953
29955
29958
29958
29959
29960
29960
29960
29960
29961
29961
29963
29963
29965
29968
29969
29969
29970
29971
29972
29972
29972
29973
29976
29976
29983
29983
29985
29986
29986
29986
29987
29987
29988
29989
29989
29989
29990
29991
29991
29993
29993
29994
29994
29995
29998
29998
29999
30000
30000
30001
30001
30001
30002
30002
30003
30004
30004
30008
30008
30010
30011
30012
30012
30012
30012
30013
30013
30014
30014
30014
30016
30017
30017
30017
30018
30019
30019
30019
30020
30021
30021
30023
30023
30023
30025
30025
30025
30026
30027
30029
30029
30029
30030
30030
30030
30031
30032
30032
30033
30034
30038
30044
30045
30047
30047
30051
30051
30052
30052
30054
30055
30055
30056
30056
30058
30060
30062
30063
30064
30066
30068
30068
30070
30071
30071
30072
30074
30074
30074
30075
30075
30075
30078
30078
30081
30081
30081
30082
30084
30086
30087
30091
30091
30094
30095
30099
30100
30100
30104
30105
30105
30105
30106
30106
30107
30107
30109
30110
30112
30112
30115
30117
30117
30118
30119
30119
30120
30120
30121
30126
30127
30127
30128
30128
30128
30128
30129
30129
30130
30130
30130
30130
30132
30134
30136
30138
30139
30140
30141
30141
30142
30143
30143
30148
30149
30152
30153
30154
30156
30157
30159
30160
30160
30161
30161
30162
30162
30163
30163
30163
30163
30164
30164
30166
30166
30167
30168
30168
30169
30172
30172
30174
30174
30175
30176
30176
30176
30176
30177
30179
30179
30180
30181
30182
30183
30183
30184
30187
30195
30195
30196
30198
30199
30200
30201
30203
30204
30204
30205
30207
30209
30210
30210
30212
30212
30213
30214
30214
30216
30216
30217
30217
30218
30218
30218
30220
30221
30223
30223
30223
30223
30224
30225
30225
30225
30226
30229
30230
30231
30232
30232
30233
30235
30235
30236
30237
30237
30239
30239
30244
30246
30247
30247
30249
30250
30251
30252
30253
30253
30253
30254
30254
30255
30255
30256
30257
30257
30257
30258
30262
30263
30264
30265
30265
30265
30266
30266
30266
30267
30268
30268
30269
30269
30272
30272
30274
30274
30274
30276
30277
30277
30277
30281
30282
30283
30283
30283
30283
30283
30284
30284
30284
30286
30286
30287
30288
30290
30290
30290
30290
30291
30292
30294
30294
30294
30294
30295
30296
30299
30300
30302
30302
30308
30309
30311
30312
30313
30314
30316
30318
30321
30321
30322
30323
30324
30324
30325
30326
30327
30330
30331
30334
30335
30336
30338
30339
30339
30340
30341
30341
30342
30343
30344
30345
30345
30345
30346
30347
30349
30350
30351
30351
30353
30354
30355
30356
30357
30360
30361
30361
30361
30362
30362
30363
30363
30364
30366
30366
30367
30367
30368
30370
30370
30371
30374
30374
30375
30378
30379
30381
30381
30384
30384
30384
30385
30385
30389
30390
30392
30398
30401
30401
30403
30403
30404
30405
30407
30410
30410
30411
30412
30412
30413
30413
30416
30416
30418
30419
30420
30420
30423
30424
30425
30428
30428
30431
30431
30431
30433
30444
30444
30444
30446
30447
30447
30448
30448
30451
30454
30455
30460
30461
30461
30462
30462
30463
30463
30465
30466
30469
30470
30473
30474
30475
30476
30478
30478
30479
30482
30483
30483
30484
30484
30485
30485
30485
30487
30490
30490
30492
30493
30495
30497
30497
30498
30499
30500
30501
30503
30504
30504
30504
30505
30507
30507
30508
30509
30513
30514
30514
30514
30515
30515
30516
30519
30520
30522
30522
30522
30523
30523
30526
30529
30530
30531
30531
30531
30531
30533
30533
30534
30534
30535
30538
30539
30539
30541
30542
30543
30545
30545
30545
30548
30549
30549
30550
30552
30553
30554
30554
30555
30555
30556
30556
30558
30559
30559
30560
30561
30562
30562
30567
30568
30569
30569
30569
30569
30570
30570
30570
30571
30571
30573
30573
30574
30575
30577
30578
30579
30580
30581
30584
30585
30586
30586
30587
30588
30588
30590
30594
30595
30597
30599
30601
30602
30606
30606
30606
30607
30609
30612
30613
30614
30615
30615
30615
30616
30618
30618
30619
30620
30621
30622
30623
30624
30626
30626
30627
30627
30627
30627
30629
30629
30630
30630
30631
30631
30633
30635
30637
30638
30638
30639
30640
30640
30640
30641
30642
30642
30643
30643
30644
30645
30647
30650
30650
30650
30651
30652
30653
30654
30655
30655
30655
30657
30657
30661
30662
30663
30664
30664
30664
30666
30666
30667
30668
30668
30668
30671
30671
30671
30671
30672
30675
30677
30680
30680
30680
30681
30682
30683
30683
30683
30683
30684
30685
30686
30686
30686
30687
30687
30688
30689
30689
30694
30695
30696
30697
30698
30698
30701
30703
30704
30706
30707
30708
30708
30714
30714
30715
30719
30719
30719
30719
30721
30722
30722
30722
30722
30723
30723
30724
30724
30726
30726
30727
30727
30728
30728
30728
30729
30731
30732
30733
30733
30736
30738
30738
30739
30739
30740
30740
30741
30741
30742
30742
30743
30744
30745
30746
30746
30747
30747
30748
30748
30750
30752
30752
30753
30755
30755
30756
30756
30758
30758
30758
30759
30759
30760
30760
30761
30762
30762
30764
30767
30768
30771
30773
30775
30778
30780
30780
30780
30780
30781
30781
30783
30783
30784
30784
30784
30784
30785
30786
30786
30787
30788
30789
30790
30790
30791
30792
30796
30796
30797
30798
30799
30801
30801
30802
30807
30809
30809
30810
30810
30811
30811
30812
30814
30816
30818
30820
30820
30821
30821
30822
30822
30823
30823
30824
30826
30826
30830
30830
30830
30830
30831
30831
30832
30832
30834
30835
30836
30836
30836
30838
30840
30841
30841
30841
30842
30846
30847
30847
30850
30851
30853
30856
30856
30857
30857
30858
30859
30860
30860
30861
30861
30863
30863
30866
30867
30868
30869
30871
30873
30875
30876
30876
30876
30878
30878
30879
30882
30884
30885
30887
30889
30890
30892
30893
30895
30895
30895
30897
30897
30898
30900
30904
30907
30909
30912
30913
30914
30914
30915
30915
30915
30915
30916
30916
30917
30917
30917
30917
30918
30919
30919
30920
30920
30920
30920
30920
30921
30922
30922
30924
30924
30926
30926
30928
30930
30931
30931
30935
30935
30937
30938
30938
30938
30940
30940
30940
30940
30941
30942
30942
30943
30945
30945
30945
30945
30948
30951
30951
30951
30952
30955
30956
30957
30957
30957
30958
30958
30959
30962
30963
30963
30963
30964
30965
30966
30966
30967
30968
30972
30972
30973
30973
30974
30976
30977
30980
30981
30981
30982
30983
30984
30984
30984
30985
30986
30987
30988
30988
30988
30989
30990
30990
30990
30991
30994
30994
30994
30995
30995
30996
30998
31000
31001
31002
31003
31003
31007
31010
31011
31013
31013
31013
31015
31015
31016
31017
31018
31018
31022
31023
31024
31026
31027
31027
31027
31030
31030
31031
31033
31035
31037
31038
31039
31039
31040
31040
31041
31041
31041
31044
31044
31044
31046
31047
31048
31049
31049
31051
31055
31056
31058
31060
31060
31061
31063
31063
31066
31069
31069
31069
31069
31072
31072
31074
31075
31075
31075
31077
31078
31078
31078
31078
31082
31082
31083
31083
31083
31083
31085
31086
31086
31086
31086
31086
31088
31089
31090
31091
31092
31092
31093
31093
31093
31094
31094
31095
31095
31096
31097
31098
31099
31099
31099
31100
31100
31103
31104
31104
31105
31105
31107
31107
31107
31107
31108
31109
31110
31112
31112
31112
31114
31114
31114
31120
31120
31121
31124
31125
31125
31125
31125
31125
31125
31126
31128
31128
31129
31129
31132
31132
31133
31133
31133
31133
31135
31136
31136
31136
31138
31138
31140
31140
31140
31140
31142
31143
31144
31147
31151
31152
31152
31153
31154
31154
31154
31156
31159
31159
31160
31161
31161
31164
31165
31166
31167
31167
31168
31168
31169
31169
31170
31170
31171
31172
31173
31175
31176
31176
31179
31181
31181
31181
31181
31183
31184
31185
31186
31188
31188
31189
31189
31189
31189
31192
31192
31196
31197
31198
31198
31198
31199
31199
31200
31201
31202
31203
31204
31204
31205
31205
31206
31207
31207
31208
31209
31209
31210
31212
31213
31214
31215
31218
31220
31223
31229
31229
31230
31231
31232
31232
31233
31233
31234
31234
31236
31236
31237
31238
31238
31239
31239
31239
31239
31240
31240
31241
31241
31242
31242
31243
31243
31244
31244
31245
31245
31247
31248
31249
31249
31249
31250
31250
31252
31253
31253
31254
31254
31254
31254
31257
31257
31257
31257
31258
31259
31260
31260
31260
31262
31264
31264
31264
31265
31265
31266
31267
31267
31267
31268
31269
31269
31271
31273
31274
31274
31276
31277
31279
31280
31280
31281
31282
31285
31286
31286
31287
31287
31288
31288
31289
31289
31290
31292
31295
31295
31296
31297
31297
31298
31298
31304
31304
31305
31306
31307
31308
31309
31309
31309
31310
31311
31311
31311
31312
31312
31313
31314
31314
31315
31315
31315
31315
31318
31319
31321
31322
31322
31324
31324
31326
31326
31326
31327
31328
31329
31329
31330
31333
31334
31334
31334
31337
31338
31339
31339
31340
31342
31342
31343
31343
31344
31344
31347
31348
31348
31348
31349
31350
31351
31352
31352
31353
31353
31354
31355
31356
31356
31357
31357
31358
31360
31363
31365
31365
31365
31366
31368
31368
31369
31369
31369
31369
31370
31371
31372
31374
31375
31375
31379
31381
31384
31384
31385
31385
31386
31388
31389
31389
31389
31390
31393
31394
31394
31394
31395
31395
31399
31402
31403
31407
31409
31410
31411
31411
31411
31414
31416
31418
31418
31423
31424
31426
31426
31427
31428
31428
31429
31429
31430
31430
31431
31432
31432
31432
31434
31435
31435
31437
31439
31441
31442
31444
31444
31444
31444
31446
31450
31451
31451
31453
31453
31454
31454
31454
31456
31458
31458
31460
31460
31461
31463
31464
31466
31466
31468
31469
31469
31469
31470
31473
31473
31473
31474
31474
31475
31476
31476
31478
31479
31480
31481
31482
31483
31483
31486
31487
31488
31488
31488
31488
31489
31490
31492
31493
31499
31499
31500
31500
31501
31503
31504
31504
31504
31505
31505
31506
31508
31508
31510
31512
31513
31516
31517
31518
31519
31520
31521
31522
31522
31523
31525
31525
31525
31527
31528
31528
31530
31531
31531
31531
31532
31534
31535
31536
31538
31540
31541
31542
31542
31546
31546
31548
31549
31550
31551
31554
31554
31558
31562
31563
31564
31564
31565
31565
31565
31565
31565
31566
31568
31568
31569
31571
31571
31573
31574
31574
31575
31575
31576
31580
31580
31580
31581
31581
31583
31586
31587
31588
31589
31589
31590
31590
31591
31591
31591
31592
31593
31593
31595
31596
31596
31598
31598
31598
31598
31599
31599
31600
31600
31600
31600
31600
31600
31601
31603
31604
31605
31607
31612
31616
31618
31618
31619
31619
31620
31620
31623
31624
31626
31626
31629
31629
31629
31629
31630
31631
31631
31632
31632
31633
31633
31634
31634
31636
31639
31642
31645
31646
31648
31650
31650
31651
31657
31657
31658
31658
31659
31662
31663
31664
31664
31664
31667
31669
31670
31671
31671
31672
31673
31674
31674
31675
31676
31678
31680
31682
31683
31683
31685
31685
31685
31688
31692
31693
31693
31695
31696
31696
31697
31697
31698
31700
31704
31705
31706
31706
31707
31708
31710
31711
31713
31715
31716
31719
31719
31719
31720
31720
31720
31721
31721
31725
31725
31726
31727
31728
31729
31729
31733
31733
31733
31734
31735
31735
31736
31736
31737
31738
31740
31741
31741
31741
31742
31742
31743
31744
31744
31745
31745
31746
31747
31747
31748
31749
31752
31752
31752
31753
31754
31754
31754
31759
31760
31761
31762
31763
31764
31765
31765
31765
31765
31766
31766
31768
31770
31771
31771
31771
31772
31773
31773
31774
31775
31775
31776
31776
31776
31777
31777
31777
31777
31778
31780
31781
31781
31782
31783
31783
31785
31786
31787
31788
31788
31790
31790
31790
31791
31792
31793
31793
31794
31797
31798
31798
31798
31799
31801
31802
31804
31805
31807
31808
31809
31812
31812
31813
31813
31814
31814
31814
31816
31818
31819
31819
31822
31823
31825
31825
31826
31828
31829
31830
31832
31832
31833
31834
31836
31836
31837
31837
31837
31837
31837
31839
31839
31840
31840
31840
31841
31841
31843
31844
31846
31846
31847
31847
31847
31848
31851
31851
31851
31852
31854
31855
31856
31858
31859
31859
31860
31861
31862
31862
31864
31864
31864
31864
31866
31866
31867
31867
31867
31868
31868
31868
31869
31869
31872
31872
31874
31875
31875
31876
31876
31876
31877
31877
31877
31878
31878
31879
31879
31879
31882
31884
31885
31886
31886
31887
31889
31889
31889
31891
31892
31892
31897
31898
31900
31900
31900
31900
31901
31901
31902
31902
31902
31902
31903
31903
31904
31905
31905
31905
31906
31907
31909
31909
31910
31911
31912
31912
31913
31914
31918
31920
31920
31921
31925
31925
31929
31930
31931
31932
31932
31933
31933
31934
31935
31936
31936
31937
31937
31943
31945
31946
31946
31947
31947
31948
31951
31953
31955
31955
31955
31957
31957
31958
31958
31958
31961
31963
31964
31966
31966
31969
31970
31970
31972
31972
31972
31974
31974
31975
31975
31975
31977
31978
31979
31980
31981
31983
31984
31987
31993
31994
31995
31997
31998
31998
32001
32002
32003
32004
32005
32007
32007
32007
32008
32012
32012
32016
32017
32017
32018
32019
32020
32022
32028
32029
32031
32031
32032
32032
32033
32033
32034
32034
32035
32037
32038
32038
32039
32041
32044
32048
32051
32051
32052
32053
32054
32056
32058
32059
32061
32062
32064
32064
32065
32067
32067
32067
32069
32069
32071
32071
32072
32072
32074
32075
32077
32077
32077
32080
32080
32082
32082
32083
32088
32089
32089
32089
32091
32091
32094
32095
32095
32097
32098
32100
32101
32101
32103
32104
32105
32105
32105
32106
32107
32111
32111
32111
32112
32115
32116
32116
32117
32118
32119
32120
32120
32121
32122
32123
32123
32125
32125
32125
32125
32126
32126
32127
32127
32130
32131
32132
32132
32133
32133
32133
32135
32136
32138
32139
32139
32140
32141
32142
32143
32147
32150
32150
32151
32156
32158
32158
32158
32159
32159
32161
32161
32161
32162
32162
32163
32164
32169
32169
32169
32169
32170
32176
32177
32178
32181
32181
32181
32182
32183
32184
32184
32185
32185
32186
32187
32188
32188
32190
32191
32192
32193
32194
32197
32200
32201
32202
32203
32203
32203
32205
32211
32211
32212
32213
32214
32217
32217
32217
32218
32218
32220
32221
32223
32224
32225
32225
32226
32226
32227
32227
32228
32233
32238
32239
32240
32240
32242
32242
32243
32245
32246
32251
32251
32256
32257
32257
32261
32263
32263
32265
32265
32266
32267
32268
32268
32269
32269
32270
32271
32273
32275
32277
32277
32277
32277
32279
32280
32280
32280
32280
32281
32281
32282
32283
32284
32284
32284
32284
32285
32287
32287
32288
32288
32289
32289
32291
32292
32294
32296
32296
32297
32301
32301
32302
32302
32304
32304
32304
32304
32307
32308
32308
32309
32311
32312
32313
32316
32321
32322
32324
32324
32326
32328
32329
32332
32332
32333
32334
32334
32334
32336
32338
32341
32342
32344
32344
32345
32345
32346
32347
32347
32348
32349
32349
32349
32350
32351
32352
32352
32353
32354
32354
32355
32355
32356
32357
32359
32362
32364
32366
32369
32370
32373
32375
32375
32375
32375
32376
32378
32380
32384
32385
32385
32386
32387
32389
32389
32391
32391
32391
32392
32392
32393
32393
32395
32395
32396
32396
32398
32400
32400
32403
32404
32405
32406
32407
32407
32407
32408
32409
32409
32412
32413
32415
32417
32417
32417
32419
32421
32421
32421
32423
32424
32425
32426
32426
32427
32427
32427
32428
32430
32430
32430
32433
32433
32433
32433
32434
32434
32434
32434
32434
32435
32436
32436
32439
32439
32439
32439
32440
32440
32442
32442
32442
32443
32443
32443
32445
32447
32447
32448
32449
32449
32452
32454
32455
32455
32457
32457
32459
32461
32462
32463
32467
32470
32472
32472
32472
32473
32473
32474
32475
32475
32475
32476
32476
32476
32481
32482
32483
32483
32484
32484
32488
32488
32489
32490
32491
32491
32492
32492
32494
32495
32498
32500
32502
32506
32506
32506
32509
32509
32510
32513
32513
32514
32517
32517
32518
32519
32520
32522
32524
32525
32526
32527
32528
32532
32533
32534
32534
32539
32539
32542
32544
32545
32546
32547
32548
32551
32552
32553
32554
32555
32556
32557
32557
32558
32559
32559
32559
32560
32561
32561
32561
32563
32563
32564
32564
32566
32567
32567
32567
32572
32573
32576
32576
32577
32578
32578
32580
32580
32581
32582
32582
32582
32582
32582
32583
32583
32585
32586
32586
32587
32587
32589
32590
32591
32592
32593
32596
32597
32598
32601
32603
32603
32604
32604
32605
32606
32606
32607
32608
32608
32608
32608
32610
32610
32610
32610
32612
32613
32613
32613
32616
32616
32617
32618
32620
32620
32621
32621
32621
32621
32625
32625
32626
32627
32627
32628
32628
32629
32630
32632
32634
32635
32636
32637
32638
32639
32640
32641
32641
32643
32643
32646
32646
32648
32649
32649
32650
32652
32652
32652
32652
32654
32654
32655
32656
32656
32657
32658
32658
32660
32662
32662
32663
32664
32664
32665
32665
32669
32674
32677
32679
32681
32681
32681
32682
32683
32683
32685
32686
32688
32691
32692
32693
32694
32694
32694
32695
32696
32697
32697
32698
32698
32699
32700
32700
32700
32700
32701
32701
32702
32702
32704
32706
32706
32708
32709
32710
32711
32712
32712
32713
32714
32715
32715
32717
32717
32722
32722
32723
32723
32725
32725
32727
32730
32731
32732
32735
32736
32736
32736
32738
32739
32740
32740
32741
32741
32743
32744
32747
32748
32750
32751
32752
32755
32755
32756
32758
32759
32759
32760
32760
32760
32761
32762
32763
32765
32766
32767
32768
32769
32772
32772
32772
32773
32775
32776
32779
32782
32783
32784
32784
32785
32785
32786
32786
32786
32786
32786
32794
32794
32795
32795
32797
32799
32800
32800
32801
32806
32807
32808
32809
32809
32809
32810
32812
32813
32818
32818
32822
32824
32824
32825
32826
32827
32828
32828
32829
32829
32831
32834
32836
32836
32837
32838
32839
32839
32840
32840
32841
32841
32842
32843
32845
32845
32848
32850
32850
32851
32851
32852
32853
32853
32854
32855
32855
32856
32856
32858
32859
32862
32863
32864
32867
32868
32868
32868
32869
32869
32871
32871
32873
32874
32874
32877
32880
32882
32883
32883
32884
32884
32885
32886
32886
32888
32889
32889
32889
32891
32892
32893
32894
32894
32895
32896
32896
32897
32898
32899
32900
32902
32903
32904
32904
32904
32904
32904
32905
32905
32907
32908
32912
32912
32914
32916
32918
32918
32920
32920
32922
32923
32924
32925
32925
32925
32926
32926
32927
32928
32931
32931
32931
32931
32932
32932
32932
32935
32939
32939
32940
32941
32942
32942
32942
32943
32943
32943
32949
32950
32951
32951
32951
32952
32953
32955
32956
32958
32958
32958
32959
32961
32961
32962
32962
32963
32964
32965
32966
32967
32967
32968
32968
32968
32968
32969
32970
32972
32973
32973
32976
32977
32977
32978
32978
32979
32979
32980
32983
32984
32984
32985
32986
32989
32989
32989
32990
32991
32991
32994
32997
32998
32998
33001
33004
33008
33009
33010
33010
33011
33013
33013
33013
33014
33017
33019
33019
33020
33021
33021
33021
33023
33024
33025
33025
33025
33026
33028
33029
33029
33030
33031
33032
33033
33033
33033
33034
33034
33034
33035
33036
33036
33036
33038
33038
33039
33040
33041
33043
33043
33046
33047
33047
33048
33048
33048
33050
33052
33052
33052
33053
33053
33053
33056
33056
33060
33063
33064
33065
33065
33066
33067
33068
33068
33069
33069
33069
33069
33069
33070
33071
33072
33074
33076
33076
33076
33077
33077
33078
33078
33080
33080
33081
33082
33082
33083
33083
33085
33086
33088
33089
33090
33091
33093
33094
33095
33097
33099
33102
33103
33104
33106
33108
33108
33108
33109
33111
33114
33115
33116
33116
33116
33117
33118
33118
33125
33126
33126
33128
33129
33129
33130
33130
33131
33133
33133
33134
33136
33137
33140
33141
33141
33142
33142
33142
33143
33143
33143
33147
33147
33147
33150
33151
33151
33151
33151
33152
33153
33153
33157
33158
33158
33159
33159
33162
33163
33165
33166
33167
33169
33171
33173
33173
33173
33173
33175
33175
33177
33177
33177
33179
33179
33180
33181
33183
33185
33185
33186
33187
33187
33188
33188
33192
33193
33194
33195
33195
33195
33196
33197
33198
33198
33199
33199
33199
33200
33200
33202
33203
33204
33207
33207
33208
33208
33209
33209
33209
33210
33212
33212
33212
33212
33213
33214
33215
33217
33218
33219
33220
33221
33222
33224
33225
33228
33229
33229
33230
33230
33231
33231
33233
33233
33233
33237
33238
33240
33240
33245
33246
33247
33248
33249
33249
33250
33252
33252
33256
33256
33256
33257
33258
33258
33258
33259
33259
33260
33261
33263
33264
33266
33268
33268
33268
33268
33268
33269
33272
33273
33273
33274
33274
33274
33275
33276
33277
33279
33279
33280
33282
33283
33284
33284
33285
33285
33287
33288
33288
33288
33288
33288
33288
33289
33290
33291
33294
33296
33296
33298
33299
33299
33300
33301
33302
33304
33304
33308
33309
33309
33310
33310
33313
33314
33314
33315
33316
33316
33316
33318
33318
33322
33324
33325
33326
33328
33329
33333
33333
33333
33334
33335
33335
33337
33339
33339
33339
33340
33340
33341
33341
33341
33344
33344
33344
33345
33345
33346
33347
33348
33350
33352
33352
33353
33353
33354
33355
33355
33356
33356
33357
33357
33357
33359
33360
33360
33360
33361
33364
33364
33365
33366
33369
33369
33370
33370
33372
33372
33375
33376
33377
33377
33379
33380
33380
33381
33382
33382
33383
33384
33385
33385
33389
33389
33390
33392
33394
33396
33397
33400
33400
33401
33402
33403
33403
33403
33404
33404
33405
33405
33405
33408
33408
33408
33409
33410
33411
33411
33413
33413
33415
33416
33416
33416
33418
33418
33418
33418
33419
33420
33421
33423
33424
33424
33425
33425
33426
33429
33430
33430
33432
33432
33433
33435
33435
33439
33441
33442
33443
33446
33447
33449
33449
33449
33450
33452
33452
33453
33453
33454
33456
33456
33456
33457
33457
33457
33458
33459
33459
33459
33460
33462
33463
33463
33464
33464
33466
33466
33467
33467
33468
33470
33472
33473
33473
33473
33476
33480
33480
33481
33482
33483
33485
33485
33485
33486
33486
33487
33489
33492
33492
33492
33492
33493
33493
33494
33496
33497
33499
33499
33501
33502
33502
33502
33505
33508
33510
33512
33512
33513
33514
33514
33515
33516
33518
33522
33523
33524
33524
33526
33527
33527
33529
33529
33529
33529
33531
33533
33534
33537
33538
33539
33539
33540
33541
33543
33544
33545
33545
33545
33546
33546
33547
33547
33548
33551
33553
33556
33557
33559
33559
33560
33560
33564
33567
33567
33569
33569
33569
33570
33572
33572
33573
33574
33574
33574
33575
33576
33578
33578
33579
33579
33580
33580
33580
33580
33582
33584
33585
33588
33589
33589
33589
33589
33591
33592
33593
33593
33594
33594
33595
33599
33601
33601
33602
33603
33604
33605
33605
33605
33605
33606
33607
33609
33610
33611
33611
33612
33612
33613
33613
33617
33617
33621
33621
33622
33622
33622
33622
33623
33625
33625
33626
33626
33626
33626
33628
33628
33628
33629
33629
33630
33632
33633
33633
33635
33637
33637
33637
33637
33638
33639
33640
33640
33641
33644
33644
33644
33645
33645
33645
33647
33647
33649
33650
33650
33650
33652
33652
33655
33656
33656
33660
33661
33662
33663
33663
33664
33665
33666
33666
33667
33669
33669
33669
33673
33673
33675
33676
33676
33678
33678
33680
33681
33681
33682
33682
33683
33684
33685
33687
33688
33688
33688
33690
33693
33694
33694
33695
33695
33696
33696
33696
33697
33698
33699
33699
33699
33700
33703
33703
33703
33704
33704
33706
33707
33707
33707
33708
33709
33710
33710
33710
33711
33712
33713
33713
33717
33718
33721
33722
33723
33723
33723
33723
33724
33726
33727
33729
33729
33731
33731
33731
33732
33733
33733
33733
33733
33733
33740
33741
33741
33743
33743
33744
33744
33745
33745
33746
33746
33747
33751
33753
33753
33754
33754
33755
33757
33758
33759
33759
33761
33762
33763
33765
33765
33766
33771
33771
33771
33772
33772
33773
33775
33777
33777
33779
33779
33780
33781
33782
33783
33784
33785
33785
33785
33785
33789
33789
33790
33790
33796
33796
33798
33798
33799
33799
33799
33799
33801
33802
33802
33802
33804
33807
33808
33809
33810
33811
33812
33812
33812
33813
33815
33815
33817
33818
33818
33818
33820
33820
33821
33821
33821
33821
33822
33824
33824
33824
33825
33826
33827
33827
33827
33828
33828
33829
33830
33831
33835
33836
33836
33839
33839
33839
33840
33843
33844
33846
33847
33847
33849
33849
33850
33851
33851
33851
33851
33856
33856
33857
33857
33858
33859
33859
33862
33863
33864
33865
33865
33866
33867
33867
33867
33867
33868
33868
33871
33872
33873
33874
33876
33877
33880
33880
33881
33881
33882
33882
33883
33884
33884
33885
33886
33887
33887
33887
33887
33888
33890
33890
33890
33891
33897
33897
33897
33898
33898
33898
33901
33903
33903
33903
33906
33907
33908
33911
33912
33913
33913
33914
33914
33915
33915
33917
33917
33920
33921
33921
33922
33926
33930
33930
33931
33932
33932
33936
33937
33938
33939
33942
33943
33943
33944
33946
33948
33949
33950
33951
33955
33956
33956
33957
33961
33961
33964
33964
33966
33967
33967
33968
33969
33970
33971
33972
33972
33972
33975
33977
33978
33979
33979
33979
33980
33980
33982
33983
33984
33985
33985
33985
33986
33987
33988
33989
33990
33991
33992
33993
33995
33996
33996
33998
33998
33998
33999
34002
34003
34003
34006
34006
34008
34009
34009
34010
34010
34011
34011
34011
34012
34012
34012
34013
34015
34016
34016
34017
34020
34021
34021
34022
34022
34023
34024
34025
34025
34026
34026
34028
34029
34030
34032
34032
34033
34034
34035
34035
34036
34037
34038
34039
34040
34040
34041
34042
34044
34045
34045
34045
34048
34048
34049
34050
34050
34051
34052
34052
34053
34055
34058
34059
34059
34061
34061
34061
34062
34063
34063
34063
34063
34063
34063
34064
34066
34066
34068
34070
34070
34071
34071
34072
34074
34075
34075
34076
34077
34078
34078
34078
34080
34081
34082
34084
34085
34088
34088
34090
34090
34091
34092
34092
34092
34092
34093
34096
34097
34098
34099
34101
34102
34107
34108
34109
34109
34109
34110
34110
34110
34112
34113
34113
34115
34116
34116
34118
34120
34121
34121
34121
34122
34122
34123
34123
34124
34124
34124
34126
34129
34130
34132
34133
34137
34137
34137
34138
34138
34138
34139
34140
34142
34143
34146
34146
34146
34147
34148
34149
34152
34152
34152
34153
34153
34158
34159
34160
34160
34160
34161
34162
34162
34162
34162
34165
34166
34166
34166
34168
34169
34169
34169
34169
34170
34170
34170
34171
34172
34172
34176
34176
34177
34181
34183
34184
34185
34186
34186
34186
34187
34189
34189
34191
34191
34191
34192
34192
34192
34193
34193
34194
34195
34196
34196
34197
34197
34198
34199
34199
34200
34201
34203
34203
34203
34205
34205
34205
34205
34207
34207
34209
34210
34210
34211
34212
34213
34214
34214
34214
34214
34215
34215
34216
34216
34217
34218
34219
34220
34225
34225
34227
34229
34229
34231
34232
34232
34232
34232
34232
34238
34238
34239
34239
34241
34242
34243
34243
34243
34243
34244
34245
34247
34248
34248
34248
34249
34250
34250
34254
34255
34257
34257
34258
34258
34259
34259
34262
34262
34262
34263
34263
34263
34263
34264
34265
34267
34268
34269
34269
34271
34272
34275
34277
34280
34281
34281
34283
34285
34286
34288
34288
34289
34290
34290
34290
34293
34293
34293
34294
34294
34294
34297
34298
34299
34302
34302
34303
34303
34304
34305
34305
34305
34307
34309
34310
34311
34313
34317
34318
34318
34319
34321
34321
34322
34323
34324
34324
34326
34327
34327
34330
34330
34332
34332
34333
34334
34334
34335
34336
34338
34340
34340
34341
34341
34342
34342
34343
34345
34346
34347
34348
34348
34349
34349
34350
34351
34351
34351
34355
34355
34356
34358
34358
34359
34359
34360
34362
34362
34363
34366
34366
34366
34366
34367
34369
34369
34370
34370
34370
34370
34371
34372
34372
34373
34374
34374
34375
34375
34375
34376
34377
34379
34379
34382
34382
34385
34386
34386
34389
34389
34391
34392
34393
34393
34395
34397
34398
34398
34399
34399
34401
34404
34405
34405
34406
34406
34408
34408
34410
34413
34413
34415
34418
34419
34420
34421
34422
34423
34423
34425
34426
34426
34426
34427
34427
34427
34427
34427
34429
34430
34430
34432
34433
34434
34435
34436
34438
34438
34438
34440
34440
34440
34443
34443
34445
34448
34448
34448
34452
34452
34452
34452
34453
34454
34455
34456
34459
34459
34462
34462
34463
34463
34464
34465
34466
34467
34468
34470
34470
34471
34471
34471
34473
34473
34473
34473
34474
34474
34475
34475
34475
34476
34476
34477
34479
34479
34480
34481
34481
34483
34485
34486
34486
34487
34488
34488
34488
34490
34490
34491
34492
34493
34493
34494
34494
34495
34495
34497
34497
34497
34499
34501
34501
34504
34504
34505
34507
34511
34511
34513
34516
34517
34517
34518
34520
34520
34521
34524
34524
34525
34525
34527
34527
34527
34529
34529
34531
34533
34534
34535
34536
34539
34539
34540
34540
34541
34541
34541
34542
34547
34547
34552
34554
34554
34555
34556
34557
34557
34557
34558
34559
34560
34560
34561
34561
34561
34562
34563
34565
34570
34571
34572
34572
34573
34574
34575
34576
34578
34578
34580
34580
34580
34580
34580
34581
34583
34583
34583
34585
34586
34586
34586
34588
34588
34595
34598
34599
34600
34601
34603
34603
34603
34603
34604
34605
34606
34606
34608
34608
34610
34611
34611
34611
34612
34612
34615
34617
34618
34620
34620
34621
34621
34622
34622
34623
34623
34627
34629
34630
34630
34631
34631
34631
34632
34633
34633
34633
34635
34635
34636
34637
34638
34638
34639
34640
34641
34642
34643
34643
34647
34649
34649
34651
34652
34653
34653
34655
34655
34660
34662
34664
34665
34669
34669
34671
34671
34672
34674
34675
34677
34677
34677
34678
34679
34679
34680
34680
34681
34682
34682
34683
34683
34684
34686
34686
34686
34686
34688
34689
34692
34692
34692
34693
34693
34694
34694
34695
34697
34697
34698
34699
34700
34701
34702
34703
34705
34707
34707
34709
34709
34711
34711
34713
34713
34715
34717
34717
34717
34719
34719
34720
34721
34721
34722
34723
34724
34728
34730
34730
34731
34731
34733
34733
34734
34734
34735
34735
34735
34735
34736
34736
34737
34737
34737
34738
34739
34739
34740
34740
34742
34742
34742
34743
34743
34743
34744
34745
34746
34748
34748
34748
34751
34751
34753
34755
34757
34757
34759
34760
34766
34767
34768
34769
34770
34772
34772
34773
34774
34774
34775
34775
34776
34778
34779
34779
34780
34781
34782
34782
34784
34784
34785
34785
34786
34786
34786
34786
34787
34787
34788
34789
34790
34790
34791
34791
34793
34796
34796
34796
34799
34801
34802
34805
34806
34807
34807
34811
34811
34811
34812
34813
34813
34813
34816
34816
34817
34817
34817
34818
34819
34819
34820
34821
34822
34823
34823
34824
34825
34825
34827
34828
34828
34828
34828
34829
34830
34831
34832
34832
34833
34835
34835
34835
34836
34838
34841
34843
34845
34848
34849
34850
34851
34851
34852
34853
34854
34855
34855
34856
34858
34861
34861
34861
34862
34864
34865
34865
34870
34870
34871
34871
34872
34873
34873
34874
34877
34879
34879
34880
34880
34881
34881
34881
34882
34882
34884
34885
34887
34888
34888
34890
34890
34890
34891
34891
34891
34891
34892
34892
34893
34894
34897
34898
34901
34901
34903
34904
34904
34905
34905
34906
34908
34909
34910
34914
34914
34915
34916
34916
34919
34921
34924
34925
34925
34925
34926
34927
34927
34928
34929
34929
34930
34932
34932
34934
34934
34935
34935
34936
34936
34938
34939
34941
34944
34946
34946
34947
34947
34949
34949
34951
34955
34955
34955
34956
34957
34957
34960
34960
34963
34963
34964
34964
34964
34965
34966
34967
34967
34968
34970
34971
34971
34972
34973
34973
34974
34975
34976
34978
34978
34978
34979
34980
34981
34983
34984
34984
34985
34985
34986
34986
34988
34989
34990
34991
34991
34991
34992
34994
34996
35000
35000
35001
35002
35002
35003
35004
35006
35008
35008
35008
35009
35010
35010
35010
35011
35011
35011
35015
35018
35018
35019
35020
35023
35028
35028
35029
35029
35029
35035
35036
35038
35040
35040
35043
35044
35048
35049
35051
35053
35053
35054
35055
35057
35057
35060
35061
35061
35062
35062
35063
35064
35064
35064
35066
35066
35067
35068
35069
35069
35071
35072
35073
35079
35079
35080
35080
35081
35081
35082
35082
35084
35084
35085
35087
35088
35090
35092
35095
35099
35099
35099
35100
35100
35100
35101
35103
35105
35105
35105
35106
35107
35107
35108
35108
35109
35111
35112
35113
35113
35114
35115
35116
35116
35118
35118
35119
35120
35121
35121
35121
35122
35122
35123
35123
35123
35124
35125
35125
35126
35128
35128
35128
35130
35132
35133
35135
35136
35137
35137
35138
35138
35139
35139
35141
35143
35143
35144
35148
35149
35150
35151
35152
35153
35154
35154
35155
35155
35157
35158
35159
35159
35159
35161
35162
35163
35163
35163
35165
35166
35166
35168
35168
35169
35170
35170
35170
35171
35171
35172
35173
35174
35175
35176
35177
35178
35179
35179
35179
35180
35180
35181
35183
35183
35186
35189
35189
35190
35190
35191
35192
35192
35192
35192
35193
35193
35194
35194
35195
35196
35197
35197
35197
35198
35198
35199
35200
35201
35201
35202
35202
35203
35203
35203
35203
35204
35208
35208
35210
35210
35211
35214
35216
35218
35219
35220
35221
35222
35223
35223
35226
35227
35227
35229
35229
35229
35230
35234
35234
35234
35237
35237
35242
35243
35244
35246
35246
35247
35248
35249
35249
35249
35250
35250
35251
35252
35252
35252
35254
35257
35257
35258
35258
35260
35260
35260
35261
35261
35263
35263
35264
35265
35265
35265
35265
35265
35266
35267
35267
35269
35270
35271
35272
35274
35275
35276
35277
35277
35277
35280
35282
35282
35283
35284
35288
35289
35290
35290
35290
35291
35293
35294
35294
35295
35297
35297
35298
35298
35299
35300
35300
35301
35302
35302
35302
35303
35304
35305
35307
35307
35308
35308
35309
35311
35312
35318
35320
35321
35323
35323
35325
35325
35326
35327
35328
35329
35329
35334
35338
35341
35341
35341
35341
35341
35342
35343
35343
35344
35344
35345
35346
35347
35348
35350
35351
35355
35356
35356
35357
35357
35358
35360
35360
35361
35361
35362
35362
35364
35365
35365
35365
35367
35367
35368
35369
35370
35373
35377
35377
35377
35378
35378
35379
35379
35379
35380
35381
35381
35381
35382
35383
35384
35385
35385
35387
35387
35389
35389
35391
35392
35393
35394
35394
35394
35395
35397
35398
35399
35400
35401
35401
35401
35402
35402
35403
35405
35405
35408
35410
35410
35410
35410
35411
35412
35412
35412
35415
35417
35417
35417
35417
35418
35418
35418
35423
35424
35424
35426
35427
35428
35428
35429
35430
35430
35431
35431
35433
35433
35434
35435
35435
35435
35437
35440
35441
35442
35443
35444
35445
35446
35446
35446
35446
35448
35449
35453
35453
35455
35455
35456
35456
35456
35457
35458
35458
35462
35463
35463
35463
35463
35464
35467
35468
35468
35469
35472
35473
35473
35473
35474
35474
35475
35476
35477
35478
35479
35479
35479
35480
35480
35482
35482
35483
35484
35485
35486
35486
35487
35487
35488
35488
35490
35490
35491
35492
35493
35493
35494
35495
35495
35497
35498
35498
35498
35499
35501
35501
35501
35503
35506
35507
35507
35507
35507
35508
35508
35512
35514
35515
35516
35517
35518
35519
35520
35520
35521
35523
35524
35526
35527
35533
35536
35536
35536
35536
35539
35540
35540
35541
35542
35542
35543
35543
35544
35545
35545
35547
35547
35548
35549
35550
35551
35553
35555
35555
35556
35557
35558
35558
35559
35563
35563
35565
35565
35568
35568
35571
35574
35575
35575
35575
35575
35576
35576
35576
35578
35578
35579
35579
35580
35581
35582
35584
35584
35585
35586
35587
35588
35588
35588
35589
35589
35589
35592
35592
35593
35596
35596
35597
35597
35599
35600
35600
35604
35604
35605
35605
35605
35606
35606
35607
35609
35609
35611
35611
35613
35614
35618
35619
35621
35621
35621
35622
35625
35626
35626
35627
35628
35630
35632
35635
35636
35637
35638
35640
35641
35642
35643
35644
35645
35645
35647
35650
35651
35651
35652
35652
35653
35653
35653
35653
35653
35655
35655
35656
35656
35658
35659
35659
35659
35660
35660
35661
35661
35662
35663
35664
35664
35665
35666
35666
35669
35670
35671
35671
35672
35673
35673
35675
35675
35676
35680
35680
35682
35683
35683
35683
35684
35684
35686
35688
35689
35691
35693
35693
35694
35694
35697
35697
35697
35698
35699
35699
35701
35701
35703
35704
35704
35705
35707
35707
35708
35710
35711
35711
35712
35712
35716
35717
35717
35717
35720
35720
35721
35721
35722
35723
35724
35725
35725
35727
35727
35728
35728
35728
35730
35730
35731
35732
35732
35734
35735
35736
35736
35737
35739
35739
35742
35743
35744
35745
35749
35751
35752
35754
35754
35755
35758
35759
35759
35759
35761
35764
35764
35765
35765
35766
35766
35768
35770
35771
35774
35774
35775
35776
35777
35778
35781
35781
35782
35783
35783
35784
35786
35787
35787
35790
35790
35791
35794
35796
35798
35798
35798
35799
35800
35800
35802
35802
35803
35803
35803
35808
35809
35809
35811
35811
35812
35812
35813
35816
35816
35818
35821
35822
35822
35822
35823
35824
35824
35825
35828
35829
35829
35831
35831
35835
35835
35835
35838
35841
35842
35843
35845
35845
35845
35848
35848
35848
35849
35849
35850
35851
35852
35852
35855
35855
35860
35860
35861
35862
35863
35863
35865
35865
35865
35866
35866
35867
35867
35867
35868
35873
35874
35874
35876
35876
35877
35878
35879
35879
35880
35884
35885
35885
35886
35887
35888
35888
35889
35889
35890
35891
35892
35892
35894
35894
35895
35899
35899
35899
35899
35902
35902
35903
35904
35906
35907
35908
35908
35912
35912
35912
35914
35914
35914
35915
35916
35917
35917
35918
35918
35919
35919
35919
35919
35920
35922
35923
35925
35926
35927
35929
35930
35931
35934
35934
35935
35935
35936
35937
35937
35938
35939
35941
35941
35941
35941
35941
35943
35946
35946
35947
35950
35951
35951
35952
35953
35955
35955
35958
35961
35961
35963
35963
35965
35966
35967
35967
35968
35969
35973
35974
35974
35980
35981
35982
35982
35983
35984
35985
35985
35985
35986
35986
35987
35993
35993
35995
35996
35997
35998
35998
35998
35998
35998
36001
36001
36001
36002
36002
36002
36004
36004
36004
36005
36006
36006
36010
36012
36012
36013
36013
36014
36014
36015
36015
36016
36016
36016
36016
36017
36018
36018
36019
36020
36020
36020
36022
36022
36023
36025
36025
36027
36028
36028
36031
36034
36036
36037
36039
36041
36042
36043
36044
36044
36045
36045
36045
36046
36046
36046
36047
36047
36048
36050
36051
36053
36054
36054
36055
36056
36056
36058
36059
36060
36060
36061
36062
36062
36065
36065
36067
36068
36069
36070
36072
36072
36072
36072
36072
36073
36075
36075
36076
36076
36077
36078
36079
36080
36083
36083
36084
36085
36085
36087
36087
36089
36092
36092
36093
36094
36095
36096
36097
36098
36098
36098
36100
36102
36102
36102
36104
36105
36107
36109
36109
36109
36109
36110
36111
36113
36114
36115
36115
36116
36117
36118
36118
36118
36120
36121
36122
36124
36124
36126
36127
36129
36129
36130
36131
36131
36132
36133
36133
36133
36133
36134
36134
36136
36139
36139
36140
36142
36147
36149
36149
36151
36154
36155
36157
36157
36158
36159
36159
36160
36161
36163
36164
36165
36165
36166
36167
36170
36171
36173
36174
36174
36176
36177
36177
36178
36180
36181
36182
36185
36189
36190
36191
36192
36192
36193
36194
36196
36197
36197
36197
36198
36198
36198
36199
36202
36203
36206
36208
36208
36209
36210
36212
36213
36213
36214
36215
36216
36217
36218
36223
36223
36226
36227
36227
36227
36228
36228
36230
36230
36231
36231
36233
36235
36240
36241
36242
36243
36244
36246
36247
36248
36248
36249
36250
36250
36251
36251
36253
36255
36255
36256
36256
36258
36258
36259
36261
36262
36263
36264
36265
36268
36268
36270
36270
36271
36272
36272
36274
36276
36276
36276
36278
36279
36279
36281
36282
36284
36284
36289
36290
36290
36290
36293
36294
36297
36297
36300
36301
36301
36303
36303
36305
36305
36309
36310
36310
36312
36315
36315
36316
36317
36319
36320
36320
36321
36323
36326
36326
36327
36327
36330
36331
36332
36332
36333
36335
36336
36339
36340
36340
36341
36342
36342
36343
36344
36344
36345
36345
36345
36345
36347
36348
36349
36349
36350
36351
36351
36352
36352
36353
36353
36355
36355
36355
36357
36358
36360
36362
36363
36363
36366
36367
36368
36369
36371
36371
36373
36374
36374
36375
36376
36380
36382
36383
36383
36384
36384
36384
36384
36385
36387
36387
36388
36388
36388
36388
36389
36390
36390
36390
36391
36392
36392
36398
36398
36398
36399
36399
36400
36402
36403
36403
36404
36407
36408
36409
36413
36413
36414
36416
36417
36419
36420
36420
36421
36423
36424
36424
36424
36424
36426
36427
36428
36429
36429
36430
36430
36432
36434
36435
36438
36438
36438
36439
36441
36441
36442
36443
36445
36446
36447
36448
36452
36455
36458
36458
36459
36459
36459
36460
36461
36462
36463
36464
36464
36465
36465
36466
36469
36470
36471
36471
36471
36473
36474
36475
36476
36476
36478
36479
36479
36480
36480
36480
36483
36483
36486
36486
36488
36488
36489
36489
36490
36491
36492
36495
36496
36498
36499
36500
36502
36503
36506
36507
36507
36511
36513
36513
36515
36516
36516
36517
36518
36518
36519
36520
36526
36526
36526
36527
36527
36528
36529
36530
36530
36530
36534
36534
36535
36535
36536
36538
36538
36542
36543
36544
36545
36545
36546
36547
36549
36550
36551
36551
36551
36552
36552
36554
36554
36555
36556
36559
36561
36562
36562
36564
36565
36566
36566
36566
36569
36570
36570
36571
36573
36574
36574
36575
36576
36576
36576
36576
36578
36579
36580
36581
36582
36582
36585
36585
36586
36589
36589
36590
36593
36594
36594
36596
36596
36597
36597
36600
36600
36602
36604
36605
36605
36606
36607
36609
36610
36612
36613
36613
36613
36613
36614
36614
36615
36616
36617
36617
36618
36621
36622
36625
36628
36629
36633
36635
36636
36636
36639
36639
36639
36640
36640
36643
36644
36644
36645
36645
36645
36646
36647
36647
36647
36649
36651
36653
36654
36656
36657
36658
36658
36659
36660
36662
36664
36666
36667
36669
36670
36670
36670
36671
36671
36672
36672
36672
36673
36673
36674
36676
36677
36677
36677
36680
36680
36680
36680
36681
36682
36683
36686
36686
36690
36692
36692
36692
36693
36695
36696
36696
36697
36698
36698
36699
36702
36702
36703
36703
36707
36710
36714
36715
36717
36718
36718
36719
36719
36720
36721
36721
36721
36721
36723
36723
36724
36724
36725
36725
36727
36728
36730
36731
36731
36731
36732
36732
36733
36733
36733
36734
36735
36737
36738
36739
36741
36742
36743
36745
36746
36746
36747
36748
36749
36751
36751
36753
36754
36754
36754
36755
36756
36756
36757
36758
36758
36759
36761
36762
36763
36763
36764
36764
36764
36764
36765
36765
36766
36766
36767
36767
36767
36768
36769
36769
36771
36772
36773
36773
36774
36775
36776
36776
36777
36777
36779
36779
36780
36782
36782
36782
36784
36784
36786
36788
36789
36790
36791
36791
36792
36792
36793
36794
36795
36797
36798
36798
36799
36800
36802
36805
36809
36809
36810
36810
36811
36811
36811
36812
36812
36813
36814
36815
36816
36816
36816
36817
36817
36817
36819
36822
36824
36825
36826
36828
36828
36829
36829
36829
36830
36831
36834
36834
36835
36837
36837
36837
36837
36839
36842
36843
36843
36843
36843
36843
36844
36845
36848
36848
36849
36849
36851
36852
36852
36855
36857
36857
36858
36858
36858
36860
36860
36861
36861
36863
36863
36864
36866
36866
36869
36870
36872
36873
36874
36875
36875
36875
36877
36878
36879
36879
36880
36881
36882
36882
36892
36892
36892
36893
36895
36895
36898
36901
36902
36903
36903
36903
36906
36907
36907
36907
36907
36908
36910
36910
36911
36911
36912
36912
36913
36914
36914
36915
36917
36918
36918
36918
36919
36920
36920
36923
36924
36927
36927
36928
36928
36929
36930
36931
36932
36932
36933
36934
36934
36935
36936
36936
36936
36937
36938
36938
36938
36939
36942
36942
36942
36943
36945
36945
36946
36946
36947
36948
36949
36950
36952
36952
36953
36954
36955
36955
36955
36958
36958
36959
36961
36962
36963
36963
36964
36965
36968
36968
36968
36968
36969
36970
36971
36972
36973
36973
36974
36974
36976
36976
36977
36979
36979
36980
36980
36980
36980
36980
36981
36981
36982
36983
36983
36984
36986
36986
36987
36987
36987
36987
36987
36991
36991
36993
36994
36996
36999
36999
37000
37000
37000
37001
37001
37002
37002
37004
37006
37006
37006
37007
37007
37008
37009
37009
37010
37010
37013
37014
37014
37016
37020
37021
37021
37022
37022
37022
37023
37023
37026
37026
37028
37028
37029
37030
37031
37033
37033
37033
37036
37036
37036
37039
37039
37043
37046
37047
37047
37049
37050
37051
37051
37052
37052
37052
37053
37054
37055
37056
37056
37056
37056
37056
37057
37058
37060
37060
37060
37061
37062
37062
37063
37063
37065
37065
37068
37068
37070
37073
37074
37074
37074
37074
37074
37075
37076
37079
37079
37080
37080
37081
37083
37085
37085
37086
37086
37086
37086
37087
37088
37089
37089
37089
37089
37090
37094
37095
37095
37096
37096
37098
37098
37099
37101
37102
37102
37102
37103
37104
37104
37105
37108
37109
37111
37111
37111
37116
37116
37117
37117
37118
37119
37123
37125
37125
37127
37129
37129
37130
37130
37131
37132
37132
37133
37133
37134
37136
37138
37138
37138
37138
37139
37139
37139
37140
37140
37141
37141
37141
37142
37143
37143
37143
37145
37146
37146
37146
37150
37151
37151
37151
37153
37155
37156
37156
37157
37158
37159
37162
37162
37162
37166
37166
37167
37169
37169
37173
37175
37176
37176
37180
37180
37180
37180
37183
37184
37186
37186
37187
37189
37190
37190
37191
37191
37192
37192
37194
37195
37195
37198
37198
37199
37199
37201
37202
37202
37204
37204
37204
37205
37206
37208
37208
37208
37208
37211
37212
37213
37214
37215
37216
37216
37216
37216
37217
37217
37219
37219
37219
37220
37220
37221
37223
37223
37224
37225
37226
37226
37227
37228
37228
37229
37230
37232
37233
37233
37234
37234
37238
37238
37241
37242
37244
37244
37244
37245
37248
37248
37248
37250
37250
37252
37253
37256
37257
37257
37259
37260
37261
37263
37266
37266
37266
37268
37269
37270
37271
37271
37271
37271
37273
37273
37274
37274
37275
37275
37276
37277
37278
37278
37278
37280
37281
37282
37282
37283
37283
37285
37285
37285
37287
37287
37289
37290
37291
37291
37291
37292
37293
37293
37294
37295
37297
37299
37300
37301
37302
37302
37302
37303
37304
37305
37305
37305
37308
37313
37314
37314
37315
37316
37319
37319
37320
37321
37321
37321
37323
37323
37323
37323
37324
37325
37325
37327
37328
37328
37329
37330
37331
37332
37333
37335
37336
37340
37341
37342
37342
37343
37343
37344
37346
37347
37347
37349
37349
37350
37350
37351
37351
37353
37354
37355
37356
37356
37357
37357
37357
37358
37358
37360
37361
37362
37365
37366
37366
37367
37368
37369
37370
37372
37372
37378
37378
37379
37380
37382
37382
37382
37384
37384
37385
37386
37388
37388
37389
37391
37392
37395
37397
37398
37401
37401
37404
37404
37406
37406
37408
37410
37410
37411
37413
37414
37414
37416
37416
37417
37417
37417
37418
37419
37419
37420
37420
37421
37421
37422
37423
37424
37424
37428
37428
37430
37431
37433
37433
37433
37434
37435
37436
37438
37438
37439
37439
37440
37444
37445
37445
37446
37448
37448
37449
37449
37450
37450
37450
37452
37453
37454
37455
37456
37456
37456
37456
37458
37459
37460
37461
37462
37465
37466
37468
37472
37473
37477
37477
37480
37482
37483
37484
37486
37487
37488
37488
37489
37489
37489
37490
37491
37491
37492
37498
37498
37498
37498
37500
37500
37501
37501
37501
37501
37501
37502
37502
37503
37504
37505
37506
37508
37508
37509
37509
37511
37511
37514
37514
37515
37516
37516
37518
37519
37520
37523
37523
37523
37524
37524
37524
37525
37526
37526
37530
37533
37533
37534
37535
37536
37536
37536
37538
37538
37541
37545
37545
37545
37545
37547
37547
37548
37548
37548
37549
37552
37552
37552
37552
37553
37553
37554
37555
37555
37555
37558
37558
37558
37560
37565
37565
37566
37567
37567
37569
37570
37570
37571
37571
37572
37573
37574
37576
37578
37579
37579
37579
37580
37580
37581
37581
37583
37583
37584
37587
37588
37589
37589
37595
37595
37595
37596
37597
37597
37597
37599
37599
37601
37602
37603
37603
37604
37606
37606
37606
37607
37608
37608
37608
37609
37609
37609
37610
37610
37611
37611
37611
37613
37613
37614
37616
37617
37617
37617
37618
37619
37619
37621
37626
37627
37629
37630
37632
37633
37633
37635
37635
37635
37637
37638
37639
37640
37641
37643
37644
37645
37645
37646
37649
37651
37651
37651
37652
37652
37652
37656
37658
37658
37659
37660
37661
37661
37664
37664
37668
37669
37669
37671
37671
37672
37674
37675
37675
37678
37679
37680
37681
37682
37683
37683
37683
37685
37685
37685
37685
37686
37686
37688
37691
37691
37692
37693
37694
37694
37695
37695
37695
37697
37698
37700
37702
37702
37702
37703
37703
37703
37703
37705
37705
37705
37708
37708
37708
37708
37711
37712
37712
37712
37714
37716
37716
37717
37718
37718
37719
37719
37719
37721
37721
37721
37722
37723
37728
37728
37729
37730
37730
37734
37734
37736
37737
37738
37739
37739
37739
37740
37741
37741
37741
37741
37742
37742
37743
37743
37745
37746
37747
37747
37749
37750
37753
37753
37754
37754
37755
37755
37757
37758
37760
37760
37763
37764
37765
37766
37767
37768
37768
37768
37769
37769
37770
37770
37774
37776
37777
37778
37781
37782
37782
37784
37784
37784
37785
37785
37786
37787
37788
37788
37788
37789
37792
37792
37792
37796
37798
37799
37799
37799
37801
37801
37802
37803
37803
37805
37807
37807
37808
37811
37811
37812
37812
37813
37815
37815
37815
37820
37820
37821
37821
37823
37825
37825
37825
37826
37829
37829
37831
37832
37832
37832
37833
37833
37833
37834
37835
37835
37838
37838
37838
37839
37841
37841
37844
37845
37847
37847
37849
37852
37852
37853
37855
37857
37860
37861
37862
37862
37863
37864
37865
37866
37869
37869
37872
37874
37875
37876
37876
37877
37878
37878
37878
37882
37882
37885
37885
37886
37887
37887
37890
37890
37890
37891
37892
37893
37894
37894
37895
37897
37899
37899
37900
37900
37900
37901
37901
37901
37902
37903
37904
37904
37908
37909
37909
37912
37916
37921
37921
37924
37924
37925
37926
37927
37927
37927
37928
37929
37930
37931
37932
37932
37934
37935
37935
37937
37938
37945
37945
37949
37950
37950
37951
37953
37953
37954
37957
37957
37958
37959
37960
37960
37961
37962
37962
37962
37964
37964
37964
37965
37966
37966
37967
37967
37967
37968
37969
37969
37969
37971
37971
37971
37971
37971
37972
37973
37974
37974
37975
37977
37980
37981
37982
37982
37984
37985
37986
37988
37990
37991
37991
37994
37994
37998
37998
37999
38002
38003
38003
38003
38003
38004
38004
38005
38005
38006
38007
38008
38010
38010
38011
38011
38012
38012
38013
38014
38015
38015
38017
38019
38019
38021
38024
38025
38025
38026
38026
38029
38030
38031
38031
38032
38033
38033
38035
38037
38037
38037
38038
38039
38040
38041
38041
38042
38043
38044
38044
38047
38047
38047
38047
38048
38048
38048
38049
38050
38052
38052
38052
38053
38054
38054
38055
38058
38060
38061
38062
38062
38064
38064
38065
38065
38065
38067
38069
38069
38071
38074
38074
38075
38075
38076
38078
38079
38082
38082
38084
38085
38085
38085
38085
38087
38087
38088
38089
38090
38091
38092
38093
38093
38094
38095
38095
38095
38096
38098
38101
38102
38103
38103
38103
38105
38108
38109
38109
38110
38111
38112
38113
38113
38115
38116
38116
38116
38120
38122
38122
38122
38123
38123
38126
38127
38128
38129
38129
38129
38129
38131
38134
38136
38137
38139
38141
38143
38144
38147
38148
38148
38153
38153
38154
38155
38156
38156
38158
38158
38158
38161
38161
38162
38162
38165
38167
38167
38167
38171
38172
38172
38173
38176
38178
38179
38182
38183
38183
38184
38185
38185
38185
38185
38187
38188
38188
38194
38195
38196
38197
38197
38198
38199
38199
38200
38201
38201
38202
38203
38205
38205
38206
38206
38206
38208
38208
38208
38209
38209
38212
38213
38213
38214
38215
38218
38223
38223
38225
38226
38226
38229
38234
38235
38235
38237
38241
38246
38247
38248
38253
38253
38257
38257
38257
38259
38260
38263
38263
38265
38265
38265
38269
38269
38270
38270
38270
38270
38270
38271
38273
38274
38275
38276
38277
38277
38277
38278
38279
38280
38281
38281
38285
38288
38289
38290
38291
38291
38292
38292
38292
38293
38293
38294
38296
38297
38297
38299
38300
38303
38304
38305
38305
38305
38307
38309
38310
38311
38312
38313
38314
38314
38315
38316
38317
38319
38319
38320
38323
38323
38326
38327
38328
38328
38329
38331
38332
38332
38332
38333
38334
38335
38335
38335
38336
38336
38337
38337
38339
38341
38344
38344
38344
38345
38346
38348
38348
38350
38352
38353
38355
38356
38357
38357
38357
38358
38359
38359
38360
38360
38363
38363
38363
38365
38366
38370
38370
38370
38371
38372
38373
38374
38375
38376
38376
38376
38377
38377
38377
38378
38379
38380
38380
38383
38383
38384
38384
38385
38386
38387
38387
38388
38388
38390
38390
38392
38392
38393
38397
38398
38399
38400
38402
38403
38404
38404
38405
38405
38406
38408
38408
38409
38409
38409
38410
38411
38413
38413
38414
38416
38417
38418
38420
38420
38422
38423
38423
38428
38428
38428
38428
38429
38429
38431
38433
38435
38435
38437
38437
38438
38440
38442
38443
38444
38446
38447
38448
38449
38449
38449
38451
38451
38454
38454
38456
38456
38456
38459
38460
38460
38460
38461
38462
38463
38464
38464
38464
38465
38466
38467
38467
38469
38469
38471
38473
38474
38474
38477
38477
38478
38478
38479
38480
38480
38482
38484
38486
38488
38489
38489
38489
38489
38491
38491
38491
38492
38493
38493
38495
38496
38496
38499
38499
38500
38500
38500
38500
38501
38501
38502
38505
38508
38509
38510
38511
38512
38512
38515
38517
38519
38520
38521
38521
38522
38523
38523
38523
38524
38524
38525
38525
38526
38526
38527
38527
38528
38529
38529
38530
38531
38532
38532
38533
38533
38535
38535
38540
38542
38543
38546
38546
38547
38548
38548
38548
38549
38549
38551
38552
38552
38554
38554
38555
38555
38556
38556
38557
38557
38557
38558
38558
38559
38560
38561
38561
38562
38563
38563
38564
38564
38564
38565
38565
38566
38567
38568
38568
38569
38569
38569
38570
38570
38571
38572
38572
38572
38573
38573
38573
38573
38574
38577
38577
38579
38580
38580
38580
38582
38584
38585
38585
38585
38585
38586
38586
38587
38587
38587
38590
38590
38590
38591
38591
38592
38593
38593
38594
38594
38596
38598
38599
38600
38600
38602
38603
38605
38607
38607
38608
38610
38612
38613
38614
38615
38615
38615
38616
38616
38618
38618
38619
38621
38622
38623
38624
38626
38627
38627
38628
38629
38629
38629
38629
38631
38632
38632
38633
38633
38633
38634
38635
38636
38637
38638
38638
38640
38640
38640
38641
38641
38642
38643
38643
38647
38648
38648
38650
38652
38652
38653
38654
38656
38657
38658
38661
38661
38662
38663
38663
38664
38664
38665
38666
38667
38668
38671
38671
38673
38673
38674
38675
38676
38678
38678
38679
38680
38680
38680
38680
38681
38681
38685
38686
38687
38690
38690
38692
38693
38693
38694
38695
38696
38697
38697
38701
38701
38702
38704
38704
38704
38704
38706
38707
38707
38708
38709
38709
38710
38711
38712
38714
38715
38715
38715
38716
38716
38718
38719
38720
38720
38722
38722
38723
38724
38725
38728
38728
38728
38729
38729
38729
38730
38731
38731
38732
38732
38733
38733
38734
38735
38737
38738
38738
38739
38740
38741
38741
38742
38743
38743
38744
38744
38745
38746
38747
38747
38748
38750
38751
38752
38752
38753
38753
38754
38754
38755
38757
38757
38758
38758
38759
38759
38759
38760
38764
38766
38768
38769
38769
38770
38773
38779
38780
38780
38783
38783
38783
38784
38786
38787
38787
38788
38788
38788
38789
38791
38794
38795
38796
38797
38798
38798
38799
38799
38800
38801
38801
38801
38804
38806
38806
38806
38807
38807
38807
38808
38809
38810
38810
38810
38810
38810
38812
38812
38813
38813
38816
38817
38818
38818
38818
38820
38821
38821
38822
38822
38822
38823
38823
38824
38825
38825
38829
38830
38833
38837
38838
38839
38839
38839
38840
38840
38840
38841
38842
38843
38846
38846
38847
38847
38847
38848
38848
38848
38850
38851
38853
38853
38854
38854
38856
38856
38857
38859
38860
38862
38864
38865
38866
38870
38870
38870
38872
38875
38875
38876
38877
38877
38877
38879
38880
38880
38881
38882
38882
38883
38883
38883
38884
38885
38887
38888
38888
38889
38890
38890
38890
38891
38891
38892
38894
38895
38897
38898
38898
38898
38898
38899
38899
38899
38901
38904
38905
38906
38907
38910
38910
38911
38911
38912
38913
38914
38914
38914
38917
38917
38918
38918
38919
38920
38920
38921
38923
38924
38925
38926
38926
38926
38926
38927
38927
38927
38936
38936
38936
38938
38939
38943
38943
38945
38945
38946
38947
38948
38949
38951
38952
38953
38954
38954
38956
38956
38965
38965
38967
38970
38972
38972
38973
38975
38976
38976
38978
38979
38983
38985
38985
38988
38990
38991
38992
38992
38995
38996
38998
38998
38998
38999
39000
39001
39002
39006
39006
39006
39007
39007
39009
39012
39013
39014
39015
39015
39016
39016
39016
39017
39018
39019
39020
39020
39023
39025
39026
39026
39027
39028
39029
39032
39033
39035
39040
39042
39042
39044
39045
39047
39047
39048
39048
39049
39049
39050
39051
39052
39052
39052
39052
39052
39053
39054
39054
39054
39056
39057
39059
39060
39062
39065
39067
39067
39068
39070
39070
39071
39071
39072
39072
39073
39073
39073
39074
39074
39075
39075
39076
39076
39077
39078
39078
39080
39080
39080
39081
39082
39085
39085
39085
39085
39086
39088
39089
39090
39092
39092
39094
39096
39097
39097
39099
39099
39100
39101
39101
39101
39102
39103
39104
39104
39105
39106
39107
39109
39110
39111
39111
39116
39117
39117
39117
39118
39118
39119
39120
39120
39120
39121
39122
39123
39123
39123
39124
39125
39127
39130
39131
39131
39132
39132
39133
39135
39136
39136
39136
39137
39137
39138
39141
39141
39143
39144
39145
39145
39147
39151
39152
39152
39153
39154
39154
39155
39155
39155
39156
39157
39157
39161
39162
39163
39165
39165
39165
39167
39168
39169
39171
39171
39174
39175
39176
39177
39177
39178
39179
39179
39183
39183
39186
39187
39188
39190
39193
39195
39196
39197
39200
39201
39201
39202
39202
39203
39204
39205
39205
39205
39208
39208
39211
39212
39213
39215
39216
39218
39218
39220
39222
39223
39224
39224
39225
39226
39229
39230
39231
39231
39233
39233
39235
39236
39236
39237
39238
39238
39239
39240
39241
39245
39246
39247
39248
39248
39249
39250
39251
39252
39252
39252
39255
39257
39258
39259
39262
39264
39264
39264
39267
39268
39268
39268
39268
39269
39269
39272
39272
39273
39273
39275
39276
39276
39281
39281
39282
39283
39284
39284
39285
39286
39289
39290
39291
39291
39292
39294
39294
39295
39299
39299
39300
39301
39304
39304
39306
39307
39308
39309
39309
39309
39310
39313
39314
39314
39315
39318
39319
39319
39319
39320
39321
39323
39323
39324
39325
39326
39327
39327
39328
39330
39330
39331
39331
39332
39333
39334
39337
39338
39341
39342
39342
39343
39343
39344
39344
39345
39346
39347
39347
39351
39353
39353
39355
39355
39356
39358
39360
39360
39360
39363
39363
39364
39364
39367
39367
39367
39369
39370
39371
39371
39371
39371
39374
39374
39374
39376
39376
39376
39376
39377
39378
39379
39379
39379
39380
39380
39382
39382
39382
39382
39383
39384
39384
39385
39387
39387
39390
39390
39396
39396
39397
39399
39400
39401
39404
39405
39405
39406
39406
39406
39407
39408
39410
39410
39411
39414
39415
39415
39417
39417
39420
39421
39422
39425
39425
39428
39428
39431
39432
39432
39433
39434
39434
39434
39434
39435
39435
39435
39437
39437
39438
39439
39439
39440
39440
39441
39442
39443
39443
39444
39444
39444
39445
39446
39447
39447
39448
39450
39450
39450
39455
39456
39459
39460
39460
39464
39465
39465
39466
39467
39469
39470
39470
39470
39471
39473
39474
39474
39477
39479
39480
39480
39480
39482
39482
39483
39483
39486
39487
39490
39490
39491
39491
39491
39492
39494
39498
39500
39501
39502
39502
39503
39503
39504
39504
39504
39504
39505
39506
39506
39506
39507
39507
39508
39509
39511
39516
39517
39518
39519
39519
39521
39521
39521
39522
39523
39525
39525
39527
39528
39529
39529
39532
39533
39533
39533
39535
39535
39537
39537
39538
39538
39540
39542
39543
39544
39545
39545
39547
39548
39551
39551
39552
39552
39554
39555
39557
39557
39559
39560
39564
39564
39565
39566
39566
39566
39570
39570
39573
39573
39578
39579
39579
39581
39583
39583
39585
39585
39585
39588
39588
39589
39590
39592
39592
39592
39594
39594
39596
39598
39599
39599
39600
39600
39601
39602
39604
39605
39607
39607
39608
39611
39611
39611
39612
39612
39613
39614
39614
39615
39617
39620
39621
39622
39622
39626
39626
39626
39626
39626
39628
39629
39629
39631
39631
39633
39633
39634
39634
39636
39637
39638
39640
39640
39641
39642
39643
39643
39647
39649
39652
39654
39654
39654
39654
39655
39656
39657
39657
39658
39662
39662
39664
39666
39666
39667
39667
39667
39670
39671
39673
39674
39674
39676
39676
39677
39677
39677
39677
39677
39678
39680
39684
39684
39686
39687
39688
39688
39689
39689
39690
39690
39691
39692
39694
39694
39695
39695
39696
39697
39698
39698
39698
39699
39700
39700
39703
39703
39705
39706
39707
39707
39708
39709
39713
39714
39716
39717
39720
39725
39726
39726
39726
39727
39728
39729
39731
39731
39731
39733
39733
39733
39739
39739
39739
39739
39739
39740
39741
39741
39742
39743
39743
39744
39746
39746
39747
39749
39751
39751
39753
39753
39754
39754
39755
39756
39757
39758
39758
39761
39762
39764
39764
39767
39771
39777
39777
39778
39781
39781
39782
39782
39783
39783
39785
39788
39788
39789
39790
39790
39790
39791
39793
39795
39796
39796
39797
39800
39800
39800
39801
39803
39804
39805
39806
39807
39807
39808
39809
39810
39811
39812
39813
39813
39814
39816
39817
39818
39821
39821
39822
39824
39824
39826
39826
39826
39826
39827
39828
39829
39830
39831
39831
39832
39832
39835
39836
39837
39838
39838
39838
39840
39841
39841
39841
39842
39843
39843
39845
39848
39849
39850
39851
39852
39852
39852
39853
39856
39859
39862
39862
39864
39865
39865
39867
39868
39869
39871
39872
39877
39878
39880
39880
39882
39882
39883
39883
39883
39884
39888
39889
39889
39890
39891
39892
39892
39893
39893
39894
39895
39896
39896
39896
39897
39897
39898
39899
39899
39900
39901
39902
39906
39908
39908
39908
39908
39909
39909
39912
39914
39915
39916
39916
39919
39921
39921
39923
39925
39925
39925
39926
39926
39927
39927
39927
39928
39928
39929
39929
39930
39933
39934
39936
39939
39939
39940
39940
39942
39942
39942
39943
39948
39949
39949
39952
39955
39955
39957
39957
39957
39957
39958
39959
39959
39959
39959
39961
39961
39962
39963
39964
39965
39966
39967
39968
39969
39970
39972
39973
39977
39977
39978
39980
39985
39985
39985
39987
39990
39993
39993
39995
39995
39995
39996
39996
39996
39996
39997
39998
39998
40003
40004
40005
40005
40005
40006
40007
40007
40008
40008
40010
40010
40011
40012
40012
40012
40013
40015
40016
40016
40017
40018
40018
40020
40020
40020
40021
40021
40021
40022
40022
40023
40023
40025
40027
40027
40027
40028
40028
40030
40031
40031
40032
40032
40032
40033
40033
40035
40035
40036
40038
40039
40040
40040
40041
40043
40045
40045
40047
40048
40049
40049
40050
40050
40050
40051
40052
40054
40054
40055
40057
40057
40057
40060
40061
40061
40063
40064
40065
40066
40066
40066
40067
40067
40067
40068
40068
40070
40071
40071
40071
40073
40073
40074
40075
40075
40076
40076
40079
40084
40084
40084
40087
40089
40090
40092
40093
40093
40093
40095
40096
40097
40098
40100
40102
40103
40106
40107
40107
40108
40108
40109
40110
40111
40112
40113
40118
40119
40124
40126
40126
40126
40126
40129
40129
40130
40130
40132
40134
40135
40136
40137
40137
40137
40139
40139
40140
40141
40143
40143
40145
40147
40152
40153
40154
40154
40155
40156
40156
40158
40160
40160
40161
40162
40162
40164
40164
40165
40166
40169
40170
40170
40171
40171
40172
40173
40173
40174
40176
40176
40177
40178
40180
40180
40183
40184
40184
40185
40187
40188
40190
40190
40190
40190
40190
40191
40193
40193
40198
40198
40198
40199
40199
40200
40200
40201
40201
40202
40203
40205
40206
40207
40208
40208
40209
40210
40210
40211
40211
40211
40212
40212
40213
40214
40216
40216
40217
40219
40219
40220
40221
40221
40221
40222
40226
40228
40228
40230
40230
40233
40233
40234
40236
40236
40237
40238
40239
40239
40239
40240
40240
40243
40244
40244
40245
40245
40247
40247
40248
40248
40248
40249
40249
40250
40250
40251
40251
40251
40251
40253
40254
40254
40256
40258
40260
40260
40261
40262
40262
40262
40264
40264
40264
40264
40265
40267
40267
40270
40272
40272
40274
40274
40275
40276
40277
40278
40280
40282
40282
40284
40285
40289
40290
40290
40291
40292
40293
40294
40294
40294
40294
40296
40297
40298
40298
40299
40302
40306
40306
40307
40307
40308
40308
40310
40310
40311
40311
40312
40313
40313
40313
40314
40315
40316
40321
40321
40322
40323
40323
40325
40325
40325
40326
40326
40327
40329
40329
40331
40332
40333
40333
40335
40336
40336
40337
40338
40340
40341
40343
40343
40346
40346
40349
40354
40354
40357
40358
40358
40359
40359
40362
40363
40364
40364
40368
40369
40370
40370
40371
40371
40376
40377
40378
40380
40380
40381
40382
40382
40383
40386
40388
40388
40389
40389
40392
40392
40393
40393
40395
40397
40397
40398
40398
40399
40400
40400
40401
40402
40403
40404
40406
40406
40407
40408
40408
40409
40409
40409
40411
40412
40413
40416
40417
40419
40420
40421
40422
40424
40424
40425
40427
40428
40429
40430
40431
40432
40434
40434
40434
40436
40436
40437
40438
40439
40439
40439
40440
40440
40440
40442
40444
40444
40444
40446
40446
40449
40449
40450
40450
40451
40452
40454
40454
40454
40455
40457
40457
40459
40460
40461
40462
40464
40467
40467
40471
40471
40473
40474
40475
40475
40475
40476
40480
40481
40481
40481
40481
40484
40484
40485
40485
40486
40487
40487
40488
40490
40490
40490
40491
40491
40492
40492
40493
40494
40494
40496
40498
40499
40501
40502
40504
40505
40505
40506
40507
40509
40509
40512
40515
40516
40519
40519
40520
40520
40522
40523
40524
40527
40529
40529
40532
40533
40533
40535
40536
40537
40538
40538
40538
40540
40541
40544
40545
40546
40546
40546
40548
40549
40550
40552
40552
40553
40553
40553
40553
40554
40556
40556
40560
40561
40564
40565
40565
40565
40566
40570
40570
40571
40572
40575
40576
40576
40577
40578
40578
40578
40579
40579
40582
40582
40583
40584
40585
40586
40586
40587
40587
40588
40589
40589
40590
40592
40592
40593
40594
40595
40595
40596
40596
40596
40596
40597
40599
40600
40601
40601
40601
40602
40603
40607
40609
40611
40611
40613
40613
40613
40616
40616
40617
40617
40618
40619
40620
40620
40621
40622
40622
40622
40623
40625
40625
40626
40626
40626
40627
40629
40633
40635
40635
40636
40638
40638
40639
40639
40639
40640
40641
40642
40643
40644
40644
40645
40646
40646
40647
40648
40651
40652
40653
40654
40655
40658
40660
40660
40661
40661
40662
40662
40662
40663
40664
40666
40666
40666
40667
40668
40668
40669
40670
40670
40670
40671
40673
40673
40674
40674
40676
40676
40678
40680
40680
40682
40683
40685
40686
40688
40688
40689
40690
40690
40691
40691
40693
40695
40696
40696
40696
40703
40704
40704
40705
40706
40706
40707
40710
40711
40711
40711
40711
40713
40713
40715
40717
40718
40718
40721
40722
40722
40723
40728
40728
40728
40729
40729
40731
40732
40733
40734
40735
40735
40736
40737
40739
40739
40740
40743
40743
40744
40744
40745
40746
40749
40750
40750
40751
40751
40752
40753
40753
40754
40754
40756
40757
40758
40760
40760
40762
40762
40763
40765
40765
40766
40766
40766
40767
40769
40770
40771
40773
40773
40774
40774
40774
40775
40777
40779
40780
40783
40784
40784
40784
40785
40785
40787
40787
40788
40789
40789
40790
40790
40790
40790
40791
40792
40796
40797
40797
40799
40799
40802
40803
40804
40804
40805
40806
40808
40809
40812
40812
40813
40813
40813
40813
40814
40814
40815
40817
40820
40821
40821
40822
40825
40828
40829
40833
40834
40834
40835
40835
40835
40836
40839
40840
40842
40842
40843
40844
40850
40851
40851
40851
40852
40853
40855
40855
40856
40856
40857
40857
40859
40860
40860
40860
40861
40861
40862
40862
40863
40863
40865
40865
40865
40866
40866
40867
40867
40868
40869
40870
40872
40873
40874
40875
40876
40878
40879
40882
40882
40883
40883
40886
40886
40887
40888
40889
40890
40890
40892
40898
40899
40904
40904
40905
40906
40908
40908
40909
40909
40909
40910
40911
40911
40913
40913
40913
40914
40915
40917
40917
40917
40920
40921
40921
40922
40922
40924
40926
40926
40928
40928
40930
40931
40931
40932
40932
40932
40932
40933
40938
40939
40940
40943
40944
40947
40947
40949
40950
40950
40951
40951
40952
40952
40953
40953
40954
40955
40957
40957
40960
40961
40961
40962
40964
40965
40967
40968
40970
40971
40973
40975
40975
40979
40979
40979
40980
40980
40981
40981
40981
40981
40982
40982
40984
40984
40986
40991
40991
40993
40998
40998
41000
41001
41002
41009
41011
41012
41012
41013
41014
41014
41016
41017
41021
41021
41022
41022
41022
41024
41025
41025
41026
41026
41029
41029
41030
41032
41032
41035
41036
41036
41037
41037
41037
41039
41039
41039
41040
41043
41043
41043
41043
41045
41045
41046
41047
41052
41056
41056
41057
41059
41060
41061
41065
41065
41066
41066
41067
41068
41069
41069
41069
41070
41071
41071
41072
41076
41079
41079
41079
41079
41080
41081
41082
41083
41085
41088
41089
41090
41091
41093
41093
41094
41094
41095
41095
41096
41097
41099
41100
41101
41102
41102
41106
41106
41109
41109
41109
41109
41110
41113
41116
41116
41116
41117
41120
41121
41121
41122
41122
41122
41122
41123
41124
41125
41126
41127
41128
41129
41129
41130
41130
41131
41131
41132
41132
41133
41133
41135
41136
41136
41137
41137
41138
41139
41139
41139
41140
41140
41140
41140
41144
41144
41144
41145
41147
41147
41147
41149
41152
41152
41154
41154
41155
41155
41156
41156
41157
41157
41158
41159
41159
41162
41163
41165
41166
41169
41170
41171
41174
41175
41176
41179
41181
41183
41183
41185
41185
41187
41187
41188
41189
41189
41189
41193
41194
41194
41195
41195
41196
41197
41198
41198
41199
41201
41203
41204
41204
41205
41210
41211
41214
41217
41217
41222
41222
41223
41223
41224
41225
41225
41226
41227
41228
41229
41230
41231
41236
41237
41238
41239
41240
41240
41244
41244
41244
41244
41245
41246
41246
41247
41248
41251
41251
41253
41253
41255
41256
41257
41259
41260
41260
41262
41263
41263
41265
41266
41266
41268
41268
41268
41269
41274
41275
41275
41275
41277
41281
41283
41283
41285
41287
41287
41290
41291
41296
41298
41298
41299
41300
41301
41303
41303
41303
41304
41305
41306
41306
41311
41312
41313
41313
41314
41314
41315
41321
41322
41322
41322
41325
41325
41326
41328
41328
41330
41331
41331
41333
41333
41333
41333
41333
41334
41334
41334
41334
41336
41337
41337
41338
41339
41342
41343
41345
41345
41345
41345
41346
41346
41347
41348
41349
41349
41349
41350
41351
41352
41352
41353
41355
41355
41356
41356
41356
41357
41357
41358
41359
41360
41361
41363
41364
41364
41364
41365
41366
41366
41367
41370
41371
41371
41372
41373
41373
41374
41374
41375
41377
41377
41379
41380
41381
41382
41383
41384
41384
41386
41387
41387
41388
41390
41390
41391
41391
41392
41392
41393
41393
41395
41395
41397
41397
41398
41399
41400
41401
41402
41403
41403
41404
41404
41405
41406
41406
41406
41406
41407
41409
41410
41411
41412
41412
41412
41413
41413
41413
41414
41414
41415
41417
41419
41424
41425
41426
41427
41427
41427
41428
41428
41429
41430
41432
41432
41433
41435
41436
41437
41438
41439
41440
41440
41442
41444
41445
41445
41446
41447
41450
41450
41452
41454
41456
41456
41458
41458
41459
41460
41460
41460
41463
41464
41465
41466
41466
41466
41467
41467
41467
41469
41470
41471
41471
41473
41475
41476
41476
41477
41477
41479
41480
41481
41484
41484
41485
41485
41486
41486
41487
41487
41487
41488
41489
41489
41490
41490
41491
41491
41494
41498
41499
41500
41501
41502
41504
41504
41504
41506
41508
41509
41509
41510
41512
41514
41514
41515
41515
41517
41519
41519
41520
41521
41522
41523
41525
41526
41526
41528
41528
41529
41530
41531
41531
41531
41532
41532
41532
41533
41534
41534
41534
41535
41536
41537
41538
41538
41539
41539
41542
41542
41545
41547
41548
41548
41550
41551
41553
41553
41555
41556
41556
41556
41557
41562
41564
41566
41570
41570
41572
41573
41574
41576
41576
41578
41578
41579
41580
41581
41583
41583
41584
41584
41585
41586
41586
41588
41588
41589
41589
41589
41589
41590
41593
41595
41595
41595
41595
41596
41596
41597
41597
41598
41601
41601
41601
41603
41604
41605
41606
41607
41607
41607
41608
41610
41610
41610
41611
41612
41612
41612
41613
41619
41622
41623
41624
41626
41626
41627
41627
41628
41628
41629
41630
41631
41631
41633
41634
41634
41634
41636
41638
41639
41641
41642
41642
41642
41644
41645
41646
41647
41647
41648
41650
41653
41653
41657
41657
41658
41658
41658
41658
41660
41660
41661
41662
41662
41665
41666
41669
41670
41671
41672
41672
41672
41676
41678
41679
41679
41679
41681
41682
41682
41682
41684
41684
41684
41686
41687
41687
41687
41687
41688
41689
41690
41691
41692
41692
41693
41694
41695
41695
41696
41697
41697
41699
41699
41700
41700
41701
41703
41703
41704
41705
41708
41711
41712
41712
41715
41716
41716
41717
41721
41721
41722
41722
41723
41725
41725
41726
41726
41728
41728
41731
41732
41732
41733
41734
41734
41741
41742
41743
41745
41745
41746
41746
41747
41747
41748
41748
41748
41749
41750
41750
41753
41753
41756
41758
41759
41759
41761
41762
41763
41763
41763
41765
41765
41765
41767
41767
41767
41768
41768
41769
41769
41771
41771
41772
41772
41772
41772
41773
41776
41781
41781
41781
41782
41783
41785
41785
41786
41787
41788
41789
41790
41790
41791
41792
41792
41793
41793
41793
41793
41795
41796
41796
41797
41799
41800
41800
41801
41803
41804
41805
41805
41806
41807
41808
41809
41810
41810
41811
41812
41812
41813
41813
41814
41815
41815
41817
41819
41820
41822
41824
41824
41824
41825
41825
41825
41826
41827
41830
41831
41831
41832
41832
41833
41834
41834
41834
41834
41834
41835
41837
41837
41838
41838
41839
41843
41844
41845
41845
41848
41848
41851
41852
41852
41853
41854
41854
41855
41857
41857
41858
41859
41859
41859
41861
41863
41863
41863
41866
41866
41867
41867
41868
41868
41869
41869
41870
41873
41874
41875
41875
41876
41876
41877
41878
41878
41878
41879
41880
41880
41882
41883
41883
41884
41885
41885
41885
41885
41889
41890
41893
41893
41895
41896
41897
41898
41898
41899
41899
41900
41900
41901
41901
41902
41907
41908
41909
41911
41912
41912
41912
41913
41914
41915
41915
41916
41917
41918
41919
41919
41921
41922
41923
41923
41926
41926
41927
41927
41928
41929
41930
41930
41930
41931
41932
41933
41933
41935
41936
41937
41938
41938
41939
41940
41940
41940
41940
41940
41941
41941
41941
41942
41943
41943
41943
41944
41945
41946
41946
41947
41947
41947
41947
41948
41950
41952
41953
41954
41955
41956
41956
41957
41959
41962
41962
41963
41964
41964
41968
41969
41969
41970
41970
41971
41972
41972
41976
41980
41980
41980
41981
41982
41983
41984
41985
41985
41986
41986
41988
41989
41992
41995
41997
41998
41999
41999
42001
42001
42003
42004
42011
42012
42012
42016
42018
42018
42020
42022
42022
42022
42023
42027
42027
42029
42029
42029
42029
42030
42031
42033
42033
42033
42033
42034
42036
42037
42041
42041
42043
42043
42043
42043
42044
42046
42046
42050
42052
42053
42054
42054
42058
42060
42062
42062
42063
42063
42064
42065
42066
42066
42067
42069
42071
42072
42072
42076
42077
42078
42079
42080
42081
42083
42084
42085
42086
42086
42088
42088
42090
42090
42090
42091
42092
42093
42093
42097
42097
42098
42098
42098
42098
42098
42099
42100
42101
42103
42103
42103
42104
42104
42105
42106
42109
42109
42109
42110
42111
42112
42113
42113
42115
42116
42117
42119
42120
42121
42123
42123
42124
42125
42126
42126
42127
42128
42129
42130
42134
42135
42137
42137
42138
42138
42139
42139
42140
42141
42142
42142
42142
42146
42148
42149
42153
42153
42156
42156
42157
42158
42159
42159
42159
42159
42159
42160
42160
42161
42161
42162
42163
42163
42166
42166
42166
42167
42169
42170
42170
42170
42170
42171
42171
42172
42173
42174
42175
42177
42178
42178
42179
42180
42181
42181
42182
42183
42183
42184
42185
42185
42187
42188
42189
42191
42192
42192
42196
42197
42199
42200
42200
42201
42201
42202
42204
42204
42204
42208
42208
42210
42212
42215
42215
42217
42217
42218
42219
42219
42219
42219
42220
42224
42224
42226
42226
42226
42229
42230
42232
42232
42232
42232
42233
42234
42235
42235
42236
42238
42242
42244
42245
42246
42247
42247
42248
42249
42251
42251
42254
42254
42260
42261
42261
42262
42263
42263
42266
42267
42267
42267
42268
42270
42273
42274
42275
42276
42278
42278
42280
42281
42285
42286
42286
42287
42288
42288
42289
42289
42289
42289
42289
42291
42295
42295
42295
42296
42296
42297
42300
42302
42302
42303
42304
42305
42305
42311
42314
42314
42314
42315
42315
42318
42318
42319
42320
42320
42320
42321
42321
42321
42321
42322
42322
42324
42324
42324
42325
42325
42327
42330
42332
42333
42334
42337
42338
42339
42340
42342
42342
42343
42343
42345
42345
42347
42349
42350
42351
42353
42357
42358
42358
42360
42362
42364
42366
42366
42366
42367
42368
42368
42370
42370
42370
42374
42374
42375
42375
42375
42376
42377
42377
42379
42380
42383
42384
42385
42387
42387
42388
42389
42392
42393
42393
42393
42395
42397
42397
42398
42399
42399
42400
42400
42400
42401
42403
42403
42403
42404
42407
42407
42408
42410
42411
42411
42412
42414
42416
42417
42417
42418
42419
42422
42422
42423
42424
42424
42425
42425
42425
42426
42426
42426
42427
42427
42427
42428
42429
42433
42434
42435
42436
42437
42437
42438
42438
42439
42439
42440
42443
42443
42444
42446
42449
42449
42450
42451
42452
42455
42456
42459
42461
42461
42464
42465
42466
42466
42466
42467
42468
42468
42469
42469
42471
42471
42472
42474
42480
42481
42481
42482
42482
42489
42490
42491
42492
42492
42494
42494
42494
42494
42496
42497
42498
42499
42499
42499
42500
42502
42502
42503
42504
42504
42507
42507
42508
42509
42514
42514
42515
42516
42516
42516
42517
42517
42518
42519
42519
42519
42522
42524
42526
42526
42527
42527
42527
42528
42529
42529
42530
42531
42533
42533
42534
42539
42539
42540
42540
42540
42542
42542
42545
42545
42545
42546
42547
42547
42548
42549
42550
42551
42551
42552
42553
42553
42556
42557
42557
42557
42557
42558
42559
42560
42563
42563
42563
42565
42566
42568
42569
42569
42571
42572
42572
42573
42574
42576
42576
42577
42577
42578
42579
42581
42581
42583
42584
42584
42586
42589
42589
42590
42592
42593
42593
42594
42594
42594
42595
42595
42595
42596
42596
42598
42599
42603
42603
42604
42605
42606
42606
42607
42607
42609
42611
42611
42613
42614
42615
42616
42617
42617
42617
42618
42620
42621
42622
42623
42623
42623
42623
42624
42627
42628
42628
42630
42631
42637
42637
42638
42638
42639
42639
42640
42641
42641
42642
42644
42644
42645
42646
42647
42648
42651
42651
42654
42654
42655
42655
42656
42656
42659
42660
42660
42662
42663
42663
42666
42669
42670
42671
42672
42673
42673
42675
42676
42676
42678
42679
42679
42679
42679
42680
42680
42685
42685
42686
42688
42688
42691
42692
42692
42692
42692
42694
42695
42695
42696
42696
42697
42697
42698
42701
42702
42702
42704
42704
42705
42705
42705
42706
42708
42709
42710
42710
42711
42711
42712
42712
42713
42715
42715
42717
42718
42719
42719
42722
42724
42724
42725
42726
42727
42728
42729
42729
42731
42731
42732
42734
42735
42735
42738
42739
42742
42743
42744
42744
42745
42746
42747
42748
42749
42750
42751
42756
42756
42757
42758
42759
42760
42760
42761
42762
42762
42762
42763
42764
42765
42766
42768
42769
42771
42771
42772
42774
42774
42777
42778
42779
42780
42780
42781
42783
42784
42784
42785
42785
42786
42788
42789
42789
42789
42791
42791
42792
42792
42793
42793
42794
42794
42794
42797
42800
42801
42803
42804
42805
42805
42805
42805
42810
42810
42811
42811
42811
42817
42818
42819
42819
42820
42823
42825
42825
42827
42828
42828
42828
42829
42829
42831
42832
42832
42832
42833
42834
42836
42836
42837
42839
42840
42841
42841
42842
42842
42843
42843
42844
42845
42845
42846
42847
42847
42847
42850
42850
42851
42852
42852
42853
42853
42854
42854
42854
42855
42857
42857
42857
42859
42860
42860
42862
42863
42865
42866
42868
42870
42871
42872
42872
42874
42874
42875
42875
42877
42879
42880
42880
42880
42880
42882
42883
42884
42885
42885
42885
42885
42886
42887
42888
42888
42888
42889
42891
42891
42892
42892
42895
42896
42896
42896
42896
42900
42900
42903
42905
42907
42907
42907
42910
42914
42914
42914
42915
42916
42916
42917
42917
42921
42923
42925
42931
42934
42935
42937
42939
42940
42942
42943
42943
42943
42944
42944
42945
42946
42948
42948
42949
42949
42949
42951
42952
42954
42957
42958
42958
42958
42960
42960
42962
42963
42963
42963
42963
42964
42965
42965
42966
42966
42966
42966
42967
42967
42968
42968
42968
42972
42973
42974
42974
42977
42977
42980
42980
42981
42983
42983
42984
42984
42984
42984
42985
42986
42986
42986
42986
42988
42988
42989
42994
42995
42997
42998
42998
42998
42999
43001
43002
43002
43003
43004
43004
43005
43005
43006
43007
43007
43007
43007
43007
43008
43009
43009
43011
43013
43014
43016
43016
43019
43020
43020
43021
43023
43023
43024
43025
43025
43025
43026
43027
43027
43028
43030
43031
43033
43033
43034
43034
43036
43039
43039
43039
43039
43040
43041
43044
43046
43046
43047
43048
43055
43055
43058
43058
43059
43059
43059
43061
43061
43063
43063
43063
43064
43065
43065
43066
43067
43068
43069
43070
43074
43074
43075
43076
43079
43080
43082
43086
43086
43086
43087
43088
43088
43090
43090
43090
43090
43091
43092
43095
43098
43098
43099
43100
43101
43101
43103
43103
43104
43104
43105
43107
43108
43108
43111
43111
43111
43112
43115
43116
43117
43117
43117
43119
43120
43120
43122
43122
43123
43123
43124
43125
43125
43126
43126
43128
43129
43130
43132
43133
43133
43133
43136
43136
43136
43137
43137
43138
43139
43143
43144
43146
43146
43148
43148
43149
43149
43150
43157
43157
43158
43158
43160
43161
43161
43161
43163
43166
43166
43167
43168
43169
43169
43170
43172
43172
43173
43173
43175
43176
43176
43176
43176
43178
43179
43179
43182
43183
43183
43184
43184
43184
43185
43187
43188
43188
43188
43188
43191
43191
43193
43195
43196
43196
43197
43198
43200
43201
43201
43204
43204
43205
43205
43206
43207
43207
43207
43209
43210
43211
43211
43213
43214
43214
43214
43215
43216
43218
43218
43219
43221
43221
43223
43223
43224
43227
43229
43230
43232
43234
43234
43235
43237
43237
43237
43239
43240
43242
43242
43244
43246
43246
43247
43249
43249
43249
43250
43250
43251
43251
43251
43253
43254
43254
43255
43255
43255
43258
43258
43259
43260
43261
43263
43263
43264
43264
43264
43264
43266
43266
43267
43270
43270
43272
43272
43272
43273
43273
43276
43276
43277
43278
43279
43280
43281
43282
43282
43284
43285
43285
43286
43287
43287
43288
43288
43290
43290
43290
43292
43295
43295
43295
43296
43297
43297
43297
43299
43300
43300
43303
43304
43304
43306
43307
43307
43307
43310
43310
43310
43310
43311
43312
43312
43312
43313
43313
43316
43319
43319
43322
43323
43325
43326
43326
43327
43328
43328
43328
43329
43331
43332
43332
43332
43333
43333
43334
43334
43334
43335
43335
43336
43337
43341
43342
43342
43345
43345
43345
43348
43348
43349
43350
43351
43354
43354
43354
43358
43358
43361
43362
43363
43363
43364
43365
43365
43366
43368
43370
43372
43376
43376
43377
43377
43377
43380
43381
43381
43382
43384
43384
43384
43386
43386
43387
43387
43390
43393
43396
43396
43396
43397
43397
43400
43400
43400
43400
43401
43401
43402
43402
43403
43403
43404
43406
43406
43407
43407
43407
43408
43409
43410
43410
43410
43410
43411
43411
43411
43414
43414
43416
43419
43420
43420
43423
43423
43423
43423
43424
43425
43425
43426
43428
43430
43430
43431
43431
43432
43433
43434
43436
43436
43438
43438
43439
43440
43440
43442
43443
43443
43444
43445
43446
43447
43452
43453
43457
43457
43458
43458
43459
43460
43461
43463
43463
43463
43463
43464
43465
43467
43468
43469
43470
43471
43476
43477
43478
43478
43479
43479
43480
43480
43480
43481
43485
43486
43487
43489
43490
43493
43494
43495
43497
43498
43499
43500
43500
43500
43501
43501
43501
43501
43503
43503
43506
43507
43508
43511
43511
43513
43514
43515
43516
43516
43517
43518
43519
43520
43521
43522
43524
43524
43524
43526
43527
43527
43528
43529
43529
43530
43531
43531
43535
43537
43539
43539
43539
43540
43540
43542
43542
43542
43546
43547
43548
43549
43551
43552
43552
43552
43555
43555
43555
43556
43556
43557
43557
43558
43558
43559
43560
43560
43562
43562
43562
43563
43567
43568
43569
43570
43570
43571
43571
43572
43573
43574
43574
43574
43576
43576
43578
43579
43580
43580
43582
43583
43585
43587
43588
43593
43593
43594
43594
43595
43596
43597
43598
43598
43599
43599
43601
43601
43602
43602
43603
43603
43604
43607
43610
43612
43613
43614
43614
43614
43614
43614
43615
43615
43616
43617
43618
43619
43621
43622
43624
43624
43625
43626
43626
43626
43629
43629
43630
43632
43633
43635
43637
43637
43638
43638
43638
43640
43640
43640
43645
43645
43646
43647
43650
43650
43650
43651
43651
43654
43656
43658
43658
43662
43663
43664
43665
43665
43666
43666
43668
43669
43673
43677
43677
43678
43678
43678
43678
43679
43679
43679
43679
43681
43682
43685
43686
43687
43688
43689
43690
43690
43690
43691
43695
43699
43699
43699
43699
43700
43700
43700
43700
43700
43703
43703
43703
43703
43703
43704
43705
43707
43708
43708
43709
43709
43709
43711
43711
43715
43717
43717
43717
43718
43718
43719
43720
43721
43721
43721
43723
43725
43725
43725
43726
43727
43728
43730
43732
43734
43736
43737
43738
43738
43739
43739
43739
43740
43740
43741
43741
43742
43742
43743
43743
43743
43745
43745
43746
43747
43748
43751
43751
43753
43755
43755
43756
43757
43759
43760
43762
43762
43764
43764
43765
43767
43769
43770
43771
43772
43773
43773
43774
43776
43777
43778
43778
43779
43779
43779
43781
43781
43781
43782
43782
43783
43783
43783
43786
43786
43788
43788
43789
43790
43790
43790
43791
43791
43792
43793
43794
43795
43797
43799
43800
43801
43801
43802
43802
43803
43808
43808
43809
43810
43811
43812
43814
43814
43816
43817
43817
43817
43817
43818
43819
43819
43819
43821
43823
43823
43824
43825
43826
43826
43829
43830
43830
43830
43831
43831
43832
43832
43833
43835
43835
43836
43836
43837
43837
43838
43839
43841
43841
43842
43843
43844
43847
43849
43850
43850
43851
43853
43856
43856
43856
43860
43861
43861
43867
43868
43868
43871
43872
43873
43875
43875
43876
43878
43878
43879
43879
43880
43883
43884
43885
43887
43887
43887
43889
43889
43891
43891
43894
43896
43897
43898
43898
43900
43901
43901
43902
43904
43905
43906
43908
43911
43912
43914
43916
43916
43917
43918
43918
43918
43918
43920
43921
43921
43921
43922
43923
43923
43924
43925
43926
43928
43929
43929
43930
43931
43932
43932
43932
43932
43933
43935
43935
43935
43938
43938
43939
43939
43941
43941
43942
43944
43944
43946
43946
43947
43948
43948
43949
43950
43951
43951
43954
43956
43957
43958
43959
43959
43962
43962
43966
43967
43967
43969
43969
43971
43971
43973
43974
43976
43977
43978
43979
43979
43980
43980
43981
43982
43982
43983
43984
43985
43986
43987
43988
43988
43988
43988
43988
43989
43989
43990
43991
43991
43994
43995
43996
43997
43997
44002
44002
44002
44004
44006
44007
44008
44008
44009
44009
44009
44010
44010
44010
44013
44014
44016
44016
44018
44023
44023
44024
44025
44026
44026
44027
44027
44028
44028
44028
44030
44030
44031
44032
44033
44033
44033
44033
44034
44034
44035
44036
44037
44039
44041
44041
44042
44044
44047
44047
44047
44049
44050
44053
44053
44054
44054
44055
44056
44056
44056
44056
44057
44061
44061
44062
44063
44064
44064
44065
44066
44066
44066
44066
44070
44070
44071
44071
44071
44073
44074
44077
44077
44078
44079
44079
44080
44081
44086
44089
44090
44090
44091
44091
44093
44093
44096
44097
44098
44098
44101
44102
44103
44103
44104
44105
44107
44107
44107
44108
44108
44109
44111
44112
44112
44113
44115
44115
44117
44117
44117
44118
44119
44119
44120
44120
44121
44122
44122
44125
44126
44131
44131
44131
44133
44133
44133
44134
44137
44138
44139
44141
44141
44141
44141
44141
44143
44144
44144
44145
44146
44149
44149
44150
44150
44153
44155
44155
44156
44156
44156
44158
44158
44158
44160
44160
44160
44161
44162
44162
44162
44163
44165
44165
44167
44167
44169
44171
44171
44171
44175
44177
44178
44179
44179
44181
44182
44182
44182
44183
44184
44185
44185
44186
44186
44187
44188
44189
44191
44192
44192
44193
44194
44194
44196
44196
44197
44197
44197
44199
44200
44201
44201
44201
44202
44202
44202
44203
44205
44207
44208
44209
44210
44210
44212
44213
44218
44218
44218
44220
44222
44222
44223
44223
44224
44224
44226
44228
44228
44229
44229
44230
44232
44235
44238
44238
44240
44240
44240
44240
44250
44255
44257
44258
44259
44263
44264
44267
44268
44268
44269
44270
44272
44273
44274
44275
44276
44278
44278
44279
44280
44281
44281
44281
44282
44282
44282
44282
44283
44283
44284
44286
44287
44288
44290
44291
44293
44295
44296
44297
44298
44299
44301
44302
44303
44303
44303
44304
44306
44306
44306
44307
44310
44312
44312
44313
44314
44315
44316
44316
44317
44320
44320
44321
44321
44324
44325
44325
44326
44327
44327
44328
44328
44330
44330
44333
44334
44336
44337
44337
44339
44340
44344
44344
44345
44346
44346
44348
44348
44349
44349
44349
44351
44353
44354
44355
44356
44356
44357
44357
44358
44358
44358
44361
44362
44363
44363
44364
44365
44366
44368
44368
44369
44369
44370
44371
44371
44372
44373
44375
44377
44378
44378
44379
44379
44380
44380
44380
44381
44383
44384
44385
44385
44386
44386
44389
44390
44393
44393
44394
44396
44397
44397
44397
44398
44398
44399
44400
44400
44402
44405
44405
44405
44407
44408
44409
44409
44409
44410
44412
44413
44414
44415
44415
44416
44418
44419
44420
44421
44422
44423
44423
44427
44428
44430
44431
44431
44431
44432
44432
44432
44433
44433
44434
44434
44434
44437
44437
44439
44439
44440
44442
44443
44443
44444
44446
44447
44448
44448
44450
44451
44451
44451
44454
44455
44456
44457
44457
44458
44459
44460
44461
44461
44462
44462
44463
44464
44469
44469
44470
44470
44471
44476
44477
44477
44477
44477
44478
44479
44479
44480
44483
44483
44484
44486
44487
44487
44487
44491
44492
44493
44495
44496
44496
44496
44497
44497
44498
44498
44499
44499
44502
44503
44503
44504
44504
44505
44505
44507
44507
44507
44509
44511
44511
44511
44511
44512
44512
44513
44513
44513
44513
44514
44519
44520
44521
44522
44523
44525
44525
44526
44526
44526
44527
44529
44529
44530
44537
44539
44539
44539
44540
44540
44540
44541
44544
44544
44545
44545
44546
44548
44552
44552
44552
44553
44554
44555
44556
44556
44559
44559
44560
44561
44563
44564
44564
44565
44566
44567
44567
44568
44569
44571
44571
44572
44572
44573
44574
44576
44576
44577
44578
44579
44581
44581
44582
44582
44582
44584
44587
44588
44588
44589
44594
44595
44596
44597
44597
44598
44599
44599
44600
44601
44602
44602
44604
44604
44606
44606
44607
44607
44608
44614
44615
44617
44618
44618
44618
44618
44619
44619
44620
44621
44621
44622
44622
44624
44624
44625
44626
44626
44627
44628
44629
44630
44630
44630
44631
44633
44634
44635
44637
44637
44637
44637
44638
44641
44642
44642
44643
44643
44643
44643
44644
44646
44647
44647
44647
44649
44651
44651
44652
44653
44654
44654
44654
44654
44655
44657
44658
44660
44660
44661
44662
44663
44665
44665
44665
44666
44666
44667
44668
44669
44671
44672
44672
44674
44675
44675
44676
44679
44680
44680
44682
44685
44689
44689
44693
44694
44694
44695
44697
44697
44701
44701
44704
44704
44706
44707
44708
44708
44710
44710
44711
44711
44712
44713
44715
44716
44719
44720
44720
44720
44721
44721
44728
44729
44729
44730
44731
44731
44734
44734
44735
44736
44736
44737
44738
44740
44741
44744
44744
44744
44746
44747
44749
44750
44753
44754
44754
44755
44757
44758
44759
44761
44762
44763
44764
44766
44767
44768
44769
44770
44770
44771
44772
44773
44775
44777
44780
44781
44782
44783
44783
44784
44784
44785
44788
44789
44790
44791
44791
44792
44793
44794
44795
44797
44797
44797
44798
44799
44800
44800
44801
44802
44803
44803
44803
44804
44805
44807
44809
44809
44809
44810
44810
44811
44812
44812
44813
44814
44815
44815
44816
44816
44816
44817
44819
44820
44822
44823
44824
44825
44828
44829
44829
44829
44829
44830
44830
44830
44830
44831
44833
44833
44833
44834
44835
44837
44838
44838
44840
44841
44841
44842
44843
44843
44844
44846
44847
44847
44848
44849
44851
44851
44854
44855
44856
44856
44857
44857
44859
44861
44861
44862
44862
44863
44863
44864
44864
44866
44870
44871
44872
44875
44877
44877
44878
44879
44879
44881
44882
44884
44889
44893
44893
44893
44895
44899
44900
44900
44900
44901
44902
44903
44903
44904
44904
44905
44906
44907
44909
44910
44910
44912
44913
44913
44915
44915
44917
44917
44917
44917
44918
44919
44921
44921
44922
44922
44925
44925
44925
44928
44928
44929
44929
44930
44931
44931
44932
44932
44932
44934
44934
44934
44936
44936
44937
44937
44938
44940
44941
44942
44943
44943
44943
44946
44946
44948
44948
44950
44950
44952
44953
44954
44954
44954
44955
44956
44956
44956
44959
44959
44960
44961
44962
44964
44964
44965
44966
44966
44970
44970
44971
44972
44972
44973
44973
44973
44973
44975
44979
44980
44981
44981
44982
44983
44984
44984
44984
44985
44990
44992
44992
44994
44995
44995
44996
44997
44998
45000
45001
45001
45005
45005
45006
45007
45007
45007
45008
45010
45011
45013
45013
45013
45015
45015
45015
45016
45016
45018
45019
45020
45020
45021
45024
45026
45026
45028
45029
45029
45029
45032
45033
45033
45033
45035
45035
45035
45036
45039
45040
45042
45042
45042
45044
45045
45045
45045
45047
45047
45047
45048
45049
45051
45051
45052
45057
45057
45057
45057
45057
45058
45059
45059
45060
45062
45062
45063
45064
45065
45065
45066
45066
45066
45067
45069
45070
45073
45075
45078
45078
45080
45081
45083
45085
45085
45085
45086
45086
45087
45087
45087
45088
45092
45092
45094
45095
45096
45096
45097
45097
45098
45098
45100
45101
45102
45102
45103
45103
45105
45108
45112
45114
45115
45115
45117
45118
45119
45120
45120
45121
45124
45124
45127
45127
45130
45130
45131
45132
45132
45137
45138
45139
45141
45142
45142
45142
45143
45144
45144
45145
45150
45150
45151
45152
45152
45152
45155
45156
45157
45159
45159
45160
45160
45161
45162
45162
45163
45164
45164
45165
45166
45167
45168
45168
45169
45170
45171
45171
45172
45172
45173
45177
45178
45178
45179
45180
45180
45180
45180
45182
45183
45185
45185
45186
45187
45188
45189
45190
45191
45192
45192
45192
45193
45193
45193
45195
45195
45197
45197
45199
45200
45200
45201
45202
45203
45206
45206
45207
45208
45211
45213
45215
45215
45215
45216
45221
45222
45223
45224
45224
45224
45226
45228
45228
45228
45229
45229
45234
45234
45235
45236
45236
45236
45237
45238
45238
45242
45244
45247
45248
45254
45255
45255
45256
45256
45257
45257
45257
45258
45259
45259
45259
45259
45262
45263
45265
45266
45266
45269
45270
45271
45272
45273
45275
45277
45278
45282
45282
45282
45283
45283
45285
45286
45294
45295
45299
45300
45300
45301
45303
45303
45305
45305
45306
45306
45308
45309
45310
45311
45314
45314
45315
45317
45317
45317
45319
45321
45321
45322
45323
45324
45327
45327
45328
45328
45329
45330
45331
45334
45334
45335
45335
45336
45336
45337
45339
45341
45341
45341
45341
45342
45342
45342
45343
45343
45343
45343
45345
45347
45347
45349
45349
45351
45354
45355
45355
45357
45360
45362
45365
45366
45371
45372
45374
45377
45378
45379
45383
45384
45384
45385
45386
45387
45387
45388
45389
45391
45393
45394
45395
45395
45396
45398
45398
45399
45402
45403
45404
45404
45406
45406
45406
45407
45407
45408
45408
45409
45410
45410
45411
45411
45411
45412
45413
45414
45415
45415
45416
45416
45421
45421
45422
45424
45426
45426
45427
45428
45430
45430
45430
45432
45432
45435
45435
45436
45437
45439
45439
45440
45440
45441
45441
45441
45442
45443
45444
45446
45447
45454
45454
45455
45455
45456
45457
45458
45460
45460
45461
45461
45462
45462
45463
45465
45465
45466
45466
45466
45468
45469
45470
45471
45471
45471
45473
45473
45474
45474
45474
45475
45475
45476
45476
45477
45478
45478
45479
45480
45481
45481
45481
45482
45483
45484
45485
45485
45486
45487
45487
45488
45488
45490
45493
45493
45495
45497
45499
45499
45500
45500
45501
45501
45502
45503
45503
45505
45506
45506
45508
45509
45512
45512
45512
45512
45513
45514
45515
45515
45516
45516
45517
45518
45519
45520
45521
45521
45521
45523
45525
45525
45525
45525
45529
45530
45531
45532
45533
45535
45536
45537
45538
45539
45539
45539
45540
45542
45545
45545
45546
45546
45548
45548
45549
45550
45550
45550
45551
45552
45554
45556
45557
45558
45559
45560
45560
45561
45562
45562
45563
45564
45564
45566
45566
45567
45569
45569
45569
45569
45571
45574
45575
45577
45578
45581
45582
45583
45583
45584
45585
45586
45587
45587
45588
45590
45591
45591
45591
45592
45593
45593
45594
45596
45597
45598
45598
45598
45599
45599
45599
45599
45599
45604
45605
45605
45605
45611
45613
45614
45615
45619
45619
45619
45619
45620
45620
45621
45623
45623
45624
45625
45627
45627
45628
45630
45631
45631
45632
45632
45633
45634
45635
45635
45638
45639
45639
45640
45640
45640
45640
45640
45641
45641
45643
45643
45643
45644
45646
45646
45646
45647
45649
45650
45650
45651
45658
45658
45659
45660
45661
45663
45664
45665
45665
45666
45666
45668
45668
45670
45673
45673
45674
45677
45677
45678
45681
45684
45686
45686
45687
45687
45687
45688
45688
45690
45691
45691
45692
45692
45694
45694
45696
45697
45698
45698
45698
45699
45701
45702
45702
45705
45706
45707
45707
45707
45710
45711
45711
45712
45713
45718
45718
45720
45722
45724
45726
45727
45732
45733
45733
45734
45735
45738
45739
45740
45741
45741
45741
45742
45742
45742
45746
45750
45753
45753
45754
45755
45759
45761
45762
45762
45763
45763
45763
45764
45769
45769
45771
45774
45775
45776
45777
45778
45779
45780
45780
45780
45781
45782
45783
45785
45785
45786
45786
45786
45789
45789
45789
45790
45791
45791
45792
45793
45794
45795
45796
45799
45800
45803
45803
45803
45803
45803
45804
45805
45806
45806
45808
45808
45808
45808
45808
45809
45810
45810
45810
45811
45812
45813
45813
45815
45815
45816
45816
45817
45819
45819
45819
45820
45821
45822
45823
45823
45823
45825
45825
45825
45826
45827
45827
45827
45830
45832
45832
45833
45834
45836
45837
45837
45838
45839
45841
45845
45846
45847
45848
45849
45850
45850
45851
45853
45859
45860
45863
45864
45864
45866
45866
45866
45867
45867
45869
45869
45869
45870
45870
45871
45871
45872
45875
45878
45879
45880
45880
45880
45881
45881
45882
45883
45884
45886
45887
45888
45889
45891
45893
45896
45897
45898
45898
45898
45899
45899
45902
45903
45903
45906
45906
45907
45908
45912
45913
45913
45915
45917
45917
45917
45918
45919
45920
45920
45920
45923
45924
45925
45925
45928
45928
45928
45929
45929
45932
45932
45933
45933
45935
45935
45936
45938
45940
45941
45944
45946
45946
45947
45948
45949
45949
45950
45951
45952
45954
45954
45956
45958
45958
45959
45959
45961
45961
45963
45963
45963
45965
45966
45968
45968
45969
45971
45971
45972
45972
45972
45972
45973
45973
45975
45976
45977
45977
45982
45982
45983
45985
45988
45988
45988
45993
45994
45994
45998
45998
46000
46000
46000
46001
46003
46004
46005
46006
46007
46008
46008
46008
46008
46008
46009
46010
46010
46011
46011
46013
46013
46014
46015
46015
46017
46017
46018
46019
46020
46021
46022
46023
46025
46028
46029
46029
46030
46030
46031
46031
46033
46035
46036
46036
46036
46038
46039
46039
46040
46041
46042
46042
46043
46043
46043
46045
46045
46047
46048
46049
46051
46051
46051
46052
46053
46054
46055
46056
46058
46059
46059
46059
46060
46061
46063
46063
46063
46063
46063
46064
46064
46066
46066
46067
46068
46069
46069
46069
46071
46072
46073
46074
46074
46075
46076
46076
46076
46077
46079
46083
46084
46084
46084
46085
46085
46085
46087
46087
46087
46088
46088
46088
46089
46090
46090
46096
46098
46099
46101
46101
46102
46102
46105
46105
46105
46107
46108
46108
46108
46109
46110
46111
46112
46112
46113
46113
46113
46114
46115
46116
46117
46118
46118
46119
46120
46121
46122
46125
46125
46125
46126
46127
46128
46129
46130
46131
46132
46133
46134
46135
46136
46138
46138
46139
46139
46139
46141
46142
46143
46143
46144
46147
46148
46148
46148
46148
46151
46152
46152
46154
46155
46157
46158
46159
46160
46161
46162
46162
46163
46165
46166
46166
46166
46168
46169
46169
46171
46171
46172
46176
46176
46177
46177
46178
46182
46182
46183
46183
46184
46185
46187
46187
46188
46191
46192
46192
46192
46193
46193
46195
46196
46197
46198
46198
46201
46202
46202
46203
46204
46204
46206
46207
46207
46208
46208
46208
46209
46213
46216
46219
46219
46221
46222
46222
46223
46223
46224
46224
46226
46227
46228
46230
46230
46233
46235
46235
46236
46239
46241
46243
46243
46245
46245
46246
46246
46247
46248
46251
46251
46252
46252
46252
46252
46253
46253
46254
46254
46255
46255
46255
46255
46256
46259
46260
46261
46261
46261
46262
46262
46262
46262
46262
46263
46263
46264
46264
46265
46267
46268
46268
46269
46270
46271
46271
46274
46280
46280
46282
46284
46284
46285
46286
46290
46291
46292
46292
46293
46293
46293
46293
46294
46295
46296
46296
46297
46298
46299
46299
46300
46300
46302
46304
46304
46304
46305
46305
46306
46306
46307
46307
46307
46308
46309
46311
46311
46313
46314
46314
46316
46318
46319
46319
46320
46321
46323
46323
46323
46324
46324
46324
46325
46325
46329
46330
46330
46331
46332
46337
46337
46337
46337
46338
46340
46340
46341
46341
46343
46343
46346
46349
46350
46350
46350
46351
46352
46352
46355
46357
46358
46358
46359
46360
46361
46362
46363
46363
46366
46367
46368
46368
46371
46371
46372
46372
46372
46374
46376
46377
46378
46379
46379
46379
46379
46380
46380
46380
46384
46384
46385
46387
46387
46387
46388
46388
46389
46389
46389
46390
46390
46390
46390
46391
46394
46394
46396
46396
46396
46396
46397
46398
46399
46399
46400
46400
46404
46407
46407
46407
46408
46410
46410
46412
46412
46412
46413
46413
46414
46414
46417
46419
46421
46421
46422
46422
46424
46427
46427
46427
46427
46428
46430
46431
46431
46434
46435
46436
46438
46438
46438
46439
46439
46440
46440
46442
46443
46443
46444
46446
46450
46451
46452
46454
46455
46459
46460
46462
46463
46464
46464
46464
46465
46467
46467
46469
46472
46472
46472
46473
46475
46476
46476
46478
46478
46478
46479
46483
46487
46487
46487
46489
46490
46492
46493
46494
46496
46497
46499
46500
46501
46502
46502
46503
46504
46504
46507
46507
46508
46509
46509
46509
46510
46510
46510
46510
46511
46512
46513
46513
46514
46516
46517
46518
46520
46520
46521
46521
46522
46522
46522
46524
46526
46528
46531
46531
46532
46533
46535
46537
46538
46540
46542
46542
46543
46544
46544
46545
46547
46547
46550
46551
46551
46552
46552
46553
46553
46553
46553
46553
46554
46554
46555
46555
46555
46557
46557
46558
46559
46559
46560
46561
46565
46566
46567
46568
46568
46568
46569
46569
46570
46570
46571
46571
46572
46572
46572
46573
46573
46573
46575
46575
46576
46576
46578
46578
46578
46578
46579
46579
46580
46581
46581
46582
46583
46585
46586
46587
46589
46593
46594
46594
46596
46596
46597
46597
46599
46599
46601
46602
46602
46602
46602
46603
46604
46604
46605
46605
46606
46606
46606
46607
46609
46610
46612
46613
46614
46614
46616
46618
46618
46619
46620
46622
46623
46623
46625
46625
46628
46630
46631
46632
46632
46633
46634
46634
46635
46635
46636
46638
46638
46639
46639
46642
46643
46643
46644
46645
46645
46646
46646
46647
46648
46649
46650
46651
46651
46652
46652
46653
46654
46654
46657
46660
46661
46661
46661
46664
46665
46665
46666
46667
46667
46667
46668
46670
46672
46672
46673
46676
46677
46677
46679
46681
46682
46682
46682
46684
46685
46685
46686
46688
46690
46690
46690
46694
46695
46696
46696
46697
46698
46699
46699
46700
46702
46703
46705
46707
46707
46708
46708
46708
46709
46710
46711
46711
46711
46715
46717
46717
46722
46723
46723
46724
46724
46725
46726
46726
46728
46728
46730
46730
46730
46730
46731
46732
46732
46734
46735
46735
46736
46737
46738
46743
46744
46744
46745
46745
46746
46746
46748
46750
46752
46752
46756
46756
46757
46757
46758
46758
46758
46759
46762
46763
46764
46765
46765
46766
46766
46767
46772
46773
46773
46778
46780
46781
46781
46783
46784
46784
46784
46785
46785
46785
46786
46786
46787
46788
46789
46789
46789
46792
46793
46793
46793
46797
46798
46800
46801
46802
46802
46804
46805
46805
46805
46805
46807
46808
46808
46809
46810
46811
46811
46811
46812
46813
46815
46815
46819
46819
46820
46821
46824
46825
46827
46828
46829
46829
46829
46830
46831
46832
46833
46834
46834
46839
46839
46841
46842
46842
46843
46843
46843
46844
46845
46845
46846
46846
46847
46847
46848
46849
46849
46850
46851
46851
46852
46853
46855
46855
46858
46858
46861
46862
46862
46862
46863
46864
46865
46866
46866
46866
46867
46868
46868
46870
46871
46872
46875
46878
46880
46880
46880
46880
46880
46882
46883
46884
46886
46886
46887
46889
46891
46891
46891
46894
46895
46895
46896
46897
46897
46897
46897
46898
46898
46899
46901
46901
46902
46903
46904
46906
46906
46906
46907
46909
46909
46912
46913
46913
46913
46914
46914
46916
46917
46919
46919
46921
46923
46923
46924
46924
46924
46925
46925
46928
46934
46934
46935
46937
46937
46938
46938
46939
46939
46939
46940
46943
46943
46944
46944
46949
46949
46949
46950
46951
46951
46952
46952
46954
46954
46957
46958
46960
46962
46963
46964
46965
46965
46966
46967
46967
46970
46970
46975
46975
46977
46979
46979
46979
46981
46981
46982
46985
46989
46989
46990
46990
46991
46991
46991
46991
46993
46994
46997
46998
46998
46999
47001
47001
47002
47003
47003
47003
47006
47007
47007
47008
47011
47012
47012
47012
47012
47013
47013
47014
47014
47015
47015
47018
47019
47020
47021
47021
47021
47022
47023
47023
47025
47026
47027
47027
47032
47032
47033
47035
47038
47038
47039
47042
47043
47043
47044
47044
47047
47047
47047
47048
47049
47051
47052
47052
47052
47053
47054
47054
47056
47056
47058
47059
47061
47064
47065
47065
47066
47066
47066
47066
47067
47069
47071
47071
47072
47073
47073
47074
47075
47075
47076
47076
47076
47077
47077
47079
47079
47080
47080
47081
47083
47086
47088
47088
47090
47091
47091
47092
47092
47093
47093
47094
47094
47094
47096
47096
47097
47098
47099
47100
47100
47100
47101
47102
47104
47105
47106
47110
47110
47110
47110
47110
47110
47110
47112
47112
47112
47112
47113
47113
47114
47114
47115
47117
47117
47118
47118
47118
47119
47120
47121
47122
47122
47122
47122
47124
47129
47129
47130
47131
47131
47133
47133
47134
47135
47138
47138
47139
47140
47141
47141
47143
47145
47145
47147
47149
47150
47151
47151
47153
47156
47157
47157
47158
47159
47161
47161
47162
47163
47167
47168
47168
47170
47170
47172
47174
47174
47175
47175
47176
47178
47181
47182
47183
47185
47185
47187
47190
47192
47193
47193
47193
47196
47196
47197
47198
47198
47200
47200
47204
47204
47204
47205
47206
47207
47207
47207
47207
47207
47207
47209
47211
47211
47212
47213
47214
47215
47216
47216
47217
47217
47218
47218
47219
47219
47220
47221
47223
47224
47224
47225
47225
47225
47226
47231
47233
47234
47234
47236
47238
47238
47238
47239
47240
47241
47241
47243
47244
47244
47246
47246
47248
47249
47249
47249
47249
47249
47250
47251
47251
47251
47256
47256
47256
47257
47258
47259
47259
47261
47262
47265
47266
47268
47268
47268
47270
47270
47271
47272
47273
47273
47275
47277
47278
47278
47279
47280
47281
47283
47284
47285
47285
47287
47287
47289
47290
47291
47291
47292
47294
47294
47294
47294
47295
47299
47300
47300
47301
47302
47304
47304
47305
47307
47307
47307
47308
47309
47309
47314
47314
47314
47315
47316
47318
47318
47319
47320
47320
47321
47322
47322
47322
47323
47325
47325
47328
47328
47328
47329
47329
47329
47329
47329
47331
47336
47338
47338
47339
47339
47342
47343
47343
47344
47344
47344
47344
47349
47350
47352
47353
47358
47359
47359
47361
47362
47364
47364
47366
47368
47368
47369
47369
47369
47370
47371
47372
47374
47375
47376
47377
47377
47377
47379
47381
47382
47382
47383
47384
47390
47391
47391
47392
47394
47395
47396
47397
47399
47400
47400
47401
47401
47402
47403
47403
47403
47404
47405
47408
47411
47413
47415
47417
47418
47418
47419
47420
47422
47422
47422
47422
47423
47423
47426
47427
47428
47428
47429
47429
47430
47432
47432
47433
47435
47435
47435
47437
47440
47442
47442
47447
47447
47450
47451
47452
47454
47454
47456
47458
47458
47458
47459
47460
47460
47460
47460
47462
47462
47463
47464
47465
47465
47466
47467
47467
47468
47468
47469
47469
47469
47469
47471
47472
47473
47473
47475
47476
47477
47477
47478
47478
47479
47479
47479
47480
47480
47480
47480
47482
47484
47484
47486
47486
47486
47488
47489
47489
47490
47490
47490
47490
47490
47492
47492
47492
47494
47496
47496
47497
47500
47501
47502
47502
47503
47504
47504
47504
47505
47505
47506
47507
47508
47508
47510
47511
47511
47514
47515
47516
47517
47518
47519
47520
47522
47522
47523
47524
47525
47528
47530
47531
47532
47533
47534
47534
47535
47535
47538
47540
47540
47540
47543
47543
47544
47546
47546
47547
47547
47547
47548
47549
47549
47549
47552
47552
47552
47553
47553
47553
47555
47556
47557
47559
47560
47561
47562
47562
47563
47564
47565
47566
47567
47567
47567
47569
47571
47574
47575
47575
47577
47577
47578
47581
47581
47582
47582
47583
47586
47587
47587
47589
47589
47590
47590
47590
47592
47592
47593
47594
47594
47594
47598
47599
47600
47602
47603
47603
47603
47604
47605
47605
47605
47606
47607
47607
47609
47609
47610
47611
47612
47613
47614
47615
47615
47615
47615
47616
47618
47618
47622
47624
47624
47625
47627
47627
47628
47628
47629
47630
47632
47635
47637
47638
47639
47639
47640
47640
47640
47640
47642
47643
47644
47645
47645
47646
47647
47648
47648
47649
47650
47650
47650
47654
47655
47655
47655
47656
47657
47658
47659
47660
47661
47661
47662
47663
47665
47665
47666
47666
47666
47668
47669
47670
47670
47672
47675
47675
47676
47676
47678
47679
47681
47681
47682
47682
47683
47683
47684
47685
47687
47687
47688
47689
47691
47692
47693
47694
47697
47699
47699
47699
47700
47700
47703
47703
47706
47708
47712
47715
47715
47715
47718
47720
47721
47723
47725
47725
47725
47726
47727
47728
47728
47730
47730
47731
47731
47733
47734
47736
47736
47736
47738
47738
47740
47741
47741
47742
47745
47746
47747
47747
47749
47749
47749
47750
47754
47754
47754
47754
47755
47756
47756
47757
47757
47759
47761
47762
47764
47766
47766
47766
47767
47768
47768
47769
47769
47770
47771
47774
47775
47776
47776
47776
47777
47778
47778
47779
47779
47779
47780
47782
47783
47784
47785
47787
47789
47790
47791
47791
47792
47792
47792
47793
47794
47794
47794
47795
47798
47800
47801
47802
47802
47805
47808
47808
47808
47809
47810
47811
47812
47812
47814
47815
47817
47817
47820
47820
47822
47822
47824
47824
47825
47825
47826
47826
47828
47830
47835
47836
47837
47838
47838
47839
47839
47839
47843
47843
47843
47843
47843
47844
47844
47845
47845
47846
47847
47850
47853
47853
47855
47857
47858
47858
47864
47864
47865
47865
47866
47867
47868
47870
47872
47872
47873
47873
47874
47875
47877
47877
47879
47880
47880
47885
47885
47886
47887
47888
47888
47889
47892
47893
47894
47894
47896
47897
47898
47898
47898
47899
47900
47900
47900
47900
47900
47900
47900
47903
47905
47908
47910
47910
47910
47910
47911
47911
47912
47912
47914
47914
47914
47916
47916
47916
47916
47917
47919
47920
47920
47920
47921
47922
47922
47922
47924
47926
47926
47929
47930
47933
47933
47935
47935
47936
47936
47937
47938
47939
47939
47939
47939
47939
47942
47945
47946
47946
47947
47949
47950
47951
47951
47952
47953
47954
47956
47956
47957
47958
47959
47961
47962
47963
47967
47968
47970
47972
47972
47975
47977
47978
47978
47978
47980
47982
47985
47989
47990
47991
47991
47992
47992
47992
47992
47994
47994
47995
47995
47999
48000
48002
48002
48004
48005
48005
48007
48008
48009
48010
48012
48013
48013
48013
48013
48013
48014
48016
48017
48018
48021
48021
48022
48027
48027
48029
48030
48031
48031
48031
48033
48037
48038
48039
48039
48041
48043
48043
48043
48045
48049
48049
48050
48050
48051
48051
48052
48052
48053
48053
48054
48056
48058
48058
48061
48062
48062
48062
48063
48067
48067
48068
48072
48073
48073
48075
48076
48076
48076
48077
48078
48079
48079
48079
48079
48080
48081
48081
48082
48085
48086
48086
48088
48088
48088
48089
48090
48092
48092
48093
48093
48093
48094
48094
48094
48094
48096
48097
48097
48098
48099
48102
48102
48103
48104
48105
48105
48106
48106
48106
48108
48110
48112
48113
48113
48114
48114
48116
48116
48119
48121
48122
48122
48122
48122
48126
48127
48128
48128
48129
48129
48129
48130
48130
48132
48132
48133
48134
48134
48137
48139
48140
48140
48143
48143
48145
48145
48145
48145
48146
48147
48147
48147
48148
48148
48149
48149
48152
48152
48153
48153
48153
48156
48158
48158
48158
48159
48159
48160
48160
48161
48163
48164
48167
48167
48170
48170
48173
48173
48174
48175
48175
48176
48177
48178
48178
48179
48181
48182
48182
48185
48185
48186
48190
48191
48194
48197
48197
48198
48200
48201
48202
48202
48203
48206
48206
48206
48207
48208
48209
48209
48213
48214
48214
48215
48216
48219
48223
48225
48226
48227
48227
48228
48229
48230
48230
48231
48233
48234
48235
48238
48239
48240
48240
48242
48242
48244
48244
48246
48247
48248
48248
48248
48249
48251
48253
48253
48254
48254
48254
48254
48254
48254
48254
48255
48256
48258
48261
48262
48263
48264
48264
48265
48265
48266
48266
48269
48269
48270
48271
48271
48272
48273
48274
48274
48276
48277
48278
48287
48287
48288
48288
48289
48290
48292
48292
48294
48296
48297
48298
48301
48302
48302
48304
48305
48306
48307
48308
48309
48309
48309
48311
48312
48312
48313
48315
48315
48315
48317
48318
48318
48318
48320
48320
48320
48321
48322
48323
48324
48324
48327
48327
48327
48329
48331
48331
48336
48337
48339
48339
48340
48340
48342
48343
48344
48344
48344
48346
48346
48348
48349
48354
48355
48355
48356
48356
48359
48359
48360
48360
48361
48361
48361
48362
48363
48364
48364
48365
48367
48367
48371
48373
48373
48373
48375
48375
48376
48376
48376
48377
48377
48377
48377
48378
48380
48382
48382
48383
48386
48387
48387
48389
48390
48395
48396
48396
48397
48399
48400
48400
48402
48403
48406
48406
48407
48408
48408
48409
48411
48411
48412
48412
48413
48414
48415
48415
48418
48419
48420
48422
48423
48424
48424
48424
48426
48426
48427
48427
48428
48428
48429
48429
48430
48430
48431
48432
48432
48433
48433
48433
48434
48436
48436
48437
48437
48438
48440
48441
48445
48446
48448
48449
48450
48450
48452
48453
48454
48455
48456
48458
48459
48460
48461
48463
48464
48468
48468
48477
48478
48479
48482
48482
48483
48483
48483
48484
48484
48485
48485
48486
48488
48489
48491
48491
48493
48498
48498
48499
48499
48500
48501
48503
48504
48506
48506
48507
48508
48508
48508
48509
48510
48510
48510
48510
48510
48511
48513
48513
48514
48515
48515
48516
48517
48520
48520
48521
48523
48524
48526
48526
48526
48527
48527
48529
48530
48530
48531
48531
48532
48532
48534
48534
48536
48536
48537
48538
48540
48541
48541
48542
48542
48544
48544
48545
48548
48548
48548
48548
48549
48551
48551
48551
48551
48551
48551
48552
48553
48554
48555
48557
48559
48559
48560
48561
48562
48562
48563
48564
48566
48568
48570
48572
48573
48573
48573
48574
48574
48580
48580
48580
48583
48583
48583
48584
48585
48585
48586
48588
48591
48591
48593
48595
48596
48597
48597
48598
48603
48604
48604
48605
48605
48607
48608
48609
48611
48611
48612
48614
48615
48615
48616
48619
48620
48620
48621
48622
48622
48623
48624
48628
48628
48629
48629
48631
48632
48633
48638
48640
48640
48641
48642
48643
48644
48645
48645
48645
48648
48649
48650
48651
48653
48654
48654
48657
48657
48658
48659
48659
48659
48663
48664
48665
48667
48668
48668
48669
48672
48675
48676
48676
48681
48682
48683
48683
48686
48688
48690
48691
48691
48691
48692
48693
48693
48695
48696
48699
48700
48701
48702
48703
48703
48705
48705
48707
48708
48709
48710
48712
48713
48714
48715
48717
48717
48718
48718
48718
48719
48722
48723
48723
48725
48726
48727
48727
48728
48729
48731
48733
48733
48734
48739
48740
48741
48742
48745
48745
48745
48746
48747
48749
48749
48749
48752
48752
48754
48756
48757
48759
48760
48762
48763
48763
48763
48764
48764
48766
48766
48768
48769
48770
48770
48772
48775
48775
48776
48777
48777
48778
48779
48780
48780
48781
48781
48782
48784
48787
48787
48792
48792
48792
48794
48795
48798
48798
48798
48799
48799
48804
48805
48805
48806
48807
48808
48808
48809
48816
48817
48819
48820
48820
48820
48820
48821
48822
48822
48822
48823
48824
48824
48824
48825
48826
48826
48826
48826
48827
48828
48830
48831
48832
48832
48832
48833
48834
48837
48837
48838
48839
48839
48840
48840
48841
48842
48844
48846
48846
48846
48846
48847
48849
48851
48851
48851
48853
48854
48857
48858
48858
48860
48862
48862
48862
48863
48863
48864
48864
48865
48866
48868
48868
48868
48869
48869
48872
48874
48874
48876
48877
48881
48881
48883
48886
48887
48888
48889
48891
48891
48891
48894
48895
48895
48898
48898
48901
48901
48902
48902
48902
48902
48904
48906
48907
48907
48908
48909
48910
48911
48913
48915
48915
48915
48916
48918
48918
48920
48921
48921
48922
48923
48924
48924
48924
48928
48929
48930
48934
48935
48936
48938
48938
48938
48938
48938
48939
48940
48941
48944
48946
48947
48947
48949
48949
48950
48951
48952
48955
48955
48956
48957
48958
48959
48960
48960
48961
48962
48962
48964
48965
48965
48965
48968
48969
48970
48972
48973
48974
48974
48974
48975
48976
48976
48976
48977
48978
48979
48980
48982
48982
48984
48985
48985
48989
48992
48993
48994
48994
48995
48996
48998
48998
48998
48998
48999
49001
49003
49004
49006
49006
49007
49007
49008
49008
49009
49010
49010
49011
49011
49012
49012
49015
49015
49016
49018
49019
49020
49022
49024
49026
49027
49027
49028
49028
49029
49031
49031
49031
49031
49033
49034
49036
49039
49040
49040
49040
49043
49044
49045
49046
49046
49046
49046
49048
49048
49049
49049
49049
49049
49052
49054
49054
49054
49055
49055
49056
49056
49057
49058
49062
49062
49062
49062
49062
49063
49065
49065
49067
49069
49070
49071
49072
49072
49073
49076
49076
49077
49077
49078
49078
49078
49079
49080
49081
49082
49084
49084
49086
49088
49088
49088
49090
49090
49092
49093
49094
49095
49096
49096
49098
49099
49099
49101
49101
49103
49106
49106
49107
49109
49111
49112
49113
49114
49114
49115
49116
49117
49119
49120
49121
49122
49123
49125
49126
49126
49127
49127
49127
49127
49128
49128
49128
49128
49129
49131
49131
49132
49134
49136
49138
49139
49140
49140
49140
49142
49143
49144
49147
49147
49148
49150
49150
49151
49153
49154
49154
49155
49160
49161
49164
49164
49165
49165
49166
49166
49167
49167
49167
49168
49170
49171
49171
49175
49175
49176
49180
49180
49181
49181
49184
49185
49185
49186
49187
49187
49188
49190
49192
49195
49195
49195
49196
49197
49197
49198
49198
49199
49199
49201
49201
49201
49202
49202
49202
49203
49204
49206
49208
49208
49211
49211
49211
49212
49212
49213
49213
49214
49214
49214
49215
49217
49218
49218
49221
49224
49225
49229
49230
49230
49231
49238
49239
49240
49240
49240
49241
49242
49243
49243
49244
49244
49245
49246
49248
49249
49252
49252
49253
49254
49254
49256
49256
49257
49258
49259
49259
49259
49260
49260
49261
49262
49262
49263
49264
49264
49264
49265
49269
49270
49272
49273
49274
49274
49274
49277
49277
49277
49278
49278
49278
49282
49282
49283
49287
49289
49290
49290
49290
49291
49294
49295
49296
49296
49297
49297
49297
49297
49299
49301
49301
49302
49304
49304
49305
49305
49306
49309
49309
49313
49313
49315
49316
49317
49318
49320
49323
49324
49324
49325
49325
49326
49327
49327
49329
49329
49330
49332
49333
49333
49333
49333
49333
49334
49336
49336
49336
49338
49338
49340
49341
49344
49344
49345
49345
49345
49347
49348
49348
49348
49349
49349
49350
49351
49351
49353
49354
49355
49355
49355
49356
49359
49360
49362
49362
49362
49363
49366
49366
49367
49368
49368
49370
49371
49372
49373
49375
49377
49377
49377
49378
49383
49383
49384
49386
49386
49386
49387
49388
49389
49389
49389
49390
49391
49392
49392
49394
49395
49395
49395
49396
49396
49397
49398
49399
49399
49400
49401
49402
49402
49402
49402
49405
49405
49406
49408
49408
49408
49409
49409
49409
49409
49409
49411
49411
49412
49415
49418
49420
49420
49421
49423
49424
49426
49426
49428
49428
49428
49430
49431
49433
49435
49436
49438
49440
49441
49442
49445
49445
49446
49448
49448
49448
49448
49449
49452
49454
49455
49455
49457
49458
49458
49461
49464
49465
49465
49466
49466
49468
49468
49469
49469
49470
49470
49471
49472
49474
49476
49478
49478
49479
49480
49481
49483
49483
49485
49485
49487
49487
49491
49492
49492
49492
49492
49493
49493
49495
49495
49495
49496
49497
49499
49502
49503
49503
49505
49506
49507
49508
49509
49511
49511
49513
49514
49514
49515
49516
49517
49517
49518
49518
49518
49519
49519
49521
49524
49524
49526
49527
49527
49528
49528
49528
49530
49531
49532
49532
49532
49533
49534
49535
49535
49536
49537
49537
49538
49541
49542
49542
49542
49542
49543
49545
49545
49546
49546
49546
49547
49549
49549
49549
49550
49553
49554
49554
49554
49555
49559
49559
49560
49562
49563
49564
49566
49566
49566
49568
49569
49571
49572
49574
49576
49577
49578
49579
49580
49581
49581
49581
49585
49586
49586
49586
49586
49588
49589
49590
49593
49593
49596
49596
49598
49599
49599
49601
49602
49602
49603
49605
49605
49606
49607
49607
49608
49609
49609
49613
49614
49615
49616
49617
49617
49618
49619
49619
49621
49623
49623
49624
49625
49626
49627
49632
49633
49634
49634
49634
49634
49635
49636
49636
49640
49641
49641
49643
49643
49644
49646
49648
49648
49651
49653
49654
49655
49656
49656
49657
49659
49659
49661
49663
49665
49665
49665
49666
49667
49668
49670
49671
49674
49674
49675
49675
49676
49676
49677
49678
49682
49685
49685
49686
49686
49686
49687
49688
49691
49692
49695
49696
49697
49697
49700
49701
49702
49703
49703
49704
49704
49705
49707
49707
49708
49709
49710
49711
49713
49713
49714
49715
49716
49716
49719
49719
49719
49720
49724
49724
49725
49725
49725
49725
49726
49726
49727
49728
49730
49730
49732
49733
49735
49738
49738
49739
49739
49739
49740
49741
49741
49742
49743
49743
49748
49748
49749
49751
49753
49754
49756
49756
49756
49758
49759
49759
49760
49760
49761
49762
49762
49762
49763
49763
49764
49766
49767
49768
49768
49769
49770
49770
49771
49771
49771
49772
49773
49773
49773
49773
49777
49778
49779
49779
49780
49780
49780
49780
49781
49782
49783
49783
49784
49785
49786
49788
49788
49789
49789
49790
49790
49791
49791
49793
49797
49798
49798
49800
49802
49803
49804
49805
49805
49806
49806
49806
49807
49807
49808
49812
49812
49813
49813
49815
49815
49815
49816
49818
49819
49820
49820
49820
49821
49821
49823
49823
49825
49825
49826
49827
49827
49828
49829
49831
49832
49833
49833
49833
49834
49835
49835
49835
49836
49836
49836
49837
49837
49837
49841
49841
49841
49842
49843
49846
49847
49847
49848
49848
49849
49849
49850
49850
49851
49852
49852
49852
49852
49854
49855
49855
49858
49858
49859
49860
49861
49861
49863
49864
49866
49867
49868
49868
49868
49871
49871
49871
49872
49873
49874
49874
49881
49881
49881
49882
49882
49884
49885
49885
49885
49886
49886
49887
49887
49888
49889
49893
49893
49894
49894
49895
49896
49896
49898
49898
49899
49899
49899
49899
49901
49902
49903
49907
49907
49908
49908
49910
49911
49913
49913
49914
49916
49918
49919
49919
49920
49920
49921
49922
49923
49923
49924
49927
49929
49930
49930
49931
49931
49933
49933
49934
49936
49936
49937
49940
49940
49941
49941
49942
49943
49943
49945
49946
49949
49950
49950
49951
49952
49953
49954
49955
49956
49958
49959
49959
49959
49961
49961
49963
49966
49967
49968
49968
49968
49968
49970
49972
49973
49975
49976
49977
49978
49978
49980
49980
49980
49980
49982
49982
49984
49984
49985
49986
49987
49989
49989
49991
49994
49995
49996
49996
50003
50004
50005
50005
50006
50006
50006
50007
50007
50008
50009
50009
50011
50012
50013
50013
50014
50014
50017
50017
50017
50019
50019
50020
50024
50024
50025
50026
50026
50027
50028
50030
50030
50031
50031
50033
50033
50036
50036
50037
50037
50038
50041
50042
50042
50042
50044
50044
50045
50046
50047
50047
50049
50049
50049
50049
50049
50049
50051
50054
50055
50055
50055
50056
50056
50056
50059
50059
50059
50059
50060
50060
50061
50061
50062
50064
50064
50065
50067
50068
50069
50070
50071
50072
50072
50072
50073
50074
50074
50075
50075
50075
50076
50076
50076
50077
50078
50078
50078
50079
50080
50081
50082
50082
50082
50083
50083
50083
50086
50088
50089
50089
50091
50091
50092
50093
50094
50095
50096
50096
50098
50099
50102
50103
50103
50104
50104
50106
50107
50111
50111
50111
50112
50113
50113
50114
50115
50116
50117
50118
50118
50120
50121
50123
50123
50123
50123
50124
50125
50126
50126
50129
50129
50130
50130
50130
50131
50133
50133
50134
50135
50135
50138
50140
50141
50142
50143
50143
50143
50143
50145
50145
50146
50146
50147
50148
50148
50153
50154
50155
50156
50158
50158
50158
50159
50159
50164
50164
50164
50166
50167
50167
50167
50167
50168
50170
50170
50171
50171
50172
50172
50172
50172
50172
50172
50173
50175
50176
50176
50178
50179
50180
50181
50182
50182
50182
50182
50183
50184
50185
50185
50186
50186
50188
50190
50190
50192
50194
50195
50197
50197
50198
50198
50199
50199
50199
50200
50200
50202
50202
50204
50204
50204
50205
50206
50207
50207
50207
50208
50208
50210
50210
50211
50212
50212
50213
50213
50215
50215
50218
50218
50220
50220
50221
50221
50224
50225
50225
50225
50225
50225
50226
50226
50231
50232
50235
50237
50238
50238
50238
50239
50240
50240
50242
50242
50242
50243
50243
50243
50244
50245
50245
50246
50246
50247
50247
50248
50249
50249
50251
50251
50252
50253
50254
50257
50258
50260
50262
50264
50264
50266
50266
50267
50267
50267
50267
50267
50268
50268
50270
50271
50272
50273
50274
50276
50277
50277
50278
50278
50279
50279
50280
50282
50282
50283
50285
50286
50286
50287
50287
50288
50288
50289
50291
50291
50292
50292
50293
50293
50293
50294
50294
50294
50294
50295
50295
50297
50297
50297
50298
50299
50299
50300
50300
50301
50304
50305
50305
50306
50306
50306
50308
50309
50310
50310
50310
50312
50313
50313
50313
50313
50313
50314
50314
50315
50317
50320
50320
50324
50324
50326
50326
50326
50326
50327
50328
50328
50331
50331
50332
50332
50333
50334
50334
50334
50335
50336
50336
50336
50337
50337
50338
50339
50340
50341
50341
50343
50343
50345
50345
50345
50346
50346
50346
50349
50350
50350
50351
50352
50352
50353
50354
50354
50356
50359
50361
50363
50366
50368
50368
50371
50373
50373
50377
50377
50377
50378
50378
50379
50380
50380
50381
50381
50384
50384
50385
50386
50388
50388
50389
50390
50391
50391
50394
50394
50396
50399
50401
50402
50402
50403
50403
50403
50406
50406
50409
50410
50411
50412
50415
50415
50416
50416
50416
50417
50418
50419
50419
50419
50420
50421
50421
50426
50426
50426
50426
50426
50427
50429
50429
50430
50430
50430
50431
50432
50434
50435
50437
50438
50439
50439
50441
50442
50442
50442
50444
50444
50444
50448
50448
50448
50448
50448
50450
50451
50452
50453
50455
50457
50457
50457
50458
50459
50459
50460
50460
50463
50464
50465
50466
50466
50466
50467
50467
50468
50469
50469
50472
50473
50474
50476
50477
50477
50477
50478
50478
50478
50478
50482
50482
50483
50484
50484
50485
50485
50486
50487
50488
50489
50489
50491
50492
50495
50496
50497
50497
50497
50499
50499
50499
50500
50500
50501
50503
50503
50504
50504
50505
50505
50507
50507
50508
50510
50511
50511
50511
50512
50513
50513
50514
50515
50517
50517
50517
50520
50521
50521
50522
50527
50527
50534
50535
50537
50537
50537
50537
50539
50540
50543
50543
50543
50544
50545
50546
50547
50551
50551
50551
50552
50555
50555
50555
50557
50559
50560
50561
50561
50564
50566
50566
50566
50567
50567
50567
50567
50569
50572
50572
50574
50577
50578
50579
50579
50579
50584
50585
50585
50586
50587
50588
50589
50590
50590
50592
50593
50593
50594
50594
50594
50596
50599
50599
50602
50603
50604
50605
50606
50606
50607
50609
50610
50615
50615
50615
50616
50618
50619
50619
50620
50621
50621
50622
50624
50624
50625
50625
50626
50627
50628
50629
50629
50630
50634
50634
50634
50635
50636
50638
50638
50639
50641
50642
50643
50643
50644
50644
50645
50647
50647
50649
50652
50652
50655
50656
50656
50657
50657
50659
50660
50661
50662
50662
50663
50665
50666
50667
50669
50670
50670
50670
50671
50671
50671
50672
50672
50673
50674
50675
50680
50682
50682
50688
50688
50689
50689
50691
50691
50692
50696
50697
50698
50699
50700
50700
50701
50701
50702
50702
50703
50703
50704
50705
50708
50709
50710
50710
50710
50710
50713
50714
50714
50715
50718
50719
50724
50724
50724
50726
50726
50729
50730
50730
50732
50733
50733
50734
50735
50737
50737
50737
50738
50738
50739
50741
50741
50742
50744
50745
50746
50747
50747
50747
50747
50747
50748
50748
50750
50751
50751
50753
50753
50754
50755
50756
50756
50756
50757
50760
50762
50763
50764
50765
50765
50766
50766
50768
50768
50768
50775
50780
50780
50782
50782
50785
50789
50789
50791
50792
50795
50795
50795
50796
50798
50799
50802
50804
50805
50806
50806
50806
50806
50809
50810
50810
50812
50812
50815
50815
50819
50820
50822
50823
50823
50823
50825
50825
50826
50826
50826
50828
50830
50833
50834
50834
50834
50834
50835
50835
50835
50836
50843
50845
50847
50847
50849
50850
50852
50855
50856
50856
50858
50858
50859
50861
50863
50865
50866
50866
50867
50868
50868
50869
50870
50870
50871
50872
50873
50873
50874
50875
50876
50877
50878
50878
50879
50881
50882
50882
50882
50884
50884
50885
50888
50889
50890
50890
50892
50893
50893
50894
50897
50897
50898
50899
50899
50899
50902
50903
50904
50906
50908
50909
50910
50911
50912
50913
50913
50913
50917
50918
50918
50919
50920
50920
50920
50922
50923
50925
50926
50926
50930
50932
50933
50933
50934
50934
50935
50935
50936
50938
50940
50940
50941
50941
50942
50942
50943
50943
50943
50944
50944
50945
50945
50945
50946
50947
50949
50950
50950
50950
50951
50951
50954
50958
50959
50960
50961
50963
50963
50964
50966
50966
50969
50972
50974
50974
50974
50974
50977
50977
50978
50978
50980
50981
50981
50984
50986
50987
50987
50989
50989
50989
50991
50993
50996
50998
51000
51001
51001
51004
51004
51005
51005
51007
51008
51009
51010
51012
51012
51013
51014
51014
51015
51015
51017
51020
51020
51020
51021
51022
51023
51024
51028
51028
51029
51030
51030
51030
51032
51035
51036
51037
51040
51040
51041
51044
51044
51048
51048
51049
51051
51051
51052
51055
51055
51058
51058
51058
51061
51062
51062
51065
51067
51067
51069
51070
51070
51070
51072
51073
51075
51075
51078
51080
51080
51080
51081
51082
51083
51084
51084
51087
51087
51088
51094
51096
51096
51096
51096
51097
51097
51097
51099
51101
51101
51102
51103
51103
51103
51104
51104
51104
51106
51108
51110
51113
51114
51115
51116
51117
51119
51120
51122
51122
51123
51125
51126
51126
51126
51126
51126
51127
51127
51127
51130
51130
51132
51133
51134
51134
51135
51135
51136
51138
51138
51140
51141
51141
51143
51148
51148
51148
51149
51149
51150
51151
51154
51154
51158
51160
51162
51163
51163
51167
51168
51169
51173
51174
51174
51175
51179
51179
51180
51180
51183
51185
51185
51187
51190
51191
51193
51193
51193
51194
51194
51195
51199
51199
51200
51201
51202
51203
51204
51205
51205
51206
51206
51208
51210
51212
51212
51214
51214
51217
51218
51221
51222
51225
51225
51228
51229
51230
51231
51233
51233
51234
51235
51237
51238
51238
51238
51239
51241
51241
51244
51244
51244
51245
51246
51249
51249
51251
51251
51252
51252
51252
51253
51256
51256
51256
51257
51257
51259
51261
51263
51265
51265
51266
51266
51266
51266
51266
51267
51268
51268
51268
51268
51269
51271
51271
51277
51278
51278
51278
51278
51279
51279
51280
51281
51282
51282
51282
51283
51285
51289
51290
51290
51291
51291
51291
51292
51293
51295
51295
51297
51298
51298
51299
51302
51303
51303
51303
51304
51304
51305
51306
51307
51307
51307
51308
51309
51310
51312
51312
51314
51314
51316
51317
51317
51318
51319
51319
51320
51320
51320
51321
51321
51321
51321
51321
51322
51322
51322
51323
51324
51324
51325
51325
51326
51327
51328
51328
51328
51329
51332
51333
51333
51337
51337
51340
51341
51345
51345
51345
51346
51347
51349
51350
51351
51353
51353
51354
51356
51356
51357
51358
51360
51360
51361
51363
51364
51367
51369
51370
51372
51372
51373
51374
51375
51375
51376
51377
51380
51380
51381
51381
51383
51383
51385
51386
51387
51387
51387
51388
51388
51388
51389
51390
51390
51391
51392
51393
51393
51395
51396
51397
51397
51400
51401
51401
51402
51402
51402
51402
51405
51405
51406
51407
51409
51410
51411
51412
51412
51412
51413
51419
51420
51420
51420
51421
51422
51422
51423
51423
51423
51424
51424
51424
51425
51425
51426
51427
51427
51430
51431
51432
51432
51432
51432
51433
51433
51434
51434
51435
51435
51439
51440
51441
51442
51443
51443
51444
51445
51445
51445
51447
51448
51448
51448
51450
51450
51450
51450
51452
51454
51455
51458
51459
51461
51464
51465
51466
51468
51469
51469
51470
51470
51470
51470
51471
51472
51472
51473
51473
51475
51476
51478
51479
51481
51483
51484
51484
51484
51485
51485
51485
51486
51488
51489
51490
51490
51491
51492
51492
51493
51494
51494
51495
51496
51496
51496
51496
51498
51499
51500
51500
51502
51503
51504
51506
51506
51506
51507
51508
51509
51509
51510
51511
51512
51513
51513
51513
51514
51514
51515
51516
51520
51521
51527
51528
51528
51531
51531
51532
51532
51535
51539
51542
51544
51544
51544
51547
51547
51548
51550
51552
51553
51554
51556
51559
51559
51560
51561
51561
51562
51564
51564
51565
51565
51565
51567
51568
51568
51570
51572
51575
51576
51576
51577
51577
51578
51579
51580
51582
51583
51584
51584
51587
51588
51589
51590
51591
51593
51594
51595
51595
51596
51596
51596
51600
51600
51600
51601
51601
51602
51603
51606
51609
51614
51615
51620
51620
51620
51620
51620
51621
51625
51626
51626
51628
51629
51630
51630
51631
51631
51631
51632
51632
51634
51635
51636
51641
51642
51643
51643
51644
51644
51644
51646
51646
51649
51652
51657
51657
51658
51659
51660
51661
51663
51666
51667
51668
51670
51670
51672
51672
51672
51674
51675
51675
51675
51678
51678
51680
51680
51681
51682
51682
51685
51686
51687
51688
51688
51690
51692
51694
51695
51695
51695
51695
51696
51696
51696
51697
51698
51701
51702
51705
51706
51707
51707
51708
51709
51713
51714
51715
51715
51715
51716
51716
51717
51718
51720
51721
51722
51722
51724
51724
51725
51728
51730
51732
51734
51736
51738
51738
51739
51742
51747
51747
51749
51749
51750
51750
51752
51752
51752
51753
51753
51754
51755
51755
51756
51757
51759
51765
51765
51766
51768
51770
51771
51773
51773
51773
51774
51775
51776
51776
51777
51777
51778
51779
51779
51779
51780
51782
51784
51784
51784
51786
51786
51787
51789
51791
51798
51798
51800
51801
51801
51802
51803
51803
51803
51803
51803
51804
51805
51805
51806
51808
51808
51809
51809
51811
51813
51813
51813
51814
51814
51814
51816
51816
51817
51817
51818
51818
51818
51819
51819
51820
51820
51820
51822
51822
51823
51825
51826
51826
51826
51830
51830
51830
51832
51835
51835
51837
51840
51840
51843
51843
51844
51844
51846
51847
51849
51851
51852
51852
51852
51852
51853
51857
51858
51858
51860
51860
51860
51861
51862
51862
51864
51865
51865
51865
51867
51869
51870
51871
51871
51871
51872
51874
51874
51874
51875
51876
51876
51876
51876
51877
51878
51879
51880
51881
51881
51882
51882
51883
51884
51886
51887
51887
51887
51887
51888
51890
51890
51892
51894
51894
51894
51895
51895
51898
51900
51900
51900
51900
51902
51903
51904
51904
51904
51906
51906
51908
51910
51912
51912
51913
51914
51915
51916
51916
51917
51920
51920
51921
51921
51923
51923
51924
51924
51926
51926
51927
51929
51929
51929
51930
51931
51932
51932
51934
51934
51934
51934
51936
51936
51936
51936
51937
51938
51938
51940
51940
51941
51942
51943
51944
51945
51946
51948
51949
51953
51953
51955
51955
51955
51956
51959
51959
51960
51961
51963
51964
51964
51964
51964
51965
51966
51969
51970
51971
51971
51972
51972
51975
51975
51977
51978
51978
51980
51982
51983
51984
51986
51988
51990
51992
51993
51993
51994
51996
51999
52000
52000
52001
52001
52001
52002
52002
52003
52004
52005
52007
52008
52009
52011
52012
52013
52014
52017
52020
52020
52024
52025
52025
52026
52026
52028
52031
52032
52033
52034
52034
52036
52037
52037
52037
52039
52040
52040
52041
52042
52044
52044
52045
52045
52046
52046
52047
52048
52048
52049
52052
52054
52056
52058
52058
52058
52059
52059
52062
52062
52063
52064
52064
52064
52065
52065
52066
52068
52068
52069
52069
52070
52072
52072
52072
52073
52074
52074
52074
52074
52075
52080
52080
52081
52090
52092
52092
52093
52093
52094
52096
52096
52097
52099
52099
52099
52101
52104
52104
52105
52107
52109
52111
52112
52112
52114
52116
52118
52119
52119
52121
52121
52122
52123
52125
52127
52127
52129
52129
52131
52133
52134
52136
52137
52138
52139
52142
52144
52145
52146
52146
52147
52147
52149
52149
52149
52149
52151
52151
52152
52153
52153
52154
52156
52159
52159
52159
52159
52159
52160
52160
52162
52165
52166
52166
52167
52168
52169
52169
52170
52173
52174
52176
52177
52179
52182
52182
52183
52183
52183
52184
52184
52184
52184
52185
52186
52186
52187
52189
52189
52190
52191
52191
52191
52193
52194
52194
52194
52195
52196
52200
52203
52203
52204
52205
52207
52207
52208
52209
52209
52213
52214
52214
52217
52217
52217
52220
52223
52223
52224
52224
52224
52225
52225
52228
52228
52230
52230
52232
52236
52236
52236
52241
52241
52241
52242
52242
52243
52243
52244
52245
52246
52246
52246
52248
52249
52249
52250
52250
52252
52252
52253
52253
52253
52255
52258
52258
52258
52259
52260
52261
52261
52263
52264
52264
52265
52265
52265
52267
52267
52268
52271
52276
52276
52276
52277
52279
52279
52280
52282
52284
52285
52285
52285
52286
52286
52286
52288
52288
52289
52290
52292
52294
52295
52296
52296
52297
52298
52301
52301
52302
52303
52305
52305
52307
52308
52310
52310
52310
52311
52312
52312
52314
52316
52316
52318
52318
52320
52321
52321
52324
52325
52325
52328
52329
52329
52330
52331
52336
52336
52336
52337
52337
52337
52339
52343
52344
52345
52346
52346
52347
52347
52347
52350
52352
52352
52352
52353
52354
52356
52358
52358
52360
52363
52365
52366
52367
52369
52370
52370
52372
52372
52373
52374
52375
52376
52380
52382
52382
52383
52383
52385
52385
52387
52388
52388
52388
52389
52389
52390
52391
52392
52392
52393
52394
52396
52397
52397
52397
52400
52402
52406
52408
52408
52408
52409
52410
52410
52410
52411
52413
52415
52416
52416
52418
52418
52418
52418
52423
52423
52425
52427
52427
52427
52429
52430
52430
52431
52431
52432
52433
52433
52435
52436
52437
52438
52438
52439
52439
52439
52440
52440
52440
52443
52445
52446
52446
52448
52450
52451
52452
52453
52453
52454
52455
52455
52455
52455
52456
52458
52458
52459
52460
52461
52462
52463
52464
52464
52465
52465
52467
52468
52472
52472
52476
52477
52478
52478
52482
52483
52484
52486
52486
52486
52487
52493
52493
52494
52496
52496
52498
52498
52500
52502
52502
52505
52506
52507
52509
52511
52512
52513
52513
52514
52515
52515
52516
52516
52517
52517
52519
52520
52520
52521
52521
52523
52523
52525
52525
52527
52527
52528
52531
52532
52534
52535
52535
52535
52537
52538
52538
52539
52540
52543
52543
52543
52543
52543
52543
52544
52544
52545
52547
52547
52550
52554
52554
52554
52555
52556
52557
52558
52558
52559
52559
52559
52563
52567
52568
52568
52568
52571
52572
52572
52572
52574
52574
52575
52577
52577
52580
52583
52584
52584
52584
52585
52585
52585
52586
52586
52586
52588
52588
52595
52597
52599
52601
52601
52605
52607
52607
52608
52609
52609
52611
52611
52612
52612
52613
52613
52613
52614
52614
52616
52616
52617
52620
52620
52620
52621
52622
52623
52626
52626
52627
52627
52628
52629
52629
52629
52630
52631
52632
52634
52639
52639
52640
52641
52641
52641
52641
52643
52643
52644
52645
52646
52647
52648
52648
52648
52649
52649
52651
52651
52653
52655
52656
52659
52659
52663
52664
52666
52668
52668
52670
52670
52670
52674
52674
52674
52675
52676
52677
52677
52677
52679
52680
52681
52681
52682
52682
52683
52686
52687
52690
52690
52691
52691
52692
52694
52695
52696
52698
52702
52705
52706
52706
52707
52708
52708
52710
52712
52713
52713
52715
52715
52719
52719
52721
52721
52722
52723
52724
52725
52727
52728
52729
52730
52733
52734
52736
52739
52740
52740
52740
52740
52742
52744
52744
52745
52745
52745
52746
52747
52747
52751
52751
52752
52752
52756
52759
52759
52760
52762
52762
52763
52765
52766
52767
52767
52770
52771
52772
52773
52773
52774
52774
52775
52776
52777
52782
52782
52784
52784
52785
52785
52786
52787
52788
52788
52789
52792
52793
52793
52794
52796
52796
52796
52797
52798
52798
52801
52801
52801
52801
52802
52803
52804
52804
52805
52806
52807
52808
52808
52809
52810
52810
52811
52812
52817
52817
52818
52820
52820
52820
52823
52824
52824
52824
52825
52825
52826
52826
52827
52828
52829
52829
52831
52831
52833
52835
52837
52837
52838
52838
52839
52839
52839
52840
52841
52842
52842
52843
52844
52845
52846
52848
52850
52850
52851
52852
52854
52856
52856
52858
52859
52859
52860
52861
52861
52864
52868
52869
52873
52875
52875
52876
52876
52878
52880
52880
52880
52881
52881
52883
52883
52884
52885
52886
52890
52891
52892
52893
52894
52895
52897
52898
52900
52900
52903
52905
52905
52906
52907
52908
52908
52908
52908
52910
52911
52912
52915
52918
52918
52921
52923
52923
52925
52926
52927
52927
52927
52928
52931
52931
52932
52932
52934
52935
52936
52937
52937
52937
52938
52938
52941
52941
52942
52943
52946
52949
52949
52951
52951
52953
52954
52955
52958
52958
52958
52959
52959
52960
52961
52963
52964
52965
52965
52967
52967
52969
52969
52971
52972
52972
52973
52974
52976
52978
52978
52978
52978
52979
52979
52981
52981
52983
52984
52985
52986
52987
52988
52989
52991
52991
52991
52993
52993
52993
52993
52994
52994
52994
52994
52994
52994
52995
52996
52996
52997
52997
52997
52998
52999
52999
53001
53001
53003
53003
53004
53004
53004
53005
53005
53008
53008
53010
53010
53010
53011
53012
53012
53012
53012
53014
53015
53017
53018
53018
53019
53019
53020
53021
53022
53024
53025
53025
53027
53027
53028
53029
53030
53030
53032
53032
53032
53034
53034
53034
53035
53036
53037
53037
53038
53040
53042
53042
53043
53045
53047
53049
53049
53050
53050
53050
53051
53051
53052
53053
53053
53054
53055
53055
53056
53057
53057
53060
53063
53063
53064
53064
53064
53065
53066
53068
53069
53070
53071
53071
53072
53074
53076
53079
53079
53080
53081
53085
53085
53085
53086
53086
53086
53087
53088
53089
53089
53090
53090
53092
53092
53092
53094
53094
53094
53095
53097
53098
53100
53100
53101
53101
53105
53106
53107
53109
53111
53111
53112
53113
53114
53114
53115
53119
53119
53120
53120
53120
53121
53122
53124
53125
53126
53126
53126
53130
53131
53131
53133
53134
53136
53138
53138
53138
53138
53139
53141
53141
53142
53143
53144
53145
53149
53150
53150
53152
53153
53154
53154
53156
53156
53157
53158
53158
53160
53160
53162
53165
53166
53166
53169
53170
53170
53170
53170
53171
53173
53175
53176
53176
53177
53178
53178
53179
53182
53182
53182
53183
53184
53186
53186
53187
53187
53188
53190
53190
53192
53192
53195
53196
53197
53197
53197
53197
53199
53199
53200
53201
53202
53203
53203
53205
53205
53206
53206
53207
53207
53207
53210
53212
53212
53213
53213
53213
53215
53218
53219
53219
53220
53221
53221
53222
53222
53223
53223
53223
53223
53224
53225
53226
53227
53227
53231
53231
53231
53231
53232
53234
53235
53239
53241
53242
53242
53243
53244
53246
53246
53247
53248
53248
53248
53250
53250
53251
53252
53255
53256
53256
53256
53257
53257
53258
53258
53259
53259
53262
53262
53262
53264
53266
53267
53269
53269
53270
53272
53273
53274
53277
53277
53277
53277
53278
53278
53278
53279
53279
53283
53284
53284
53285
53285
53287
53287
53287
53288
53288
53290
53291
53292
53296
53296
53298
53298
53299
53302
53302
53302
53306
53306
53307
53308
53308
53308
53309
53310
53312
53312
53313
53314
53315
53315
53316
53316
53316
53316
53317
53317
53319
53320
53320
53322
53322
53325
53327
53327
53328
53329
53329
53330
53331
53331
53332
53334
53334
53335
53336
53337
53337
53338
53339
53339
53341
53343
53343
53344
53349
53349
53350
53351
53352
53356
53357
53360
53362
53364
53365
53365
53365
53366
53367
53367
53368
53369
53369
53370
53371
53371
53372
53372
53373
53375
53376
53376
53376
53377
53377
53377
53378
53378
53379
53379
53379
53380
53383
53383
53383
53384
53385
53385
53385
53387
53387
53387
53390
53390
53390
53391
53391
53394
53394
53395
53397
53397
53398
53400
53400
53400
53401
53403
53403
53403
53403
53404
53405
53406
53407
53407
53407
53408
53408
53410
53411
53411
53418
53418
53419
53420
53420
53420
53421
53421
53422
53422
53422
53424
53424
53424
53428
53428
53431
53433
53434
53434
53435
53435
53436
53436
53437
53438
53439
53440
53441
53441
53441
53442
53443
53444
53445
53445
53446
53449
53449
53449
53451
53451
53451
53454
53454
53455
53458
53459
53461
53461
53461
53462
53463
53463
53463
53464
53464
53465
53467
53467
53468
53468
53469
53470
53471
53473
53473
53473
53476
53477
53478
53478
53480
53481
53481
53482
53482
53484
53484
53486
53486
53486
53489
53489
53489
53489
53489
53490
53492
53494
53494
53495
53498
53499
53499
53500
53500
53501
53501
53501
53502
53504
53504
53504
53508
53508
53508
53510
53510
53511
53511
53512
53514
53514
53520
53520
53520
53522
53522
53523
53523
53525
53525
53526
53527
53527
53529
53531
53532
53532
53532
53535
53536
53537
53538
53538
53538
53539
53539
53539
53541
53542
53542
53543
53543
53544
53544
53546
53546
53547
53550
53550
53550
53550
53551
53551
53553
53554
53556
53556
53558
53558
53558
53559
53560
53561
53561
53561
53561
53561
53561
53564
53565
53568
53569
53570
53570
53570
53571
53572
53575
53580
53580
53581
53582
53582
53583
53583
53587
53589
53590
53592
53594
53594
53598
53599
53600
53602
53603
53604
53604
53605
53605
53606
53607
53607
53610
53611
53612
53612
53612
53612
53612
53613
53614
53618
53619
53619
53620
53620
53620
53624
53624
53626
53626
53628
53628
53630
53630
53631
53633
53634
53635
53636
53636
53636
53636
53638
53639
53641
53642
53642
53642
53644
53644
53644
53649
53652
53652
53653
53654
53655
53656
53657
53657
53657
53663
53664
53666
53667
53667
53668
53668
53671
53672
53672
53672
53674
53675
53676
53676
53679
53679
53681
53681
53681
53684
53686
53686
53686
53688
53689
53690
53691
53695
53696
53696
53698
53698
53699
53699
53699
53699
53700
53700
53700
53704
53708
53711
53712
53713
53713
53714
53714
53715
53716
53718
53719
53719
53721
53723
53723
53724
53727
53728
53728
53729
53730
53731
53731
53731
53731
53732
53735
53735
53736
53736
53737
53738
53738
53738
53739
53739
53740
53741
53742
53742
53744
53745
53746
53746
53747
53747
53747
53747
53749
53749
53750
53751
53751
53752
53752
53752
53754
53755
53757
53757
53760
53760
53760
53761
53764
53765
53766
53768
53770
53772
53773
53773
53774
53775
53776
53776
53779
53779
53782
53782
53785
53785
53786
53787
53787
53789
53789
53789
53791
53791
53793
53793
53795
53795
53797
53797
53798
53799
53800
53801
53802
53802
53803
53804
53804
53807
53808
53808
53809
53812
53812
53813
53813
53815
53815
53815
53816
53816
53818
53819
53820
53820
53821
53824
53825
53826
53826
53828
53829
53829
53830
53830
53831
53831
53832
53832
53834
53836
53836
53837
53837
53838
53838
53839
53842
53842
53844
53848
53849
53850
53852
53852
53852
53852
53854
53854
53855
53856
53857
53859
53860
53860
53860
53862
53862
53862
53863
53864
53865
53869
53871
53871
53873
53874
53874
53875
53875
53875
53876
53876
53877
53877
53879
53880
53883
53885
53885
53887
53888
53889
53890
53890
53890
53893
53895
53895
53896
53896
53896
53896
53899
53902
53903
53904
53905
53906
53906
53906
53907
53907
53909
53910
53913
53913
53914
53914
53915
53915
53916
53919
53919
53921
53922
53922
53925
53925
53925
53927
53928
53931
53932
53932
53934
53934
53935
53937
53937
53938
53939
53940
53942
53943
53943
53944
53945
53945
53946
53948
53948
53950
53953
53953
53954
53955
53955
53955
53955
53955
53956
53959
53961
53961
53963
53963
53967
53968
53969
53970
53970
53972
53975
53975
53977
53977
53979
53979
53980
53980
53982
53983
53983
53984
53985
53985
53985
53985
53985
53988
53988
53992
53995
53996
53997
53998
53999
54000
54000
54010
54011
54013
54013
54013
54016
54018
54018
54018
54019
54021
54022
54022
54024
54024
54024
54026
54026
54026
54026
54028
54028
54028
54029
54030
54031
54031
54031
54032
54034
54034
54034
54034
54035
54036
54037
54039
54040
54040
54041
54044
54050
54052
54053
54056
54059
54061
54064
54064
54065
54066
54068
54070
54072
54072
54073
54080
54081
54081
54082
54082
54083
54083
54083
54084
54088
54089
54089
54089
54090
54090
54093
54093
54093
54094
54094
54095
54095
54096
54096
54096
54097
54097
54099
54100
54101
54102
54102
54102
54105
54106
54106
54106
54107
54107
54108
54108
54109
54109
54111
54111
54113
54113
54115
54118
54119
54122
54123
54125
54125
54127
54128
54128
54128
54130
54130
54133
54133
54134
54134
54134
54135
54136
54136
54136
54137
54137
54138
54140
54140
54141
54141
54145
54147
54148
54149
54151
54152
54152
54155
54155
54155
54155
54156
54157
54158
54159
54161
54161
54161
54162
54162
54162
54163
54164
54166
54169
54169
54171
54172
54173
54173
54173
54174
54175
54176
54176
54177
54177
54178
54179
54180
54181
54182
54183
54184
54185
54186
54186
54187
54188
54188
54188
54189
54190
54191
54192
54194
54194
54194
54194
54194
54195
54196
54197
54200
54200
54201
54202
54203
54203
54206
54207
54207
54208
54208
54208
54210
54213
54214
54216
54217
54218
54218
54218
54220
54220
54223
54227
54228
54228
54229
54230
54232
54233
54234
54237
54240
54241
54244
54245
54246
54246
54248
54249
54250
54250
54252
54253
54253
54254
54254
54254
54256
54256
54257
54257
54259
54259
54263
54263
54263
54264
54265
54265
54265
54269
54269
54271
54271
54273
54274
54275
54275
54279
54280
54283
54285
54285
54285
54287
54289
54290
54290
54290
54290
54292
54297
54297
54298
54298
54299
54300
54300
54301
54301
54301
54302
54302
54305
54305
54305
54306
54307
54307
54310
54310
54312
54313
54313
54317
54317
54318
54319
54322
54324
54324
54324
54326
54327
54327
54328
54328
54331
54332
54333
54333
54334
54334
54335
54335
54336
54336
54338
54338
54338
54341
54342
54342
54342
54343
54346
54347
54347
54347
54348
54348
54348
54349
54351
54351
54352
54354
54355
54356
54356
54356
54357
54357
54358
54359
54360
54362
54364
54364
54367
54367
54367
54368
54370
54370
54371
54372
54374
54374
54374
54376
54377
54377
54377
54378
54379
54381
54382
54383
54386
54386
54388
54390
54391
54391
54393
54395
54396
54396
54396
54398
54400
54401
54401
54401
54402
54403
54404
54405
54406
54408
54408
54409
54414
54416
54416
54418
54419
54419
54419
54420
54420
54420
54421
54423
54424
54425
54429
54429
54431
54432
54432
54432
54432
54435
54436
54436
54438
54438
54445
54445
54446
54447
54449
54449
54451
54451
54451
54452
54452
54453
54453
54454
54454
54455
54456
54459
54459
54459
54461
54462
54464
54464
54465
54465
54466
54469
54470
54471
54471
54472
54473
54474
54475
54476
54477
54479
54479
54479
54482
54483
54484
54484
54484
54484
54485
54485
54486
54488
54488
54490
54491
54491
54493
54493
54493
54497
54497
54499
54499
54500
54500
54502
54503
54505
54506
54508
54510
54510
54511
54512
54513
54514
54515
54515
54516
54516
54517
54517
54518
54518
54520
54520
54520
54520
54521
54523
54523
54524
54525
54528
54530
54531
54533
54533
54534
54534
54536
54537
54539
54541
54542
54542
54543
54544
54545
54547
54548
54549
54549
54549
54550
54550
54551
54552
54554
54555
54555
54555
54557
54557
54557
54562
54562
54564
54565
54565
54567
54568
54568
54570
54570
54571
54572
54573
54574
54575
54576
54577
54578
54580
54580
54582
54583
54583
54584
54585
54586
54586
54586
54587
54588
54589
54590
54591
54592
54592
54593
54595
54596
54597
54599
54600
54600
54601
54602
54603
54605
54608
54610
54611
54612
54614
54622
54624
54625
54626
54629
54631
54631
54633
54633
54635
54635
54636
54637
54638
54639
54641
54643
54643
54645
54645
54647
54648
54649
54651
54652
54654
54655
54655
54655
54657
54658
54660
54660
54660
54663
54664
54665
54666
54667
54667
54667
54667
54667
54668
54669
54669
54670
54671
54673
54673
54675
54675
54676
54676
54676
54677
54677
54678
54678
54680
54682
54682
54683
54683
54684
54684
54685
54685
54686
54686
54686
54689
54690
54691
54693
54694
54694
54695
54695
54696
54696
54697
54698
54699
54700
54700
54700
54701
54702
54702
54704
54705
54707
54707
54708
54708
54709
54710
54712
54712
54713
54714
54716
54718
54721
54723
54723
54724
54725
54725
54726
54726
54727
54727
54728
54728
54730
54730
54731
54732
54732
54734
54737
54737
54739
54739
54743
54744
54744
54745
54748
54749
54751
54751
54752
54752
54752
54753
54756
54756
54756
54759
54762
54765
54767
54767
54769
54769
54770
54771
54771
54771
54774
54776
54777
54777
54778
54778
54780
54780
54781
54781
54781
54782
54782
54782
54783
54785
54786
54786
54787
54788
54789
54790
54790
54791
54793
54793
54794
54796
54796
54797
54797
54798
54800
54801
54801
54802
54803
54804
54804
54804
54805
54806
54806
54808
54809
54810
54812
54813
54816
54817
54817
54817
54817
54818
54819
54821
54821
54822
54829
54829
54830
54831
54831
54832
54832
54834
54834
54834
54834
54835
54840
54842
54844
54844
54846
54847
54847
54849
54849
54849
54850
54851
54851
54851
54851
54852
54853
54856
54856
54857
54859
54859
54859
54859
54862
54863
54863
54863
54863
54865
54865
54866
54866
54867
54867
54868
54868
54869
54870
54874
54875
54876
54876
54876
54877
54877
54878
54878
54880
54882
54883
54883
54884
54887
54887
54887
54890
54891
54892
54894
54896
54896
54901
54901
54903
54904
54904
54904
54905
54905
54907
54907
54908
54909
54909
54909
54910
54913
54913
54914
54914
54916
54917
54917
54918
54919
54920
54923
54924
54925
54925
54926
54929
54930
54931
54932
54932
54933
54935
54937
54938
54938
54941
54943
54944
54944
54944
54946
54946
54948
54948
54949
54949
54950
54952
54954
54954
54955
54956
54956
54956
54956
54956
54957
54957
54958
54958
54959
54960
54960
54961
54962
54965
54965
54968
54969
54973
54973
54973
54973
54974
54975
54976
54976
54977
54980
54981
54981
54981
54983
54984
54984
54987
54987
54987
54992
54993
54995
54996
54997
54997
55000
55001
55002
55003
55004
55005
55005
55005
55006
55009
55010
55013
55013
55014
55016
55021
55021
55023
55023
55024
55025
55026
55027
55030
55031
55032
55032
55033
55035
55035
55035
55036
55037
55038
55039
55040
55041
55043
55044
55044
55045
55046
55046
55046
55046
55047
55049
55051
55051
55051
55052
55053
55053
55053
55054
55054
55055
55055
55056
55057
55057
55058
55059
55059
55060
55061
55061
55061
55062
55063
55063
55064
55064
55064
55065
55065
55066
55066
55067
55073
55073
55073
55073
55074
55075
55075
55076
55077
55077
55079
55079
55080
55081
55082
55082
55084
55084
55085
55085
55086
55087
55087
55090
55090
55091
55092
55092
55092
55093
55095
55096
55097
55097
55098
55102
55104
55106
55106
55106
55107
55108
55108
55110
55110
55110
55111
55113
55114
55116
55117
55119
55121
55121
55123
55124
55124
55125
55125
55126
55127
55128
55130
55130
55130
55130
55134
55134
55135
55137
55138
55138
55138
55139
55140
55140
55140
55140
55140
55142
55144
55144
55145
55145
55146
55148
55149
55150
55151
55151
55152
55152
55154
55156
55156
55157
55158
55158
55160
55161
55162
55164
55165
55165
55166
55168
55168
55169
55170
55171
55173
55173
55175
55176
55180
55183
55187
55188
55194
55194
55195
55197
55199
55199
55199
55200
55201
55201
55202
55202
55203
55206
55206
55206
55207
55208
55208
55209
55210
55210
55212
55212
55213
55213
55213
55214
55215
55216
55218
55218
55219
55221
55221
55222
55223
55223
55225
55225
55226
55226
55227
55229
55229
55230
55230
55230
55231
55233
55235
55235
55236
55238
55241
55242
55242
55243
55243
55244
55244
55244
55245
55245
55246
55247
55247
55249
55250
55250
55250
55251
55251
55252
55252
55253
55254
55256
55256
55257
55259
55261
55261
55261
55262
55263
55263
55263
55268
55269
55270
55271
55271
55273
55276
55277
55278
55279
55280
55281
55281
55281
55282
55283
55283
55283
55284
55284
55285
55287
55288
55288
55289
55290
55293
55294
55294
55295
55295
55296
55297
55298
55299
55301
55301
55303
55303
55304
55304
55305
55305
55306
55306
55307
55308
55309
55309
55310
55310
55311
55313
55313
55314
55315
55316
55316
55317
55317
55318
55319
55319
55320
55321
55321
55321
55325
55325
55326
55327
55328
55328
55329
55330
55331
55332
55334
55336
55336
55337
55338
55338
55338
55339
55341
55342
55342
55343
55344
55345
55348
55349
55351
55351
55352
55352
55354
55354
55355
55355
55355
55356
55357
55357
55357
55357
55358
55359
55362
55362
55362
55363
55363
55363
55363
55363
55364
55365
55366
55367
55368
55370
55370
55371
55372
55373
55374
55374
55375
55375
55375
55379
55381
55383
55384
55384
55385
55386
55391
55392
55393
55393
55395
55396
55397
55397
55398
55400
55400
55401
55404
55407
55408
55408
55408
55409
55410
55411
55412
55414
55417
55418
55418
55421
55421
55421
55422
55422
55423
55423
55423
55424
55424
55426
55427
55428
55428
55428
55428
55431
55434
55434
55435
55435
55438
55438
55438
55439
55441
55443
55443
55443
55444
55446
55447
55448
55448
55449
55450
55450
55450
55454
55456
55457
55459
55462
55462
55462
55464
55465
55465
55465
55466
55467
55469
55469
55470
55470
55471
55472
55473
55475
55475
55478
55478
55478
55480
55481
55482
55483
55486
55486
55486
55489
55490
55492
55493
55495
55496
55496
55497
55501
55502
55502
55503
55503
55503
55507
55507
55507
55508
55508
55509
55511
55512
55515
55515
55516
55517
55519
55521
55521
55522
55522
55525
55527
55528
55528
55529
55530
55530
55531
55531
55531
55534
55534
55535
55536
55537
55537
55537
55538
55539
55541
55542
55543
55544
55544
55545
55545
55545
55546
55547
55547
55548
55550
55550
55552
55553
55553
55553
55554
55555
55556
55556
55558
55559
55560
55561
55561
55563
55564
55566
55568
55573
55574
55575
55575
55577
55577
55578
55579
55579
55579
55579
55580
55582
55582
55583
55584
55585
55585
55586
55587
55587
55589
55590
55591
55594
55594
55594
55596
55596
55599
55599
55600
55602
55603
55603
55603
55603
55604
55604
55604
55607
55609
55610
55610
55611
55612
55612
55613
55613
55614
55614
55615
55616
55616
55617
55618
55618
55620
55622
55622
55623
55623
55627
55628
55629
55629
55629
55630
55634
55637
55638
55639
55640
55640
55640
55641
55642
55645
55646
55646
55646
55646
55648
55650
55650
55651
55651
55652
55652
55653
55653
55656
55657
55657
55658
55658
55660
55662
55662
55663
55664
55664
55664
55665
55666
55667
55668
55668
55668
55668
55668
55669
55670
55670
55672
55672
55673
55675
55675
55676
55677
55679
55679
55681
55683
55687
55687
55688
55692
55694
55696
55699
55699
55699
55699
55700
55701
55701
55701
55703
55703
55706
55706
55707
55709
55710
55712
55714
55716
55716
55717
55718
55718
55719
55719
55720
55721
55722
55722
55723
55723
55723
55724
55725
55725
55725
55730
55732
55732
55732
55732
55734
55736
55741
55741
55741
55741
55741
55742
55742
55745
55746
55747
55751
55751
55752
55752
55754
55755
55755
55758
55759
55763
55764
55768
55772
55772
55774
55775
55776
55776
55777
55778
55779
55780
55780
55784
55785
55786
55787
55787
55790
55790
55791
55793
55793
55794
55796
55797
55800
55801
55802
55802
55804
55804
55804
55805
55806
55806
55806
55808
55811
55812
55812
55812
55814
55814
55814
55815
55816
55816
55820
55821
55822
55823
55825
55826
55826
55826
55827
55828
55829
55829
55830
55831
55832
55833
55833
55834
55834
55834
55835
55835
55836
55837
55839
55839
55842
55844
55847
55847
55850
55850
55851
55851
55852
55852
55852
55852
55856
55857
55857
55857
55861
55865
55867
55867
55868
55871
55871
55871
55873
55873
55875
55875
55876
55876
55878
55880
55881
55881
55881
55882
55882
55882
55883
55883
55883
55884
55885
55886
55886
55888
55889
55889
55890
55890
55891
55891
55891
55893
55893
55893
55894
55894
55895
55895
55895
55895
55897
55897
55898
55898
55901
55902
55903
55905
55905
55908
55909
55909
55910
55912
55913
55913
55914
55917
55917
55917
55918
55920
55922
55925
55926
55927
55927
55928
55928
55929
55929
55930
55930
55930
55931
55933
55934
55937
55937
55937
55939
55939
55939
55940
55940
55940
55940
55942
55942
55942
55944
55944
55947
55948
55948
55948
55949
55951
55952
55952
55957
55957
55957
55959
55959
55961
55962
55963
55964
55965
55966
55966
55966
55968
55968
55971
55972
55973
55974
55975
55976
55978
55978
55979
55980
55983
55984
55984
55984
55984
55984
55988
55988
55990
55990
55991
55992
55993
55993
55994
55994
55995
55996
55997
55997
55997
55998
55998
55999
56000
56001
56001
56003
56004
56006
56007
56008
56009
56009
56011
56012
56013
56015
56015
56017
56018
56020
56020
56021
56023
56023
56024
56026
56026
56027
56029
56030
56033
56033
56034
56034
56035
56035
56036
56037
56037
56037
56041
56041
56042
56043
56044
56049
56049
56051
56053
56053
56053
56054
56054
56056
56057
56058
56061
56061
56061
56066
56067
56068
56068
56069
56069
56070
56072
56073
56074
56075
56076
56076
56077
56078
56081
56084
56084
56084
56085
56085
56087
56090
56090
56093
56093
56095
56096
56096
56097
56098
56099
56099
56101
56103
56105
56107
56108
56110
56111
56111
56112
56113
56114
56115
56117
56118
56119
56120
56121
56121
56121
56122
56123
56123
56124
56125
56125
56126
56126
56129
56130
56131
56134
56134
56135
56136
56138
56138
56141
56144
56145
56146
56146
56146
56147
56147
56148
56148
56149
56150
56152
56156
56156
56156
56156
56157
56157
56161
56162
56163
56164
56164
56165
56166
56166
56166
56168
56169
56170
56172
56172
56173
56174
56174
56175
56175
56176
56177
56178
56179
56180
56180
56180
56180
56184
56185
56186
56187
56188
56189
56189
56190
56192
56192
56193
56193
56194
56195
56196
56196
56199
56200
56201
56206
56206
56206
56208
56208
56209
56210
56210
56211
56211
56213
56214
56215
56215
56217
56218
56219
56220
56222
56223
56225
56225
56225
56228
56228
56231
56231
56232
56235
56236
56238
56238
56238
56239
56239
56239
56239
56241
56241
56241
56241
56242
56242
56243
56245
56246
56248
56248
56249
56249
56249
56250
56250
56252
56254
56254
56255
56255
56259
56260
56260
56261
56264
56265
56265
56267
56267
56268
56268
56269
56273
56273
56274
56275
56275
56276
56276
56276
56276
56279
56280
56282
56284
56284
56287
56287
56289
56290
56290
56290
56298
56298
56299
56302
56303
56304
56306
56306
56308
56308
56309
56309
56310
56310
56310
56315
56315
56316
56316
56317
56318
56319
56321
56322
56326
56328
56328
56329
56331
56331
56331
56332
56333
56334
56335
56335
56336
56336
56337
56337
56338
56339
56344
56346
56347
56348
56348
56349
56352
56353
56353
56354
56355
56355
56356
56357
56358
56359
56360
56362
56362
56363
56369
56372
56373
56373
56374
56375
56377
56378
56378
56380
56380
56380
56381
56381
56383
56385
56385
56387
56387
56389
56391
56394
56394
56395
56398
56398
56399
56400
56400
56400
56400
56403
56403
56405
56405
56405
56406
56411
56413
56414
56417
56417
56417
56418
56418
56419
56419
56419
56421
56422
56422
56423
56424
56424
56425
56427
56427
56429
56430
56431
56432
56434
56434
56434
56435
56435
56436
56438
56440
56440
56440
56441
56444
56445
56446
56448
56450
56450
56455
56458
56458
56458
56459
56461
56461
56462
56463
56463
56463
56463
56466
56466
56467
56467
56470
56470
56470
56471
56471
56471
56471
56472
56473
56473
56474
56475
56476
56476
56477
56477
56478
56479
56479
56480
56480
56481
56482
56483
56484
56487
56487
56488
56489
56489
56489
56490
56491
56493
56493
56494
56495
56495
56496
56496
56497
56498
56499
56501
56502
56506
56507
56509
56510
56511
56513
56513
56513
56514
56514
56515
56515
56516
56516
56517
56517
56517
56518
56519
56522
56523
56524
56524
56524
56525
56526
56527
56527
56529
56530
56531
56531
56532
56533
56536
56536
56536
56537
56537
56537
56538
56538
56539
56542
56543
56544
56544
56545
56547
56547
56548
56549
56550
56550
56551
56553
56554
56554
56554
56554
56556
56557
56557
56560
56560
56561
56561
56562
56564
56564
56565
56565
56566
56571
56571
56572
56572
56574
56575
56576
56576
56577
56579
56580
56581
56585
56587
56587
56589
56591
56591
56592
56592
56593
56593
56596
56596
56599
56599
56601
56603
56603
56605
56606
56606
56607
56609
56610
56611
56612
56613
56614
56614
56615
56616
56617
56618
56618
56618
56619
56620
56620
56620
56621
56621
56623
56625
56626
56626
56627
56627
56628
56629
56633
56633
56633
56634
56634
56634
56635
56636
56639
56639
56640
56640
56642
56642
56643
56645
56648
56649
56649
56652
56652
56653
56653
56654
56655
56655
56656
56658
56659
56660
56662
56663
56664
56667
56668
56668
56669
56670
56673
56675
56675
56675
56675
56676
56677
56677
56677
56678
56678
56678
56678
56679
56679
56679
56679
56681
56683
56684
56684
56684
56685
56686
56687
56687
56690
56691
56692
56693
56698
56698
56701
56701
56701
56702
56702
56704
56706
56709
56709
56711
56711
56714
56714
56715
56716
56716
56716
56717
56718
56718
56719
56719
56722
56722
56723
56723
56723
56723
56724
56724
56725
56728
56728
56729
56730
56730
56731
56733
56735
56735
56735
56736
56737
56737
56738
56740
56740
56741
56741
56742
56747
56748
56749
56750
56751
56751
56753
56754
56755
56755
56756
56757
56757
56757
56758
56759
56760
56761
56762
56762
56762
56762
56763
56764
56765
56765
56766
56766
56766
56770
56771
56771
56772
56772
56773
56774
56774
56778
56779
56780
56780
56780
56780
56780
56781
56782
56784
56785
56785
56787
56789
56789
56789
56790
56791
56791
56793
56793
56794
56794
56795
56795
56796
56796
56798
56799
56800
56801
56804
56804
56805
56805
56805
56805
56806
56807
56807
56808
56809
56809
56809
56810
56811
56812
56813
56814
56817
56818
56818
56819
56820
56821
56822
56824
56824
56825
56830
56830
56831
56832
56834
56835
56836
56839
56839
56841
56842
56842
56843
56843
56843
56844
56846
56846
56847
56849
56850
56850
56851
56852
56853
56853
56854
56855
56856
56856
56857
56857
56858
56859
56860
56862
56862
56862
56863
56863
56864
56864
56866
56867
56867
56868
56869
56872
56874
56875
56875
56876
56877
56878
56879
56882
56882
56882
56883
56883
56884
56886
56886
56887
56887
56888
56889
56890
56891
56891
56891
56893
56894
56894
56895
56896
56897
56899
56901
56901
56902
56902
56903
56904
56906
56907
56910
56914
56915
56915
56916
56918
56919
56921
56922
56922
56923
56924
56925
56926
56928
56929
56929
56929
56931
56931
56933
56933
56933
56934
56936
56938
56939
56940
56942
56944
56944
56944
56944
56945
56945
56946
56946
56948
56949
56949
56950
56954
56955
56958
56959
56959
56960
56961
56961
56963
56964
56965
56965
56965
56966
56967
56968
56969
56969
56970
56971
56971
56972
56974
56974
56976
56976
56976
56977
56977
56978
56979
56979
56979
56982
56983
56983
56983
56984
56985
56986
56986
56990
56990
56990
56990
56992
56993
56994
56994
56997
56998
56999
57000
57004
57004
57005
57005
57007
57008
57008
57009
57010
57011
57012
57012
57012
57015
57017
57017
57017
57019
57019
57021
57021
57022
57023
57024
57025
57026
57026
57027
57027
57027
57031
57032
57032
57034
57034
57036
57038
57039
57041
57042
57043
57043
57046
57047
57047
57047
57047
57048
57048
57048
57049
57049
57049
57049
57050
57050
57051
57051
57052
57054
57055
57055
57056
57057
57058
57064
57065
57066
57069
57069
57070
57070
57071
57072
57073
57075
57075
57076
57076
57076
57077
57078
57079
57080
57084
57086
57086
57089
57089
57089
57089
57089
57090
57090
57090
57090
57092
57093
57094
57094
57098
57100
57101
57103
57105
57108
57108
57109
57113
57113
57114
57114
57115
57116
57117
57118
57118
57118
57119
57120
57121
57121
57123
57123
57124
57124
57124
57125
57125
57125
57126
57126
57126
57128
57130
57130
57130
57131
57131
57135
57135
57136
57136
57136
57136
57137
57137
57137
57137
57139
57139
57140
57141
57141
57142
57143
57145
57146
57148
57148
57148
57150
57150
57150
57151
57151
57151
57152
57153
57154
57155
57156
57158
57159
57160
57160
57163
57163
57164
57165
57166
57166
57167
57169
57170
57170
57171
57172
57172
57173
57173
57174
57174
57176
57176
57176
57177
57177
57178
57179
57179
57180
57181
57181
57184
57184
57185
57185
57187
57188
57189
57190
57190
57191
57192
57196
57198
57199
57199
57200
57200
57201
57201
57201
57201
57202
57203
57205
57206
57207
57208
57211
57212
57214
57214
57215
57215
57217
57218
57218
57220
57222
57223
57224
57225
57226
57227
57227
57228
57228
57229
57229
57229
57229
57230
57231
57231
57232
57232
57232
57234
57235
57236
57237
57237
57239
57240
57242
57244
57244
57246
57247
57247
57247
57248
57249
57249
57253
57254
57254
57255
57255
57255
57257
57257
57258
57258
57259
57259
57261
57263
57263
57267
57268
57269
57270
57272
57273
57274
57277
57277
57279
57281
57282
57283
57286
57287
57288
57288
57289
57290
57290
57293
57294
57295
57297
57298
57298
57299
57302
57303
57304
57304
57305
57305
57306
57306
57308
57309
57309
57310
57313
57314
57315
57316
57318
57319
57319
57319
57323
57324
57324
57328
57330
57332
57333
57337
57337
57339
57341
57341
57342
57342
57343
57345
57347
57348
57348
57348
57349
57349
57351
57352
57352
57354
57355
57355
57356
57356
57356
57358
57358
57359
57360
57362
57362
57362
57363
57364
57365
57366
57370
57372
57374
57375
57375
57376
57377
57378
57378
57379
57379
57379
57381
57383
57383
57386
57388
57388
57389
57389
57390
57391
57391
57392
57393
57393
57394
57394
57396
57396
57397
57398
57399
57400
57401
57404
57405
57405
57407
57407
57409
57409
57410
57410
57411
57416
57416
57418
57419
57420
57420
57424
57425
57425
57425
57427
57428
57428
57430
57431
57432
57433
57433
57433
57433
57435
57438
57438
57440
57441
57444
57445
57445
57447
57447
57448
57448
57449
57449
57450
57450
57451
57455
57457
57457
57458
57459
57459
57460
57460
57460
57460
57461
57461
57462
57464
57464
57465
57466
57466
57468
57468
57469
57472
57473
57473
57475
57477
57481
57482
57482
57483
57483
57483
57483
57484
57484
57486
57488
57489
57489
57489
57489
57490
57491
57491
57492
57493
57494
57494
57496
57497
57497
57498
57498
57500
57502
57503
57503
57503
57504
57505
57507
57507
57507
57509
57510
57511
57511
57513
57513
57515
57515
57516
57516
57517
57517
57518
57518
57523
57524
57528
57528
57529
57532
57534
57535
57538
57538
57539
57539
57540
57542
57543
57544
57544
57544
57545
57546
57547
57547
57547
57548
57549
57549
57550
57550
57551
57554
57554
57554
57555
57556
57556
57557
57557
57557
57558
57559
57559
57560
57560
57561
57563
57564
57564
57565
57567
57569
57571
57571
57571
57572
57573
57573
57574
57574
57575
57576
57577
57578
57582
57584
57584
57585
57588
57589
57590
57590
57593
57593
57594
57595
57595
57596
57597
57599
57599
57600
57601
57602
57605
57606
57606
57607
57607
57608
57609
57610
57612
57612
57613
57613
57614
57614
57615
57615
57615
57618
57619
57620
57620
57622
57622
57624
57626
57626
57626
57627
57629
57629
57629
57630
57632
57634
57634
57635
57637
57638
57638
57639
57640
57642
57642
57643
57644
57646
57646
57647
57650
57652
57653
57656
57657
57658
57659
57660
57662
57664
57666
57667
57667
57668
57668
57671
57672
57673
57673
57673
57673
57674
57675
57675
57675
57678
57678
57679
57679
57680
57682
57683
57685
57687
57688
57689
57689
57690
57690
57690
57690
57692
57693
57695
57695
57697
57698
57699
57700
57701
57701
57703
57705
57705
57707
57707
57707
57708
57711
57712
57713
57713
57714
57714
57714
57717
57717
57717
57718
57718
57720
57721
57722
57723
57724
57725
57725
57725
57725
57726
57726
57728
57728
57729
57733
57733
57735
57736
57736
57738
57738
57739
57739
57739
57746
57747
57748
57749
57750
57750
57750
57750
57751
57752
57752
57753
57753
57755
57756
57758
57759
57759
57761
57761
57761
57763
57763
57763
57764
57764
57764
57765
57766
57766
57766
57767
57768
57768
57769
57771
57772
57772
57776
57776
57776
57778
57778
57779
57780
57780
57782
57783
57783
57783
57784
57784
57785
57785
57786
57786
57788
57788
57790
57791
57791
57793
57794
57795
57796
57796
57797
57797
57799
57800
57803
57804
57804
57804
57804
57806
57806
57806
57807
57808
57811
57812
57815
57815
57815
57815
57819
57822
57822
57822
57823
57824
57825
57827
57828
57830
57830
57830
57831
57831
57832
57832
57833
57833
57834
57834
57835
57835
57836
57837
57837
57837
57839
57841
57844
57845
57845
57847
57847
57850
57850
57850
57851
57853
57853
57853
57854
57855
57855
57857
57858
57859
57859
57860
57862
57863
57863
57864
57865
57865
57866
57868
57869
57870
57870
57872
57873
57874
57874
57874
57875
57876
57876
57876
57878
57879
57880
57881
57881
57881
57883
57885
57886
57886
57890
57890
57893
57894
57894
57894
57897
57898
57899
57900
57901
57902
57905
57905
57905
57905
57905
57906
57908
57908
57909
57909
57910
57910
57910
57911
57911
57914
57914
57915
57917
57918
57918
57918
57918
57919
57920
57921
57922
57924
57925
57926
57927
57932
57932
57932
57932
57934
57937
57938
57939
57940
57941
57941
57942
57942
57945
57945
57945
57946
57946
57946
57948
57951
57951
57951
57953
57953
57953
57955
57955
57957
57958
57958
57958
57959
57960
57960
57962
57963
57963
57964
57965
57966
57967
57967
57968
57969
57970
57970
57970
57971
57971
57972
57974
57974
57976
57976
57977
57977
57978
57978
57981
57981
57982
57982
57988
57988
57990
57990
57993
57993
57995
57996
57996
57998
57999
58002
58004
58004
58005
58006
58007
58007
58008
58009
58010
58012
58014
58015
58016
58016
58017
58018
58018
58019
58019
58020
58021
58022
58022
58023
58023
58023
58024
58026
58031
58031
58033
58033
58035
58036
58038
58038
58038
58042
58042
58043
58045
58046
58046
58047
58047
58049
58052
58052
58053
58055
58056
58057
58059
58059
58062
58062
58063
58064
58065
58065
58066
58067
58067
58067
58068
58068
58071
58071
58072
58072
58072
58074
58074
58075
58076
58076
58076
58077
58077
58077
58079
58081
58082
58083
58083
58084
58084
58085
58086
58086
58088
58089
58090
58091
58092
58096
58097
58097
58098
58099
58100
58100
58101
58102
58103
58104
58104
58106
58107
58108
58109
58110
58111
58112
58112
58112
58113
58114
58115
58118
58118
58118
58118
58119
58119
58121
58122
58122
58123
58124
58124
58126
58126
58128
58128
58129
58130
58130
58132
58133
58137
58139
58139
58140
58142
58142
58144
58149
58151
58151
58151
58153
58153
58155
58155
58156
58158
58158
58161
58165
58165
58165
58166
58166
58167
58167
58169
58170
58170
58171
58171
58172
58172
58172
58174
58175
58175
58176
58176
58176
58176
58176
58177
58177
58179
58179
58179
58179
58180
58181
58182
58183
58184
58184
58185
58185
58186
58186
58187
58187
58192
58193
58195
58195
58195
58196
58196
58196
58197
58197
58198
58198
58198
58200
58202
58202
58203
58204
58205
58206
58206
58206
58207
58207
58208
58210
58210
58210
58213
58216
58217
58217
58217
58219
58219
58220
58224
58224
58224
58225
58225
58225
58225
58227
58228
58228
58228
58231
58231
58232
58234
58234
58236
58236
58237
58238
58238
58239
58239
58240
58241
58242
58243
58244
58244
58245
58245
58246
58246
58247
58248
58248
58249
58249
58250
58250
58253
58253
58253
58253
58254
58255
58257
58262
58263
58269
58271
58274
58274
58276
58276
58277
58277
58278
58278
58278
58279
58281
58283
58283
58283
58284
58285
58285
58286
58288
58289
58289
58291
58294
58296
58296
58296
58298
58299
58299
58300
58302
58303
58303
58304
58305
58306
58308
58309
58310
58313
58313
58314
58315
58315
58316
58317
58318
58320
58323
58323
58325
58328
58330
58330
58330
58331
58331
58332
58332
58333
58334
58335
58336
58336
58336
58337
58338
58338
58339
58340
58342
58342
58345
58345
58345
58346
58346
58347
58348
58350
58351
58351
58352
58356
58357
58358
58359
58362
58362
58363
58365
58366
58367
58367
58368
58369
58370
58370
58372
58376
58377
58377
58378
58378
58379
58379
58380
58380
58384
58384
58385
58386
58386
58387
58387
58390
58392
58393
58394
58394
58394
58395
58396
58396
58397
58397
58398
58399
58400
58402
58403
58403
58405
58405
58406
58407
58407
58408
58408
58409
58410
58412
58413
58413
58414
58415
58415
58415
58416
58416
58416
58417
58418
58419
58419
58420
58421
58422
58424
58427
58429
58430
58431
58436
58438
58440
58441
58441
58442
58443
58444
58446
58449
58449
58449
58449
58450
58452
58453
58453
58453
58454
58455
58456
58457
58457
58461
58462
58462
58462
58463
58463
58463
58464
58465
58466
58466
58467
58471
58471
58471
58471
58472
58472
58473
58474
58474
58475
58475
58477
58477
58477
58477
58478
58478
58478
58478
58479
58479
58480
58482
58482
58484
58485
58486
58488
58492
58492
58494
58498
58498
58498
58499
58499
58500
58501
58502
58502
58505
58506
58506
58506
58509
58511
58511
58514
58516
58517
58519
58520
58520
58521
58523
58526
58527
58527
58528
58531
58533
58537
58538
58540
58540
58544
58545
58546
58547
58548
58550
58550
58551
58555
58558
58562
58563
58566
58567
58568
58569
58570
58571
58574
58576
58578
58579
58579
58580
58580
58580
58580
58581
58582
58582
58583
58584
58585
58586
58586
58590
58591
58592
58593
58593
58594
58594
58596
58598
58598
58599
58599
58599
58599
58600
58601
58601
58601
58601
58601
58602
58602
58603
58603
58604
58604
58604
58605
58607
58608
58610
58612
58612
58613
58613
58616
58617
58617
58618
58619
58619
58619
58620
58620
58621
58621
58622
58623
58628
58629
58633
58633
58634
58635
58636
58636
58638
58640
58640
58641
58641
58642
58644
58646
58646
58647
58647
58648
58648
58648
58650
58652
58654
58654
58655
58657
58657
58660
58660
58661
58661
58664
58665
58666
58666
58666
58668
58668
58668
58669
58670
58671
58671
58673
58674
58674
58677
58678
58680
58681
58681
58682
58683
58683
58686
58687
58688
58688
58689
58691
58691
58692
58692
58694
58694
58694
58696
58697
58700
58701
58705
58705
58706
58706
58707
58708
58710
58710
58711
58712
58712
58714
58714
58715
58716
58716
58717
58719
58719
58720
58723
58724
58724
58726
58727
58727
58728
58728
58729
58730
58730
58730
58731
58731
58731
58731
58732
58732
58732
58733
58733
58735
58736
58737
58737
58739
58741
58743
58743
58743
58744
58744
58745
58746
58748
58749
58750
58751
58752
58752
58753
58754
58754
58754
58754
58755
58755
58755
58757
58758
58759
58760
58761
58762
58762
58762
58762
58763
58763
58765
58766
58766
58766
58768
58769
58770
58771
58771
58771
58774
58774
58774
58775
58775
58776
58776
58777
58777
58778
58779
58779
58779
58780
58780
58781
58783
58784
58788
58788
58792
58792
58796
58797
58800
58800
58801
58801
58801
58803
58808
58810
58812
58812
58813
58814
58815
58817
58818
58818
58821
58825
58826
58828
58829
58829
58833
58835
58836
58836
58836
58837
58837
58837
58838
58841
58843
58843
58844
58845
58845
58846
58846
58846
58848
58850
58853
58853
58855
58856
58856
58859
58860
58861
58861
58861
58862
58863
58863
58864
58865
58865
58865
58869
58869
58873
58873
58874
58874
58875
58875
58875
58877
58878
58880
58882
58883
58884
58886
58887
58891
58891
58892
58894
58894
58895
58898
58898
58899
58899
58899
58901
58902
58902
58903
58905
58906
58908
58909
58909
58910
58912
58914
58915
58916
58917
58918
58919
58920
58921
58925
58925
58926
58926
58926
58927
58929
58929
58930
58933
58935
58935
58935
58935
58936
58937
58938
58938
58939
58940
58941
58941
58942
58943
58943
58946
58948
58949
58949
58950
58951
58951
58952
58955
58955
58957
58957
58957
58957
58959
58959
58960
58960
58961
58961
58962
58962
58962
58963
58963
58967
58968
58969
58970
58971
58971
58973
58974
58975
58976
58976
58977
58977
58978
58980
58981
58982
58983
58983
58983
58983
58986
58986
58986
58988
58989
58993
58994
58996
58996
58996
58998
59001
59002
59003
59004
59004
59005
59007
59011
59011
59012
59012
59013
59013
59018
59020
59021
59022
59023
59023
59025
59025
59027
59028
59028
59028
59032
59032
59032
59034
59034
59036
59036
59037
59037
59037
59038
59038
59038
59040
59040
59041
59044
59046
59047
59047
59048
59051
59053
59055
59055
59055
59055
59056
59056
59057
59059
59061
59061
59063
59064
59065
59067
59068
59070
59070
59072
59073
59074
59075
59075
59076
59077
59078
59079
59083
59083
59085
59086
59086
59087
59088
59089
59089
59090
59091
59091
59093
59093
59094
59095
59098
59098
59099
59100
59101
59101
59101
59103
59105
59105
59105
59108
59110
59111
59113
59114
59114
59115
59115
59116
59116
59116
59117
59117
59118
59119
59119
59120
59122
59126
59129
59129
59130
59130
59131
59131
59133
59136
59137
59137
59137
59137
59138
59139
59139
59140
59141
59141
59143
59144
59144
59145
59145
59146
59146
59147
59147
59148
59151
59151
59151
59152
59153
59154
59155
59156
59156
59159
59159
59159
59159
59160
59160
59161
59161
59163
59165
59166
59167
59168
59170
59172
59174
59174
59174
59175
59176
59182
59182
59182
59183
59184
59184
59184
59184
59184
59188
59188
59189
59189
59190
59190
59190
59190
59191
59191
59193
59193
59194
59194
59198
59200
59201
59203
59204
59207
59209
59210
59210
59211
59211
59212
59216
59217
59217
59217
59219
59220
59220
59221
59221
59223
59223
59223
59224
59227
59228
59229
59230
59231
59232
59233
59233
59234
59234
59237
59238
59241
59241
59241
59242
59242
59243
59245
59247
59250
59250
59251
59252
59255
59258
59261
59263
59264
59264
59266
59266
59267
59268
59271
59273
59274
59275
59275
59275
59276
59277
59279
59279
59280
59280
59281
59281
59283
59284
59285
59286
59286
59288
59290
59290
59292
59292
59293
59293
59294
59294
59295
59296
59297
59298
59300
59303
59304
59306
59308
59311
59311
59311
59311
59312
59312
59314
59315
59315
59315
59316
59316
59317
59318
59319
59320
59320
59321
59322
59324
59326
59327
59328
59329
59329
59330
59330
59330
59331
59334
59334
59335
59335
59336
59336
59337
59338
59338
59339
59339
59340
59340
59341
59344
59345
59346
59348
59348
59350
59350
59351
59351
59351
59351
59352
59354
59355
59356
59358
59359
59359
59362
59362
59363
59363
59365
59366
59367
59368
59370
59370
59371
59372
59372
59373
59376
59377
59379
59379
59381
59381
59382
59382
59384
59385
59386
59386
59387
59387
59387
59387
59390
59392
59392
59393
59393
59394
59395
59396
59397
59398
59398
59400
59400
59401
59401
59401
59402
59402
59405
59405
59406
59406
59406
59407
59408
59409
59411
59411
59415
59416
59416
59417
59417
59418
59419
59419
59424
59424
59425
59427
59428
59429
59429
59430
59430
59430
59433
59434
59436
59437
59438
59438
59439
59440
59440
59443
59443
59443
59444
59444
59445
59445
59445
59445
59445
59446
59448
59448
59449
59450
59450
59451
59454
59454
59455
59455
59458
59460
59461
59461
59465
59466
59466
59467
59468
59470
59473
59475
59477
59478
59480
59484
59484
59484
59485
59485
59485
59486
59488
59489
59489
59489
59490
59490
59491
59492
59494
59494
59494
59495
59495
59496
59496
59497
59497
59497
59498
59500
59501
59502
59502
59503
59504
59506
59507
59510
59510
59511
59511
59512
59512
59512
59514
59514
59514
59516
59516
59520
59521
59523
59523
59524
59525
59526
59528
59531
59533
59534
59534
59535
59537
59537
59539
59541
59542
59544
59546
59547
59549
59549
59549
59550
59550
59550
59552
59552
59554
59554
59555
59556
59557
59557
59560
59560
59561
59562
59563
59564
59565
59570
59573
59573
59573
59574
59576
59577
59577
59577
59577
59580
59580
59581
59581
59583
59584
59585
59586
59586
59588
59590
59590
59591
59591
59592
59592
59593
59594
59594
59594
59595
59595
59596
59597
59599
59600
59600
59604
59605
59605
59606
59606
59606
59607
59608
59611
59614
59615
59616
59616
59616
59616
59617
59619
59619
59622
59623
59624
59624
59626
59629
59630
59631
59631
59631
59632
59633
59637
59637
59638
59640
59641
59642
59642
59644
59644
59646
59648
59649
59649
59650
59652
59653
59654
59655
59656
59658
59659
59664
59670
59670
59671
59671
59671
59672
59674
59674
59675
59676
59680
59681
59683
59684
59685
59686
59687
59687
59688
59692
59694
59694
59694
59696
59697
59697
59700
59700
59702
59704
59706
59706
59706
59707
59707
59707
59708
59709
59709
59710
59712
59713
59714
59714
59714
59715
59715
59716
59718
59718
59719
59720
59721
59722
59724
59726
59727
59729
59731
59733
59734
59736
59737
59737
59738
59739
59739
59741
59741
59741
59742
59742
59743
59743
59744
59745
59745
59746
59746
59746
59747
59748
59748
59748
59749
59749
59750
59750
59750
59750
59750
59751
59752
59753
59755
59756
59759
59760
59760
59760
59761
59762
59765
59766
59767
59768
59768
59770
59770
59771
59771
59772
59772
59772
59773
59775
59776
59776
59776
59776
59778
59778
59778
59779
59780
59780
59781
59782
59787
59788
59789
59792
59792
59794
59794
59794
59796
59796
59800
59801
59806
59806
59807
59808
59808
59811
59812
59812
59813
59814
59817
59818
59819
59821
59821
59822
59823
59825
59828
59828
59829
59831
59831
59833
59833
59834
59835
59836
59837
59839
59840
59842
59842
59842
59842
59848
59849
59851
59852
59852
59854
59855
59857
59857
59858
59858
59858
59861
59862
59862
59865
59866
59867
59867
59870
59874
59875
59877
59880
59881
59884
59885
59885
59886
59886
59887
59887
59887
59890
59891
59891
59891
59895
59897
59897
59897
59897
59898
59898
59898
59899
59899
59899
59900
59901
59902
59903
59903
59903
59903
59905
59905
59906
59906
59908
59908
59910
59912
59913
59913
59916
59916
59917
59919
59920
59921
59922
59923
59923
59924
59925
59927
59932
59932
59933
59935
59935
59936
59936
59937
59937
59937
59937
59937
59939
59940
59941
59941
59942
59943
59944
59948
59948
59950
59952
59956
59957
59958
59959
59959
59960
59960
59961
59961
59962
59964
59964
59966
59966
59966
59967
59967
59968
59970
59971
59972
59973
59973
59974
59975
59976
59977
59977
59979
59980
59980
59981
59985
59985
59986
59988
59988
59988
59988
59988
59989
59991
59992
59992
59992
59993
59993
59993
59993
59994
59994
59994
59995
59996
59997
59998
59998
59999
60002
60006
60007
60008
60009
60010
60013
60014
60015
60016
60018
60022
60022
60022
60023
60023
60024
60024
60025
60026
60027
60027
60028
60029
60030
60030
60031
60033
60034
60034
60036
60037
60038
60038
60038
60039
60040
60040
60043
60043
60043
60043
60045
60045
60047
60047
60048
60049
60051
60053
60054
60055
60057
60061
60061
60062
60062
60063
60063
60063
60064
60067
60069
60069
60069
60070
60070
60071
60071
60072
60072
60073
60074
60074
60079
60079
60081
60081
60083
60084
60084
60085
60085
60088
60090
60091
60091
60092
60092
60092
60092
60093
60093
60094
60094
60099
60099
60099
60100
60100
60103
60104
60105
60105
60111
60112
60113
60114
60114
60114
60116
60116
60118
60118
60120
60121
60121
60121
60122
60122
60122
60123
60125
60126
60127
60129
60129
60129
60129
60130
60131
60132
60132
60132
60132
60132
60135
60136
60136
60136
60137
60138
60138
60141
60143
60147
60147
60147
60148
60149
60149
60149
60151
60151
60152
60152
60153
60153
60156
60156
60157
60158
60160
60161
60162
60162
60165
60166
60167
60167
60168
60170
60171
60172
60172
60173
60173
60174
60175
60175
60178
60178
60180
60182
60185
60186
60187
60187
60189
60190
60190
60191
60191
60192
60192
60192
60192
60193
60193
60196
60199
60200
60200
60200
60201
60202
60202
60204
60206
60208
60209
60212
60214
60215
60221
60222
60222
60222
60223
60224
60224
60227
60227
60227
60229
60229
60233
60234
60235
60236
60236
60237
60237
60239
60240
60240
60240
60241
60241
60242
60242
60244
60245
60245
60248
60248
60249
60250
60250
60251
60251
60251
60251
60251
60253
60255
60256
60256
60258
60258
60262
60263
60263
60266
60267
60267
60268
60271
60272
60272
60272
60275
60275
60278
60278
60279
60280
60281
60282
60282
60282
60283
60283
60284
60284
60285
60285
60288
60289
60289
60290
60293
60293
60294
60294
60295
60297
60297
60298
60299
60299
60300
60300
60303
60304
60305
60307
60308
60308
60309
60309
60310
60310
60312
60312
60312
60314
60315
60317
60317
60318
60318
60322
60322
60322
60322
60323
60324
60328
60328
60328
60329
60330
60333
60333
60333
60335
60335
60336
60337
60338
60338
60339
60341
60341
60345
60346
60346
60348
60351
60351
60351
60353
60353
60353
60356
60357
60358
60358
60358
60359
60359
60360
60361
60362
60362
60363
60367
60367
60368
60369
60372
60373
60375
60377
60379
60382
60382
60384
60385
60385
60388
60391
60392
60394
60394
60394
60396
60396
60397
60398
60401
60402
60402
60403
60403
60404
60405
60406
60406
60409
60409
60410
60416
60418
60419
60422
60423
60424
60425
60425
60426
60426
60427
60427
60427
60428
60429
60430
60431
60432
60432
60433
60434
60434
60434
60436
60436
60438
60439
60440
60443
60444
60449
60449
60449
60449
60450
60451
60453
60453
60454
60454
60455
60456
60458
60458
60459
60459
60462
60462
60463
60465
60466
60468
60469
60469
60471
60472
60473
60474
60475
60475
60476
60477
60477
60477
60477
60478
60479
60479
60480
60483
60484
60484
60485
60486
60488
60488
60489
60489
60489
60491
60491
60492
60493
60494
60494
60494
60494
60495
60496
60497
60498
60499
60499
60499
60501
60501
60502
60502
60504
60505
60507
60510
60511
60512
60514
60515
60516
60517
60520
60522
60523
60523
60524
60525
60525
60525
60526
60528
60530
60531
60532
60535
60535
60536
60537
60538
60539
60542
60544
60546
60546
60547
60548
60548
60548
60550
60550
60552
60553
60554
60554
60555
60556
60557
60558
60558
60559
60559
60560
60560
60563
60563
60564
60566
60567
60567
60568
60569
60570
60571
60572
60572
60574
60574
60582
60582
60582
60583
60584
60587
60588
60588
60590
60590
60591
60591
60595
60598
60600
60601
60603
60604
60606
60607
60607
60608
60609
60610
60610
60611
60611
60613
60614
60615
60615
60615
60616
60617
60617
60617
60618
60622
60622
60623
60624
60625
60625
60628
60628
60629
60629
60632
60634
60635
60637
60638
60638
60638
60639
60639
60640
60641
60642
60644
60645
60645
60647
60650
60653
60655
60655
60656
60656
60659
60660
60663
60664
60666
60667
60669
60670
60673
60673
60673
60674
60676
60677
60678
60678
60680
60680
60682
60682
60682
60683
60684
60685
60685
60686
60688
60689
60690
60691
60691
60691
60692
60693
60694
60696
60697
60699
60699
60700
60700
60701
60701
60703
60708
60708
60708
60709
60709
60712
60713
60713
60714
60716
60716
60716
60717
60717
60717
60719
60719
60720
60721
60721
60722
60722
60724
60726
60726
60726
60727
60727
60730
60730
60733
60734
60735
60735
60735
60736
60737
60738
60739
60741
60742
60742
60744
60748
60749
60752
60754
60754
60756
60756
60757
60757
60757
60757
60758
60765
60767
60768
60768
60769
60769
60769
60771
60771
60772
60773
60774
60775
60775
60777
60778
60779
60780
60780
60782
60783
60785
60786
60788
60791
60792
60795
60796
60796
60797
60798
60800
60800
60800
60801
60805
60805
60806
60807
60809
60809
60810
60811
60811
60811
60812
60813
60813
60813
60813
60815
60816
60816
60817
60817
60817
60818
60820
60823
60824
60824
60826
60826
60827
60828
60829
60830
60830
60831
60832
60837
60839
60839
60840
60841
60841
60841
60842
60842
60844
60844
60845
60845
60846
60846
60848
60849
60850
60850
60850
60851
60852
60853
60854
60855
60855
60856
60857
60857
60858
60860
60861
60861
60865
60867
60867
60867
60868
60868
60870
60872
60872
60873
60873
60873
60873
60875
60876
60876
60877
60878
60878
60880
60880
60881
60883
60885
60885
60886
60887
60887
60887
60888
60890
60890
60891
60891
60893
60893
60897
60897
60898
60899
60899
60899
60900
60904
60905
60906
60909
60910
60910
60911
60912
60912
60913
60913
60913
60913
60913
60914
60916
60916
60916
60917
60918
60919
60920
60923
60923
60923
60925
60925
60926
60927
60927
60927
60927
60928
60928
60928
60928
60933
60934
60934
60935
60935
60939
60941
60941
60943
60944
60944
60945
60947
60948
60949
60950
60951
60951
60952
60952
60952
60953
60953
60954
60956
60958
60960
60960
60961
60965
60965
60965
60966
60967
60968
60970
60971
60972
60973
60974
60976
60978
60978
60978
60980
60984
60989
60989
60989
60990
60990
60994
60994
60994
60995
60995
60996
60996
61000
61000
61000
61001
61002
61002
61003
61003
61005
61007
61008
61008
61010
61010
61011
61011
61012
61012
61013
61014
61016
61017
61018
61019
61021
61021
61022
61025
61026
61027
61027
61027
61028
61028
61031
61032
61034
61034
61034
61035
61035
61036
61039
61039
61040
61041
61042
61043
61045
61045
61045
61045
61048
61051
61052
61053
61053
61055
61056
61059
61060
61060
61062
61064
61066
61067
61067
61069
61071
61072
61073
61073
61074
61075
61075
61076
61076
61078
61078
61078
61079
61080
61080
61080
61080
61080
61081
61082
61083
61085
61085
61086
61086
61087
61088
61088
61089
61089
61094
61094
61095
61095
61097
61098
61099
61101
61102
61104
61106
61108
61109
61110
61111
61111
61112
61113
61114
61115
61115
61116
61116
61119
61119
61119
61121
61124
61125
61127
61127
61129
61130
61132
61133
61133
61133
61134
61134
61135
61135
61135
61136
61136
61138
61139
61140
61140
61140
61142
61143
61143
61143
61147
61147
61147
61147
61149
61154
61154
61154
61155
61157
61158
61159
61160
61161
61162
61162
61163
61164
61166
61167
61168
61171
61172
61172
61172
61172
61174
61175
61178
61178
61179
61180
61181
61181
61182
61184
61184
61184
61184
61186
61187
61188
61188
61188
61190
61190
61191
61191
61192
61193
61193
61193
61193
61194
61195
61201
61201
61201
61205
61205
61206
61207
61210
61210
61211
61213
61213
61214
61216
61217
61219
61223
61223
61225
61226
61226
61228
61228
61230
61230
61233
61233
61234
61234
61234
61236
61236
61239
61240
61240
61240
61244
61248
61252
61253
61253
61253
61254
61255
61257
61257
61257
61258
61259
61261
61262
61265
61267
61267
61270
61270
61270
61271
61272
61272
61272
61273
61274
61275
61275
61276
61276
61276
61276
61278
61278
61279
61283
61283
61284
61284
61286
61286
61288
61290
61292
61292
61294
61294
61295
61295
61295
61296
61296
61298
61300
61301
61301
61301
61304
61307
61307
61310
61310
61311
61312
61312
61312
61315
61315
61316
61316
61318
61320
61320
61321
61324
61324
61325
61326
61327
61327
61327
61328
61328
61328
61329
61330
61334
61336
61337
61338
61338
61338
61339
61339
61339
61340
61342
61344
61344
61345
61346
61348
61349
61350
61350
61350
61351
61351
61351
61354
61354
61355
61355
61356
61357
61359
61363
61365
61365
61366
61366
61367
61367
61368
61368
61368
61369
61370
61372
61372
61374
61375
61379
61379
61379
61380
61380
61380
61381
61381
61381
61381
61382
61382
61384
61385
61386
61386
61387
61388
61389
61389
61390
61392
61393
61396
61398
61399
61400
61401
61401
61401
61401
61402
61403
61405
61405
61406
61408
61408
61408
61409
61409
61409
61411
61411
61413
61413
61414
61415
61415
61416
61417
61418
61418
61418
61421
61421
61425
61426
61427
61429
61430
61431
61431
61433
61435
61436
61437
61438
61439
61439
61439
61442
61443
61443
61445
61447
61448
61449
61449
61451
61452
61452
61455
61456
61457
61457
61458
61458
61458
61459
61459
61460
61460
61460
61462
61462
61464
61465
61465
61466
61470
61470
61472
61472
61475
61476
61478
61478
61479
61480
61481
61482
61482
61482
61483
61483
61484
61484
61484
61485
61486
61487
61489
61489
61490
61492
61493
61494
61494
61494
61494
61494
61495
61496
61496
61497
61498
61498
61500
61503
61504
61505
61507
61507
61507
61508
61508
61509
61512
61512
61512
61513
61513
61515
61517
61518
61519
61520
61521
61521
61523
61523
61523
61523
61526
61526
61528
61531
61531
61533
61533
61536
61536
61536
61538
61539
61540
61542
61544
61545
61546
61546
61547
61548
61551
61553
61553
61554
61557
61558
61559
61559
61559
61563
61563
61564
61564
61566
61566
61567
61567
61568
61568
61570
61571
61572
61572
61573
61573
61574
61575
61578
61578
61578
61579
61580
61582
61583
61583
61586
61589
61589
61590
61591
61593
61594
61594
61594
61595
61597
61598
61599
61600
61601
61602
61603
61605
61605
61606
61607
61608
61610
61611
61611
61612
61613
61613
61614
61616
61618
61618
61620
61622
61623
61624
61624
61624
61624
61625
61626
61626
61627
61627
61627
61628
61628
61630
61630
61634
61635
61635
61636
61636
61637
61637
61637
61638
61639
61640
61642
61644
61644
61645
61646
61650
61651
61652
61653
61654
61655
61655
61656
61657
61657
61660
61660
61664
61665
61665
61666
61666
61666
61668
61669
61669
61673
61673
61674
61674
61675
61676
61676
61678
61680
61680
61680
61681
61681
61683
61683
61684
61684
61685
61685
61686
61686
61686
61686
61687
61687
61688
61690
61690
61690
61694
61694
61694
61695
61696
61696
61697
61697
61698
61698
61700
61700
61700
61700
61701
61701
61701
61704
61704
61704
61705
61706
61707
61707
61707
61707
61707
61707
61709
61710
61713
61713
61714
61714
61715
61716
61718
61718
61718
61719
61719
61720
61720
61721
61723
61724
61724
61725
61725
61726
61727
61727
61727
61728
61728
61728
61729
61731
61732
61735
61735
61737
61739
61739
61739
61740
61740
61741
61741
61741
61742
61743
61743
61744
61744
61746
61748
61748
61749
61749
61755
61759
61760
61760
61760
61761
61764
61764
61765
61765
61766
61770
61771
61771
61772
61772
61772
61773
61774
61774
61775
61775
61775
61776
61776
61777
61777
61778
61779
61779
61779
61780
61780
61783
61784
61785
61785
61786
61787
61788
61789
61789
61790
61792
61792
61794
61794
61796
61796
61797
61799
61801
61802
61803
61803
61806
61806
61807
61807
61807
61808
61810
61815
61819
61819
61819
61820
61820
61821
61822
61822
61824
61824
61824
61825
61826
61826
61828
61828
61828
61830
61831
61831
61832
61832
61833
61833
61834
61835
61836
61838
61839
61839
61840
61840
61841
61843
61843
61843
61844
61846
61847
61848
61848
61849
61851
61851
61851
61852
61853
61854
61854
61854
61855
61856
61856
61856
61857
61858
61860
61860
61861
61862
61863
61863
61865
61867
61867
61869
61870
61872
61872
61874
61875
61875
61876
61876
61877
61878
61879
61879
61881
61882
61882
61882
61883
61884
61885
61886
61887
61889
61891
61892
61893
61893
61896
61899
61899
61900
61900
61902
61903
61903
61903
61904
61905
61906
61907
61909
61909
61910
61910
61914
61915
61915
61915
61917
61919
61919
61921
61921
61922
61922
61923
61924
61925
61926
61926
61928
61929
61929
61930
61930
61931
61931
61933
61933
61934
61934
61934
61935
61937
61938
61938
61939
61945
61947
61947
61948
61948
61949
61949
61953
61953
61953
61954
61955
61957
61957
61958
61959
61960
61960
61961
61962
61962
61963
61964
61965
61965
61965
61966
61966
61966
61970
61972
61972
61974
61974
61975
61975
61976
61977
61979
61979
61979
61979
61980
61980
61981
61981
61982
61982
61982
61983
61983
61983
61984
61986
61989
61990
61990
61992
61992
61993
61994
61995
61996
61997
61997
61998
62000
62000
62001
62001
62003
62003
62003
62004
62004
62006
62007
62007
62008
62009
62009
62009
62010
62012
62013
62014
62015
62017
62017
62019
62019
62019
62020
62020
62021
62022
62022
62022
62022
62022
62022
62023
62023
62025
62026
62028
62028
62028
62030
62030
62030
62031
62032
62036
62040
62040
62040
62041
62042
62042
62043
62044
62044
62045
62045
62046
62046
62047
62048
62050
62050
62050
62051
62051
62052
62053
62053
62055
62055
62056
62056
62057
62057
62059
62059
62059
62060
62060
62061
62061
62061
62062
62062
62063
62063
62064
62064
62065
62065
62066
62066
62066
62067
62067
62067
62068
62068
62070
62071
62071
62071
62072
62076
62076
62077
62077
62078
62079
62082
62082
62085
62085
62085
62085
62086
62089
62090
62092
62095
62095
62095
62095
62096
62096
62097
62098
62099
62101
62104
62106
62107
62109
62110
62113
62113
62115
62115
62115
62116
62117
62119
62120
62122
62123
62125
62125
62127
62127
62128
62131
62132
62133
62134
62135
62135
62136
62137
62140
62141
62141
62141
62142
62142
62143
62145
62145
62146
62147
62152
62153
62153
62153
62155
62156
62156
62156
62157
62158
62159
62159
62160
62162
62162
62163
62163
62164
62167
62169
62169
62169
62169
62171
62171
62172
62173
62173
62174
62175
62175
62175
62177
62178
62182
62183
62185
62186
62186
62188
62191
62191
62193
62193
62193
62197
62197
62198
62199
62200
62200
62200
62201
62202
62208
62208
62211
62213
62213
62214
62214
62215
62216
62216
62219
62219
62219
62220
62223
62223
62224
62224
62225
62226
62228
62229
62229
62230
62230
62231
62232
62234
62236
62237
62237
62242
62243
62243
62244
62245
62250
62251
62252
62253
62254
62254
62257
62257
62257
62257
62259
62259
62260
62261
62261
62263
62263
62263
62264
62265
62267
62268
62270
62271
62272
62272
62272
62273
62274
62275
62275
62276
62277
62278
62278
62279
62279
62280
62280
62281
62283
62286
62287
62287
62288
62288
62288
62289
62292
62293
62294
62295
62297
62297
62298
62298
62300
62300
62301
62302
62302
62304
62304
62305
62306
62308
62310
62310
62311
62311
62311
62313
62314
62316
62316
62316
62319
62325
62326
62327
62327
62328
62328
62328
62328
62330
62332
62332
62333
62333
62335
62335
62336
62336
62337
62338
62339
62339
62340
62340
62340
62340
62341
62341
62343
62344
62344
62346
62347
62348
62348
62349
62349
62349
62352
62353
62353
62354
62354
62358
62359
62359
62360
62360
62361
62361
62361
62363
62364
62366
62367
62367
62370
62370
62371
62373
62373
62375
62381
62383
62383
62384
62384
62388
62389
62389
62389
62390
62392
62394
62395
62401
62401
62402
62403
62404
62404
62407
62407
62408
62408
62410
62410
62411
62411
62413
62415
62415
62416
62416
62417
62417
62423
62424
62424
62424
62424
62424
62426
62426
62426
62428
62429
62429
62431
62432
62432
62433
62433
62433
62434
62435
62436
62437
62442
62443
62444
62445
62446
62446
62447
62448
62448
62449
62449
62450
62451
62453
62454
62454
62456
62458
62459
62460
62460
62465
62465
62465
62467
62467
62467
62470
62471
62471
62472
62473
62473
62474
62474
62476
62476
62478
62478
62479
62479
62481
62482
62482
62483
62486
62487
62488
62488
62491
62491
62492
62493
62495
62495
62496
62496
62497
62498
62499
62499
62499
62501
62501
62501
62505
62505
62508
62508
62511
62513
62513
62513
62514
62514
62516
62517
62518
62519
62519
62520
62524
62525
62525
62528
62531
62533
62535
62535
62536
62536
62537
62537
62539
62539
62540
62544
62544
62544
62545
62545
62546
62549
62551
62552
62552
62558
62559
62561
62561
62562
62563
62563
62564
62565
62565
62567
62569
62571
62576
62577
62578
62580
62581
62582
62582
62583
62584
62585
62585
62587
62587
62587
62587
62590
62594
62595
62596
62596
62596
62598
62598
62599
62599
62599
62600
62600
62601
62602
62606
62607
62607
62608
62610
62611
62613
62614
62616
62620
62620
62622
62624
62625
62626
62626
62627
62627
62629
62629
62630
62632
62633
62634
62635
62635
62635
62636
62638
62640
62641
62641
62645
62645
62645
62649
62649
62650
62650
62652
62652
62653
62654
62655
62657
62658
62659
62660
62660
62662
62662
62662
62664
62664
62665
62665
62666
62666
62667
62667
62668
62672
62672
62672
62673
62673
62674
62675
62676
62678
62679
62683
62685
62685
62686
62686
62686
62689
62689
62690
62690
62691
62691
62692
62692
62692
62693
62694
62695
62696
62697
62699
62700
62702
62706
62709
62710
62711
62714
62716
62717
62717
62718
62724
62724
62724
62724
62727
62728
62728
62728
62728
62729
62730
62730
62731
62731
62731
62732
62732
62733
62734
62734
62735
62735
62735
62735
62740
62743
62743
62743
62744
62747
62748
62748
62750
62751
62751
62753
62755
62756
62756
62759
62760
62761
62762
62762
62763
62766
62767
62769
62770
62770
62771
62771
62773
62773
62774
62775
62775
62778
62779
62779
62780
62783
62785
62786
62787
62789
62789
62791
62791
62792
62792
62795
62796
62796
62796
62799
62800
62803
62804
62806
62807
62808
62809
62809
62811
62811
62812
62813
62814
62815
62816
62816
62819
62820
62820
62820
62821
62825
62826
62827
62827
62829
62830
62831
62831
62832
62837
62837
62838
62838
62839
62840
62840
62841
62842
62842
62845
62846
62848
62848
62849
62850
62851
62851
62854
62855
62858
62859
62859
62861
62862
62863
62863
62865
62866
62867
62868
62869
62869
62869
62870
62871
62871
62875
62876
62878
62881
62882
62884
62884
62888
62889
62889
62893
62894
62894
62894
62895
62895
62895
62895
62900
62902
62902
62902
62902
62905
62906
62913
62916
62917
62917
62919
62920
62920
62921
62921
62921
62922
62922
62922
62923
62925
62926
62926
62927
62928
62928
62929
62930
62930
62930
62931
62932
62932
62933
62934
62936
62937
62937
62939
62941
62942
62943
62945
62945
62946
62946
62949
62951
62951
62953
62954
62957
62958
62961
62961
62962
62962
62967
62969
62969
62970
62971
62972
62973
62973
62975
62976
62977
62978
62978
62979
62979
62980
62983
62987
62991
62992
62993
62993
62993
62994
62994
62995
62996
62997
62998
62998
63000
63000
63001
63001
63001
63002
63002
63003
63003
63003
63004
63005
63007
63007
63008
63008
63009
63009
63011
63012
63013
63015
63016
63018
63019
63019
63020
63020
63020
63022
63022
63023
63023
63027
63029
63031
63031
63032
63034
63034
63039
63040
63041
63041
63042
63043
63044
63046
63047
63048
63050
63051
63051
63052
63053
63054
63055
63055
63057
63060
63061
63064
63064
63066
63066
63068
63068
63071
63072
63073
63073
63075
63076
63078
63083
63083
63083
63083
63084
63084
63086
63087
63089
63090
63090
63091
63094
63095
63096
63100
63100
63102
63103
63103
63106
63107
63108
63108
63110
63110
63110
63112
63112
63112
63115
63115
63116
63117
63117
63118
63120
63120
63122
63122
63123
63125
63125
63126
63126
63126
63130
63130
63130
63131
63132
63134
63134
63136
63137
63137
63138
63139
63140
63141
63141
63142
63142
63144
63145
63145
63147
63147
63148
63148
63148
63149
63151
63151
63153
63154
63155
63156
63158
63158
63159
63162
63162
63162
63163
63163
63163
63164
63166
63166
63166
63166
63167
63168
63170
63172
63172
63173
63174
63174
63174
63175
63175
63177
63179
63179
63181
63183
63183
63187
63188
63188
63190
63190
63193
63193
63194
63194
63197
63200
63201
63202
63202
63203
63206
63206
63211
63213
63214
63216
63217
63217
63218
63219
63220
63223
63223
63224
63225
63225
63226
63227
63227
63229
63230
63230
63232
63233
63233
63233
63233
63234
63234
63234
63238
63238
63238
63239
63239
63240
63241
63241
63243
63244
63246
63247
63247
63248
63248
63249
63250
63250
63252
63254
63256
63256
63257
63258
63258
63259
63260
63260
63260
63260
63261
63261
63264
63264
63266
63266
63269
63269
63270
63270
63270
63271
63272
63272
63274
63274
63275
63277
63279
63280
63280
63283
63284
63284
63287
63290
63292
63293
63294
63294
63295
63295
63295
63297
63298
63298
63298
63300
63300
63303
63303
63304
63305
63305
63306
63306
63307
63307
63308
63309
63310
63313
63315
63315
63316
63317
63318
63321
63321
63321
63322
63324
63324
63324
63325
63325
63326
63326
63327
63327
63328
63328
63328
63330
63330
63332
63332
63332
63333
63338
63340
63340
63341
63341
63341
63343
63344
63345
63345
63346
63347
63348
63348
63351
63351
63352
63353
63354
63355
63355
63356
63360
63361
63362
63364
63365
63370
63372
63372
63373
63373
63374
63375
63376
63376
63377
63382
63382
63383
63383
63383
63386
63386
63386
63387
63388
63389
63389
63390
63391
63392
63392
63393
63398
63398
63399
63400
63400
63400
63401
63403
63403
63404
63406
63406
63406
63408
63408
63410
63410
63412
63414
63415
63415
63418
63418
63419
63419
63420
63421
63421
63425
63425
63428
63428
63429
63430
63432
63433
63433
63434
63438
63438
63438
63439
63440
63440
63440
63440
63440
63441
63442
63443
63444
63445
63445
63445
63445
63446
63446
63446
63447
63447
63448
63448
63449
63449
63450
63450
63451
63452
63453
63453
63454
63457
63457
63458
63459
63459
63460
63461
63463
63465
63465
63465
63467
63467
63467
63468
63468
63468
63468
63469
63471
63471
63471
63471
63473
63474
63475
63477
63478
63478
63478
63480
63482
63487
63488
63488
63490
63491
63492
63492
63493
63496
63496
63497
63498
63499
63500
63501
63501
63501
63501
63502
63506
63506
63509
63511
63512
63514
63516
63518
63519
63520
63521
63523
63523
63524
63525
63526
63527
63528
63529
63531
63531
63535
63535
63535
63536
63537
63537
63538
63538
63539
63539
63541
63541
63542
63544
63544
63545
63545
63545
63545
63546
63547
63548
63548
63549
63549
63550
63550
63551
63551
63551
63552
63552
63555
63555
63558
63558
63559
63560
63561
63563
63564
63565
63565
63565
63566
63566
63567
63568
63570
63572
63572
63573
63573
63573
63575
63575
63577
63577
63577
63578
63579
63579
63580
63580
63580
63580
63581
63581
63582
63583
63584
63584
63584
63584
63586
63587
63587
63587
63588
63589
63590
63591
63593
63595
63595
63596
63596
63597
63598
63599
63599
63599
63600
63600
63600
63600
63605
63606
63608
63608
63608
63609
63612
63614
63615
63615
63615
63615
63617
63618
63618
63619
63621
63622
63623
63623
63624
63626
63626
63626
63626
63627
63627
63627
63629
63629
63631
63633
63636
63636
63637
63638
63639
63640
63642
63643
63645
63646
63646
63648
63648
63649
63649
63650
63650
63651
63653
63654
63654
63656
63658
63660
63661
63662
63664
63666
63667
63668
63668
63669
63669
63671
63671
63672
63674
63674
63674
63674
63676
63677
63678
63679
63679
63679
63681
63681
63682
63685
63687
63687
63687
63689
63689
63690
63691
63694
63696
63698
63699
63700
63700
63703
63703
63706
63708
63709
63709
63710
63710
63710
63710
63711
63711
63712
63716
63717
63722
63723
63725
63726
63727
63729
63732
63732
63734
63734
63734
63736
63737
63737
63737
63738
63739
63740
63740
63740
63741
63745
63745
63746
63746
63746
63750
63751
63751
63754
63755
63758
63759
63760
63762
63764
63765
63768
63770
63770
63773
63773
63773
63775
63776
63776
63777
63778
63779
63779
63779
63780
63781
63782
63783
63785
63785
63786
63786
63788
63789
63790
63791
63792
63794
63796
63796
63796
63797
63798
63802
63802
63803
63803
63804
63804
63805
63806
63807
63807
63807
63808
63808
63809
63810
63813
63813
63813
63815
63816
63820
63820
63821
63821
63821
63824
63824
63824
63825
63825
63826
63826
63826
63828
63829
63830
63831
63831
63832
63832
63834
63835
63838
63841
63842
63842
63843
63844
63845
63847
63849
63850
63851
63852
63853
63853
63856
63856
63857
63857
63857
63858
63858
63859
63860
63862
63863
63864
63864
63865
63865
63867
63868
63870
63870
63872
63874
63876
63877
63879
63881
63881
63884
63886
63888
63889
63891
63891
63892
63893
63893
63894
63894
63894
63895
63896
63898
63898
63900
63900
63900
63901
63903
63903
63904
63905
63906
63907
63907
63908
63909
63909
63909
63909
63910
63912
63915
63918
63918
63919
63920
63923
63924
63926
63927
63927
63927
63929
63929
63930
63930
63932
63933
63933
63934
63940
63941
63941
63942
63942
63944
63944
63945
63946
63948
63948
63948
63949
63951
63951
63952
63953
63954
63957
63960
63960
63960
63962
63964
63964
63965
63966
63967
63969
63969
63969
63970
63971
63972
63972
63972
63978
63978
63980
63982
63982
63982
63982
63982
63983
63983
63983
63983
63985
63987
63987
63988
63988
63992
63994
63994
63995
63996
63998
63999
64000
64001
64001
64003
64004
64004
64005
64005
64006
64006
64008
64009
64009
64010
64010
64011
64012
64013
64013
64013
64014
64014
64015
64015
64016
64016
64016
64017
64017
64018
64018
64018
64018
64020
64020
64022
64022
64023
64024
64024
64024
64025
64025
64027
64027
64027
64031
64031
64032
64033
64034
64035
64036
64036
64036
64037
64037
64038
64038
64039
64040
64041
64041
64042
64043
64043
64043
64045
64046
64048
64051
64051
64052
64052
64054
64054
64056
64058
64058
64059
64060
64062
64062
64063
64063
64066
64068
64068
64068
64068
64071
64071
64071
64072
64072
64072
64072
64075
64075
64076
64077
64077
64079
64080
64083
64083
64083
64085
64086
64089
64091
64092
64093
64094
64097
64098
64099
64099
64100
64100
64100
64102
64104
64105
64105
64106
64107
64108
64109
64109
64110
64110
64111
64112
64114
64114
64114
64114
64115
64116
64118
64118
64120
64120
64120
64121
64121
64121
64121
64123
64124
64125
64128
64132
64133
64133
64133
64134
64134
64134
64135
64135
64136
64137
64138
64140
64141
64141
64144
64144
64145
64146
64146
64147
64147
64148
64150
64153
64153
64153
64154
64155
64156
64157
64159
64160
64160
64161
64162
64163
64164
64165
64165
64172
64172
64172
64174
64175
64175
64177
64177
64178
64178
64179
64180
64182
64182
64184
64187
64188
64189
64189
64190
64192
64193
64194
64197
64198
64198
64199
64200
64203
64203
64207
64207
64209
64211
64212
64213
64214
64214
64215
64215
64216
64217
64217
64218
64219
64219
64220
64222
64223
64223
64224
64225
64225
64226
64227
64228
64229
64229
64231
64231
64232
64235
64235
64238
64240
64241
64241
64241
64243
64243
64244
64247
64250
64252
64254
64255
64256
64258
64259
64260
64262
64262
64263
64264
64264
64266
64268
64269
64271
64272
64275
64276
64277
64277
64277
64277
64280
64280
64281
64281
64283
64283
64283
64284
64284
64284
64285
64287
64289
64290
64290
64290
64290
64293
64293
64293
64297
64297
64298
64298
64299
64299
64301
64302
64304
64304
64305
64306
64306
64307
64309
64309
64309
64310
64310
64310
64313
64314
64315
64317
64318
64321
64321
64322
64323
64323
64324
64328
64328
64329
64329
64329
64330
64331
64332
64333
64333
64333
64334
64336
64337
64338
64338
64338
64338
64340
64340
64342
64342
64342
64343
64344
64344
64344
64345
64345
64347
64348
64349
64350
64350
64352
64354
64356
64357
64357
64358
64360
64360
64360
64360
64360
64361
64361
64362
64364
64364
64364
64365
64365
64365
64365
64366
64367
64367
64369
64369
64369
64370
64372
64372
64373
64374
64374
64375
64376
64379
64380
64380
64382
64386
64387
64388
64390
64391
64392
64393
64393
64394
64394
64394
64394
64394
64395
64397
64397
64397
64401
64403
64403
64404
64404
64405
64406
64406
64407
64408
64408
64410
64412
64414
64414
64414
64414
64415
64415
64419
64419
64420
64422
64423
64424
64426
64426
64427
64429
64429
64431
64433
64435
64436
64437
64437
64437
64439
64439
64439
64440
64441
64444
64444
64445
64446
64446
64450
64450
64452
64452
64454
64455
64458
64458
64458
64460
64462
64463
64464
64465
64468
64470
64471
64473
64474
64474
64474
64474
64474
64475
64476
64478
64479
64479
64480
64481
64482
64483
64483
64486
64487
64487
64487
64488
64489
64489
64489
64490
64494
64494
64496
64496
64498
64501
64503
64507
64507
64508
64510
64511
64512
64514
64515
64516
64523
64523
64523
64525
64526
64527
64529
64530
64531
64531
64532
64532
64533
64534
64535
64535
64536
64536
64537
64539
64541
64542
64545
64546
64547
64547
64548
64549
64550
64552
64556
64557
64557
64559
64561
64563
64563
64563
64564
64566
64566
64567
64570
64571
64571
64571
64571
64572
64573
64573
64573
64577
64578
64579
64580
64580
64580
64580
64581
64581
64581
64583
64583
64584
64587
64587
64588
64589
64589
64589
64590
64593
64595
64595
64597
64598
64599
64599
64599
64599
64601
64605
64606
64606
64607
64608
64608
64612
64614
64615
64616
64617
64618
64622
64622
64623
64627
64628
64630
64631
64631
64635
64635
64635
64636
64636
64637
64637
64638
64639
64640
64640
64641
64644
64644
64644
64645
64645
64645
64646
64648
64649
64650
64652
64652
64653
64653
64653
64654
64655
64655
64656
64656
64657
64657
64658
64658
64661
64662
64664
64664
64665
64666
64666
64667
64667
64669
64670
64671
64672
64674
64674
64675
64677
64677
64678
64681
64682
64683
64683
64683
64684
64685
64687
64689
64690
64690
64690
64691
64694
64697
64698
64698
64698
64699
64700
64700
64701
64703
64703
64705
64708
64708
64709
64710
64710
64712
64712
64713
64714
64714
64715
64718
64718
64719
64721
64722
64722
64723
64723
64724
64725
64728
64728
64729
64729
64729
64730
64730
64731
64732
64735
64735
64736
64736
64737
64739
64743
64744
64745
64746
64746
64746
64747
64748
64749
64751
64752
64752
64755
64755
64755
64756
64757
64760
64760
64761
64762
64763
64763
64763
64764
64765
64765
64766
64767
64767
64768
64773
64773
64773
64774
64776
64777
64777
64777
64778
64780
64781
64782
64782
64783
64783
64787
64788
64789
64791
64792
64793
64796
64797
64801
64803
64803
64804
64804
64805
64805
64806
64809
64809
64814
64814
64816
64821
64822
64823
64823
64824
64825
64826
64826
64828
64830
64832
64833
64833
64833
64835
64836
64837
64839
64840
64840
64841
64843
64843
64843
64843
64844
64844
64845
64845
64845
64846
64846
64847
64847
64847
64847
64849
64849
64852
64852
64852
64853
64853
64853
64854
64855
64856
64857
64858
64860
64861
64861
64864
64864
64865
64867
64867
64867
64867
64867
64868
64868
64872
64872
64872
64872
64874
64875
64876
64876
64878
64878
64878
64879
64879
64880
64881
64882
64883
64886
64886
64887
64888
64890
64890
64890
64891
64892
64894
64895
64895
64896
64897
64897
64899
64900
64901
64901
64902
64903
64905
64906
64906
64908
64910
64912
64912
64913
64913
64913
64913
64914
64917
64918
64918
64918
64919
64921
64921
64922
64923
64926
64928
64932
64933
64933
64933
64933
64934
64935
64936
64937
64938
64941
64942
64943
64944
64945
64946
64946
64947
64948
64948
64950
64950
64951
64951
64951
64951
64952
64953
64953
64954
64954
64955
64955
64956
64956
64957
64957
64960
64961
64962
64963
64966
64966
64968
64969
64969
64970
64971
64974
64974
64975
64975
64977
64977
64979
64979
64981
64981
64981
64985
64985
64986
64986
64989
64994
64994
64994
64994
64995
64995
64996
64996
64996
64996
64997
64998
64999
65002
65002
65005
65005
65007
65008
65011
65013
65013
65013
65014
65014
65015
65015
65016
65016
65018
65019
65020
65022
65024
65025
65025
65025
65027
65027
65028
65030
65031
65032
65033
65037
65038
65039
65039
65040
65040
65041
65043
65044
65046
65048
65050
65051
65051
65051
65052
65052
65054
65054
65058
65060
65060
65060
65060
65061
65063
65065
65067
65068
65070
65073
65073
65075
65075
65075
65075
65075
65078
65078
65080
65080
65081
65083
65086
65086
65086
65087
65087
65088
65088
65090
65091
65095
65095
65095
65095
65095
65095
65097
65099
65102
65102
65102
65105
65105
65106
65106
65107
65109
65110
65112
65113
65113
65113
65114
65114
65116
65117
65121
65121
65123
65125
65126
65126
65127
65130
65133
65134
65135
65138
65138
65139
65140
65141
65142
65142
65143
65143
65146
65146
65147
65148
65149
65149
65150
65150
65151
65152
65152
65155
65155
65157
65158
65158
65159
65159
65160
65163
65165
65167
65168
65168
65169
65169
65170
65171
65172
65173
65173
65173
65174
65175
65179
65180
65181
65182
65183
65183
65185
65185
65187
65191
65194
65199
65199
65200
65200
65200
65201
65201
65202
65202
65203
65204
65204
65204
65204
65205
65205
65206
65207
65209
65214
65216
65217
65217
65219
65222
65222
65226
65226
65229
65230
65231
65231
65231
65233
65234
65235
65236
65237
65238
65239
65240
65241
65244
65244
65244
65245
65246
65246
65246
65247
65247
65250
65252
65254
65254
65256
65257
65258
65258
65259
65259
65260
65261
65261
65262
65262
65263
65263
65264
65265
65266
65269
65269
65274
65275
65276
65277
65277
65280
65283
65285
65286
65288
65289
65289
65290
65291
65292
65294
65295
65296
65297
65298
65299
65302
65303
65303
65304
65304
65306
65307
65308
65308
65309
65310
65310
65312
65313
65315
65319
65321
65323
65323
65325
65326
65326
65326
65327
65328
65328
65330
65332
65333
65334
65335
65335
65338
65338
65339
65341
65342
65343
65344
65344
65346
65346
65347
65347
65349
65350
65352
65352
65354
65356
65356
65358
65358
65359
65361
65362
65362
65365
65365
65366
65367
65370
65370
65370
65372
65374
65375
65375
65376
65377
65377
65378
65379
65379
65380
65381
65382
65384
65384
65386
65387
65390
65390
65391
65392
65392
65393
65393
65394
65394
65395
65396
65398
65398
65399
65400
65400
65401
65405
65406
65408
65408
65408
65409
65411
65412
65415
65416
65417
65419
65419
65420
65420
65421
65422
65423
65426
65426
65428
65429
65431
65432
65432
65432
65432
65433
65435
65435
65436
65436
65439
65441
65443
65443
65444
65445
65446
65446
65447
65447
65452
65452
65453
65454
65454
65454
65454
65458
65458
65459
65461
65461
65461
65461
65463
65464
65464
65467
65467
65467
65468
65468
65470
65470
65471
65471
65472
65472
65473
65473
65473
65474
65476
65477
65478
65479
65481
65481
65481
65483
65485
65487
65487
65489
65493
65494
65498
65500
65502
65503
65504
65505
65506
65506
65507
65508
65509
65509
65510
65510
65510
65511
65513
65514
65515
65516
65517
65519
65519
65522
65524
65525
65525
65527
65528
65530
65531
65531
65532
65532
65533
65536
65536
65538
65538
65540
65543
65544
65545
65546
65546
65546
65546
65548
65551
65551
65556
65557
65558
65558
65559
65559
65562
65563
65564
65565
65566
65566
65566
65567
65567
65569
65569
65570
65570
65575
65576
65576
65577
65578
65578
65580
65581
65582
65582
65585
65586
65586
65586
65587
65588
65589
65592
65592
65593
65593
65593
65595
65596
65597
65597
65598
65600
65601
65602
65602
65603
65604
65607
65607
65609
65611
65613
65616
65616
65616
65617
65619
65623
65623
65624
65625
65626
65628
65628
65630
65631
65632
65633
65635
65636
65637
65638
65638
65638
65640
65643
65643
65646
65646
65646
65648
65649
65649
65650
65652
65653
65655
65656
65658
65658
65665
65666
65671
65672
65672
65673
65673
65674
65674
65677
65678
65679
65679
65679
65681
65682
65682
65682
65683
65684
65685
65687
65687
65687
65689
65689
65690
65691
65693
65693
65693
65694
65695
65695
65695
65695
65696
65698
65699
65700
65701
65701
65702
65705
65706
65706
65706
65707
65708
65709
65710
65710
65712
65712
65712
65712
65713
65713
65713
65716
65717
65718
65720
65721
65723
65723
65724
65725
65727
65728
65730
65730
65730
65732
65734
65736
65736
65737
65737
65740
65742
65744
65744
65747
65748
65749
65750
65751
65751
65753
65755
65756
65756
65757
65757
65758
65758
65760
65761
65763
65765
65765
65768
65769
65770
65770
65771
65774
65776
65776
65777
65777
65778
65781
65781
65783
65784
65786
65790
65791
65792
65794
65795
65795
65795
65796
65796
65797
65797
65799
65799
65802
65802
65803
65804
65805
65807
65809
65812
65814
65814
65815
65815
65816
65817
65818
65820
65821
65822
65822
65823
65824
65825
65827
65827
65828
65828
65828
65828
65828
65830
65832
65832
65834
65835
65835
65835
65836
65838
65839
65839
65841
65841
65842
65844
65845
65845
65846
65847
65847
65847
65848
65848
65848
65848
65848
65849
65849
65849
65850
65850
65851
65851
65853
65854
65854
65856
65859
65860
65860
65861
65861
65864
65865
65868
65870
65870
65871
65871
65873
65873
65874
65875
65876
65878
65878
65880
65880
65880
65881
65881
65881
65881
65881
65882
65883
65883
65884
65886
65886
65886
65886
65887
65888
65891
65892
65892
65893
65896
65899
65901
65901
65903
65907
65907
65908
65908
65908
65909
65909
65910
65910
65911
65911
65912
65913
65913
65914
65915
65917
65917
65920
65920
65921
65922
65924
65927
65928
65928
65931
65932
65932
65932
65933
65933
65934
65935
65936
65936
65937
65937
65941
65942
65943
65945
65945
65946
65946
65947
65948
65948
65948
65949
65950
65950
65952
65953
65953
65954
65954
65955
65955
65956
65957
65957
65958
65958
65958
65960
65960
65961
65962
65963
65964
65966
65967
65969
65970
65972
65976
65980
65980
65981
65982
65983
65983
65983
65987
65987
65988
65992
65993
65994
65995
65996
65996
65998
65999
65999
66001
66001
66002
66002
66002
66004
66004
66007
66007
66008
66011
66016
66016
66016
66016
66017
66018
66018
66019
66020
66023
66023
66026
66027
66027
66030
66030
66030
66031
66032
66035
66036
66036
66037
66039
66039
66040
66040
66040
66043
66045
66048
66049
66049
66049
66050
66050
66051
66052
66052
66053
66053
66055
66056
66056
66058
66058
66059
66060
66060
66061
66065
66067
66067
66067
66068
66069
66069
66069
66069
66073
66074
66074
66074
66075
66076
66076
66077
66077
66078
66080
66080
66080
66082
66083
66083
66084
66084
66085
66085
66085
66087
66088
66090
66090
66091
66093
66094
66096
66096
66099
66104
66104
66106
66106
66109
66109
66110
66110
66110
66111
66111
66112
66113
66113
66113
66114
66115
66115
66116
66116
66116
66117
66117
66117
66118
66118
66119
66119
66120
66120
66124
66124
66124
66125
66125
66127
66127
66128
66128
66132
66136
66137
66137
66139
66140
66140
66142
66142
66144
66146
66148
66148
66148
66149
66150
66150
66152
66152
66153
66154
66155
66155
66160
66160
66160
66160
66162
66163
66165
66166
66168
66169
66169
66170
66171
66171
66172
66173
66173
66174
66174
66175
66176
66180
66182
66187
66188
66188
66188
66189
66192
66193
66197
66198
66198
66199
66200
66200
66201
66201
66202
66203
66204
66204
66204
66206
66207
66209
66210
66212
66214
66214
66214
66214
66217
66218
66218
66218
66220
66221
66224
66224
66226
66228
66228
66229
66230
66230
66231
66231
66232
66234
66235
66236
66236
66236
66237
66237
66239
66241
66242
66245
66246
66249
66249
66249
66250
66250
66252
66253
66253
66254
66255
66257
66260
66260
66264
66266
66266
66269
66270
66270
66272
66272
66276
66277
66278
66278
66278
66278
66278
66278
66280
66280
66281
66282
66283
66283
66283
66284
66284
66285
66285
66285
66285
66287
66287
66287
66288
66288
66291
66291
66292
66292
66293
66293
66293
66293
66294
66295
66296
66296
66298
66298
66298
66299
66299
66303
66303
66304
66304
66305
66305
66305
66306
66306
66306
66308
66309
66309
66310
66310
66310
66312
66313
66314
66314
66314
66317
66318
66318
66319
66319
66320
66321
66321
66323
66323
66327
66328
66331
66332
66332
66335
66335
66335
66335
66337
66337
66338
66338
66339
66340
66341
66341
66342
66343
66343
66344
66344
66345
66346
66348
66350
66351
66352
66353
66356
66359
66360
66361
66362
66363
66363
66364
66364
66364
66364
66368
66369
66369
66371
66372
66372
66373
66374
66375
66376
66376
66377
66378
66378
66379
66379
66382
66384
66384
66384
66384
66385
66387
66389
66390
66390
66392
66393
66393
66393
66395
66395
66396
66398
66399
66400
66400
66401
66401
66401
66402
66403
66403
66405
66406
66407
66407
66407
66411
66412
66412
66412
66413
66413
66413
66413
66413
66418
66420
66420
66421
66422
66422
66422
66424
66424
66424
66424
66424
66426
66427
66429
66430
66431
66431
66432
66435
66437
66438
66440
66440
66441
66444
66445
66446
66446
66446
66447
66448
66451
66452
66452
66452
66454
66456
66457
66457
66458
66459
66459
66459
66461
66461
66462
66462
66463
66463
66464
66464
66469
66471
66472
66473
66473
66474
66475
66475
66476
66476
66478
66483
66487
66487
66488
66488
66489
66489
66489
66491
66494
66494
66495
66497
66497
66503
66504
66505
66507
66509
66512
66512
66516
66516
66516
66519
66521
66521
66527
66527
66529
66530
66531
66532
66534
66535
66536
66537
66540
66541
66541
66542
66542
66542
66544
66545
66545
66546
66546
66547
66548
66548
66548
66548
66549
66549
66550
66552
66552
66554
66556
66557
66558
66558
66558
66558
66561
66561
66561
66561
66561
66562
66564
66565
66565
66567
66567
66567
66572
66572
66572
66572
66573
66574
66574
66574
66575
66577
66578
66579
66579
66580
66581
66582
66582
66584
66584
66586
66588
66589
66589
66590
66591
66591
66593
66593
66594
66594
66594
66596
66596
66597
66598
66599
66599
66599
66602
66602
66603
66603
66604
66605
66607
66607
66609
66609
66610
66612
66613
66614
66615
66617
66618
66619
66620
66621
66621
66621
66622
66623
66624
66625
66625
66628
66629
66629
66629
66630
66631
66631
66631
66631
66632
66632
66632
66633
66633
66633
66634
66634
66637
66637
66638
66638
66639
66641
66642
66643
66644
66645
66645
66645
66645
66647
66649
66649
66649
66649
66650
66651
66652
66652
66653
66654
66655
66656
66657
66657
66658
66658
66661
66661
66662
66663
66663
66664
66664
66665
66667
66667
66669
66671
66672
66672
66672
66673
66674
66675
66676
66677
66679
66680
66680
66680
66682
66682
66682
66683
66684
66684
66684
66686
66687
66687
66688
66688
66689
66689
66689
66690
66693
66693
66694
66694
66697
66697
66698
66699
66699
66701
66702
66702
66703
66703
66704
66706
66707
66710
66710
66710
66710
66713
66714
66715
66717
66717
66717
66718
66718
66720
66720
66721
66723
66725
66727
66730
66731
66731
66732
66733
66733
66734
66734
66735
66736
66736
66736
66739
66740
66742
66743
66743
66744
66744
66746
66746
66746
66747
66748
66748
66749
66749
66749
66750
66751
66753
66754
66756
66757
66757
66757
66757
66757
66759
66761
66762
66764
66766
66766
66767
66768
66768
66768
66771
66773
66774
66774
66775
66777
66778
66779
66780
66781
66782
66782
66783
66784
66785
66787
66788
66797
66798
66799
66800
66800
66803
66804
66804
66804
66805
66807
66810
66812
66813
66814
66814
66815
66817
66820
66820
66820
66821
66827
66827
66830
66830
66832
66832
66834
66835
66835
66837
66837
66837
66838
66839
66840
66843
66844
66845
66846
66847
66849
66849
66852
66852
66852
66853
66853
66854
66854
66856
66856
66856
66859
66860
66860
66864
66864
66865
66866
66868
66869
66870
66872
66872
66873
66874
66874
66875
66881
66882
66882
66882
66882
66882
66884
66885
66887
66887
66888
66888
66890
66891
66891
66892
66893
66894
66895
66897
66897
66897
66898
66899
66901
66902
66903
66905
66906
66908
66908
66910
66910
66912
66913
66913
66914
66916
66917
66918
66918
66919
66919
66920
66920
66921
66922
66922
66923
66923
66924
66926
66926
66926
66928
66932
66932
66932
66933
66937
66937
66938
66940
66941
66941
66942
66942
66942
66943
66945
66947
66947
66947
66948
66948
66949
66950
66950
66950
66951
66952
66952
66956
66956
66958
66958
66959
66960
66964
66964
66964
66965
66966
66966
66969
66970
66974
66974
66975
66975
66975
66977
66977
66978
66978
66978
66979
66982
66982
66984
66987
66987
66989
66991
66992
66993
66993
66993
66994
66994
66994
66995
66995
66996
66996
67001
67001
67001
67004
67006
67006
67006
67007
67010
67011
67011
67011
67012
67012
67016
67017
67018
67020
67022
67023
67023
67024
67025
67027
67027
67028
67028
67028
67028
67029
67031
67032
67032
67032
67033
67034
67034
67034
67035
67037
67041
67041
67041
67041
67048
67051
67051
67051
67052
67055
67057
67058
67058
67060
67064
67064
67064
67065
67066
67068
67069
67069
67069
67070
67072
67073
67075
67076
67076
67079
67079
67080
67080
67081
67081
67082
67085
67085
67085
67086
67086
67086
67088
67091
67091
67093
67093
67093
67094
67094
67094
67095
67096
67097
67097
67097
67097
67098
67100
67100
67101
67102
67103
67103
67104
67105
67105
67106
67108
67110
67112
67114
67114
67115
67116
67117
67118
67119
67119
67120
67121
67122
67122
67122
67125
67127
67128
67129
67129
67130
67133
67134
67134
67134
67135
67135
67135
67136
67138
67140
67140
67140
67141
67142
67145
67147
67149
67150
67151
67151
67152
67152
67153
67154
67154
67155
67155
67159
67159
67160
67161
67162
67163
67163
67164
67164
67164
67165
67167
67169
67170
67171
67171
67174
67175
67175
67176
67180
67180
67181
67182
67183
67183
67184
67185
67185
67185
67185
67190
67190
67193
67193
67194
67195
67195
67196
67196
67197
67197
67197
67199
67203
67204
67205
67205
67205
67205
67208
67210
67210
67211
67211
67213
67216
67217
67218
67219
67220
67221
67221
67224
67225
67227
67227
67227
67227
67227
67229
67229
67229
67229
67230
67230
67232
67235
67237
67237
67238
67238
67240
67240
67240
67241
67242
67242
67243
67243
67244
67244
67245
67245
67245
67247
67249
67252
67252
67254
67255
67256
67256
67257
67257
67258
67259
67260
67261
67261
67262
67262
67263
67265
67266
67267
67267
67270
67270
67271
67272
67272
67273
67275
67277
67278
67278
67279
67279
67281
67282
67282
67283
67285
67285
67286
67287
67287
67288
67288
67289
67289
67290
67291
67291
67292
67293
67295
67295
67296
67296
67297
67298
67300
67302
67302
67304
67305
67306
67307
67307
67310
67322
67323
67323
67324
67325
67326
67329
67329
67330
67330
67331
67333
67334
67335
67336
67337
67338
67338
67338
67342
67343
67343
67343
67344
67344
67346
67346
67346
67347
67347
67348
67350
67350
67354
67356
67357
67359
67360
67360
67360
67364
67364
67366
67366
67368
67370
67370
67370
67372
67373
67376
67376
67377
67377
67378
67378
67380
67382
67383
67387
67387
67387
67388
67389
67389
67389
67389
67391
67392
67393
67393
67395
67395
67395
67395
67396
67396
67396
67397
67401
67401
67401
67402
67403
67409
67410
67410
67410
67411
67412
67412
67413
67414
67414
67415
67415
67417
67417
67418
67418
67420
67421
67421
67422
67423
67428
67428
67430
67430
67431
67431
67431
67432
67433
67433
67434
67434
67434
67438
67439
67440
67440
67441
67443
67444
67445
67446
67447
67449
67452
67453
67453
67453
67453
67454
67455
67455
67455
67456
67458
67459
67459
67460
67461
67461
67463
67463
67463
67464
67464
67464
67466
67466
67468
67468
67469
67469
67471
67473
67475
67475
67476
67476
67477
67477
67478
67480
67480
67481
67481
67481
67484
67486
67489
67491
67493
67493
67494
67496
67496
67496
67497
67498
67498
67498
67499
67499
67499
67500
67500
67501
67502
67502
67502
67503
67504
67507
67509
67509
67511
67511
67512
67512
67515
67516
67516
67517
67517
67517
67520
67520
67524
67524
67524
67524
67525
67526
67528
67528
67528
67529
67531
67531
67532
67532
67533
67534
67535
67536
67537
67540
67540
67541
67541
67543
67545
67546
67546
67546
67547
67547
67548
67548
67549
67550
67550
67552
67555
67555
67556
67557
67558
67559
67559
67561
67562
67564
67567
67567
67569
67570
67570
67570
67571
67572
67574
67574
67575
67575
67577
67579
67579
67581
67584
67586
67587
67590
67590
67591
67593
67595
67596
67598
67599
67599
67601
67604
67604
67605
67605
67606
67606
67607
67607
67609
67610
67612
67612
67614
67615
67618
67619
67621
67623
67625
67626
67628
67628
67629
67630
67630
67631
67632
67634
67634
67635
67636
67636
67638
67639
67641
67642
67644
67646
67648
67648
67650
67652
67658
67659
67660
67660
67661
67661
67662
67662
67663
67663
67664
67665
67666
67666
67666
67667
67668
67671
67671
67671
67675
67676
67677
67679
67679
67680
67680
67681
67685
67686
67687
67691
67691
67694
67695
67697
67698
67698
67698
67698
67699
67699
67703
67703
67705
67705
67706
67708
67708
67711
67712
67715
67717
67718
67720
67720
67720
67721
67722
67723
67723
67724
67725
67725
67725
67726
67728
67728
67728
67728
67729
67731
67732
67736
67740
67740
67740
67741
67741
67743
67743
67747
67747
67748
67748
67749
67750
67750
67752
67753
67754
67755
67758
67760
67760
67763
67763
67763
67764
67765
67766
67767
67767
67768
67769
67770
67771
67774
67775
67775
67776
67777
67777
67777
67778
67778
67780
67784
67784
67785
67785
67788
67788
67790
67790
67791
67792
67792
67793
67794
67794
67794
67795
67795
67795
67797
67801
67801
67802
67803
67803
67804
67805
67807
67809
67811
67812
67813
67815
67816
67816
67816
67819
67821
67824
67825
67825
67826
67826
67826
67827
67831
67832
67832
67833
67834
67835
67835
67836
67837
67838
67838
67840
67840
67840
67840
67841
67843
67843
67844
67845
67845
67845
67845
67846
67847
67847
67848
67848
67849
67851
67851
67853
67853
67854
67854
67854
67856
67857
67857
67859
67861
67862
67862
67862
67862
67862
67863
67863
67864
67864
67864
67864
67866
67866
67866
67868
67870
67871
67872
67874
67875
67877
67878
67878
67881
67881
67881
67882
67882
67882
67883
67883
67884
67884
67886
67886
67887
67887
67888
67889
67890
67891
67891
67893
67894
67894
67894
67894
67896
67899
67899
67900
67902
67902
67904
67904
67904
67905
67906
67911
67911
67915
67916
67917
67918
67919
67920
67920
67922
67922
67925
67926
67926
67926
67927
67928
67928
67929
67929
67933
67933
67934
67934
67937
67938
67938
67939
67940
67942
67943
67943
67943
67944
67945
67946
67947
67948
67950
67950
67952
67953
67954
67954
67956
67957
67957
67957
67957
67958
67958
67961
67963
67965
67966
67966
67967
67967
67967
67968
67968
67968
67970
67971
67972
67973
67973
67973
67975
67975
67976
67978
67979
67979
67980
67981
67981
67983
67983
67984
67985
67985
67986
67987
67989
67990
67992
67992
67992
67995
67996
67996
67997
67998
68000
68002
68002
68006
68009
68011
68012
68014
68015
68015
68020
68020
68021
68021
68022
68022
68023
68024
68026
68027
68028
68029
68030
68031
68031
68033
68033
68033
68034
68037
68037
68039
68039
68040
68040
68040
68041
68042
68044
68044
68045
68046
68048
68051
68055
68055
68056
68056
68057
68058
68059
68061
68062
68063
68064
68065
68066
68068
68068
68068
68070
68073
68073
68074
68075
68077
68078
68078
68079
68079
68081
68082
68083
68084
68085
68086
68086
68088
68089
68089
68089
68091
68092
68092
68094
68096
68097
68097
68097
68099
68100
68101
68101
68103
68103
68109
68110
68111
68112
68112
68113
68114
68115
68115
68119
68119
68119
68120
68122
68122
68123
68124
68125
68127
68129
68129
68130
68130
68132
68134
68135
68139
68141
68142
68142
68142
68142
68142
68143
68144
68149
68150
68151
68152
68153
68157
68161
68162
68163
68163
68164
68164
68164
68165
68166
68168
68168
68170
68171
68172
68172
68173
68173
68173
68175
68176
68177
68177
68177
68177
68178
68178
68180
68182
68183
68184
68185
68190
68191
68194
68196
68198
68198
68198
68200
68202
68202
68204
68205
68205
68206
68206
68206
68208
68209
68209
68210
68211
68211
68212
68215
68215
68215
68216
68216
68217
68217
68217
68218
68218
68219
68222
68224
68224
68225
68226
68227
68229
68229
68230
68231
68231
68232
68234
68234
68235
68235
68235
68236
68237
68239
68239
68241
68243
68244
68246
68247
68247
68247
68248
68249
68249
68249
68253
68254
68254
68254
68254
68254
68254
68255
68255
68256
68256
68257
68257
68257
68258
68258
68261
68264
68268
68274
68274
68276
68276
68277
68278
68278
68279
68280
68280
68280
68281
68281
68282
68282
68284
68285
68285
68285
68286
68286
68288
68288
68288
68290
68290
68291
68291
68293
68293
68294
68294
68296
68296
68301
68306
68306
68307
68307
68307
68308
68309
68309
68309
68309
68311
68311
68311
68311
68311
68313
68314
68314
68316
68316
68318
68318
68319
68320
68320
68320
68322
68323
68323
68324
68325
68329
68330
68331
68333
68338
68340
68341
68341
68344
68347
68348
68350
68352
68352
68354
68355
68356
68357
68357
68359
68359
68360
68360
68360
68360
68363
68365
68366
68366
68368
68369
68369
68370
68370
68371
68372
68372
68375
68376
68377
68379
68379
68381
68382
68383
68384
68385
68387
68388
68388
68388
68388
68389
68389
68390
68393
68393
68394
68394
68394
68395
68396
68397
68399
68401
68403
68404
68404
68404
68409
68409
68412
68413
68414
68416
68418
68419
68420
68421
68421
68422
68422
68423
68423
68425
68426
68427
68428
68428
68428
68429
68429
68430
68430
68432
68433
68435
68437
68437
68439
68440
68440
68443
68443
68443
68444
68447
68447
68449
68453
68453
68453
68455
68456
68457
68459
68459
68462
68462
68462
68462
68462
68462
68463
68467
68468
68469
68469
68471
68474
68476
68478
68478
68478
68478
68479
68480
68480
68480
68481
68481
68482
68483
68483
68484
68488
68492
68494
68494
68497
68497
68499
68499
68499
68499
68500
68500
68503
68503
68504
68505
68506
68506
68508
68508
68509
68511
68512
68516
68517
68517
68517
68519
68519
68520
68522
68522
68523
68523
68524
68524
68526
68526
68526
68527
68528
68528
68529
68530
68531
68532
68532
68532
68533
68534
68534
68537
68539
68539
68541
68542
68543
68543
68544
68546
68547
68547
68547
68547
68547
68548
68549
68549
68551
68552
68552
68552
68553
68554
68556
68557
68560
68560
68561
68562
68562
68563
68565
68569
68569
68569
68570
68570
68573
68573
68574
68577
68577
68577
68581
68581
68582
68586
68586
68586
68586
68592
68592
68592
68592
68593
68594
68594
68595
68597
68597
68599
68601
68602
68602
68605
68605
68605
68608
68608
68609
68610
68611
68611
68612
68612
68612
68613
68613
68614
68614
68614
68616
68618
68619
68620
68625
68625
68626
68626
68626
68627
68627
68629
68629
68630
68630
68631
68632
68633
68633
68634
68634
68635
68635
68636
68637
68638
68638
68638
68640
68640
68641
68641
68641
68642
68643
68643
68645
68646
68646
68647
68648
68651
68651
68652
68655
68657
68657
68657
68661
68664
68665
68665
68666
68668
68668
68669
68669
68671
68671
68671
68672
68673
68674
68675
68676
68677
68678
68681
68685
68685
68687
68687
68687
68687
68688
68688
68688
68688
68689
68692
68692
68693
68695
68696
68698
68699
68700
68700
68700
68702
68706
68707
68708
68710
68710
68711
68711
68711
68714
68715
68715
68715
68715
68715
68716
68716
68716
68717
68718
68720
68720
68720
68721
68721
68721
68721
68721
68723
68723
68724
68725
68726
68726
68727
68728
68728
68730
68731
68731
68732
68732
68733
68733
68733
68734
68734
68735
68736
68736
68737
68737
68739
68740
68740
68741
68742
68746
68747
68747
68748
68748
68748
68748
68750
68750
68752
68752
68752
68753
68754
68756
68756
68756
68757
68759
68759
68760
68760
68761
68761
68761
68762
68763
68764
68767
68768
68769
68770
68770
68771
68771
68774
68774
68774
68775
68775
68776
68778
68779
68780
68780
68780
68782
68782
68782
68782
68784
68784
68785
68785
68787
68791
68791
68792
68792
68792
68792
68793
68793
68794
68795
68796
68797
68797
68798
68803
68803
68806
68806
68807
68808
68808
68811
68811
68812
68813
68814
68814
68815
68816
68816
68818
68819
68819
68820
68821
68822
68824
68825
68828
68828
68831
68831
68831
68833
68834
68836
68836
68837
68840
68842
68843
68844
68845
68845
68846
68846
68848
68849
68849
68850
68851
68852
68853
68853
68853
68854
68855
68855
68855
68856
68856
68856
68858
68861
68861
68862
68864
68864
68865
68865
68865
68866
68867
68867
68867
68867
68869
68869
68870
68870
68872
68875
68875
68877
68877
68877
68879
68879
68880
68881
68883
68884
68885
68885
68887
68887
68887
68888
68888
68890
68891
68891
68893
68894
68894
68896
68897
68899
68900
68901
68902
68905
68906
68906
68906
68906
68908
68909
68909
68911
68912
68913
68914
68914
68914
68915
68916
68917
68919
68921
68921
68922
68922
68923
68924
68924
68927
68927
68927
68928
68930
68930
68931
68931
68933
68933
68934
68935
68936
68936
68937
68938
68939
68939
68942
68942
68944
68946
68946
68948
68949
68949
68949
68950
68952
68952
68953
68954
68957
68957
68959
68960
68960
68960
68961
68962
68965
68966
68966
68967
68969
68969
68970
68971
68971
68972
68972
68972
68973
68974
68975
68975
68976
68977
68979
68979
68988
68988
68988
68988
68989
68990
68990
68993
68996
68998
68998
68999
69001
69001
69001
69003
69005
69005
69006
69006
69007
69008
69011
69012
69012
69014
69014
69014
69015
69017
69017
69020
69021
69023
69023
69023
69024
69024
69025
69026
69027
69028
69030
69030
69031
69031
69032
69033
69035
69035
69037
69037
69037
69038
69043
69046
69046
69048
69048
69050
69051
69053
69053
69054
69057
69057
69058
69059
69059
69061
69061
69062
69062
69063
69064
69068
69068
69068
69070
69071
69071
69072
69073
69074
69074
69076
69076
69076
69077
69077
69079
69079
69082
69083
69083
69083
69086
69086
69087
69087
69088
69088
69089
69089
69089
69089
69092
69092
69093
69094
69095
69098
69099
69099
69100
69100
69100
69100
69102
69105
69105
69106
69106
69107
69109
69111
69111
69113
69114
69115
69115
69117
69121
69123
69123
69124
69124
69125
69125
69126
69126
69126
69127
69128
69128
69128
69129
69130
69130
69131
69133
69134
69134
69134
69135
69135
69136
69137
69137
69137
69138
69139
69140
69140
69141
69142
69144
69146
69146
69146
69149
69152
69153
69153
69154
69157
69157
69159
69159
69160
69161
69163
69164
69166
69167
69167
69168
69169
69172
69173
69173
69173
69173
69175
69176
69178
69179
69179
69179
69181
69183
69183
69183
69187
69191
69191
69191
69194
69194
69194
69195
69195
69196
69196
69197
69197
69199
69201
69203
69204
69205
69207
69207
69210
69211
69211
69212
69213
69215
69216
69217
69217
69218
69219
69220
69220
69220
69223
69224
69227
69229
69232
69233
69233
69234
69234
69234
69234
69238
69239
69239
69240
69242
69243
69244
69245
69246
69246
69248
69248
69248
69249
69249
69250
69250
69251
69253
69253
69254
69255
69257
69258
69259
69259
69259
69261
69261
69261
69261
69262
69262
69263
69265
69266
69267
69267
69267
69271
69273
69274
69274
69275
69276
69276
69277
69277
69278
69279
69280
69281
69284
69285
69286
69289
69289
69289
69289
69291
69293
69295
69296
69297
69298
69302
69303
69303
69305
69305
69309
69311
69311
69314
69315
69316
69316
69316
69316
69319
69320
69320
69321
69321
69322
69323
69323
69324
69324
69324
69327
69327
69328
69328
69329
69329
69332
69335
69335
69337
69339
69339
69340
69342
69343
69343
69343
69344
69344
69345
69345
69346
69346
69347
69347
69348
69348
69349
69351
69353
69355
69355
69356
69356
69356
69357
69358
69358
69359
69359
69360
69362
69364
69364
69364
69365
69365
69368
69368
69368
69368
69369
69369
69369
69370
69370
69371
69371
69372
69372
69373
69374
69374
69374
69374
69374
69374
69375
69375
69377
69378
69378
69381
69383
69383
69384
69384
69384
69384
69385
69386
69387
69390
69390
69392
69396
69396
69397
69397
69398
69398
69399
69399
69399
69400
69402
69404
69404
69405
69405
69405
69407
69409
69410
69410
69411
69411
69412
69412
69414
69415
69415
69417
69419
69419
69420
69420
69423
69424
69425
69428
69429
69432
69432
69433
69434
69435
69435
69435
69436
69438
69438
69439
69440
69440
69442
69442
69444
69444
69444
69445
69446
69450
69450
69451
69451
69451
69451
69451
69452
69453
69454
69455
69455
69457
69460
69460
69460
69462
69463
69465
69467
69468
69471
69472
69473
69474
69474
69474
69474
69476
69476
69479
69480
69480
69480
69481
69481
69487
69487
69489
69491
69492
69492
69493
69493
69494
69494
69495
69497
69497
69498
69499
69499
69501
69501
69502
69502
69504
69504
69505
69506
69510
69513
69516
69517
69517
69518
69520
69520
69523
69527
69527
69529
69530
69530
69531
69532
69533
69533
69536
69536
69539
69544
69544
69545
69548
69548
69551
69551
69552
69552
69553
69553
69554
69556
69558
69560
69560
69561
69562
69563
69563
69565
69565
69566
69567
69568
69568
69568
69570
69570
69571
69572
69572
69574
69576
69577
69577
69578
69578
69579
69579
69580
69580
69581
69581
69582
69582
69583
69583
69584
69584
69585
69585
69587
69589
69590
69591
69592
69594
69595
69598
69598
69601
69602
69602
69603
69603
69604
69605
69608
69609
69610
69610
69617
69618
69619
69619
69620
69620
69620
69621
69623
69623
69624
69624
69624
69624
69625
69629
69633
69634
69635
69635
69637
69637
69638
69640
69641
69641
69641
69642
69642
69642
69643
69645
69646
69646
69646
69647
69647
69648
69649
69650
69650
69651
69653
69653
69653
69653
69654
69655
69657
69657
69658
69662
69662
69662
69663
69664
69666
69667
69669
69669
69671
69671
69674
69674
69675
69675
69676
69677
69677
69680
69682
69682
69682
69683
69683
69687
69687
69687
69690
69693
69693
69693
69694
69695
69695
69698
69698
69699
69700
69701
69702
69704
69706
69710
69711
69711
69711
69713
69714
69714
69716
69717
69719
69719
69720
69722
69723
69724
69724
69726
69729
69730
69731
69732
69732
69733
69737
69737
69739
69739
69741
69741
69741
69742
69743
69743
69744
69744
69746
69747
69748
69750
69751
69755
69755
69756
69756
69757
69757
69757
69759
69760
69762
69764
69767
69767
69767
69767
69768
69768
69769
69770
69770
69772
69773
69776
69776
69777
69777
69778
69778
69778
69784
69784
69788
69788
69789
69792
69793
69793
69794
69795
69795
69796
69797
69799
69799
69800
69801
69801
69801
69802
69802
69804
69805
69806
69806
69809
69809
69810
69810
69813
69813
69814
69815
69815
69816
69817
69818
69822
69822
69823
69824
69824
69824
69824
69825
69825
69830
69834
69834
69836
69837
69837
69841
69846
69846
69846
69847
69851
69851
69853
69854
69856
69857
69858
69859
69860
69860
69861
69863
69863
69863
69864
69866
69867
69867
69867
69867
69868
69868
69868
69869
69871
69871
69873
69873
69874
69875
69877
69877
69878
69879
69879
69880
69882
69884
69884
69886
69887
69888
69889
69891
69892
69892
69892
69893
69895
69899
69899
69901
69902
69903
69903
69904
69904
69904
69906
69906
69907
69907
69908
69908
69909
69910
69912
69912
69912
69913
69914
69914
69914
69915
69915
69915
69915
69915
69916
69916
69917
69917
69917
69918
69919
69920
69921
69922
69924
69925
69926
69926
69928
69928
69928
69928
69929
69931
69931
69931
69932
69933
69933
69934
69934
69937
69938
69938
69940
69946
69946
69946
69947
69948
69948
69953
69954
69954
69955
69955
69955
69955
69958
69960
69960
69961
69961
69961
69962
69962
69962
69966
69967
69967
69967
69968
69968
69969
69972
69975
69978
69979
69983
69984
69984
69985
69985
69985
69986
69986
69988
69990
69990
69991
69991
69991
69992
69992
69993
69995
69996
69998
69999
70000
70002
70002
70003
70003
70003
70005
70005
70006
70006
70006
70008
70009
70011
70011
70013
70013
70014
70015
70015
70016
70016
70017
70018
70018
70019
70021
70022
70022
70023
70023
70025
70026
70026
70027
70027
70031
70031
70032
70034
70034
70037
70038
70039
70040
70040
70041
70043
70045
70045
70048
70051
70052
70052
70053
70054
70055
70056
70056
70058
70061
70061
70063
70064
70065
70066
70066
70066
70067
70070
70071
70072
70073
70073
70074
70074
70074
70075
70077
70078
70079
70081
70083
70083
70085
70085
70085
70086
70086
70088
70089
70089
70089
70091
70092
70092
70093
70094
70094
70094
70095
70102
70102
70104
70104
70106
70106
70107
70109
70111
70111
70112
70113
70114
70114
70118
70118
70119
70120
70122
70123
70124
70125
70126
70126
70128
70128
70130
70131
70135
70135
70136
70138
70139
70140
70142
70142
70143
70143
70144
70144
70144
70145
70147
70147
70148
70149
70149
70151
70151
70153
70155
70155
70157
70158
70159
70159
70163
70164
70165
70165
70166
70167
70168
70170
70172
70173
70174
70174
70174
70176
70177
70177
70177
70177
70180
70181
70183
70183
70185
70185
70185
70186
70187
70188
70189
70190
70191
70191
70192
70192
70193
70193
70195
70196
70198
70199
70200
70200
70202
70203
70203
70203
70204
70204
70206
70206
70206
70207
70208
70208
70209
70212
70213
70216
70218
70219
70219
70220
70220
70220
70221
70222
70222
70222
70228
70230
70231
70234
70234
70235
70235
70238
70239
70239
70244
70244
70248
70249
70249
70250
70251
70253
70253
70255
70256
70257
70257
70260
70262
70262
70263
70264
70266
70266
70268
70270
70271
70271
70273
70274
70279
70280
70280
70282
70282
70286
70286
70286
70287
70288
70289
70294
70294
70295
70295
70296
70296
70297
70298
70299
70299
70300
70300
70301
70302
70302
70304
70305
70306
70307
70307
70309
70309
70310
70311
70311
70311
70312
70312
70314
70315
70316
70316
70316
70317
70318
70319
70319
70320
70322
70323
70326
70327
70328
70328
70329
70329
70330
70330
70332
70335
70335
70336
70337
70338
70338
70339
70339
70340
70341
70341
70343
70343
70345
70345
70347
70348
70349
70351
70351
70353
70354
70355
70355
70356
70356
70358
70360
70361
70364
70365
70365
70366
70366
70366
70368
70368
70369
70370
70371
70371
70371
70372
70372
70372
70376
70377
70377
70377
70378
70378
70378
70380
70380
70380
70381
70383
70385
70386
70386
70387
70387
70387
70390
70396
70397
70398
70398
70399
70400
70403
70403
70404
70407
70408
70408
70409
70409
70411
70412
70412
70414
70414
70414
70415
70419
70421
70421
70422
70424
70426
70426
70426
70427
70428
70429
70430
70431
70431
70431
70433
70435
70435
70435
70436
70436
70437
70438
70439
70439
70439
70440
70440
70440
70443
70445
70446
70447
70448
70449
70450
70453
70455
70460
70460
70460
70463
70464
70465
70466
70466
70467
70467
70470
70471
70471
70471
70472
70473
70474
70476
70476
70476
70476
70477
70478
70479
70480
70481
70482
70483
70484
70484
70486
70487
70488
70492
70493
70494
70496
70497
70498
70499
70499
70502
70502
70502
70505
70507
70508
70508
70510
70513
70513
70514
70514
70515
70515
70515
70515
70517
70518
70518
70519
70521
70522
70522
70523
70525
70526
70526
70528
70528
70528
70529
70529
70530
70530
70532
70532
70532
70534
70535
70536
70537
70537
70537
70538
70538
70540
70541
70541
70542
70544
70546
70547
70547
70549
70550
70550
70554
70555
70557
70559
70560
70560
70561
70561
70561
70561
70562
70564
70566
70567
70567
70569
70570
70572
70573
70574
70574
70574
70574
70575
70577
70578
70579
70580
70581
70582
70585
70585
70586
70587
70588
70588
70588
70588
70589
70589
70589
70591
70591
70591
70592
70593
70593
70593
70593
70593
70599
70601
70602
70605
70605
70606
70610
70610
70611
70611
70612
70612
70613
70616
70617
70619
70619
70620
70620
70620
70620
70620
70622
70625
70626
70626
70627
70627
70627
70628
70628
70630
70630
70630
70631
70635
70636
70642
70642
70642
70643
70645
70645
70647
70647
70647
70647
70649
70650
70653
70653
70655
70656
70657
70657
70658
70658
70658
70659
70661
70661
70663
70665
70665
70665
70666
70666
70667
70668
70669
70670
70670
70671
70671
70672
70678
70678
70679
70680
70681
70682
70682
70684
70686
70687
70690
70691
70692
70693
70693
70694
70694
70694
70695
70696
70697
70698
70699
70700
70702
70702
70702
70704
70704
70704
70705
70708
70708
70709
70710
70712
70713
70713
70714
70714
70714
70715
70715
70716
70718
70719
70719
70723
70724
70724
70725
70725
70725
70725
70725
70726
70727
70728
70728
70730
70733
70735
70735
70736
70736
70737
70737
70738
70739
70740
70742
70743
70744
70744
70745
70745
70747
70747
70748
70748
70748
70750
70750
70752
70753
70753
70753
70753
70755
70757
70757
70757
70758
70758
70760
70761
70761
70764
70764
70766
70768
70769
70770
70771
70772
70772
70773
70774
70774
70775
70775
70777
70779
70779
70781
70781
70783
70785
70787
70787
70788
70789
70790
70791
70791
70793
70793
70794
70797
70800
70800
70803
70804
70806
70809
70809
70809
70811
70811
70812
70812
70813
70813
70815
70818
70819
70821
70821
70822
70824
70824
70826
70827
70828
70831
70831
70834
70835
70836
70836
70836
70836
70839
70839
70839
70840
70840
70841
70841
70841
70842
70842
70842
70843
70845
70845
70848
70851
70852
70854
70854
70855
70856
70856
70858
70858
70859
70859
70860
70861
70862
70865
70867
70867
70869
70870
70872
70874
70874
70876
70876
70877
70881
70881
70881
70881
70884
70884
70884
70884
70890
70890
70894
70895
70897
70897
70898
70898
70899
70899
70900
70900
70901
70904
70905
70906
70909
70911
70912
70912
70912
70912
70912
70914
70915
70918
70919
70921
70921
70924
70924
70926
70928
70928
70929
70930
70931
70932
70932
70934
70934
70936
70938
70938
70938
70938
70940
70941
70942
70943
70944
70944
70947
70947
70949
70951
70953
70953
70953
70955
70957
70959
70959
70959
70962
70963
70964
70967
70967
70968
70969
70970
70971
70972
70972
70972
70973
70974
70975
70975
70977
70978
70979
70981
70981
70985
70985
70988
70988
70990
70991
70991
70992
70994
70994
70994
70996
70999
71000
71001
71001
71001
71001
71002
71003
71003
71004
71004
71006
71010
71010
71011
71013
71013
71014
71016
71017
71020
71021
71021
71022
71022
71025
71029
71030
71032
71033
71036
71038
71038
71039
71040
71040
71041
71043
71043
71043
71045
71047
71047
71047
71047
71048
71050
71050
71051
71051
71051
71052
71052
71053
71053
71055
71055
71058
71062
71063
71063
71063
71064
71065
71066
71066
71068
71069
71069
71070
71072
71072
71074
71074
71075
71075
71076
71076
71078
71079
71080
71081
71082
71083
71084
71084
71086
71087
71087
71087
71087
71087
71088
71090
71090
71092
71094
71094
71094
71095
71095
71096
71096
71097
71098
71098
71098
71099
71099
71099
71101
71104
71104
71104
71105
71106
71108
71109
71110
71110
71113
71114
71114
71116
71117
71117
71119
71120
71120
71123
71123
71124
71125
71126
71126
71126
71127
71128
71130
71131
71131
71133
71134
71134
71134
71136
71137
71138
71138
71139
71139
71139
71140
71141
71142
71144
71148
71152
71152
71152
71153
71155
71156
71157
71157
71158
71158
71159
71160
71161
71161
71161
71162
71162
71165
71165
71165
71167
71167
71169
71169
71170
71171
71172
71173
71174
71175
71178
71178
71180
71182
71183
71184
71185
71185
71185
71187
71188
71188
71190
71190
71190
71192
71194
71194
71195
71196
71197
71198
71199
71199
71202
71204
71204
71206
71207
71207
71209
71212
71212
71212
71213
71213
71213
71213
71214
71214
71214
71215
71215
71217
71219
71219
71220
71221
71222
71222
71223
71223
71224
71225
71225
71226
71226
71227
71227
71227
71227
71228
71228
71228
71231
71233
71233
71237
71240
71240
71240
71241
71241
71243
71243
71244
71246
71246
71247
71247
71247
71249
71249
71251
71252
71253
71254
71255
71256
71256
71257
71259
71260
71261
71261
71261
71261
71262
71263
71263
71264
71264
71265
71265
71266
71267
71268
71269
71269
71269
71275
71276
71277
71278
71278
71280
71280
71282
71283
71285
71287
71288
71288
71288
71288
71290
71291
71291
71293
71293
71295
71298
71299
71299
71300
71301
71301
71302
71304
71305
71305
71305
71307
71308
71308
71311
71311
71312
71314
71314
71315
71315
71317
71318
71319
71321
71324
71324
71325
71325
71325
71325
71328
71328
71328
71329
71331
71331
71331
71332
71332
71337
71338
71340
71340
71344
71345
71349
71351
71352
71354
71355
71355
71356
71357
71358
71362
71362
71362
71363
71364
71365
71365
71367
71367
71370
71371
71371
71374
71374
71375
71376
71377
71378
71380
71380
71384
71385
71387
71387
71388
71389
71391
71391
71391
71392
71393
71396
71396
71396
71397
71397
71401
71401
71402
71402
71403
71404
71408
71408
71408
71409
71410
71411
71411
71412
71413
71414
71414
71414
71415
71415
71416
71416
71416
71417
71418
71418
71418
71419
71419
71421
71421
71422
71422
71422
71423
71423
71424
71424
71425
71426
71427
71427
71427
71428
71429
71429
71429
71430
71430
71431
71432
71435
71436
71437
71438
71440
71440
71441
71442
71442
71443
71444
71446
71446
71446
71447
71447
71448
71448
71449
71450
71450
71450
71451
71451
71451
71451
71454
71455
71455
71455
71456
71457
71458
71460
71460
71462
71463
71464
71464
71465
71466
71467
71467
71467
71469
71469
71470
71471
71472
71472
71474
71475
71478
71478
71480
71480
71481
71481
71483
71486
71489
71489
71490
71491
71491
71492
71492
71493
71493
71493
71498
71500
71501
71503
71506
71508
71510
71511
71512
71512
71513
71513
71515
71516
71518
71518
71519
71519
71525
71528
71529
71530
71530
71530
71531
71534
71535
71536
71537
71538
71538
71539
71540
71540
71541
71542
71542
71543
71543
71544
71544
71544
71545
71548
71550
71552
71553
71553
71554
71554
71554
71555
71555
71556
71556
71561
71561
71563
71566
71567
71571
71572
71574
71575
71576
71576
71577
71577
71578
71579
71580
71582
71583
71583
71585
71586
71586
71588
71589
71589
71590
71591
71592
71592
71594
71597
71598
71598
71599
71600
71601
71601
71601
71605
71606
71607
71609
71610
71611
71611
71612
71615
71616
71618
71619
71619
71621
71622
71624
71625
71627
71628
71628
71630
71635
71638
71639
71639
71640
71641
71641
71642
71642
71642
71644
71646
71647
71647
71650
71651
71652
71656
71656
71657
71657
71658
71658
71658
71659
71661
71661
71664
71665
71666
71666
71669
71669
71672
71672
71673
71673
71673
71675
71677
71678
71679
71680
71680
71681
71683
71683
71685
71686
71688
71689
71690
71691
71692
71695
71696
71697
71697
71698
71698
71698
71698
71699
71700
71701
71701
71701
71703
71704
71704
71705
71706
71706
71708
71711
71712
71715
71715
71715
71715
71716
71717
71717
71718
71719
71719
71720
71721
71722
71722
71725
71728
71728
71729
71729
71732
71732
71733
71734
71735
71737
71738
71739
71740
71741
71741
71743
71743
71745
71746
71746
71749
71750
71753
71753
71756
71756
71756
71756
71758
71759
71759
71759
71759
71760
71764
71765
71765
71768
71769
71770
71771
71772
71773
71774
71774
71774
71774
71775
71775
71777
71777
71779
71781
71782
71783
71784
71785
71785
71786
71786
71786
71786
71787
71787
71789
71790
71790
71791
71791
71792
71794
71794
71795
71798
71798
71799
71799
71800
71802
71803
71804
71805
71806
71806
71808
71809
71810
71810
71811
71812
71813
71813
71814
71815
71819
71819
71819
71820
71821
71821
71822
71822
71822
71824
71827
71828
71830
71830
71831
71831
71832
71832
71832
71833
71835
71835
71836
71837
71838
71838
71838
71839
71840
71841
71841
71842
71843
71843
71848
71848
71848
71849
71852
71853
71857
71860
71860
71860
71860
71861
71862
71863
71863
71866
71867
71868
71870
71871
71871
71872
71873
71873
71878
71878
71878
71882
71882
71883
71883
71883
71883
71884
71884
71884
71885
71886
71887
71887
71888
71891
71892
71892
71893
71894
71894
71895
71896
71896
71897
71901
71901
71903
71904
71904
71906
71906
71906
71907
71907
71908
71912
71914
71914
71915
71915
71915
71916
71917
71917
71918
71918
71919
71920
71921
71926
71926
71927
71927
71928
71929
71930
71930
71930
71931
71931
71932
71932
71934
71934
71935
71936
71937
71937
71940
71940
71940
71941
71941
71942
71944
71944
71944
71944
71945
71946
71946
71951
71951
71951
71951
71952
71952
71952
71953
71953
71957
71959
71960
71961
71961
71962
71962
71963
71965
71965
71967
71970
71971
71972
71972
71974
71974
71975
71976
71976
71977
71977
71978
71978
71978
71979
71980
71982
71983
71984
71985
71986
71987
71989
71993
71995
71995
71995
71995
71996
71997
71997
71998
71998
71999
72000
72002
72003
72004
72006
72006
72010
72010
72011
72012
72014
72015
72015
72016
72016
72018
72019
72021
72024
72025
72026
72026
72027
72029
72029
72029
72030
72031
72031
72032
72032
72034
72034
72035
72037
72037
72037
72039
72039
72040
72040
72041
72042
72042
72042
72043
72043
72044
72046
72047
72050
72050
72054
72055
72055
72056
72056
72058
72059
72060
72060
72060
72060
72061
72061
72062
72062
72062
72063
72064
72066
72066
72067
72068
72069
72069
72070
72071
72071
72074
72074
72074
72075
72076
72077
72078
72078
72081
72083
72086
72088
72088
72088
72089
72089
72090
72091
72092
72092
72094
72095
72095
72097
72098
72103
72104
72105
72107
72107
72109
72110
72110
72114
72116
72117
72118
72119
72121
72122
72122
72122
72124
72125
72127
72131
72131
72133
72133
72133
72134
72135
72137
72139
72140
72141
72142
72143
72143
72144
72144
72144
72147
72147
72149
72149
72151
72151
72152
72153
72157
72157
72158
72159
72159
72160
72161
72162
72162
72163
72164
72166
72166
72166
72172
72173
72174
72175
72176
72176
72177
72177
72177
72177
72177
72178
72178
72180
72181
72182
72182
72184
72185
72186
72186
72189
72190
72192
72193
72193
72195
72198
72198
72199
72200
72200
72200
72201
72202
72203
72204
72204
72205
72207
72208
72209
72210
72210
72211
72212
72214
72214
72216
72216
72216
72217
72218
72219
72220
72221
72222
72223
72224
72224
72227
72228
72229
72232
72233
72233
72234
72237
72237
72237
72242
72245
72245
72247
72247
72248
72248
72249
72252
72253
72253
72254
72256
72257
72257
72258
72258
72259
72259
72259
72260
72260
72261
72261
72264
72266
72268
72270
72271
72272
72272
72273
72273
72273
72274
72274
72274
72275
72275
72275
72277
72279
72279
72279
72279
72281
72282
72283
72284
72285
72285
72287
72287
72288
72289
72289
72291
72292
72292
72293
72293
72293
72294
72295
72295
72296
72297
72297
72298
72298
72299
72302
72303
72303
72307
72308
72308
72311
72311
72312
72312
72313
72313
72314
72315
72315
72315
72317
72317
72318
72319
72319
72320
72321
72321
72321
72322
72323
72325
72327
72328
72328
72328
72329
72329
72330
72332
72332
72335
72336
72336
72336
72336
72337
72337
72338
72339
72342
72345
72345
72345
72347
72347
72349
72350
72351
72356
72357
72359
72360
72360
72361
72361
72363
72364
72366
72366
72367
72367
72369
72369
72370
72371
72372
72372
72372
72373
72375
72376
72377
72378
72378
72378
72382
72383
72384
72384
72384
72384
72387
72387
72388
72388
72390
72390
72390
72393
72393
72397
72397
72397
72397
72397
72399
72403
72403
72403
72403
72404
72405
72406
72407
72407
72407
72407
72407
72408
72409
72410
72410
72411
72413
72413
72414
72416
72418
72419
72419
72420
72420
72421
72421
72426
72427
72427
72428
72429
72429
72430
72430
72434
72434
72437
72439
72439
72440
72441
72442
72444
72444
72445
72446
72448
72448
72449
72451
72453
72453
72454
72454
72455
72456
72457
72457
72458
72458
72459
72459
72461
72462
72463
72464
72464
72465
72466
72467
72468
72469
72469
72469
72469
72469
72470
72470
72470
72471
72475
72476
72478
72478
72478
72479
72479
72479
72480
72480
72480
72481
72481
72482
72483
72483
72483
72483
72483
72485
72486
72490
72490
72493
72494
72494
72495
72496
72498
72498
72499
72499
72499
72500
72501
72502
72503
72504
72505
72505
72506
72510
72513
72514
72515
72515
72516
72517
72521
72521
72523
72525
72526
72526
72527
72527
72527
72528
72530
72532
72534
72535
72536
72538
72538
72538
72542
72543
72543
72544
72544
72546
72546
72550
72550
72552
72553
72554
72554
72555
72555
72555
72556
72556
72557
72558
72558
72559
72559
72560
72561
72561
72564
72564
72565
72565
72566
72567
72567
72568
72569
72571
72571
72573
72574
72575
72577
72578
72580
72580
72581
72581
72584
72584
72586
72586
72586
72587
72588
72589
72590
72590
72590
72592
72593
72593
72593
72594
72594
72596
72596
72597
72597
72598
72599
72599
72601
72602
72602
72604
72605
72607
72607
72608
72609
72609
72610
72611
72613
72613
72614
72615
72615
72615
72617
72618
72619
72619
72621
72626
72626
72627
72628
72632
72633
72635
72635
72636
72636
72637
72637
72637
72639
72639
72639
72640
72641
72641
72642
72643
72643
72646
72646
72647
72648
72648
72648
72650
72650
72651
72651
72652
72655
72655
72655
72655
72656
72656
72662
72663
72663
72664
72664
72665
72667
72668
72670
72670
72671
72671
72671
72672
72672
72673
72674
72674
72677
72677
72677
72677
72680
72681
72682
72685
72688
72689
72690
72692
72696
72697
72698
72700
72702
72702
72702
72703
72704
72704
72707
72707
72710
72711
72712
72713
72715
72720
72721
72722
72723
72724
72725
72725
72727
72727
72730
72731
72731
72732
72732
72734
72734
72735
72735
72735
72735
72736
72736
72737
72738
72738
72739
72739
72740
72740
72740
72741
72743
72744
72746
72747
72747
72749
72749
72749
72749
72750
72753
72753
72755
72756
72758
72760
72761
72762
72762
72763
72765
72766
72768
72768
72768
72770
72770
72772
72774
72774
72775
72777
72780
72780
72780
72781
72781
72782
72783
72785
72785
72786
72786
72787
72787
72791
72794
72794
72795
72795
72795
72796
72797
72799
72799
72800
72802
72802
72803
72803
72804
72805
72806
72807
72807
72808
72808
72808
72808
72809
72810
72811
72811
72812
72814
72816
72816
72817
72818
72818
72820
72821
72821
72822
72823
72823
72826
72826
72826
72831
72831
72832
72832
72834
72834
72836
72836
72836
72837
72840
72841
72849
72849
72849
72850
72850
72851
72853
72853
72853
72856
72858
72859
72860
72863
72863
72864
72864
72865
72866
72867
72868
72868
72868
72870
72871
72873
72873
72874
72874
72875
72875
72876
72878
72879
72881
72882
72882
72884
72885
72886
72890
72891
72894
72897
72897
72898
72899
72900
72900
72902
72902
72903
72903
72904
72904
72907
72907
72909
72909
72911
72913
72914
72915
72919
72919
72920
72922
72922
72923
72924
72925
72925
72929
72931
72932
72933
72934
72936
72936
72940
72940
72941
72941
72941
72941
72941
72942
72943
72943
72944
72944
72945
72946
72948
72948
72949
72949
72950
72952
72953
72954
72955
72956
72956
72956
72957
72957
72957
72958
72960
72963
72963
72963
72964
72964
72965
72966
72966
72967
72971
72972
72973
72974
72974
72975
72977
72978
72979
72979
72981
72981
72982
72982
72983
72984
72984
72987
72988
72989
72990
72990
72991
72992
72993
72994
72995
72996
72998
72999
73000
73004
73004
73004
73004
73005
73006
73006
73007
73010
73010
73010
73011
73013
73014
73015
73015
73017
73017
73018
73019
73020
73021
73023
73025
73026
73027
73028
73030
73030
73034
73039
73040
73042
73043
73044
73045
73046
73046
73046
73047
73047
73047
73047
73047
73048
73049
73049
73050
73051
73055
73057
73057
73059
73060
73061
73061
73061
73062
73063
73063
73067
73069
73071
73072
73072
73073
73075
73076
73077
73077
73077
73078
73079
73080
73083
73083
73083
73084
73085
73085
73086
73086
73088
73090
73090
73095
73096
73097
73097
73098
73099
73099
73100
73101
73102
73103
73105
73106
73106
73107
73108
73108
73109
73109
73110
73110
73111
73112
73113
73114
73118
73118
73119
73121
73121
73122
73122
73123
73123
73124
73124
73125
73127
73129
73130
73131
73131
73132
73132
73132
73134
73134
73136
73137
73137
73142
73142
73142
73143
73144
73144
73144
73145
73146
73146
73146
73149
73149
73152
73155
73155
73157
73158
73158
73159
73160
73161
73164
73165
73165
73166
73167
73167
73170
73171
73174
73176
73178
73179
73179
73180
73181
73181
73183
73184
73184
73186
73187
73188
73190
73190
73190
73190
73190
73190
73191
73191
73194
73194
73194
73195
73196
73197
73197
73197
73201
73204
73204
73207
73207
73207
73209
73210
73210
73211
73211
73211
73213
73214
73214
73215
73216
73216
73217
73218
73218
73219
73219
73221
73221
73221
73222
73224
73225
73225
73226
73229
73229
73230
73232
73232
73233
73233
73234
73237
73237
73239
73242
73244
73245
73245
73246
73248
73248
73249
73250
73251
73252
73253
73253
73254
73255
73256
73258
73259
73260
73261
73262
73264
73264
73265
73267
73268
73269
73272
73272
73273
73275
73276
73277
73278
73278
73281
73282
73286
73287
73287
73287
73288
73288
73289
73290
73290
73292
73292
73292
73295
73296
73297
73298
73299
73300
73302
73302
73302
73303
73304
73304
73305
73306
73307
73308
73309
73310
73310
73310
73313
73314
73315
73315
73317
73318
73318
73320
73321
73321
73322
73324
73325
73326
73326
73326
73328
73329
73330
73332
73334
73334
73334
73335
73335
73336
73337
73338
73341
73342
73342
73342
73342
73343
73345
73345
73345
73346
73346
73346
73347
73350
73351
73351
73352
73352
73356
73357
73360
73361
73362
73365
73365
73366
73370
73371
73372
73372
73373
73375
73375
73378
73378
73378
73378
73379
73380
73382
73383
73383
73384
73384
73384
73389
73389
73389
73390
73391
73392
73392
73393
73393
73394
73394
73395
73396
73398
73399
73399
73402
73405
73406
73406
73406
73408
73408
73409
73410
73411
73412
73412
73413
73413
73414
73416
73416
73418
73421
73421
73422
73423
73423
73424
73427
73427
73427
73428
73430
73433
73433
73435
73436
73436
73437
73438
73440
73442
73444
73445
73446
73448
73449
73449
73451
73451
73452
73452
73453
73454
73457
73457
73460
73460
73462
73462
73465
73467
73468
73469
73472
73474
73475
73476
73478
73478
73479
73480
73481
73483
73485
73485
73487
73488
73488
73489
73490
73490
73490
73491
73492
73493
73493
73494
73495
73495
73495
73495
73496
73496
73496
73501
73501
73502
73502
73503
73503
73505
73505
73506
73506
73507
73509
73512
73513
73517
73519
73520
73520
73523
73526
73526
73527
73529
73529
73529
73529
73530
73530
73531
73531
73533
73534
73534
73535
73536
73537
73538
73539
73540
73547
73549
73550
73550
73553
73553
73555
73559
73560
73561
73562
73563
73563
73564
73567
73567
73569
73571
73572
73575
73576
73576
73578
73580
73581
73581
73581
73584
73584
73585
73585
73586
73586
73589
73589
73589
73590
73591
73591
73592
73594
73595
73598
73600
73600
73602
73604
73604
73604
73605
73606
73607
73610
73612
73613
73613
73615
73616
73616
73620
73620
73621
73623
73623
73623
73624
73624
73629
73631
73632
73633
73633
73633
73633
73634
73637
73639
73639
73641
73641
73642
73644
73645
73646
73646
73650
73650
73651
73652
73654
73655
73655
73656
73657
73657
73658
73658
73659
73661
73661
73663
73663
73666
73670
73670
73671
73672
73674
73675
73676
73676
73676
73678
73678
73679
73680
73681
73682
73682
73687
73688
73688
73689
73689
73689
73689
73690
73690
73691
73691
73692
73693
73693
73693
73693
73695
73695
73696
73696
73697
73698
73699
73701
73701
73702
73703
73704
73704
73706
73707
73708
73708
73709
73710
73710
73711
73711
73712
73715
73715
73716
73717
73718
73720
73721
73721
73722
73722
73722
73723
73725
73725
73726
73728
73730
73731
73731
73731
73731
73731
73733
73733
73733
73734
73734
73734
73735
73735
73736
73736
73737
73738
73738
73738
73739
73740
73741
73742
73743
73743
73743
73744
73744
73745
73745
73749
73750
73751
73751
73751
73754
73756
73756
73759
73761
73761
73761
73762
73762
73763
73763
73763
73764
73765
73766
73771
73776
73778
73778
73779
73780
73780
73780
73785
73785
73786
73787
73787
73787
73788
73789
73790
73791
73791
73791
73792
73794
73795
73795
73795
73795
73797
73797
73798
73798
73799
73801
73802
73803
73803
73803
73804
73805
73807
73807
73808
73810
73810
73811
73812
73813
73813
73814
73815
73816
73816
73817
73821
73824
73825
73825
73825
73826
73827
73827
73828
73828
73830
73830
73831
73832
73833
73834
73835
73836
73837
73838
73839
73840
73843
73843
73843
73847
73847
73849
73851
73852
73853
73854
73856
73863
73863
73863
73864
73866
73870
73870
73870
73870
73871
73873
73873
73874
73874
73876
73877
73877
73879
73879
73879
73879
73880
73882
73883
73885
73886
73890
73890
73891
73891
73892
73895
73895
73896
73900
73901
73903
73904
73905
73907
73908
73908
73908
73912
73913
73914
73915
73916
73916
73918
73921
73922
73922
73923
73923
73924
73926
73926
73927
73927
73928
73929
73929
73931
73931
73933
73935
73936
73937
73938
73939
73940
73940
73941
73944
73945
73949
73949
73950
73950
73951
73952
73953
73956
73959
73959
73961
73961
73962
73962
73962
73963
73966
73967
73968
73970
73970
73970
73975
73975
73976
73980
73980
73980
73980
73981
73982
73983
73983
73984
73985
73987
73987
73987
73988
73989
73991
73992
73996
73996
73999
74000
74001
74001
74001
74003
74004
74008
74008
74009
74010
74010
74010
74011
74011
74014
74015
74017
74018
74018
74019
74020
74021
74021
74022
74023
74023
74024
74025
74026
74027
74028
74029
74030
74034
74034
74034
74035
74036
74040
74041
74042
74044
74044
74046
74047
74047
74047
74049
74051
74052
74052
74053
74053
74054
74054
74055
74057
74061
74061
74062
74063
74065
74067
74068
74069
74071
74072
74073
74073
74074
74075
74077
74078
74079
74079
74079
74080
74082
74082
74083
74084
74086
74086
74087
74089
74090
74091
74091
74093
74094
74096
74096
74097
74097
74098
74099
74099
74099
74100
74100
74102
74102
74104
74104
74112
74112
74114
74114
74117
74122
74122
74122
74126
74127
74127
74128
74129
74130
74131
74131
74131
74132
74133
74133
74134
74134
74135
74135
74137
74139
74140
74140
74140
74140
74141
74142
74146
74147
74148
74148
74148
74149
74150
74150
74154
74155
74159
74159
74160
74160
74161
74162
74163
74163
74163
74165
74167
74168
74168
74169
74170
74170
74171
74171
74172
74172
74172
74173
74173
74174
74175
74176
74179
74179
74179
74179
74180
74180
74180
74182
74184
74184
74185
74185
74187
74188
74189
74189
74191
74192
74192
74192
74193
74194
74195
74197
74197
74198
74198
74199
74200
74204
74206
74207
74210
74210
74210
74211
74212
74213
74213
74214
74215
74216
74216
74217
74218
74218
74220
74220
74222
74223
74223
74225
74225
74225
74225
74227
74227
74228
74228
74232
74236
74239
74239
74241
74243
74244
74244
74244
74244
74246
74247
74247
74247
74248
74248
74249
74249
74249
74249
74250
74250
74254
74255
74255
74256
74257
74257
74257
74258
74261
74261
74261
74261
74262
74264
74264
74266
74267
74268
74268
74271
74272
74275
74276
74277
74277
74278
74279
74282
74282
74282
74283
74283
74283
74285
74285
74287
74287
74288
74293
74294
74295
74296
74296
74297
74297
74297
74303
74304
74304
74305
74306
74307
74307
74309
74311
74312
74313
74314
74314
74315
74316
74316
74316
74316
74317
74318
74318
74319
74319
74320
74321
74322
74322
74322
74324
74325
74326
74326
74327
74327
74328
74328
74329
74329
74330
74330
74331
74331
74335
74336
74337
74340
74341
74341
74342
74343
74344
74344
74345
74346
74348
74348
74348
74348
74349
74349
74350
74351
74352
74353
74354
74356
74356
74357
74357
74357
74359
74360
74361
74363
74363
74363
74365
74365
74366
74368
74368
74373
74376
74377
74381
74381
74384
74385
74386
74387
74387
74388
74391
74392
74393
74395
74396
74396
74398
74399
74402
74402
74403
74404
74404
74406
74406
74407
74408
74409
74411
74412
74412
74417
74418
74421
74423
74425
74426
74426
74427
74427
74427
74428
74429
74429
74431
74434
74434
74436
74437
74437
74438
74438
74438
74439
74440
74440
74441
74441
74443
74445
74447
74448
74448
74450
74450
74450
74451
74453
74454
74455
74455
74455
74457
74460
74461
74461
74462
74462
74463
74464
74465
74467
74468
74471
74472
74474
74475
74475
74476
74478
74481
74482
74482
74483
74484
74485
74486
74487
74488
74489
74490
74493
74494
74495
74496
74497
74497
74501
74501
74501
74502
74503
74504
74505
74507
74507
74507
74509
74510
74511
74512
74513
74513
74513
74515
74515
74516
74517
74517
74517
74521
74521
74521
74521
74522
74522
74523
74524
74525
74528
74528
74528
74529
74530
74530
74530
74531
74533
74534
74535
74535
74535
74536
74539
74540
74542
74542
74542
74542
74544
74545
74545
74545
74546
74547
74549
74549
74550
74553
74553
74555
74555
74556
74557
74558
74559
74559
74560
74560
74561
74561
74561
74562
74562
74563
74563
74564
74565
74565
74566
74567
74568
74568
74568
74568
74569
74569
74570
74571
74571
74572
74573
74574
74575
74576
74581
74581
74583
74584
74585
74586
74586
74588
74588
74589
74589
74590
74591
74592
74592
74593
74593
74594
74595
74597
74597
74597
74598
74599
74599
74601
74601
74602
74602
74602
74604
74604
74605
74606
74606
74607
74607
74609
74609
74613
74613
74613
74614
74615
74615
74617
74618
74618
74620
74621
74621
74622
74623
74623
74625
74627
74628
74628
74628
74628
74628
74630
74630
74630
74631
74631
74631
74631
74632
74632
74633
74633
74633
74633
74633
74634
74634
74634
74635
74636
74637
74637
74638
74641
74641
74642
74642
74644
74645
74646
74648
74648
74649
74650
74654
74654
74654
74655
74655
74657
74657
74658
74659
74661
74662
74663
74663
74665
74665
74666
74666
74669
74671
74673
74674
74676
74676
74677
74678
74679
74679
74681
74682
74684
74685
74685
74685
74686
74687
74687
74688
74688
74690
74691
74693
74695
74695
74698
74699
74699
74701
74702
74705
74708
74709
74710
74711
74712
74712
74712
74714
74714
74716
74717
74718
74719
74721
74721
74722
74723
74724
74725
74726
74727
74727
74728
74729
74730
74730
74732
74734
74735
74735
74737
74737
74738
74738
74738
74738
74738
74739
74739
74740
74740
74744
74745
74745
74745
74746
74746
74747
74750
74751
74751
74751
74752
74756
74757
74757
74759
74759
74760
74760
74761
74762
74764
74764
74765
74766
74769
74770
74772
74772
74772
74772
74774
74774
74776
74777
74777
74777
74778
74779
74780
74780
74781
74781
74783
74783
74783
74784
74784
74784
74784
74786
74786
74787
74788
74789
74790
74790
74792
74795
74798
74798
74801
74801
74801
74803
74805
74805
74806
74807
74807
74808
74808
74812
74813
74815
74816
74818
74819
74819
74819
74824
74824
74826
74826
74827
74827
74829
74830
74830
74830
74832
74833
74834
74836
74836
74838
74840
74840
74840
74841
74843
74845
74846
74847
74848
74851
74854
74854
74854
74855
74855
74855
74857
74858
74859
74860
74860
74861
74863
74866
74866
74867
74867
74868
74869
74871
74873
74873
74873
74875
74877
74878
74880
74883
74883
74884
74884
74884
74885
74886
74889
74892
74894
74895
74895
74895
74896
74897
74897
74899
74899
74899
74900
74901
74901
74902
74902
74903
74904
74905
74905
74906
74910
74911
74911
74912
74914
74914
74916
74916
74916
74918
74921
74923
74926
74927
74928
74928
74931
74932
74932
74933
74934
74937
74937
74939
74943
74944
74946
74951
74952
74952
74953
74954
74955
74955
74958
74960
74963
74964
74965
74965
74965
74965
74966
74966
74967
74968
74968
74968
74968
74969
74969
74969
74971
74973
74973
74975
74977
74977
74978
74978
74979
74980
74980
74980
74982
74983
74985
74986
74987
74989
74989
74989
74991
74992
74992
74994
74995
74997
74997
74998
74998
75003
75004
75005
75006
75007
75008
75010
75010
75010
75011
75012
75012
75015
75017
75018
75019
75021
75022
75024
75026
75026
75028
75032
75032
75033
75033
75033
75034
75034
75037
75037
75037
75041
75042
75043
75043
75045
75046
75047
75047
75047
75048
75051
75051
75052
75054
75054
75056
75057
75057
75057
75057
75058
75060
75060
75061
75062
75062
75062
75066
75066
75067
75068
75070
75070
75071
75071
75071
75072
75072
75074
75074
75077
75077
75078
75078
75081
75082
75082
75083
75083
75083
75084
75084
75086
75090
75091
75092
75093
75093
75093
75094
75095
75096
75097
75100
75101
75102
75103
75103
75105
75105
75106
75106
75107
75108
75108
75108
75109
75109
75109
75111
75112
75117
75119
75119
75120
75120
75120
75121
75122
75122
75122
75123
75123
75125
75125
75126
75126
75126
75127
75128
75128
75129
75129
75131
75131
75132
75136
75138
75138
75141
75141
75141
75141
75143
75143
75143
75144
75145
75145
75147
75147
75149
75150
75154
75156
75157
75157
75157
75158
75158
75160
75163
75163
75164
75165
75165
75165
75167
75167
75168
75169
75170
75170
75171
75172
75172
75173
75174
75180
75181
75181
75182
75182
75183
75183
75184
75185
75185
75185
75186
75187
75188
75189
75193
75194
75194
75194
75195
75196
75198
75198
75200
75200
75200
75201
75202
75204
75205
75205
75206
75206
75206
75207
75209
75209
75211
75211
75214
75215
75218
75218
75219
75222
75222
75225
75225
75225
75227
75228
75228
75229
75230
75231
75234
75234
75235
75236
75238
75239
75240
75241
75241
75241
75242
75243
75244
75245
75248
75248
75249
75249
75249
75251
75251
75251
75254
75255
75256
75257
75257
75258
75258
75260
75260
75262
75263
75263
75263
75265
75267
75268
75269
75270
75272
75273
75274
75274
75275
75276
75276
75276
75278
75278
75279
75280
75282
75283
75283
75283
75284
75286
75286
75288
75289
75290
75290
75293
75293
75295
75295
75297
75297
75297
75298
75300
75301
75301
75302
75302
75303
75303
75304
75304
75304
75306
75307
75309
75310
75311
75311
75312
75314
75314
75315
75315
75316
75318
75321
75321
75321
75322
75323
75323
75323
75323
75325
75325
75326
75327
75330
75331
75331
75332
75332
75334
75334
75335
75336
75337
75339
75339
75340
75340
75343
75344
75345
75345
75347
75349
75351
75351
75354
75354
75355
75356
75357
75357
75358
75359
75360
75361
75363
75363
75363
75364
75364
75367
75368
75369
75372
75374
75376
75378
75379
75380
75381
75381
75382
75382
75385
75387
75389
75391
75391
75394
75394
75394
75394
75394
75396
75400
75402
75404
75404
75405
75407
75409
75411
75415
75416
75417
75417
75418
75418
75418
75419
75419
75420
75421
75421
75424
75424
75426
75427
75428
75428
75428
75428
75430
75432
75435
75437
75437
75438
75439
75441
75441
75441
75442
75442
75442
75442
75442
75443
75443
75444
75445
75446
75446
75446
75446
75450
75450
75450
75452
75452
75453
75454
75454
75457
75457
75457
75458
75459
75460
75460
75461
75461
75464
75464
75465
75466
75466
75467
75471
75471
75472
75473
75474
75476
75477
75479
75481
75482
75483
75484
75485
75485
75485
75485
75487
75487
75488
75488
75489
75489
75494
75496
75496
75500
75501
75502
75502
75502
75507
75507
75508
75508
75511
75513
75513
75513
75514
75515
75516
75516
75522
75522
75523
75524
75528
75531
75532
75532
75532
75533
75534
75534
75535
75536
75537
75537
75537
75537
75539
75540
75541
75541
75542
75543
75543
75544
75544
75545
75546
75546
75547
75549
75549
75550
75553
75553
75556
75558
75560
75560
75561
75561
75562
75562
75562
75563
75564
75564
75564
75565
75565
75565
75565
75566
75566
75566
75567
75568
75570
75571
75571
75572
75572
75573
75575
75580
75581
75581
75581
75584
75585
75585
75585
75586
75587
75588
75589
75589
75590
75590
75593
75593
75597
75597
75597
75598
75599
75599
75601
75604
75605
75606
75606
75608
75614
75614
75617
75620
75621
75622
75623
75628
75630
75630
75631
75632
75633
75634
75637
75637
75637
75639
75639
75640
75642
75645
75646
75646
75646
75647
75648
75650
75650
75653
75653
75653
75654
75655
75660
75662
75663
75663
75666
75666
75668
75669
75670
75671
75671
75675
75675
75675
75677
75678
75678
75678
75679
75683
75683
75683
75685
75685
75686
75687
75688
75690
75690
75690
75690
75692
75693
75694
75695
75696
75696
75697
75697
75698
75698
75699
75700
75701
75701
75703
75704
75704
75706
75707
75707
75708
75710
75712
75713
75713
75713
75714
75714
75714
75716
75716
75716
75717
75717
75719
75719
75720
75720
75721
75721
75723
75724
75725
75725
75727
75728
75728
75728
75732
75732
75733
75734
75735
75736
75737
75737
75738
75739
75742
75742
75742
75742
75744
75744
75744
75746
75747
75747
75749
75750
75753
75753
75753
75753
75755
75758
75760
75761
75761
75762
75768
75769
75770
75770
75771
75771
75772
75773
75773
75774
75774
75775
75777
75777
75777
75781
75781
75781
75783
75785
75785
75785
75787
75788
75789
75790
75793
75794
75795
75795
75796
75797
75797
75799
75799
75804
75804
75806
75806
75808
75809
75810
75811
75812
75815
75816
75819
75820
75821
75821
75821
75826
75826
75826
75826
75830
75830
75831
75831
75833
75833
75833
75838
75839
75841
75842
75842
75843
75846
75847
75849
75849
75850
75852
75852
75852
75853
75854
75855
75857
75858
75858
75860
75860
75861
75862
75862
75863
75864
75865
75865
75870
75870
75870
75872
75873
75873
75874
75874
75875
75875
75875
75876
75878
75880
75883
75884
75885
75885
75886
75886
75888
75888
75891
75892
75893
75893
75894
75895
75895
75897
75898
75900
75900
75900
75902
75905
75905
75907
75909
75910
75912
75914
75915
75915
75917
75917
75918
75918
75919
75919
75920
75922
75923
75923
75924
75924
75925
75926
75927
75927
75928
75929
75931
75931
75932
75932
75934
75935
75935
75935
75936
75936
75936
75937
75939
75939
75939
75941
75941
75941
75941
75941
75943
75944
75948
75948
75948
75949
75950
75950
75951
75952
75955
75955
75957
75957
75959
75959
75961
75961
75963
75963
75963
75963
75963
75964
75965
75965
75966
75968
75970
75971
75973
75973
75974
75976
75978
75979
75980
75982
75982
75982
75984
75985
75986
75986
75986
75989
75989
75990
75990
75995
75995
75995
75995
75996
75998
75998
75998
75999
75999
76002
76003
76003
76004
76006
76009
76009
76009
76010
76010
76011
76012
76014
76014
76015
76016
76018
76019
76019
76020
76020
76021
76021
76022
76022
76022
76023
76025
76025
76026
76026
76028
76029
76032
76032
76033
76038
76039
76040
76040
76041
76042
76043
76044
76044
76044
76045
76045
76045
76048
76048
76048
76049
76050
76051
76057
76060
76061
76061
76061
76062
76062
76063
76064
76065
76066
76067
76072
76072
76074
76074
76075
76076
76077
76078
76080
76080
76080
76081
76081
76083
76084
76084
76085
76087
76088
76089
76089
76090
76090
76090
76091
76092
76093
76093
76093
76096
76098
76099
76099
76100
76101
76104
76107
76107
76110
76114
76115
76116
76117
76117
76118
76118
76120
76123
76123
76123
76124
76124
76124
76126
76126
76127
76127
76127
76127
76127
76128
76130
76132
76132
76132
76133
76134
76135
76135
76136
76137
76138
76141
76142
76143
76144
76145
76147
76148
76149
76149
76149
76149
76150
76152
76152
76154
76154
76155
76155
76156
76156
76156
76156
76157
76157
76157
76157
76159
76160
76160
76160
76161
76161
76161
76161
76162
76162
76163
76164
76164
76166
76166
76166
76167
76168
76169
76172
76175
76178
76179
76180
76181
76182
76182
76189
76189
76189
76190
76190
76191
76191
76192
76194
76196
76197
76197
76198
76198
76198
76199
76199
76200
76202
76203
76203
76203
76204
76204
76204
76205
76205
76205
76207
76208
76208
76209
76209
76210
76210
76210
76211
76211
76211
76212
76212
76212
76212
76213
76214
76214
76215
76215
76216
76218
76219
76220
76220
76221
76222
76222
76222
76223
76223
76224
76226
76226
76228
76228
76228
76229
76229
76230
76232
76235
76236
76240
76241
76243
76246
76247
76247
76248
76249
76250
76251
76251
76253
76256
76256
76257
76257
76257
76257
76258
76259
76260
76261
76261
76261
76261
76263
76264
76265
76265
76266
76267
76267
76268
76269
76270
76273
76275
76277
76279
76279
76280
76281
76282
76282
76288
76290
76290
76290
76291
76293
76293
76294
76295
76295
76295
76295
76299
76299
76300
76302
76302
76302
76304
76304
76304
76305
76305
76305
76305
76307
76309
76309
76310
76312
76312
76312
76316
76319
76320
76322
76322
76324
76324
76325
76326
76326
76327
76327
76330
76330
76331
76333
76333
76334
76335
76336
76343
76343
76343
76344
76344
76345
76345
76345
76346
76346
76350
76352
76354
76355
76356
76356
76358
76361
76361
76361
76362
76363
76363
76365
76365
76365
76368
76369
76369
76370
76371
76371
76373
76373
76374
76376
76376
76377
76378
76382
76383
76383
76384
76384
76384
76387
76388
76388
76390
76391
76392
76392
76393
76393
76395
76397
76399
76399
76399
76400
76401
76401
76401
76402
76403
76405
76408
76408
76410
76410
76413
76413
76414
76415
76417
76417
76417
76418
76418
76420
76420
76421
76421
76422
76424
76424
76425
76426
76426
76427
76427
76428
76428
76430
76430
76430
76431
76431
76433
76433
76437
76438
76439
76440
76441
76441
76441
76441
76443
76443
76444
76445
76448
76449
76452
76453
76454
76455
76456
76456
76457
76458
76459
76461
76462
76463
76463
76464
76464
76465
76465
76465
76465
76467
76469
76469
76469
76472
76472
76474
76475
76476
76477
76478
76478
76478
76479
76481
76482
76482
76482
76483
76483
76483
76484
76487
76487
76489
76489
76491
76492
76493
76493
76493
76497
76497
76499
76499
76501
76502
76504
76505
76505
76506
76507
76507
76509
76510
76511
76512
76512
76512
76514
76516
76517
76517
76518
76518
76520
76520
76521
76522
76524
76524
76526
76530
76530
76531
76533
76533
76533
76533
76537
76538
76538
76539
76539
76539
76540
76540
76540
76540
76541
76542
76544
76544
76545
76545
76546
76548
76549
76550
76550
76550
76551
76552
76552
76552
76553
76553
76554
76554
76556
76557
76558
76559
76560
76561
76563
76566
76566
76566
76567
76568
76569
76570
76570
76571
76573
76574
76574
76577
76577
76578
76580
76580
76586
76588
76593
76596
76596
76596
76597
76599
76599
76602
76603
76604
76605
76605
76607
76608
76613
76613
76614
76615
76616
76620
76621
76621
76621
76622
76624
76627
76627
76628
76628
76629
76629
76629
76632
76633
76633
76635
76636
76636
76637
76637
76638
76638
76638
76639
76639
76639
76642
76642
76643
76643
76643
76646
76647
76648
76650
76651
76653
76654
76654
76654
76655
76657
76657
76663
76663
76666
76666
76666
76666
76666
76667
76667
76667
76669
76671
76671
76672
76673
76673
76674
76675
76675
76676
76676
76677
76679
76680
76681
76683
76683
76685
76688
76688
76690
76691
76691
76692
76692
76694
76695
76700
76700
76700
76701
76701
76704
76705
76705
76708
76708
76709
76710
76711
76712
76712
76713
76715
76716
76717
76717
76719
76719
76722
76723
76723
76723
76723
76723
76723
76726
76726
76727
76727
76728
76730
76731
76731
76731
76734
76734
76737
76738
76739
76741
76743
76744
76744
76745
76745
76746
76746
76750
76751
76753
76753
76754
76755
76755
76756
76758
76759
76760
76760
76761
76761
76761
76762
76765
76767
76767
76767
76768
76769
76769
76770
76773
76774
76775
76775
76776
76777
76778
76778
76779
76779
76780
76785
76787
76788
76790
76792
76792
76794
76795
76796
76797
76798
76799
76802
76802
76803
76803
76803
76805
76807
76808
76809
76810
76810
76813
76816
76817
76817
76819
76819
76821
76825
76828
76828
76829
76830
76830
76830
76830
76831
76832
76833
76833
76834
76834
76836
76836
76836
76838
76839
76840
76841
76841
76842
76842
76843
76843
76845
76845
76848
76849
76849
76850
76851
76852
76856
76857
76857
76860
76860
76862
76863
76863
76865
76865
76867
76869
76870
76870
76871
76873
76874
76876
76877
76877
76878
76882
76884
76885
76885
76887
76888
76889
76889
76891
76892
76893
76893
76893
76894
76894
76896
76897
76897
76899
76900
76900
76901
76903
76904
76904
76904
76905
76906
76907
76909
76910
76910
76911
76911
76912
76915
76917
76917
76917
76918
76918
76920
76921
76922
76925
76925
76926
76926
76927
76927
76928
76928
76930
76930
76930
76930
76931
76931
76931
76931
76933
76934
76934
76935
76935
76937
76938
76939
76940
76942
76943
76943
76943
76944
76944
76944
76950
76950
76951
76951
76952
76954
76957
76957
76958
76958
76959
76960
76961
76961
76961
76961
76962
76962
76963
76964
76965
76966
76966
76967
76967
76967
76968
76969
76969
76971
76972
76972
76972
76976
76977
76977
76979
76979
76979
76982
76984
76984
76984
76984
76987
76989
76990
76992
76993
76995
76998
76998
76999
76999
77000
77000
77002
77006
77007
77009
77010
77011
77011
77011
77011
77011
77013
77016
77019
77021
77021
77022
77023
77024
77025
77025
77025
77030
77033
77034
77034
77037
77037
77039
77041
77041
77042
77045
77046
77047
77049
77050
77050
77052
77052
77054
77055
77056
77056
77057
77058
77061
77063
77064
77064
77066
77067
77067
77068
77069
77071
77071
77072
77079
77079
77080
77082
77082
77083
77086
77086
77087
77087
77089
77090
77090
77090
77091
77091
77092
77094
77095
77096
77097
77098
77098
77098
77101
77102
77103
77103
77104
77104
77104
77104
77106
77107
77108
77108
77109
77109
77110
77112
77112
77112
77114
77115
77115
77116
77117
77119
77120
77121
77121
77121
77121
77122
77122
77126
77127
77127
77127
77128
77128
77129
77129
77133
77134
77134
77134
77137
77137
77137
77137
77138
77138
77143
77144
77145
77145
77145
77145
77147
77147
77148
77150
77150
77150
77150
77152
77152
77152
77153
77153
77155
77155
77155
77156
77157
77158
77158
77160
77160
77161
77161
77162
77165
77165
77166
77167
77167
77169
77170
77171
77174
77175
77180
77180
77180
77182
77185
77186
77188
77189
77189
77189
77190
77191
77191
77192
77192
77195
77196
77199
77200
77201
77202
77202
77204
77205
77205
77205
77205
77206
77206
77207
77208
77211
77213
77213
77217
77217
77217
77220
77220
77221
77221
77222
77223
77223
77225
77225
77226
77227
77228
77228
77230
77232
77232
77233
77235
77237
77238
77239
77239
77241
77242
77246
77246
77246
77247
77249
77251
77251
77251
77251
77252
77252
77253
77254
77257
77259
77261
77261
77261
77262
77262
77263
77263
77267
77270
77270
77271
77274
77275
77277
77278
77279
77279
77281
77281
77282
77283
77284
77285
77286
77286
77286
77286
77287
77287
77288
77290
77290
77293
77293
77296
77298
77299
77300
77302
77305
77306
77309
77310
77313
77313
77314
77314
77316
77317
77319
77320
77320
77322
77326
77327
77329
77330
77334
77335
77335
77338
77338
77338
77338
77340
77340
77340
77342
77343
77346
77347
77350
77352
77352
77352
77353
77353
77354
77356
77359
77360
77362
77363
77363
77364
77364
77365
77366
77367
77367
77368
77368
77369
77370
77370
77371
77371
77372
77373
77374
77375
77376
77378
77379
77380
77380
77385
77386
77386
77387
77387
77390
77391
77392
77392
77392
77393
77394
77396
77397
77399
77399
77399
77404
77404
77406
77408
77410
77412
77416
77417
77418
77419
77420
77421
77423
77424
77425
77425
77425
77429
77430
77431
77433
77434
77434
77434
77437
77437
77437
77439
77440
77440
77441
77441
77442
77442
77443
77445
77445
77446
77446
77448
77448
77450
77451
77452
77452
77453
77454
77454
77454
77455
77457
77461
77461
77461
77463
77464
77464
77464
77465
77469
77470
77472
77473
77473
77473
77473
77475
77477
77477
77478
77478
77479
77480
77482
77482
77483
77485
77486
77488
77490
77491
77491
77493
77495
77499
77499
77499
77500
77501
77501
77501
77502
77504
77505
77506
77506
77508
77511
77511
77515
77515
77517
77518
77519
77521
77523
77524
77525
77526
77526
77527
77527
77528
77528
77531
77533
77533
77534
77535
77537
77537
77539
77539
77541
77541
77542
77542
77543
77543
77545
77545
77545
77547
77550
77551
77551
77551
77553
77554
77556
77557
77557
77558
77564
77565
77566
77567
77571
77572
77572
77574
77577
77577
77578
77578
77579
77582
77582
77583
77584
77584
77589
77589
77590
77590
77590
77592
77595
77595
77595
77595
77595
77595
77596
77597
77598
77599
77600
77601
77602
77603
77604
77604
77605
77605
77605
77608
77608
77609
77610
77610
77613
77614
77616
77616
77617
77617
77620
77621
77621
77622
77622
77624
77626
77626
77627
77628
77630
77631
77633
77633
77634
77636
77637
77639
77642
77642
77643
77644
77644
77644
77646
77650
77650
77651
77652
77652
77653
77654
77655
77655
77658
77658
77660
77662
77665
77669
77670
77672
77673
77673
77675
77676
77676
77677
77678
77679
77679
77680
77680
77682
77685
77686
77686
77687
77688
77689
77689
77690
77693
77694
77694
77695
77696
77697
77697
77697
77699
77699
77700
77700
77701
77701
77702
77703
77703
77703
77704
77705
77707
77707
77708
77709
77710
77711
77711
77716
77716
77720
77720
77721
77723
77723
77724
77725
77728
77728
77728
77732
77732
77733
77733
77733
77734
77735
77735
77737
77737
77739
77741
77742
77742
77745
77745
77746
77746
77748
77748
77748
77748
77750
77751
77751
77754
77754
77756
77757
77757
77758
77758
77762
77762
77762
77763
77764
77764
77765
77765
77768
77769
77769
77770
77770
77770
77772
77774
77774
77775
77776
77778
77778
77780
77781
77782
77782
77785
77786
77787
77790
77790
77790
77790
77791
77791
77791
77791
77792
77793
77793
77795
77796
77796
77799
77800
77801
77806
77806
77806
77807
77807
77809
77810
77812
77813
77815
77817
77817
77819
77819
77822
77823
77824
77824
77825
77826
77826
77827
77828
77829
77829
77829
77830
77831
77832
77833
77834
77836
77837
77837
77839
77840
77840
77841
77841
77842
77843
77844
77844
77845
77846
77846
77850
77850
77851
77851
77852
77852
77852
77853
77854
77855
77856
77857
77858
77859
77859
77859
77860
77860
77861
77861
77862
77864
77864
77864
77867
77867
77868
77868
77869
77871
77873
77875
77875
77876
77878
77881
77882
77883
77885
77885
77886
77886
77887
77888
77889
77889
77889
77891
77892
77892
77892
77896
77896
77897
77898
77898
77899
77900
77901
77903
77906
77907
77908
77909
77918
77919
77919
77920
77920
77921
77922
77923
77924
77924
77925
77926
77927
77928
77928
77930
77930
77932
77933
77933
77933
77933
77934
77934
77934
77936
77936
77937
77937
77937
77937
77937
77939
77940
77940
77940
77942
77944
77946
77947
77949
77949
77950
77951
77952
77952
77954
77954
77954
77955
77958
77958
77960
77961
77964
77964
77965
77965
77968
77969
77970
77971
77972
77972
77973
77973
77975
77976
77977
77980
77980
77980
77981
77981
77983
77984
77985
77985
77985
77986
77986
77986
77987
77987
77987
77987
77989
77989
77989
77991
77992
77992
77992
77993
77994
77994
77994
77995
77995
77996
78001
78001
78002
78004
78005
78005
78005
78006
78008
78008
78009
78009
78012
78012
78012
78012
78014
78014
78016
78017
78018
78019
78020
78020
78021
78022
78022
78022
78024
78025
78025
78026
78026
78031
78034
78034
78035
78035
78037
78037
78039
78039
78039
78039
78040
78041
78043
78045
78047
78048
78049
78050
78051
78051
78051
78051
78052
78052
78053
78057
78057
78057
78058
78059
78060
78061
78061
78062
78062
78063
78064
78065
78066
78066
78070
78071
78072
78078
78080
78081
78082
78083
78083
78083
78083
78084
78085
78086
78089
78091
78092
78093
78094
78095
78097
78100
78100
78102
78103
78103
78104
78108
78108
78109
78109
78110
78110
78111
78112
78113
78114
78115
78117
78117
78118
78118
78120
78121
78121
78122
78124
78124
78124
78126
78127
78128
78128
78130
78131
78131
78132
78132
78134
78134
78134
78135
78136
78136
78138
78138
78141
78142
78144
78145
78145
78146
78148
78149
78149
78150
78151
78152
78152
78153
78156
78157
78158
78159
78159
78159
78160
78161
78161
78163
78164
78165
78165
78165
78167
78168
78169
78170
78171
78172
78172
78173
78174
78177
78178
78178
78180
78180
78181
78182
78182
78183
78183
78183
78183
78185
78185
78186
78190
78192
78193
78194
78195
78195
78195
78197
78200
78200
78201
78202
78203
78204
78205
78205
78206
78207
78208
78208
78208
78209
78209
78210
78211
78212
78217
78217
78218
78219
78219
78219
78220
78222
78223
78224
78224
78226
78227
78227
78228
78229
78229
78230
78230
78231
78231
78232
78232
78232
78234
78234
78235
78235
78236
78236
78238
78239
78239
78239
78240
78249
78250
78251
78251
78253
78254
78255
78256
78256
78256
78257
78257
78258
78260
78260
78260
78261
78261
78262
78262
78262
78263
78266
78266
78266
78266
78267
78268
78273
78274
78274
78274
78275
78276
78277
78277
78277
78278
78280
78282
78282
78282
78283
78284
78284
78288
78289
78289
78289
78291
78292
78293
78294
78296
78296
78297
78298
78301
78302
78303
78304
78304
78305
78305
78306
78306
78306
78307
78307
78309
78309
78310
78312
78312
78312
78314
78315
78317
78317
78318
78318
78318
78319
78320
78321
78321
78321
78321
78324
78324
78324
78325
78327
78327
78328
78329
78330
78330
78331
78331
78334
78334
78335
78335
78337
78339
78341
78342
78343
78343
78343
78344
78345
78347
78349
78349
78351
78354
78355
78355
78355
78356
78356
78356
78358
78359
78361
78361
78363
78364
78365
78365
78366
78369
78369
78370
78371
78371
78372
78372
78373
78373
78374
78374
78376
78378
78378
78378
78378
78379
78379
78380
78380
78380
78380
78381
78381
78381
78382
78383
78383
78385
78386
78388
78388
78389
78392
78392
78394
78395
78395
78396
78396
78397
78397
78398
78399
78400
78400
78401
78403
78406
78407
78407
78409
78410
78410
78411
78413
78413
78414
78414
78414
78414
78414
78415
78416
78417
78418
78419
78419
78420
78422
78422
78423
78426
78428
78428
78429
78430
78431
78431
78431
78431
78432
78434
78434
78436
78438
78438
78439
78440
78442
78443
78443
78445
78447
78448
78449
78449
78449
78450
78450
78450
78451
78451
78452
78452
78454
78454
78454
78455
78455
78456
78456
78457
78458
78459
78459
78459
78459
78460
78461
78461
78461
78462
78467
78467
78471
78473
78473
78474
78475
78475
78477
78478
78478
78481
78482
78482
78483
78486
78486
78487
78488
78489
78490
78491
78491
78491
78493
78494
78494
78496
78498
78500
78501
78501
78501
78502
78502
78502
78504
78504
78504
78504
78507
78509
78510
78510
78510
78513
78514
78514
78517
78517
78518
78519
78520
78520
78521
78527
78529
78529
78529
78530
78532
78532
78533
78533
78533
78534
78536
78537
78543
78544
78550
78550
78552
78552
78553
78556
78556
78558
78558
78558
78562
78564
78565
78567
78567
78567
78567
78570
78571
78572
78574
78576
78576
78577
78577
78577
78578
78578
78578
78580
78581
78581
78581
78582
78584
78584
78585
78586
78590
78591
78593
78594
78594
78595
78595
78596
78597
78598
78598
78603
78603
78603
78606
78608
78608
78608
78608
78609
78609
78610
78611
78611
78611
78612
78612
78614
78615
78616
78619
78619
78620
78622
78627
78628
78628
78629
78633
78634
78634
78635
78636
78636
78636
78637
78638
78639
78639
78640
78641
78641
78641
78642
78645
78645
78645
78645
78645
78648
78648
78649
78651
78651
78651
78652
78653
78654
78654
78655
78655
78657
78660
78662
78664
78664
78666
78668
78668
78669
78669
78670
78671
78671
78671
78672
78673
78673
78673
78674
78674
78675
78675
78675
78676
78676
78677
78677
78678
78679
78681
78682
78682
78683
78685
78685
78686
78686
78687
78688
78689
78689
78691
78693
78696
78698
78699
78699
78700
78701
78702
78703
78705
78705
78706
78707
78708
78709
78711
78713
78714
78715
78716
78716
78718
78719
78720
78720
78723
78724
78725
78726
78726
78726
78730
78730
78731
78732
78733
78733
78734
78734
78734
78735
78735
78737
78742
78745
78745
78746
78750
78750
78751
78751
78752
78753
78754
78754
78756
78756
78759
78759
78761
78763
78763
78764
78765
78766
78766
78767
78768
78769
78770
78772
78772
78774
78775
78775
78776
78776
78778
78779
78779
78779
78780
78781
78781
78783
78783
78784
78786
78787
78788
78788
78788
78789
78789
78790
78790
78792
78795
78797
78800
78800
78801
78802
78803
78804
78804
78804
78805
78805
78805
78807
78807
78809
78811
78813
78814
78815
78815
78816
78816
78816
78819
78819
78820
78821
78823
78824
78825
78828
78828
78832
78832
78833
78833
78833
78835
78835
78835
78836
78838
78840
78840
78842
78843
78843
78844
78846
78846
78846
78847
78847
78848
78849
78850
78850
78851
78851
78853
78855
78858
78859
78862
78864
78865
78865
78866
78867
78868
78868
78869
78870
78871
78875
78875
78875
78875
78877
78878
78878
78878
78879
78883
78883
78884
78885
78887
78888
78888
78889
78891
78892
78896
78898
78898
78900
78900
78901
78902
78902
78904
78908
78910
78911
78911
78912
78914
78915
78915
78915
78918
78920
78921
78923
78924
78925
78927
78928
78928
78930
78930
78931
78931
78931
78934
78936
78937
78937
78938
78938
78940
78940
78941
78941
78941
78942
78942
78945
78947
78947
78948
78949
78950
78950
78954
78954
78956
78956
78957
78958
78961
78961
78962
78963
78964
78966
78967
78967
78969
78970
78970
78970
78972
78973
78974
78974
78975
78975
78976
78977
78979
78980
78981
78981
78982
78983
78985
78986
78990
78992
78992
78992
78993
78993
78994
78995
78999
78999
79003
79005
79006
79006
79006
79006
79007
79009
79012
79012
79013
79013
79013
79016
79018
79022
79022
79022
79022
79023
79025
79029
79030
79032
79033
79036
79036
79036
79037
79037
79039
79040
79040
79040
79041
79041
79042
79043
79044
79044
79044
79045
79046
79049
79050
79050
79051
79051
79052
79053
79054
79057
79058
79059
79061
79063
79064
79066
79066
79066
79067
79067
79068
79069
79070
79070
79075
79076
79078
79078
79081
79085
79085
79086
79086
79087
79089
79089
79090
79090
79090
79091
79091
79092
79096
79098
79098
79099
79101
79102
79102
79103
79104
79104
79105
79105
79105
79106
79106
79106
79110
79110
79111
79112
79112
79112
79117
79117
79117
79119
79120
79120
79120
79128
79130
79131
79131
79132
79133
79133
79133
79134
79135
79136
79137
79138
79139
79140
79141
79141
79142
79142
79142
79143
79146
79146
79147
79147
79147
79148
79151
79153
79155
79157
79158
79159
79159
79160
79160
79161
79162
79162
79163
79163
79165
79166
79169
79169
79173
79173
79174
79174
79179
79181
79182
79183
79183
79186
79187
79188
79190
79191
79191
79196
79200
79201
79202
79203
79205
79205
79206
79206
79207
79208
79210
79210
79212
79212
79214
79214
79218
79218
79219
79219
79219
79220
79224
79226
79226
79230
79232
79233
79238
79239
79239
79240
79240
79240
79241
79241
79241
79243
79243
79245
79245
79249
79249
79249
79250
79250
79250
79252
79252
79253
79255
79255
79257
79258
79258
79259
79260
79260
79261
79262
79262
79263
79264
79265
79265
79266
79266
79267
79268
79269
79269
79270
79271
79271
79273
79274
79274
79274
79275
79278
79279
79279
79285
79286
79288
79288
79289
79290
79292
79294
79295
79295
79296
79296
79296
79297
79298
79298
79299
79299
79300
79301
79302
79302
79304
79304
79304
79305
79307
79308
79309
79310
79310
79311
79312
79312
79313
79313
79314
79314
79317
79318
79319
79320
79321
79322
79322
79322
79324
79325
79327
79328
79329
79331
79331
79333
79335
79337
79337
79340
79343
79344
79346
79347
79348
79348
79350
79350
79351
79352
79352
79355
79359
79359
79359
79361
79362
79363
79364
79366
79366
79366
79368
79371
79371
79371
79371
79377
79377
79380
79382
79382
79383
79385
79385
79386
79389
79389
79389
79391
79391
79392
79393
79393
79395
79396
79396
79396
79397
79398
79399
79399
79399
79400
79401
79402
79403
79404
79404
79404
79406
79406
79409
79409
79410
79411
79412
79413
79413
79414
79415
79417
79417
79417
79420
79421
79421
79422
79423
79424
79426
79426
79427
79427
79429
79431
79434
79438
79438
79439
79440
79444
79446
79446
79446
79446
79447
79447
79448
79450
79451
79451
79451
79451
79451
79451
79452
79452
79453
79454
79455
79455
79456
79456
79456
79456
79457
79459
79460
79460
79461
79462
79462
79462
79462
79464
79464
79467
79468
79469
79471
79472
79473
79475
79475
79476
79476
79476
79480
79480
79481
79481
79481
79482
79482
79486
79491
79492
79493
79496
79497
79498
79498
79500
79501
79501
79501
79504
79504
79505
79505
79506
79506
79507
79508
79508
79511
79511
79512
79514
79515
79515
79516
79517
79520
79520
79521
79521
79522
79522
79523
79523
79525
79525
79527
79530
79531
79531
79538
79538
79539
79539
79539
79540
79541
79542
79543
79543
79544
79544
79546
79547
79547
79548
79549
79551
79552
79557
79557
79558
79558
79559
79561
79565
79566
79566
79566
79567
79567
79568
79569
79570
79572
79572
79572
79574
79575
79576
79576
79577
79579
79580
79581
79581
79582
79582
79582
79584
79585
79587
79587
79588
79589
79591
79592
79592
79593
79594
79594
79595
79598
79598
79599
79600
79601
79602
79604
79605
79607
79608
79608
79608
79609
79611
79611
79612
79612
79613
79614
79615
79616
79618
79618
79618
79618
79620
79620
79621
79621
79621
79622
79622
79623
79628
79628
79630
79631
79631
79631
79632
79632
79632
79633
79633
79634
79634
79634
79635
79637
79639
79640
79643
79645
79648
79651
79655
79655
79656
79656
79656
79657
79657
79658
79659
79661
79662
79663
79663
79663
79664
79664
79665
79667
79669
79675
79675
79676
79676
79678
79678
79678
79678
79680
79681
79682
79683
79683
79686
79686
79686
79686
79688
79690
79691
79692
79693
79693
79698
79698
79699
79700
79702
79703
79704
79705
79706
79711
79713
79713
79713
79716
79716
79717
79718
79718
79720
79720
79723
79724
79725
79725
79726
79728
79729
79730
79730
79731
79733
79736
79736
79739
79739
79741
79742
79743
79743
79745
79746
79746
79748
79753
79753
79754
79754
79755
79756
79756
79757
79760
79760
79760
79762
79763
79764
79765
79765
79766
79767
79769
79769
79770
79770
79771
79772
79773
79774
79774
79774
79774
79776
79777
79778
79778
79778
79778
79779
79779
79779
79781
79782
79783
79784
79784
79784
79786
79787
79787
79788
79790
79791
79791
79794
79795
79795
79797
79802
79803
79803
79805
79805
79806
79810
79810
79811
79812
79817
79818
79818
79818
79818
79819
79822
79825
79825
79826
79826
79828
79829
79829
79830
79830
79831
79833
79835
79836
79836
79836
79836
79837
79838
79839
79839
79839
79840
79840
79842
79843
79845
79845
79846
79847
79847
79849
79849
79849
79851
79851
79854
79855
79855
79856
79856
79858
79858
79859
79861
79862
79863
79863
79864
79866
79866
79867
79867
79869
79874
79878
79879
79880
79883
79883
79886
79886
79887
79888
79888
79890
79893
79894
79895
79895
79895
79896
79896
79897
79899
79900
79901
79901
79902
79904
79907
79908
79908
79909
79909
79909
79911
79911
79912
79913
79913
79914
79914
79916
79916
79916
79916
79917
79918
79919
79919
79920
79920
79920
79922
79923
79924
79924
79925
79925
79927
79927
79928
79929
79929
79929
79929
79929
79930
79933
79934
79936
79938
79940
79942
79942
79944
79945
79946
79946
79947
79947
79948
79949
79949
79950
79950
79951
79953
79953
79955
79955
79956
79956
79957
79957
79961
79961
79962
79963
79963
79965
79968
79968
79969
79970
79971
79973
79974
79974
79975
79975
79977
79977
79977
79978
79980
79980
79982
79983
79985
79987
79988
79988
79989
79991
79992
79993
79994
79995
79997
79998
79999
80001
80005
80006
80007
80007
80007
80009
80009
80009
80010
80012
80014
80014
80014
80014
80014
80015
80017
80019
80021
80022
80023
80023
80023
80023
80024
80026
80027
80028
80028
80030
80030
80031
80031
80031
80032
80033
80034
80035
80035
80036
80037
80038
80039
80039
80040
80041
80041
80041
80042
80042
80043
80045
80045
80046
80050
80052
80052
80055
80055
80056
80056
80056
80057
80057
80057
80059
80059
80060
80061
80062
80062
80062
80063
80068
80068
80072
80073
80073
80073
80075
80076
80077
80079
80080
80081
80081
80082
80082
80083
80083
80085
80085
80086
80086
80086
80087
80087
80087
80088
80088
80091
80093
80094
80095
80097
80098
80099
80100
80106
80106
80106
80107
80111
80111
80112
80112
80113
80115
80115
80117
80120
80120
80123
80124
80124
80125
80125
80126
80127
80127
80128
80130
80131
80132
80132
80134
80134
80134
80136
80136
80138
80138
80139
80140
80140
80140
80140
80141
80142
80142
80143
80144
80145
80145
80145
80146
80148
80149
80149
80151
80151
80152
80155
80156
80156
80157
80157
80157
80158
80158
80159
80160
80161
80161
80161
80162
80162
80162
80166
80168
80173
80173
80173
80174
80174
80174
80175
80175
80175
80179
80180
80182
80185
80185
80186
80189
80190
80190
80191
80192
80193
80194
80194
80195
80195
80196
80196
80196
80197
80198
80198
80198
80199
80200
80200
80201
80202
80202
80204
80205
80205
80205
80205
80205
80212
80212
80213
80214
80214
80217
80217
80218
80226
80229
80230
80230
80231
80231
80231
80231
80232
80233
80234
80236
80236
80237
80238
80239
80239
80241
80241
80241
80242
80243
80243
80245
80246
80247
80248
80250
80250
80251
80252
80253
80253
80253
80255
80256
80257
80260
80261
80261
80262
80263
80264
80264
80265
80265
80266
80267
80267
80267
80268
80270
80271
80272
80273
80273
80274
80275
80275
80276
80277
80277
80277
80278
80279
80280
80281
80281
80281
80281
80281
80282
80282
80283
80283
80284
80285
80285
80286
80286
80286
80287
80287
80288
80289
80291
80294
80294
80294
80295
80295
80296
80297
80297
80298
80299
80299
80301
80301
80303
80304
80307
80309
80309
80311
80312
80314
80314
80315
80316
80316
80316
80318
80319
80323
80323
80323
80324
80327
80327
80327
80328
80330
80330
80331
80332
80333
80333
80333
80334
80334
80339
80340
80340
80342
80343
80344
80344
80345
80345
80346
80346
80348
80349
80351
80352
80352
80353
80353
80354
80356
80357
80359
80359
80360
80363
80365
80365
80366
80367
80368
80368
80369
80369
80372
80374
80375
80377
80377
80378
80381
80384
80385
80386
80387
80388
80392
80394
80395
80396
80398
80398
80398
80399
80400
80400
80402
80403
80404
80406
80406
80410
80411
80411
80413
80413
80413
80414
80414
80415
80416
80416
80417
80417
80418
80419
80422
80422
80423
80424
80425
80426
80427
80428
80428
80428
80430
80432
80434
80434
80436
80437
80437
80437
80438
80438
80441
80441
80442
80442
80447
80448
80448
80449
80450
80452
80452
80453
80454
80455
80457
80458
80458
80460
80461
80461
80462
80463
80464
80465
80465
80466
80467
80468
80469
80471
80471
80473
80475
80477
80477
80478
80480
80482
80483
80483
80484
80484
80486
80487
80488
80488
80489
80489
80490
80491
80491
80492
80494
80495
80496
80498
80499
80500
80501
80501
80502
80502
80502
80503
80503
80503
80504
80504
80505
80507
80508
80509
80513
80514
80515
80515
80516
80517
80521
80521
80521
80523
80523
80524
80524
80524
80525
80525
80526
80526
80527
80530
80531
80531
80533
80535
80536
80538
80538
80540
80540
80541
80542
80543
80544
80545
80546
80547
80549
80549
80549
80550
80551
80551
80552
80552
80553
80554
80555
80555
80556
80557
80559
80559
80560
80560
80562
80563
80563
80563
80564
80565
80566
80566
80569
80571
80572
80573
80574
80574
80574
80578
80580
80582
80582
80585
80585
80585
80585
80586
80586
80587
80588
80588
80588
80589
80590
80590
80590
80591
80596
80597
80598
80601
80602
80602
80602
80603
80604
80606
80608
80609
80610
80611
80611
80612
80612
80615
80616
80616
80617
80617
80618
80619
80620
80621
80621
80621
80623
80623
80624
80624
80624
80625
80625
80625
80626
80626
80628
80628
80631
80633
80633
80633
80635
80635
80636
80637
80637
80641
80641
80646
80648
80649
80649
80650
80651
80651
80652
80654
80655
80657
80657
80658
80662
80662
80662
80664
80665
80665
80666
80668
80670
80670
80672
80672
80672
80672
80673
80673
80675
80676
80676
80677
80681
80682
80683
80684
80685
80686
80687
80689
80689
80690
80693
80693
80693
80693
80694
80695
80698
80699
80700
80703
80703
80706
80706
80707
80708
80709
80709
80711
80719
80721
80721
80721
80722
80722
80725
80725
80725
80726
80728
80730
80730
80732
80732
80732
80733
80734
80734
80734
80735
80736
80739
80740
80741
80742
80742
80744
80744
80744
80745
80746
80746
80747
80748
80748
80749
80749
80750
80752
80753
80753
80753
80755
80756
80759
80760
80761
80762
80762
80763
80763
80763
80764
80764
80765
80765
80767
80768
80769
80770
80770
80770
80770
80770
80771
80772
80776
80777
80777
80777
80778
80780
80781
80781
80782
80783
80785
80791
80792
80794
80798
80798
80799
80801
80802
80804
80804
80805
80806
80806
80808
80809
80815
80815
80816
80817
80817
80817
80818
80819
80819
80820
80820
80820
80820
80823
80825
80825
80828
80829
80829
80829
80830
80834
80834
80834
80834
80835
80835
80836
80836
80837
80838
80839
80840
80840
80840
80841
80842
80842
80843
80844
80847
80847
80847
80847
80848
80848
80851
80851
80852
80854
80855
80855
80858
80858
80859
80860
80861
80862
80863
80864
80866
80866
80866
80867
80869
80870
80872
80872
80874
80874
80874
80875
80875
80875
80876
80876
80877
80877
80877
80878
80878
80880
80883
80884
80885
80885
80887
80888
80889
80889
80890
80893
80893
80893
80896
80901
80902
80903
80903
80904
80905
80908
80909
80910
80910
80913
80916
80916
80917
80917
80918
80921
80923
80924
80925
80925
80925
80926
80927
80927
80929
80930
80931
80932
80932
80933
80934
80935
80939
80940
80940
80941
80941
80943
80945
80946
80947
80950
80952
80952
80952
80952
80953
80953
80953
80954
80954
80956
80958
80958
80959
80961
80962
80962
80963
80964
80965
80966
80969
80970
80970
80972
80972
80973
80973
80973
80974
80976
80977
80977
80979
80979
80982
80982
80983
80983
80985
80985
80986
80986
80987
80988
80989
80990
80990
80990
80991
80991
80991
80992
80992
80994
80996
80998
80998
80999
81000
81000
81003
81005
81006
81006
81007
81007
81008
81008
81008
81009
81009
81010
81012
81013
81014
81016
81017
81019
81020
81023
81024
81024
81025
81026
81026
81026
81026
81026
81027
81027
81028
81028
81030
81031
81032
81033
81033
81037
81038
81038
81039
81040
81040
81041
81041
81046
81047
81047
81048
81049
81051
81052
81052
81052
81053
81053
81053
81053
81054
81054
81056
81057
81058
81058
81059
81059
81060
81060
81060
81061
81063
81063
81066
81068
81068
81069
81071
81073
81078
81080
81082
81085
81086
81088
81090
81092
81095
81095
81095
81098
81098
81098
81098
81098
81100
81100
81101
81103
81103
81103
81105
81106
81108
81109
81111
81112
81112
81114
81114
81115
81117
81117
81120
81120
81121
81122
81124
81125
81127
81129
81130
81131
81131
81133
81134
81137
81138
81138
81138
81138
81139
81141
81142
81144
81146
81147
81147
81147
81149
81149
81151
81154
81155
81155
81155
81155
81155
81156
81158
81160
81160
81162
81162
81166
81167
81168
81171
81172
81172
81173
81174
81174
81175
81175
81178
81179
81180
81180
81180
81182
81183
81183
81186
81186
81186
81188
81189
81189
81190
81190
81191
81192
81193
81193
81194
81195
81195
81197
81198
81200
81200
81202
81202
81207
81210
81210
81211
81212
81213
81213
81213
81213
81213
81214
81215
81216
81216
81217
81219
81223
81225
81226
81228
81231
81234
81234
81234
81236
81237
81239
81239
81241
81241
81243
81244
81245
81246
81247
81248
81248
81249
81249
81250
81251
81251
81252
81256
81256
81256
81257
81257
81258
81259
81261
81261
81263
81263
81264
81265
81266
81268
81269
81271
81273
81273
81273
81274
81274
81274
81275
81276
81278
81278
81279
81280
81280
81281
81282
81283
81284
81284
81287
81288
81289
81289
81292
81292
81293
81296
81296
81297
81297
81298
81298
81299
81299
81303
81303
81303
81303
81304
81305
81308
81308
81311
81312
81313
81314
81314
81316
81316
81316
81317
81318
81319
81320
81322
81323
81323
81324
81327
81327
81329
81330
81332
81333
81337
81341
81342
81343
81344
81344
81344
81344
81345
81346
81346
81347
81347
81348
81348
81349
81351
81353
81354
81355
81355
81357
81359
81359
81360
81360
81360
81360
81361
81363
81363
81364
81365
81365
81366
81368
81369
81370
81370
81370
81371
81375
81380
81380
81381
81382
81383
81383
81384
81385
81386
81386
81386
81387
81388
81388
81389
81390
81391
81392
81392
81395
81395
81396
81397
81399
81401
81403
81403
81404
81406
81407
81408
81410
81412
81413
81414
81414
81416
81416
81416
81417
81417
81420
81421
81421
81422
81423
81423
81425
81426
81426
81427
81427
81428
81429
81430
81431
81432
81434
81435
81435
81435
81436
81437
81437
81437
81438
81439
81439
81447
81449
81449
81451
81451
81451
81453
81455
81455
81459
81459
81460
81460
81460
81460
81460
81461
81462
81462
81462
81462
81464
81464
81465
81465
81466
81468
81468
81468
81468
81470
81470
81471
81474
81475
81475
81477
81479
81479
81479
81480
81480
81480
81481
81484
81485
81486
81486
81489
81489
81491
81492
81492
81492
81493
81494
81496
81496
81497
81499
81500
81500
81500
81501
81501
81503
81507
81507
81509
81510
81513
81514
81514
81514
81514
81516
81519
81522
81522
81523
81526
81528
81528
81528
81529
81530
81530
81532
81533
81533
81535
81535
81536
81536
81536
81538
81539
81539
81539
81540
81540
81541
81544
81544
81549
81550
81551
81552
81554
81554
81555
81556
81556
81556
81556
81558
81558
81560
81561
81565
81571
81571
81572
81572
81572
81572
81573
81573
81575
81577
81578
81579
81583
81585
81586
81587
81587
81589
81589
81593
81593
81593
81593
81593
81594
81594
81597
81597
81600
81601
81601
81601
81604
81604
81604
81605
81607
81608
81608
81610
81611
81613
81615
81616
81617
81620
81621
81621
81621
81622
81622
81622
81623
81625
81632
81632
81632
81634
81634
81634
81634
81635
81636
81636
81637
81638
81640
81641
81641
81643
81643
81644
81646
81647
81648
81649
81649
81649
81649
81650
81650
81651
81652
81652
81654
81657
81657
81659
81662
81663
81665
81665
81667
81669
81669
81669
81672
81672
81673
81674
81674
81674
81675
81675
81676
81678
81678
81684
81684
81687
81687
81690
81690
81692
81692
81692
81692
81693
81694
81694
81694
81697
81703
81704
81705
81706
81707
81708
81709
81711
81712
81712
81713
81716
81718
81718
81719
81723
81726
81726
81728
81728
81729
81730
81730
81732
81733
81734
81734
81735
81736
81737
81740
81740
81742
81743
81743
81745
81746
81747
81748
81748
81750
81752
81755
81755
81757
81759
81760
81760
81760
81762
81763
81766
81766
81767
81767
81768
81770
81770
81770
81770
81773
81776
81778
81778
81779
81779
81779
81783
81783
81784
81785
81787
81787
81787
81787
81788
81788
81790
81790
81791
81792
81792
81793
81794
81795
81795
81795
81796
81797
81797
81799
81799
81801
81803
81804
81804
81805
81807
81808
81808
81808
81809
81809
81809
81809
81810
81813
81814
81814
81814
81814
81814
81814
81816
81816
81816
81819
81819
81820
81821
81822
81822
81823
81825
81826
81827
81828
81828
81829
81830
81831
81831
81833
81835
81836
81837
81840
81841
81843
81843
81844
81844
81845
81846
81846
81847
81848
81849
81850
81850
81851
81851
81852
81852
81852
81854
81854
81855
81858
81858
81859
81859
81859
81859
81859
81860
81861
81861
81862
81863
81864
81864
81867
81867
81867
81868
81868
81869
81869
81869
81871
81872
81873
81873
81875
81875
81875
81875
81877
81879
81879
81884
81884
81884
81884
81886
81887
81888
81889
81890
81890
81892
81893
81894
81894
81894
81896
81897
81897
81901
81902
81902
81902
81903
81903
81903
81908
81909
81912
81912
81913
81913
81913
81913
81913
81914
81916
81916
81917
81917
81918
81919
81920
81920
81920
81923
81925
81931
81931
81931
81932
81932
81932
81932
81932
81933
81934
81935
81936
81937
81937
81937
81937
81938
81941
81941
81943
81943
81943
81946
81946
81947
81948
81949
81952
81952
81952
81956
81957
81958
81961
81961
81961
81961
81964
81965
81967
81967
81967
81970
81971
81972
81973
81973
81977
81977
81979
81980
81980
81982
81985
81987
81987
81987
81989
81991
81992
81993
81995
81996
81997
81998
81999
82000
82000
82001
82002
82003
82003
82005
82007
82010
82010
82011
82012
82012
82013
82014
82015
82015
82015
82016
82017
82017
82020
82023
82023
82024
82024
82026
82026
82028
82032
82033
82034
82034
82034
82038
82039
82040
82040
82042
82044
82044
82047
82048
82049
82050
82050
82051
82053
82053
82053
82054
82055
82056
82057
82058
82058
82061
82062
82062
82062
82064
82065
82065
82065
82067
82068
82073
82073
82074
82074
82075
82076
82076
82078
82082
82084
82085
82085
82086
82087
82088
82089
82090
82090
82092
82093
82094
82094
82096
82097
82098
82098
82098
82099
82099
82100
82103
82104
82104
82105
82105
82107
82110
82110
82111
82111
82111
82111
82112
82114
82115
82118
82119
82119
82121
82122
82123
82123
82127
82127
82130
82130
82130
82132
82132
82133
82139
82141
82141
82142
82145
82148
82148
82148
82150
82153
82153
82154
82155
82158
82158
82158
82163
82163
82165
82165
82166
82166
82166
82166
82168
82168
82168
82170
82172
82172
82172
82172
82173
82173
82175
82175
82176
82177
82178
82178
82179
82180
82181
82181
82182
82183
82184
82184
82186
82186
82187
82187
82188
82188
82189
82189
82190
82192
82192
82192
82194
82195
82196
82199
82199
82201
82201
82202
82205
82205
82206
82207
82208
82209
82213
82216
82217
82218
82218
82218
82219
82219
82220
82222
82222
82222
82222
82228
82228
82230
82231
82231
82231
82236
82236
82237
82237
82238
82238
82239
82239
82240
82242
82243
82245
82246
82247
82248
82249
82249
82249
82249
82249
82250
82252
82255
82256
82256
82257
82257
82258
82258
82260
82261
82261
82262
82263
82266
82267
82269
82269
82270
82271
82272
82273
82274
82274
82276
82279
82279
82280
82284
82286
82286
82288
82288
82289
82292
82292
82293
82296
82296
82298
82300
82300
82300
82301
82301
82301
82302
82302
82302
82303
82303
82304
82305
82306
82306
82306
82307
82308
82308
82309
82311
82311
82311
82313
82314
82314
82314
82315
82316
82318
82319
82320
82321
82322
82324
82324
82325
82327
82330
82332
82335
82336
82337
82337
82337
82338
82339
82339
82339
82340
82341
82342
82343
82345
82345
82345
82346
82346
82347
82347
82347
82348
82348
82348
82348
82349
82349
82350
82352
82352
82353
82356
82356
82359
82359
82365
82366
82366
82366
82366
82367
82368
82368
82369
82371
82373
82373
82373
82376
82376
82377
82377
82377
82379
82380
82381
82383
82384
82384
82385
82389
82392
82392
82392
82393
82393
82395
82397
82398
82398
82400
82404
82407
82408
82408
82409
82410
82410
82412
82413
82414
82414
82415
82415
82415
82416
82422
82423
82423
82424
82424
82424
82425
82425
82425
82427
82427
82427
82430
82434
82436
82436
82436
82437
82441
82442
82443
82444
82446
82447
82447
82450
82451
82452
82457
82457
82458
82458
82459
82459
82460
82460
82465
82467
82467
82468
82469
82469
82472
82474
82474
82475
82475
82477
82478
82478
82480
82481
82481
82481
82483
82484
82485
82488
82491
82493
82493
82493
82493
82495
82500
82500
82500
82501
82502
82503
82505
82507
82507
82507
82510
82511
82513
82515
82515
82516
82516
82516
82518
82519
82519
82520
82522
82522
82523
82524
82525
82525
82528
82528
82530
82531
82532
82536
82536
82537
82538
82538
82538
82543
82543
82544
82545
82545
82546
82548
82549
82550
82551
82552
82552
82553
82553
82553
82554
82558
82559
82559
82559
82560
82561
82562
82563
82563
82564
82565
82565
82566
82566
82566
82568
82568
82570
82572
82574
82574
82577
82577
82579
82579
82580
82580
82581
82583
82584
82586
82586
82588
82588
82589
82591
82591
82591
82591
82592
82594
82596
82599
82599
82600
82602
82604
82604
82604
82605
82606
82607
82607
82607
82608
82608
82609
82609
82610
82612
82612
82614
82614
82617
82619
82620
82620
82620
82624
82627
82627
82628
82629
82631
82631
82632
82633
82634
82634
82635
82639
82640
82640
82641
82642
82642
82643
82644
82645
82645
82646
82648
82649
82649
82652
82652
82655
82655
82656
82657
82658
82659
82659
82660
82661
82662
82663
82665
82665
82666
82668
82670
82671
82673
82673
82673
82675
82675
82676
82679
82679
82680
82683
82683
82685
82685
82686
82686
82687
82687
82690
82690
82690
82691
82691
82692
82692
82693
82693
82694
82695
82695
82697
82697
82697
82698
82698
82699
82703
82704
82705
82706
82711
82713
82713
82714
82716
82716
82716
82718
82718
82719
82720
82722
82723
82723
82724
82725
82725
82726
82726
82726
82727
82728
82728
82729
82730
82730
82731
82734
82734
82734
82736
82737
82739
82740
82741
82743
82744
82744
82745
82745
82746
82748
82748
82749
82750
82751
82751
82751
82752
82752
82752
82754
82754
82754
82755
82758
82759
82759
82760
82760
82761
82761
82761
82763
82766
82767
82768
82769
82770
82771
82772
82772
82772
82772
82774
82775
82776
82776
82778
82779
82780
82782
82783
82784
82784
82784
82785
82785
82787
82788
82790
82791
82791
82791
82792
82793
82793
82794
82795
82795
82796
82796
82797
82798
82799
82799
82801
82801
82801
82801
82802
82802
82804
82805
82807
82807
82812
82815
82816
82818
82819
82822
82822
82824
82824
82825
82826
82826
82827
82828
82829
82829
82829
82829
82830
82830
82832
82832
82833
82833
82833
82833
82835
82835
82836
82838
82838
82839
82840
82841
82846
82846
82846
82847
82848
82848
82849
82850
82851
82852
82852
82855
82855
82856
82857
82858
82859
82860
82860
82862
82862
82863
82864
82867
82868
82868
82869
82869
82869
82870
82871
82872
82872
82874
82874
82874
82874
82877
82878
82878
82879
82880
82882
82885
82886
82887
82888
82889
82889
82890
82891
82892
82895
82895
82895
82897
82898
82898
82898
82899
82903
82905
82907
82907
82908
82908
82908
82908
82909
82909
82910
82912
82913
82916
82916
82917
82918
82920
82920
82921
82921
82921
82921
82922
82924
82924
82925
82926
82928
82929
82930
82930
82931
82931
82931
82931
82933
82933
82934
82937
82938
82940
82941
82942
82943
82945
82946
82946
82946
82947
82948
82949
82949
82950
82952
82952
82952
82953
82958
82962
82962
82962
82963
82963
82967
82967
82967
82968
82971
82972
82975
82975
82976
82979
82979
82980
82980
82981
82981
82982
82983
82983
82983
82984
82985
82985
82986
82986
82988
82988
82989
82990
82990
82991
82992
82993
82994
82994
82994
82994
82995
82996
82997
82999
83001
83002
83002
83002
83003
83003
83004
83004
83004
83006
83007
83007
83007
83010
83014
83014
83016
83016
83016
83016
83017
83018
83020
83020
83021
83022
83022
83022
83023
83025
83025
83026
83026
83027
83028
83028
83028
83030
83031
83033
83034
83034
83034
83035
83037
83039
83039
83039
83041
83042
83043
83043
83044
83045
83046
83047
83049
83050
83052
83052
83052
83052
83052
83054
83054
83054
83057
83058
83058
83061
83062
83062
83062
83062
83064
83064
83065
83066
83067
83068
83068
83072
83072
83072
83074
83075
83076
83081
83082
83082
83084
83085
83086
83087
83090
83091
83091
83093
83095
83097
83098
83099
83099
83100
83100
83101
83101
83103
83105
83106
83106
83108
83108
83109
83109
83110
83112
83112
83112
83113
83114
83116
83119
83126
83127
83127
83127
83128
83128
83129
83129
83129
83131
83132
83134
83135
83135
83135
83136
83136
83138
83141
83141
83142
83142
83142
83144
83145
83145
83147
83149
83149
83150
83150
83150
83152
83158
83159
83160
83160
83164
83166
83168
83169
83169
83171
83173
83173
83174
83175
83176
83177
83177
83177
83178
83179
83180
83181
83182
83183
83184
83184
83188
83189
83190
83190
83194
83196
83196
83197
83197
83199
83199
83204
83204
83204
83205
83205
83208
83208
83213
83216
83217
83218
83219
83219
83220
83221
83221
83224
83225
83226
83227
83230
83235
83235
83235
83239
83239
83240
83241
83241
83241
83242
83242
83242
83242
83243
83243
83243
83245
83245
83245
83247
83247
83247
83248
83248
83248
83249
83250
83250
83251
83253
83254
83255
83255
83255
83261
83264
83264
83265
83266
83269
83269
83271
83271
83272
83273
83274
83274
83277
83277
83277
83278
83279
83279
83280
83280
83281
83282
83283
83284
83287
83287
83288
83289
83290
83290
83290
83290
83291
83293
83295
83296
83297
83298
83298
83300
83301
83302
83303
83303
83305
83306
83308
83309
83310
83312
83312
83313
83315
83315
83315
83316
83316
83317
83318
83318
83318
83320
83321
83322
83322
83322
83324
83324
83324
83325
83327
83327
83329
83331
83333
83334
83334
83334
83335
83337
83338
83338
83339
83339
83339
83340
83340
83340
83341
83341
83342
83342
83343
83345
83346
83350
83350
83351
83353
83355
83359
83359
83359
83360
83360
83360
83361
83361
83363
83364
83368
83369
83370
83371
83371
83372
83372
83374
83374
83377
83378
83379
83380
83380
83382
83382
83383
83384
83385
83386
83386
83387
83387
83387
83388
83389
83390
83391
83391
83391
83393
83394
83394
83394
83395
83395
83396
83396
83396
83397
83397
83398
83398
83399
83399
83399
83400
83400
83401
83401
83402
83403
83406
83410
83410
83413
83416
83418
83419
83421
83424
83425
83426
83427
83430
83433
83433
83435
83435
83435
83436
83437
83438
83439
83439
83441
83441
83443
83447
83447
83449
83449
83450
83451
83451
83452
83453
83455
83455
83457
83457
83458
83459
83460
83460
83460
83462
83463
83463
83463
83464
83465
83466
83466
83466
83466
83467
83467
83468
83468
83468
83468
83471
83472
83474
83474
83475
83476
83477
83478
83479
83481
83484
83484
83484
83485
83486
83487
83488
83491
83491
83491
83492
83492
83493
83493
83493
83494
83495
83495
83495
83496
83497
83497
83498
83506
83510
83512
83512
83513
83513
83513
83513
83514
83514
83515
83515
83515
83515
83516
83516
83517
83518
83518
83519
83520
83520
83521
83521
83523
83523
83523
83524
83525
83527
83527
83528
83528
83530
83535
83536
83537
83539
83539
83539
83539
83540
83540
83540
83541
83542
83543
83546
83547
83547
83547
83548
83548
83548
83549
83550
83550
83550
83551
83551
83552
83552
83553
83553
83553
83554
83557
83559
83559
83560
83560
83562
83562
83564
83565
83567
83567
83571
83575
83576
83576
83579
83581
83582
83582
83582
83585
83585
83586
83587
83590
83591
83591
83592
83593
83593
83594
83594
83594
83595
83595
83595
83597
83598
83600
83600
83601
83602
83602
83605
83607
83608
83608
83608
83608
83609
83609
83611
83611
83611
83614
83614
83615
83615
83615
83617
83618
83619
83621
83622
83622
83625
83625
83629
83631
83631
83633
83634
83635
83635
83635
83636
83637
83638
83639
83639
83639
83639
83639
83640
83640
83642
83645
83648
83649
83649
83651
83651
83652
83652
83652
83652
83656
83659
83659
83659
83662
83662
83662
83663
83665
83665
83666
83667
83668
83669
83670
83671
83671
83672
83672
83672
83674
83674
83678
83680
83680
83681
83682
83683
83684
83685
83686
83689
83689
83689
83690
83691
83694
83695
83696
83696
83696
83698
83699
83699
83703
83706
83709
83709
83709
83712
83712
83713
83714
83714
83714
83715
83716
83716
83717
83718
83719
83719
83719
83719
83725
83727
83727
83728
83729
83729
83729
83730
83730
83730
83733
83733
83733
83733
83733
83733
83734
83735
83736
83736
83738
83738
83739
83741
83742
83742
83743
83746
83748
83749
83750
83751
83751
83755
83757
83757
83758
83758
83760
83760
83761
83762
83762
83763
83763
83765
83765
83765
83766
83766
83767
83768
83768
83771
83772
83773
83776
83776
83778
83779
83780
83780
83781
83782
83783
83783
83784
83784
83789
83790
83790
83793
83793
83794
83797
83797
83798
83798
83800
83800
83800
83801
83804
83804
83807
83808
83810
83811
83812
83812
83812
83815
83816
83816
83817
83818
83818
83819
83820
83821
83823
83823
83827
83828
83829
83829
83829
83830
83830
83831
83831
83833
83833
83833
83834
83834
83834
83834
83835
83837
83839
83845
83845
83846
83846
83846
83846
83846
83846
83847
83847
83848
83848
83849
83850
83852
83853
83854
83854
83854
83856
83858
83860
83861
83861
83861
83862
83866
83866
83868
83870
83870
83870
83870
83871
83871
83873
83873
83873
83875
83875
83875
83877
83878
83878
83878
83879
83879
83881
83882
83886
83889
83889
83889
83895
83896
83896
83898
83898
83900
83900
83901
83901
83902
83903
83904
83910
83911
83914
83914
83915
83915
83917
83917
83918
83920
83921
83921
83921
83923
83923
83923
83925
83926
83926
83926
83927
83930
83930
83931
83931
83933
83933
83933
83934
83936
83936
83937
83937
83937
83937
83939
83940
83940
83940
83942
83943
83945
83945
83947
83949
83950
83950
83950
83950
83951
83952
83952
83954
83955
83955
83957
83958
83959
83960
83961
83963
83965
83965
83966
83966
83967
83968
83971
83974
83975
83977
83978
83978
83978
83978
83978
83978
83979
83979
83980
83980
83981
83981
83982
83984
83987
83988
83991
83991
83992
83992
83993
83994
83996
83996
83997
84002
84003
84003
84005
84005
84005
84007
84007
84009
84009
84010
84010
84010
84011
84011
84012
84012
84014
84014
84015
84015
84016
84017
84018
84018
84019
84020
84021
84022
84024
84025
84026
84027
84028
84029
84029
84030
84031
84031
84033
84034
84035
84036
84037
84037
84038
84040
84042
84042
84043
84043
84043
84045
84047
84047
84047
84050
84052
84053
84054
84054
84057
84059
84060
84061
84061
84062
84063
84063
84064
84065
84065
84065
84066
84066
84067
84067
84067
84074
84077
84077
84080
84081
84082
84083
84086
84087
84088
84088
84089
84090
84090
84090
84093
84095
84095
84096
84096
84097
84100
84100
84100
84101
84101
84102
84102
84102
84103
84104
84104
84104
84105
84106
84106
84106
84108
84110
84110
84111
84111
84115
84116
84117
84117
84119
84120
84121
84122
84123
84126
84129
84129
84132
84133
84134
84135
84135
84135
84136
84136
84137
84138
84138
84140
84140
84141
84143
84144
84144
84146
84146
84147
84148
84148
84148
84149
84149
84149
84151
84151
84153
84154
84155
84156
84157
84158
84163
84164
84164
84165
84165
84166
84166
84166
84168
84169
84169
84170
84171
84172
84172
84172
84173
84176
84176
84177
84178
84179
84181
84182
84182
84184
84185
84185
84185
84185
84186
84187
84187
84188
84189
84190
84191
84192
84193
84193
84193
84195
84197
84198
84198
84199
84200
84204
84205
84205
84205
84210
84214
84214
84214
84215
84215
84217
84218
84218
84220
84221
84221
84228
84228
84228
84228
84229
84230
84230
84230
84231
84232
84232
84234
84236
84236
84237
84238
84241
84242
84242
84243
84243
84244
84245
84246
84247
84248
84249
84249
84250
84250
84250
84252
84252
84253
84254
84255
84258
84259
84260
84260
84260
84261
84261
84262
84263
84264
84264
84266
84266
84268
84269
84273
84273
84274
84274
84274
84275
84275
84278
84279
84282
84283
84286
84288
84289
84290
84290
84291
84292
84297
84299
84299
84302
84303
84303
84304
84304
84307
84308
84308
84309
84309
84309
84309
84312
84313
84313
84314
84316
84317
84317
84317
84323
84323
84323
84326
84327
84327
84328
84329
84330
84331
84333
84333
84334
84334
84335
84336
84340
84340
84341
84343
84343
84343
84346
84349
84349
84350
84351
84352
84353
84353
84354
84355
84355
84356
84356
84356
84356
84357
84357
84358
84359
84360
84361
84362
84362
84364
84368
84368
84370
84373
84373
84373
84373
84375
84375
84376
84377
84378
84379
84381
84381
84383
84385
84386
84388
84389
84390
84390
84391
84392
84393
84394
84394
84398
84398
84401
84401
84404
84405
84406
84406
84407
84407
84407
84408
84408
84408
84410
84412
84412
84412
84413
84414
84416
84418
84420
84421
84422
84422
84426
84428
84431
84431
84432
84432
84433
84433
84435
84435
84435
84437
84439
84439
84439
84440
84440
84441
84442
84442
84443
84443
84443
84444
84445
84446
84446
84447
84449
84449
84449
84449
84450
84450
84451
84451
84452
84452
84454
84455
84456
84457
84457
84458
84458
84458
84459
84460
84460
84461
84463
84464
84464
84464
84466
84466
84467
84468
84471
84472
84474
84474
84476
84477
84478
84481
84481
84482
84482
84485
84486
84491
84492
84493
84494
84494
84498
84504
84505
84506
84506
84508
84509
84510
84512
84512
84513
84513
84516
84518
84519
84519
84519
84523
84524
84524
84524
84525
84525
84526
84526
84526
84529
84530
84531
84532
84532
84532
84534
84537
84537
84538
84539
84541
84543
84546
84546
84548
84548
84548
84549
84549
84550
84551
84553
84553
84554
84555
84555
84556
84559
84559
84560
84563
84565
84566
84567
84567
84568
84568
84568
84573
84574
84574
84578
84579
84579
84580
84583
84586
84587
84588
84589
84589
84591
84591
84592
84592
84595
84595
84596
84597
84599
84600
84600
84600
84601
84601
84602
84604
84604
84605
84606
84606
84607
84608
84608
84609
84610
84612
84613
84613
84614
84614
84614
84615
84615
84616
84617
84618
84620
84622
84622
84623
84625
84627
84627
84627
84627
84632
84636
84636
84637
84637
84637
84638
84640
84640
84643
84644
84644
84644
84648
84649
84651
84651
84652
84655
84655
84657
84657
84659
84662
84662
84663
84663
84663
84664
84664
84664
84665
84666
84667
84670
84671
84673
84673
84674
84675
84675
84677
84679
84680
84681
84682
84686
84687
84687
84687
84687
84691
84691
84691
84692
84693
84693
84695
84695
84696
84696
84697
84698
84699
84701
84701
84707
84708
84711
84712
84712
84714
84715
84716
84717
84717
84718
84719
84719
84720
84720
84724
84725
84728
84731
84732
84732
84736
84736
84736
84738
84738
84739
84741
84742
84742
84745
84747
84749
84750
84750
84750
84751
84751
84753
84754
84754
84754
84754
84755
84759
84759
84759
84761
84761
84762
84766
84767
84770
84771
84771
84771
84772
84772
84772
84772
84773
84777
84777
84777
84778
84779
84779
84779
84780
84782
84782
84782
84783
84783
84785
84785
84786
84786
84787
84787
84789
84792
84792
84793
84794
84796
84797
84799
84800
84801
84801
84802
84802
84802
84803
84803
84804
84804
84806
84806
84807
84808
84808
84809
84809
84810
84810
84811
84811
84812
84813
84813
84817
84818
84818
84819
84819
84820
84820
84822
84822
84823
84823
84823
84824
84825
84825
84826
84827
84827
84827
84828
84829
84831
84832
84832
84832
84833
84833
84835
84837
84837
84840
84841
84841
84842
84843
84843
84844
84844
84845
84845
84845
84845
84846
84848
84848
84848
84850
84850
84853
84854
84855
84856
84856
84856
84857
84857
84859
84861
84863
84863
84864
84865
84867
84870
84871
84873
84874
84874
84875
84875
84875
84877
84878
84880
84880
84881
84881
84881
84882
84882
84882
84882
84886
84888
84889
84892
84892
84893
84895
84896
84896
84897
84897
84898
84901
84903
84904
84904
84907
84907
84909
84911
84912
84914
84914
84916
84916
84918
84921
84924
84925
84928
84929
84931
84931
84932
84933
84933
84934
84934
84935
84937
84938
84940
84940
84940
84940
84940
84941
84942
84944
84945
84949
84949
84950
84950
84951
84951
84952
84953
84953
84954
84955
84955
84956
84957
84958
84958
84958
84959
84959
84960
84963
84966
84967
84969
84970
84971
84972
84972
84972
84972
84973
84975
84975
84975
84976
84977
84977
84977
84978
84979
84979
84980
84980
84980
84981
84981
84981
84983
84983
84983
84985
84985
84985
84990
84991
84992
84993
84994
84994
84994
84995
84995
84998
84999
85001
85002
85002
85002
85002
85005
85006
85007
85008
85009
85009
85011
85013
85013
85015
85016
85017
85020
85020
85020
85022
85023
85023
85024
85025
85025
85028
85028
85029
85032
85032
85032
85033
85034
85034
85035
85036
85037
85038
85038
85041
85041
85041
85045
85046
85047
85048
85048
85049
85051
85051
85053
85053
85055
85055
85058
85060
85060
85060
85066
85067
85067
85068
85069
85069
85069
85069
85072
85072
85073
85074
85074
85076
85076
85077
85078
85078
85082
85082
85083
85083
85084
85085
85085
85085
85085
85086
85086
85087
85088
85089
85089
85090
85091
85091
85092
85092
85093
85094
85095
85096
85096
85096
85097
85098
85099
85100
85100
85101
85104
85105
85105
85106
85108
85109
85110
85110
85110
85111
85112
85116
85118
85119
85120
85120
85122
85123
85124
85124
85125
85125
85129
85129
85129
85131
85132
85132
85132
85133
85136
85137
85139
85139
85144
85145
85146
85147
85147
85148
85148
85149
85149
85149
85149
85149
85150
85150
85151
85153
85154
85154
85157
85158
85158
85161
85161
85162
85162
85164
85164
85164
85164
85165
85165
85166
85166
85166
85168
85169
85170
85171
85171
85172
85172
85173
85174
85177
85177
85178
85179
85179
85180
85181
85181
85182
85183
85184
85184
85185
85186
85187
85188
85188
85188
85189
85190
85190
85191
85192
85193
85194
85195
85197
85198
85198
85198
85198
85199
85200
85200
85201
85202
85203
85203
85204
85206
85206
85206
85206
85207
85207
85209
85210
85210
85213
85214
85214
85216
85217
85218
85218
85221
85222
85223
85223
85224
85224
85226
85228
85230
85230
85230
85233
85233
85233
85234
85236
85239
85241
85243
85244
85245
85246
85248
85249
85250
85251
85251
85251
85252
85253
85255
85257
85257
85257
85261
85262
85263
85265
85265
85265
85266
85267
85268
85268
85269
85270
85271
85272
85274
85274
85274
85276
85277
85278
85279
85280
85280
85281
85281
85284
85285
85287
85287
85288
85289
85289
85289
85289
85293
85295
85295
85297
85297
85300
85301
85302
85303
85306
85306
85306
85307
85309
85310
85313
85315
85316
85317
85318
85319
85319
85319
85321
85323
85326
85326
85327
85328
85329
85329
85331
85331
85331
85331
85333
85333
85334
85334
85335
85335
85337
85337
85337
85339
85340
85340
85341
85341
85341
85341
85346
85346
85347
85347
85348
85349
85349
85350
85350
85352
85352
85352
85353
85356
85356
85357
85357
85358
85362
85364
85366
85367
85371
85372
85372
85373
85374
85376
85377
85378
85378
85380
85380
85380
85382
85382
85384
85386
85386
85388
85388
85390
85391
85391
85394
85394
85394
85396
85397
85399
85400
85400
85402
85402
85407
85407
85407
85407
85408
85409
85410
85412
85413
85413
85414
85414
85416
85417
85418
85418
85419
85422
85423
85424
85424
85425
85425
85426
85429
85431
85432
85432
85433
85434
85434
85436
85436
85436
85437
85437
85437
85438
85439
85442
85443
85443
85444
85444
85445
85445
85445
85445
85446
85447
85448
85449
85449
85450
85451
85452
85453
85453
85453
85454
85455
85455
85457
85457
85458
85459
85459
85459
85459
85460
85461
85462
85464
85468
85470
85472
85473
85474
85475
85476
85476
85477
85478
85479
85479
85480
85480
85481
85481
85482
85482
85485
85485
85485
85485
85488
85488
85490
85490
85491
85492
85492
85494
85495
85498
85500
85500
85501
85503
85505
85506
85506
85507
85507
85508
85508
85509
85510
85511
85511
85512
85514
85516
85516
85517
85517
85518
85518
85519
85520
85520
85520
85521
85522
85523
85524
85524
85524
85526
85527
85528
85528
85530
85530
85530
85532
85532
85535
85535
85536
85537
85538
85538
85538
85539
85539
85541
85542
85543
85543
85548
85549
85550
85553
85553
85555
85555
85555
85557
85558
85558
85560
85560
85560
85563
85564
85566
85567
85569
85570
85571
85571
85571
85571
85573
85575
85575
85579
85579
85581
85581
85584
85584
85584
85586
85586
85586
85586
85587
85590
85590
85591
85593
85595
85595
85597
85598
85599
85600
85600
85601
85601
85601
85601
85601
85601
85601
85603
85603
85604
85605
85606
85607
85607
85608
85608
85608
85609
85609
85609
85610
85611
85613
85613
85617
85617
85618
85618
85619
85620
85620
85620
85621
85621
85622
85622
85623
85623
85624
85624
85624
85626
85627
85628
85629
85630
85630
85633
85634
85635
85635
85636
85637
85638
85641
85642
85643
85644
85644
85646
85652
85652
85653
85653
85654
85654
85655
85655
85656
85657
85657
85658
85659
85660
85660
85661
85661
85662
85662
85663
85664
85665
85665
85665
85666
85666
85668
85668
85670
85670
85673
85673
85673
85673
85674
85675
85677
85678
85679
85682
85683
85684
85684
85684
85685
85685
85687
85688
85688
85691
85695
85695
85697
85698
85700
85702
85703
85704
85704
85706
85708
85709
85711
85712
85713
85715
85715
85716
85717
85717
85718
85719
85720
85720
85720
85721
85721
85723
85725
85728
85729
85729
85730
85731
85734
85736
85736
85738
85738
85738
85740
85740
85740
85740
85742
85743
85743
85746
85747
85748
85749
85753
85754
85754
85754
85754
85755
85755
85756
85757
85757
85758
85758
85759
85759
85760
85762
85762
85763
85763
85764
85765
85766
85766
85766
85766
85767
85767
85768
85769
85770
85771
85771
85772
85772
85773
85775
85776
85776
85777
85778
85779
85780
85782
85783
85785
85787
85787
85788
85790
85791
85792
85793
85793
85794
85795
85795
85797
85798
85799
85799
85799
85800
85800
85800
85801
85801
85804
85804
85806
85806
85807
85808
85808
85808
85810
85811
85814
85814
85815
85816
85816
85817
85818
85819
85821
85822
85822
85823
85823
85824
85824
85824
85824
85827
85827
85829
85830
85831
85832
85832
85832
85834
85835
85836
85839
85839
85839
85840
85840
85841
85842
85843
85845
85847
85849
85851
85852
85852
85853
85853
85854
85856
85856
85856
85857
85858
85860
85860
85864
85865
85866
85867
85868
85868
85869
85869
85869
85870
85870
85871
85872
85875
85876
85876
85878
85879
85879
85879
85880
85880
85880
85880
85881
85881
85883
85884
85884
85885
85885
85885
85885
85886
85887
85887
85891
85892
85896
85899
85900
85902
85904
85904
85907
85907
85908
85908
85908
85909
85913
85913
85913
85914
85914
85914
85914
85916
85918
85918
85919
85920
85920
85921
85921
85922
85922
85923
85925
85926
85927
85929
85929
85931
85932
85933
85933
85934
85936
85937
85938
85938
85939
85939
85939
85939
85942
85943
85943
85945
85945
85946
85947
85949
85951
85952
85955
85957
85958
85958
85960
85962
85964
85964
85966
85967
85970
85970
85973
85973
85973
85973
85976
85978
85978
85978
85983
85983
85983
85984
85985
85987
85987
85989
85990
85991
85992
85993
85994
85994
85994
85996
85997
85998
85999
86000
86000
86001
86001
86001
86003
86003
86004
86004
86004
86005
86005
86011
86015
86016
86016
86018
86019
86019
86020
86022
86022
86022
86023
86023
86023
86023
86028
86030
86031
86032
86032
86032
86032
86033
86033
86034
86034
86035
86036
86037
86037
86038
86038
86039
86039
86039
86045
86045
86045
86047
86047
86050
86051
86051
86053
86053
86055
86057
86057
86057
86057
86061
86061
86062
86063
86065
86065
86066
86066
86067
86067
86070
86071
86071
86071
86072
86073
86075
86076
86078
86079
86079
86081
86081
86083
86086
86086
86086
86087
86087
86087
86087
86088
86088
86088
86089
86089
86089
86090
86092
86092
86095
86095
86096
86099
86099
86100
86100
86102
86103
86105
86105
86106
86107
86107
86109
86110
86114
86114
86114
86115
86115
86115
86116
86116
86117
86118
86118
86119
86119
86120
86121
86122
86123
86124
86125
86125
86126
86126
86127
86127
86127
86128
86129
86132
86134
86134
86134
86136
86137
86138
86139
86141
86142
86143
86146
86147
86148
86148
86150
86150
86151
86154
86154
86154
86154
86155
86156
86162
86163
86164
86165
86166
86167
86168
86169
86170
86171
86171
86172
86172
86173
86173
86175
86176
86176
86177
86177
86177
86177
86178
86178
86179
86179
86179
86179
86180
86181
86183
86183
86184
86184
86185
86185
86185
86186
86187
86191
86193
86195
86198
86199
86200
86201
86206
86207
86207
86207
86209
86211
86216
86216
86217
86218
86218
86221
86221
86222
86224
86226
86226
86227
86227
86228
86228
86228
86229
86230
86230
86230
86231
86232
86234
86236
86237
86239
86240
86242
86242
86244
86245
86245
86246
86247
86249
86249
86250
86251
86252
86253
86254
86255
86255
86256
86256
86258
86258
86261
86265
86267
86268
86269
86270
86270
86271
86273
86273
86274
86274
86277
86281
86282
86282
86282
86288
86288
86289
86290
86294
86294
86296
86296
86297
86300
86300
86300
86301
86301
86303
86303
86303
86305
86307
86307
86309
86309
86309
86310
86311
86312
86312
86314
86315
86317
86317
86318
86319
86320
86321
86322
86322
86323
86327
86327
86328
86328
86329
86330
86331
86332
86334
86336
86336
86336
86338
86338
86340
86341
86342
86343
86344
86345
86345
86347
86348
86349
86350
86352
86352
86352
86353
86354
86357
86357
86358
86358
86359
86359
86359
86360
86362
86363
86364
86364
86365
86365
86365
86365
86366
86367
86367
86367
86368
86368
86368
86369
86370
86370
86371
86372
86373
86376
86379
86380
86381
86381
86383
86384
86384
86385
86385
86386
86387
86389
86395
86395
86396
86399
86399
86400
86400
86401
86402
86402
86403
86403
86404
86404
86404
86405
86408
86409
86410
86411
86411
86411
86412
86412
86414
86414
86415
86416
86417
86417
86419
86419
86420
86424
86426
86426
86426
86427
86427
86428
86429
86430
86430
86431
86433
86433
86434
86434
86434
86434
86436
86436
86437
86440
86441
86444
86445
86445
86445
86446
86446
86446
86447
86449
86449
86452
86453
86454
86455
86456
86459
86459
86460
86460
86460
86463
86463
86464
86465
86468
86469
86469
86469
86472
86473
86473
86473
86474
86476
86476
86476
86478
86478
86479
86479
86481
86482
86482
86484
86485
86485
86485
86485
86486
86486
86486
86490
86492
86493
86494
86494
86495
86498
86499
86499
86500
86502
86502
86505
86505
86506
86506
86506
86508
86508
86510
86511
86512
86513
86514
86517
86519
86521
86521
86522
86523
86523
86525
86529
86530
86530
86531
86531
86532
86533
86533
86533
86534
86536
86536
86537
86537
86538
86539
86539
86539
86539
86539
86540
86541
86541
86542
86543
86544
86545
86546
86546
86546
86547
86548
86551
86551
86551
86552
86555
86556
86557
86557
86558
86559
86559
86562
86564
86564
86566
86566
86569
86571
86571
86573
86574
86575
86575
86575
86576
86576
86577
86584
86584
86585
86585
86585
86585
86587
86587
86588
86589
86589
86590
86590
86591
86592
86593
86593
86594
86596
86596
86596
86599
86599
86600
86601
86602
86602
86604
86604
86605
86606
86606
86606
86607
86608
86609
86609
86610
86610
86610
86610
86613
86613
86614
86614
86614
86614
86618
86619
86620
86620
86624
86625
86625
86627
86628
86628
86628
86629
86629
86630
86630
86630
86631
86632
86633
86634
86634
86635
86636
86636
86638
86638
86640
86641
86641
86642
86649
86652
86652
86652
86654
86655
86655
86656
86657
86657
86657
86658
86659
86659
86660
86662
86662
86664
86668
86668
86668
86668
86671
86672
86673
86673
86676
86677
86679
86679
86681
86681
86683
86685
86685
86685
86686
86687
86688
86688
86688
86689
86689
86690
86691
86691
86693
86693
86694
86694
86694
86695
86695
86695
86696
86696
86696
86697
86698
86699
86702
86702
86703
86703
86703
86705
86706
86706
86706
86706
86708
86709
86710
86711
86711
86715
86715
86719
86720
86723
86723
86724
86726
86728
86729
86731
86732
86736
86736
86737
86737
86738
86738
86739
86741
86741
86741
86743
86744
86745
86747
86747
86748
86748
86751
86752
86753
86754
86754
86755
86755
86756
86757
86757
86758
86760
86761
86761
86762
86762
86762
86766
86769
86771
86773
86773
86775
86775
86776
86777
86778
86778
86778
86781
86783
86784
86784
86786
86787
86788
86788
86789
86789
86789
86791
86792
86793
86794
86794
86794
86795
86796
86796
86797
86797
86797
86797
86797
86798
86798
86799
86799
86800
86800
86802
86803
86804
86804
86805
86806
86807
86808
86808
86808
86809
86810
86811
86811
86812
86812
86813
86813
86814
86817
86818
86819
86820
86820
86821
86821
86822
86822
86823
86824
86824
86826
86829
86830
86831
86832
86833
86833
86834
86835
86836
86836
86836
86838
86838
86838
86838
86838
86838
86839
86839
86841
86842
86843
86844
86845
86846
86847
86847
86849
86850
86852
86852
86852
86854
86855
86857
86859
86862
86862
86864
86866
86867
86870
86874
86874
86875
86875
86878
86879
86879
86880
86885
86886
86888
86888
86889
86892
86893
86894
86895
86897
86898
86900
86901
86903
86903
86904
86904
86904
86904
86905
86905
86906
86907
86907
86908
86909
86909
86910
86912
86912
86913
86914
86914
86917
86917
86917
86918
86919
86922
86924
86924
86925
86927
86928
86929
86930
86930
86932
86932
86933
86935
86936
86938
86938
86939
86942
86944
86945
86945
86945
86951
86951
86951
86951
86951
86951
86953
86955
86957
86958
86960
86960
86960
86960
86961
86961
86962
86963
86964
86965
86965
86967
86970
86971
86971
86976
86979
86979
86984
86985
86987
86989
86990
86995
86997
86999
87001
87003
87003
87004
87009
87011
87011
87012
87012
87013
87013
87014
87015
87016
87017
87018
87020
87020
87022
87023
87024
87026
87027
87027
87028
87028
87032
87034
87034
87034
87036
87036
87037
87037
87038
87038
87039
87039
87040
87040
87040
87041
87043
87043
87044
87044
87045
87048
87049
87049
87050
87052
87052
87052
87055
87056
87058
87059
87061
87061
87063
87066
87067
87067
87069
87070
87074
87074
87075
87076
87077
87077
87078
87078
87080
87082
87084
87085
87085
87087
87089
87089
87089
87090
87091
87091
87092
87092
87092
87092
87092
87093
87093
87094
87094
87095
87096
87098
87099
87101
87101
87101
87101
87101
87101
87102
87103
87104
87106
87107
87112
87112
87112
87113
87115
87116
87116
87116
87116
87116
87118
87120
87123
87123
87124
87124
87124
87125
87125
87125
87127
87127
87128
87128
87132
87133
87133
87135
87137
87138
87139
87139
87139
87140
87140
87140
87141
87144
87144
87145
87145
87146
87149
87149
87150
87150
87150
87152
87154
87154
87155
87157
87157
87157
87158
87160
87160
87161
87163
87164
87164
87164
87164
87166
87166
87167
87167
87169
87173
87174
87174
87174
87176
87178
87180
87181
87182
87183
87183
87183
87184
87184
87186
87186
87188
87188
87188
87189
87189
87193
87195
87195
87196
87200
87201
87202
87203
87203
87204
87205
87206
87207
87208
87208
87209
87211
87212
87213
87213
87213
87214
87214
87215
87217
87217
87218
87219
87219
87221
87221
87222
87222
87222
87224
87225
87225
87227
87229
87231
87231
87232
87234
87235
87235
87235
87235
87236
87236
87237
87237
87237
87237
87238
87239
87241
87242
87244
87244
87246
87249
87249
87250
87251
87251
87253
87253
87253
87256
87256
87257
87257
87257
87259
87262
87264
87266
87266
87268
87269
87273
87273
87275
87276
87277
87279
87279
87280
87280
87282
87282
87282
87282
87283
87285
87285
87292
87292
87292
87294
87294
87297
87297
87298
87299
87300
87301
87306
87306
87307
87309
87310
87310
87311
87313
87313
87314
87319
87326
87327
87328
87329
87331
87331
87332
87334
87334
87334
87335
87336
87337
87338
87339
87340
87340
87341
87341
87342
87344
87349
87349
87350
87353
87355
87356
87358
87358
87358
87358
87359
87361
87361
87363
87363
87364
87365
87365
87367
87368
87369
87370
87372
87375
87377
87382
87382
87383
87384
87384
87385
87386
87387
87388
87388
87390
87390
87390
87393
87394
87395
87396
87396
87397
87397
87399
87400
87401
87401
87403
87404
87406
87407
87409
87409
87410
87411
87412
87412
87412
87413
87418
87419
87420
87422
87423
87424
87424
87428
87431
87431
87431
87431
87431
87432
87432
87432
87435
87436
87437
87437
87437
87438
87438
87439
87440
87441
87441
87442
87442
87443
87444
87445
87448
87448
87449
87450
87450
87452
87452
87452
87453
87456
87456
87458
87459
87459
87460
87464
87465
87466
87466
87467
87468
87469
87470
87470
87471
87471
87472
87474
87475
87476
87479
87481
87483
87486
87489
87489
87490
87491
87491
87492
87493
87495
87496
87496
87498
87499
87500
87501
87502
87504
87505
87506
87507
87507
87509
87510
87512
87514
87514
87515
87517
87518
87520
87521
87522
87523
87523
87524
87526
87526
87526
87529
87529
87531
87531
87532
87533
87533
87534
87534
87535
87536
87536
87537
87537
87540
87540
87547
87548
87550
87552
87552
87553
87553
87553
87555
87556
87557
87557
87558
87558
87558
87558
87560
87560
87561
87563
87564
87564
87564
87565
87566
87567
87567
87567
87568
87569
87570
87570
87571
87572
87573
87573
87574
87574
87574
87576
87577
87578
87580
87581
87581
87583
87583
87585
87587
87587
87590
87591
87591
87593
87601
87601
87604
87604
87604
87604
87604
87608
87609
87609
87613
87615
87615
87616
87617
87617
87617
87624
87626
87629
87630
87632
87633
87634
87635
87636
87637
87637
87637
87639
87639
87639
87641
87642
87644
87645
87645
87646
87649
87650
87651
87652
87654
87654
87654
87655
87656
87656
87656
87661
87662
87663
87663
87664
87665
87666
87668
87670
87670
87670
87672
87672
87674
87674
87676
87676
87677
87677
87679
87679
87679
87679
87680
87680
87680
87680
87681
87682
87683
87683
87686
87686
87686
87689
87689
87691
87691
87693
87693
87693
87693
87693
87694
87695
87697
87698
87698
87699
87699
87701
87703
87704
87704
87705
87705
87706
87706
87706
87706
87707
87710
87711
87715
87720
87720
87721
87723
87723
87724
87730
87730
87731
87731
87732
87732
87733
87734
87734
87735
87736
87736
87737
87737
87737
87738
87740
87740
87741
87742
87744
87744
87748
87748
87749
87749
87751
87754
87757
87757
87758
87758
87760
87761
87763
87763
87764
87767
87768
87768
87769
87770
87771
87773
87773
87773
87775
87776
87776
87778
87779
87779
87779
87780
87783
87784
87784
87784
87784
87786
87787
87787
87788
87789
87789
87789
87793
87793
87793
87795
87797
87797
87798
87800
87801
87801
87802
87803
87803
87804
87804
87806
87807
87807
87808
87809
87810
87811
87812
87814
87814
87815
87815
87816
87817
87817
87817
87819
87819
87819
87821
87822
87822
87823
87825
87825
87826
87826
87827
87829
87830
87830
87831
87833
87834
87834
87835
87835
87836
87837
87838
87840
87840
87841
87841
87842
87844
87844
87845
87850
87851
87851
87852
87853
87854
87855
87857
87858
87858
87861
87863
87864
87865
87865
87866
87868
87870
87871
87873
87873
87874
87876
87876
87876
87877
87880
87882
87883
87885
87885
87885
87885
87886
87887
87887
87887
87888
87889
87891
87892
87893
87893
87894
87896
87898
87903
87903
87905
87905
87906
87906
87906
87908
87911
87911
87914
87914
87914
87916
87917
87917
87918
87918
87919
87921
87922
87922
87923
87924
87925
87925
87925
87925
87926
87927
87927
87928
87928
87928
87928
87934
87935
87936
87940
87940
87941
87942
87943
87943
87943
87943
87944
87944
87944
87945
87945
87946
87947
87947
87949
87950
87951
87954
87955
87956
87956
87957
87958
87962
87964
87966
87970
87970
87972
87972
87972
87975
87977
87979
87979
87980
87981
87982
87983
87984
87984
87986
87987
87990
87990
87991
87993
87993
87994
87995
87996
87996
87996
87996
87997
87997
87998
87998
87999
88000
88001
88003
88005
88006
88007
88007
88008
88009
88010
88010
88010
88010
88011
88018
88018
88019
88020
88021
88022
88023
88025
88025
88026
88027
88029
88031
88033
88034
88034
88034
88035
88036
88036
88039
88040
88041
88041
88042
88042
88045
88045
88045
88046
88049
88049
88051
88051
88052
88052
88052
88054
88056
88062
88062
88065
88065
88065
88066
88070
88072
88074
88074
88076
88077
88078
88081
88081
88082
88083
88084
88087
88087
88088
88088
88089
88089
88090
88090
88091
88092
88094
88096
88097
88097
88100
88100
88100
88101
88102
88102
88103
88104
88104
88105
88105
88107
88108
88108
88109
88109
88111
88113
88113
88113
88116
88118
88118
88119
88120
88120
88123
88123
88123
88123
88126
88126
88128
88129
88131
88131
88131
88133
88133
88134
88134
88134
88134
88136
88136
88140
88141
88143
88144
88148
88150
88151
88152
88154
88155
88156
88158
88159
88162
88163
88163
88166
88168
88172
88173
88175
88175
88175
88175
88177
88177
88178
88178
88179
88179
88179
88180
88181
88183
88184
88190
88191
88192
88193
88196
88198
88198
88198
88199
88200
88201
88203
88205
88208
88208
88208
88210
88210
88211
88212
88213
88215
88216
88217
88217
88217
88219
88220
88221
88224
88224
88224
88227
88227
88228
88229
88229
88230
88231
88232
88232
88235
88236
88238
88239
88239
88239
88241
88241
88241
88241
88245
88245
88245
88246
88246
88249
88250
88250
88253
88255
88257
88257
88259
88260
88261
88262
88263
88264
88264
88265
88267
88269
88269
88269
88269
88270
88271
88274
88274
88275
88276
88281
88282
88283
88284
88285
88287
88287
88292
88294
88294
88295
88295
88296
88298
88300
88300
88302
88303
88306
88306
88308
88308
88309
88309
88310
88310
88310
88315
88315
88316
88318
88318
88319
88322
88322
88322
88324
88324
88324
88325
88326
88326
88326
88327
88328
88329
88330
88330
88330
88333
88334
88335
88336
88336
88340
88342
88343
88345
88346
88349
88349
88350
88350
88351
88353
88353
88354
88354
88356
88356
88357
88358
88360
88364
88365
88367
88367
88369
88370
88371
88372
88374
88375
88375
88375
88375
88376
88377
88377
88385
88386
88386
88387
88388
88388
88389
88390
88392
88393
88396
88397
88398
88398
88400
88400
88400
88401
88401
88402
88402
88403
88404
88405
88405
88406
88407
88409
88410
88412
88412
88413
88413
88415
88415
88417
88420
88420
88420
88421
88422
88422
88423
88424
88424
88424
88425
88427
88427
88428
88428
88429
88429
88430
88430
88431
88431
88435
88436
88439
88439
88441
88443
88443
88445
88445
88447
88449
88450
88451
88451
88452
88453
88458
88459
88459
88462
88463
88464
88464
88464
88465
88465
88466
88467
88468
88470
88471
88472
88474
88475
88476
88478
88478
88479
88479
88480
88480
88482
88484
88484
88487
88490
88490
88491
88492
88492
88494
88496
88497
88497
88500
88502
88503
88504
88504
88506
88506
88506
88506
88507
88509
88509
88509
88510
88511
88511
88512
88512
88512
88514
88514
88515
88516
88516
88518
88520
88524
88524
88524
88524
88525
88526
88528
88530
88532
88532
88532
88533
88535
88536
88536
88538
88538
88539
88542
88542
88542
88542
88542
88543
88544
88545
88545
88547
88547
88548
88550
88550
88551
88551
88554
88555
88555
88556
88556
88557
88557
88558
88561
88561
88561
88562
88562
88562
88562
88563
88564
88568
88568
88568
88569
88569
88569
88572
88572
88573
88573
88574
88575
88575
88575
88575
88575
88581
88581
88581
88584
88585
88586
88587
88587
88588
88589
88590
88591
88592
88594
88596
88597
88597
88599
88600
88601
88603
88604
88606
88607
88607
88607
88607
88608
88608
88609
88610
88610
88610
88611
88612
88613
88613
88614
88616
88619
88619
88620
88622
88625
88626
88630
88632
88634
88636
88637
88637
88637
88639
88640
88642
88644
88645
88646
88648
88649
88650
88652
88655
88655
88656
88656
88656
88657
88657
88658
88658
88659
88661
88662
88663
88663
88666
88667
88667
88669
88671
88672
88674
88675
88677
88677
88679
88679
88679
88680
88680
88681
88682
88684
88687
88688
88689
88690
88690
88690
88692
88693
88695
88696
88696
88697
88698
88698
88700
88702
88702
88703
88703
88705
88705
88705
88706
88707
88709
88709
88710
88711
88712
88714
88715
88716
88719
88720
88724
88725
88726
88729
88731
88731
88733
88737
88738
88738
88739
88740
88740
88740
88741
88742
88743
88745
88745
88746
88747
88748
88748
88749
88750
88752
88755
88759
88760
88760
88760
88760
88761
88765
88767
88768
88770
88770
88770
88772
88774
88775
88775
88776
88777
88780
88781
88782
88784
88784
88784
88784
88785
88788
88790
88794
88796
88797
88797
88798
88798
88799
88799
88800
88801
88802
88802
88803
88803
88804
88806
88807
88809
88811
88812
88812
88815
88815
88816
88816
88817
88817
88819
88820
88821
88822
88824
88825
88826
88827
88829
88830
88834
88837
88837
88837
88838
88838
88838
88840
88842
88843
88844
88844
88845
88845
88846
88847
88848
88849
88850
88851
88852
88852
88853
88853
88854
88854
88855
88855
88856
88856
88858
88858
88859
88861
88864
88864
88864
88865
88865
88868
88868
88869
88869
88869
88870
88872
88873
88873
88873
88874
88874
88875
88877
88877
88877
88878
88878
88879
88880
88880
88880
88882
88883
88885
88885
88885
88887
88887
88887
88888
88888
88888
88889
88890
88890
88891
88892
88892
88892
88893
88896
88896
88897
88897
88897
88899
88899
88899
88900
88901
88903
88903
88904
88904
88905
88906
88907
88908
88908
88909
88909
88909
88910
88910
88911
88911
88912
88913
88913
88913
88913
88915
88916
88916
88917
88918
88919
88919
88919
88920
88922
88924
88925
88925
88926
88927
88927
88930
88931
88932
88932
88932
88932
88934
88935
88937
88938
88938
88938
88938
88940
88941
88943
88943
88946
88946
88947
88948
88950
88951
88951
88954
88955
88957
88959
88961
88961
88961
88961
88961
88962
88963
88967
88967
88968
88968
88971
88971
88972
88972
88973
88975
88975
88976
88978
88979
88979
88980
88982
88984
88985
88985
88986
88987
88988
88989
88989
88990
88990
88991
88993
88994
88994
88994
88996
88997
88997
88997
88998
88998
88999
89002
89002
89003
89003
89003
89006
89008
89009
89010
89011
89011
89012
89015
89015
89017
89019
89025
89027
89028
89028
89028
89030
89031
89031
89032
89033
89035
89035
89036
89038
89039
89039
89040
89040
89040
89040
89044
89045
89048
89049
89050
89051
89051
89052
89053
89054
89055
89060
89060
89061
89061
89063
89063
89064
89065
89065
89067
89067
89067
89068
89068
89068
89068
89070
89070
89070
89070
89071
89071
89071
89074
89074
89074
89076
89077
89078
89082
89082
89082
89083
89084
89084
89085
89085
89087
89088
89091
89091
89091
89094
89094
89094
89095
89096
89096
89096
89099
89099
89105
89105
89110
89114
89119
89120
89120
89122
89122
89124
89124
89125
89127
89130
89130
89131
89133
89133
89134
89134
89135
89137
89138
89138
89139
89142
89142
89144
89145
89146
89146
89147
89147
89147
89148
89148
89149
89151
89155
89155
89157
89157
89158
89158
89159
89160
89160
89160
89162
89162
89162
89164
89164
89166
89168
89169
89170
89170
89172
89172
89173
89173
89173
89173
89176
89178
89178
89182
89189
89189
89190
89191
89191
89193
89193
89194
89195
89195
89198
89199
89199
89199
89199
89199
89200
89200
89200
89200
89200
89202
89206
89211
89215
89215
89215
89216
89217
89218
89218
89221
89222
89225
89226
89227
89227
89227
89227
89229
89230
89230
89231
89234
89235
89238
89239
89239
89240
89241
89242
89242
89242
89243
89244
89245
89246
89247
89247
89248
89249
89249
89250
89251
89251
89254
89254
89254
89256
89256
89256
89256
89258
89261
89262
89263
89263
89264
89265
89268
89268
89269
89269
89270
89271
89273
89274
89276
89276
89277
89278
89278
89278
89279
89279
89280
89281
89283
89283
89284
89284
89285
89285
89285
89286
89286
89288
89288
89288
89289
89289
89290
89290
89291
89291
89292
89293
89293
89294
89295
89298
89298
89299
89300
89300
89300
89302
89302
89302
89305
89307
89309
89309
89310
89311
89314
89318
89319
89319
89322
89322
89322
89323
89324
89325
89328
89331
89331
89332
89332
89333
89334
89336
89336
89337
89340
89344
89344
89346
89349
89349
89350
89350
89352
89355
89356
89356
89357
89360
89360
89361
89361
89366
89367
89368
89370
89370
89371
89373
89375
89375
89375
89376
89378
89381
89383
89383
89383
89391
89393
89394
89394
89395
89396
89397
89399
89399
89399
89401
89403
89404
89405
89405
89407
89407
89407
89407
89409
89409
89410
89412
89414
89414
89415
89417
89418
89420
89421
89425
89425
89427
89428
89428
89429
89430
89430
89432
89432
89433
89433
89433
89437
89438
89440
89440
89441
89441
89442
89442
89442
89443
89443
89444
89447
89447
89450
89450
89451
89451
89454
89454
89455
89457
89461
89461
89461
89462
89463
89463
89463
89463
89463
89464
89464
89464
89466
89468
89469
89469
89472
89472
89472
89474
89479
89479
89479
89480
89483
89483
89484
89485
89486
89486
89489
89490
89490
89491
89491
89492
89492
89493
89493
89494
89494
89495
89498
89498
89502
89502
89503
89503
89503
89507
89508
89508
89508
89510
89510
89513
89517
89519
89520
89520
89521
89521
89521
89521
89522
89523
89523
89525
89526
89527
89527
89529
89532
89532
89535
89536
89536
89536
89537
89538
89541
89543
89543
89547
89549
89552
89552
89554
89554
89554
89556
89556
89557
89558
89558
89559
89559
89560
89560
89564
89564
89566
89566
89568
89568
89569
89570
89571
89572
89572
89573
89573
89574
89574
89576
89577
89577
89578
89579
89580
89580
89580
89581
89582
89584
89585
89585
89586
89586
89588
89590
89590
89590
89592
89593
89593
89593
89593
89594
89596
89597
89600
89601
89601
89601
89602
89603
89604
89604
89605
89605
89608
89609
89609
89610
89612
89613
89614
89615
89615
89615
89616
89617
89620
89620
89622
89622
89625
89625
89629
89629
89631
89634
89638
89638
89639
89644
89645
89645
89646
89647
89647
89648
89649
89650
89650
89652
89652
89653
89653
89655
89656
89656
89656
89658
89659
89659
89661
89661
89661
89664
89665
89665
89666
89667
89668
89670
89673
89675
89675
89676
89680
89682
89683
89683
89684
89685
89685
89685
89686
89687
89690
89692
89693
89694
89695
89697
89698
89700
89700
89701
89702
89703
89703
89704
89705
89709
89709
89711
89711
89712
89712
89713
89713
89713
89714
89716
89716
89717
89718
89722
89723
89728
89729
89730
89731
89731
89732
89732
89732
89732
89733
89735
89736
89736
89737
89739
89739
89741
89741
89742
89742
89743
89743
89743
89743
89744
89744
89744
89746
89749
89750
89750
89751
89752
89754
89754
89754
89756
89756
89756
89756
89757
89757
89762
89765
89766
89767
89769
89769
89770
89772
89772
89773
89773
89774
89778
89778
89779
89779
89779
89780
89781
89782
89784
89784
89785
89785
89787
89788
89789
89793
89793
89795
89798
89798
89798
89799
89800
89800
89803
89803
89804
89804
89804
89805
89808
89809
89809
89809
89809
89809
89810
89811
89811
89811
89811
89813
89813
89815
89815
89816
89816
89817
89818
89818
89819
89820
89821
89823
89826
89829
89830
89831
89832
89832
89833
89833
89834
89836
89836
89837
89838
89838
89839
89841
89843
89846
89846
89847
89849
89850
89852
89853
89854
89854
89856
89858
89862
89862
89862
89862
89862
89862
89866
89867
89868
89871
89871
89871
89871
89871
89874
89876
89879
89881
89883
89883
89885
89886
89887
89888
89888
89888
89888
89889
89892
89893
89893
89894
89895
89895
89895
89897
89897
89898
89898
89898
89899
89900
89900
89900
89902
89902
89903
89904
89904
89905
89905
89907
89910
89913
89914
89914
89917
89923
89923
89923
89925
89925
89925
89925
89927
89927
89927
89927
89928
89928
89929
89933
89934
89935
89936
89936
89937
89940
89941
89944
89945
89946
89948
89949
89949
89949
89952
89953
89953
89954
89954
89954
89955
89956
89958
89960
89964
89964
89964
89964
89966
89967
89967
89969
89971
89971
89971
89976
89976
89979
89982
89983
89984
89986
89986
89990
89992
89993
89993
89995
89995
89998
89998
89999
90000
90001
90003
90004
90006
90006
90007
90007
90008
90009
90010
90011
90013
90013
90014
90015
90016
90017
90018
90018
90020
90021
90022
90022
90024
90024
90025
90025
90026
90027
90028
90029
90030
90030
90032
90032
90035
90035
90035
90036
90037
90039
90039
90039
90040
90040
90042
90043
90043
90043
90044
90044
90045
90046
90047
90048
90049
90050
90052
90053
90053
90053
90054
90054
90055
90057
90057
90057
90058
90060
90061
90062
90063
90064
90065
90065
90066
90066
90066
90066
90066
90069
90069
90072
90073
90074
90076
90077
90079
90079
90080
90080
90084
90086
90086
90087
90088
90089
90090
90090
90092
90093
90095
90097
90097
90098
90098
90099
90099
90100
90101
90101
90101
90103
90104
90105
90107
90108
90108
90109
90109
90110
90110
90111
90112
90114
90114
90114
90115
90116
90118
90118
90119
90121
90124
90125
90127
90129
90130
90131
90131
90134
90134
90135
90137
90138
90141
90142
90142
90143
90144
90145
90145
90146
90147
90148
90149
90150
90150
90151
90154
90155
90156
90156
90157
90160
90160
90161
90162
90162
90162
90162
90163
90163
90165
90166
90166
90167
90168
90169
90170
90171
90173
90173
90175
90175
90178
90178
90180
90180
90181
90182
90184
90187
90187
90188
90188
90188
90191
90191
90191
90193
90194
90194
90195
90195
90196
90196
90199
90200
90202
90203
90204
90204
90205
90205
90207
90208
90209
90211
90211
90212
90213
90213
90218
90218
90219
90219
90222
90222
90222
90223
90224
90225
90225
90226
90228
90228
90229
90230
90232
90233
90235
90235
90236
90240
90241
90242
90243
90244
90244
90246
90249
90249
90250
90250
90251
90252
90254
90257
90257
90258
90258
90258
90259
90259
90260
90261
90263
90264
90264
90265
90265
90268
90268
90269
90270
90270
90272
90273
90273
90276
90277
90277
90277
90279
90282
90284
90286
90286
90286
90287
90288
90288
90289
90290
90291
90291
90292
90293
90293
90296
90296
90296
90297
90298
90299
90299
90303
90303
90304
90304
90304
90306
90308
90308
90308
90309
90309
90310
90310
90313
90315
90315
90317
90320
90320
90322
90323
90324
90324
90327
90329
90331
90334
90334
90337
90337
90339
90341
90341
90341
90341
90342
90343
90343
90344
90344
90345
90347
90347
90348
90353
90353
90354
90354
90355
90359
90359
90359
90360
90360
90360
90362
90362
90363
90365
90365
90366
90370
90371
90372
90373
90373
90375
90375
90376
90376
90378
90381
90382
90386
90387
90388
90388
90388
90388
90389
90390
90391
90391
90392
90393
90394
90395
90395
90396
90397
90400
90401
90401
90402
90403
90403
90403
90403
90404
90405
90407
90408
90409
90410
90410
90412
90413
90413
90414
90415
90417
90417
90418
90418
90419
90420
90423
90426
90426
90430
90432
90432
90434
90434
90434
90436
90438
90439
90439
90440
90442
90444
90448
90449
90450
90450
90451
90451
90453
90455
90456
90457
90459
90460
90461
90462
90462
90463
90463
90464
90464
90464
90465
90465
90465
90469
90470
90470
90473
90474
90474
90476
90478
90479
90479
90479
90480
90480
90484
90485
90485
90486
90486
90487
90487
90492
90492
90493
90494
90494
90495
90496
90497
90497
90499
90500
90501
90501
90503
90503
90505
90506
90507
90510
90510
90510
90512
90513
90515
90515
90516
90516
90517
90518
90518
90520
90522
90525
90528
90529
90530
90533
90542
90544
90545
90546
90548
90548
90549
90554
90555
90556
90556
90556
90557
90558
90558
90561
90562
90563
90563
90565
90566
90568
90573
90576
90577
90578
90578
90578
90579
90579
90580
90580
90581
90581
90581
90582
90584
90584
90585
90586
90588
90589
90591
90591
90594
90597
90597
90597
90598
90602
90605
90606
90608
90609
90609
90610
90611
90611
90614
90614
90614
90614
90615
90616
90617
90618
90619
90619
90619
90620
90620
90621
90621
90625
90627
90629
90629
90629
90635
90636
90638
90639
90640
90642
90644
90647
90647
90647
90647
90649
90649
90652
90653
90654
90655
90655
90657
90657
90658
90658
90658
90661
90666
90666
90666
90668
90669
90669
90669
90669
90671
90674
90674
90675
90675
90676
90677
90677
90678
90678
90679
90680
90680
90681
90681
90682
90683
90684
90686
90687
90687
90687
90687
90687
90687
90687
90688
90688
90689
90689
90689
90689
90690
90690
90691
90691
90692
90693
90694
90694
90695
90697
90698
90699
90699
90701
90702
90703
90703
90704
90704
90707
90707
90709
90710
90710
90712
90712
90713
90713
90714
90715
90716
90717
90717
90717
90719
90719
90720
90720
90721
90721
90723
90723
90724
90725
90725
90727
90728
90730
90731
90731
90732
90733
90733
90733
90734
90734
90734
90735
90736
90739
90740
90740
90741
90741
90742
90743
90747
90748
90750
90751
90751
90751
90752
90752
90753
90757
90758
90759
90761
90763
90764
90765
90769
90770
90772
90772
90773
90774
90774
90775
90775
90776
90777
90778
90780
90783
90783
90784
90785
90786
90786
90786
90787
90787
90789
90790
90792
90793
90795
90795
90798
90798
90798
90799
90799
90800
90800
90802
90802
90802
90804
90804
90804
90805
90807
90809
90809
90812
90815
90815
90816
90816
90818
90818
90822
90822
90824
90824
90825
90825
90826
90827
90827
90827
90828
90828
90830
90830
90830
90832
90832
90832
90833
90834
90835
90835
90836
90837
90840
90840
90840
90842
90843
90843
90845
90845
90846
90847
90848
90848
90848
90851
90851
90851
90853
90853
90854
90855
90857
90859
90860
90862
90862
90864
90866
90868
90868
90868
90869
90870
90871
90871
90873
90874
90879
90879
90879
90882
90883
90883
90884
90885
90886
90888
90889
90890
90890
90891
90891
90892
90893
90893
90895
90899
90902
90903
90903
90903
90904
90906
90907
90909
90910
90911
90911
90912
90914
90918
90919
90919
90920
90921
90922
90924
90924
90925
90926
90927
90929
90930
90932
90934
90935
90936
90937
90938
90939
90939
90939
90940
90941
90943
90943
90944
90944
90945
90946
90948
90949
90950
90951
90951
90952
90952
90953
90955
90956
90956
90957
90957
90957
90959
90961
90961
90962
90962
90963
90965
90965
90968
90970
90970
90970
90972
90972
90974
90974
90976
90978
90982
90983
90985
90988
90989
90991
90992
90993
90995
90996
90996
90998
90999
90999
91001
91003
91004
91004
91004
91004
91005
91006
91009
91010
91010
91010
91010
91011
91011
91012
91012
91012
91013
91013
91013
91014
91015
91015
91015
91016
91017
91018
91019
91019
91021
91025
91026
91026
91027
91028
91028
91029
91030
91032
91032
91033
91034
91036
91036
91040
91041
91041
91042
91043
91043
91045
91047
91049
91055
91057
91057
91057
91058
91058
91060
91060
91060
91060
91061
91063
91063
91063
91064
91066
91067
91067
91067
91067
91068
91069
91069
91070
91070
91071
91072
91072
91073
91075
91077
91079
91081
91084
91084
91084
91085
91085
91085
91085
91087
91087
91088
91089
91090
91091
91091
91091
91092
91093
91094
91094
91096
91096
91097
91097
91097
91097
91098
91098
91099
91099
91101
91101
91101
91102
91102
91105
91106
91107
91107
91107
91107
91108
91108
91108
91108
91110
91112
91114
91114
91114
91115
91118
91119
91120
91121
91121
91122
91125
91126
91126
91127
91129
91130
91133
91133
91133
91135
91135
91136
91136
91140
91140
91141
91141
91142
91143
91144
91145
91145
91145
91146
91146
91147
91147
91147
91147
91148
91149
91151
91152
91152
91153
91154
91155
91158
91159
91159
91160
91160
91160
91160
91161
91161
91164
91165
91166
91166
91167
91167
91167
91169
91170
91172
91172
91172
91173
91174
91174
91175
91176
91177
91179
91180
91183
91183
91183
91184
91184
91185
91186
91186
91187
91190
91192
91192
91193
91193
91196
91197
91197
91199
91199
91201
91202
91202
91203
91204
91205
91206
91206
91208
91209
91210
91211
91215
91216
91216
91216
91217
91217
91218
91219
91221
91222
91223
91224
91225
91226
91226
91226
91227
91228
91228
91229
91232
91233
91233
91234
91235
91236
91236
91237
91237
91238
91239
91239
91239
91240
91242
91243
91243
91248
91250
91250
91250
91251
91252
91253
91253
91254
91254
91254
91258
91258
91259
91259
91261
91261
91262
91265
91266
91269
91269
91270
91270
91270
91271
91272
91274
91274
91275
91275
91275
91276
91276
91277
91279
91281
91281
91282
91282
91285
91286
91287
91288
91288
91289
91289
91290
91292
91292
91295
91295
91298
91299
91299
91301
91303
91304
91304
91306
91306
91309
91310
91310
91312
91313
91315
91316
91319
91320
91320
91320
91322
91325
91327
91328
91328
91329
91329
91330
91331
91333
91333
91338
91340
91341
91341
91344
91346
91346
91347
91348
91348
91349
91350
91350
91350
91352
91353
91354
91355
91355
91356
91357
91359
91362
91364
91365
91365
91365
91365
91366
91366
91366
91367
91368
91368
91369
91369
91370
91371
91372
91373
91375
91376
91376
91377
91377
91380
91381
91382
91385
91386
91386
91387
91390
91392
91392
91393
91393
91394
91394
91395
91396
91397
91399
91401
91405
91406
91407
91407
91408
91411
91412
91412
91413
91415
91415
91417
91417
91417
91417
91418
91418
91418
91419
91419
91420
91421
91421
91422
91423
91423
91425
91425
91427
91430
91431
91431
91433
91433
91433
91435
91435
91435
91436
91436
91437
91437
91438
91439
91441
91442
91444
91445
91447
91447
91448
91449
91449
91452
91452
91454
91454
91454
91455
91455
91456
91457
91457
91458
91458
91460
91460
91464
91464
91466
91467
91467
91468
91468
91469
91470
91470
91471
91472
91473
91476
91478
91478
91478
91482
91482
91485
91485
91485
91485
91487
91487
91487
91489
91489
91490
91491
91491
91491
91495
91495
91495
91497
91498
91500
91501
91502
91504
91506
91507
91508
91509
91509
91512
91513
91515
91515
91517
91517
91518
91519
91522
91522
91522
91523
91524
91525
91526
91529
91530
91533
91534
91534
91535
91536
91537
91540
91541
91543
91543
91543
91543
91544
91545
91545
91546
91546
91550
91550
91550
91551
91552
91552
91554
91555
91558
91560
91560
91561
91562
91563
91564
91564
91564
91565
91565
91567
91568
91568
91569
91570
91571
91572
91572
91573
91577
91578
91578
91579
91579
91582
91583
91583
91584
91585
91585
91587
91589
91589
91591
91591
91592
91594
91596
91597
91598
91598
91599
91599
91599
91600
91600
91603
91605
91605
91607
91608
91609
91611
91612
91614
91616
91617
91618
91618
91620
91620
91620
91621
91621
91621
91621
91621
91622
91624
91624
91625
91625
91626
91626
91628
91628
91628
91629
91629
91630
91631
91632
91632
91633
91635
91637
91638
91638
91638
91639
91640
91640
91641
91641
91641
91642
91642
91643
91644
91645
91645
91647
91648
91648
91648
91649
91650
91650
91651
91652
91652
91654
91654
91655
91657
91659
91660
91661
91661
91661
91661
91662
91662
91664
91665
91668
91668
91669
91669
91670
91671
91671
91671
91673
91674
91675
91676
91677
91677
91677
91678
91678
91679
91681
91684
91685
91686
91686
91688
91690
91691
91691
91691
91693
91693
91694
91694
91695
91695
91695
91696
91698
91700
91701
91701
91701
91701
91703
91703
91704
91706
91706
91706
91706
91707
91707
91707
91707
91707
91709
91711
91714
91715
91716
91716
91716
91717
91718
91720
91720
91721
91723
91723
91724
91726
91727
91727
91728
91728
91731
91731
91734
91735
91736
91736
91738
91738
91739
91740
91741
91742
91742
91743
91743
91744
91745
91745
91746
91746
91747
91747
91748
91748
91752
91753
91756
91756
91757
91759
91759
91760
91761
91761
91762
91763
91763
91764
91765
91768
91770
91771
91773
91775
91776
91776
91777
91778
91779
91779
91780
91780
91782
91784
91784
91785
91785
91785
91787
91787
91788
91788
91788
91789
91790
91791
91791
91793
91794
91795
91797
91798
91798
91798
91799
91800
91801
91801
91802
91803
91803
91804
91804
91804
91805
91805
91807
91807
91812
91814
91814
91815
91817
91818
91818
91819
91820
91820
91822
91822
91823
91823
91825
91825
91825
91827
91828
91829
91832
91833
91834
91834
91834
91835
91835
91836
91836
91836
91836
91840
91841
91842
91842
91844
91844
91845
91845
91846
91847
91847
91848
91850
91851
91851
91852
91852
91855
91858
91858
91858
91861
91863
91863
91864
91866
91866
91867
91867
91868
91868
91870
91870
91871
91874
91874
91877
91878
91878
91879
91879
91881
91881
91882
91883
91883
91883
91884
91884
91887
91889
91891
91891
91892
91892
91892
91893
91893
91893
91894
91894
91896
91897
91898
91898
91898
91900
91901
91901
91902
91905
91906
91906
91907
91908
91908
91910
91910
91912
91913
91914
91915
91915
91916
91917
91918
91918
91919
91923
91923
91923
91925
91926
91927
91932
91932
91932
91933
91935
91936
91936
91936
91937
91939
91940
91945
91948
91949
91951
91951
91951
91954
91954
91955
91958
91958
91959
91959
91961
91962
91965
91965
91967
91968
91968
91968
91968
91969
91969
91969
91972
91974
91975
91975
91975
91976
91976
91977
91977
91977
91978
91982
91983
91984
91986
91986
91987
91989
91990
91990
91991
91991
91992
91992
91992
91994
91994
91994
91995
91995
91996
91997
91998
91998
92000
92003
92004
92005
92005
92007
92007
92007
92010
92011
92015
92015
92016
92017
92022
92022
92023
92023
92024
92024
92025
92027
92027
92028
92028
92029
92029
92029
92031
92034
92034
92035
92035
92035
92036
92036
92037
92041
92041
92042
92042
92042
92042
92045
92045
92046
92046
92046
92047
92048
92049
92051
92052
92054
92054
92054
92054
92056
92056
92057
92057
92058
92058
92058
92059
92061
92062
92064
92066
92069
92069
92069
92073
92073
92073
92075
92075
92075
92077
92078
92079
92080
92080
92081
92081
92082
92084
92084
92085
92086
92088
92089
92089
92090
92093
92093
92094
92096
92098
92098
92102
92103
92103
92104
92104
92104
92105
92105
92106
92106
92108
92109
92109
92110
92110
92110
92112
92113
92113
92113
92114
92119
92121
92121
92132
92134
92134
92134
92139
92140
92140
92140
92140
92141
92143
92143
92145
92146
92147
92147
92147
92149
92149
92153
92154
92154
92156
92156
92158
92158
92158
92159
92159
92159
92159
92161
92161
92162
92163
92163
92164
92166
92167
92167
92167
92168
92168
92168
92169
92170
92171
92171
92172
92173
92174
92174
92174
92176
92178
92178
92178
92180
92180
92182
92183
92184
92184
92185
92187
92187
92191
92193
92193
92196
92199
92200
92202
92203
92203
92204
92205
92205
92206
92207
92208
92209
92213
92215
92216
92218
92225
92226
92228
92228
92228
92229
92231
92232
92235
92235
92235
92235
92236
92237
92238
92239
92239
92239
92240
92240
92240
92241
92242
92243
92243
92243
92244
92244
92245
92246
92247
92248
92249
92251
92251
92251
92251
92252
92253
92254
92255
92256
92256
92256
92257
92258
92258
92258
92259
92260
92260
92260
92264
92264
92265
92266
92266
92268
92270
92270
92270
92270
92271
92271
92274
92274
92275
92275
92275
92276
92277
92280
92281
92282
92283
92283
92284
92284
92286
92286
92287
92290
92290
92291
92292
92293
92294
92294
92295
92296
92297
92298
92298
92299
92301
92301
92302
92306
92307
92309
92312
92313
92313
92313
92314
92316
92316
92317
92317
92317
92317
92317
92318
92320
92321
92321
92321
92321
92322
92322
92324
92324
92324
92325
92327
92328
92330
92330
92331
92333
92335
92337
92338
92339
92339
92341
92341
92347
92349
92349
92351
92351
92352
92353
92354
92355
92356
92358
92359
92360
92362
92363
92363
92363
92364
92365
92366
92366
92367
92367
92367
92368
92369
92369
92370
92371
92376
92377
92378
92379
92380
92380
92382
92383
92383
92383
92383
92384
92384
92385
92385
92386
92387
92389
92390
92392
92393
92394
92394
92397
92397
92397
92398
92399
92399
92400
92402
92402
92402
92403
92406
92407
92407
92407
92407
92407
92408
92409
92411
92413
92415
92416
92419
92419
92419
92419
92420
92425
92426
92428
92428
92429
92430
92431
92432
92436
92441
92444
92445
92446
92449
92449
92450
92451
92454
92455
92455
92456
92456
92457
92459
92459
92461
92462
92462
92462
92464
92464
92465
92466
92466
92466
92466
92468
92470
92471
92473
92474
92475
92477
92478
92479
92480
92482
92483
92483
92484
92489
92489
92492
92493
92494
92495
92495
92497
92498
92500
92502
92504
92505
92505
92507
92508
92508
92509
92511
92512
92516
92516
92517
92517
92519
92520
92522
92523
92524
92526
92527
92527
92527
92528
92528
92529
92530
92531
92531
92533
92535
92536
92536
92537
92538
92538
92538
92539
92541
92541
92544
92544
92544
92550
92550
92550
92552
92552
92553
92553
92553
92553
92556
92557
92558
92561
92561
92561
92561
92561
92562
92564
92565
92566
92566
92567
92567
92569
92569
92569
92570
92571
92572
92572
92574
92574
92578
92578
92579
92579
92579
92579
92580
92583
92585
92585
92585
92590
92590
92591
92591
92594
92595
92595
92597
92598
92598
92604
92607
92610
92612
92612
92614
92614
92616
92617
92617
92617
92618
92619
92621
92622
92625
92627
92629
92630
92631
92631
92632
92632
92636
92637
92638
92639
92640
92640
92640
92641
92642
92643
92645
92646
92647
92648
92649
92650
92651
92652
92653
92655
92655
92655
92657
92658
92659
92659
92661
92664
92665
92666
92667
92667
92667
92667
92671
92672
92672
92672
92673
92673
92674
92674
92675
92675
92676
92676
92676
92678
92679
92680
92680
92681
92681
92682
92683
92683
92685
92685
92685
92686
92689
92692
92693
92693
92695
92695
92698
92698
92699
92699
92699
92700
92700
92701
92701
92702
92706
92707
92709
92710
92710
92711
92711
92712
92714
92717
92717
92718
92719
92721
92721
92722
92722
92723
92726
92726
92728
92729
92730
92731
92731
92732
92733
92736
92736
92737
92738
92738
92739
92740
92740
92742
92743
92743
92744
92744
92744
92746
92747
92747
92748
92750
92750
92751
92753
92753
92757
92757
92759
92759
92760
92761
92762
92766
92767
92767
92769
92770
92771
92771
92772
92775
92776
92780
92782
92783
92784
92784
92785
92786
92786
92787
92788
92790
92790
92790
92792
92794
92798
92799
92799
92800
92800
92800
92801
92802
92802
92802
92803
92803
92804
92805
92805
92806
92806
92807
92808
92808
92810
92811
92811
92812
92813
92815
92816
92818
92818
92818
92824
92825
92826
92826
92827
92828
92829
92832
92833
92833
92834
92835
92836
92837
92838
92839
92839
92840
92841
92841
92842
92842
92845
92846
92846
92847
92848
92849
92851
92853
92854
92858
92860
92861
92861
92862
92862
92864
92865
92866
92866
92867
92870
92870
92872
92872
92872
92873
92874
92874
92876
92877
92877
92878
92878
92881
92882
92883
92885
92887
92889
92891
92891
92893
92895
92895
92895
92896
92896
92897
92897
92898
92899
92899
92900
92901
92902
92902
92902
92904
92905
92905
92905
92906
92906
92908
92910
92910
92910
92913
92914
92914
92914
92917
92917
92918
92920
92920
92921
92922
92923
92923
92924
92925
92927
92928
92930
92930
92930
92932
92932
92932
92933
92933
92936
92937
92937
92937
92937
92940
92941
92942
92943
92944
92945
92945
92945
92950
92950
92952
92953
92955
92955
92955
92957
92959
92959
92960
92960
92965
92966
92967
92967
92967
92969
92969
92970
92970
92971
92972
92972
92973
92974
92974
92976
92977
92977
92978
92979
92980
92981
92985
92986
92987
92989
92989
92993
92993
92993
92993
92994
92994
92996
92998
93000
93001
93005
93005
93006
93007
93010
93010
93011
93011
93012
93013
93013
93014
93016
93017
93017
93018
93022
93023
93025
93025
93026
93026
93026
93027
93028
93029
93029
93030
93030
93030
93031
93035
93035
93038
93038
93038
93038
93038
93039
93039
93040
93044
93044
93045
93045
93045
93046
93046
93046
93049
93051
93051
93052
93054
93055
93055
93057
93058
93058
93062
93063
93063
93064
93065
93065
93066
93066
93068
93068
93069
93070
93070
93070
93074
93074
93075
93079
93080
93081
93084
93084
93086
93086
93086
93088
93089
93089
93090
93091
93091
93091
93092
93092
93093
93094
93095
93097
93099
93099
93099
93101
93101
93101
93102
93103
93103
93106
93108
93108
93108
93109
93110
93110
93111
93112
93115
93118
93118
93119
93120
93122
93124
93126
93126
93128
93129
93129
93129
93130
93130
93131
93133
93134
93135
93136
93138
93138
93139
93140
93143
93143
93143
93144
93144
93144
93145
93146
93146
93147
93152
93155
93155
93156
93156
93157
93159
93160
93160
93162
93163
93164
93165
93165
93165
93166
93166
93166
93166
93167
93170
93170
93171
93171
93171
93172
93173
93175
93181
93182
93182
93184
93185
93185
93188
93189
93190
93191
93192
93192
93192
93192
93193
93193
93194
93194
93195
93195
93196
93198
93198
93199
93202
93203
93204
93205
93205
93206
93206
93207
93209
93209
93209
93210
93212
93218
93219
93219
93221
93221
93223
93224
93225
93227
93227
93228
93230
93231
93233
93233
93238
93238
93239
93240
93241
93241
93245
93247
93247
93248
93249
93250
93251
93252
93253
93254
93254
93255
93257
93257
93257
93257
93259
93260
93260
93262
93263
93264
93266
93268
93269
93269
93270
93271
93271
93272
93272
93272
93273
93273
93274
93274
93275
93276
93278
93280
93282
93283
93283
93285
93285
93286
93288
93288
93289
93291
93291
93291
93292
93294
93294
93294
93294
93297
93297
93298
93299
93300
93300
93301
93301
93302
93303
93304
93306
93307
93310
93311
93311
93313
93313
93313
93314
93316
93318
93318
93319
93322
93322
93323
93323
93325
93325
93326
93326
93326
93328
93328
93330
93331
93331
93331
93332
93335
93336
93337
93337
93338
93338
93339
93339
93340
93340
93342
93342
93344
93346
93346
93347
93347
93347
93348
93349
93350
93350
93350
93351
93354
93356
93357
93358
93358
93358
93358
93360
93364
93364
93366
93368
93368
93368
93369
93370
93372
93372
93372
93373
93374
93374
93374
93375
93376
93376
93378
93378
93379
93379
93380
93381
93384
93384
93384
93385
93385
93389
93390
93390
93394
93394
93395
93397
93397
93398
93398
93399
93399
93400
93401
93401
93401
93407
93407
93409
93410
93411
93412
93412
93412
93414
93414
93414
93416
93417
93417
93419
93419
93419
93420
93420
93421
93421
93423
93424
93426
93426
93430
93431
93433
93433
93433
93434
93436
93436
93437
93438
93438
93441
93441
93442
93442
93444
93444
93444
93444
93444
93446
93446
93447
93448
93448
93448
93448
93448
93448
93449
93453
93453
93457
93457
93458
93460
93460
93461
93462
93463
93463
93464
93464
93464
93465
93467
93467
93469
93469
93469
93470
93471
93472
93473
93475
93476
93477
93477
93477
93478
93478
93479
93481
93481
93481
93482
93482
93483
93484
93484
93485
93486
93487
93487
93490
93490
93491
93492
93493
93494
93494
93497
93499
93501
93501
93506
93507
93507
93507
93507
93509
93511
93511
93512
93514
93514
93514
93515
93518
93519
93519
93520
93520
93520
93521
93523
93525
93528
93528
93529
93531
93532
93533
93534
93534
93535
93537
93537
93538
93538
93539
93540
93542
93543
93544
93546
93546
93546
93552
93553
93553
93554
93560
93563
93564
93565
93566
93566
93566
93567
93567
93569
93569
93571
93571
93572
93574
93574
93577
93578
93578
93578
93578
93579
93582
93582
93582
93582
93585
93586
93589
93589
93589
93593
93593
93595
93596
93596
93596
93598
93600
93600
93603
93604
93604
93604
93605
93606
93607
93607
93607
93608
93609
93610
93611
93613
93613
93613
93614
93614
93616
93616
93617
93618
93618
93620
93621
93622
93622
93623
93624
93624
93624
93624
93629
93629
93630
93631
93632
93635
93636
93637
93638
93638
93639
93641
93641
93642
93642
93642
93642
93644
93646
93646
93648
93648
93649
93651
93651
93652
93653
93653
93654
93654
93655
93655
93655
93657
93657
93658
93659
93659
93660
93660
93661
93661
93662
93663
93663
93663
93664
93664
93664
93664
93667
93669
93670
93670
93670
93670
93670
93672
93672
93673
93675
93676
93676
93676
93676
93677
93678
93679
93681
93681
93682
93684
93685
93686
93686
93687
93688
93689
93690
93691
93693
93694
93696
93697
93697
93697
93698
93700
93707
93710
93710
93713
93713
93714
93716
93717
93717
93717
93718
93720
93721
93722
93722
93723
93723
93726
93726
93727
93730
93734
93734
93734
93735
93735
93735
93736
93737
93737
93739
93740
93742
93743
93745
93748
93749
93750
93751
93753
93756
93760
93761
93761
93762
93763
93763
93766
93767
93768
93768
93770
93771
93772
93772
93773
93774
93778
93778
93779
93781
93782
93782
93782
93783
93783
93784
93789
93791
93792
93793
93793
93793
93793
93794
93795
93796
93797
93797
93798
93798
93799
93799
93801
93801
93801
93802
93806
93807
93807
93810
93812
93812
93813
93813
93814
93814
93815
93815
93815
93815
93816
93817
93817
93817
93819
93819
93820
93821
93822
93822
93823
93823
93823
93824
93824
93825
93825
93827
93830
93832
93833
93833
93833
93834
93835
93836
93836
93837
93837
93837
93838
93839
93840
93840
93844
93846
93848
93848
93849
93849
93850
93850
93850
93850
93851
93851
93852
93852
93853
93855
93856
93857
93857
93859
93859
93860
93860
93861
93862
93864
93868
93871
93872
93873
93873
93874
93875
93875
93875
93875
93876
93876
93876
93877
93881
93881
93882
93883
93888
93890
93890
93891
93892
93893
93896
93897
93897
93898
93898
93898
93899
93900
93900
93901
93901
93902
93903
93905
93906
93907
93908
93908
93911
93914
93914
93917
93918
93919
93922
93924
93924
93925
93925
93926
93928
93929
93930
93930
93931
93932
93933
93935
93935
93936
93936
93938
93940
93941
93941
93941
93942
93943
93943
93943
93945
93945
93947
93947
93947
93948
93950
93951
93952
93954
93955
93955
93958
93960
93962
93963
93964
93965
93967
93967
93968
93969
93970
93973
93974
93975
93976
93977
93977
93978
93981
93982
93982
93983
93983
93984
93984
93986
93987
93987
93988
93988
93988
93989
93990
93991
93993
93993
93996
93996
93996
93997
93997
93998
93998
94000
94000
94002
94003
94005
94005
94005
94006
94006
94008
94009
94010
94011
94011
94012
94013
94013
94013
94013
94015
94015
94015
94015
94015
94015
94016
94017
94017
94017
94018
94018
94018
94019
94020
94021
94021
94022
94023
94023
94023
94024
94025
94028
94030
94032
94033
94034
94035
94035
94035
94036
94036
94037
94038
94038
94040
94041
94043
94043
94043
94044
94045
94048
94050
94052
94052
94052
94052
94053
94055
94057
94060
94060
94060
94061
94061
94062
94063
94065
94065
94066
94067
94068
94070
94072
94073
94075
94075
94076
94077
94079
94081
94082
94083
94083
94086
94086
94088
94088
94090
94090
94090
94090
94090
94091
94091
94092
94093
94094
94095
94095
94098
94098
94100
94100
94101
94102
94103
94103
94103
94105
94106
94106
94106
94107
94107
94108
94109
94109
94109
94110
94110
94111
94113
94114
94115
94123
94124
94124
94124
94127
94129
94129
94129
94133
94135
94136
94137
94137
94138
94139
94139
94140
94141
94143
94143
94144
94146
94146
94148
94149
94150
94150
94151
94152
94152
94153
94153
94154
94154
94155
94155
94158
94158
94158
94161
94161
94161
94162
94162
94164
94165
94165
94165
94167
94169
94169
94170
94173
94173
94175
94176
94177
94178
94178
94181
94183
94183
94183
94184
94184
94185
94187
94187
94189
94190
94191
94192
94192
94193
94193
94194
94195
94195
94197
94198
94202
94203
94203
94204
94204
94205
94207
94207
94211
94211
94211
94212
94213
94213
94215
94215
94216
94218
94219
94219
94220
94220
94220
94221
94222
94223
94223
94224
94227
94228
94228
94228
94229
94230
94231
94235
94235
94236
94236
94237
94237
94241
94241
94242
94242
94243
94243
94243
94243
94244
94244
94244
94244
94245
94246
94246
94247
94247
94247
94247
94248
94248
94250
94250
94250
94250
94253
94254
94254
94255
94255
94258
94258
94260
94260
94261
94261
94262
94263
94264
94264
94265
94267
94269
94269
94270
94270
94271
94272
94275
94278
94280
94282
94283
94283
94284
94285
94286
94287
94288
94288
94289
94289
94291
94292
94292
94293
94294
94295
94296
94297
94297
94299
94300
94300
94301
94302
94302
94303
94304
94309
94310
94311
94312
94312
94314
94315
94315
94315
94317
94319
94321
94321
94327
94331
94336
94336
94337
94338
94339
94340
94341
94343
94345
94348
94350
94352
94353
94353
94353
94355
94355
94357
94360
94361
94362
94362
94364
94365
94366
94369
94370
94370
94372
94373
94374
94374
94375
94379
94379
94379
94383
94383
94384
94384
94385
94388
94388
94388
94388
94388
94390
94391
94391
94392
94392
94395
94396
94397
94399
94399
94400
94400
94403
94404
94405
94407
94407
94407
94407
94408
94408
94408
94408
94409
94410
94411
94413
94416
94418
94419
94419
94423
94424
94424
94424
94426
94427
94428
94428
94429
94430
94431
94432
94432
94432
94433
94434
94435
94436
94437
94437
94439
94440
94442
94444
94446
94446
94448
94448
94449
94450
94451
94451
94453
94453
94456
94456
94456
94458
94459
94459
94459
94459
94460
94462
94462
94464
94465
94465
94466
94468
94469
94470
94471
94471
94472
94473
94475
94475
94475
94476
94476
94478
94480
94480
94481
94482
94484
94487
94487
94487
94487
94489
94489
94489
94490
94490
94493
94493
94495
94497
94497
94499
94499
94501
94502
94504
94504
94505
94506
94506
94507
94508
94508
94509
94509
94512
94514
94518
94520
94524
94525
94526
94526
94526
94527
94527
94527
94528
94528
94528
94529
94530
94532
94533
94535
94535
94536
94536
94536
94536
94536
94537
94538
94538
94538
94539
94539
94539
94540
94541
94544
94546
94547
94549
94550
94550
94551
94553
94553
94554
94554
94554
94555
94555
94555
94555
94559
94560
94561
94561
94562
94562
94563
94564
94564
94564
94565
94566
94566
94567
94569
94569
94570
94571
94571
94571
94571
94572
94573
94575
94579
94581
94582
94583
94585
94585
94585
94586
94587
94588
94589
94590
94590
94590
94591
94592
94593
94595
94596
94597
94597
94597
94599
94599
94599
94600
94603
94607
94607
94608
94609
94610
94610
94612
94614
94614
94614
94615
94617
94620
94620
94620
94621
94621
94621
94621
94622
94623
94624
94624
94628
94628
94629
94632
94633
94634
94636
94638
94639
94640
94640
94640
94641
94643
94643
94644
94644
94645
94646
94647
94648
94649
94649
94651
94652
94653
94653
94654
94654
94654
94655
94655
94655
94656
94657
94657
94658
94658
94659
94660
94660
94662
94662
94662
94663
94665
94665
94666
94667
94667
94668
94669
94670
94673
94675
94676
94678
94678
94680
94680
94683
94684
94684
94684
94685
94686
94686
94687
94688
94689
94691
94696
94696
94696
94697
94698
94699
94699
94700
94701
94701
94702
94702
94703
94706
94707
94710
94710
94710
94711
94711
94713
94716
94717
94717
94720
94721
94721
94721
94722
94723
94723
94724
94725
94727
94728
94729
94729
94730
94732
94734
94735
94735
94736
94736
94737
94739
94740
94740
94740
94741
94742
94743
94744
94744
94744
94746
94746
94747
94748
94749
94749
94750
94751
94752
94752
94752
94752
94753
94753
94754
94754
94754
94754
94755
94755
94755
94756
94757
94759
94759
94760
94762
94763
94763
94764
94765
94766
94768
94769
94770
94771
94771
94772
94776
94778
94779
94780
94780
94782
94782
94783
94784
94788
94789
94791
94791
94792
94792
94793
94793
94795
94796
94797
94798
94801
94803
94803
94803
94804
94804
94806
94807
94807
94807
94807
94808
94808
94808
94810
94812
94812
94813
94814
94814
94814
94814
94814
94817
94817
94817
94817
94818
94818
94818
94819
94820
94822
94823
94823
94825
94825
94826
94826
94827
94831
94832
94833
94834
94835
94836
94838
94838
94839
94842
94842
94843
94844
94845
94846
94847
94848
94849
94850
94851
94853
94855
94857
94858
94860
94861
94862
94863
94864
94864
94865
94866
94867
94867
94868
94870
94872
94873
94873
94875
94876
94877
94878
94879
94880
94880
94881
94883
94885
94885
94887
94887
94888
94889
94889
94889
94890
94890
94890
94890
94893
94893
94895
94895
94895
94896
94897
94898
94898
94898
94901
94904
94904
94906
94908
94910
94911
94912
94912
94914
94917
94917
94920
94920
94921
94922
94923
94923
94925
94925
94925
94926
94928
94929
94930
94933
94934
94934
94935
94936
94936
94938
94939
94941
94941
94944
94945
94945
94948
94950
94951
94956
94958
94959
94960
94961
94962
94962
94963
94965
94965
94966
94967
94968
94968
94969
94969
94970
94971
94972
94973
94973
94974
94975
94976
94978
94979
94980
94980
94982
94984
94985
94985
94986
94986
94986
94989
94990
94990
94991
94994
94994
94995
94995
94996
94997
94999
94999
95000
95001
95003
95004
95004
95005
95005
95008
95008
95008
95009
95012
95013
95014
95015
95015
95016
95017
95017
95019
95020
95021
95023
95026
95026
95028
95029
95029
95029
95029
95031
95031
95034
95035
95037
95039
95043
95045
95045
95046
95047
95050
95052
95053
95053
95056
95056
95058
95058
95060
95060
95060
95061
95063
95067
95071
95072
95072
95073
95073
95074
95075
95076
95076
95078
95078
95080
95081
95083
95084
95085
95085
95085
95086
95087
95088
95088
95090
95090
95091
95091
95092
95094
95095
95095
95095
95096
95096
95096
95097
95097
95098
95098
95099
95099
95101
95101
95104
95104
95104
95105
95106
95109
95112
95112
95113
95115
95118
95119
95120
95120
95121
95121
95122
95124
95124
95125
95125
95126
95126
95128
95129
95129
95132
95132
95133
95135
95137
95138
95139
95140
95141
95141
95143
95143
95144
95144
95145
95146
95147
95149
95149
95152
95153
95155
95156
95156
95160
95160
95161
95163
95164
95166
95167
95168
95168
95169
95169
95170
95170
95171
95171
95171
95172
95173
95173
95173
95173
95176
95177
95178
95178
95179
95179
95181
95182
95183
95183
95183
95184
95184
95184
95184
95185
95186
95187
95187
95190
95194
95196
95197
95201
95203
95204
95206
95206
95206
95209
95210
95210
95212
95213
95213
95214
95214
95215
95215
95217
95218
95222
95222
95222
95226
95227
95229
95230
95232
95234
95235
95237
95238
95240
95240
95240
95241
95242
95243
95244
95245
95245
95245
95249
95249
95252
95252
95252
95252
95253
95254
95255
95255
95255
95255
95255
95256
95257
95257
95257
95258
95259
95259
95261
95262
95264
95265
95266
95266
95266
95267
95267
95268
95270
95271
95271
95273
95275
95276
95276
95276
95277
95279
95280
95281
95282
95282
95283
95284
95285
95286
95287
95287
95287
95290
95290
95291
95292
95292
95292
95293
95294
95295
95296
95298
95300
95300
95300
95301
95301
95303
95306
95306
95307
95310
95310
95311
95311
95311
95312
95314
95316
95316
95318
95318
95322
95322
95323
95323
95324
95324
95326
95329
95329
95332
95333
95335
95338
95338
95340
95341
95342
95342
95342
95344
95345
95345
95346
95346
95346
95349
95350
95352
95354
95354
95355
95355
95357
95357
95357
95358
95359
95360
95360
95360
95361
95362
95362
95365
95366
95367
95369
95369
95371
95372
95373
95374
95374
95377
95377
95379
95379
95380
95382
95383
95384
95384
95384
95385
95388
95389
95389
95390
95392
95394
95394
95394
95395
95396
95396
95396
95397
95399
95400
95401
95403
95403
95404
95407
95407
95408
95408
95408
95410
95410
95410
95412
95412
95412
95413
95414
95415
95415
95416
95416
95417
95419
95419
95422
95422
95424
95424
95425
95427
95427
95428
95429
95431
95432
95432
95434
95434
95436
95438
95439
95439
95440
95443
95443
95444
95449
95449
95450
95450
95451
95451
95451
95451
95452
95452
95455
95456
95456
95456
95458
95458
95459
95460
95461
95461
95462
95464
95464
95467
95467
95469
95471
95472
95473
95473
95474
95475
95475
95476
95476
95479
95479
95480
95480
95482
95482
95482
95482
95483
95483
95484
95484
95485
95486
95487
95487
95488
95489
95489
95489
95491
95491
95491
95495
95496
95497
95499
95501
95502
95502
95504
95505
95505
95505
95507
95508
95508
95509
95510
95512
95512
95512
95515
95516
95516
95517
95519
95520
95520
95521
95523
95524
95524
95525
95526
95526
95527
95528
95528
95529
95529
95530
95533
95533
95533
95534
95537
95538
95541
95541
95542
95543
95544
95544
95545
95546
95546
95547
95547
95548
95548
95548
95548
95549
95551
95552
95552
95554
95554
95554
95555
95558
95559
95561
95561
95561
95562
95562
95563
95564
95565
95565
95567
95567
95569
95572
95573
95573
95576
95576
95576
95576
95576
95577
95577
95578
95578
95578
95580
95580
95584
95584
95586
95588
95588
95589
95590
95593
95593
95594
95595
95596
95598
95598
95599
95602
95609
95609
95610
95612
95612
95613
95615
95615
95616
95617
95617
95618
95619
95620
95620
95622
95622
95623
95623
95623
95623
95625
95626
95626
95627
95628
95629
95631
95633
95635
95638
95638
95638
95639
95639
95641
95641
95641
95641
95642
95644
95646
95649
95653
95654
95655
95657
95657
95660
95662
95664
95665
95665
95666
95668
95668
95669
95670
95671
95672
95672
95672
95672
95673
95673
95675
95678
95678
95680
95680
95680
95681
95682
95683
95683
95683
95683
95683
95685
95686
95686
95686
95687
95687
95688
95688
95688
95689
95689
95692
95693
95693
95694
95695
95695
95695
95697
95698
95699
95699
95699
95700
95700
95701
95703
95703
95704
95705
95705
95705
95706
95706
95708
95714
95714
95715
95716
95717
95717
95717
95719
95721
95723
95724
95725
95727
95728
95730
95732
95732
95735
95736
95737
95740
95740
95740
95741
95742
95747
95747
95748
95748
95749
95752
95752
95753
95753
95754
95754
95755
95755
95755
95756
95757
95759
95760
95761
95762
95767
95767
95767
95767
95773
95773
95780
95780
95781
95782
95782
95782
95782
95784
95788
95790
95791
95792
95792
95794
95795
95795
95797
95799
95799
95799
95801
95803
95807
95811
95811
95813
95813
95813
95814
95815
95815
95817
95818
95818
95819
95819
95819
95821
95822
95822
95823
95828
95829
95830
95830
95830
95831
95831
95831
95832
95832
95833
95835
95837
95837
95841
95842
95843
95843
95843
95845
95847
95848
95848
95849
95849
95853
95853
95854
95855
95856
95856
95858
95859
95860
95864
95866
95867
95867
95869
95869
95870
95872
95873
95873
95876
95878
95879
95879
95880
95880
95881
95882
95884
95884
95884
95886
95886
95889
95890
95892
95893
95893
95894
95897
95897
95901
95903
95905
95906
95908
95908
95908
95909
95911
95911
95913
95913
95913
95914
95916
95916
95916
95917
95918
95918
95919
95920
95923
95924
95924
95932
95933
95933
95934
95934
95935
95936
95941
95942
95942
95943
95944
95945
95947
95949
95949
95950
95950
95951
95952
95955
95955
95955
95956
95956
95956
95958
95958
95959
95960
95961
95962
95964
95964
95966
95966
95967
95968
95970
95970
95971
95971
95972
95972
95973
95974
95976
95978
95978
95979
95979
95979
95979
95980
95981
95981
95983
95984
95984
95986
95987
95989
95990
95991
95991
95992
95992
95992
95992
95993
95996
95997
95998
95999
96000
96000
96001
96002
96002
96003
96003
96005
96005
96006
96007
96007
96007
96008
96008
96009
96011
96013
96013
96017
96018
96018
96020
96020
96020
96020
96021
96021
96022
96022
96024
96024
96027
96027
96028
96029
96030
96030
96031
96031
96032
96033
96033
96036
96036
96036
96037
96037
96038
96040
96041
96043
96044
96045
96045
96047
96047
96048
96048
96050
96052
96052
96052
96055
96056
96057
96058
96058
96060
96062
96062
96062
96063
96063
96064
96066
96066
96067
96068
96068
96069
96070
96074
96075
96075
96076
96077
96078
96080
96080
96081
96081
96084
96084
96085
96086
96087
96087
96087
96087
96088
96089
96090
96090
96091
96091
96092
96093
96093
96093
96093
96094
96098
96100
96101
96101
96102
96103
96104
96105
96105
96105
96106
96106
96106
96106
96108
96109
96109
96110
96110
96110
96111
96113
96113
96114
96115
96116
96117
96118
96118
96120
96120
96120
96121
96124
96125
96125
96125
96127
96127
96128
96134
96135
96137
96138
96138
96139
96140
96144
96144
96145
96145
96146
96147
96147
96149
96151
96152
96154
96154
96155
96155
96156
96156
96157
96157
96158
96158
96160
96160
96161
96162
96163
96164
96165
96165
96166
96166
96166
96167
96167
96173
96173
96174
96174
96175
96175
96176
96178
96179
96179
96181
96182
96183
96184
96185
96185
96188
96188
96189
96191
96193
96193
96194
96195
96198
96199
96200
96200
96200
96201
96201
96201
96203
96205
96207
96208
96209
96212
96212
96213
96214
96215
96215
96216
96217
96218
96219
96220
96220
96220
96222
96223
96223
96223
96223
96226
96227
96227
96229
96230
96231
96235
96235
96235
96236
96238
96241
96241
96241
96243
96243
96243
96244
96246
96246
96248
96248
96250
96250
96251
96252
96255
96256
96257
96258
96260
96261
96262
96264
96264
96264
96265
96266
96266
96268
96268
96270
96270
96272
96273
96274
96274
96276
96277
96279
96279
96280
96284
96285
96289
96293
96293
96295
96296
96298
96298
96299
96300
96300
96303
96304
96305
96305
96309
96310
96312
96314
96314
96315
96316
96317
96317
96320
96321
96324
96325
96329
96329
96329
96330
96330
96330
96331
96332
96332
96332
96333
96333
96334
96334
96335
96335
96336
96337
96337
96339
96340
96341
96346
96347
96348
96349
96349
96350
96353
96355
96355
96356
96356
96357
96358
96359
96360
96360
96362
96363
96363
96363
96364
96364
96364
96368
96370
96370
96372
96372
96373
96376
96377
96378
96381
96383
96384
96384
96388
96389
96389
96389
96390
96390
96391
96391
96393
96393
96394
96395
96395
96397
96397
96397
96399
96399
96401
96402
96402
96402
96403
96405
96405
96405
96406
96408
96408
96408
96409
96411
96411
96412
96413
96413
96414
96414
96414
96414
96418
96420
96420
96420
96422
96424
96426
96426
96427
96427
96430
96430
96436
96436
96437
96438
96438
96439
96439
96439
96440
96442
96443
96445
96445
96445
96446
96447
96448
96448
96448
96449
96449
96450
96450
96452
96452
96453
96455
96457
96458
96459
96460
96460
96462
96463
96463
96464
96465
96465
96465
96465
96466
96466
96467
96468
96468
96469
96469
96470
96472
96473
96474
96477
96478
96479
96479
96480
96480
96480
96481
96481
96481
96481
96482
96484
96484
96485
96486
96486
96492
96493
96495
96498
96500
96500
96500
96500
96503
96504
96507
96508
96509
96510
96510
96511
96514
96514
96515
96516
96518
96519
96520
96520
96522
96522
96522
96532
96538
96539
96541
96542
96543
96543
96544
96544
96545
96546
96546
96548
96549
96550
96550
96550
96551
96552
96554
96554
96556
96557
96558
96559
96559
96560
96561
96562
96562
96564
96564
96566
96568
96568
96569
96572
96574
96574
96575
96578
96579
96579
96581
96582
96583
96585
96586
96586
96590
96592
96594
96596
96597
96599
96600
96600
96601
96601
96601
96602
96604
96604
96606
96606
96607
96613
96613
96617
96618
96620
96623
96623
96624
96624
96624
96625
96625
96627
96628
96630
96631
96632
96633
96634
96634
96636
96636
96638
96639
96639
96639
96643
96644
96644
96645
96645
96646
96648
96649
96650
96656
96657
96658
96663
96665
96666
96666
96668
96669
96670
96671
96672
96672
96672
96672
96673
96673
96675
96675
96676
96677
96678
96679
96682
96682
96683
96683
96683
96684
96685
96685
96686
96689
96689
96689
96689
96690
96690
96691
96692
96693
96695
96696
96699
96700
96702
96702
96702
96703
96703
96704
96709
96709
96711
96713
96715
96715
96716
96716
96719
96720
96720
96720
96720
96721
96722
96723
96724
96724
96726
96727
96727
96727
96729
96729
96729
96731
96732
96734
96734
96737
96738
96738
96739
96739
96739
96742
96744
96744
96746
96748
96749
96751
96756
96756
96758
96758
96758
96759
96760
96761
96761
96761
96762
96763
96766
96771
96771
96775
96776
96777
96779
96779
96780
96781
96782
96782
96785
96785
96785
96785
96786
96786
96786
96787
96788
96790
96791
96791
96791
96791
96792
96793
96794
96794
96796
96796
96797
96800
96800
96800
96801
96801
96801
96802
96802
96804
96804
96805
96808
96808
96808
96809
96809
96809
96810
96811
96811
96816
96816
96816
96817
96817
96819
96820
96821
96822
96824
96824
96825
96826
96826
96826
96827
96829
96830
96830
96831
96834
96836
96839
96839
96839
96840
96840
96840
96844
96849
96850
96850
96851
96853
96854
96858
96860
96860
96860
96864
96865
96865
96868
96869
96870
96870
96871
96872
96872
96874
96874
96875
96879
96880
96880
96881
96881
96881
96883
96884
96884
96885
96886
96886
96887
96887
96888
96888
96889
96889
96889
96890
96891
96892
96893
96893
96894
96895
96895
96895
96896
96896
96896
96898
96899
96901
96901
96901
96902
96903
96904
96906
96907
96908
96909
96909
96912
96916
96917
96918
96918
96918
96918
96919
96920
96920
96921
96922
96923
96923
96923
96924
96925
96926
96929
96929
96930
96931
96933
96936
96938
96939
96940
96940
96941
96941
96946
96947
96947
96948
96949
96949
96952
96952
96952
96953
96953
96955
96955
96956
96957
96959
96959
96959
96960
96961
96962
96963
96966
96966
96967
96969
96970
96971
96971
96971
96971
96972
96972
96972
96973
96973
96974
96975
96975
96976
96977
96979
96980
96980
96981
96982
96982
96986
96986
96987
96987
96987
96989
96991
96991
96993
96994
96998
96998
97000
97001
97002
97003
97004
97006
97006
97008
97011
97014
97014
97015
97015
97015
97016
97016
97016
97022
97024
97025
97025
97025
97025
97027
97027
97028
97029
97031
97032
97036
97037
97040
97042
97043
97043
97046
97047
97048
97048
97049
97050
97052
97052
97053
97057
97059
97060
97061
97062
97062
97063
97063
97064
97064
97068
97069
97072
97077
97079
97080
97080
97081
97083
97084
97085
97091
97092
97092
97094
97094
97097
97098
97099
97105
97105
97105
97106
97107
97107
97107
97108
97108
97111
97113
97114
97114
97118
97118
97118
97120
97120
97121
97121
97121
97122
97123
97123
97123
97125
97125
97126
97127
97131
97131
97132
97133
97133
97134
97134
97136
97137
97138
97138
97139
97140
97143
97144
97145
97145
97146
97147
97148
97148
97148
97149
97150
97150
97150
97150
97151
97151
97152
97153
97154
97154
97157
97158
97158
97158
97161
97161
97161
97162
97162
97163
97167
97167
97168
97171
97173
97173
97174
97176
97176
97176
97177
97177
97178
97181
97182
97183
97185
97186
97188
97189
97189
97191
97193
97194
97194
97196
97197
97197
97199
97199
97199
97200
97200
97200
97200
97201
97201
97202
97203
97203
97204
97204
97204
97205
97206
97206
97206
97207
97208
97209
97209
97210
97211
97212
97213
97213
97214
97217
97217
97218
97218
97220
97221
97222
97222
97224
97224
97225
97226
97226
97227
97230
97230
97230
97231
97231
97233
97234
97235
97236
97236
97236
97237
97238
97239
97240
97240
97241
97242
97243
97243
97243
97244
97245
97248
97250
97251
97252
97255
97255
97257
97258
97258
97258
97261
97261
97262
97262
97262
97263
97264
97266
97266
97268
97268
97268
97271
97271
97274
97276
97276
97276
97280
97280
97282
97282
97282
97284
97285
97285
97285
97286
97287
97290
97290
97291
97291
97293
97293
97295
97298
97299
97299
97299
97300
97303
97304
97306
97306
97308
97309
97309
97310
97311
97312
97312
97312
97313
97314
97315
97316
97316
97317
97319
97320
97321
97321
97322
97323
97324
97324
97324
97325
97325
97326
97328
97329
97330
97332
97333
97336
97336
97337
97340
97340
97342
97342
97344
97346
97346
97346
97347
97348
97352
97352
97352
97353
97355
97355
97356
97358
97360
97360
97361
97365
97367
97368
97370
97370
97373
97376
97376
97378
97379
97382
97383
97383
97384
97389
97390
97390
97390
97392
97395
97396
97396
97399
97400
97400
97401
97402
97402
97402
97405
97405
97406
97407
97407
97408
97408
97408
97409
97410
97410
97412
97415
97416
97416
97419
97419
97419
97421
97421
97422
97424
97424
97426
97429
97429
97430
97431
97431
97432
97433
97435
97436
97442
97443
97443
97445
97447
97447
97448
97451
97451
97452
97453
97454
97457
97460
97461
97462
97464
97464
97465
97467
97470
97472
97472
97474
97475
97475
97476
97476
97477
97480
97480
97481
97481
97481
97482
97482
97482
97484
97484
97485
97485
97486
97486
97487
97487
97487
97487
97488
97490
97492
97492
97496
97496
97497
97497
97497
97498
97500
97501
97503
97505
97510
97511
97512
97513
97513
97513
97515
97515
97515
97516
97518
97518
97520
97521
97521
97524
97524
97526
97527
97528
97528
97529
97529
97529
97530
97531
97532
97532
97532
97532
97533
97534
97534
97536
97537
97538
97538
97539
97542
97543
97544
97544
97546
97546
97550
97551
97551
97552
97552
97553
97553
97554
97555
97555
97555
97556
97556
97557
97557
97557
97558
97559
97561
97561
97562
97563
97563
97564
97564
97565
97565
97565
97570
97571
97573
97574
97574
97574
97575
97577
97577
97578
97578
97580
97580
97581
97581
97581
97582
97583
97584
97585
97586
97588
97588
97588
97589
97589
97592
97592
97592
97592
97593
97596
97597
97599
97599
97600
97601
97601
97602
97603
97603
97603
97603
97604
97604
97605
97605
97605
97606
97606
97607
97608
97610
97612
97613
97613
97615
97615
97616
97617
97617
97617
97617
97618
97621
97621
97624
97624
97627
97627
97628
97628
97628
97629
97629
97630
97630
97631
97631
97633
97633
97634
97634
97635
97636
97637
97637
97638
97639
97639
97640
97640
97641
97641
97641
97642
97642
97644
97645
97646
97646
97647
97647
97648
97648
97648
97648
97649
97649
97650
97651
97654
97655
97655
97657
97658
97659
97659
97661
97661
97662
97663
97663
97665
97665
97666
97666
97667
97668
97668
97670
97670
97672
97672
97674
97675
97675
97676
97676
97676
97677
97678
97679
97679
97681
97681
97681
97682
97683
97683
97684
97684
97684
97685
97685
97685
97686
97688
97688
97688
97689
97689
97690
97690
97691
97691
97694
97695
97697
97698
97701
97705
97705
97707
97707
97708
97709
97709
97712
97712
97714
97714
97714
97715
97715
97716
97717
97718
97719
97721
97723
97724
97724
97725
97725
97726
97727
97728
97729
97733
97734
97735
97736
97736
97738
97738
97739
97741
97742
97744
97747
97748
97752
97753
97753
97753
97754
97754
97755
97758
97759
97763
97763
97764
97764
97764
97766
97766
97767
97768
97769
97770
97771
97772
97774
97775
97775
97777
97778
97779
97780
97781
97782
97785
97786
97787
97787
97787
97788
97788
97789
97791
97791
97793
97794
97794
97796
97796
97796
97799
97806
97806
97806
97810
97810
97811
97814
97815
97815
97815
97818
97819
97820
97821
97821
97823
97824
97824
97827
97827
97829
97831
97831
97834
97836
97837
97838
97839
97840
97840
97842
97846
97849
97849
97853
97854
97855
97855
97857
97857
97857
97861
97862
97862
97863
97863
97863
97864
97864
97864
97865
97867
97869
97874
97875
97876
97877
97879
97879
97882
97884
97884
97886
97886
97887
97887
97888
97888
97889
97889
97890
97890
97890
97891
97892
97893
97895
97895
97897
97899
97900
97901
97901
97901
97901
97904
97904
97905
97908
97911
97913
97914
97915
97915
97918
97918
97919
97920
97920
97921
97921
97924
97925
97928
97929
97930
97930
97931
97931
97931
97932
97932
97932
97933
97935
97937
97938
97938
97940
97940
97940
97941
97944
97945
97945
97946
97946
97946
97947
97947
97949
97950
97952
97952
97952
97952
97953
97955
97956
97957
97958
97959
97961
97962
97964
97964
97965
97968
97968
97968
97969
97969
97970
97971
97973
97976
97976
97977
97977
97978
97979
97983
97984
97985
97986
97988
97990
97990
97990
97990
97991
97992
97993
97993
97993
97994
97994
97995
97995
97995
97995
97998
98001
98002
98003
98003
98005
98006
98007
98008
98009
98011
98011
98015
98015
98016
98016
98018
98021
98022
98022
98023
98024
98025
98026
98029
98034
98035
98036
98036
98037
98038
98040
98044
98045
98046
98047
98047
98047
98048
98048
98049
98050
98050
98051
98051
98052
98052
98055
98055
98055
98056
98058
98059
98059
98060
98060
98062
98063
98063
98064
98065
98068
98068
98068
98069
98069
98069
98070
98070
98071
98072
98075
98077
98077
98077
98077
98081
98081
98083
98083
98083
98084
98085
98085
98090
98090
98090
98091
98091
98094
98095
98096
98097
98099
98100
98103
98103
98104
98105
98106
98108
98108
98110
98110
98111
98113
98113
98114
98117
98117
98117
98118
98119
98119
98120
98121
98125
98125
98125
98125
98127
98128
98128
98129
98130
98131
98132
98135
98137
98137
98137
98138
98141
98142
98143
98143
98144
98146
98147
98149
98149
98150
98151
98152
98152
98153
98153
98154
98154
98155
98155
98156
98157
98160
98160
98161
98161
98161
98161
98162
98163
98164
98166
98166
98167
98169
98170
98171
98172
98173
98174
98175
98176
98177
98177
98178
98180
98181
98181
98181
98182
98184
98184
98187
98188
98188
98188
98189
98189
98190
98190
98191
98191
98192
98193
98194
98195
98196
98196
98197
98197
98198
98198
98203
98204
98204
98204
98205
98206
98208
98209
98210
98211
98212
98212
98212
98213
98213
98215
98216
98218
98218
98219
98220
98220
98221
98221
98221
98221
98222
98223
98223
98225
98225
98226
98227
98229
98230
98232
98232
98233
98233
98234
98235
98236
98237
98238
98238
98239
98240
98243
98244
98246
98246
98247
98247
98247
98247
98248
98248
98248
98248
98248
98250
98252
98253
98253
98254
98254
98254
98255
98255
98258
98258
98259
98260
98261
98263
98264
98265
98266
98266
98268
98269
98270
98271
98273
98273
98275
98276
98276
98276
98276
98276
98278
98278
98280
98280
98281
98282
98282
98283
98284
98285
98285
98285
98286
98287
98289
98289
98289
98290
98291
98294
98294
98295
98295
98296
98297
98299
98299
98299
98300
98300
98301
98302
98305
98305
98307
98307
98308
98308
98308
98309
98310
98310
98311
98311
98311
98311
98314
98315
98316
98317
98321
98322
98322
98324
98326
98330
98331
98332
98333
98333
98335
98337
98338
98338
98339
98339
98340
98341
98342
98343
98349
98352
98352
98352
98354
98357
98359
98360
98362
98364
98364
98368
98368
98369
98369
98370
98371
98373
98373
98374
98378
98378
98379
98381
98381
98381
98382
98385
98386
98387
98388
98389
98390
98391
98393
98394
98394
98397
98398
98399
98399
98400
98401
98402
98404
98406
98406
98409
98409
98410
98410
98410
98410
98414
98416
98416
98418
98418
98420
98420
98421
98421
98422
98424
98425
98427
98427
98427
98428
98428
98429
98430
98430
98430
98431
98431
98433
98434
98435
98437
98440
98441
98441
98444
98444
98447
98452
98453
98454
98455
98456
98456
98457
98460
98460
98461
98462
98466
98466
98467
98467
98468
98469
98473
98474
98474
98475
98475
98475
98475
98476
98476
98478
98478
98478
98478
98479
98480
98481
98481
98484
98489
98491
98492
98493
98493
98494
98495
98495
98496
98497
98497
98497
98501
98502
98503
98503
98503
98504
98504
98505
98505
98505
98507
98507
98507
98508
98508
98510
98510
98510
98511
98512
98514
98516
98516
98517
98518
98519
98521
98521
98522
98523
98523
98524
98524
98525
98527
98527
98528
98528
98528
98529
98530
98530
98532
98532
98533
98534
98534
98534
98535
98537
98537
98539
98539
98540
98540
98541
98541
98543
98544
98544
98544
98545
98545
98546
98546
98549
98549
98549
98550
98550
98551
98551
98554
98554
98555
98557
98557
98559
98561
98562
98562
98563
98565
98566
98567
98570
98572
98573
98573
98573
98575
98576
98576
98577
98578
98578
98578
98579
98579
98579
98580
98580
98580
98583
98583
98584
98584
98585
98586
98586
98586
98587
98587
98587
98588
98588
98589
98590
98590
98591
98593
98593
98595
98597
98597
98598
98599
98601
98601
98602
98604
98604
98604
98606
98610
98611
98611
98611
98612
98612
98613
98614
98615
98616
98616
98618
98619
98619
98620
98621
98623
98623
98623
98623
98625
98626
98627
98627
98631
98633
98639
98642
98642
98643
98643
98645
98645
98647
98648
98649
98650
98651
98656
98656
98656
98658
98658
98659
98659
98659
98661
98662
98663
98663
98664
98665
98665
98665
98669
98669
98670
98671
98672
98673
98674
98675
98675
98676
98677
98678
98680
98681
98682
98685
98685
98687
98687
98689
98690
98690
98691
98694
98694
98695
98695
98695
98696
98696
98699
98704
98707
98708
98708
98708
98709
98710
98710
98711
98712
98712
98712
98713
98715
98716
98719
98720
98724
98724
98725
98726
98727
98727
98727
98727
98728
98728
98728
98729
98729
98729
98730
98731
98731
98731
98734
98734
98734
98734
98735
98735
98737
98738
98738
98741
98742
98742
98742
98742
98743
98744
98744
98747
98751
98752
98755
98755
98755
98756
98756
98757
98757
98759
98760
98760
98766
98766
98768
98769
98769
98770
98770
98770
98772
98772
98774
98776
98776
98778
98779
98780
98781
98781
98782
98784
98785
98785
98786
98787
98787
98788
98789
98792
98797
98797
98797
98798
98798
98798
98798
98798
98799
98799
98800
98800
98801
98802
98802
98806
98807
98808
98808
98808
98809
98809
98810
98812
98812
98818
98820
98821
98821
98824
98825
98825
98827
98827
98828
98828
98829
98830
98830
98837
98838
98841
98841
98845
98845
98845
98847
98848
98848
98848
98849
98850
98851
98852
98854
98855
98856
98856
98856
98857
98858
98860
98863
98863
98867
98870
98870
98870
98871
98872
98872
98872
98872
98874
98875
98875
98876
98876
98877
98879
98880
98881
98882
98883
98884
98885
98886
98888
98889
98890
98890
98891
98891
98891
98891
98893
98894
98894
98895
98896
98897
98897
98897
98897
98897
98899
98899
98899
98900
98901
98902
98902
98904
98905
98906
98906
98907
98907
98907
98907
98908
98908
98908
98909
98909
98913
98914
98914
98914
98916
98916
98917
98918
98918
98919
98921
98924
98928
98928
98929
98931
98932
98933
98933
98934
98934
98936
98936
98937
98938
98942
98942
98943
98944
98945
98947
98948
98949
98950
98951
98952
98953
98953
98954
98956
98957
98958
98959
98963
98964
98964
98965
98966
98969
98972
98973
98976
98977
98978
98979
98980
98982
98983
98984
98984
98986
98987
98989
98990
98994
98995
98996
98996
98998
98998
98998
98998
98999
99001
99002
99003
99003
99003
99004
99004
99008
99010
99013
99014
99019
99021
99022
99022
99023
99024
99025
99025
99025
99027
99028
99029
99030
99031
99032
99037
99037
99039
99039
99039
99040
99041
99041
99041
99043
99044
99045
99046
99046
99047
99048
99048
99050
99050
99051
99051
99051
99052
99054
99055
99056
99056
99057
99059
99059
99059
99060
99061
99064
99064
99067
99067
99067
99069
99071
99071
99072
99073
99074
99075
99075
99076
99077
99078
99079
99080
99081
99082
99082
99083
99084
99086
99086
99088
99088
99088
99089
99089
99089
99091
99091
99093
99093
99094
99094
99095
99096
99097
99098
99098
99099
99100
99101
99101
99102
99105
99106
99107
99107
99109
99109
99110
99110
99111
99114
99115
99117
99119
99120
99120
99120
99121
99122
99124
99124
99125
99126
99129
99131
99131
99131
99132
99133
99134
99135
99135
99135
99135
99137
99137
99139
99139
99139
99140
99141
99142
99142
99143
99143
99145
99146
99147
99147
99148
99148
99149
99151
99151
99155
99155
99156
99156
99158
99159
99159
99161
99161
99162
99162
99163
99164
99165
99166
99167
99167
99168
99169
99173
99173
99174
99174
99176
99177
99177
99179
99183
99185
99186
99187
99187
99187
99188
99189
99189
99189
99191
99191
99193
99193
99195
99196
99196
99197
99197
99197
99198
99198
99199
99200
99200
99200
99204
99205
99205
99206
99206
99206
99209
99210
99210
99211
99213
99213
99214
99215
99216
99217
99217
99218
99218
99219
99220
99222
99222
99222
99223
99224
99225
99227
99227
99227
99227
99228
99230
99231
99233
99233
99235
99236
99237
99239
99243
99244
99245
99245
99246
99248
99249
99251
99251
99252
99252
99252
99253
99253
99253
99256
99256
99257
99257
99260
99262
99262
99263
99263
99264
99264
99264
99265
99267
99267
99268
99269
99270
99271
99272
99273
99274
99275
99276
99276
99277
99277
99277
99278
99278
99279
99280
99280
99281
99282
99284
99284
99284
99285
99287
99288
99288
99288
99289
99290
99291
99292
99292
99293
99293
99294
99294
99295
99295
99295
99295
99296
99297
99297
99298
99299
99300
99300
99300
99301
99301
99301
99302
99302
99302
99302
99302
99304
99307
99308
99310
99310
99310
99311
99312
99312
99314
99314
99314
99315
99316
99316
99317
99321
99322
99322
99322
99323
99324
99324
99332
99334
99335
99336
99336
99338
99339
99342
99344
99344
99345
99347
99351
99352
99352
99353
99353
99354
99355
99356
99357
99359
99361
99361
99361
99362
99364
99364
99365
99366
99367
99369
99372
99373
99376
99377
99377
99379
99379
99381
99382
99384
99386
99386
99387
99387
99388
99390
99390
99391
99392
99392
99392
99395
99395
99396
99396
99397
99399
99400
99402
99402
99402
99402
99403
99404
99404
99407
99408
99408
99408
99409
99410
99410
99411
99411
99413
99414
99415
99415
99415
99417
99417
99419
99420
99421
99425
99428
99428
99428
99428
99429
99429
99432
99433
99435
99438
99442
99444
99444
99446
99446
99448
99449
99450
99451
99451
99451
99452
99453
99454
99455
99455
99456
99459
99459
99460
99462
99467
99467
99467
99468
99471
99473
99473
99473
99474
99475
99475
99477
99477
99477
99477
99478
99479
99481
99481
99481
99487
99487
99489
99490
99491
99491
99491
99493
99493
99495
99497
99498
99502
99504
99504
99509
99510
99510
99510
99513
99514
99515
99515
99517
99518
99523
99524
99525
99526
99526
99527
99529
99532
99534
99534
99534
99536
99538
99539
99541
99541
99541
99542
99545
99547
99547
99548
99548
99549
99549
99553
99554
99555
99555
99556
99559
99559
99561
99561
99563
99565
99567
99568
99570
99571
99572
99573
99573
99574
99575
99577
99580
99580
99582
99583
99583
99586
99586
99586
99587
99587
99588
99588
99589
99590
99591
99591
99592
99593
99593
99593
99596
99597
99598
99600
99605
99606
99606
99607
99607
99608
99608
99610
99614
99614
99615
99615
99616
99621
99621
99621
99622
99623
99624
99625
99626
99626
99626
99626
99626
99627
99629
99629
99633
99633
99634
99634
99635
99635
99636
99636
99638
99638
99639
99641
99642
99643
99645
99647
99647
99648
99649
99650
99651
99651
99652
99652
99653
99653
99654
99654
99659
99660
99661
99662
99664
99664
99664
99665
99665
99665
99667
99668
99669
99670
99670
99670
99671
99671
99671
99672
99673
99674
99676
99677
99681
99683
99683
99684
99685
99688
99688
99690
99690
99690
99691
99693
99693
99693
99693
99693
99694
99694
99695
99695
99698
99700
99701
99701
99702
99703
99703
99703
99704
99704
99705
99705
99705
99705
99706
99706
99708
99709
99711
99711
99713
99713
99714
99715
99715
99716
99716
99717
99718
99721
99721
99721
99724
99726
99726
99727
99729
99729
99729
99731
99733
99736
99736
99736
99737
99738
99738
99739
99740
99741
99742
99743
99744
99744
99745
99745
99745
99747
99748
99748
99749
99751
99751
99752
99752
99752
99752
99753
99753
99753
99754
99754
99754
99755
99755
99757
99757
99761
99763
99765
99765
99767
99768
99768
99770
99771
99772
99773
99774
99775
99776
99778
99780
99780
99781
99781
99781
99782
99782
99782
99784
99784
99784
99785
99785
99786
99789
99789
99792
99792
99792
99793
99794
99795
99796
99797
99797
99798
99799
99800
99803
99806
99807
99810
99815
99818
99818
99819
99820
99821
99821
99824
99825
99826
99826
99828
99828
99829
99834
99836
99836
99839
99843
99844
99844
99848
99849
99849
99849
99849
99852
99853
99854
99856
99857
99859
99862
99862
99865
99865
99866
99866
99869
99872
99874
99876
99878
99879
99880
99881
99881
99883
99883
99885
99887
99888
99888
99889
99891
99892
99892
99892
99893
99895
99896
99898
99898
99898
99899
99899
99901
99901
99901
99901
99902
99902
99903
99904
99905
99905
99905
99906
99907
99908
99908
99910
99910
99911
99911
99913
99913
99914
99915
99915
99916
99916
99919
99920
99921
99925
99925
99926
99926
99927
99927
99927
99927
99928
99929
99929
99929
99930
99931
99931
99932
99933
99933
99934
99935
99936
99938
99941
99941
99943
99943
99943
99944
99945
99947
99947
99948
99949
99949
99950
99950
99952
99952
99953
99955
99955
99956
99956
99959
99960
99963
99963
99964
99964
99965
99966
99967
99967
99968
99968
99969
99969
99969
99970
99971
99972
99972
99973
99973
99975
99975
99975
99976
99976
99978
99982
99983
99984
99984
99985
99986
99988
99988
99990
99990
99990
99990
99991
99991
99992
99993
99994
99996
99998
