53804
63002
60912
94426
58341
19288
98221
9249
89519
22742
84213
56044
69062
34143
96036
82152
49646
28093
43823
21812
6895
66116
40572
79862
57579
34347
71373
83189
50548
16492
81814
20705
95846
42726
15131
54187
62015
13352
79789
67886
36094
64002
23931
21509
14498
19967
3661
80496
48061
63837
2309
54956
29953
42881
51171
3884
93580
22544
87073
60480
39036
68888
81185
34882
27966
96316
5421
6333
9668
85210
74220
62115
65565
14503
99976
80063
50822
3637
60559
15235
83826
62868
86544
13780
22101
37715
17664
15681
60259
21090
76162
15647
6330
57347
66881
34296
70016
72302
40630
96036
73865
31202
74503
55782
62057
74479
35845
12879
94469
12756
44467
78295
91977
31011
92075
30430
68726
26092
46112
45337
47182
38626
60984
53512
12325
27865
87808
82341
16519
44790
78378
90384
75992
69233
46166
38049
43713
98363
67281
38182
27472
11748
16477
19449
42759
8553
49879
27837
50997
12343
73174
98179
50969
34158
51691
79647
78375
55851
61988
94894
16994
56718
1631
92986
25952
47797
47388
86017
62513
31021
24199
89985
42769
40676
25786
1880
65581
92017
46069
16578
20713
19243
14757
88034
69753
82800
67681
64480
55004
46022
59374
71998
19092
61005
81336
61396
25155
45076
47413
4020
76097
71612
10357
18866
28641
52495
37098
94222
44512
83167
27153
81577
18762
58262
69612
4867
41063
37293
69347
12419
99667
45074
769
18760
6079
82105
80156
47586
27182
43922
51606
19631
15534
78315
38498
44175
30810
91948
54750
91675
75116
81903
73252
93878
40165
42864
15098
97580
96510
84445
9999
12529
29519
27120
31289
51951
25578
27798
15889
69112
71720
67496
88743
3606
45811
27241
47782
92974
19190
2532
84649
10658
787
57901
20888
40952
17118
35986
38533
13628
36784
64884
26157
66303
92005
73799
34606
17583
17949
50496
86695
89669
34344
75438
93275
96507
19032
57409
89481
54574
76293
74130
65232
77080
32032
2472
18033
65502
38459
72918
79130
75243
37802
21639
57898
46159
11790
8857
63742
29739
59353
66789
19408
93697
58580
29036
6556
93964
2797
96038
48538
79091
86520
30122
56171
34904
48946
90556
406
87405
63474
79536
79000
1277
17528
53251
47436
29318
62108
27531
59058
21461
10672
94818
31510
69252
40206
38066
79568
43004
34104
44458
22095
20625
74580
94618
55529
23527
85175
72288
27284
48649
51824
22637
66278
85704
75888
13715
31375
37996
57598
90433
59457
68270
1603
7319
53875
41810
45385
33443
1166
95842
77902
39613
32819
68834
34231
4700
8713
35758
76988
35998
84408
45165
58635
50686
30869
34523
80753
62244
88871
54703
69029
48328
22974
70633
71999
93201
28795
17384
26644
46313
13226
20898
85926
62397
89733
36509
67098
14798
72268
44086
50796
73028
89251
25783
40066
36473
76658
37172
15069
65529
91875
84099
30209
14849
71084
2208
8050
16231
35945
51047
62544
65523
88297
64822
27921
78030
1331
95019
92829
89951
55457
59977
62979
61061
2113
19398
97534
78771
56570
12603
60653
48445
13054
7214
79647
84138
9423
87697
369
45368
55096
79265
27243
43394
44087
55164
37776
61771
66535
46957
68074
21993
6935
31054
99406
25400
50452
13292
20523
23374
25895
81176
71819
55302
88391
51466
39440
14166
55516
56162
75886
26964
51779
3129
70358
12219
58294
24487
73990
24829
71444
42064
63174
94731
89470
78932
20131
56274
92224
40655
79648
18120
38183
51468
73422
26574
19286
29214
57092
74802
1728
32978
1767
53508
36108
88477
65727
10754
12964
56069
51935
761
14485
15110
95492
20308
94042
31976
76582
86267
88983
72583
20739
27166
40403
10513
70093
59689
56079
27185
50844
57808
60164
52611
27668
12624
57440
9747
23378
70405
82168
75313
71166
96653
90423
83010
33313
818
14986
26248
3437
20321
98831
40528
47488
55586
67393
33933
15275
23472
61118
66119
97632
37634
35082
41652
50258
8875
51399
73636
79280
33567
48950
66798
46573
55725
66160
96238
72895
97499
22486
92684
17820
21317
33212
81660
76903
605
15593
8531
40430
93064
91002
54414
30698
42437
96067
97309
51312
63818
70945
46944
13738
36247
30094
76663
91973
96254
72901
64868
93753
95388
73905
27926
33057
7117
9586
26313
24075
41532
34844
80857
34596
42198
35271
81646
84635
31338
78955
52299
11509
49901
99243
25247
86148
29337
1910
94473
25592
74811
75694
35697
86551
49599
63623
19609
73068
73210
62274
97143
31094
97118
78000
65690
55668
29624
47336
56656
77314
26292
8955
88823
92545
8199
14070
95045
53888
32332
5871
79480
23496
81565
31530
10047
47516
95153
46008
20584
84715
8282
17728
15809
21752
12080
97851
93773
41704
45188
50429
19019
87832
59384
24194
96729
83935
54617
91774
37824
86949
97645
33656
26797
95562
65186
53197
43078
76692
15557
63663
61407
40192
97743
93569
61944
9823
91420
72069
67880
36608
22498
86899
40792
98235
27445
37521
82170
82062
45648
19994
85364
43293
70003
12161
55208
35189
65358
98286
11881
80916
61949
89641
21108
76044
83210
99404
85868
74630
71474
53748
27591
10324
56999
68383
8559
84444
22257
90730
82859
67905
27076
68223
27550
97079
80384
82758
48621
62095
97397
60502
59363
75698
50143
96823
51743
49705
96227
53963
24336
84053
7711
51927
10730
81062
36662
19289
81858
58919
26371
64717
43176
69800
49292
87079
66879
29677
69837
15500
91772
83586
92355
67487
59285
58850
64310
11028
8556
60537
64991
32892
60943
89054
1171
71673
86468
54185
7314
68326
29457
50038
49396
72633
19838
98688
59712
3069
44717
45902
34922
52841
29488
27277
20328
5125
86127
84638
32505
11035
61528
13848
60279
22471
2902
61450
10496
5722
31988
34162
90401
61445
84200
56149
50430
4038
54837
10143
23460
15907
72397
58382
68748
18237
85659
89077
23363
88138
90067
72220
15526
51595
86069
75805
90418
5323
53608
17266
11046
85596
51429
17799
47041
51981
73948
97471
72372
45137
23966
95832
61044
12715
70566
46145
30953
56225
35222
70668
60715
41641
42888
92593
93237
45309
68399
7
50633
22007
17274
78031
23955
85055
95830
70996
53388
69778
84819
42112
14915
8786
37944
92312
21501
8510
38457
68806
81087
90031
39474
58155
31672
98715
67100
41261
44024
35499
57621
94657
73858
91247
72688
97813
92654
84870
85161
46042
71000
69981
88155
85916
95119
42451
94580
16620
67314
33037
1779
64753
39420
41253
39260
71092
56320
6361
28706
345
41860
86327
95002
32071
77574
84043
29884
70228
85265
15046
16270
56266
1379
20777
58534
96498
79581
53114
29470
46895
2503
31249
28000
41923
88855
67261
13015
45175
73622
58073
45520
31834
44400
56875
80257
21974
57270
10142
8554
42535
41540
41177
98801
42919
61954
57335
39417
41535
10449
85239
4782
12952
16489
32783
54875
5344
16396
84243
50519
90018
42316
12392
38204
3069
69267
18462
41395
26537
44956
49950
69072
2848
91127
67874
62119
53081
41561
17888
10969
52011
3127
32103
81315
19616
81238
52543
41312
97634
53138
91832
4004
95454
4224
58561
14875
89843
93375
56271
16380
38331
6221
1804
57531
97348
86030
19650
66781
27592
37538
94102
79603
40665
42558
77270
76634
23796
29813
17946
37783
82951
26130
58139
94758
46706
16700
9633
36549
10075
82256
52929
64758
88477
71086
22289
2177
57116
58291
85311
84708
95829
95765
80663
52847
38323
57934
29481
78472
4099
63779
16255
3403
89910
74394
14513
36616
7447
24146
89518
33874
22755
58799
98633
11232
29885
37274
29762
87002
95566
15073
71710
7747
27190
52374
60594
65514
26660
6427
60338
30759
70207
76593
50514
76469
67339
65027
29437
91138
5526
18955
25013
28281
77755
39998
55865
7640
77272
85627
94642
72838
17052
82705
96938
44243
35079
57532
26109
78091
80312
86447
25202
50519
79392
75717
43340
63083
40744
72777
54222
46270
8085
95587
74551
85840
35585
30417
9832
12857
32396
4475
2048
65801
3532
98986
10044
38611
72870
52505
33054
53182
38952
58256
20053
34696
33973
63393
97779
91070
52523
68353
37340
60608
63940
28244
62800
15877
75013
72632
28735
23761
93459
47135
89562
96991
62473
99606
51954
35343
68463
85008
4878
23767
43265
41283
58463
93590
4677
72595
84660
73552
40948
22001
50512
21241
66597
29664
37118
41610
2296
82205
81723
12108
29340
71286
25451
8165
87244
93758
59861
55708
78766
64739
79475
38383
6022
37939
31974
27051
26886
16634
16955
67834
54987
67467
5427
37936
13483
42546
95898
32132
24751
77622
44240
70444
48908
86043
94961
36152
79801
54822
91860
74920
35913
87688
13303
58288
41979
61629
85339
68865
94616
18647
53051
65955
2466
58479
3892
15950
17377
99790
48082
58480
93764
8674
28924
42672
94717
23886
95177
74519
95060
3389
49439
30974
91077
79094
89262
33056
57076
90953
1921
51692
9600
71325
17647
28419
29804
37891
44369
47181
54034
92451
5661
47798
1125
50938
6823
12194
91176
18352
3065
86236
21741
68856
33562
12819
47951
22824
62227
21379
30130
80501
73071
56082
51826
7070
84501
97982
44962
28870
45163
15348
37673
50824
79498
55150
18114
86321
67345
9290
4673
86762
95527
42767
55619
29089
71938
19922
68266
50517
41301
98396
31018
14372
54478
99196
37794
38980
97178
99108
84202
58693
14456
21876
25870
10307
93378
43984
12980
77075
53275
34006
63838
65154
76773
19457
10595
48711
39379
78861
99228
97032
93609
46599
11404
64440
62147
65550
3420
59326
64659
3974
18019
95467
42202
60241
5774
35581
4226
18755
12656
73853
52761
92846
39007
29534
12303
65954
94597
68034
44816
10177
65066
54777
56776
92822
19217
18924
58373
38989
94602
39384
42964
28973
34851
85166
89215
40626
20747
9793
59381
49756
83646
12142
42602
39005
58028
71258
4959
52625
39292
66127
62802
20711
20905
35931
29885
40122
54855
4610
79112
49457
43994
22076
94782
78846
23594
83997
19472
60694
93790
95205
10450
77436
7347
69404
32793
81727
40662
37753
34352
96307
3880
13506
33370
24785
49437
63255
81260
20644
67866
60372
86453
11860
98800
81236
7058
22394
81585
26530
99440
75376
21735
9890
69164
45434
95647
1958
27161
36309
39711
77865
48968
59943
91372
82338
84729
57161
61946
82341
77806
46164
42713
64259
58024
57865
45495
81435
96611
27081
24317
96052
18809
62405
22294
4325
7839
17941
6283
51353
70603
62346
45570
19571
22290
36942
18262
23371
94104
80208
5712
88262
42724
64777
52521
748
38994
14369
98535
35605
41450
22853
48009
76611
85258
70304
80936
9449
4597
87220
77154
75200
65918
22725
11124
4560
76019
45738
27931
86475
42298
49995
74737
85022
31124
27259
2122
70118
41628
658
5724
99430
39863
70085
76041
25121
40389
56977
50922
61339
60549
44429
52891
26468
67154
64015
47380
59525
26105
75312
46001
68403
41659
20738
53425
72784
64349
71900
59254
22329
72558
81330
21759
28773
51416
14152
53894
8157
71130
21168
69496
48031
65597
22388
90851
49103
2755
38232
8629
28861
29896
70982
97264
71555
91720
67042
60691
72422
38942
19946
94751
27852
1276
32863
56625
69044
47015
26871
77202
34497
64391
46698
82529
46341
85438
73380
11796
88194
27964
36777
17055
57860
7759
30671
45768
15832
14065
22811
88254
69359
42757
99357
97211
60386
32220
70188
29430
79236
13411
22984
13733
77803
69683
12614
40496
55121
2347
52292
43315
30311
89070
76722
88172
96829
7394
50292
29013
21459
73103
17267
90819
32213
32977
4382
92599
65197
90923
38381
60785
4334
61366
74519
98489
47401
3485
38985
18874
5832
7630
78542
36144
96700
55264
40668
9881
79010
90960
38895
16822
80415
72514
23993
12628
5491
44727
21579
70689
35650
59961
31474
56337
37679
22345
54826
1432
25831
10164
20306
31663
17794
98848
84159
14494
70465
41179
24375
49475
48491
79622
82649
28907
52137
22994
41535
57628
67722
63115
44669
19724
39428
76144
76061
77107
14841
30888
78539
40672
57404
15197
88688
75198
14046
89199
6044
863
30379
30419
66690
78870
26394
49340
7777
78531
72334
65665
36159
56408
28780
97181
76133
68208
73325
52194
61667
4518
99434
56558
45191
56838
71755
50231
32036
2153
55782
38080
3016
2513
84852
69707
81384
11246
19047
5513
6129
7733
71178
58640
64142
16310
55821
40275
870
29146
8821
62537
50017
8256
19095
95208
65094
7203
61791
13483
9356
17573
67915
12373
20087
69119
82080
17823
96717
17479
39688
2846
41564
27219
61487
5706
59881
17308
62333
60752
62807
71155
23289
12824
95763
58737
24384
77209
65940
2527
7044
91648
20100
74960
4021
56539
44079
2453
90714
40797
19932
46755
43643
61497
90326
21482
83555
50207
38791
62241
10959
17950
33396
50601
30774
45511
25690
71510
22720
7982
74037
29765
99630
10489
21077
3652
83381
65156
22457
90447
22305
42390
37202
82301
20239
27528
3783
20146
94088
58926
82387
5047
93228
32135
55648
40354
77646
97690
11864
16719
5672
85901
46484
5303
12743
67561
8955
96124
49069
47764
2923
87727
90154
40126
86380
26745
84006
6515
46892
78094
65442
45631
99494
75022
77767
71494
15377
55413
69185
27241
88484
74857
29495
34968
80160
58590
18881
5467
54714
84303
53232
73989
72030
59738
14115
58410
86484
14474
64925
49728
8920
46719
95359
8414
21742
89478
79909
53471
44892
49094
80712
33376
23951
26559
84697
4112
85149
19930
25931
56215
4233
79163
30205
92615
38902
60672
67377
41738
75146
48655
7818
84067
11726
3177
8833
49820
92656
88742
3291
53900
37836
356
3628
78140
26915
4677
98604
28417
24608
24535
84632
45193
3699
31189
54161
58953
91862
37890
691
83360
86545
24861
83779
14624
28038
92613
64444
37046
97707
84088
7298
35544
84444
27279
30036
27711
31956
28640
56128
72916
53175
57113
34462
56874
88302
88623
32179
96516
42865
49222
79877
45763
74083
80008
60387
18474
72621
41183
55520
70329
25271
79171
22225
26067
6450
68613
53779
54758
97253
9907
27675
50428
83372
62137
23655
71675
67112
55834
68191
9977
21409
64420
55740
95492
44429
32479
13966
33402
73663
85839
20083
15286
65010
58660
41354
71460
27273
95133
26218
24526
21392
70245
91307
4765
48734
14962
92792
15846
87148
60983
42176
8557
41756
14268
4050
86185
63100
34368
35939
53115
20207
56023
68401
85217
31035
9755
73029
58309
21240
99248
82835
58985
85845
74142
80102
34580
5456
72894
66778
92605
50229
25306
17514
91985
55927
37916
94522
19027
72285
30462
72142
92492
2837
40543
94062
33872
66651
67091
92181
4243
82691
91369
63228
68537
81863
59682
3117
3672
32576
86247
12629
82806
11554
30143
91143
67481
84412
85666
86508
56697
16128
75002
65541
35317
31897
59603
69189
98548
26695
77723
19144
9386
85444
82372
77923
83659
42055
97392
87331
90983
83640
99960
73789
11546
46456
64933
95379
30868
66951
98239
3917
99431
73241
69458
34748
5138
29062
20289
20039
55757
14364
39183
81495
99808
37907
75771
83468
96314
73163
87151
87298
73155
87112
77439
1053
49920
58724
96432
80788
25675
94671
1057
41458
84264
70515
76206
89403
99577
12848
9442
71686
27212
48625
53182
43373
86532
28953
26841
99199
18468
30344
86497
7976
33808
63936
9029
83728
39013
21814
80868
64688
16485
81925
6147
750
52441
98705
6505
68370
11553
15947
40057
55118
80924
9591
98491
83808
54896
41684
83007
73364
72028
69504
81340
5837
49793
6722
5917
88806
28536
86786
69846
45021
85063
92345
62123
37504
91051
68628
5875
18956
927
62284
74074
81851
71875
88917
82012
43123
30601
65019
16487
18982
50876
14180
41171
17021
20902
47088
5827
65790
50226
92025
27163
35290
84371
89287
72794
91774
74267
95021
27082
75195
73657
1157
73398
61884
6426
71762
5007
53380
36782
21495
72362
4010
52027
13533
21031
72929
76973
43210
55071
27200
35235
82234
62490
35958
71521
51636
27732
62141
63010
54815
37336
36667
72324
27086
98552
95102
15201
19911
48482
51983
41406
37196
72345
9785
50729
93376
99066
44055
52938
54137
71255
4525
36372
50097
40484
7893
1733
84568
70034
64743
55735
23722
1411
44411
67161
16315
39514
82362
36226
4348
50697
93985
41545
23042
3770
92274
32770
19189
52681
2060
73326
23936
6585
9698
74033
47069
33944
92119
47990
20330
56862
3725
60405
74625
64489
27566
7292
20355
26280
59871
24703
93329
53856
66248
16371
73978
74875
65493
93167
27556
67553
66494
67845
90490
92544
58230
53912
26488
50349
1902
46819
23564
21979
7224
98189
86468
51142
21834
6823
93774
81705
31527
87103
35561
14127
19826
25891
89002
85319
35411
16559
69224
1905
756
76066
10801
58986
29978
37290
9336
31880
461
32900
70212
24037
47441
56680
91531
69275
79856
85305
50980
27735
72408
2893
41862
92234
45137
30865
93905
80548
63776
79481
98805
64532
55547
9606
23518
1878
63248
49206
33758
63709
98458
20322
4098
45900
77003
95629
31527
73211
80934
98860
946
69694
1753
42808
78280
63242
90025
72185
43790
70153
68018
42595
34685
39918
68554
74556
41796
31802
40114
91906
11864
38573
12229
15962
825
5584
27944
32352
78795
25230
31212
79741
94925
49318
38901
73205
12560
28927
61743
72703
99080
29761
31650
50118
86031
204
41026
27827
32007
81140
19734
43871
36065
31963
76185
36890
37547
4129
69243
32694
45712
16807
12435
40637
82477
51336
30194
95038
96615
8289
84093
12048
54403
15743
62166
40434
15948
19544
68262
64307
684
87996
8178
53102
36311
715
89992
90210
21197
75587
22904
66909
92395
51691
23898
74872
19379
70444
86262
15995
78734
86707
44395
33137
2451
22913
73571
18399
42457
58185
82706
59493
62533
7236
12595
15196
24303
18940
5406
45500
94527
44662
28761
3274
96353
52659
94499
15733
23104
97113
48080
18190
83821
92475
51327
86272
15388
41250
21023
57845
15788
3729
33690
78321
27317
46286
93518
51620
65226
15276
97121
76105
59939
25882
79380
56292
94894
73879
88377
17998
87344
36457
52540
71165
45284
20219
57437
77024
61469
78460
51221
93609
98541
84912
71931
25858
47550
81801
77479
12776
97077
90952
5233
57016
16834
84613
29661
28080
74844
18038
46078
62189
70848
14970
33354
16132
35189
7144
9509
96659
1956
60730
6620
498
45642
78551
26356
93192
60352
20187
22320
73782
11139
27554
30798
44326
28519
60459
72406
19716
94850
34837
81905
65698
66159
31611
98182
1349
55107
7691
14360
57064
68422
20980
57562
30416
99532
270
23609
76236
36810
62281
66370
64301
89835
97169
8627
34707
73980
97386
54423
85182
48575
52680
67232
14734
643
81767
32435
55751
5810
46795
29167
74232
67776
3081
21001
83660
19703
60962
76248
56513
23243
42619
20815
29431
39788
45794
64138
30120
59532
34913
15303
24459
3945
98887
39194
4588
80654
71629
76691
86465
34777
22210
77049
2553
25291
98050
86213
44995
59012
62461
1508
98608
21432
38675
44391
77572
84470
24881
7693
44002
59794
39348
68462
63739
38235
24008
84679
35242
11989
77723
21707
46766
99933
98756
65671
25225
13159
51884
86572
88523
30698
88080
3483
52130
26756
47874
29703
27578
72755
53748
71580
32549
9448
56394
12640
47683
96754
13672
99277
8744
91395
20984
71862
7680
36093
37534
32905
65604
5770
19477
54127
36468
23910
73963
4951
67018
21837
51006
94596
94593
4754
82528
43494
30554
55275
72487
78237
52029
2511
93867
77125
93906
14851
48988
17938
67296
86522
67196
32900
92292
3025
3380
45113
26935
77343
66416
10305
15532
17422
4901
10125
38528
3782
69972
69082
59057
42459
63671
27438
61322
57538
4564
71580
88742
53552
89518
72390
56426
56714
5291
65070
59740
25023
26535
3027
18718
92951
13333
34250
26725
34586
60728
81605
38368
30700
50687
13777
89511
30711
41216
50833
4601
62132
22413
9695
15684
28283
82086
88462
84998
87377
69884
44738
28752
96420
47765
47470
5723
77450
81720
32449
12037
42448
14054
66757
89500
81094
96887
79011
28157
54455
46196
49110
16587
84961
58806
48623
13245
40892
37085
98243
44621
6969
59333
73373
19741
23450
20843
25465
17253
18915
57914
29290
77716
88320
12399
67216
85766
9286
62580
30275
63741
25128
79386
80328
10090
38192
28951
39687
79084
82388
54282
23705
5710
13615
97078
25451
53417
34273
50916
70670
69540
25182
16312
47256
29855
28712
30825
15621
37998
9757
45897
1740
34885
25283
98420
61327
79827
43724
17366
58911
26112
71648
98968
31822
85263
12398
57274
55033
46671
24542
25703
32563
49725
42016
79820
79580
70728
26997
11553
25078
36754
57450
43170
87991
99085
41591
65671
78912
85315
83037
54175
27779
71038
53143
75954
56301
65541
33228
27686
28564
74122
53390
61128
23847
11758
57300
19779
98838
649
31333
23916
53755
5135
67087
58098
20573
25030
23769
15837
26697
23159
70013
54476
94197
39508
30430
66850
21402
80010
10889
66318
54133
64279
27446
94332
92389
1098
30464
91227
1747
78149
15143
55502
99636
98582
29953
20209
23612
70074
52399
66661
9585
38764
21138
20134
78272
67920
86985
16026
47931
97874
82345
18416
78505
26143
29100
70894
27242
59564
78473
45341
54065
93616
17196
53702
8551
47149
90263
48515
17223
42662
15177
26809
81426
36315
46943
76051
4235
50280
92077
68518
64506
74422
86934
59363
16918
32387
46609
44160
8303
25082
5853
62369
35051
23049
16071
43602
86550
22686
8469
20126
65349
23646
63287
63127
76313
26582
39178
96901
93215
47608
65419
57721
38382
68706
33437
55300
1093
80046
15812
25748
5129
21666
88117
40180
61067
20540
134
63970
43227
8603
84096
24928
32250
47383
88055
24915
73965
43586
21816
67180
91194
87236
41254
29576
72294
74691
1229
89739
71089
17041
15487
76218
38707
19957
32750
16127
40497
49236
80097
76
57840
80545
25004
6442
27928
13060
31357
18245
56646
69526
1778
64192
56762
59384
93768
45408
50427
11349
35147
21516
28391
66986
14087
83450
86943
63189
99577
43793
12426
96026
43869
86618
76571
68874
9412
20851
98286
57121
55449
71284
26647
73579
35476
83409
49315
45596
45169
99742
56946
80316
37610
85337
63655
51697
85139
50598
31239
1069
10743
60017
97095
54613
46635
90019
39839
56047
27222
38125
13168
82671
9409
39816
72602
44885
39577
21917
90481
84747
21659
63779
81415
75622
49116
61422
27319
50608
12021
74910
51677
22764
34927
65124
93729
81562
55143
33568
53961
82366
71693
83482
81389
97454
23298
53992
42339
79227
75909
49173
80326
13921
12952
78094
89543
78421
39516
33214
29029
67889
8125
80706
7006
59404
45830
735
40967
17326
50656
11280
99692
38701
94762
97433
36156
34412
67777
94847
29992
60039
44020
10318
73960
73325
88412
79855
51746
44281
29421
97127
12170
53898
94185
35528
13303
40015
36264
70622
73693
3272
81902
73385
41973
93017
87171
78129
27429
54948
72977
73773
14987
33349
84092
5299
6674
88856
1506
74772
33137
30928
71899
61660
84826
66084
97188
98129
22452
49804
85103
96145
53076
67006
85883
95050
76375
73054
73179
20156
44354
46156
93930
75694
79506
94374
80993
2532
83230
82500
77305
32720
29780
65556
94380
14606
31641
91568
29088
70445
57725
14191
66590
10801
97549
68825
5851
73924
58231
95383
94081
2586
41539
4363
78280
37397
98737
75625
39930
81967
74477
33587
31039
4257
99143
25419
35216
47136
33340
64304
17581
91065
94847
524
18218
92397
69349
24070
82673
27581
19453
93106
46519
77344
97469
41151
31094
96206
33128
87376
94526
7606
20963
41917
28215
36458
67337
79783
83595
17029
60439
17528
24446
55287
18052
42664
47684
3754
66734
46709
47687
2539
39816
94206
79884
37285
51709
27330
49844
84837
14706
60722
8795
35669
2639
37011
72127
86328
16794
72074
3357
77234
89603
27803
48873
24007
70468
12909
44113
53554
59618
91800
72446
99434
2358
52330
53072
54067
96012
19268
38905
10718
79990
47700
62739
98981
1063
51218
85310
34210
23293
5019
27796
29248
49175
76669
69607
35995
89578
13721
89549
49196
21873
61995
64983
24232
30677
18055
94651
26689
53675
33556
53759
33665
97609
16498
48998
15024
67717
50660
49234
7362
55680
77030
52962
21207
70051
22569
57202
59629
36290
46751
25178
74516
25099
6513
98748
72128
40920
93399
98818
94595
43308
68929
44612
57269
85428
93610
72293
69497
60623
21528
93211
32655
14910
46173
53862
84962
68742
11064
60943
21385
74167
2473
95901
15618
8986
11001
87747
66258
20752
2917
60853
64060
71846
5465
37681
73626
15428
9975
43123
76051
47855
36334
25058
62765
82507
78920
64079
67602
6336
41375
88987
80503
43848
1240
12474
69187
12241
221
35445
32993
3138
12651
13406
91336
34468
51087
64963
49896
77414
24438
42299
25269
77125
67357
4387
75984
62629
68466
43586
68965
26193
48925
65821
86394
50165
78295
55581
62406
78516
7378
11752
98006
36381
25158
89342
70850
76245
54305
20746
53660
95096
79398
95281
72221
63107
99668
48205
25737
84487
91792
94702
10680
57069
60523
97074
7235
38818
69007
85993
33686
92738
97745
31692
29119
22903
37387
99969
15501
91692
37068
85513
3140
32818
80794
75361
95925
96815
39919
21662
81302
48063
16365
8334
5132
93240
21761
12367
48411
90768
98361
82097
99858
96106
30142
28978
35362
67529
45299
50863
75573
98719
36376
78714
31537
33522
70427
27463
30337
10346
65477
11639
58409
98194
36326
63542
91435
58087
92261
39846
65207
90622
38295
65066
3081
68437
10396
38443
35966
55695
5658
11540
54415
58386
6606
85952
91908
77033
29767
22246
87380
95245
50237
45789
93439
86563
25683
1226
61002
17945
57424
26210
24919
95720
91276
28000
80509
1672
82795
16476
73719
4805
44368
28134
63191
67326
30439
55100
44359
60206
93698
31739
71803
60287
93881
65243
63203
19564
82821
24205
53861
40246
50415
78781
35966
41691
23133
16475
59715
22281
49303
33435
27086
10023
77921
90278
77349
8360
61730
21709
84919
55428
69800
56722
32067
80033
38317
95270
99598
21139
19476
69811
77737
69891
64944
13703
27935
88078
46530
87650
10359
95834
37437
53797
22209
15359
44075
99559
23719
5805
37620
24990
77585
23772
98065
9653
3806
52734
21275
3404
90225
40751
89567
67962
26995
54512
81665
54930
42590
44548
58932
69301
40382
96370
23098
78943
28081
83526
94854
51800
5683
32474
93143
83269
56247
91208
9274
60053
43942
30549
79809
34168
87653
69376
18482
14648
40240
148
85930
82830
44696
44862
68483
1430
57584
7934
96725
85665
91460
91580
53818
97143
24054
46961
96764
96653
54521
6038
73058
14815
52940
52867
65335
56945
38596
83818
71593
78836
318
57523
78019
61366
18737
46502
79148
92674
70788
75873
78339
62248
67453
48509
59392
7860
11822
72508
4513
66343
94899
93924
81159
47839
63143
46494
4784
1739
46664
92729
96928
46982
66604
74947
8348
85341
37801
87496
94367
8590
63370
72707
87190
47175
37568
62934
55035
49391
35443
75901
15734
30342
86177
13245
78181
49320
76092
99317
51060
22756
8398
47988
86091
75002
39287
94439
76695
93440
98288
71063
18382
78010
60122
5573
25185
97690
68507
96573
63433
3950
88826
79168
50644
75003
8765
28825
24323
84857
44494
75383
23966
52892
39723
10057
44246
95362
20848
20942
88803
35488
8357
23537
13498
68479
29110
55036
82521
13970
67961
45955
34272
56787
41475
84917
31790
50240
30094
72465
51450
74589
64201
75416
43833
3924
1825
88080
15639
39025
25374
20794
74514
33731
44331
4364
2210
89794
75752
1083
3764
43713
47038
38036
500
88513
22953
48642
38754
53048
21108
90204
43989
85309
81972
4174
5585
149
92254
21224
39174
33980
58370
30040
67711
2702
50757
86273
8848
26509
87357
12612
70223
34395
67000
70723
22909
6306
35718
78015
59354
56826
84571
19695
42135
82895
23869
64072
83044
32476
85297
38570
82808
60019
84963
50520
79073
35720
36793
87921
78581
40502
16885
48804
74898
83886
35880
14159
90192
71598
8526
65898
28424
93097
1945
86911
75992
42166
50983
75388
90994
52632
13958
73803
12652
98921
24323
91725
50993
77468
95999
29575
34323
12884
78379
25573
13122
30611
56084
19666
2209
64610
85564
46985
74059
3861
33896
66403
46028
1232
41791
37022
53864
55749
27177
82868
71023
67852
90946
22016
61673
86945
51591
95996
16181
46323
21569
29304
76934
77653
48970
95496
58615
50887
42481
32674
54748
92730
99077
17128
93962
57220
70503
64178
29321
97680
63399
344
65533
54345
38713
27206
57642
6656
23202
73823
52979
61123
19479
46266
55128
84802
41762
13743
35689
595
46417
6789
93325
61846
40270
3639
19066
10773
84170
64739
8453
47569
65084
90338
1914
20149
17544
75908
26805
57098
49731
96137
34573
85563
42403
89701
70365
517
3444
6054
1112
66213
29195
10790
44411
69465
30781
79829
80238
14951
44569
5044
78872
26005
95382
80786
46154
29279
73046
72959
2729
22778
69096
37303
8341
27851
27004
78706
28368
46801
1112
45833
29366
30307
56623
73778
16125
87404
53607
12715
18708
14528
17759
97580
40533
29494
94719
86687
75125
67765
75999
77854
6895
61447
31509
31588
89299
74866
26646
34019
21667
27758
79852
51033
74418
52827
41163
6895
56584
11123
19610
91644
25651
37370
89224
82537
83216
295
85576
58341
68061
77927
36195
91308
39375
67705
22897
45026
42571
65895
79045
80590
93654
75250
47975
84424
44429
5491
91319
1013
16614
10929
92657
58617
64651
98234
57506
47867
98529
43083
6208
82942
21010
58756
90603
76737
42813
13500
38115
85384
79395
17161
82326
89401
8763
46653
90177
53192
52144
97848
70558
68758
25130
63215
43728
89781
77801
1234
54001
76331
44317
76561
75625
81680
35317
66228
74769
78130
96080
12885
79866
91828
46398
78544
81229
55161
25198
87759
24705
77342
85607
95263
46101
10737
74831
89829
16871
52632
91063
70872
45315
51733
47433
20941
49765
99103
87169
24534
77233
83250
53771
73452
75078
169
51996
72659
71682
77194
76770
12740
54537
62378
8003
16990
89467
99186
23171
6338
51819
14234
93562
97134
82319
40996
34427
48436
40099
21597
89323
33684
21199
43094
7136
12629
59616
59133
1640
47650
52679
78411
60390
7216
57141
84746
24206
46608
83932
63729
52947
35751
77964
46509
49238
76635
3857
83665
25072
60308
21614
14395
10345
42813
73841
17481
71794
33457
92966
73435
81108
61998
68198
57850
69214
25339
42596
9773
71947
26529
73502
41246
62280
67818
4108
27870
60806
24317
11536
2230
84626
49502
16625
94971
92316
6818
28804
80462
56628
38123
70249
37736
121
38447
95586
85687
80138
54535
11812
52086
81064
1667
9684
59696
85837
13792
87567
46643
38110
15455
65225
39088
64957
98202
50411
73625
5021
79215
54088
61649
33690
40689
15737
50163
79137
27675
52203
75627
82210
64015
44065
63274
82034
53750
22971
67872
83894
26890
30867
22004
42345
12445
77444
23654
10647
27855
97280
15668
23423
67720
77317
57113
8409
9406
7277
3898
37082
59480
79526
19292
39847
23591
82567
21882
77341
21890
6106
61236
48780
53325
99592
7477
65770
77037
31131
76418
21244
28411
8438
44667
96131
2108
1781
4541
11514
25410
8439
48596
1242
4317
67889
57441
27909
50456
95675
21602
88698
1781
99190
37478
71459
98783
44955
53581
92172
76086
46351
13416
20850
71142
74436
16981
73250
76217
37874
84764
17979
62666
33361
35573
66983
17602
93014
11244
84410
88690
32847
73108
6823
32037
10586
94634
47172
71893
48216
55696
64331
10919
69113
85181
82061
59901
18515
55311
52470
72741
56428
70449
51759
6141
6022
35095
23743
15388
46339
8153
4078
95538
97613
10902
27576
24551
5536
91100
96444
70104
46797
77127
97376
32262
62309
79437
92163
97176
51101
44633
86269
7529
31434
38029
13670
53808
73124
53765
69196
35815
61918
73275
31354
59531
529
75282
84082
22417
66382
96878
8874
29531
74005
6250
61793
52666
2039
70308
66194
53140
31293
52464
77021
62727
90493
7043
16535
63617
60808
85732
99432
39078
75359
47138
14961
92240
22420
15395
14657
5155
28625
39883
34686
2631
46133
12832
71649
64525
83140
37844
34017
14434
90308
11039
77161
97153
34434
10049
77122
95243
12133
92906
50673
3844
40045
65635
96084
62465
81030
27093
83972
9656
66977
18659
28639
29462
31491
16640
93987
14631
54484
44357
45417
61144
55396
38931
58297
89830
65332
35419
1425
77465
28326
52099
81309
84723
17734
93745
63540
15116
37190
47513
41124
4167
66172
86115
49982
14015
2756
60321
44998
57240
4678
90416
34737
76426
45699
93034
66257
11031
44806
84034
88496
89484
36133
86157
74207
70219
96254
54099
1688
33444
1612
59164
37612
84136
45280
3946
98151
48036
80619
59502
21628
85298
66270
72717
61724
11969
65752
44333
23000
26910
28368
27848
16394
80853
14005
6953
67425
10259
77404
69113
60055
79017
28277
14019
79505
73557
17965
94009
37945
98585
53511
75926
235
19781
48643
78311
31750
30747
38997
71102
74009
83717
98950
90403
64570
29307
13708
31995
55918
91113
17460
15973
86482
45738
29993
82339
35647
64310
76348
89945
79247
46211
65871
79482
65992
30866
74146
14094
77966
13143
1548
51975
96860
16850
58731
61430
46157
72439
9778
18427
79904
27238
50753
82738
89328
97098
65078
24976
61408
41426
14921
40656
87638
97144
36490
69982
28010
10636
429
5976
23779
1977
74304
36991
18828
33035
14774
81337
5474
24552
16117
1731
68142
66870
84469
57471
63968
49547
98799
25376
7326
13720
82384
94964
27216
35227
81298
55226
62215
81727
77555
2347
57
68211
39338
35237
1246
54112
32926
23072
95016
49043
24803
63159
15913
25625
36982
96233
75172
35781
37962
98850
65853
20346
93814
93069
71925
91465
64647
34141
89544
58554
52840
5953
26765
92178
57542
28011
62643
90469
51084
57659
55864
92239
37170
88130
17864
90504
84363
9389
42637
22325
8239
8490
59024
18406
1559
30949
26223
66207
81442
15767
24761
34282
21721
67879
42813
79263
95890
5456
86084
63326
79467
41949
55566
32990
30079
89782
39846
14442
99171
82484
53120
23763
90974
12144
58521
8886
59445
84744
91445
40888
511
32558
91522
38584
437
34335
17848
96328
56143
3932
76006
51963
62233
31572
1305
92312
37707
41151
23107
36878
23635
76227
76993
30962
88371
35514
39848
47816
20258
47645
5056
37122
80203
96579
75706
96993
47266
9906
9673
3410
30191
85679
71725
92424
33604
73030
1089
71311
14181
24196
24541
54169
423
1535
85131
5146
53401
41331
69314
90012
5328
74371
27134
85531
70950
19192
98876
18216
45451
8549
37978
75642
94229
9703
68066
27833
82733
85507
15496
13267
9703
40037
67436
26478
57924
68919
47976
11326
26602
17291
17690
31930
91662
61176
33813
62612
80368
32690
97180
25819
41239
51511
17813
51820
61214
2232
96005
60300
87739
11501
73567
13795
51539
57355
40273
25815
26274
88250
37141
52876
5541
54831
1158
97203
16007
34971
76167
12728
67661
89699
54899
25253
41210
72713
77073
18777
74945
73079
79077
62684
932
68996
76479
52471
26351
33105
94639
68977
21355
31780
38205
43248
2964
39363
56803
35323
74334
49322
64403
41996
39021
19303
67249
96584
92016
60674
15361
66961
33753
10790
45997
34686
79786
38829
3509
22489
71934
98148
91466
9641
46281
29671
52889
65597
69034
26044
920
59720
75366
81676
1716
30739
979
85317
27323
9347
45992
59036
92660
96097
86178
38657
47135
82316
77486
50645
4805
65772
65145
12623
75413
27778
42294
44654
93375
27680
70698
10648
87401
46064
92324
5469
76804
93303
90787
20479
19002
53131
95868
11662
49228
82046
50319
96364
64363
44158
63361
85520
26282
44858
98144
1696
72637
56790
46350
82364
84471
33401
93012
88224
79465
1688
93693
72621
11343
832
9453
30345
53963
21673
42007
3192
3719
8679
15908
84434
52837
79269
69955
79119
24127
84451
97167
13116
41241
59870
95481
42064
93271
4845
30288
89088
6534
40334
61710
17877
41166
87515
64575
95130
9188
6582
14674
29259
15261
46934
13694
84450
42555
1
79922
83034
804
93441
96151
42045
53311
7984
84110
46582
12829
14398
35671
35715
54732
13733
69945
12251
1248
34520
23733
26788
41102
54759
56047
72716
1693
86093
73518
44248
2446
53440
27282
3250
46882
39785
45296
193
47769
45758
63128
76951
76508
98799
29018
31241
28884
98963
59844
30132
49835
83577
73272
7290
38336
29319
80006
40029
31765
53524
629
34211
23317
44263
53814
86551
84049
99110
3096
48170
44868
66224
25121
37728
81375
54140
68969
10259
69455
45165
56743
19291
28742
30015
26581
83430
75687
22939
39811
7452
92815
40440
58015
16132
84704
11829
19035
85105
27291
22132
33275
88511
4708
58397
26240
2436
28889
11561
12695
98344
56727
85791
33987
1821
32158
60568
85252
24197
83507
25063
48001
76323
81856
6017
8807
82912
34198
27843
68017
77842
66327
1292
66353
71035
76041
92593
73471
4930
20507
2519
19627
93586
4662
53614
95407
53172
30535
97011
77370
30394
38427
25371
23069
20283
47740
48229
3195
98291
76072
87564
76133
42399
88856
42486
29786
64898
51432
19610
86180
88291
22129
5807
81877
43143
75774
77284
96315
22661
90648
73685
53055
29075
15409
76125
49358
79501
24354
68905
77792
16778
72821
70277
75529
61677
12764
21667
42927
80548
41277
45460
85191
79758
67619
67068
22901
43393
60704
19217
66054
51352
92902
35462
80427
24663
11587
46137
4165
52293
31394
98309
85423
4215
68587
77304
82245
97703
98971
25172
78251
40249
86984
63442
20007
54604
46862
42909
97997
7566
62126
80404
58919
71380
15866
55698
12396
43805
1836
16561
12450
33230
14870
97873
37446
99809
75177
19691
97512
90500
61215
92115
30749
48200
55557
50757
19156
18771
10018
17153
26338
88496
13909
1609
76228
46127
57307
88624
89932
75495
21537
2382
25078
36408
16607
78876
36217
8136
98567
50082
98637
76134
42197
45738
40686
97755
12847
59842
32878
22865
93348
59216
27713
23609
77177
3942
69737
50837
92566
59669
42684
14104
78404
67762
66864
11363
46638
19433
35852
61557
69515
34489
54044
11713
80227
94730
25820
93075
70925
58698
32292
80625
34267
60006
4234
27796
63948
73971
78633
72866
33641
21318
3322
28397
5432
70186
39760
52071
5972
75612
13628
91839
26453
67672
3552
23033
78755
45724
32460
66032
20775
81104
46657
55042
41110
50891
99190
21410
24863
94176
94277
74856
15494
13951
3253
37278
490
59365
89349
6462
51330
19330
98301
94135
3354
18206
33520
82109
63930
65980
64493
1057
47085
11150
72451
4547
62042
71642
25958
3257
65818
36587
78113
97664
66890
97718
34942
67380
57083
24292
90194
24765
59974
88496
35253
63328
23054
68773
61790
3336
34754
26283
4394
98191
37434
76845
2738
15828
48487
45048
19085
30657
97987
97198
28321
64878
11268
63264
32258
84703
3908
22453
9469
63882
27301
44722
43562
50355
13495
5352
70043
64601
31636
74437
79144
85422
67635
81883
1250
32474
43283
36687
63132
41271
50237
91453
22501
61505
71069
54759
46208
91329
93564
72029
55211
37217
33103
15126
3924
62951
20478
73968
43904
68466
64757
23049
70240
32392
21284
87842
64867
64567
24529
27999
22190
74766
35804
44691
52623
23226
15803
98832
14555
25719
87213
86119
62937
20317
1245
66861
99620
38075
57181
43524
6542
21939
66573
76782
70683
87857
64625
35550
68777
5506
79901
90967
80273
32058
35659
32896
55284
67814
48080
86191
93533
51646
72310
72822
71963
89907
56036
87935
27983
13217
31459
50877
51508
14385
44011
22192
18594
24988
74094
87371
30495
70348
78339
27120
2406
30350
60016
74042
98164
24449
60233
8049
76095
32544
80872
64410
22451
36908
52345
66786
66477
156
17663
17986
30893
61675
40178
49488
86663
30624
36859
17158
972
31550
44278
3378
61900
20647
77420
76416
61448
54006
84466
53895
2902
81690
18305
41705
34950
87002
8492
1427
3510
26155
19413
34404
87830
75943
83892
90846
6568
20751
8004
23892
52302
68635
27271
30554
5634
21043
6971
67082
91401
7789
20977
94303
5831
55634
36009
40781
42636
44501
58560
46146
70656
94326
80550
74839
70269
80794
65685
93189
1546
90041
17082
70200
58676
60705
754
80662
98100
24077
64096
89502
31866
1425
83805
37697
57059
19814
94830
16047
80667
53391
78546
67676
47717
75448
42515
34338
56243
8200
43880
74141
14593
60962
44341
89622
38019
61447
70284
52471
85525
50733
41973
17391
52158
42131
71441
25570
78297
66271
57969
58965
36014
36515
26641
83731
28316
85508
18070
911
10060
78302
75052
24653
39264
35745
14275
93635
97192
912
46106
82717
51645
4432
16461
20155
62915
4254
45725
41212
86877
3695
16529
22892
56562
59522
22975
84878
45030
57397
85789
55090
35699
77193
79744
91315
12938
10371
84950
26483
27635
47409
25552
79280
68193
42013
99436
31108
62619
61513
72320
49497
65208
5202
88741
21771
64724
11716
23001
9755
69114
8791
81197
4813
85984
60941
96129
15275
87665
97431
41758
15300
44840
67310
10933
13033
25676
26721
60493
88295
88234
49166
54144
69795
54368
42885
91566
19092
54602
14567
45199
23716
39710
26397
44881
42047
3690
41010
57322
91355
38442
99080
23008
99634
66390
50293
29020
92066
77014
89513
96714
81600
38679
50858
51395
9399
93744
59313
28492
64698
90233
90043
4766
29943
16440
49647
71990
20131
7010
45664
27838
45452
44744
67198
61438
11135
17491
6810
19553
10857
96324
16267
92458
51355
67126
43853
77107
77222
3167
21951
41920
93400
11994
46686
39695
44787
96333
28038
64918
19695
73702
9108
65147
18447
76307
42938
45934
10150
49748
81839
21008
62424
98107
29818
30132
81585
73671
7239
75159
93190
45542
17079
2942
57536
80117
42638
2323
92802
70676
83593
12498
44378
92702
93997
79177
85361
36935
41463
11863
3036
23303
49223
81812
37762
79041
11944
19347
69065
35535
10858
78607
81077
27937
81550
54966
24406
24188
73641
17208
11216
57235
29706
71946
66289
40056
51124
68002
76991
92587
96217
96379
32242
45441
78192
70004
40834
6488
5703
26251
58376
16561
4859
39453
44498
86409
10771
85256
26949
84413
2465
54517
41648
48523
26463
24289
88579
93939
8643
65571
2879
4860
78302
35121
50301
72846
21478
7488
79335
27181
33739
37711
43743
54950
93516
4593
41359
4288
89850
84660
5053
92315
55529
63053
57190
98345
87342
45770
92284
95985
27693
11515
845
5995
46637
67499
78842
68115
74987
74529
11648
25078
12240
55391
80029
22108
76337
37740
26396
82539
38753
47801
91206
94282
10854
48396
92627
98196
94166
1264
10533
21859
12779
27731
27855
75768
11582
23049
43883
2921
97578
55532
27999
9818
27275
24380
31926
3612
62121
74675
86151
17226
22476
77357
11508
33331
25754
20488
47879
36272
38104
74765
58132
50883
18848
85987
26652
30430
25388
86887
33351
22966
58771
77702
49136
86047
2083
81062
6011
80556
72089
8515
97782
10918
2224
25642
60601
44330
62482
24832
80603
586
99597
38735
51470
18445
41074
94474
65227
66462
81361
14930
89428
40133
92633
38564
26180
11068
35978
48543
7976
24420
57058
5758
35338
59283
47752
95939
3613
10235
20771
84216
10821
36721
39303
78643
55166
80377
73117
36746
46839
54479
51676
36267
10964
44309
91183
53496
71729
43514
2039
79705
67934
75450
85463
3272
34733
49568
15563
54698
59803
52686
55267
86976
89407
94570
65620
60926
74948
55089
97672
21787
25920
49348
74407
36884
10010
65590
6732
81739
9104
8772
61445
93390
84222
63260
96662
35307
29180
28577
6357
88983
81264
61624
92312
70671
56195
74284
31597
31143
29373
45621
52930
71646
94970
43689
24882
21332
25632
31615
3071
51088
56739
80868
44479
57313
60481
57493
8972
89661
86071
15329
94997
67335
76954
87309
38006
33149
77945
85956
64292
23670
31577
33574
95316
42899
93616
36551
64231
19248
68166
83655
70336
41257
64523
14815
98570
41356
72309
23894
47370
58380
39223
42367
42067
16177
46028
80073
65678
23973
82381
29970
63995
13959
79897
59312
56858
73513
12215
37442
92761
80381
21097
79449
37990
1972
94265
52912
43329
82926
76806
90699
57658
16029
49418
99725
48559
95446
96150
14237
35771
78532
60560
16118
8843
40457
91782
82053
30322
3997
19495
23083
730
40592
18884
38720
58917
29501
91632
2246
12427
68438
9297
86437
820
58715
86162
49379
70513
82313
79968
22636
77197
40528
38754
2392
80985
30537
84445
11307
50886
3941
50742
51617
60885
85979
90337
19802
15480
81970
38400
27908
66760
47697
14345
83932
22764
16860
33311
9629
15525
13280
48617
9074
70160
3724
11466
51146
50613
95911
78805
1499
16204
45900
53116
93442
31879
59806
13244
63711
41776
67997
7971
24888
32046
38669
8821
71163
55529
58484
80792
87406
88116
45762
96480
58277
49486
7946
25775
99
3857
20932
1598
36414
83184
71067
29856
31415
30873
43100
95127
89001
27449
3098
13889
59496
41767
39062
30659
13648
13899
27803
1054
18367
73565
97534
92996
23051
5480
35123
23150
25690
56056
41101
62104
55592
12168
8312
87008
43041
51412
98487
48394
95214
17937
62283
54710
76057
17698
1721
6057
47949
29524
7112
66316
3090
20998
59313
42493
42831
94436
81996
68521
66844
23097
46977
22437
51617
55289
25797
11010
23053
40636
59404
34619
74925
38039
89329
50982
55737
7402
57040
20038
36927
80504
86355
56369
1502
62020
15214
44333
72808
97210
29206
39653
36659
92535
78442
88276
64176
20591
99286
3582
61227
58690
38201
36152
13082
43883
3487
68819
51285
76879
5210
4564
57383
91565
77285
58885
69937
92500
19571
42745
89710
65129
98750
26370
57665
77192
30998
38193
14135
30285
41775
91714
5327
96329
44219
18409
40212
47706
3581
7849
24585
8791
12414
98320
16708
6051
73557
86645
98551
9480
29390
88262
74610
28141
30984
48627
21685
61982
86820
35821
8619
44948
43887
30299
57629
88106
48708
97841
35812
68641
22042
76749
77432
50808
75069
10492
56860
64979
97137
55411
74459
42880
60025
49069
87373
91009
14048
25410
69344
869
77583
77963
62169
21471
24614
19798
9577
73323
33991
45390
58316
56033
38491
52101
6842
29913
62593
80054
94892
76083
35465
69351
18963
11843
34773
22688
19204
48821
48098
88548
66042
25682
82864
28211
47153
7478
48009
56730
97153
98352
18472
55470
54386
56964
7571
77580
86877
86516
57634
98121
62599
9451
83824
97914
21294
18597
20602
40499
67419
68701
45399
49813
94383
28263
78025
57888
52094
42386
14618
49247
40739
33091
21069
11477
6407
28640
5409
93284
31509
79395
7757
94108
5198
91581
92023
26493
10179
12625
83344
93950
97678
45095
43763
8413
73359
38140
66301
41805
80527
80920
91052
37618
30363
28474
65447
36770
73466
70856
46406
4975
66603
54163
99084
71801
45744
7459
14646
72275
20084
97990
82577
34115
43086
42693
42528
32797
80833
8830
74602
77712
89750
82006
31682
20113
26832
97129
73235
299
84337
19641
5274
50940
90156
20710
22742
35900
28169
37388
24528
64606
51731
7105
98721
11169
49798
41249
43966
46984
50079
34920
24696
56181
33278
56379
92646
60111
69860
65881
60410
54198
1874
82036
21490
92030
2747
60584
44283
30916
14325
68811
95522
82408
92268
94243
93577
58419
51845
53895
5403
1924
5167
46451
74458
38445
19182
67104
14908
89043
49338
91670
59593
51212
73707
97435
43243
76454
58020
87526
7370
88697
72689
19245
71105
64957
29840
64682
23376
81685
18577
45131
99962
23744
91583
74420
78541
10765
41524
93450
99808
7214
1472
75753
58427
75179
73189
18022
51633
47561
5548
75356
36258
78237
10953
7363
59546
40793
72045
82923
22479
6974
28054
22441
47070
35989
96861
41963
46755
54737
51765
62915
61952
53238
55021
36731
28417
28210
54753
96403
75771
76653
88111
12029
54890
99064
35744
30788
39857
7789
13711
78688
31115
58118
1129
94537
10459
14342
36500
57214
85432
88266
36482
63736
41504
91503
467
69921
19713
71572
82676
11836
48225
70787
40217
19467
69851
75961
50255
9709
102
80319
88397
47569
54789
5879
42106
65248
20221
78606
22463
22005
66872
75297
85741
24728
66800
86208
11002
2865
57780
93678
31053
6005
64466
71270
41824
34317
63583
92080
60378
80037
88751
65128
27606
43540
71007
69712
8788
7580
64670
47603
45938
47895
22900
31679
72623
6052
17888
83625
25269
92020
77304
56322
14378
41770
43944
56202
92439
23879
64634
52818
3916
53385
34298
31522
96925
21657
1234
22066
45589
82257
69669
91527
30152
8922
23207
2775
14974
57447
2753
40244
49467
80057
12918
80197
38179
73215
52752
46970
97094
17386
16140
1011
87124
50438
32533
84049
88447
50120
6115
34037
32377
92137
25564
62529
1059
65123
81656
32385
22570
84409
88981
88390
80818
1900
84939
18997
91467
37691
82320
88561
55078
98460
89572
58554
65251
38458
42603
53698
88578
65071
87735
37307
73560
29652
16188
74619
11127
97844
23356
50050
82254
12338
38440
63072
30590
39731
98422
22057
77423
80742
26970
48853
95554
16543
7407
60805
55001
66362
30856
59931
31433
18591
13590
21345
64595
29778
12316
75723
27622
35673
25773
26228
64363
80565
5653
11305
20296
20427
49714
97719
17521
76684
62924
13075
93227
70331
90233
64580
36694
21089
24511
84479
56032
54453
5825
20628
84231
18141
12703
28206
70166
38476
54434
34529
35393
76439
62186
55689
96866
11900
69761
14387
88585
32685
43815
98164
3017
34048
79097
56063
71489
19960
40542
27521
74414
46367
64501
58645
80861
77204
86851
51027
32032
57638
85557
67425
34077
64095
39467
30944
75996
9228
61683
80933
41913
5498
79097
61282
55898
58194
17345
27387
78155
74240
71261
52569
20607
35762
27566
17820
29319
14418
68848
61351
72056
70757
45129
22485
34852
84596
53429
27200
10176
15113
8133
68441
20611
87231
29724
92862
61777
63421
20249
56284
37661
91510
25205
74621
43625
52772
92441
72944
83542
77641
50647
71950
48398
12128
94435
99603
13076
64217
26803
23252
79330
34937
91694
16293
38520
37770
9155
16649
1191
45757
72934
38853
53619
14491
13474
97244
83615
5915
86540
67157
99909
37188
39107
64659
65668
49895
64262
78745
14112
7418
1997
9794
58707
10043
42439
97227
47813
51595
30228
49005
13704
3162
4210
67323
34006
17684
64568
17621
39951
51108
84779
56212
4648
40238
20872
70317
6485
85134
49062
20597
8904
67411
46743
67611
77455
89183
81190
41620
40778
11419
6977
70834
30933
11187
38157
64939
45223
2725
82561
1527
70186
83692
57739
74834
40282
78611
61503
46768
80098
10565
83717
89002
94329
30461
56614
71784
19644
37804
29756
76774
49223
36734
47608
80157
64273
85765
45096
9497
4843
44009
27376
91381
27701
85115
82567
84336
63727
44071
31104
60177
70988
14821
49179
65317
61634
5793
53453
81278
59950
83210
58052
9173
36296
22012
5682
569
24130
67131
26418
45325
11140
53794
36706
55194
38910
19273
39530
18989
79696
86986
79166
50685
18159
44697
32354
79794
50491
85808
61072
10441
85370
35477
35966
21666
73841
41649
38587
97971
8780
65006
43296
36272
35152
80002
7818
74062
15628
63700
9403
11676
50686
4921
62361
68846
49619
94716
64992
16462
96876
42416
43255
82246
77893
79221
20264
51735
37222
58851
66058
46002
40209
9355
98627
75362
5709
6445
65776
37689
70146
75180
49366
37184
96453
28079
22382
46072
22795
87374
78886
36023
29791
22141
18269
24036
17715
54885
92123
54937
30089
58182
17292
70298
83889
15919
62012
5950
22364
27789
43640
8862
19321
93006
46047
15774
21085
68429
78199
60233
72156
73437
96256
1947
95579
30878
25983
13294
2115
34459
68231
32204
92641
85523
18855
92882
17794
80867
98832
56511
25008
42472
65373
44329
51830
27772
76456
89268
12554
71007
49501
84710
44444
62109
3009
56375
9339
45344
69669
11455
79803
54253
43659
88796
39776
62514
81678
73923
59734
80511
30434
84742
39335
12159
45424
91166
39932
21880
96786
68838
9239
62639
53548
70035
24748
56557
26411
50440
1901
96080
61895
81705
66685
21906
86853
22814
773
68532
96737
60507
65395
27171
45249
4730
39330
7025
12248
95614
45257
9034
64452
54496
71673
18000
24532
12774
90909
67295
63214
9163
79727
41461
7220
46413
79719
94073
69227
80492
62605
65964
57351
28000
93135
2601
49083
48817
9626
61331
44432
54884
70366
8884
25732
42039
26885
66616
54813
34146
33911
34379
43309
13639
75840
50529
60052
71912
44603
45631
52404
23560
11595
9756
51561
21082
28709
16996
69899
54687
78327
14331
25923
48693
23216
68008
7085
66453
34624
78250
16951
84888
28982
60261
14879
21174
10790
74931
93086
71745
20562
45491
95306
48509
71599
63219
69591
308
80215
39490
71347
58542
53822
97271
23588
93390
65279
47025
76195
16255
41627
93146
1143
70609
53407
16022
91784
80550
7305
84870
68647
44219
46713
63953
9080
34664
43524
78671
51324
23739
18162
22672
98634
88336
36295
38574
98078
17926
1951
74273
34181
43578
83771
51677
14188
37179
84051
22324
34081
7709
23546
2728
68280
86612
83034
77361
21276
42910
56032
72601
83002
90546
95273
81636
95234
47920
36562
93312
65846
38513
83937
16379
98443
67709
84408
28983
21240
68460
51307
71673
92521
91206
90753
60801
77818
73787
38162
99094
16698
94195
71695
99700
1093
83320
97688
96328
47592
50602
5992
13438
5467
6282
46170
3910
90343
46930
32894
11583
15390
553
99608
24263
91759
90361
85065
69577
64149
23227
68672
97199
33774
56719
13251
51220
56392
10939
63900
3984
77893
69892
33775
83360
76174
79945
87270
82869
26875
36516
94452
58618
53422
94060
82881
45181
774
84298
31111
81275
23878
16135
78474
74004
72854
8077
25224
29246
35368
89124
49583
13261
59017
83358
96621
51543
79655
243
34413
22882
53112
45217
97852
6534
55630
97086
68067
72756
81384
99178
54031
5262
15313
32505
79267
4520
40582
20843
33766
75950
9968
99701
5563
85337
83059
2184
53232
79066
18779
3997
1949
88243
65567
99801
94777
37549
13239
62845
10305
94624
78375
64336
16238
93689
13193
11857
98209
70127
32701
48327
62429
59021
48029
67992
44358
47440
86528
13942
26507
21659
17940
28456
9903
83507
44609
4680
21056
57849
83877
47713
68825
62253
12049
85063
72294
25242
13273
70503
95369
62326
35182
57798
21347
83211
42142
82057
30652
28670
95999
57159
50329
13939
1967
60232
13798
46576
81265
51206
20777
65142
98919
89602
43747
10968
91018
16041
52562
20643
86544
47931
82969
38079
22081
4316
21290
64223
86373
68294
9245
98724
25453
59575
29016
43772
36159
42814
90349
17424
10373
27478
98919
9292
17081
42666
36613
24451
75060
89175
45094
61604
53459
28063
99683
91892
48731
37326
72468
51456
5620
81713
50180
47426
57640
79196
91198
10152
38363
97899
27576
48736
25378
42847
74380
58811
1866
10993
83262
76926
16521
28356
54882
86332
72771
70918
94576
37854
8244
67044
89310
30216
65110
55842
77642
39102
51391
85193
49254
89754
99444
93183
54842
24822
36030
29222
99985
37896
56568
83247
31174
89441
27955
86057
75773
17078
56975
70349
54932
81571
53746
60594
11787
18856
16437
5782
74310
67828
7327
23565
73934
6771
16748
28776
47946
69130
74350
47931
23379
30918
47531
54553
20359
91838
40610
12484
8917
97585
99186
80201
95508
69284
40796
7296
4492
73585
29430
78802
57765
36757
2367
31699
43528
19115
76827
7826
4598
51177
55758
27977
82096
3289
82530
18807
95127
23141
47644
20396
37078
46830
598
48939
16114
57746
56235
20606
31331
2017
99408
89096
38774
18128
37147
98654
37243
13974
6481
41841
65151
62239
86170
63599
81880
68701
98759
93359
8194
46403
13756
61624
9585
14354
10563
25699
72100
83150
62657
19783
85167
62065
8879
23941
80193
62378
38948
33789
76352
45429
91982
57855
24020
78153
37807
5900
63206
36566
99259
71400
99321
29367
49376
8906
43721
59940
50957
32173
59442
13614
51956
44610
92031
77187
84903
88577
39565
23851
38718
32269
85632
30700
6477
9652
25205
44284
31904
4763
97202
47516
92515
96523
76883
41892
21781
36957
18184
72738
85482
77626
86352
53791
22236
78383
47330
23492
66960
86896
47343
22030
35517
49328
69083
41994
58980
94288
86278
7237
99052
99832
71105
7919
96355
64340
49811
18136
17649
67995
90874
3132
45622
93578
73275
84210
71962
20605
7702
55274
23853
71398
93657
59371
20726
62740
1365
96058
57028
3996
19647
72432
3828
90752
80352
16536
55093
46515
34672
72742
14511
41899
92226
76485
35477
65501
77047
23791
2459
84750
95418
26312
72500
89075
85683
9578
51815
3401
5636
25195
7397
41636
13980
11225
32388
10684
44113
3833
57199
78786
92928
88062
37037
85154
64547
88866
67008
57947
29010
69467
59049
40780
12131
31549
46207
97815
41127
98022
1216
63115
39569
24965
4751
53549
52542
53492
80585
96656
57325
37785
91794
66605
25847
28831
68112
6747
34049
35120
64694
79411
20939
23743
20191
49422
71644
66398
47237
29123
80772
64805
92238
20342
89770
13342
90243
42313
66834
70829
55321
40511
24966
47115
7117
50813
92298
91581
73912
26347
43053
54958
5759
63992
78701
42302
13414
66697
8701
77004
95820
5825
58161
88059
42519
47932
17753
32763
6597
939
19944
61918
57802
61262
9033
81271
28427
1331
72852
2340
44030
15905
57298
66141
96249
52352
8444
26016
19049
33497
3020
14870
39322
61181
19281
81842
25465
53386
30957
48414
54325
67253
10332
12127
28515
35717
93399
56942
53400
66251
59282
97431
98509
32933
63572
94758
1637
72016
20774
20686
5513
40146
51908
61188
17680
87541
43030
43145
40927
90339
7912
11604
57592
18244
23732
2459
70314
33483
59401
23714
16086
35036
37497
14595
84321
1070
9354
85958
89438
46480
6644
11304
86627
74905
72492
20659
62446
31874
80156
3374
38565
88068
14978
96157
22665
55062
98616
92979
88545
74369
33045
20984
9405
70543
51931
93726
87965
61285
96036
93755
24118
2681
5059
27097
77586
93903
47756
40032
42129
27912
59758
80694
15981
91089
93203
54998
46151
8171
47977
51049
98893
97374
72033
24650
84269
23964
34729
72234
1602
30765
82342
42072
33446
3753
69169
27384
97657
16925
83769
56138
61189
59879
53185
93522
50968
62740
48520
97120
87264
96497
64521
86157
10224
36554
10807
94493
76870
45536
83080
94824
76302
65422
36896
26100
69175
22417
69837
83184
55694
53606
39323
16884
29837
8860
10406
80806
71600
58927
77926
58864
71776
42447
61373
82000
95353
72181
92846
88575
17717
75926
99752
10371
41348
53000
52824
10523
75418
22661
10060
31112
92619
65735
47996
22456
74595
74755
3262
62547
33682
97540
37764
21810
56339
99137
20163
68044
71318
13009
72972
5388
5287
72724
32111
62987
25724
84935
89862
17494
23948
99922
48607
16567
65657
12955
55376
40252
87710
74990
19152
37744
88883
56916
59555
61574
56053
96070
45971
27372
25431
18943
49112
30718
8019
81223
93705
50095
82511
83567
67590
6459
83490
16197
39379
65499
29152
11107
5752
33215
86097
41256
70959
91332
98172
46866
52907
54225
59288
15230
97949
84719
34173
47061
15437
58544
28285
25494
8639
10796
25414
92581
33607
25256
8778
72986
90755
54283
84093
12859
3850
86543
54115
91161
77875
52287
38028
47134
6513
97316
62364
4462
98388
12889
67876
30177
71433
96161
55672
96425
23309
97438
89006
56916
22694
14137
29903
13449
84772
30348
26309
88622
16891
96776
79783
94767
49064
34163
58253
71929
47832
20618
92743
46220
33507
60619
92749
21293
73132
48421
34070
96441
62211
39428
69710
84905
69917
15965
98355
54689
46313
41016
59663
63205
37792
55799
74324
3208
6314
32577
75137
70498
53195
84233
16718
3055
44852
9468
40700
17985
74241
74770
30778
36453
30550
488
37710
468
16453
36065
71509
62767
93433
47525
42324
47578
3324
16648
50786
25990
65577
42276
96489
18773
26509
29559
38180
87713
55379
95232
5698
45973
70002
36477
98778
16904
53317
36488
17372
69771
88906
88882
32538
98691
52759
91214
46269
72435
7862
13408
98425
73439
72036
11266
8564
14897
40826
63096
2610
96205
58328
24661
58530
44682
77490
57308
61587
30807
93797
95311
578
99055
545
49468
97746
53304
57034
44016
25739
64896
73776
24165
54688
45812
35431
79604
60709
92609
59053
79671
5167
17381
4332
63697
62064
98174
21006
40003
28982
31155
35314
45912
30210
35860
11733
44308
5516
68767
88324
31256
50016
78452
71773
21056
24264
23556
660
1325
16166
59713
80997
21333
93447
1681
85030
71863
16208
22388
28218
61542
53543
63532
7454
105
15744
35539
44414
21261
20659
49090
68869
87027
27543
40642
8083
68159
64198
25095
69485
96716
1161
66834
34401
10960
84867
19432
82823
1075
58172
11041
62617
28068
90925
86424
28173
23022
21963
88939
60635
58974
38030
29504
46001
81925
70146
70436
50084
50696
95532
35921
47413
13045
2755
81814
24005
87623
17598
6828
88698
92123
34221
67668
20191
41498
54092
64716
64520
92407
53656
25155
51382
8038
54659
13735
89963
41157
84172
56399
8206
96056
92321
55619
9101
95076
53785
49458
99051
87736
72638
4102
96211
23211
71770
16402
64709
25862
81118
29230
18269
51126
70737
86003
59164
41749
16091
65479
82906
263
21879
91112
12671
14200
63083
38124
25628
33221
87582
41032
37309
76572
45134
33520
99783
16904
49922
64492
42766
47392
10074
77387
14871
80812
79743
74035
22561
95834
55867
21819
96097
77746
12932
25120
8298
92367
63244
50278
25588
67178
91310
79249
43750
36444
12769
59885
53348
79043
24377
12466
26436
34452
6206
57659
15264
85949
48046
54177
81783
3913
75996
94232
81659
5280
35704
6309
97648
15300
56588
39588
82478
47898
18838
42580
695
47959
2465
54043
27003
43194
82862
69791
77646
5420
27450
9262
91369
75496
79791
89504
79410
55788
88
77421
77420
35792
83
91420
51092
56671
31009
49922
20921
66199
92502
21616
14158
11319
92012
57513
54513
74874
27304
48512
96646
71106
57774
4367
46603
37566
93871
42365
9706
93959
36138
87126
46103
36221
94899
13547
92892
25908
63469
13814
8459
72323
51782
38969
83642
43794
12835
54507
18668
40139
3019
31666
27598
77146
36033
90553
14712
29904
49270
40770
40215
85408
44248
2670
37982
39147
16217
47226
81407
79686
61040
6218
52009
29175
45188
52003
72969
74375
6511
7990
14514
9530
39656
58464
3028
75690
49017
34092
21946
98287
74862
78514
48
35463
81184
38030
74610
97402
85256
72370
93440
62649
78588
61802
91824
40128
13805
64793
14503
36668
72783
45370
62551
28792
3834
65579
4482
69204
99672
26428
83843
90886
21294
83891
26349
2479
38273
17312
16233
23530
89682
26025
2531
84622
87827
94355
24751
17985
75500
55606
54653
64636
976
33556
93428
21163
99136
97910
90367
15160
40690
90562
6046
61985
74454
48748
80816
12727
66060
13401
52609
55742
39426
55140
56716
27254
65847
81467
45239
41348
37074
16244
5984
54402
66153
99412
75565
81641
13674
82284
96801
70716
72847
19199
49053
63653
67947
46221
92732
50359
59622
45342
22453
99049
482
79170
26303
66330
60637
87894
24030
14063
20490
30014
68466
86643
45778
44031
68284
75804
42668
65085
62872
15515
637
11926
95520
68584
58147
88252
18944
34122
33594
41397
33171
50429
20567
59474
33111
97557
63720
57141
11620
84210
3507
80086
70854
65637
40470
55490
57793
99490
36928
20665
15005
37565
48943
26877
22501
23443
15129
57797
57565
48724
15547
90736
15505
52466
66562
48616
50023
30282
22109
77996
30844
25616
74434
18050
7605
31256
89893
65398
30746
26821
2415
62103
80738
51359
88980
3239
91154
4110
61037
48719
69186
92936
55807
84691
45402
22369
33307
11778
69003
55416
89774
16199
97384
64208
50602
21341
95465
40495
3091
42563
67316
5506
4667
48054
73217
93647
67645
64371
97757
45034
29442
66943
37970
85249
51634
83373
23970
1293
11503
9325
73061
1277
41877
86797
81837
92479
8138
93654
32974
11229
36218
290
16736
40885
64696
6305
34532
32341
70677
48642
77376
119
15585
31698
1721
83572
31423
25691
1217
42926
35017
74279
60555
76894
77428
42393
85725
85567
52399
18699
13148
88617
35341
46236
29502
37
52542
80387
48730
23219
29029
42458
39690
60966
90509
41411
60890
21932
67103
62108
64859
18472
52739
41766
11718
30167
84159
97443
32086
36559
32494
45235
41528
67835
91471
87383
84224
44013
67770
49306
83584
13151
8117
23275
90469
98626
81038
67712
20558
48141
46172
1769
82965
98911
43536
11035
45430
44047
24830
93869
80606
57324
39104
38487
41511
46927
25870
42087
7293
93640
7746
90877
23143
15863
30504
29964
14489
11543
97676
51399
76036
43848
53169
75354
59111
13057
2741
20894
57104
27572
14763
54063
1248
70219
92550
59112
17146
18420
1199
40791
28412
25297
48021
51555
41160
78525
97871
72001
6420
95548
23401
98809
55748
92922
90515
14860
5979
93256
52106
63083
37180
66869
17146
38429
37088
26048
97541
70586
44468
15092
11378
72880
56742
59399
40787
97902
54276
38659
86256
77049
50559
9657
75858
6307
18931
66373
37519
24910
75981
89625
4345
13162
56494
37844
67943
9934
80244
65484
80521
24713
96928
8251
13945
53670
67650
71085
67925
38278
26096
70533
15327
76655
96542
91185
99314
15473
73910
36834
56735
66244
26459
77432
79406
99306
31628
47349
25592
11873
29185
6113
36586
42465
30716
66883
12488
98366
37968
80413
36645
64064
67298
68324
57071
63840
59510
56386
79313
49772
9572
36048
16016
52383
29832
11774
51689
61461
75475
77282
73334
4660
99747
26272
47126
46816
93155
75966
45182
47476
72731
98179
11540
40029
66504
84964
3869
42366
57702
83182
8490
67274
35582
40859
36009
81766
52633
87699
43227
44461
81333
16561
49121
97432
42833
12599
44248
52341
88565
5783
99817
77648
20314
27709
17677
3170
12673
21546
61888
86727
21080
70379
70353
73014
27590
6363
54781
96575
10414
98008
41036
8099
30922
6510
5531
90107
19109
66132
42448
24027
88267
58617
1675
8581
86327
35705
28104
15352
73603
89992
2080
94684
76723
72433
84050
20665
95148
38831
17241
5562
53192
58277
13661
466
64787
35545
90573
249
18029
49374
40628
6296
7991
58655
31229
94318
94360
59333
26023
67964
65678
28103
79000
58753
16888
63050
79419
12037
18234
13012
33951
71426
71289
63965
88244
52429
15862
95169
69030
33891
44543
9658
56539
68887
68313
87768
79557
62674
63454
5580
30638
45484
50035
25990
4237
66924
89040
8
95313
7274
13020
45616
95052
662
9581
83296
69443
25443
94818
38473
75686
39361
48131
32225
8248
32796
36346
87806
95470
16152
9738
42460
61636
59774
68450
82225
43050
73843
98586
38363
97469
11606
83979
92522
28620
9913
92170
14415
51708
86988
52888
43747
42702
17371
75972
67302
50168
28670
55108
61990
44822
81199
4451
22810
40973
89253
5036
84023
63096
19974
38738
76918
47932
39069
69440
76553
48982
77962
90968
17043
81303
60209
60790
24005
77580
53114
91307
44100
81785
62768
6091
42959
43967
26894
65770
1292
16147
87158
85315
95596
7132
24053
72514
55064
63122
58306
47969
28457
52620
55290
61852
33923
15499
22642
57928
93079
92108
65588
37180
73893
44708
59623
33205
88675
86517
15327
89967
2664
2485
91634
14612
25969
32039
3478
97385
11513
78136
45355
56322
30757
645
18174
64680
16144
57168
38961
25575
49277
20901
79107
39522
65609
38730
72727
70636
41599
88054
76955
60616
6891
68589
75228
49212
16980
95059
46598
28493
73195
91953
84816
3952
8950
2990
84985
41446
76511
40298
67021
25788
61199
62481
65310
43160
17563
54390
13796
59163
58796
90751
19779
65688
75692
11359
14900
9024
6418
77850
37517
95966
69803
38685
16270
78753
58028
1255
36551
34539
41553
19925
60327
19104
82406
41989
62264
16321
96379
76060
91836
55176
83163
27967
37216
75207
39327
68468
84231
62097
46319
38101
58063
16122
76786
74334
11228
34814
91941
64131
85705
49847
84056
62384
68951
82814
4374
31216
99136
17105
23628
90972
72281
6792
18940
25849
98351
74619
94318
82583
53068
40637
37036
11132
73111
13822
1818
691
64989
10111
64823
50694
59958
65231
13079
28910
48046
33805
60126
47182
50910
83754
54506
39544
6898
89798
65393
5250
64417
76063
4185
17486
16700
41221
44970
6164
71395
63140
23207
36384
89603
4382
3431
49562
69614
32862
94824
17660
66667
54950
81194
33929
55056
35700
73473
78307
25499
55219
99909
6268
31282
4094
40106
64335
61667
85076
70499
33062
64568
10058
85799
54172
14441
89230
20086
84055
38444
14910
18067
21463
86212
99261
55392
41268
34961
45218
35927
76812
437
35836
99433
31719
39930
39539
96054
17949
40968
82905
51012
21888
92964
36811
76060
23757
42393
12498
7812
97189
27408
42231
18652
13620
41492
74044
71241
92805
35614
7168
85970
36051
59357
85403
84123
15639
24942
80177
33589
82262
79435
84601
4151
72399
37764
96563
12508
80157
9062
20320
77346
36470
78903
12350
66443
20395
2746
37684
29552
38361
61204
15522
74412
20561
17277
58535
36201
58572
55065
69790
40834
50852
70743
61337
39603
8507
57901
52111
5016
83315
88783
98714
36137
67686
11064
2580
4433
13810
56616
33985
52171
34173
65860
42936
54734
83137
17823
7287
41709
89240
93429
82544
40092
80524
60233
79695
89031
18134
31806
10399
1449
20589
9113
37587
4627
20177
56519
9060
50340
13136
43046
18863
47309
8906
78151
18395
92043
12327
42035
50105
1567
51816
49001
58012
32341
9234
54059
37724
27369
85866
48124
45170
22807
57237
99109
27435
93767
55629
36495
60459
85117
95893
79322
32426
4799
57474
67173
13195
69801
25560
63300
87720
77377
12301
45732
9718
21535
99792
47442
65256
2010
11918
10427
41169
69156
9536
84956
79275
65165
21452
39734
66634
33697
35408
99060
38497
92882
82586
68044
79035
8146
31344
83108
1875
59997
28840
11593
97884
44984
75388
63141
63346
3658
89920
4516
89166
99456
5824
68441
80974
27276
24527
47608
77326
59936
63021
32175
69170
61959
219
48206
70105
47915
31314
88333
7912
76506
16278
22148
37843
91666
85289
1189
11677
75209
22057
843
91018
44234
85637
88344
71510
10164
52304
65188
70100
15325
97363
39271
93636
97582
3829
63742
45497
35143
68427
69761
28001
84705
91910
65844
92724
93551
83386
4401
85113
21795
5244
92483
66029
90881
80827
53892
17398
33131
19080
87498
64809
16444
43121
58445
30378
46950
38539
92228
98445
6966
61989
42799
91672
70251
8643
84396
80155
8381
5149
81620
46529
10393
74103
28910
17627
71282
82802
35025
20765
18235
38875
85574
51031
98349
60372
81409
61651
15263
89989
60097
38582
68331
2896
46606
38582
27891
47354
35089
52625
52503
16709
99154
79248
7164
44416
13227
78446
27219
64604
99212
61806
3480
1138
29189
18181
61510
26950
79832
93126
16940
56281
31708
85271
75529
94666
40205
19773
42020
91647
72398
10875
8356
87904
90123
15521
32320
3351
93967
75891
67955
9531
54049
87787
10670
83238
5968
88532
26541
2153
81658
43481
58434
29718
45104
33964
24384
85309
53737
82756
76956
42487
93631
1665
46743
83755
33538
79063
3458
27505
71307
71413
53389
25356
75553
64059
24947
97873
52591
51488
26
34250
94969
58461
63968
40073
8777
4705
41734
78866
87461
35043
37705
81093
36708
84448
81200
70246
63511
84658
14103
34818
72423
67492
76527
64328
31551
1474
62202
84143
52962
62228
34745
64283
37041
15065
20708
62170
19770
62442
57388
23584
13837
95093
21029
50545
79541
2229
20791
59405
3239
51247
10575
92014
18739
87102
56343
66643
4928
34897
67138
74242
97125
1883
38525
50519
16948
75585
29041
53071
54380
86430
93007
68217
81523
14036
18763
61065
32617
55906
20470
52208
7153
31045
44222
42245
34500
16917
8888
39428
51814
76026
13671
65292
94261
68548
32163
27561
44134
61204
96984
98514
47634
89991
66731
45510
20379
1846
22927
69348
57753
43397
21556
81258
90794
82131
39855
25294
15400
65095
81075
67215
57473
11098
48859
51734
79646
81022
79296
40132
58578
76280
38646
6213
82624
21730
68075
3003
39928
91002
88704
14033
50751
26612
95292
41545
8743
51499
83192
24144
16595
80619
7711
74068
91717
56570
42155
71363
53944
21451
27848
12522
14083
66494
35087
96707
4576
3162
16063
44505
10516
21119
58538
61267
47731
70182
2813
72827
21682
2357
13323
54629
82976
37386
28697
74693
93956
70852
62408
64252
8655
90256
76774
39091
73103
28214
35798
94031
47728
68213
38536
58245
5684
13427
19512
53416
83609
38677
26243
21643
57386
55918
76272
40362
93304
21322
31407
3612
8526
10168
67864
33534
16776
60990
72625
89879
89204
24775
263
53285
92989
38799
11530
98673
68578
47394
68441
52188
2424
11036
90183
59810
66954
66456
173
60258
4130
47932
63870
12656
58100
31734
46190
91229
9077
18815
97460
14633
43591
97723
67918
52932
52875
95800
67957
21453
43195
36399
89993
61971
63787
80177
21781
30742
46633
38306
91000
67115
86239
71223
96123
60691
19309
42314
51920
28386
77481
49381
43020
37424
47104
27290
6708
99979
23091
91018
37785
82638
43769
27778
44609
7556
7955
82742
38298
70940
21049
45651
38055
23640
33226
34179
84331
52535
92845
36252
97274
86678
1985
56646
40455
65441
83936
47163
65421
23379
38181
3206
22369
98302
30984
83330
5859
55292
66073
60509
26232
3474
22512
64288
27114
55738
14819
27797
8274
7664
80401
21900
94342
82386
78546
34797
47828
78834
98313
29601
2214
52846
32807
40935
51149
80143
24266
73360
35435
6691
33869
78020
10165
56382
42308
53631
28472
57127
81428
53098
81143
61830
74998
91837
44216
53544
42987
8396
32379
41300
37997
50945
10498
87156
8232
77999
83652
32498
51359
35439
55541
1581
13459
82058
57963
55767
35689
2787
29246
17118
55886
26741
95300
30884
18579
55868
781
77918
64265
33160
35570
2262
457
46068
5771
8689
24068
89423
57540
91779
24862
13081
93360
38322
95140
67675
10441
47181
70463
56040
80651
26349
82781
75951
57233
17712
31820
58014
95630
12437
7526
31200
31051
24335
93621
36822
33025
17689
26245
6917
9468
51108
36350
19181
89430
47842
86856
16223
95024
57319
72263
92027
83668
71397
67979
57254
89109
16151
15268
1092
44940
39147
32292
75991
63482
42265
12814
12859
59954
39059
36128
85775
6519
72479
21308
12301
20321
8164
28525
31697
81836
788
23725
65504
88537
8056
39110
77647
40559
54379
95091
85499
9878
43735
61490
73360
86001
90656
2572
45955
46068
38700
48082
52587
11179
85742
64889
47853
93907
9766
79550
75743
10554
19627
57599
15444
27683
96710
93091
68242
67441
88182
70093
77319
31917
47936
67031
17918
38592
69603
80226
1012
24656
44660
53600
52187
30403
34841
40
40662
44607
95943
16405
71513
15570
90356
86957
59606
87066
96400
27848
54507
84582
14294
48178
32852
62230
15210
67122
17174
1165
63700
18187
25821
24713
88139
78009
71468
22980
94401
12130
67587
90344
44887
39100
5915
35243
26058
65521
38662
22458
9721
9521
23393
40367
57700
72597
18949
89262
56071
52476
90427
19772
87015
32601
60837
75154
10610
32305
98134
5011
60787
82073
11708
22026
37525
33975
73621
79935
15848
12283
2394
25569
38157
42139
82289
95857
31088
1238
85119
87159
53714
91898
23283
40729
24499
472
32235
51461
32777
30369
56473
9916
28794
84533
31942
66320
18508
5564
46255
34356
17847
65001
76277
56004
23492
58566
68213
54580
76157
69684
58092
46223
61583
81375
3305
2434
81848
35540
53896
30977
82262
26721
40894
11056
11254
72836
77376
46114
94752
23632
80470
12600
88633
73099
84956
12126
31666
69522
83058
24175
39206
41150
70398
17141
38878
73703
35928
20726
9244
89824
68055
7858
32897
8949
18914
60503
98138
96291
6617
92890
36275
87087
21842
41260
60186
23151
53386
8204
92673
52797
32379
48231
93947
19130
81725
32825
9185
17653
69903
34781
23829
37959
42639
56726
63260
61554
17229
77750
74197
23846
86993
10472
27285
8835
51732
87471
48338
21471
12028
41011
74268
60759
5595
68215
79889
87320
17393
89075
4973
87296
23856
28802
41607
82848
85528
21220
44402
2757
98970
18599
42955
2315
45423
70240
11151
13507
74063
75841
34978
86091
16853
25598
63203
22448
10166
43092
26120
27559
48519
31093
31207
88728
59895
89167
71576
61775
10387
32330
64532
9357
67281
23839
11673
12704
94079
39176
42563
84494
31369
77542
86938
64574
19492
50141
3374
29658
9585
29494
73569
74457
60587
21129
63185
20482
10296
51113
82257
20683
83443
63141
46392
67076
3332
74417
79780
13763
29945
22343
98258
61315
16237
85196
25889
52082
51689
29264
98092
61274
58758
71662
35731
35698
9143
15268
56180
19439
82733
54790
56474
82528
34283
2866
49604
53968
93636
45736
67731
23581
68080
65989
84896
669
67537
27138
52751
19226
72754
67196
96853
31512
38858
48936
67210
64353
80557
39743
83792
63290
10885
40266
45819
61520
59484
11775
15488
53120
57512
99572
76702
41944
65561
77950
42613
49451
21440
11717
85029
94194
78913
81882
25707
34123
30819
9269
98476
27728
65364
98620
7370
92601
55238
69541
70474
14722
81317
2314
67843
38829
1886
60897
80773
83800
55199
39738
33251
76640
67807
18280
70834
63072
16515
12893
13547
63686
38515
28375
91414
3879
26995
98784
12833
82233
68326
83307
13308
49643
85621
97503
4824
3860
58400
1949
87660
13599
58039
37263
90239
25847
55543
77426
5271
88410
90319
18819
52096
28834
63546
43510
49066
90542
58647
61899
89127
26973
61558
2435
92968
47179
99938
14144
67391
74690
16093
55051
4642
74132
92314
11233
16331
64210
88659
37955
52620
78979
73126
4717
7813
36672
64579
56879
27214
39578
35130
32694
66551
96688
51481
75871
60220
67772
6367
27611
42462
22460
82663
63456
12945
91329
74690
45628
71891
63349
99935
24512
42328
73061
45581
66494
9734
26512
23373
53300
66091
58504
85994
48994
55192
53828
41218
15412
21600
47585
59376
80414
86398
42039
43871
15695
49720
18561
77675
21612
98262
77611
62476
40591
50672
24409
7085
60406
50921
46810
13707
17012
21666
16053
82359
93211
69881
23577
24975
7833
71162
84351
88248
73912
26390
48471
89607
92463
83384
67283
30427
81646
44894
92903
22237
11918
17312
45674
72325
84585
8837
2384
1598
30503
18437
309
23714
4671
23886
48690
12504
11400
33041
17104
85313
75784
65575
74920
84599
65311
58555
15026
46958
19801
7929
85547
31720
41593
31222
20397
26178
40059
22781
44128
86914
57570
44437
10629
78593
84675
75671
91098
96076
8712
24554
81389
848
6482
72661
85447
71793
47569
473
18751
67370
24754
20651
99090
82699
68225
19487
8878
24636
58620
69358
11550
16191
30148
38531
11136
14823
14202
18586
27251
39267
43141
24992
40115
65975
97654
41915
37768
45223
58740
72872
28945
83495
93523
44388
82546
61748
63875
7776
86384
38848
77135
14286
71391
23635
52818
82527
38458
67020
1114
82062
6287
60607
7054
62755
26582
4708
4670
64350
66283
63410
53574
11581
63257
63449
55969
45804
25197
36196
69932
27933
75044
47067
58572
46435
87054
11390
45315
25513
94762
46429
23927
17402
7036
30981
80157
33618
52042
1179
14320
18325
80941
67895
29906
44199
31344
2227
6355
72894
38424
76287
17179
13468
39707
75751
76256
26761
3493
21571
68626
98256
84352
92553
15658
91388
39887
12167
41358
91929
13346
55678
26606
94287
39925
72865
54838
71270
75092
77545
60516
13516
70185
77695
26985
9892
69799
19593
53005
73292
41164
21632
87900
25516
30537
19910
33256
70424
32077
74614
78705
45423
46644
5312
39711
86570
78177
10901
74192
53269
88447
34708
83138
58632
28755
10123
68524
14906
29716
37881
4551
87232
75865
92451
29100
22755
12362
62356
93179
44439
53322
71885
6215
99966
93549
62278
2888
71726
73179
93432
41347
61626
44492
24485
20258
73248
50960
5134
4506
97028
59368
9057
84260
35233
17861
13360
57988
30223
92068
67520
91014
45390
55757
13581
61709
49306
75859
64597
37384
49039
58030
95083
10665
2522
19569
47276
92122
70529
68762
96629
83910
28130
22038
68170
79716
39899
97883
54056
86474
89951
21576
77489
51694
93685
91070
13403
59343
83282
78000
96727
32321
52382
91811
59338
71257
27732
22966
63379
14613
8081
76360
98523
52563
14751
83046
32279
54650
80929
86336
41125
87232
24264
34966
38926
17950
42388
52329
77293
25670
46682
90373
74343
99064
98536
33682
86673
26268
56648
66405
40881
64729
42765
55757
17293
57516
38803
65924
28519
36084
68612
69644
39668
92877
20962
78595
27179
63350
47276
20824
5373
10310
11197
79716
25727
26085
13398
12400
52353
86399
78805
9587
67480
37923
81696
84773
11791
20499
67050
40310
72935
35662
26306
12603
28539
47268
7550
72070
26971
71179
92895
32344
81489
4092
12060
7216
30178
41811
19617
98883
44562
14774
24822
12042
52697
6518
13168
64489
27017
80218
4799
16304
15880
31106
28908
60772
94726
36458
32842
21697
23989
25737
70393
5479
46182
98806
12695
92712
40617
48664
91595
85179
63439
32770
13573
32488
39288
26741
96977
82658
6959
18129
98962
39192
65587
44222
16316
60313
80681
49158
98363
4670
91248
68756
26501
53782
67562
55549
46494
24531
20565
54441
9710
356
87211
23284
32845
26500
66377
46174
25510
73337
64303
24472
28881
46242
68695
45197
6556
65728
10707
21271
86750
18307
90027
13252
72089
73942
85153
34935
98473
5718
89377
24536
6075
92940
64172
38920
35792
30549
85094
61302
20238
65750
2127
49119
11992
70822
10668
34900
52902
37728
56171
39652
56035
46199
69256
28125
36493
54409
79412
34966
60128
68789
59502
66203
78082
40026
21475
13874
70576
6569
91529
90814
88671
93656
56286
664
80830
66954
35564
33732
4682
91736
89736
77070
54287
58993
5195
90780
29754
84607
42098
6234
69749
17953
88789
47831
57979
10264
78057
44907
33186
69586
35722
21857
63242
8360
38873
44072
91666
74438
94156
96349
82526
83893
73419
36813
59238
94966
43945
88992
95925
2395
11579
82026
20348
368
46209
94680
26985
24267
39587
60171
10205
91661
98380
89800
16373
37254
50224
8040
28044
44381
20741
10570
28274
10512
63735
3864
5478
24032
9208
17755
26427
20787
16134
63128
37508
62343
74160
64493
2962
30099
24664
29520
38113
39396
19320
54486
76650
69544
62526
21046
13925
83267
31616
58551
93779
11703
62415
15609
35735
87976
49717
78515
8763
65851
57995
46271
44546
32155
10764
47509
78606
51780
77029
16719
7529
96349
71206
531
82245
33732
21578
96171
17000
69546
71074
27131
81250
33490
42741
16985
21466
92458
11852
46581
58309
69847
9205
2855
18354
19969
66716
96961
88102
60097
13680
95631
72798
84886
96162
55044
34971
34092
51215
51971
3639
38641
95454
84889
88483
38195
18226
9949
47005
30079
72883
5314
99926
82088
24522
18281
18409
7590
15242
6511
67688
28922
18494
40486
30161
31009
95530
65132
65101
63097
33455
68740
1739
28909
53629
90222
83457
71856
16524
30462
18287
5759
52129
18213
87847
76651
52846
22608
593
84440
45472
68281
29715
63966
25120
59876
11327
20650
41360
76429
100
74815
45169
18191
20076
15151
24765
3533
3359
41289
33996
21646
63400
86125
56211
51247
79128
25410
73856
79721
9850
19328
48003
39565
99646
73123
15793
10974
10125
73505
87403
26577
48320
48924
44768
84749
80427
69534
88282
83786
27175
22278
5432
90576
24755
77996
58175
3883
3406
48383
83605
13256
84063
47960
69174
83710
37435
1319
11036
63912
74825
14791
90490
39497
80067
35258
40598
60495
21144
28881
44281
48320
67511
66066
55248
8619
60414
13423
12502
63820
61807
12459
93428
62222
76771
62602
45932
14206
80274
73320
78119
71451
88111
84961
27300
68179
20219
67899
45026
41364
13132
89307
6036
80643
71725
77636
89262
32139
91059
18117
12311
69218
46928
5740
31441
23700
84694
93725
54258
81320
83398
32377
52771
71509
17338
96424
56040
53910
64323
1066
11626
77455
6726
34014
74450
94803
11650
80065
43295
19061
98182
55606
88280
45110
77698
36073
85162
62393
46150
39421
43713
29548
88150
12837
17410
21841
9261
73450
75751
89936
74517
3729
67391
97595
37743
58193
92398
65745
38258
35693
84806
52792
91300
89438
14255
68998
25511
99417
47743
88014
38838
7809
17562
26989
36998
34972
65182
46259
24775
40933
52547
99292
61014
19938
96887
15109
94483
89285
80854
32742
41331
65660
85534
48983
55099
16141
34333
96962
15559
82077
84976
54397
6238
2539
97738
43236
53863
62920
5847
78638
20205
58394
94282
97571
94684
7521
12680
89167
13159
93534
38261
54490
75547
40148
3473
30646
56289
37806
27608
71848
36235
28937
42598
42473
47828
56688
2061
1691
35961
7908
96682
72518
82654
90964
70090
77338
14838
99122
82858
27997
92657
37471
82487
68204
77619
2312
15202
33909
40118
59162
22109
76354
88099
81059
35179
35927
54100
37241
53971
90061
45149
67005
78931
27804
74321
65373
21494
89159
64496
4352
17156
73505
41824
99643
41709
35795
1955
73263
86056
58426
32425
24518
51132
36877
5577
86311
72804
76029
23552
43127
82442
85054
10132
61374
12858
84454
43099
50704
73613
7595
71409
7122
81100
29585
23117
39161
65380
25073
12424
67789
99851
61202
92307
50983
98079
14236
37294
87235
90266
60847
46715
89060
62253
56847
50434
75111
57653
93534
42167
31267
17481
13576
38389
98582
59513
61506
54095
41246
2931
82872
9035
19134
44074
17694
70117
58505
31930
23764
62092
38548
963
8807
27609
63216
65655
94395
54679
23308
4281
96846
70927
21763
26775
25668
36697
86288
3527
7144
27534
22810
90016
52921
41945
50442
70615
28414
8947
18898
52178
71040
57446
69493
79847
1407
32709
61854
95803
3740
1515
16436
16939
72442
38199
43714
14463
91248
46354
17990
98393
90241
40800
4761
43162
99097
55204
13778
43864
64151
32676
96042
51543
6474
81888
47743
7882
30949
9597
20037
34690
11112
52825
51629
99907
7377
11695
14370
98625
58049
48712
13370
48290
5864
18132
91453
4962
73336
21583
48826
53839
70611
61220
5383
77085
43108
69478
1319
74058
79075
37708
25100
6540
90534
76729
6447
97911
88424
37169
12888
62825
85881
26259
27468
91745
44391
35273
13059
34079
56856
61885
87918
43819
39458
9653
20904
98918
79131
38576
89328
74559
92636
14428
81099
83170
7509
3898
81081
12285
57419
10322
75111
59652
36581
2579
51397
80972
37852
80809
15051
11060
59046
19321
54879
98504
28975
92135
97423
8106
47063
3103
99017
39700
17532
80116
22870
41393
366
20304
53679
74137
30626
45142
33789
67207
64073
85187
64531
18277
65996
95934
29337
41394
31607
568
39899
60582
92703
53674
85041
39767
56777
84058
95819
90661
80527
18689
32055
97245
55345
2086
71383
85971
47228
5172
69530
11301
6711
50413
45930
89059
62699
91619
30454
94307
92187
70353
54889
1242
40379
56282
57361
13508
56693
53180
4170
37220
71870
52577
34465
27215
54663
22200
29539
1891
27373
99069
29544
50436
65835
75474
39496
28534
67093
69950
39193
75632
56655
10435
76874
13386
66717
34236
26894
23410
3768
31064
76982
91990
83641
27800
19206
54656
50000
65097
56547
93725
80518
2443
44162
46353
77917
83658
91240
61362
69960
30433
36994
42967
40868
13869
56353
7586
64457
99599
47348
68225
47016
24331
60216
47009
52131
95774
1666
18483
77223
58213
12209
57741
77009
56371
20447
54926
56381
11687
32641
42693
58472
69635
85660
99341
99856
58365
23279
80665
74316
86979
48891
21332
11310
25459
68342
79793
37585
70008
14629
14808
44573
26838
88901
21582
99561
9348
92861
72294
37387
25502
14987
95860
11489
16999
11553
11346
91716
34832
92011
66032
38163
57254
3717
65826
99065
72059
45619
36650
58419
60248
67810
19344
3438
56712
57279
2999
66060
66492
75293
19800
8346
6632
15660
19835
23631
27213
47533
15347
78397
55897
97732
16560
13151
1449
82386
12217
89860
44358
65219
48279
20958
33030
83975
40749
6094
57606
43748
88506
24098
35394
8306
32444
42026
23966
68632
82010
67531
16165
13709
62280
72062
11441
78841
1566
29242
77579
30135
19102
38289
95354
83733
59248
44736
67709
99997
67182
25315
60097
55689
65766
11843
63995
98210
53870
4314
83194
52232
88197
99360
65941
50478
87774
77383
45671
89340
22977
39602
19475
42080
77892
31182
25813
53492
92270
9874
69841
59453
51542
29938
31494
17308
41782
11841
31870
12004
32507
15065
64236
20705
14425
46529
71183
2199
40264
33206
7892
63242
72808
43719
5322
50700
91253
47487
4192
83524
57362
74033
59329
25256
20324
7175
42564
78458
19016
74434
6814
51524
5851
87402
72229
20276
33931
59764
38828
74196
9322
63072
37438
82130
6791
59112
49183
98045
22951
53375
97921
96665
43761
73602
21921
80437
80777
80837
75247
16145
55272
82061
67669
77475
85815
56250
14104
19746
32366
52932
10294
41688
32356
64084
40171
55499
39548
89354
69896
62500
59081
67817
59165
19194
57771
97439
99631
54900
78276
91230
71046
33548
89643
55067
27376
75458
27670
41480
11557
76388
10764
38203
34429
43120
2288
74600
98619
41836
63954
68516
20688
39387
52685
96206
58582
10457
93645
58213
81709
71921
65796
52755
21822
55439
24175
49198
30898
51845
90678
58807
44585
1442
97010
79014
44562
99298
53614
59533
57487
33920
44401
94527
73308
97087
90733
31890
23896
84378
6455
5605
56300
72251
74713
94474
27691
98888
43672
74941
67085
34350
33748
11670
35792
30758
90685
96706
46409
60651
72591
20248
94572
16993
31127
84232
14080
21861
32474
54328
22591
38929
59933
95243
27533
50998
89717
71576
49886
33389
46517
33323
84091
96617
44994
36235
43727
52031
32941
6488
12682
21885
26736
23606
38878
57864
7838
69310
96077
40312
23638
18668
95594
99923
13912
23127
50922
3629
94703
808
53371
57572
50484
37462
54189
95478
73698
97916
63861
22991
4405
76543
61228
47493
16502
106
21709
40692
69416
34138
97357
93054
52807
92951
92978
83071
32430
43900
3052
43485
61060
56423
17409
11544
10238
71598
23374
288
85866
87235
39631
6623
80131
860
70469
12985
17318
92178
53677
86735
26317
67386
96141
95476
76689
5471
78547
9119
49371
97951
68956
26784
70727
86365
54680
80965
74315
94407
97605
76534
97994
53588
83157
94477
54448
53626
7462
71767
62157
77492
74854
4826
44878
70995
302
21568
76467
95201
47039
42190
93152
15996
85326
63879
18713
40007
61196
9381
34414
58801
85915
32408
12390
85424
43238
83190
55403
50700
71309
17560
44544
46163
38738
89423
33511
39040
27343
26330
50593
74382
68520
43745
6730
53847
23977
41796
10206
85173
51177
60972
60327
53444
9732
89069
38868
52970
88611
10623
3671
59921
44535
48215
22436
83273
53990
72299
38665
81333
98629
89258
72068
67150
49356
78798
37349
73333
36946
63907
74858
88123
24879
35185
57919
34611
40606
96788
87582
29218
23763
7605
5491
68299
72172
44279
67924
26163
16579
6590
23848
15208
95848
95916
98710
45204
91067
52411
34889
28013
16318
9748
32489
41197
61285
90408
92161
1892
3548
96095
47462
27312
3700
52953
11963
75872
97232
79887
18387
13811
86477
58588
45372
98678
70856
44082
60234
61923
12846
95124
6289
29164
4872
38778
86714
66157
45538
78875
68049
49087
74970
15511
92751
95022
84816
4714
87246
82049
953
21986
12212
87431
80574
57584
2461
67782
18019
62695
46058
30865
57819
52347
76381
62691
7477
63095
45201
69367
58322
29602
18454
49644
61466
27557
44666
46282
48623
48265
44683
49577
70251
56896
53360
50825
30832
55821
18607
48851
34868
64665
96068
92688
33364
72450
71731
57193
51897
16932
26561
10220
46535
61367
76216
24353
88925
20883
70635
37548
85500
15319
3477
55751
88567
73189
22928
19399
45362
41535
84603
80231
22553
97023
72919
72269
69473
61002
29463
37723
94287
56024
47943
57174
17391
40511
81527
22668
77746
52162
76569
63246
83833
96398
18997
88752
69588
41925
24504
14950
99813
9107
95181
38718
6130
84452
10987
91956
45455
40450
29679
39742
12826
93974
96916
46570
34485
78443
69238
12232
46957
62159
91830
47143
58558
10828
35895
28146
52753
60399
59448
68918
85858
54630
7636
8341
39082
18624
297
889
75426
46328
56983
4605
40302
53899
51175
91139
48694
36765
19723
12004
15277
11554
59147
73835
38734
11394
18333
91487
71794
77781
76758
74004
32411
84394
82345
87846
3018
82642
5087
94797
45322
62071
99402
1976
32322
66929
93116
97369
3694
29191
9373
35323
40745
84872
9158
79479
96266
27491
87319
84412
5273
64077
58417
54036
64823
40762
58234
84194
39757
63322
78991
85079
41745
94745
87056
74067
61674
96524
87788
81720
25715
97161
17044
82813
98385
42554
78644
11004
70046
82315
95416
91671
62744
70185
62059
27568
10948
36646
11762
67057
99968
7105
68488
58065
1850
71896
32132
79876
84772
19921
61596
10488
33434
94992
9653
48172
37547
88297
59176
23945
86965
54592
31968
49709
24778
10379
77277
52078
47025
89039
35487
63345
12496
20327
21410
14346
92224
69895
10574
76996
6168
72171
3836
39602
83515
13489
87774
37414
18139
46950
61359
5104
17895
9679
54813
59025
20059
48443
27455
67084
53834
62942
30430
66331
83269
68192
97029
91845
38087
7604
68842
44255
96127
89030
83858
79642
18872
87984
17057
37011
51287
94768
58467
85534
4448
29632
44559
40859
78075
88366
24295
31910
67660
54725
14593
67281
39270
11622
59127
77357
19226
44321
21613
15353
33351
21823
11348
52223
26159
28405
5586
77446
39525
64053
79332
60325
10038
40243
1184
88113
28609
25480
36375
96269
96557
50968
63551
35827
62591
39030
29537
81817
83351
51150
13523
33054
89325
24871
1630
15484
69628
23568
9283
9153
3974
88615
85831
14012
28859
87015
18477
57468
28847
54853
70090
41757
5821
49993
93936
68412
89023
23473
66582
88726
74623
80105
38132
63948
4976
56114
95785
90956
79683
5068
16461
9
10035
2292
14021
38894
5660
32498
12715
34507
87351
99157
92616
9525
49150
86553
77937
54525
10026
44519
43251
1002
40976
97735
81302
62304
53850
77087
53260
49885
98507
69722
49894
8543
88366
80267
63789
94026
12765
76504
44886
16469
75661
37502
25994
41163
40407
20283
95688
50434
64803
55291
67788
22131
53027
49090
84436
6877
42530
37696
73114
41037
23770
23008
49580
12137
3275
13370
22515
32392
6226
67401
65213
98240
21256
91207
55755
61663
11491
51444
28449
92646
6735
96237
14777
76114
61680
99213
99343
4210
53262
72457
61599
93384
95465
27532
21873
15092
57254
44389
63837
63480
28142
29050
78072
65750
20258
33828
27414
48101
1624
72215
57099
8359
68453
71876
826
30133
87442
169
50695
57056
72627
12294
66792
84444
39826
88666
15889
97080
49407
79726
76913
77549
8776
71337
43300
45386
5165
87066
9839
6789
59281
66938
31501
44086
55167
32327
90571
58961
32496
41266
16017
21475
69913
82809
5920
26091
87827
21809
39524
37234
1535
16437
31136
26663
87774
74436
88402
9292
77854
98241
32433
37135
65180
80286
81222
36699
28965
88145
95660
77814
29412
11677
99289
15677
10838
21561
41768
15018
43370
81292
52252
61257
14081
83388
4273
18208
74176
92675
43852
52030
90916
76285
5518
72448
72924
3092
9147
1889
91237
4807
79703
37001
32836
95345
52678
60027
16906
10799
75045
76629
8443
43649
37886
22525
27038
58511
57085
17566
51186
937
85949
58455
93574
91467
47255
66498
10911
56403
84740
18500
77562
80795
55502
26751
76140
24532
86778
93047
35331
78175
86028
43775
21824
40266
82652
65214
98778
39737
82781
66316
57026
68730
24771
50600
76549
72027
33451
3812
44782
34543
22312
38696
15338
77814
65447
7831
18699
68577
17230
54030
46752
3258
14157
84929
43524
96809
50143
42302
36546
32924
8619
9924
18006
49742
60525
10907
38121
10328
14719
99255
44871
53384
37952
60209
31198
19751
84392
49897
88329
1622
20280
51433
4880
34437
36362
48405
47599
86506
7059
84145
35782
32030
94070
70141
81773
70947
81048
36246
81275
12120
35502
42498
65504
89806
19059
13054
9557
3452
79304
14238
5074
99584
65672
9955
50373
18386
74712
97972
4892
98123
98470
57027
30154
8892
27168
28279
96191
24568
64525
77466
36688
16379
36316
2192
6185
55375
31599
32095
58827
10903
46333
80254
26839
28357
6561
77212
46744
81273
91537
67988
95748
90007
25015
25902
98899
52183
70533
95090
93104
51411
88908
29792
67790
41576
48337
90328
96951
79936
38775
72131
7191
85108
52385
34030
29818
75298
27594
76562
56571
19131
44550
68671
9138
85918
94574
24389
38101
81459
35831
31205
32870
41091
77350
17013
82667
42039
23693
79619
21975
62468
68102
45518
63928
20487
95900
93746
95785
23494
70308
68708
58978
31211
37379
84468
17129
48305
8858
71582
29765
61041
19140
78987
2133
96490
96000
84800
54881
19693
80771
76856
82161
48873
38726
62442
85712
34626
56188
97849
74472
42849
82909
33450
74060
20289
17919
7541
84946
43129
79123
31063
4170
14615
10051
6303
27457
6051
91104
82338
42097
71875
75546
40610
37101
14272
3052
22813
65250
59241
20663
39723
2090
3572
73173
92502
40213
91092
43
41512
50573
95518
72575
54744
10134
98978
61047
37591
21382
68503
19930
63479
56731
95476
4089
10184
26101
7142
32997
91351
82735
70012
31074
84825
73585
4248
93679
30150
11692
93722
88014
62266
5592
60590
33362
15726
75920
10761
53318
97302
79265
89600
60781
52348
85076
64871
62532
11177
88365
11881
2529
71100
81894
33603
72277
71831
54203
65956
1981
82248
76030
89996
60866
81622
66938
94228
13701
42858
4989
67019
40161
606
72971
17294
52954
58047
98517
31838
85577
86882
43720
4458
74334
25614
54413
46611
97445
8617
28919
15778
7217
21301
22126
68083
19276
89064
78663
32977
48275
83652
16348
4788
84259
89319
38434
53565
63718
36952
85404
49295
40186
45476
53753
14521
87442
24519
77484
1239
49488
6404
17017
56705
27705
39144
41140
46981
44560
19803
96310
9187
3455
12658
30327
4066
1977
68762
57632
65696
5714
59388
31343
45900
21216
1449
76773
8658
25968
54258
9897
91808
77014
43266
48513
4719
98762
89653
68053
59675
25808
64363
68862
29263
93374
99190
49682
11703
84304
23666
93751
90018
99406
25095
52270
20622
42896
29044
45632
85216
83302
55529
77024
60316
15147
25537
81387
13910
31542
65792
89937
57350
46508
58799
2965
39882
74341
52647
51585
58645
92665
45337
65015
92071
86784
17286
12693
29680
62682
58325
14896
45984
30206
91920
22652
45354
33809
20391
75616
81703
86184
65553
55405
49044
40704
58370
88926
31398
27370
56863
6395
20035
18552
87763
12107
5336
5049
41152
51368
84083
99478
82616
30067
46036
90888
69071
7742
24697
89462
99710
22752
91998
65263
78157
41042
22320
52880
46320
53718
80250
3184
76465
16637
38088
64228
45096
43425
85629
86249
11145
69712
2079
93762
16131
48115
84650
1554
55858
25700
91017
71920
48452
99367
37184
26610
40410
75856
79490
3082
45926
76092
6266
22391
92729
44355
2972
54178
4132
88601
40427
15277
74666
42506
25391
90797
6973
10042
92352
79183
52094
99721
51104
546
99088
4640
43508
55850
80496
22998
58933
42774
15442
81551
81517
24524
42258
84489
78702
46390
89443
19129
78020
64109
77987
3411
71258
84960
29805
63610
80496
81899
79683
31600
98798
95124
36240
42306
67326
33088
65305
42611
75862
97099
24163
73731
21623
66421
58221
325
29164
47664
35806
23536
28125
13793
43299
99383
15106
73105
79346
95602
71356
75381
43554
70154
70505
96146
12461
54184
29234
94118
96795
21448
91217
20958
95179
12841
3732
69752
29518
49248
33768
65325
89136
61893
95470
32435
77629
10576
21892
56975
22530
93249
32356
66084
63403
19214
62230
92216
73398
7816
86334
86545
29264
93904
23856
40796
23097
27588
26900
68967
93188
60669
34292
82324
22562
46115
31111
191
73043
53004
73518
95574
46253
22227
61658
26008
57793
40241
34577
47543
48057
37263
34088
93674
31167
57944
50822
70616
1884
77722
39584
95072
38391
90228
93748
77306
36343
41212
93849
9387
94216
83720
4961
56821
5947
82971
82829
63740
39564
33758
11283
3974
71022
45371
97648
2189
19668
64822
89158
21552
42544
28742
32977
80936
18970
26725
74594
55314
67937
68443
81053
78505
52163
2366
35326
74462
85337
34508
38202
41254
68266
65837
45228
39288
27561
42876
57830
47229
24050
46988
85133
66594
92082
18110
63882
11052
44836
38476
82718
29125
6920
63771
7631
75435
66137
59309
49898
67827
93817
4452
9081
62084
86642
70661
17724
30555
29889
75554
94136
53939
38894
79269
20533
30976
97380
84416
42029
42216
39244
41099
87693
62516
4871
11676
37952
87360
70986
4202
71539
81155
8654
96972
43239
11648
67633
77316
42203
97522
52870
36339
51461
91765
15609
88347
22741
12989
89115
81122
71557
28359
22222
75602
90876
43445
87279
45180
47157
74617
49382
18697
55772
74388
15669
15364
2389
99655
92680
44592
13529
61902
80932
81343
53667
12893
69690
92761
25882
58805
73883
13791
3516
96105
89393
10744
55902
93024
55924
3060
83993
21658
21757
39766
12399
53778
71482
14788
69785
64162
59380
83315
42416
56664
64658
96084
85909
34348
88845
11791
9505
79080
41934
13021
91538
47680
40118
47440
40704
12394
50500
24698
34053
88609
80816
62804
58740
52298
77592
28525
32812
53324
11840
75228
26341
76498
87664
12250
27198
92861
40394
53055
71942
82328
66077
79832
46360
22547
27272
87065
34941
94125
28115
68994
99086
8931
48150
57826
77581
25742
2704
26745
95419
30896
1973
21760
23747
5990
50362
50945
98851
90756
4001
87145
89437
86430
66977
52149
8977
10602
39214
60270
4727
83681
29265
20165
8964
93767
94344
86545
19510
97048
13290
31281
27944
31616
69393
51691
37606
19755
18989
52809
26864
39342
39955
32653
25772
6932
84802
51101
17534
40369
11371
38613
24050
56988
58779
33015
50756
53123
35912
86618
66523
65555
34251
10819
97171
3644
78863
51129
23399
97852
3938
66615
37194
43893
15620
79318
67178
423
46771
84712
57144
74494
23326
81194
31483
98457
30561
98591
51580
66474
1561
34455
32029
35812
45274
45552
39456
24137
96681
79207
38341
16971
62175
91887
60865
77795
71205
28043
94570
34328
29107
51714
8823
68785
49261
56658
67242
79822
71601
35174
62648
73162
69629
94677
8974
31256
56581
64782
71745
69614
60341
10087
86586
22516
1974
47451
312
89532
91846
94882
40212
37305
46597
49035
6091
95858
22045
89685
92032
93646
24860
54681
66808
10841
65710
92134
42097
22292
56916
13843
91906
33610
40282
94844
56126
42256
58647
56438
48140
50493
67673
88353
4151
14270
53740
10242
26480
75786
16279
18512
69432
41139
89545
52593
68333
55256
61079
26782
93900
17996
56977
2158
67958
97259
97003
24084
55868
55650
80523
20360
22496
64548
25065
26647
78818
78806
53241
21650
54592
69520
56514
40376
10660
46060
9321
95345
17668
70401
22127
11568
4749
95457
30078
72707
9068
27081
96791
64936
99084
93666
1649
21580
58214
26714
48227
53384
5520
17820
91386
76464
87340
47901
33193
14352
10313
42514
9697
27981
29267
48177
55901
34016
43634
85979
6723
52702
29413
19867
33991
44849
13533
35640
66429
71748
78706
31008
41484
84227
48828
32871
77043
36168
80772
26588
50521
7437
69103
76570
35418
98370
41099
7671
48739
84733
10002
55462
53788
55767
75329
4131
616
5215
56123
67045
93315
34829
14405
34799
35408
63233
67670
12452
15754
64794
55392
82627
72231
24495
59197
24001
39218
297
31672
4309
1382
58027
59771
71522
13794
51453
75653
14411
73020
48128
81456
66335
82958
95862
1134
18366
75447
85157
47170
91201
49951
2563
73828
38535
43410
49378
62536
98980
66027
10561
3289
67409
68588
79413
55284
82382
47218
30937
96793
20238
95418
94602
86573
78376
6816
4059
13094
82263
89216
76617
89817
55520
79180
63645
94055
38942
29375
72943
54275
95402
99856
57564
79164
68444
53329
34448
67179
547
81737
63972
20785
77155
74926
23710
71883
81742
27770
84978
80358
16986
61595
70175
72506
57127
50172
82913
12421
79548
72209
66696
91302
72065
40613
70466
40510
93942
21266
7689
94490
3004
88013
31627
96511
79292
55338
68395
61034
83108
69725
57744
16446
31320
27919
5305
4799
94444
88218
17220
90344
60427
269
81646
32493
40882
68465
89355
34824
6083
13396
45666
25439
17761
93646
21951
97053
48984
6698
74440
48444
76423
32184
64890
24095
76456
86547
45246
70900
74766
62466
77596
51545
62735
75594
390
19969
60411
89745
54794
66495
19493
16812
91934
37255
10458
30237
34308
59442
36935
8748
24238
29710
57285
5481
70157
50093
92028
15403
20993
83146
94222
14941
34692
73309
90535
35082
93279
50947
41180
64425
33794
60673
81237
42080
14280
91696
72318
48589
67490
25605
73689
91729
55316
47326
97210
41825
97419
5590
57229
34764
88737
67803
49705
23429
41112
56593
74863
50743
23892
32395
15168
74038
9421
12758
16118
23701
4454
88436
88642
71944
14042
78684
80025
85710
26010
93587
27535
39782
99178
1116
74546
4267
68919
40604
44048
26384
97197
18911
93479
37441
67659
25000
11479
77080
37758
27597
17133
58564
32386
5776
46860
46428
84460
26886
48490
26822
36825
92377
66604
52355
93494
41151
56622
78765
98107
670
21501
11656
35934
14981
49097
3593
39981
76928
97025
94091
4525
14158
52655
36911
19934
99515
99691
20746
26401
48181
47569
79579
56911
30525
31934
50405
71676
88557
45522
86135
5579
83376
97791
41513
98357
46888
61458
54690
23816
58483
65133
44694
88994
17788
81605
8928
17303
97649
46027
60057
62182
9948
39636
19093
40473
87922
69498
28502
92831
31373
14637
98411
14749
12429
56276
29458
59317
17735
500
99486
92570
65633
44180
81564
83421
42137
6845
17076
39786
52872
77133
1969
62820
33121
21062
19645
37396
6913
48147
30227
54638
62785
28638
69387
75214
84915
15197
34531
2650
15697
50369
11572
81330
94549
93137
81103
53039
99982
98179
92825
69206
91665
11146
48378
41138
48561
68023
78534
71826
16171
8762
26464
78956
37400
12203
54170
38667
27400
5053
57669
59449
71775
69242
57131
82676
78731
38234
35715
78713
52765
44893
64271
44430
72391
12649
85569
20952
97024
80455
92778
13195
89217
35594
8503
42970
47797
79025
97989
91549
431
55659
67350
72206
41253
24481
54882
19984
62715
6950
15049
15481
51843
79320
76263
24234
8321
78184
45187
21697
58640
54317
51245
64209
6264
59748
7179
70413
55126
5169
78315
55557
77180
45665
27763
18433
70147
98997
38417
49214
5947
53466
64695
74142
49138
57311
98377
73811
35495
59916
95508
94135
30585
46753
58345
36849
6502
81876
7263
77980
3397
1930
33537
80577
47595
77652
15362
17742
93001
70131
66957
98949
39949
48004
73091
89087
5315
87820
62898
40811
47736
58407
51298
94674
21512
9643
31523
28014
91520
55138
22346
94917
57068
55883
91847
4664
33535
7209
38758
42889
77341
22067
41838
17290
86424
31281
22730
91739
19102
1980
48902
83190
76739
201
77864
98252
26196
25740
42618
17716
97230
64965
28986
54299
20848
20833
75315
70736
44394
30425
13625
21735
52493
71815
55378
55269
3096
94460
47008
38550
96440
12263
38093
73180
28816
32309
71432
55012
58049
14050
72729
55280
79015
1715
25931
16216
38900
17598
86952
83294
64375
16929
21382
33220
88744
76760
88489
8192
87572
51850
63095
84012
64113
17540
57192
92929
49849
44976
47941
7899
59027
37022
79531
54394
55089
21814
70610
93989
55764
73914
77284
20139
7195
98666
53360
12291
91778
58201
36836
79350
10051
99931
79714
90516
17471
36907
83445
83672
81883
47739
91571
57262
84761
87454
11657
56203
25620
98619
50192
81384
88886
43828
17876
96081
58846
87588
8373
66976
45789
45209
62678
72193
45140
42393
62709
78963
95652
62507
62635
93887
10246
70559
51150
11359
74365
79159
83914
99986
94130
34107
97722
83016
77935
31950
79098
36782
35890
87471
20110
81680
32680
82789
70225
94172
25182
32934
89487
20834
95441
68474
14721
22039
55385
82223
49751
29751
77734
33665
46089
71865
84124
60163
54881
78412
8466
33979
31546
44356
37802
51656
42388
86834
34445
12613
97358
59627
45548
3197
96813
57341
71672
11535
95733
27057
10110
61836
73160
87845
11853
19249
59710
95978
95765
14591
74390
4231
64923
5936
48587
19077
73944
90976
5912
8390
19941
19622
68017
81841
22820
64831
55535
94492
92718
51268
37901
2828
29456
11062
90673
57661
46663
50383
69991
42428
81327
60733
63011
62602
66669
11599
81679
56966
18927
3943
65356
38868
23566
33373
20710
62738
14556
76245
57230
7274
43865
11483
26455
89673
22545
17128
47334
69209
83864
17326
27989
81543
78059
91001
44145
61081
18952
42176
18047
54231
62472
83403
9451
2390
33128
46513
65128
64037
39110
38710
87663
82975
50193
14118
89000
72739
47599
36335
58300
47815
70013
2641
29358
48072
9994
89855
25505
45298
32031
43552
99529
10855
43307
25333
13245
92788
71846
78373
56825
10957
17083
44488
10284
67277
74959
99285
56368
22558
51972
14668
70373
21985
33661
16083
86409
43656
5938
11915
88954
54321
71819
4836
65177
15127
30169
94774
24267
18367
73148
81092
29324
6583
41932
55961
90212
16891
55246
46580
55801
23570
77600
42526
45555
11262
58609
31964
71270
64547
60231
60224
18869
32051
65060
398
63530
11581
95172
4149
29949
84672
1593
75625
7608
43525
31586
97820
76769
3184
60753
48922
43106
54705
91449
88661
82319
50058
36978
53589
30958
13561
30166
66179
61964
11578
66577
41846
23160
78101
45995
69461
62774
47588
61438
86734
7466
9377
84554
84235
12561
61659
33157
72020
16365
40958
77033
98684
91017
30363
68626
21975
43925
98792
88154
5889
10370
71083
47736
49882
49184
10083
19343
28310
57672
80782
15044
65138
90159
15951
65725
19072
93962
98882
91092
10327
56193
84478
25364
47210
14841
93990
85537
58766
9134
90043
81008
19504
61126
45096
85739
26662
55179
5082
71325
12851
2216
2721
77989
8727
18672
43714
44152
12635
58949
51596
39314
15142
36074
81030
78704
50916
91372
64241
9682
506
54284
7042
36363
31762
52138
22102
58424
7318
43536
46101
20169
62105
48823
14511
70832
83847
74577
14984
12834
33526
82933
52149
65020
19007
49531
43724
69923
40904
24317
95958
41410
94953
19352
77773
43067
71491
16227
17844
78809
59764
63945
15330
21869
12768
46193
9053
96616
20771
40390
9450
70649
23323
77951
52022
42330
27483
12098
28606
68387
52768
40916
26149
47721
60268
20275
7141
31759
36502
24985
26920
12618
88930
42251
50839
18051
4796
59893
31019
41919
16635
56821
12569
39958
34773
80943
82288
78608
93041
27246
63347
45809
68162
89496
9883
28431
26123
17024
60190
78978
42009
87111
7948
47291
45714
58788
65342
66862
35033
96361
8782
51668
69535
21351
7978
4308
2294
6618
99268
11687
33865
62615
57497
2027
68463
67380
30458
10939
84404
7001
89917
26413
10464
97865
90056
56178
73005
55399
23040
24390
68112
48174
92410
37647
69525
388
58307
88171
23359
73927
99859
57224
36542
73708
59251
21358
41088
6062
48649
41844
13063
38566
84609
23527
52783
74665
96057
42141
46416
35449
82883
14529
83624
75294
68528
69501
92034
26836
74025
31745
763
90236
88969
53658
63944
64573
91368
21384
70635
40017
63228
50
94935
47837
39929
64070
38854
35986
6211
85271
87787
5447
16152
87763
97093
84680
57265
5479
27868
31290
37225
44984
37878
26194
14994
1822
7119
6362
23206
94106
62731
2786
94156
74018
66975
50437
38088
5829
2775
60652
7452
90563
66099
23604
78326
63192
8285
51943
68671
36153
99585
5896
97489
37463
48443
12483
55637
55562
35197
95195
49669
97928
97981
60177
71946
81308
10615
26387
3490
13390
87039
10942
20305
53138
34547
14984
16330
59184
66927
85001
11689
82865
90898
9179
36680
55693
38014
92318
11255
73212
87513
60924
87492
85495
37454
59439
83155
48069
85826
86645
77811
89217
97588
14469
42355
48487
29453
58685
7671
12732
60038
35712
11949
67288
61243
48630
22981
99258
40948
34237
72470
28461
11513
59962
30308
48967
35753
13464
13388
37931
109
7552
27148
14049
22021
69503
62536
67826
44540
86559
96910
4579
22272
8860
88219
83515
57490
11201
82773
14790
61790
71595
43251
89655
31558
89912
54975
83663
19728
68363
21595
19837
92267
65095
50239
30640
34599
12775
98466
95491
99335
11729
70
37959
20589
4642
37826
94431
15843
20600
9221
93985
8547
68824
83640
40105
58736
38615
40121
78464
23331
61716
14654
15598
26811
64893
62591
77762
77668
77409
73254
93355
89138
89676
47666
9727
10670
85493
20510
26513
22445
29731
20498
30992
98556
20491
87450
73644
59106
27571
52109
82437
5639
66763
14388
48802
48008
76979
42917
25676
54388
32523
35384
43527
38551
83050
69606
49222
84895
90117
75735
7340
36200
12586
38333
34756
33077
42135
8401
8535
69706
76862
90973
91697
59977
5361
40499
7985
98692
99768
50013
53080
32291
85397
12959
70843
84800
82566
36417
69695
89035
28504
77036
25235
41090
31721
76344
90519
73856
1097
99055
59914
77959
6380
51611
54288
28093
8462
62273
26785
8231
12286
79865
56874
14036
9177
44069
98836
91743
80486
68531
97130
8991
61919
38717
66433
93640
31413
56953
83848
32510
72360
43762
26821
78740
95373
81109
23185
20188
43382
49970
44771
72021
46187
1645
86057
55364
45715
84893
63459
26201
69776
76941
51544
48048
15659
17978
41688
47072
74931
25537
95935
63643
85651
22756
58735
97377
3866
81920
17565
63600
31890
62336
35621
94429
80333
21678
49794
26048
22923
29605
68602
9052
6547
20146
57100
38558
38124
98788
85630
29407
40677
81565
9402
42681
20674
68137
40058
24540
50057
57623
4492
98299
36311
40114
92729
16644
78144
58875
59045
17420
4832
27647
26472
11379
64145
83572
49937
18622
98712
51920
48029
55742
49837
57432
98423
70511
41921
38481
11403
91979
12456
15896
6630
48767
72362
99359
65411
66858
74586
24456
84278
79419
68455
27102
90798
32601
27026
57088
67575
42091
25360
31956
14185
75197
5740
28960
62061
47662
67441
73464
55993
96249
5712
62623
45016
94426
61983
26779
61285
52921
67588
61915
32340
52395
89018
39491
1348
32396
12931
68923
74487
38291
880
88672
29840
6620
17632
8253
70634
1425
81718
26627
14026
3782
89251
75394
98209
67586
2174
59494
20507
86114
21409
69200
38509
26779
8691
39858
59176
21622
25133
50015
76265
26013
55040
6105
48986
89024
14359
19620
6802
12429
46248
20828
32563
51851
96223
30772
19437
14749
90266
56296
863
28028
25496
55724
71159
34187
11934
46687
72161
37068
96703
48426
63081
68095
70884
28419
57119
1595
48040
63921
30376
10640
1102
62939
62491
97325
93712
98280
12074
330
54576
29289
44710
80073
1365
15870
14260
13300
78909
2774
50368
91964
51200
29801
60059
38436
74573
33531
40031
22613
13804
70407
33253
14906
49699
12096
12231
43411
10376
40657
60093
64952
86298
4804
45025
87664
37026
75638
964
15935
94764
67684
24252
45964
13837
84311
753
88410
34194
40784
27375
47999
27544
60628
62905
77243
89076
91489
37006
99452
32146
97099
80757
18445
1903
42134
22461
38929
34124
23425
71217
28888
7461
95469
91205
21298
96132
91958
9709
30327
32742
37084
78326
76638
14065
57583
53881
19493
49072
7239
35298
97571
4339
16055
16016
6242
58189
38477
61524
8666
78254
32741
37554
85715
44562
28759
23365
40694
37069
49426
87373
86164
2863
82051
62802
33280
39635
33036
52773
88707
40275
88071
86278
44614
20478
18646
67209
95020
73475
28733
3686
68081
77826
41240
70148
22388
86352
93514
79434
23421
59292
83160
9585
62155
65211
88740
11787
4846
21776
64561
9906
78403
68984
96184
23018
5815
31183
6579
835
4658
35312
4521
89092
29490
62113
59240
68230
48465
52754
47664
88239
28399
47176
14176
90554
12388
2916
2342
17234
24692
83255
27140
19448
68591
39677
58818
74406
70860
65397
75241
91870
709
96114
80962
30199
58228
40203
14781
23045
9309
78797
11284
37708
25974
25461
44615
38362
44729
63309
55596
85774
62916
99089
5222
31507
38766
64040
22266
25978
29437
13859
17848
46498
9974
15163
93049
84554
55366
7830
7599
81027
86627
35236
35088
12601
77049
79703
50963
21778
59364
22912
7552
22280
22001
12774
70139
60767
76814
92405
86745
22603
22617
20945
69101
32591
36108
62150
17145
7826
69980
24744
88854
56608
76332
40294
85561
53381
19997
52877
75160
95713
75789
82712
17993
14142
11839
4484
91261
5005
96890
94358
27609
35859
15303
96710
68450
67764
58861
85595
75590
45193
26691
80796
1801
3024
21090
3715
72757
57439
56592
47917
53152
32381
46982
71145
46523
58821
91982
37784
63826
88872
32142
7787
24731
63797
4498
9533
31561
79711
11480
23504
24904
54523
4300
26706
73899
41743
46773
46657
99182
3365
10926
52335
35746
57908
39832
98621
33081
31814
52757
13260
37038
1251
21047
78121
65048
25545
4006
12962
5256
15486
36466
30161
86362
57118
73219
60261
98861
19992
6918
14396
39709
34197
83083
75455
92105
39267
90428
41539
71082
59537
54799
24472
60788
75846
18946
42188
17744
22952
55150
39352
54791
7968
69513
41153
65087
59084
1414
80300
95428
24685
94696
35137
75234
77779
26944
67339
17047
33724
8878
4481
93261
80029
45305
54049
55876
80603
96238
89972
3556
67740
29324
74699
75709
15190
32204
40796
90626
33618
21096
86055
74655
32145
37544
49889
26276
80841
33581
43323
14565
58811
64156
24179
38841
25814
94580
11069
6417
90818
17393
26325
74911
46717
1024
50620
61907
33228
7768
52534
83199
45216
54941
74206
77361
8837
40448
3638
6030
90381
63313
36948
49192
43822
61127
4385
69636
55707
31806
76053
62878
49199
18731
37789
12269
36107
88409
74176
69336
96177
43062
68887
57745
14355
59445
35107
23193
16245
55097
29223
6626
34762
66171
72171
78584
43650
76556
48220
99358
24715
40626
78588
90266
75709
16377
2535
11816
21138
93064
97504
33667
52478
82743
91412
66834
42189
26519
6379
58434
97968
51954
65061
32731
34478
53584
11315
94480
46492
75888
93838
71207
32866
72426
77826
8575
5155
80361
36743
26293
89777
34248
59960
42256
16991
51373
25442
75532
94244
48173
33967
92213
16479
15380
24944
50957
85316
52611
45438
31808
28499
55628
3016
77717
44407
80842
86292
49562
77555
23036
92208
83685
73636
52168
42293
90627
3541
67735
82512
14138
32260
32831
6351
48739
64563
47647
16049
49879
258
61487
81687
28758
33467
84703
6475
94226
81897
9120
60141
75805
48508
52349
75842
22144
4517
18135
29123
24411
2222
11635
38549
34482
44466
61252
83221
9029
8899
99270
75260
9157
77109
56948
54267
10577
58003
77095
21155
56253
86215
81296
32058
51075
33645
7900
89571
38163
42387
18694
78926
44609
46682
33827
79091
7500
95079
62312
32882
3978
77935
8142
13135
55044
65090
83755
81973
23094
60850
3129
95699
63417
84425
27757
14492
34423
52009
4063
88938
10748
39109
67864
55357
85791
1691
34448
93292
13122
13112
42526
17100
91047
50668
46587
62444
32111
30342
60769
71557
7544
63898
67256
70961
64676
11365
85453
99099
79726
5868
88037
90474
44978
72253
45831
30769
73944
96631
40413
3418
9743
82939
20518
17143
49960
83457
95939
82071
30152
56708
53628
37696
20607
37236
8658
1635
48601
10463
734
28327
16332
5123
18801
61310
77376
80984
8431
67672
77615
48845
71090
3710
48136
91608
37205
98096
91417
33144
96519
21569
89853
66499
59266
26812
3735
84276
28447
68688
94739
45533
97015
11071
50656
32168
72381
44384
13152
80813
12056
90767
46010
83146
10830
10498
74754
48035
24947
82523
81180
21466
4093
87385
4318
79711
14197
24405
63987
58996
93094
75078
20881
6461
2502
87889
38630
91235
32273
51782
88400
44329
58902
34410
27475
69732
44909
18581
17767
69856
1104
15299
7674
21549
2684
28344
1260
16881
52750
81599
92229
62196
56678
13110
68657
75532
999
7287
66767
33272
75422
55168
77601
34324
89578
21428
20408
50839
40009
38175
37047
41114
53475
61074
79015
56159
89418
80276
89393
42168
78227
81622
4364
51257
11085
89374
26789
12084
96661
93557
61709
72083
48725
55662
22759
54655
77091
43167
21847
17100
97695
58894
74566
67522
19968
53582
23681
9387
50210
29426
67907
44789
27401
88624
96047
38486
77998
22836
66922
91011
32745
28631
79447
97822
84294
2206
52478
61385
61726
74325
94837
59421
49571
85756
26943
69540
55690
66976
95279
22252
12755
79538
67041
40156
68162
63088
78642
62512
2277
61916
69876
51374
90548
49323
49197
74842
67881
18027
52579
45959
92352
63768
5380
41923
49524
48675
27815
21566
32004
39446
43818
44759
18985
10860
1267
87147
90300
96261
66012
92577
58177
35888
43952
48725
1563
93149
39919
69444
27528
8850
15404
19880
88971
37136
78155
38495
2164
22323
76414
50520
61769
20232
11631
80754
31092
12898
84254
21393
9159
50266
30322
67336
2506
90626
32414
4069
127
88685
73513
27655
97536
5269
47535
2859
58758
42043
41354
60922
64366
34120
11442
42487
54353
23073
23242
1797
35971
7496
39542
61482
74114
69865
45170
76620
60491
93936
97041
60619
82622
86906
88274
96510
92176
52162
99369
50934
10557
57075
28208
91275
91196
39650
33762
61901
79075
57004
63698
31398
80852
3241
92880
54966
89458
54402
47938
49949
48339
61331
26920
30961
48238
31547
43823
56766
61
59544
24052
10618
16619
52260
18245
24167
8262
52007
86068
87337
25364
49767
18735
6216
69360
27967
77535
58818
82369
41825
25119
47060
3157
52040
94373
67747
99939
38196
24513
16352
97740
48565
43322
30712
17177
61567
54879
41791
13574
40948
29128
38938
7067
64215
45155
76427
8534
39042
35245
7255
80867
76716
54316
376
45108
48689
68123
45047
3238
92636
61399
978
57553
4721
48042
91082
66288
2922
32873
96215
60222
78353
35153
67289
58920
96660
60068
67454
52054
11665
91062
32922
88381
45378
33298
33490
10419
17774
94889
13657
10410
56289
30988
84316
77362
95382
75398
60003
98304
8272
56218
74878
86625
7723
42167
61898
20736
18587
29352
72790
30252
36766
22064
34986
82144
71715
68476
8916
89489
63365
38925
99899
36006
69913
567
29721
65296
75966
89724
79952
590
62294
54831
3567
70017
13350
65465
90753
48290
11170
79896
78542
47936
1960
13528
46433
73675
98356
55349
63164
61722
94274
79416
14080
80540
79983
43801
62188
72301
49877
58492
72891
12171
29675
76459
82189
59378
41924
89294
7668
53094
85542
86210
17383
87503
16091
63816
77530
14447
35517
57047
92521
46143
36463
22954
43035
32798
66755
5223
5100
16633
80068
77991
45156
9743
70802
27345
69121
12727
32992
76789
82173
18534
79352
99556
22389
11795
63372
99920
42594
15241
56967
35116
61385
9782
74422
4420
42580
57529
25996
64032
90514
6064
58376
35671
32159
29178
79368
17633
58257
28712
10774
40431
47247
6478
56339
85988
18273
36064
85908
60868
51305
59227
12336
12690
69009
3110
33463
27942
60639
59459
8326
51154
81875
66702
3177
30386
12233
82545
48019
86842
11258
75146
43625
74857
81624
99965
60845
16250
36029
46754
93470
3686
5981
5806
32729
91343
25268
66192
35637
85907
25651
43963
53413
23878
27018
56590
54264
55603
39136
18636
42445
50394
10134
86071
25251
8110
2388
2448
24360
54769
49202
17830
58455
71536
39988
91184
79231
65256
57376
14868
67516
99379
75183
20929
39609
2201
77520
10226
74156
16656
45214
16602
83402
55348
19025
25005
63458
21413
27453
4171
92534
93008
38353
50989
80896
94694
58526
60127
76302
15902
91347
43818
31634
66530
64748
87595
68732
58620
97821
42888
91628
43035
75842
91382
14735
94867
16387
94546
32632
60192
98717
25166
69552
53422
92508
50448
48116
51034
10575
24419
83288
1922
84589
14922
84805
65689
18870
53537
24309
16691
12777
32289
76079
4972
23671
90814
16191
56410
1712
65176
16603
429
90342
2507
53852
99202
52956
18320
50236
79883
59091
33525
98158
43681
64799
82963
9370
83669
52852
50032
16713
81981
82321
92792
86953
5993
99958
3145
78755
1671
68321
11710
18452
75015
14218
88656
74218
67174
6977
40806
63409
82420
90683
61567
26101
55483
60882
51824
55504
13734
1856
88569
95716
84177
97713
99021
6522
97672
18518
85278
15695
3191
96988
50499
78207
27558
39156
68777
11084
62485
25935
74494
44905
16619
36061
87359
88454
13296
39183
43958
27030
41039
32528
39098
41568
30241
38120
64443
44265
56638
49721
76312
76182
63061
26812
54389
6972
65968
39518
18056
44805
65453
92550
6062
82072
44964
93421
86878
58260
32604
30837
1642
89995
79717
40741
31564
26310
95213
96007
70576
68203
62080
63240
44385
41493
90052
15126
48465
72372
54644
66522
33529
36450
75424
39592
34874
20388
33013
21753
95000
81970
68942
96643
71965
65011
53736
19881
91321
65301
15888
78249
33504
94320
41490
94242
35814
31542
9368
631
20267
80365
83505
53796
33167
58930
93388
68041
95670
42754
6146
7023
24724
75088
20018
13041
40099
73754
32923
47773
39055
65163
26022
88911
75836
83864
83153
28002
31759
8874
28633
52026
5591
28491
5822
38758
3773
15563
23151
15795
58317
29298
22818
99393
20738
42836
28786
77190
32942
78061
24963
88349
43225
67337
77261
35413
51202
76766
63415
82961
1992
8400
51339
7583
36891
73513
46341
40664
89076
69493
56460
63745
15143
95630
79490
35881
38467
8277
13071
87761
86338
54386
76111
45915
38076
69724
81328
89278
62842
61095
88591
64835
69496
39930
72418
6387
13443
35112
63404
18872
20957
36216
82617
36100
48198
62108
71981
86665
86737
1405
90779
73075
72143
83242
35343
10219
52966
16671
15849
15808
77767
4440
96995
63615
60722
85766
86354
74166
20878
49758
9390
41835
2326
92007
77935
50525
70467
66268
53542
57204
84025
60673
46632
56169
43915
98327
82740
96881
14998
98590
29042
9117
19382
42389
72732
80105
28155
75439
70623
65385
25197
80013
23572
43876
88372
17859
10753
75192
84128
64295
48748
84505
24969
11732
57026
85236
10059
39767
82118
41410
54709
27512
50527
90443
86253
39612
86900
14409
15051
57523
96146
56600
53888
19719
16828
58613
37578
27581
33805
38058
8229
98905
22564
49550
10638
79590
34786
20697
35709
33256
62107
6770
77120
28987
97214
63374
84951
84114
94135
16354
57990
90281
89306
28230
10000
6135
86843
63931
50068
37000
1989
58297
35906
24553
24199
46544
20496
75338
83593
72557
8594
62053
79328
85715
91040
92894
65441
92343
77008
59576
25049
34998
66209
14355
79581
92562
36842
66424
56493
86911
3425
58482
61560
55683
99388
2112
2227
19884
77450
85820
8793
86044
47873
88121
88111
55265
81015
69904
63960
74376
45832
89009
25726
12042
3365
5307
4604
40207
88084
61097
43470
91509
35931
5031
47192
35319
7143
65771
71555
84593
67943
80349
86989
32169
84822
91453
87434
82190
61357
67747
56566
7190
56756
98644
19232
60121
3952
40188
16681
92036
17637
76503
99897
53568
81534
63441
88888
5029
29212
76795
5974
13507
57144
9316
45676
41967
769
49463
24157
78478
17210
97075
85668
73966
95719
21252
50440
16023
77792
83473
8059
95429
59976
24308
48998
57863
87749
54238
79244
33313
31033
1571
46821
4530
10887
8849
62849
28008
58312
3358
22838
75522
433
8507
65841
12504
46111
32633
28528
40256
16106
52939
35685
76082
77248
1035
50297
81349
71625
29542
31015
2659
47465
77836
23541
58352
86685
86390
2712
61350
89748
25550
36872
6533
50409
19065
19037
12873
51698
63917
53129
67804
16857
88814
60239
10457
6202
10536
91806
77827
56430
39173
96838
3895
33361
20379
78599
36399
23121
97663
97749
12869
39566
50973
35754
89975
70039
54792
2848
21737
18709
72329
5894
51918
61144
66133
62375
83698
93021
70534
61525
65804
9707
58364
86051
59421
95095
81003
95820
18217
78666
93569
47438
18232
44542
83193
24560
30933
54337
43760
69023
73046
16090
74917
41317
93586
57402
20044
77284
66775
90578
55161
32579
16638
29877
34983
76059
24973
15986
71879
43190
11004
81800
90628
29237
42694
90173
70149
73628
44510
13909
42651
33909
46351
33920
75226
39937
91322
95270
33573
58097
2201
88735
7029
35191
18612
42012
11250
59937
74350
99481
3127
85354
97633
10108
30943
40327
16633
1092
30307
61144
31354
89310
95053
77705
23230
86631
17643
14552
98253
67568
89002
454
72655
12383
35645
7620
54395
63247
67557
45097
79080
87037
30451
93065
97145
61395
49745
13778
78839
80052
91274
10193
69363
2679
87899
8945
89310
21894
39850
87564
89462
28852
4370
78470
41235
56368
86090
11982
35967
53647
57079
31400
40684
3882
24465
54181
65277
74210
84312
60469
70615
75586
70662
56330
78266
58561
65275
83928
80455
5125
87844
86270
50329
8567
64740
91564
81287
67182
19898
17254
20829
76977
65006
77866
97212
5824
48399
62489
80034
32711
22958
67001
24650
9973
39683
2916
68534
4959
3196
65342
26436
7393
67964
76766
15960
49056
84682
97247
16238
20933
30853
53419
97910
95860
47637
95122
1684
96037
73964
98070
28748
13274
81424
53398
39599
21107
72666
8134
42418
92215
89828
68855
99608
74144
61973
15568
23200
63007
29167
55790
83940
60020
9209
98203
72232
56847
9677
73916
52884
99993
88339
97984
29620
69763
51383
69219
90870
40401
93705
49641
32616
83533
18496
32224
57677
96821
47792
97229
76180
93311
53019
76473
53332
78581
74676
41916
35428
705
15833
4664
699
20524
2648
46671
90287
70383
15890
97509
10785
9596
47150
43401
9481
81998
91978
83511
95171
56122
97092
71352
49434
50112
47825
19118
45045
38853
61034
96825
39558
76867
1489
56609
13743
20489
3280
4030
7225
35523
17892
18010
45119
81394
77763
70952
63393
69741
70815
58564
25864
67908
46268
91650
34372
10445
10768
79417
49298
71802
76242
5209
65022
77731
61818
78765
14572
65099
99148
21797
16974
17040
56159
62093
14786
50275
49397
78179
36368
20213
53096
78584
4473
15716
70234
38845
26162
81002
18262
91812
52805
94504
97021
17827
88587
58840
12944
19511
40291
12092
57661
57265
45484
13820
35710
60271
80447
1459
54802
16816
38024
24250
95400
42497
39967
81987
97694
82481
62989
15956
74293
15794
26812
71315
49973
31751
46507
79270
51263
3150
91362
25276
60415
53199
55448
12477
13470
35896
30288
84624
69064
68313
8875
80816
27162
48842
62803
24857
31323
25793
57165
21968
57939
83978
93283
24265
32081
39790
3535
99696
59292
94897
24972
19707
64448
80421
48536
77918
16317
78825
78895
1733
63490
87770
82549
90652
52964
45353
15509
639
87498
72675
22607
45437
73005
15891
69702
5086
72033
89589
4783
31326
84487
29755
67385
65287
26528
32274
43206
59197
27451
22101
60930
90941
26223
43480
81593
79187
5185
13455
79826
92683
86130
2433
54472
75487
34676
40527
80573
23062
30116
1708
70740
30955
47816
54477
96243
74344
86751
55801
33542
30554
94254
10824
21495
20477
54304
19441
16016
59489
32896
95842
68524
35378
14627
22997
10865
49304
63524
7790
88718
93640
9499
59458
40948
73667
30287
37191
64363
17039
92992
14257
47593
87246
25082
85441
24075
79386
4882
40091
55228
37778
35933
40104
89508
66912
79453
373
32568
42977
24515
21286
52970
50366
97096
93918
24033
27384
47461
88397
60775
56805
19006
24720
44051
44088
10161
84478
39827
31395
24569
95055
85525
76854
51511
75033
43766
30965
91758
92687
73942
16274
13973
43264
66640
27422
53534
7026
71158
17347
11775
48285
74152
30781
73005
34555
74870
99519
19033
14697
30914
59954
26104
32792
36808
77615
7825
96927
8580
15936
89614
98875
32210
19939
58491
15202
47361
12026
22228
34871
29373
34003
83156
19878
64785
56162
54433
39655
72033
73467
54352
19299
33421
80456
52091
86582
74423
76269
83509
83004
92205
89475
98231
40767
9414
56722
55969
73128
85100
78198
7999
30826
12201
7508
50704
76986
80022
5137
32993
52055
94956
3697
87706
28378
505
56150
31312
74929
32419
14821
74285
40976
20648
72516
98095
30062
45590
54064
19542
30691
48614
43894
77869
77168
51402
28573
70506
31424
50062
3500
99831
45019
7197
87537
89749
7703
43687
21061
98984
92458
52234
73269
49786
72882
45785
47881
19296
7727
1946
38839
38418
66912
82733
16287
44080
50487
61212
14587
81911
11275
18087
98094
72646
41636
85631
78747
65691
45671
99808
64675
54481
68394
37944
4268
57628
81
52149
76924
7809
70447
15763
62579
37360
14848
95219
81440
65335
56431
96027
63598
67706
30466
78044
56704
72103
63676
35451
37794
25699
51611
2470
80180
20005
56766
800
77633
73200
52950
70910
81009
39749
3025
59940
77109
34226
55159
74902
99561
11591
87281
79512
95649
17748
57556
68706
89851
37584
4157
43997
79635
55769
62819
76168
92126
19586
76968
86112
92786
46270
57022
90147
86020
76399
50087
79481
10625
21599
70735
10187
49542
58017
6051
45191
75765
79959
13897
81968
17544
34407
42317
13531
6528
5137
89699
98654
24723
83020
1118
33861
29290
58140
40360
31662
34540
6799
27496
61517
28398
98231
88056
77940
72600
94107
39484
64717
74067
69733
46685
7963
4140
5355
21494
27020
10492
27546
25675
51567
10566
43145
85428
39856
1286
25788
87871
52178
32587
15367
13695
77338
29950
1752
55278
2551
12211
11114
67268
2630
80848
30306
10593
1340
35661
48440
28361
46153
92338
70388
14072
2904
13533
99500
59112
31171
41640
46983
99701
90579
78702
29749
67917
25005
47853
39548
27556
60064
50662
11176
79047
47862
41482
5992
49203
93495
54432
93916
56000
46770
64304
70072
66026
77837
85924
25139
9009
27564
88474
25062
34496
67177
54811
18765
92182
2664
74665
36090
79081
25328
47266
58128
89542
5101
64120
38745
14948
34905
32661
70949
81675
13317
57373
64054
91155
43298
89193
16516
87214
77667
57930
38062
61196
12742
56828
69730
15406
31493
5820
10839
73173
69439
68967
62716
90892
33088
17813
5840
67993
66827
93141
66020
96496
50515
30074
4003
10165
35619
36871
13731
29639
94802
51794
90835
7544
8622
60566
39302
56467
82738
50142
45993
68529
35461
25061
59421
68549
59226
81614
52894
42405
91107
35267
38902
57974
81693
42905
68139
17313
79777
81871
46952
74579
50017
54139
98475
74991
31057
37777
31458
30148
4271
93803
98677
39733
18864
74451
8282
78091
56065
77529
20496
47172
12796
59398
5147
94489
18656
89638
28154
98433
87861
91458
89364
37878
61950
87839
12869
93007
25616
60680
39507
46240
54483
38185
85973
73348
12636
10607
67791
85053
88136
4639
48577
17284
80390
70076
28126
99046
59715
72632
97479
47576
64091
3195
85455
42393
91034
14676
35400
33002
75356
91260
79242
29840
29445
81567
19540
58433
92175
3683
59838
96663
8322
8415
30300
88712
78492
74778
4110
54559
47410
17941
2135
11501
21136
3942
53894
12170
34971
5647
61525
10327
13259
40767
56519
59056
38687
92411
33841
30862
96094
93679
43877
20769
18446
90529
9481
13290
65307
13592
67849
12718
31533
86337
40571
69022
6631
10818
81192
41602
32817
42717
68282
46076
99837
24801
5132
38524
17213
38973
85738
29659
32652
45967
50428
67450
36497
76262
80741
1804
6206
48590
14522
54091
51279
71446
23113
57911
82264
4306
15865
15081
63375
84147
61157
79564
25301
66289
34440
58866
5262
36530
88525
54266
82498
55306
21716
35347
31568
18809
37151
54126
83752
68026
8217
35031
39472
31331
9294
38088
51989
25160
53169
31716
25659
14326
11281
50960
96967
62073
9826
18581
98604
98352
89199
97454
53658
27267
32801
1578
46077
86304
55704
29829
70682
63921
81212
26506
11604
90507
64594
63593
32019
17763
95310
57678
48441
22943
8639
45408
85016
18465
80341
99972
33169
69540
97426
3179
96808
46579
21109
59237
32884
76813
89066
19918
57087
86630
46425
68691
77137
11019
48637
25508
28783
43947
99539
77224
66890
8178
38985
68258
42995
35678
68231
76165
5219
65657
95696
18379
12237
16806
77616
61473
9971
66682
81391
67058
69664
27816
52102
63154
38836
739
88662
83971
61038
88201
77547
44280
12731
32884
12538
72079
68563
80769
64596
90134
62779
60292
8513
75016
77098
86129
52841
3422
69163
50584
70480
38827
94753
38934
1981
49941
56025
6996
33912
17063
11549
27811
77695
24281
60696
90234
12712
45611
71003
77308
35745
50134
37600
44258
41502
31051
46739
94343
34473
32254
61280
21305
87433
56033
76592
5767
5974
32617
12763
39886
66033
24312
84049
43728
64945
44745
50314
94009
6708
37670
71317
42453
87804
8918
3063
29307
56321
66154
40002
7146
98408
1282
28451
85842
57315
5043
91609
63289
54013
20724
19527
20046
61388
3577
80126
42686
64674
30441
36695
71383
68111
8013
30188
72267
33283
33252
1574
89604
99406
41577
96750
14167
42859
41553
16361
175
62949
7970
79816
16962
45046
99344
53360
6434
2921
33486
49120
83947
80279
85816
55330
64742
10181
85519
37010
43464
35123
54936
49420
50881
96513
62522
65048
55725
4075
97761
55900
67024
5731
52068
338
67129
51412
53698
73564
70685
87185
39036
54633
67464
24852
9963
48559
35033
11834
85569
94849
63309
40505
44269
14191
53371
6791
95591
9096
27219
93353
81348
10595
15436
33416
10934
82566
84829
64632
72482
55514
51817
11518
10147
35634
52723
36463
84193
4108
64649
86114
98958
27959
26619
43227
42150
79990
66371
54093
5438
9942
47446
86786
20537
79235
20203
31471
61801
21384
96104
50635
93250
64273
62153
19750
99907
31228
72565
452
35337
37214
86566
34295
65173
29538
93874
23675
9528
76597
77769
14967
86539
41567
18105
7077
20802
54660
54900
98955
76044
67356
49590
85647
31630
28096
5397
47889
59324
94314
48342
11013
31528
51260
61660
13054
80798
71887
36729
6679
48484
30850
37998
51376
72418
56103
74805
9572
27116
29705
24880
19512
97062
90822
5159
45044
18918
26908
92933
94595
21222
57627
21960
52751
8888
83621
82157
6038
55508
18886
29069
20344
66089
67067
71720
54859
39523
62877
64431
66639
92583
89311
86151
5997
80134
7663
51041
15404
34571
60326
26351
72146
17954
48312
41249
43194
31933
23406
65584
3793
58644
94654
24137
24733
61721
12210
79592
17596
75087
44024
84235
84022
49687
86739
90019
46173
94402
57412
61578
45325
34091
4281
33823
52045
52593
75072
11591
878
98478
77175
4671
73475
71829
45161
98208
49903
57371
94153
67499
32458
38177
68087
32833
4216
54826
22852
50390
65580
96617
28320
27257
30708
32601
61081
99105
85195
52505
10696
2425
67336
4223
7097
40811
92405
52258
39019
58660
25981
33172
26159
74791
87701
10598
7624
8270
81776
46829
75012
47356
43446
3332
90966
90506
52285
52047
5963
53832
4552
16659
56258
71888
37234
79707
29051
45991
31965
68071
4651
74298
17595
47163
49089
21649
57761
56714
46271
39538
3543
21283
3246
63341
40967
94212
70199
93252
62611
76162
63437
83516
9173
19695
55404
62759
99402
808
8751
47719
68879
13402
22017
2826
76917
87458
40827
51031
44172
87098
90569
64067
8381
10167
43760
65700
20732
13959
58953
83343
90121
22390
66859
15646
58437
38616
78406
74191
39424
87157
21910
24655
16911
60279
43833
93829
47737
84661
44860
8262
88111
51781
72329
12845
61948
16090
78545
99032
46401
53850
82376
52875
76240
65587
68521
51029
4203
46927
25220
59979
50436
47130
84634
67348
23761
28468
77529
71499
29481
38741
79761
33944
90522
68442
46789
68822
884
25335
67855
47286
95537
66583
16513
88130
32170
85034
39159
36374
31962
64380
12705
98750
27862
97340
66098
51624
42160
43627
39475
87993
82368
35588
21937
89242
20382
68727
74417
21267
10414
42272
84905
22303
8855
1418
10433
57377
86452
49593
10103
34766
13973
22809
33517
58187
20149
15967
9811
78661
75947
65638
66654
58315
17578
4943
63910
37961
90022
38327
59228
16788
96951
60485
39092
22158
61903
49525
79535
64707
99118
89639
15826
29443
12448
65695
87631
48949
81662
13794
43962
57609
95785
10616
32277
13363
31911
96187
51324
21934
34514
26904
38722
31465
87389
94166
53623
65644
43692
49510
46704
59162
39149
62530
88606
67949
28225
92589
16898
9887
6383
77212
83849
2168
4180
16126
31884
36092
28665
83208
74378
63179
26465
13100
10996
30206
23619
80971
95851
67311
30481
42555
42825
85983
21437
47783
53932
66014
40372
87183
75901
63108
64395
76102
81628
68576
92228
13512
21020
37245
13073
95398
424
39538
24850
27772
69744
48469
8743
81947
32132
55577
40854
74958
41560
78643
22741
11844
44657
79466
99027
36911
58926
79775
13013
40554
48351
21594
70419
69371
58839
99844
81121
75616
39382
5971
3388
25478
54441
28484
23778
86573
413
80984
77883
41973
59628
16977
70169
4285
96443
69197
41196
71721
65324
70562
12275
30027
92156
99046
15750
67347
98890
96871
42963
54624
2842
62704
96455
57283
91188
36585
60209
91601
17569
38092
49926
93549
71421
20095
97835
67864
5644
55383
55937
70968
25945
84565
17347
34453
83611
33097
1801
98854
29968
61116
69830
49163
23820
82637
22798
15008
19222
83007
22961
53144
37452
89239
46693
8873
9335
44528
93090
31331
16264
49027
18652
58561
33592
35999
93015
33556
85449
11168
48762
31769
72284
18592
80932
96105
1230
3731
27465
36804
3090
50427
89948
40542
39666
36642
65768
65353
97522
58858
13037
13786
24237
48041
72348
74182
84040
81715
7738
85841
92883
56500
17611
65167
91444
98543
61272
92674
18626
88738
29479
21717
55517
19427
78611
11535
72421
44379
76889
69944
19589
6278
82
43827
54319
88782
18009
54711
70497
42099
40553
63380
14951
58164
28548
6395
73059
6172
99070
8038
94910
44901
29755
66779
80680
24718
78315
53102
69098
71556
39398
5039
77834
55832
48866
32153
44615
83227
86864
31464
41678
43769
94845
56629
18285
39745
63025
91345
45917
78447
15735
57180
39700
61842
23959
20380
86560
18626
89834
72010
90182
45584
77050
68016
1417
42268
16521
62384
25496
19738
93848
83526
63507
88693
40156
81793
44790
19533
89490
7060
97980
5225
80592
54032
83419
20903
74412
69979
39530
80599
41990
29712
26183
19040
14081
43952
61308
30602
6336
3156
50340
185
3035
30200
5230
43191
28345
66373
79076
17835
73433
93408
39412
54025
47440
22831
91280
38204
9162
30810
18803
51152
76875
44987
86544
90956
88939
64205
37910
11628
83713
88251
11813
86748
34803
33395
46291
63148
99768
41719
97335
89553
35127
53099
43578
82567
92282
51211
20772
1444
82021
39575
68949
75248
914
71845
82556
6206
52402
20467
17834
36116
8718
45999
39216
59873
95746
1860
23021
95515
43579
20356
85068
78707
73455
44999
77626
82089
96210
14750
83533
94583
54326
68834
86184
71592
40680
68740
94150
9434
89207
11984
61902
14277
74335
1119
74150
70082
19331
97171
81949
62910
33879
83369
57969
23686
28368
35596
5775
40930
66698
5661
51866
37376
90847
38050
8969
47879
6790
3119
57314
12350
31456
19216
26627
22143
36687
778
92225
56018
14301
90526
35281
64533
73896
93250
88219
18616
45198
10347
75899
11897
32360
44117
65625
23207
98519
74594
71087
21661
94066
28401
34011
25522
47617
60639
64017
657
77769
56243
56675
8422
63121
91956
72955
53369
1559
77527
71986
63109
4226
64237
91358
36586
8354
56984
59793
6873
47930
47232
28534
41996
75633
78898
83870
39603
55889
47888
40260
33658
20483
13287
58432
99956
21596
47740
53326
39507
25267
41664
2616
45845
5901
10327
82431
30607
83663
58576
53832
31593
22161
98718
89942
97794
77616
90164
53749
33505
54404
10361
83515
74887
23649
41948
91196
61597
89688
44522
1104
31307
86186
20072
77152
8439
30399
75935
55398
30414
50863
25582
62008
73024
24300
68302
87171
18269
58466
40920
51774
12871
67634
51642
4110
7635
9942
95306
69232
15982
56180
70336
47289
58718
90408
40793
67157
37160
16728
38907
67574
83943
64489
45934
56968
5142
14236
44139
23411
89055
1411
91537
18278
85397
43179
22388
93032
53121
34047
78616
85455
90227
48952
32744
48946
55713
89889
32455
9225
22969
87715
76799
6913
52204
39086
80233
57346
53322
40724
97109
58729
58487
88647
77007
43885
48178
15748
53269
17652
66147
31886
3107
72726
80838
35852
38024
52903
25741
70480
62128
65063
58195
55280
71976
26751
94366
52209
450
47688
92933
97559
22770
51420
86206
99777
11657
34385
31877
64927
52037
98024
96813
55144
87103
94003
7348
25127
46907
49442
95607
25387
14505
70154
80667
2833
13258
75033
55042
13708
39074
64327
11267
61844
32099
97474
77973
43757
48211
26203
8684
248
24227
21849
71744
27682
15852
95445
52810
79111
44887
64769
4499
75744
34924
85166
78577
64534
76552
49971
78242
31978
14298
89509
93822
46397
3335
88147
6506
51546
14350
15190
68146
54930
37039
39891
82612
69244
35336
35422
48355
96575
192
52854
72319
51468
54373
50896
16002
47277
867
94244
79255
31517
105
89429
77914
3441
77576
84421
71339
8279
15963
39486
63209
69355
95729
62173
38599
47417
97596
86954
43992
14140
56161
32663
65608
26886
83559
97962
90515
778
8558
69770
32295
8663
59199
26561
28456
53127
27334
99796
61406
59650
55634
24615
29005
51363
86789
83956
15132
737
87262
59124
14877
59775
8139
96837
3013
91698
11151
93528
8828
19709
63298
57475
44724
38849
388
89533
91977
27723
5681
53383
3725
61315
94351
32730
29030
97492
33038
44162
98229
20300
19638
29458
80076
27777
42647
83089
35827
70150
76618
44655
89859
56268
18482
50935
95118
18870
56820
3447
62945
62501
73182
66670
23816
67533
15752
69198
81377
48790
13360
95958
85443
49350
25416
65519
77127
84415
64960
29306
54565
57930
90313
60776
14199
8795
28064
25669
44018
84884
45468
6963
47386
18650
73634
87554
2536
89386
56753
83913
54529
86465
79872
39972
52168
21640
21843
45647
6056
86803
74954
76973
44734
65267
37750
75285
90415
65814
17306
34433
67050
79126
41396
14436
97776
31382
18343
16664
37121
91448
578
91650
77913
96802
31622
30081
18442
53465
75729
40850
56620
67035
17824
17706
32302
71926
9343
39069
54092
43001
73502
21142
22127
31251
51931
36256
62633
70274
52920
99754
61722
69850
7756
55987
66652
55730
2421
1447
25547
78150
42297
82168
61537
76473
16226
93839
48399
25570
49261
2491
68571
22763
23634
7051
70366
91917
43307
33000
62191
12579
49106
40265
82430
56863
96252
65434
12593
98673
66881
38141
93175
25531
36661
54712
2004
52887
64904
50404
94809
14165
69247
79733
53280
92881
86784
23647
1150
46443
72999
63341
75374
22105
3606
74156
95320
16211
39591
24266
14884
22824
78759
8060
48355
31772
62772
66712
84659
27676
17116
95821
58193
86363
75554
11474
95597
78690
35121
96747
25133
8120
76441
16859
46577
96399
91016
58250
12610
46959
98868
27495
86135
93979
51907
50843
25751
14679
17555
26762
58708
51023
22583
16901
53738
98137
28375
65687
93179
79848
78787
34664
4320
55228
51524
67250
51627
42540
41852
64238
5851
40720
8085
91986
34699
59992
42829
60450
91023
60384
87212
49731
27759
26148
82985
81498
40637
27712
47185
33817
23913
25972
68481
28233
97552
20005
11835
49180
78897
53687
29770
84748
94407
54207
76735
29106
14199
35916
5908
21574
12653
9473
87658
40412
35621
70643
21910
92610
14707
85448
26427
38620
11420
94909
83206
8973
31266
95041
74505
26516
48729
20627
11264
43136
74834
4351
88595
5385
40268
10855
26959
69273
20328
14617
9685
72301
1612
31596
64912
16320
17044
7691
71292
44816
18952
54498
70141
50219
65892
44646
76735
14621
65273
4351
74109
56459
25055
79056
61844
81675
89912
88804
50948
26592
19773
60633
15246
21386
8581
80158
54058
41977
4201
41702
86794
23154
12553
56935
89725
78445
17934
82812
9418
99559
3515
83527
56019
28570
78936
17863
10245
68848
23019
61193
11792
42793
21827
27038
80531
30408
23548
50941
72386
27750
92643
75532
67256
5196
48819
56981
99993
66753
56145
9411
66313
59660
9291
38684
88231
88227
56547
14828
73427
79567
76022
85219
38712
14201
12258
19243
60961
52158
86536
49699
96260
95531
25231
63516
728
90403
36849
17073
57156
92994
26485
39821
52655
35776
78505
57238
24003
51405
72066
13782
47324
48088
99001
86036
78641
27611
21631
39603
79770
8167
89302
76030
3698
30886
55899
20778
21289
92748
37852
94797
85743
80689
34619
54750
32817
29476
11988
73172
80881
84054
86954
44557
48495
85955
30593
27136
29919
68576
66739
26041
76743
72394
18423
96794
3280
74322
33924
40921
67071
88128
35718
69166
68817
86689
23916
17986
32518
35904
91158
29751
36310
78112
74309
84805
80420
21254
28294
10339
89831
95033
52732
66574
83779
71155
79720
3411
45478
13645
60684
28901
18125
96403
98067
3295
99444
21983
21281
48314
57887
12440
78066
10549
6904
68727
95355
3676
89981
23649
14015
79812
35034
66747
62739
35166
54255
42459
38577
99733
72456
99262
44986
90582
12017
43053
93877
27813
65036
31510
76128
39275
43950
70546
49824
67207
39273
61531
70883
29254
1532
1251
25419
36567
84350
88158
71733
38605
46969
26662
54690
19426
25924
99676
26360
54293
42729
36589
82107
24117
68099
74587
79744
28402
45133
45921
11961
758
23804
82844
46364
25337
447
71783
61904
84798
76293
49989
39755
23263
76651
94446
59041
18928
94122
1753
73221
53204
38342
71680
93673
22793
46267
89770
67547
7752
35691
79508
24862
59495
78705
71227
84832
79152
59362
63088
80302
35656
29429
20058
75271
6081
14504
34312
25009
24978
36065
14582
94534
90759
86263
88208
13552
48882
77978
81100
56635
30021
76960
81497
89516
72017
69076
90701
51170
28439
70141
47824
80447
99571
67882
55718
22004
98738
6382
63365
23717
42447
77947
18251
33206
80562
22811
63110
29445
17141
60562
2432
47162
53875
83929
53031
25892
53006
43732
93414
97797
30225
41239
94596
29796
9121
66666
51800
24212
73048
15165
64281
15495
9465
98884
65053
90027
21696
44515
19472
38837
5078
21904
86000
58953
22186
39031
84845
91544
99115
94612
5693
29340
35851
289
75489
61324
66955
27289
85536
40003
58807
49817
71850
68272
48702
53255
74651
86750
97770
10476
41939
19200
32380
27939
94505
70918
83322
95703
78814
98789
90315
84507
44482
26166
1148
19971
87490
68103
47260
89379
24458
22419
55548
12660
90691
20602
82267
81695
23704
96390
92171
65644
15590
40903
9935
10096
11822
9610
5799
90636
8399
96114
91496
52881
38632
92644
72852
42474
77100
36465
31853
17910
58884
3754
30571
65928
40708
29190
47623
64413
25580
39794
30057
41171
80697
39992
67619
8871
65954
89770
15860
74354
85884
7356
43587
40868
16352
32792
83342
93452
69257
31548
27715
44493
35302
74638
26773
76010
3828
90748
40423
29409
46894
86832
86932
43944
43177
54551
52815
9131
44321
85027
99837
46557
8735
43425
87425
25088
76217
70767
34892
61826
2315
62607
22671
53969
37245
49445
29980
57426
56545
86755
86835
3440
89940
73767
47384
33117
44670
16551
58600
5343
17931
58438
68252
26666
1863
55677
51754
94432
42796
2999
56258
61464
65606
95281
15433
19204
44726
61765
76630
17624
64873
79817
21064
54813
69936
84800
87930
30958
1351
46530
36301
19282
21320
4553
62301
23183
76582
30407
33967
19378
33406
6577
80842
15365
1859
12628
50921
46585
74393
27551
64209
39266
23720
1625
10431
93656
86425
14713
24614
4129
77596
77267
39763
98916
81820
2064
38452
58402
32472
72419
94132
82230
78997
91327
97595
80856
3955
48516
43793
94700
92419
24355
50319
16139
25980
60750
26147
28758
75464
67113
49239
69412
44380
5354
68328
42552
23771
6780
17306
72595
79200
11439
54825
74549
2766
52421
55405
23073
17289
99198
17773
26061
39905
84444
42200
82238
61547
84700
10996
37011
51813
76587
6423
12546
81941
91103
55098
5712
97884
72405
78307
93436
83844
49485
67985
2962
18258
39742
42387
35547
55292
76512
61608
95198
60957
20161
77436
22504
21213
4784
75867
73026
81371
98642
85572
79664
6097
57023
85377
3981
29428
80036
13769
29624
29521
81754
48938
64131
37848
91325
99679
93141
84189
77639
88339
61498
14152
82127
84002
35365
86911
76221
24744
84634
91215
26668
64298
97313
83691
66027
17646
29471
46064
31416
59095
91937
29522
24385
56069
67371
32062
72100
60512
16252
66091
65203
77750
80244
47330
78105
31961
50593
54326
56705
35227
61894
99726
99525
75559
83417
65553
93205
29241
27969
40973
4688
19906
70496
29074
92327
54219
61136
64427
14731
93740
30519
96286
71491
10763
43616
49596
59076
94209
20274
15782
29436
98520
31860
45313
74079
31629
27218
67285
60870
55187
8258
65559
75094
95106
94633
67421
49325
72121
48201
80408
65862
78720
76694
53705
5835
36662
3301
64911
30871
39927
97045
76659
38448
28905
21973
12527
60535
49191
96164
21405
20731
4423
3316
95825
99529
14301
79598
65207
2775
27799
45615
68637
22871
22310
22342
28706
58972
41995
9970
6196
81922
7015
99207
36722
52273
37532
65602
12808
86724
61766
50565
23807
82541
70234
35984
98423
84535
15582
63630
87310
59734
9245
72299
98957
47907
10993
44016
23232
52988
53986
45780
51263
61001
44987
4337
29626
82520
69939
42434
85596
31706
9352
9403
14247
79586
45387
29022
80473
77321
92652
84136
53407
18250
56435
52365
82509
83781
12733
22093
36769
66719
67873
4384
44072
12861
8722
73699
11733
95013
32485
97329
43071
41837
23084
73671
37775
68471
2693
34601
62144
95346
18737
31904
29948
91524
84269
12457
75305
13354
34551
28427
80073
18776
49163
24145
47989
74237
14196
59722
69251
46682
73403
12322
4871
96487
85993
58999
81310
88687
93600
59807
385
28689
91711
30333
36565
92332
59142
11871
5686
10045
56650
85759
28822
5813
26256
93163
80051
56805
52886
49302
3487
42641
77976
24710
55481
63970
83709
36791
69009
93661
12950
85746
38702
4661
32431
75268
13345
91573
87139
19031
17971
60141
21142
63145
65954
63751
56308
62357
20556
25546
28011
40395
68188
5988
81457
23669
86310
81519
76812
71671
91532
89763
57417
30235
10776
89848
5503
40474
97773
8994
75857
32096
69135
97000
95241
51441
77103
67902
13799
14011
93448
41810
70758
61636
64150
52215
1657
50460
50086
94822
38483
41619
937
95900
71854
28065
2100
93709
68539
16226
2703
44397
64674
88190
57749
59916
39631
51204
27818
69782
65215
37618
27945
52325
15607
92095
20892
17264
58908
70979
28438
97391
12598
29375
9644
804
57441
28096
94513
25980
60674
13568
86729
25349
1758
44478
1617
57741
12034
45787
43876
77249
83405
71821
45926
15364
80268
66819
48981
55528
37798
77419
69272
66748
6795
95268
67552
80588
23364
62065
22920
391
91985
9650
25740
93743
70480
43709
67836
82515
89496
11712
76116
89253
99885
22043
4618
96506
88862
53599
52034
43012
47370
21306
9760
54165
16574
77312
51105
56291
55729
74026
56682
47714
28
98774
57809
86860
42483
25645
85727
48331
53710
61844
37584
69947
239
58554
66453
5453
12153
18488
48465
59524
56146
74577
30041
89073
51889
81147
45364
23970
71525
18398
71684
71553
17172
29493
74765
59655
71490
60493
24338
41552
38689
61922
11500
38928
20477
77953
44381
48982
12793
9198
24858
68940
83775
54900
58013
52016
52399
19729
75986
40276
38127
47670
28181
71651
93515
2946
47658
65005
63439
71996
6558
2128
33918
34410
57408
70747
12363
18141
19730
25157
27339
60940
10449
27466
15840
84814
79482
84591
4543
71820
24867
59022
35842
53048
30673
29357
55995
78331
10715
35786
50327
33625
37915
597
68035
95323
87697
96750
29817
23779
38259
57156
84719
48708
975
560
49874
96809
1503
54417
68630
26371
29791
4472
95771
60464
50182
68118
55147
60897
3905
21826
10874
58172
22424
78909
69847
26473
92011
99664
50252
30271
73173
34971
78979
74148
51883
28854
70957
53387
99623
55939
96110
29415
60412
91881
6231
10594
76352
77731
87843
80257
99557
98717
54781
38333
93978
24628
64806
85989
40645
15058
16260
13818
50030
11592
4318
1913
40446
75275
71652
56421
47567
67762
2188
7979
75996
24772
34925
52348
2503
22768
48957
2060
37837
3738
56746
31815
44718
21552
34156
85363
36611
50417
15533
2993
62009
19851
21258
18807
11479
92911
91580
59046
77025
93769
83377
53021
18541
34654
21721
37396
73774
70678
55808
11611
74416
12554
59778
35487
34107
93934
37202
87070
44351
52736
6415
22712
88939
27673
57871
418
36936
49452
75816
13962
59573
75545
66983
94466
10199
88705
31862
83973
75735
87670
11936
66504
225
71714
1991
50684
82001
39193
37754
26352
8281
60521
65417
97221
88194
23288
13991
25131
89092
89808
39093
65017
81705
22428
59483
91905
27485
7697
92230
3221
95368
4167
69725
11945
92233
88068
78981
74234
43613
16735
16939
51895
93608
82356
49116
81802
21996
63107
23285
27441
69267
62378
92458
50973
1159
51942
59230
28644
75991
51460
48217
71359
71979
34294
99656
80565
22362
78637
54799
65976
11724
71738
17871
5332
70446
83339
3487
8795
62798
26772
52588
32066
89151
45046
99391
6662
13340
58621
35306
89332
26433
83524
77043
14765
17818
76700
95330
56533
71689
50129
22509
83414
38220
56732
5098
25018
56423
8585
50165
19221
35358
2753
51287
40861
64152
67030
47523
77492
42003
99181
83176
68437
99057
60220
99554
33228
53272
94884
89761
41313
61365
28622
24727
15937
1706
46178
57308
58129
54763
7473
77350
6473
26579
44990
47334
90731
12020
11209
84575
54024
10391
84104
38813
25800
60676
38367
59028
30300
49603
65141
71613
27320
10115
12693
43258
28173
58871
16918
86302
29986
40743
80005
36460
67322
24995
146
74405
53367
11356
75333
7391
38099
59437
62556
80251
36465
17275
55632
66765
66878
20773
54730
10551
47241
67423
70161
75414
42646
87079
61717
72633
27822
58074
9093
11497
83069
25591
85902
36436
53299
77587
60180
91398
37024
22736
88002
89841
40012
43634
56606
23242
64407
27689
33793
28000
95112
3954
3415
37759
7385
81484
26744
35208
39558
52189
63057
38979
77780
48959
75415
31080
26547
51947
38830
79923
91036
26832
86117
31048
86818
59075
70642
67578
86764
20788
95578
81877
41094
98993
35988
48480
96829
62732
40
36387
31273
63097
75366
9053
28408
67134
56485
71307
19081
11668
67583
26469
38500
53700
57517
25319
12775
44512
92897
99540
65300
4827
97769
22746
20173
50109
71226
17002
29193
87618
69742
60466
67067
45108
85871
11828
28594
42357
83135
64028
54025
67070
90497
8877
20770
64367
50548
49898
8879
59797
65790
90531
64625
79911
13277
84798
30020
856
18152
75565
4826
87894
36031
71894
33003
38254
83722
77949
80611
83209
41977
50988
50280
48827
76218
87402
13194
43118
37300
38425
2916
3090
45308
83893
83001
74937
85043
29373
75793
3195
4938
96972
91090
57321
85218
40445
95576
85292
18394
92539
68501
76724
43528
35133
41903
36098
22536
55097
79216
76188
9874
98484
95631
55182
82377
78632
30119
67420
24358
22265
86968
29296
19237
78058
86618
4455
34855
98546
6099
69601
91085
74600
62677
50965
26086
4580
87063
64974
59677
82632
41162
85903
81116
36793
41085
79846
31778
71205
47266
56136
9822
50586
85432
45411
44996
88402
49866
79851
86948
72317
65805
94386
46917
28482
45351
89355
33063
48767
54329
9092
31399
95492
94996
28867
32285
52433
8713
80415
39990
72332
36551
49812
22918
38336
95223
84267
43090
61441
64118
46391
33758
29923
40777
97028
74758
2480
86383
7821
51247
40713
33265
98998
52557
44613
44218
1194
97047
52931
81610
37037
41615
18161
3202
80886
56497
98425
65153
99588
59867
29271
45979
9977
75547
3108
7005
50305
5588
93389
74478
73188
50454
24095
88538
3011
68709
32756
4205
82108
2040
85815
35497
43655
20329
38699
40893
93178
53477
6046
92766
29696
51670
55097
39673
43569
58205
63031
10226
80146
56420
1056
53334
23226
25151
41872
42589
10212
90981
63146
8672
93021
65314
44170
53028
85643
99221
93922
78821
52698
99968
87940
98746
67990
43037
38420
11559
17595
1451
21785
14093
74223
22841
83779
13801
64345
25651
56390
90909
32984
19536
99582
26005
84850
60104
95386
86845
59325
89308
65667
28376
5628
69959
27122
73619
12996
81894
1530
46943
83345
39668
77388
73920
78861
61167
87721
43206
3171
60463
34116
36155
80000
33698
78513
81202
10154
73899
68048
69479
63207
50067
14207
85187
20026
41330
75158
49374
23224
76689
12670
22922
16357
90058
13194
95218
67578
916
54777
70749
77731
5245
6904
74083
38943
85417
55286
65449
59316
39686
34928
38875
6105
49136
24063
42483
6818
15573
91857
46394
92262
20879
85668
24971
27290
98863
36542
94868
16131
7671
65617
93862
12916
88873
67946
68211
90643
39584
33660
49959
95622
68588
5187
1727
34076
45602
60562
57246
61175
68771
3641
69790
89651
89309
11113
33293
88172
47655
28161
4303
55326
10130
14518
68242
99003
82464
36453
89646
38400
86465
55958
34022
71406
77497
52101
5482
23099
12663
62729
626
81434
82722
70416
71085
88383
81530
4378
76556
45537
48891
97211
17216
59021
11729
1810
74377
10545
54616
80375
48945
41081
36333
99319
12487
13830
51420
34322
53281
64083
13403
70260
45518
96125
57028
32955
84508
54910
53686
77416
448
2577
90980
34016
77951
19061
35826
52328
29607
90442
32703
94904
31524
85389
94224
60363
15571
45644
94685
68853
9728
8088
55465
71598
4213
12493
4553
5074
67404
58239
82490
84204
77169
73470
18220
55120
92532
54046
7448
38491
60841
40151
49747
8717
25540
43971
69080
41112
5968
63766
26317
32048
88206
81782
3646
92420
94275
24551
13846
78031
82791
96336
62235
59960
86159
80455
15080
95043
50854
38880
49886
11695
95383
99633
20412
20924
43605
89492
78388
65925
69610
21057
97973
57817
19191
17971
66589
29818
42522
80435
7850
41665
93123
70085
17977
79282
66893
49409
90677
17747
88289
40563
29442
83673
40197
66206
20949
154
55698
99337
66079
25309
36746
80404
99478
55937
98375
66067
85755
57249
46502
9957
98915
39625
96395
16892
35260
63288
66302
25937
97387
70943
82853
43181
54616
39402
9387
75565
39556
81437
91254
21987
23098
28000
18743
22576
289
33470
88643
86045
90719
51497
12354
5986
91123
8749
39231
42735
72037
5533
85024
85776
92828
67877
28957
47445
23631
54696
39362
63187
36134
30617
1526
59232
74969
36621
98161
75259
70091
86804
77656
77163
38302
90010
83149
45777
98760
22380
4864
87149
44265
89888
72926
37094
74118
18235
891
97749
72932
40253
77289
9066
70870
95167
84650
62192
31789
82811
37451
1880
69616
15107
95395
24270
21469
78545
86399
20229
17277
91263
23731
77895
97503
96657
14989
87973
14892
32232
85723
4176
72485
79364
13242
59708
74531
97893
21900
22672
80704
75703
40905
66672
90810
36300
7294
28631
31197
10045
48861
48475
17660
88944
26370
15164
85601
57711
3137
16845
89943
5212
37374
78780
928
50616
38488
91812
64861
76740
14484
61918
52443
55389
44942
59605
8042
52237
88237
39239
78634
53450
87714
96295
42394
30436
27811
44347
88147
30948
77544
94442
52513
14918
73223
69793
65535
28063
61605
46748
21156
92442
8666
73599
64183
53609
49557
72225
22198
37794
27817
17184
7596
15531
13479
49990
62320
41290
10689
50467
88591
88233
61262
57456
3152
50837
27249
85039
78900
5207
48139
56
97649
56806
90008
78184
26767
39565
50410
65317
93711
78227
82501
1307
10110
12333
51297
72430
53623
78338
39250
42214
66571
512
16022
86075
51349
43272
87466
46601
64831
35606
63010
78832
8764
69370
57016
35531
8935
7426
17200
18998
2005
99701
20305
28468
12034
87954
898
82010
66292
56500
40576
49215
73364
56599
35291
24713
16223
22757
87667
81054
58363
50677
59886
67127
36399
33254
19010
45334
40681
36210
64332
59038
52264
989
87506
80650
88943
4757
62660
71587
77609
19589
20802
50974
76188
56093
92039
8763
95203
79706
6169
53566
46735
82407
37046
83134
15661
56056
44820
72694
8619
25504
48085
77235
42845
51943
57885
31788
56700
36898
19727
50662
56487
40530
1636
49027
12975
10027
57790
24530
89734
63959
78097
52821
62718
31495
52308
78379
3903
13480
67426
12522
55337
15511
6109
98182
67454
63995
46323
40507
893
66050
91169
73732
22932
9157
22759
52260
19184
80549
76790
25270
60860
71239
94444
23578
2734
46752
18309
22990
76584
85735
51864
31921
17598
57974
30104
85053
21969
92779
25560
39214
58829
33081
12946
98114
42238
35705
50374
61422
32606
43516
86693
93466
14756
81137
33396
33842
44241
51705
56832
37177
53793
8697
69099
71391
66671
15555
56444
4992
8334
98356
44206
83515
31437
73504
81629
73675
9209
48355
51450
41815
91872
54495
51633
6628
51984
85029
40470
12577
36734
97303
49754
90527
22352
35205
61919
89023
50760
34715
94015
75446
33072
54573
58962
80861
28077
56943
70889
53638
5299
22339
11805
97171
76834
63438
20151
45170
48467
76973
57747
1553
90628
7501
92081
12980
42707
70352
2003
9819
21419
12370
85266
70843
66943
44228
51705
11372
17523
22594
65010
22822
61285
76815
36345
38119
40253
72848
99641
5072
49822
57388
6626
40450
64889
15059
53431
23948
1763
71786
33768
23182
84157
19034
94026
67452
79614
62083
78825
97137
84677
60187
36312
62314
37003
89009
433
93608
61858
16426
98681
28032
73814
21659
68482
38703
36718
38265
62652
38481
26404
12772
78015
10561
31806
72041
94365
27772
50476
73190
24909
51505
33378
77573
13819
86733
66583
30604
80341
44793
47030
95374
72825
20844
33385
57659
75900
70103
12277
54904
24936
38681
67676
2952
65594
15834
74993
59959
43606
41822
49502
84867
93327
82880
62441
7147
85965
45376
37751
82658
90169
84782
94385
79346
5626
27770
37005
81526
97874
65634
36430
22810
4315
20458
25762
69909
36292
17108
29869
79898
58930
79371
64766
68609
78603
43559
75756
64568
88935
13508
63578
95456
98290
57963
74802
20268
85734
28159
1795
83608
93794
54577
22770
14461
75036
64885
84371
11328
81993
30592
91227
57275
26315
72345
25884
21270
15904
17993
2190
21191
31501
65768
16647
46143
23732
7801
66411
9466
52312
84558
9426
62458
39136
48548
76920
30524
13433
77643
58204
11778
24587
65783
69053
67254
38128
11290
88524
54032
29283
7066
91575
77136
72834
8222
23279
12918
32375
6042
38736
84688
90601
48162
47146
46089
96711
24066
76613
10144
18061
51169
38275
42648
16953
23680
9902
55081
34970
14778
25466
80605
21844
17041
74093
11031
41616
97372
40301
73991
3415
79038
58679
10368
27200
22178
56457
40263
62596
49422
66760
80658
591
5035
39658
17544
28715
65913
88978
80038
97043
14444
76995
35240
47837
51089
46271
89453
64813
86572
63445
68228
81962
38476
94948
9163
60654
51405
65778
39603
17179
32538
20261
17771
53925
76271
51667
98993
42184
40645
79031
39228
71441
72378
90820
35631
23467
37091
25084
88281
40015
4881
72861
21978
59710
67810
47493
36716
35567
29623
76319
52747
78514
96580
86870
32439
89204
38537
31432
31388
95535
26815
86968
83328
99194
77788
18959
39013
31231
44044
27294
87599
65277
16508
25929
24987
670
89774
61704
36237
19397
38023
5336
97911
50956
92206
46703
40160
47096
78135
87900
42631
21303
91221
25959
20497
85361
61271
59510
16593
21667
3157
20544
86944
19665
62825
11932
36687
52599
89988
72924
88348
28011
78261
2612
95319
86819
49315
51831
33915
27450
39732
92898
48753
47305
35210
85602
32666
96481
61465
65611
18148
64622
86155
5092
639
48980
33376
37326
17931
23364
26602
22632
67728
4863
25244
79399
8035
74559
31231
41950
18361
70963
34849
83467
18268
70059
69069
67286
66540
30534
32898
1040
11508
35405
22484
12147
738
55861
49473
18669
95577
92428
41301
79657
97291
66545
59057
21678
57456
6640
63629
75818
93955
98478
59285
28575
84889
44706
95861
67781
91593
28759
68821
3101
64165
91305
31601
64903
63518
97426
99924
75448
89854
41226
55105
3498
24123
30514
25176
97932
37154
88805
73750
31109
3635
49387
59684
4876
10445
71898
72657
2038
657
57830
21492
81174
49136
53093
46077
29006
50519
62354
4454
40374
3580
75912
60224
44055
22778
85400
41987
76285
90558
32089
7394
94193
81476
83431
99070
91922
55329
88079
10312
72338
45910
31804
53513
11398
84897
15942
40404
51769
78296
44859
8495
98228
37123
68719
58636
59901
54119
623
36186
44677
49065
59933
55223
30541
59716
70645
38815
31397
58724
65480
3735
4634
97284
73600
32384
98534
5895
72789
66655
84191
34000
75150
98772
71123
60221
57408
47376
30692
74383
99915
91722
23448
59848
46945
70342
35916
33942
25509
67313
9018
90989
87400
30005
4626
77353
62389
3160
83248
35178
86167
67439
69178
77669
66211
56653
37890
39971
20382
68582
14355
20297
60304
37803
96497
23601
8145
32413
73895
50007
16078
82914
40996
19830
12919
45622
97183
75308
65134
80431
26839
51301
64223
96017
28970
46786
69023
83212
86758
89405
51795
1113
9702
28451
55268
22551
68405
79766
54964
42300
29773
87394
41566
87121
7224
54485
32744
4408
46146
14230
1191
72985
81884
65414
85354
27206
28553
54377
10419
15311
43782
78566
32776
69836
23369
4396
8739
91774
514
80055
50427
30287
67449
91993
17409
74674
62831
66505
95434
8977
97087
12977
81962
78971
78392
67316
6178
23297
38046
32949
54960
98180
11515
4088
84369
51236
8484
93108
59363
8999
73164
9790
55638
40613
18135
89399
31639
97318
72256
43425
6295
69344
56403
4609
48315
51147
88278
70845
74444
26324
20146
45756
40856
48013
49844
25225
99250
58328
18334
58613
83679
7850
84755
39318
64815
19242
28717
96455
16561
974
56232
39208
70318
28987
60170
34985
96486
48448
22183
70930
91124
42329
33038
48332
90343
82882
73558
5945
41211
8244
64558
24890
16094
65665
80560
80909
84907
9278
93716
17820
26604
66301
57029
13274
95288
33551
64611
91775
98351
3146
79057
89475
45476
12096
54159
52171
94978
27717
58116
52541
52313
39026
93784
68407
21043
90696
65669
5950
16326
75737
40123
42930
42038
13504
72556
53679
47055
37168
45454
45406
56666
40863
51233
2142
69311
5392
70665
80642
49462
45133
33183
1775
511
43319
70183
21554
34016
52204
43857
50342
27941
83980
9625
69980
97484
82181
40011
60891
35701
85465
22649
92368
42680
73882
10862
11992
95626
97880
92634
45088
59365
42169
46864
59877
85489
33399
81431
35857
1955
41640
2551
29896
25620
12176
16228
39456
10710
56239
16699
62763
58056
39348
71483
17089
29582
98698
29081
25209
96578
38067
86649
72295
80236
49865
32172
82077
99616
29956
17934
1571
71596
36838
47820
13569
65366
80400
53025
76076
52992
86077
55192
27400
25425
43027
44489
55008
41725
73570
96569
54655
11637
83218
26951
8226
33084
75475
90303
49052
5431
24590
50624
77028
61428
14796
6949
26794
95196
59974
19223
48188
62403
90767
75589
87829
33794
36430
59189
75520
10001
55758
30175
37990
55328
73478
46216
4764
48954
36520
53817
54385
77462
20793
47765
38890
35589
54714
82036
47137
31041
1259
11678
93444
92026
87267
97625
25821
40049
56814
17693
50050
28924
64220
4393
84253
37699
50609
89017
3005
3481
59186
73742
80943
79979
21508
36185
15568
92574
18222
79058
39967
35833
90736
49764
44212
94355
47389
86385
34404
20556
4078
84455
49480
84650
88848
50085
22349
55809
55455
41706
59291
14641
15449
40234
94621
53309
92772
26541
45883
10994
5599
85851
46827
96335
51967
7391
90690
99356
93776
25095
19912
14206
25902
85745
98857
31102
35830
37558
86911
91285
79265
62554
22279
94714
19141
33252
48023
11913
59793
10258
22907
81745
12461
86086
94432
64428
93478
1475
80137
3606
42922
49
17813
68824
2146
16670
16278
54329
54228
3189
45614
49845
82096
84245
60911
1237
17497
25286
13150
77291
35545
52409
75388
64358
54847
69820
28787
64677
71295
8924
68284
30569
25325
86097
99393
27472
19119
32023
81801
89699
51565
43767
39545
33661
28013
456
34898
61862
25743
48048
55505
77640
16809
30893
41998
71656
17066
70785
36334
4713
96061
4618
35283
21387
7067
34676
65211
42538
83052
63364
32237
34617
7131
71782
68278
51496
88591
3176
13359
30686
67576
68864
8326
84385
16110
66676
56041
33176
53814
92375
37889
49875
13345
73172
87614
20412
24201
52825
79302
7253
16189
11540
41870
39673
99674
10148
7521
4617
13324
20880
35303
97252
6097
59981
81637
38559
26658
37678
71735
96824
46406
25976
46699
76103
99149
34314
12868
39702
3491
92170
46955
19681
3710
5177
75706
3385
15325
83227
8002
45001
20460
59658
58605
42909
35991
40242
81468
79001
94272
69555
75825
57030
95531
38877
33134
11032
89543
46002
50734
93034
38172
14041
29067
41883
19218
4773
61620
50895
4353
85974
12248
24813
61984
70853
84074
97976
27447
65542
76977
21720
51449
69155
78750
46980
8032
11884
74365
97575
74238
25099
90609
12411
55493
36029
70646
91063
57154
48618
41959
61507
34592
70559
2672
96577
57765
86746
10905
85212
68640
87882
23284
20089
57037
18387
83422
81421
46623
57787
78996
20862
99238
85958
33273
54731
21987
20271
45795
79141
68889
4106
40649
19833
74665
59673
16410
32430
46420
43667
33995
15060
47902
57279
51502
21291
92018
34924
2713
38642
9063
81709
59504
8301
67667
9129
63033
6006
45752
25180
85148
14641
29286
42149
34474
3951
1822
67237
52734
64594
10904
3081
96007
58806
60360
47509
80098
52379
98785
99163
7373
7848
80872
66877
32501
64892
92358
95534
87250
38110
37066
72398
69103
66352
30899
3577
86656
32722
70814
39390
13668
98071
42471
9675
73229
19183
73536
53327
87914
88673
68842
95287
96521
66067
78516
45375
30959
87226
57261
34561
41688
94328
6960
10791
60680
37859
14369
47336
86933
1535
3078
16954
99606
45549
26629
72836
81085
166
42515
85351
88839
27710
96991
1713
93777
91859
63440
41088
79086
20701
75649
20774
15029
98961
47918
92062
53173
62287
39398
40106
80174
42477
73412
96133
4378
42
85321
1815
16560
44188
87167
21751
71898
84158
39816
65675
76017
3256
23115
71455
23958
98765
8582
55339
97726
56500
47401
50899
35139
3152
7358
15313
61981
80770
11446
66359
97164
13119
84527
13724
57308
71694
35476
29206
72204
91644
11234
64573
94901
34349
52381
35211
33114
60963
90550
47193
17463
54304
98092
68954
57456
21802
84267
19437
2573
12066
2148
99737
25185
86675
29814
82493
74721
81642
28052
46925
73286
55638
27851
68187
89987
80232
3398
39454
57547
10301
86647
91362
64605
1091
60316
38413
22894
60935
57850
41819
73001
76350
57908
14539
63026
87722
13384
37747
69364
41436
1025
42651
97074
45228
27190
3414
41812
46941
42868
15711
73594
45867
7073
54551
46958
83741
92964
86204
44676
67166
28023
34030
43516
2284
48569
22894
90006
61953
60642
75723
19742
78019
18374
33168
39599
61916
36582
97763
8857
95802
13474
98803
41669
20547
53354
4980
4288
46318
7536
65316
13484
51912
99346
73353
54196
64267
96247
60554
42573
73241
36277
62315
51260
54651
11835
7211
32920
64770
4974
58129
60572
18448
56933
18594
55347
10287
39926
75987
56606
47462
41304
86442
15726
57002
59795
86274
21270
56043
46829
80195
29284
83106
58862
96897
54110
70697
20460
87030
35467
25435
45159
12392
60235
2092
30986
15583
12380
87264
91570
85338
51078
49226
71780
66805
6229
47928
53079
43851
20323
99908
24046
49607
99367
82908
62856
53477
69957
83317
40507
21777
25104
2018
34169
85339
4111
81507
922
32843
68771
8845
34533
19849
58071
22665
3006
64300
70593
56086
24503
90916
72346
64901
56876
71713
64161
36084
25190
34119
19401
82049
55896
60857
84068
6417
46197
88179
87924
63471
37374
56695
88668
71907
92896
46740
94572
95903
27392
81518
68341
51896
72434
57039
33149
45662
28753
97311
81747
70295
31430
17500
52345
3678
78358
36413
10095
40907
40944
14371
20730
94670
87418
9399
66577
80314
56139
77501
92569
99883
59019
60910
68131
47806
34302
1281
93468
63055
98592
75215
33350
46374
9068
2047
50052
87426
54812
76499
44685
12108
90870
65415
6778
78288
74814
89707
74954
47305
83561
67524
47189
42580
44786
31672
90386
79088
32953
207
58495
31545
91774
8198
77919
842
26597
44323
4620
81410
20822
49305
9870
28044
14721
33001
22684
5887
22708
97639
53193
22621
81515
16734
65202
42653
48406
71940
38094
81360
72147
96589
29257
80274
21139
23529
81116
47737
67852
85737
45499
5027
35042
55369
49423
66115
88370
72108
72003
27431
69747
41548
50052
51262
58282
31606
10267
23040
3547
48361
4400
92046
61303
50010
72320
82442
73539
69789
30179
57743
55526
75678
79122
6920
47400
28546
89388
35770
654
77743
63201
70401
19291
13254
38015
93925
44860
64634
16965
64759
12996
37718
73158
74299
4080
61830
73093
93971
47971
19625
51714
3497
11655
47189
26770
59055
75735
32510
94826
92741
10253
74379
79494
45896
3985
33861
39821
65198
98495
73138
29957
11491
27208
19467
2142
31288
97650
91588
25259
45621
11213
93326
65471
22868
40515
92241
98276
16250
24751
9454
25343
51356
83833
4837
97252
87819
38698
37073
53017
37193
26563
99326
65037
53772
35146
83531
85060
32796
75119
10320
94769
2684
3646
60240
25553
60513
68833
40181
93115
9936
49635
18458
61292
49820
23295
58544
37639
78345
11969
7008
15538
38533
6335
96927
92305
57833
80459
93717
90629
55578
20389
85398
58263
40387
45639
168
900
30824
56701
94015
40761
6336
12473
2053
56156
52120
60598
10148
30465
88919
17156
62356
27452
39843
59283
36109
97676
56094
29827
4657
11673
50216
90056
86288
90604
52047
2808
7856
82871
59509
1872
23632
82197
30697
42038
54705
99170
18988
64853
29635
7907
98362
8343
51712
54557
83979
87821
52234
40073
34000
56891
68098
84217
63299
54386
91173
31698
73546
15381
30922
33055
17253
70906
31604
64303
12944
86310
63473
31932
67515
9460
56192
65877
34156
7904
20435
18135
95725
89021
58208
29726
62264
42659
30295
25564
13397
37820
73614
86944
53201
4536
36351
86807
75443
84308
67462
4739
70618
30935
53024
54485
56747
9216
36715
90903
17120
57150
25390
29197
62523
83599
75275
24787
42610
5570
66703
56007
59742
40318
59303
12944
61206
95655
16103
53001
79963
83565
57741
66933
30852
10765
21418
87599
36333
58133
94855
53453
31635
20245
99002
10510
20196
74278
35298
62806
96200
18353
18814
55943
75023
94469
85239
36230
90124
1342
5583
86439
84907
63324
69724
32111
90441
91143
19710
26774
65628
14565
96579
97264
34811
95582
7774
71359
86212
59424
34166
82412
77778
69332
38355
69153
63801
23594
21735
70278
41288
27319
56717
26195
6995
26442
74658
97437
33937
94369
40563
99565
25286
37143
96829
76449
49077
20956
47809
35289
80380
81975
17701
74510
51307
72409
60016
31460
96003
81751
1738
53644
9070
74808
79839
32418
1250
70850
29855
51539
65219
86770
51104
6857
40265
64286
83307
89342
85242
31116
40983
81974
29443
75037
72837
97102
47446
32853
28562
59801
14604
30301
13445
40027
5109
9637
72445
22711
80487
18652
74250
62058
5422
25354
68915
62040
5992
52222
51382
91234
99690
8718
89561
29133
83755
62398
26235
47553
95251
71150
23706
9855
17803
53504
49882
39264
79493
38679
61975
76332
57331
52577
38390
79106
94283
23657
41146
276
92232
8880
91510
91922
17598
81071
37408
17705
43469
79995
81610
55072
51145
21669
64928
85300
75173
31162
24564
54666
69842
86539
47350
43525
39116
2092
38983
49752
25749
96481
50028
34333
5362
57890
42608
39312
55314
80016
73370
15135
76363
71332
70208
43861
93001
35136
29161
68174
66298
53726
39192
52492
56617
2894
12370
12086
4986
51353
61838
30736
47835
11866
65069
69549
69756
7677
25213
41422
4045
14935
56558
80409
86268
26766
40622
79269
61902
69783
63796
44552
39861
19340
13397
96479
22235
25767
24917
27221
77120
86755
74309
41307
14973
55731
27208
1081
63408
68774
42504
83806
83709
99062
80567
69977
25828
21189
65599
4082
7324
45747
64986
47186
65087
78383
60017
87322
4150
84934
30896
97623
88041
5205
55282
19366
60936
82491
20447
40697
51265
79303
40855
51326
78365
21422
37656
20545
58963
3255
40979
66287
49002
5966
29825
30441
701
89842
34116
21204
91128
65012
18827
95521
86569
90461
14887
63858
72952
35335
20907
40569
14638
61762
91896
9356
99536
29552
46253
58499
49159
3585
24786
14513
25903
70964
44954
26604
60806
95422
64160
68287
60434
99339
63808
63356
89801
78696
27214
79105
30383
48121
19675
61373
26235
27923
87081
25771
73827
33335
84270
22986
53272
25408
53851
79175
96372
15157
22131
73531
10580
86292
41818
87366
85631
21978
50722
75432
674
94288
70890
47409
58761
90565
8783
84996
34840
95864
10767
8667
45551
11389
48005
98823
53150
1856
77998
65874
33365
130
39405
43945
2774
97575
31312
88405
19554
98386
80190
36580
92675
51080
83990
51436
57997
9125
52785
92837
4989
79904
17856
66893
91294
82213
65716
60796
421
60067
26670
33786
76549
82428
77732
79323
80003
25396
84080
15909
23782
64270
68842
32809
31702
52832
84246
6051
61957
37031
98888
83298
33287
33096
50191
24581
15309
15908
1729
32082
92327
28400
65869
68876
10828
59953
64551
7183
1701
48631
39445
25483
29254
8287
58293
60956
77471
58891
67008
55780
12274
82248
39078
45561
31697
5622
86495
63358
37882
88224
95441
30209
32976
77662
99085
60156
37615
79988
83692
39316
28619
23137
81151
57873
31424
55796
35182
25247
31039
18542
81027
43313
17142
20105
5227
48839
25727
8074
12198
63609
12650
23991
10170
61979
1653
9255
22135
55620
89243
22179
94936
34215
45316
92439
8440
93092
48236
43622
18339
79275
62164
99366
38941
95659
35824
60520
44498
61551
84946
73048
41513
97596
13391
51683
59575
15044
77291
98063
70664
82886
20242
81952
17101
81911
74392
41894
75003
38980
85516
9695
34607
64033
9061
89900
59692
44885
50420
20542
22789
35366
9943
80654
49315
23334
32337
25242
54731
25980
39657
25395
8867
59900
23700
42320
58163
14444
84214
33166
53424
86083
42861
88031
66468
68275
77932
26160
29512
44704
63054
68653
96423
89349
49307
62090
12684
97997
87332
67415
23977
43342
9162
49196
19594
49214
7869
77757
63658
8435
27275
33434
10870
86489
37818
77338
54764
32102
19850
628
76806
82905
69282
89581
88606
18589
51671
1290
16586
55356
85057
56916
98698
10572
22464
18292
59786
46685
96049
39797
55121
23324
73231
65991
9813
11049
59682
80929
43151
79532
81558
36310
78789
50840
25891
67396
85781
93915
85038
18720
49271
70096
91988
64321
97020
14452
98965
56806
61138
95014
12955
32611
34690
86187
14954
60856
13588
74636
58137
56740
54169
39695
9402
32958
6887
51645
16706
9021
45560
1745
27741
11183
71841
19729
91856
68861
50533
90821
42019
11671
85835
71327
60634
36878
57514
75589
14086
87454
50225
72223
60546
20746
28271
69948
53705
51510
21594
86763
60531
83506
88508
4624
94690
76701
40705
2898
61914
91239
93720
20286
19262
95907
91613
79897
32785
65479
71838
46871
52933
22063
35447
13480
42810
63718
99780
12867
15228
21374
99630
92112
21233
4491
96736
32275
81192
53794
35173
43107
45033
28893
63393
80647
24801
71358
76896
73938
36837
48734
20810
89770
87150
72609
19602
29960
36327
19383
59179
67907
57109
75161
60019
78342
79652
73108
10617
77197
26902
45791
36656
88287
74684
49
68934
15837
71407
45831
89776
24596
10917
26938
14366
98067
99547
50321
44379
35874
69704
3558
20133
43165
95072
96505
21508
91076
69613
48477
68273
12867
94268
4929
17506
85305
21330
86440
1142
9089
48623
7270
33685
59541
34208
64404
73960
33755
14725
18340
69629
84429
38250
6115
27594
33322
2620
65454
24399
72233
13932
9024
1452
24552
30306
18958
26209
51636
21750
43704
77078
70374
50974
10763
46267
85183
75167
20227
18938
89892
54919
4920
90673
93170
11035
34620
26492
13655
16426
67243
2240
46710
92620
20044
71263
22926
39002
97472
90914
77104
41176
84344
63830
92151
95108
10097
93686
86627
46677
12624
92872
1596
33896
83545
94766
44931
34517
37611
74938
50944
21206
93530
97654
13826
13574
85269
53104
52576
99094
60371
46033
56622
44715
9863
48773
56175
19961
58811
42803
82990
87788
35675
938
21684
35572
95705
82968
86442
49668
57906
53738
70874
51437
51392
1053
65011
53014
70509
33940
52108
47232
79973
8730
8300
6188
73856
64475
26149
32667
7278
25491
20455
59305
26430
58492
11230
38487
41460
97672
88155
15718
51410
75381
67155
19154
92786
48519
72168
79648
98811
40628
26880
95136
65711
35180
1324
39567
16008
43826
88586
39638
85669
25394
98944
12099
83886
26526
50586
41698
24198
55093
57416
91960
30475
40924
11114
39613
5795
99635
19261
20958
56615
46142
16094
22326
97674
33770
78245
13682
93948
66832
53321
79618
8578
68617
91717
8816
95143
58656
50514
35693
13749
7930
27653
60576
65206
55119
190
71001
71106
19451
91959
27722
81945
24405
66400
95972
74528
44646
26006
68476
27830
79327
64446
36408
64296
72516
45224
59439
31172
95738
11484
61273
20020
55489
21850
85227
10609
22040
72580
98067
57843
80892
25789
56141
5297
8542
52113
96177
53188
78119
81006
81018
73799
45452
33778
38095
34320
79002
13887
65492
91092
25371
26766
27464
80861
64968
29043
7822
87008
1624
5889
61203
82516
48031
17344
4165
56573
69457
343
9761
63929
81349
7131
37728
26801
40909
75823
61122
36263
6062
42966
27355
47786
86084
54819
28647
51052
83863
52821
54412
1839
58710
31968
707
23093
49312
4872
79666
35122
5215
5779
99051
86564
12910
53131
29718
70171
28954
7192
6434
51369
66510
50141
99155
68947
21313
44154
36351
5176
96975
90764
23367
72037
39084
24074
95131
88396
28946
91149
23518
50514
96929
38921
53430
26191
92052
83148
12715
37359
6692
19149
88728
89555
69291
4235
58502
6956
48389
94853
28484
61716
1969
51851
50105
41053
75925
61588
45802
21223
52738
85672
71737
66019
24594
25168
8562
16646
24668
21277
70357
47713
40427
75437
53620
26070
79672
12122
33026
44413
23327
61510
22481
25297
29713
72587
82702
21990
50527
28504
43213
19617
14177
31303
85636
38771
72823
94199
71769
13843
15476
58479
77908
72255
33916
31528
14677
13589
43650
47703
74354
83330
25565
96836
8627
55278
85775
7681
77268
36302
36186
36834
55920
66715
84489
57908
21838
57312
52107
93607
71155
83936
68438
65416
56191
2355
96944
70869
15944
56947
34924
90298
40277
76842
3486
65256
32120
89261
72937
25741
25564
25475
78927
97836
92190
63416
55744
14028
20728
24204
23988
8235
8140
92426
73651
80683
94781
86948
67904
27077
43895
2829
33728
524
79671
37214
65780
28143
26476
55069
70236
68392
80545
49163
66228
89087
28931
38324
3116
66011
62528
43456
90599
70668
52234
64250
51352
47016
67550
19256
90445
27797
38437
40525
28321
34460
77740
10453
62604
20568
65523
49192
88960
62420
14708
71540
51507
43639
9864
54623
9651
72393
14431
250
43061
66666
80852
10765
30034
64755
46374
36831
92552
84811
77357
20874
19272
55097
31327
98228
92017
13202
63772
80977
75622
78480
68869
27130
38472
78733
98105
64475
67478
12537
64725
26892
95555
61929
37657
25589
26684
383
62420
35589
85195
39777
56463
20819
11226
4142
35399
3243
33697
99171
572
9319
94004
69441
36449
32476
64527
50907
96951
32005
63444
78028
58897
58999
56309
12907
940
99346
13290
63360
34935
14837
19490
7750
35656
47068
28244
87407
66664
61941
2931
67236
71261
96935
53030
24062
29411
17557
74969
42714
65914
38413
37094
24812
13764
93403
37719
31056
92749
67361
10769
27684
82199
30259
51786
34207
93679
80031
21615
60343
41972
24546
43932
13233
37833
96962
37296
83596
30871
28617
26310
96785
83383
63404
37949
13499
73159
92020
44556
65909
59382
55325
9945
41581
1936
61732
75788
95615
41763
13755
72311
83735
54653
16243
13321
92486
13205
66969
76082
60428
95586
18744
73565
78969
98500
11515
92469
71660
19887
53377
37569
79269
8702
47514
37202
10638
9246
29343
22605
51009
43098
94916
51097
97752
11159
64418
90238
40716
31387
82673
1144
43325
1417
91062
38647
16270
2577
47468
87930
22464
845
25499
18086
9547
89365
55288
20185
98612
84631
59142
65973
44082
54059
33422
41834
65218
97840
48424
22287
45579
47449
39783
5257
65219
30845
43904
81489
49774
91372
69419
72239
92217
94918
6677
1764
635
78317
38301
15599
62949
97443
81573
23383
67854
14995
65217
49425
29188
29993
71712
91119
77443
11495
96376
42662
42341
56632
24151
92115
64356
9922
80706
56573
21192
87383
74689
21827
82053
29342
37427
61354
43138
35352
84737
10992
66699
66306
60417
95887
96299
48481
3359
90094
59977
16087
49108
2318
89072
89611
10785
53428
99533
7844
10002
20725
11579
1043
42553
93632
30386
79980
54986
89876
15332
39723
17220
82031
6029
93990
94271
18681
42471
13982
25127
2448
46421
74236
21118
35493
63847
48256
88922
63381
56100
15276
458
67679
16319
43011
61312
63057
39343
32650
69285
71027
72374
86506
69411
94755
80496
80034
29788
39319
94016
54916
58120
40437
29152
95590
75931
9351
43846
64853
89084
16298
96481
89543
83978
12800
32554
61642
92210
88250
94292
61495
59277
83018
64353
45040
77774
44849
25074
23914
84169
19090
78830
58641
59528
24334
54231
51811
33686
98078
33016
22770
14376
29497
12313
14706
58649
61220
76348
50859
65822
70641
28707
41451
53659
93060
86492
47785
54262
11566
71700
54783
30657
50530
13424
6537
91217
67655
74700
24903
82085
7716
64025
96462
53565
76339
27520
12214
53911
3869
79426
19733
90862
8133
61184
60873
1193
47676
8659
55455
75595
96711
10238
6252
63593
23662
29141
54810
7670
3841
96065
89755
27909
60091
2569
81474
52782
30090
93688
6693
50311
73114
42778
57525
97599
20314
18398
98793
84343
43409
70600
59938
40120
97191
82542
20066
37205
11683
91228
44875
31876
87294
34631
59785
63737
37200
41259
16519
83642
51299
39564
33953
40766
82342
7830
54717
2656
26229
53510
3351
69638
40463
63289
26111
37654
45831
62529
74859
57514
53757
36087
89390
57403
70718
65527
21140
24270
23138
37659
24265
90790
77223
74570
31556
75917
82401
86273
94926
8630
56136
98277
94620
12951
61567
37083
66957
23750
99612
58168
81265
69722
94255
87007
27125
81325
68887
64618
5596
92025
2277
29861
82815
95853
20783
30723
88122
3184
33349
83048
28166
5837
81326
22787
35140
59245
76222
2097
82995
92187
60265
80612
61909
70873
83972
5386
52198
52859
70004
57794
61236
88634
4007
44052
84487
41143
91127
72609
44327
40828
72010
72494
46665
69688
11633
98157
28933
87855
254
28280
80042
76872
25245
58303
47745
9217
63690
99943
62076
50046
74090
23312
38680
94449
83716
39519
35592
91196
28481
79920
32024
16843
68766
95042
86531
80399
93199
31816
84606
9806
76448
81001
3030
1693
39304
50775
10910
19346
67070
89338
85745
41160
12651
24425
35610
12719
80297
87554
20267
25130
67474
68644
41973
52592
63686
44856
32991
73237
76672
33950
99395
53120
14951
2425
54814
54255
69552
82076
89954
36623
71415
75699
77783
418
16476
29745
13137
96773
33652
49757
38255
1126
18401
96580
70071
82087
41436
19414
71676
34460
53364
87424
3933
68315
89849
75099
38923
59402
57175
28877
12377
28590
4576
6512
29008
21052
36258
58498
34178
69910
8255
88785
87388
26656
85366
57459
25095
43154
76874
13123
93967
46590
547
97900
14906
6749
72999
53829
82503
46526
99058
94880
75117
3634
1392
20477
41038
54002
78975
91568
23912
3582
80354
27653
30238
82072
1464
71685
41578
94690
84809
35545
41281
1708
49797
72539
8457
39148
42720
90960
85675
41778
85840
77144
61764
87233
97621
19154
41235
92949
10723
81500
96531
7429
25505
43122
5853
43321
14807
47431
38012
15968
99329
95645
17677
49126
84536
26134
4627
27256
33447
90302
85386
35639
83798
47150
39224
81419
66304
96812
90720
93379
94664
87252
17160
20169
30374
23013
63490
61533
86797
17854
77502
2478
29851
95179
67956
14387
37665
72583
57995
87464
62885
43381
23104
46683
6883
62328
44455
89540
75492
35175
82919
70156
38779
16432
90325
69153
55797
70168
47039
42594
4374
24541
61424
50578
36072
29381
81317
73737
1964
39313
77554
81202
82694
658
44237
5930
79338
88692
95470
54831
40220
78389
41339
78999
94821
31665
64505
66971
18185
27896
25917
38911
52437
87342
89489
88509
16723
70807
78598
35039
26472
56152
16241
25518
73162
76831
31448
52501
81875
26918
23684
22095
5308
65023
17447
16481
13040
98304
83452
47577
26200
9370
86489
94989
13064
92330
83498
46139
79489
62096
81178
5961
34601
13772
31480
7763
90603
62928
76616
72478
89847
300
10926
11507
81676
44725
44340
11068
43029
27793
58646
85581
53515
61487
80570
82931
53817
80420
29070
33307
58868
26600
39268
93469
40372
70748
1233
47327
50029
77849
19806
39876
94502
47084
51383
76178
91809
95723
87246
51190
39868
62244
53123
9735
23731
33693
9018
77549
14113
38088
27208
89333
64689
66476
82803
21413
53577
388
68741
3606
94589
4899
59834
89091
51983
27569
81621
60144
39644
85220
11334
79513
63816
64457
5600
87548
14502
14619
81449
44967
69059
8657
34300
33748
91485
33455
71514
61414
33843
40255
81372
28433
61506
41206
33876
29841
68775
31850
89985
8420
17070
17671
4285
80886
98480
26237
84786
29334
40856
66235
74301
26268
91244
24953
76368
82730
58409
47882
44144
8604
4489
25517
37037
65995
83075
87266
12188
68203
19116
18525
76623
52538
52548
97260
33424
51028
23497
34563
96714
80706
798
87367
6974
8395
12321
99694
91125
87082
47577
51621
12038
52066
93490
65428
34414
76566
52694
62954
44769
71810
81480
37744
24348
34028
51356
74124
1409
74853
8687
98123
71911
25838
85491
95237
34233
14164
94932
41710
17598
42509
9683
29636
10927
3174
11416
61693
96092
64110
41000
57213
52272
22480
11309
92972
72860
62665
67097
74269
53870
92136
88745
25782
34326
90588
37371
84911
21104
32303
26621
55054
91164
36305
84690
18444
55831
12459
96489
68275
76569
37489
25488
28842
59969
36797
38166
49182
99462
5263
23451
53332
13752
28548
95466
64430
19136
32838
49342
40240
65141
92315
95294
72658
44972
96337
91102
17155
8796
87591
85430
1717
25081
10918
46911
1402
64067
85078
50584
79881
6693
90388
49566
36797
18936
45032
1228
38073
94222
66922
94665
75716
59237
6312
48374
20562
19001
55828
37717
27797
43419
23148
45866
84852
50418
92778
2607
30838
77856
69543
10719
84549
59931
60285
21347
95220
21670
38927
49645
15892
5849
44310
91608
81438
66974
56334
2000
85975
12162
56070
13772
71934
79218
75991
73138
45988
68769
75745
76826
62977
45289
3898
63878
21572
80535
85225
16792
2205
40504
66437
34450
46353
27100
42410
44144
94074
98745
46144
80050
27259
18566
10174
99193
97784
86165
72332
60125
71286
64429
53303
34263
26070
57201
98142
47643
54089
99719
80787
72646
40224
63577
7096
2929
7029
65859
63425
1103
64604
25922
97505
8215
44488
24032
7409
58625
26549
96093
18750
97836
60522
88405
48451
86593
61959
62945
50588
16048
62665
31375
88694
19241
11304
12143
38522
18333
78002
1948
35789
58958
27870
49646
67173
72358
73678
90934
30983
228
87027
66085
14416
63902
54491
62867
50495
16450
25813
17435
32498
4830
65162
21192
24071
76467
33335
78945
11152
27689
80893
63293
86647
25115
12940
53821
97474
86618
44755
44809
3198
48135
10895
17614
12037
65386
96834
78884
81836
38999
12671
30686
60181
77833
68230
604
70652
1566
79549
81805
29255
76795
45098
32255
1910
74390
86076
99384
61009
47183
44194
80559
11670
71441
14526
23707
36827
11360
18943
35015
66711
31614
65701
26892
25800
33931
27496
96452
51849
23397
94609
97457
192
56060
29712
2103
30450
15788
17839
7811
79323
78385
88371
90994
49826
2897
31053
86653
30609
66349
38020
13672
97963
3721
56916
40115
37653
84412
52920
5854
24161
63881
3311
24354
36293
33023
42809
83096
65163
60648
90907
60839
39034
95630
51833
5212
14879
99238
8218
61840
65587
46238
75512
79903
49960
32428
20018
3965
33192
72938
9819
57354
53172
29483
98060
89465
78858
40869
72561
60374
17869
63469
21213
73255
75451
89398
78468
90331
88636
86686
52171
70576
32924
44036
50479
99236
76464
70497
3201
26009
59788
29373
83363
12960
75208
81423
18777
54066
38644
91339
30792
56513
71160
52005
29769
46611
57755
8237
53294
62744
11275
21818
33320
44199
65854
83799
59788
42318
70648
79341
84679
46788
25066
68042
76100
274
65817
94878
70693
4461
86217
1485
77327
57377
69843
7096
3988
27598
31685
73635
6694
59312
95453
40014
19863
61307
23813
79651
19977
10814
58993
4657
57602
84059
89051
33703
686
54869
28581
87731
75682
14798
5568
69361
88527
75411
92809
8867
19362
24494
82502
26056
83806
77955
82423
20022
39262
22588
99673
59240
33402
75018
80249
91005
75430
69300
41060
76116
40521
69641
80199
32556
791
85767
1917
89318
61179
94727
98185
96893
35573
80688
39301
35732
74995
21724
55754
14258
44313
55427
89850
77715
30446
86451
85072
22228
55751
26132
98344
12625
12125
94895
45181
12916
80662
47098
18586
58193
41825
33124
55086
77399
30164
10740
13131
5159
32464
68885
19417
93129
40664
25619
70845
87462
12070
72269
9690
84174
14754
24386
96799
26879
19281
41980
56148
16296
5430
91086
74489
47256
24210
45928
41007
54374
56668
70490
59534
5484
55727
95303
98614
12743
37275
85811
206
49345
58080
26248
49871
72834
50635
46670
16066
86268
5002
72214
2564
10433
63300
77054
74041
3863
22982
31400
74589
96002
1890
50475
1486
73969
45779
100
86712
99406
85911
3270
48751
60344
29519
98623
49530
96506
61645
65596
99126
66648
54162
1691
77081
33815
95097
67474
37678
34431
98874
12267
30433
17116
62743
48271
91085
24874
64724
94149
24280
50635
13772
89383
27331
59643
4358
76862
72501
82356
58810
71627
49004
29325
73318
42437
63140
84767
9911
17170
19198
25137
29437
65983
42253
8532
14255
49690
49758
78979
60191
74038
45966
73963
79774
89650
33606
84132
82864
22459
66488
58026
94087
31844
87351
83757
90633
50491
68525
544
67661
4075
25681
13451
70059
84286
38335
666
33976
88094
95997
94168
62132
58315
68131
58258
47965
18090
58743
30829
40549
41583
88856
50988
73428
92559
34746
64061
43051
3271
80958
27064
23698
22991
56867
10109
7278
95203
10775
41254
83297
23124
35422
61781
81440
19906
20040
29405
54348
78783
76587
11249
36718
81795
62238
10146
74354
96984
90560
33757
16607
87870
60822
40305
10861
17689
50415
34491
29244
77542
75746
12541
667
27520
74323
82107
63778
10715
27864
18126
5850
20803
29376
42568
2598
7966
69067
93305
4950
59627
27062
21557
63849
4236
78214
74710
38278
44981
9202
67522
22524
1300
80064
23191
45172
70739
21650
8951
81454
49514
43429
87304
86670
89157
46224
89268
97123
15291
98925
18425
74918
25988
56334
55119
46576
34549
29830
84854
79530
55384
52377
18406
73036
48793
41597
34560
35884
79599
43511
17338
45466
3293
20994
32136
8802
67218
37756
22278
98862
36682
40703
90132
79022
97038
45252
25598
47939
91434
26805
43821
63170
95534
62228
36206
44327
20177
70766
80211
99777
30630
13901
61595
50275
51247
93731
59077
34817
47839
81355
33679
84521
38411
23812
79895
35449
69064
21846
99740
76850
48651
43561
40020
44185
22141
92578
4864
42319
63344
1427
58448
10326
15328
20043
76953
82927
30126
52383
17744
77965
33738
51424
62487
88501
91588
58734
40302
77004
80580
40042
53854
29231
99956
93874
89768
22097
2804
94632
80768
82500
96059
39216
92827
27739
59259
86132
10666
89385
38515
44763
83703
88606
96187
46190
77107
4127
4924
17410
81131
1857
57452
51337
31088
73760
61563
37209
95858
64367
31841
76626
46867
44253
32195
56046
88344
91454
42179
99011
97192
80694
43774
97247
69300
56313
43437
62760
76792
64713
80170
74275
82922
53974
25612
14011
27735
87175
67572
39945
67894
15765
16571
31113
60018
65118
87160
64715
56573
45691
80078
70117
42737
40204
67364
28390
96517
27153
91150
89661
8218
71320
63936
91141
41646
89548
21504
69381
93075
89076
25678
60969
21193
42250
8434
81212
7368
95594
62279
80293
41285
42357
66762
84023
82561
50478
12413
95430
93983
19915
85091
18554
91235
49027
26047
49233
54927
47551
34967
48002
52979
60645
25323
74172
19247
33757
71736
42968
45704
34015
39613
86989
92724
6376
87364
75285
73206
16129
70715
83542
36044
55806
2096
43631
21185
28143
92865
76112
92046
27832
24114
61377
88477
65789
51901
7725
99547
23638
67045
45251
74005
6658
48592
66730
29386
52309
58367
2593
84790
29083
2487
20835
1241
4583
80818
22427
49078
90035
98539
57476
34219
22654
18853
22697
4795
87106
46774
20694
27096
30171
82297
1102
36829
30890
84184
66216
99551
42551
85161
84341
87986
87648
21528
89228
8583
18699
11655
74013
8734
10194
31489
42954
49200
66694
82003
53996
53800
45129
74690
80897
75300
73340
98351
12129
20582
82535
78345
20133
41438
79858
20826
29425
67506
42355
18653
76089
77406
46660
66454
86140
56854
97943
45446
22407
80989
27449
92755
34790
88930
83797
32039
64230
57137
46742
92712
77719
29277
87409
14204
87067
67268
35031
16492
34774
93738
51497
27216
71144
98157
93670
73636
71364
7966
19083
10123
88955
62884
2878
40097
51815
3027
88488
32397
60165
35230
25109
54236
80859
12519
68441
67927
96139
3472
771
30913
13562
68621
74481
84706
83130
84504
58342
54494
92470
93777
64617
97777
56662
83847
54227
8477
86875
42715
40874
63392
77946
82336
17628
58805
11207
86069
26732
7346
5893
43856
38259
19455
12477
29093
4161
95607
13597
78856
66454
22419
88985
47423
36548
45647
31271
90775
70476
34498
33491
27703
97890
11437
10039
15518
86594
21246
17940
13327
28592
23833
73535
83203
43289
2364
28648
63802
97971
58597
59010
80777
97368
47996
28201
33917
9995
75824
24692
96824
10322
58183
24527
24564
85972
50918
40082
72567
88516
74374
2246
33460
98208
75781
33015
57849
78145
61664
21651
92468
36613
80662
73246
33982
45010
1447
67899
55005
93623
8943
68181
3945
67127
92708
28509
69451
59978
84943
42018
48494
59318
60616
81954
57526
52749
31322
31727
47246
92986
53378
39715
29599
50392
29313
79933
11754
47112
47832
83112
40735
56776
51293
44680
40255
44002
89541
9706
3980
74484
68077
68827
33802
45045
67133
7680
97795
98455
39407
45041
7793
9138
84756
53745
75882
14069
33678
87637
77533
97863
70749
18268
54639
38394
62948
11246
98748
52489
37304
19081
43326
21733
87908
77128
66779
55041
1161
64574
69849
56920
9615
77642
82410
10724
31387
58293
41145
65066
62282
18679
62929
49383
36947
33920
87777
16248
45166
86526
68737
98822
5607
28415
20556
93515
21896
87335
64908
23057
68261
34757
96329
77876
12400
78740
4952
43787
53385
46098
25205
15667
81129
88134
81402
18076
22054
69179
50676
83572
55705
35766
82395
77664
64181
2951
87531
86077
6638
52440
9134
74899
3549
21816
69127
32301
16908
90432
92441
70293
36530
17646
2312
34011
5781
83714
68439
44187
69245
19116
27760
41303
54882
26507
18967
19063
45810
6499
5141
52448
75291
30627
43699
78840
68795
12826
27494
85703
3258
19935
72348
56140
37581
74660
90151
59714
74726
74943
20254
43972
94059
48014
85275
48941
90873
20594
84356
36683
27093
89497
89131
18736
36477
32830
13929
5272
62008
41423
90976
81619
77710
79676
37759
15291
54337
44263
91358
45415
19206
11612
5739
13265
75978
7366
78558
66851
27961
62914
3534
71406
68764
92665
6495
21593
41847
20424
26865
3855
78199
34193
85474
55909
30222
39586
87552
911
83849
78910
46326
19407
90522
68418
49024
66500
75784
27582
49703
20097
6848
53237
91504
91964
62254
97999
13557
4101
34775
56775
24309
12974
7320
26135
68883
37542
65721
56435
38453
65922
51698
1132
85329
42220
69550
50705
25073
45334
78287
74776
65432
1488
44366
73288
93452
6620
87639
23362
27074
22414
96489
51383
51740
3809
77518
20623
57704
59592
93410
96157
41866
45108
97289
43548
3681
83191
94253
45106
28526
88893
19882
10310
90381
64248
99950
185
87221
87589
23547
14295
26355
20036
82030
78095
40198
59548
15070
97902
35492
8480
94059
77359
69941
7701
20907
73622
7244
31512
18728
35770
20405
54962
62432
10786
35563
62382
10972
22784
66323
50871
53431
92678
70908
35461
70773
27458
11361
85843
25360
46854
10676
35771
40565
80617
59824
61472
70591
67069
9336
89319
2839
29742
60633
81624
40528
96196
60358
67852
35332
26682
35076
88763
19360
22336
24224
6486
49794
35586
8681
75154
82440
19357
10925
39357
16326
70750
17181
86917
37819
26517
92588
57010
56259
53222
54986
13140
65770
15345
97344
1103
42027
32420
89866
77739
54756
14091
577
4550
66029
9259
96056
64821
44968
6982
4178
77647
94084
21359
80916
48255
47876
73505
21617
20488
43079
76604
33628
8849
8301
30972
26304
66680
63393
16171
44419
34501
46614
61349
39052
12643
86960
51460
93816
31928
74794
97994
25927
68878
19353
6844
33485
83581
96701
71455
4069
56132
64411
54049
81333
72712
1374
7638
39392
81119
23809
163
15620
86775
77864
71024
99418
64824
22485
93234
13105
97279
7580
39032
82510
43285
62228
15995
43218
58929
3802
47288
31413
68213
17689
12747
40925
19063
20385
96669
182
44194
13185
32155
47321
91049
3179
63091
55874
42016
56325
85331
39296
80257
24363
38158
23542
2944
54153
66760
78225
57956
30400
9639
42521
64442
22386
83447
83505
42771
96468
40
3317
26005
48547
50638
17055
51726
13729
89281
10095
86406
74612
49391
83015
15327
87549
6557
34623
58054
89669
12849
32362
20070
22488
74884
84512
61226
74683
84369
20349
87503
84409
40018
13509
49308
7008
46916
1035
20737
36197
11130
23495
27161
76873
6510
58840
80774
29419
93464
55180
19088
22665
87543
39158
45153
78779
40022
22731
69814
24392
43080
57317
25153
83098
87178
74462
90106
34094
91849
27195
86643
19331
67042
30156
12556
89904
88997
93330
19323
98813
48510
54763
21478
52405
10274
82983
31184
50296
5714
998
91040
65146
74668
32546
64596
61846
23360
54702
95941
15209
98249
82584
50892
81643
12741
63448
71547
18090
56778
7222
33255
21640
61985
54733
74046
72259
54068
5230
38908
59782
22581
29948
41280
97249
62494
5876
59095
2206
76930
71388
17415
91531
70325
68307
73174
99418
48107
61073
17508
4885
68295
67115
26526
30280
21848
16924
18892
75916
38506
57800
52050
61087
4100
9682
74688
82947
15558
33784
85153
8840
21524
2569
371
91849
87228
89897
91267
35336
50970
25127
56573
19265
92242
99451
65897
30442
16375
1141
22710
54882
58941
91112
32321
63042
794
7010
62341
32704
57146
47494
57896
78670
66415
58267
70520
53644
64516
78139
5332
15486
19619
61905
51103
11861
77709
33353
42304
94084
34494
81366
65318
9788
72479
13992
89182
73273
21002
51523
22330
78148
99017
80226
73170
65433
54846
60042
35429
19362
54534
57113
51201
74153
35370
18656
86014
13079
68361
44670
23516
2856
26037
5186
28996
14868
19178
18178
4493
56532
69701
26823
51032
85070
23402
24203
50503
78248
597
2284
13962
55131
59397
65163
29284
11120
172
15299
24199
68533
76321
64067
87741
18710
69254
16737
33578
4784
34915
54424
61317
20968
81247
12349
6039
4649
36552
56542
99249
53502
75179
13212
8633
50928
78375
37918
62048
94899
69569
86248
63433
62242
50315
51174
80953
35921
84264
30883
40706
19179
85307
2023
40148
82907
14372
46187
87556
67277
19081
86806
20779
94260
18
45764
61541
94745
83682
23589
89645
69603
9837
69430
31846
76505
36956
12799
28778
21220
60034
69484
56752
45342
87859
13252
28249
18584
75791
32157
2213
94872
35315
39344
5485
35333
85108
67026
46431
68791
90615
52428
54746
16805
21858
86592
9662
58814
15743
38440
96387
75778
7925
53139
37472
95784
66391
65721
30720
42182
14230
32933
53406
49546
72277
75243
1231
57386
58621
47662
42529
65589
16442
97275
82394
38300
220
92056
13467
15963
46848
9854
8093
54773
62993
45565
66910
45736
27638
97630
4270
41869
46916
74028
7767
19193
49272
8998
92931
24245
73013
51812
89834
89455
65440
88580
27756
65660
96988
41223
97975
43837
67429
6069
98610
46774
67986
81872
92510
95625
95855
13132
37494
42771
87160
45261
78316
36432
70611
87600
77030
43624
39412
66864
33080
21204
55445
77188
86864
52433
34763
1192
96270
2192
7261
11233
48966
75247
93105
57828
70872
5312
70960
24718
64435
58120
86331
59104
10905
73295
46704
87935
16919
2468
54799
66351
23673
26596
59891
10537
79030
94654
28081
91652
13198
35342
2885
78516
26942
12343
36344
14166
34007
23656
38885
98443
81777
41568
57547
9034
14863
20603
13321
48135
23071
68120
14486
46744
11069
74378
73634
6451
85384
1715
98103
14935
53410
17341
93451
80352
46036
46148
94518
96395
69804
49755
94838
67933
7676
68737
93319
22539
89340
6640
70674
12412
91113
1513
75508
2182
92243
49142
8633
93979
67210
23088
8914
20620
56781
18718
972
19169
81218
11842
15565
51022
61598
10403
35308
69274
95493
28627
8165
84833
51620
95192
97245
42733
13057
89106
44915
5300
38248
69900
15631
5458
9340
24546
42430
66122
59616
59754
85291
40834
71597
856
8208
49547
27612
59868
35173
23105
88496
43338
24290
40116
38530
21536
99201
67939
10642
44116
73239
65242
30368
5223
87053
39708
46121
45835
5830
5737
5590
7474
62923
77187
24682
71131
43086
68646
31000
78259
91751
35848
21597
16042
92316
76480
53930
91517
44419
80924
51985
34011
62518
82353
39234
65923
38413
1707
11759
60596
7444
17349
68070
70367
10888
9104
57850
53974
77751
88850
32233
85854
41050
70182
18248
49718
63014
88530
41235
7434
85806
9572
57797
48325
8277
13383
14248
46691
15090
26007
7287
38886
59708
91709
25605
70596
813
83455
40922
78564
88658
73155
80771
29708
59690
99019
79427
22704
87550
37014
46490
73356
46587
4287
38033
54864
34022
52282
17907
49112
94641
25194
4350
70702
16903
29955
41298
17717
13411
82221
12633
2069
71728
93404
48129
47770
8776
43908
70475
96326
97275
16965
86034
43862
21253
24068
15078
71627
92702
32986
20740
3695
74532
25090
74397
91436
71398
15696
25505
84809
14269
38138
3230
2349
47895
51359
50120
56671
11620
36947
52997
8895
53912
55383
69109
91517
79451
539
63145
88505
49877
237
92201
24410
41679
66598
32198
13077
98646
57703
97886
29267
12193
17468
31617
60088
85180
98089
16759
96800
35036
86108
5695
5300
57844
91156
96818
37295
91695
59963
25801
41573
76552
34354
82335
18231
952
14533
31309
99599
88588
45547
28866
781
63016
76835
77222
48196
91276
10333
44996
26312
12794
67043
31613
70638
74551
44783
24285
66246
21098
66438
24171
97650
792
22858
15881
1745
37391
63542
17696
42331
9090
62914
43113
72106
39750
20335
36654
31026
47020
81650
73691
59814
65045
21656
30452
39596
82791
71090
22194
3889
37528
62718
1539
38321
85576
33772
56418
39320
97315
90466
81651
22757
53380
24764
94863
93130
61451
31517
40509
24824
29519
30552
84638
10916
68560
31443
66864
51351
2533
89058
55240
56413
68128
73131
11086
53705
23255
67504
93025
20570
74322
74676
59679
27703
15793
54542
37185
93596
2411
94046
18420
48282
24598
19411
75550
93158
50854
42414
44509
69739
47825
16101
26152
15953
5584
37239
69658
28840
21095
79035
65762
95418
53712
25442
23121
85857
96336
76658
95805
15100
70705
14226
63382
95303
49989
55285
4814
843
97699
65675
86934
61876
81777
13086
77830
87361
66677
63840
16201
87773
42876
98316
99543
12940
23758
39016
98797
20094
15674
10954
35194
86379
41532
14929
98035
91521
70214
2849
8716
84265
68524
95650
46142
66653
8737
40324
54015
75414
4164
86568
79539
63392
84884
79082
76332
24994
18098
91481
45089
50125
2436
96635
52856
43968
27916
50891
35490
14482
70092
44206
98748
54969
56209
61242
21622
81298
1566
91989
73064
22082
78558
52604
85475
79794
48038
78159
4789
82489
69641
66230
32614
88429
62865
85470
32397
7134
52714
84239
21616
22806
44798
20364
77775
17359
97958
15750
98657
15876
7739
71721
37959
86297
24325
39786
82444
88716
17945
87233
71205
87586
69815
20171
92367
32680
21993
24765
39814
74707
25356
77783
13866
86506
14499
7993
3865
12458
23743
2522
28334
31483
74244
82645
34132
14921
22431
16576
19989
40377
20161
91194
44315
89976
27717
36683
39009
49711
77800
95175
24418
3156
72958
54636
6015
87458
62630
9880
99916
86373
28755
44602
17856
19351
27248
68341
50624
49679
84917
70614
6408
5079
61808
50724
11407
89526
87407
50416
55589
65207
45592
80007
84715
18550
50996
90730
6008
13626
16963
22276
16351
45718
66879
50560
65069
10479
18901
32045
76510
3818
2659
82919
25249
64468
33643
36657
70346
21050
87073
25935
86257
49017
22294
87324
67568
73290
78055
89928
3268
95018
28557
35972
57088
11788
86532
38509
22267
5433
70554
98777
25603
73214
81696
67205
54034
31691
20214
24380
69093
7287
66667
71702
72657
5313
59027
40225
94956
37082
46505
98224
32100
75062
50548
89188
86850
37080
27697
25469
58865
14603
40599
821
87817
38647
68026
41851
70339
88240
82583
39432
11879
49250
11135
84536
54564
70162
41113
49520
7244
3971
64096
55696
79033
14645
61236
82236
68077
5285
24057
26943
19888
64656
44116
24058
3304
28494
65909
73643
33086
48493
29427
61317
14095
40562
45854
85011
10724
3319
34531
34320
23642
14980
6368
19028
29625
83956
1264
14054
5593
25321
40997
41834
89978
1465
65892
9634
29959
31801
83277
63045
96646
12704
24363
10742
69619
86569
95753
96695
6240
46637
47368
29883
61617
53736
48911
7594
54045
66527
21648
59638
8200
78998
1472
14530
96815
67364
24164
26775
15518
23793
6172
12164
36498
30535
39258
22469
33456
51364
19164
56049
98001
66532
85932
75970
20269
51195
99916
90666
34074
37916
50304
42274
16914
51777
56805
13730
35493
97321
56857
51011
21115
63029
63176
73965
9917
18786
96434
59725
70150
15598
15774
68151
82131
1706
60473
18752
69253
60389
9418
3327
98306
76074
45602
31572
27851
18759
61654
63345
32432
18511
30708
69899
97893
10236
43864
24162
29023
56650
83887
99173
72249
99662
83677
70732
17720
60502
5836
86974
20892
15254
6653
35550
91328
68607
67122
35532
3718
45129
15229
36151
79992
45937
6050
77885
72526
66267
2047
1549
22917
2287
17074
95166
1949
751
82250
36021
77606
88086
39347
98498
19692
46001
50400
27373
14608
33874
62905
34679
79003
94486
70830
58996
56775
93232
53233
29301
59499
71633
30850
82417
73920
64277
93935
92221
81380
92538
28242
58986
80624
67590
73836
317
29943
24236
44042
60903
58111
6947
95582
37114
17785
82764
12462
74560
75997
65696
3862
51848
53681
51064
50617
27601
15341
44553
19822
96722
53443
64416
55708
34067
48358
29545
50736
78301
53781
94778
39205
28244
18077
51139
81711
52214
33904
94173
26775
9901
76221
46989
78101
29902
98053
28719
73855
29747
89624
10029
26469
43067
74446
98529
77134
22804
28074
44223
17458
98208
55353
73015
26452
89783
24154
8163
41997
58058
18689
68772
84311
11262
15761
62413
41165
30167
7484
15020
59914
97108
25050
86383
40175
15848
84912
33661
55004
29339
94236
72462
27547
49590
61829
70351
39373
85984
94867
81370
60394
29908
66495
61058
41170
82256
39823
98687
28775
47307
30060
88689
44415
55110
75072
942
87310
76337
50955
42314
22028
45192
31129
49575
94782
92958
36278
50507
95294
31145
31877
55689
77405
14724
33099
18576
96981
72922
17263
25756
36581
47323
30798
97348
18785
22222
98290
6095
98559
49245
64762
20587
94437
95891
86514
5571
5201
39145
56078
496
70290
4308
72537
64048
19032
21988
82624
32365
94910
16239
74474
31491
63563
5272
45191
98700
27494
43481
21148
42406
9078
85910
79345
19868
98153
82212
25439
3354
21357
97870
20202
7999
18530
9091
72047
53914
31079
71023
2632
42341
87263
93458
90184
67178
15082
35375
65878
42576
78856
87026
1334
4287
89288
97032
24155
87441
79244
65946
7148
16953
80168
27350
24952
15050
52794
13352
68965
83873
84375
87949
26215
71638
81407
32751
55168
96489
68127
21047
55417
63335
24425
73104
67622
13714
70136
8129
1155
65732
74076
24655
99037
70596
68358
23989
85647
21152
53693
70964
5025
38069
58913
47592
26059
56672
96696
81228
69513
64823
18627
41282
44510
43052
14386
28485
73118
874
36614
90626
82958
27042
15281
81995
97639
83639
22337
99638
4791
76030
70602
26169
30451
45867
90113
72863
18891
86809
70443
88404
67984
89070
29686
12495
48474
60425
57332
21593
61299
93946
12219
44258
37341
43852
26253
51332
27492
48590
50970
48635
40973
21572
74804
71424
83791
81270
44287
2682
68079
14730
7438
52416
20152
53476
81263
68627
13901
38595
6572
75201
48893
35143
35811
86234
78995
78416
37566
6487
27007
88536
71475
67980
26460
62631
55756
26603
43901
44
29285
28333
14774
53075
80749
34927
6552
78364
19906
20453
16959
26478
12006
65852
61621
47817
68439
56968
26234
6005
79808
69593
10894
51283
53925
37354
13914
9681
63958
57816
9725
9595
2501
40852
62671
99602
92131
85575
77966
28389
6028
94925
54867
34387
77129
32840
98556
45568
89808
41142
67926
69616
10735
78820
37251
81012
32526
51166
90694
12836
25334
16771
38784
27835
73975
1455
27437
82458
3382
5403
10847
9410
16680
65714
60149
93809
14906
58706
55730
21067
99848
40008
7035
10584
18828
44287
7948
67706
95453
14994
96895
20787
31766
35679
64974
22093
53486
92411
4552
56868
14166
15399
82630
30846
97466
42780
41007
12372
1486
13089
33439
1334
53097
56827
28270
88277
1114
52571
72336
96567
67565
69231
33706
99331
4910
98680
21425
58396
7443
42329
31616
21609
57728
14246
68807
55194
57026
9814
83919
74864
39256
33710
76199
92353
90537
20821
96983
91651
73392
69319
4570
40958
38550
54628
56641
43460
53308
94418
18208
77103
36747
49824
98712
10828
64070
67519
66022
37449
93686
66293
12313
32942
4
4864
41647
6893
25686
38630
98545
15430
7949
19467
56388
62851
74096
29382
22663
43756
23800
57223
20860
76900
7047
35924
87728
87470
19796
53750
41271
29834
36396
53584
79128
36400
58449
20775
59645
487
75758
58190
15917
59
94010
88658
62911
68106
34392
1926
28214
58192
59150
49074
35092
66197
1351
39172
70019
21147
9275
11290
67333
45671
81227
46461
98423
39676
67236
58068
56515
42994
32611
88784
43054
26621
77442
22317
11079
11834
24243
39293
86379
83393
4720
37823
65943
22423
76996
52314
43570
86271
63605
10903
48294
44832
73716
46717
860
40952
4785
57375
299
53748
46159
59705
80369
39954
82022
7800
68140
22617
47094
54519
6011
68166
8695
88306
90589
2043
40620
50511
4666
20577
77766
52960
65409
51482
16029
82621
8786
37166
39996
9085
90915
2508
68790
87636
42462
67164
95437
26954
89782
58883
81474
12145
27049
6521
451
33990
8564
57423
84501
29582
78001
78619
82542
59762
30101
14923
42384
55239
52089
82380
64325
43004
1240
49467
30641
43702
16632
26078
70657
22766
84961
68483
34911
28362
91356
51714
78704
16272
9137
79557
45854
3490
58176
44748
63253
4629
59671
5637
59868
11760
4369
40545
71117
5610
90013
1758
65664
22997
44188
52673
45763
45501
37508
97026
90215
45216
65092
68919
61488
90581
48476
7342
94072
6652
68442
73677
27633
28113
79314
3853
56226
83683
44399
27343
5645
50764
45453
87662
73761
89641
40335
35876
51494
94196
49254
41709
39412
30698
10628
901
21279
75456
24595
31703
98460
93038
5380
26093
37503
84694
29946
93729
84730
90697
37424
6727
41461
82877
94389
15222
88870
51077
67450
56716
45273
33056
98425
84685
63754
25405
1938
85034
17213
26534
16737
15673
35924
38470
58118
73427
39516
4417
83509
24246
95114
20933
47326
36576
20163
41715
68150
25385
92792
51953
82102
38065
85009
96879
39103
48764
22285
41041
50150
55850
83927
83239
71524
19851
21709
29642
93279
61226
50411
93140
1824
45526
14073
49150
98454
50588
90866
82956
75974
10
34909
74428
54428
36271
71307
93531
85035
9944
50924
35185
65795
34852
18424
53671
54703
56486
83313
64334
17712
33725
73826
19536
95603
87900
85039
94057
54840
92257
93365
47166
92267
28275
21594
63047
64546
92902
56578
65933
19198
23855
17470
84993
75059
52246
38664
29762
8732
38330
10449
42796
88407
84275
62333
362
88527
63724
94419
59720
55981
87784
6886
48248
32411
28481
11296
13309
37735
84226
95594
73285
24433
13064
74631
99492
81663
13295
45607
90395
67977
72408
33192
72736
56683
11877
73098
61563
75601
83869
21283
47934
88006
44521
12534
20417
89354
40182
50079
43441
40761
45673
16727
65194
75090
91358
64687
56753
21005
26646
63500
88983
99054
13044
78071
72089
24921
51170
33652
16874
35039
71287
81160
39397
15809
93695
59815
5163
33877
26246
48605
74638
71919
81684
39833
63361
73042
20872
20114
94047
47518
83615
99382
62924
96659
93806
35013
37933
44976
68666
71159
96367
56305
52320
35765
72114
62367
11932
93630
96244
54530
58587
87235
26449
40271
43420
6163
29665
64292
26277
40064
28162
26244
55799
91086
39256
49605
42451
93541
10933
11117
81052
23652
83775
49724
75769
55889
12091
4053
65871
24688
58583
40810
11923
1385
97433
55343
7548
27098
35987
33825
83515
80501
76422
55666
87939
15678
5271
30390
25571
32556
41508
6623
72560
41635
56348
48330
97524
68439
68735
79748
93127
27319
20558
21402
28704
34344
76745
36252
77794
29084
86429
61309
9585
79203
16975
97524
94881
38598
27915
36804
87506
85775
43428
60067
27410
16128
24749
41286
84567
93484
37386
94047
20803
74297
15449
65859
8641
8547
2111
86435
37631
4893
64097
47217
84096
97424
61093
95330
52375
89008
32134
39881
91135
91914
16300
18545
8042
41049
76184
8962
34534
13570
3009
71689
87867
34810
37549
96508
59709
56012
99296
97341
60905
79745
60910
45002
77169
38355
40332
29544
43716
88818
85778
34851
80733
2078
69749
88775
59480
45933
97737
10366
75855
17098
82055
63723
68261
35956
76583
27970
91969
92231
25311
69226
71976
2573
30580
65498
40929
70912
11394
84645
76083
97172
35848
56816
15603
21949
61943
75083
67882
76033
1801
60090
93131
83856
40165
61392
36165
33100
89363
44486
25332
31026
13712
13660
49952
44293
79158
7233
31557
90553
8230
7640
4077
44078
80808
19680
66028
59104
11115
50262
35137
12916
10352
44620
13125
66869
22365
49290
99970
28080
93776
41654
75458
23840
55314
25410
68133
50825
32643
99691
57730
57225
23683
61807
1304
4492
97840
83684
79948
25307
33946
15085
54576
60651
76057
67701
27520
14774
33343
43842
42854
43471
1848
18313
67311
73515
60075
51797
24340
9071
51488
98422
66296
91523
76581
67600
12367
90773
67636
92315
16081
1583
23752
70657
78586
16162
54710
22458
30936
88053
82653
73791
47876
84501
8456
31539
58016
68531
83336
98708
93954
51176
97130
60251
42700
90064
44203
55067
80837
11840
63735
96918
29775
87487
83927
8361
3649
38637
47171
34586
43042
29824
24729
90918
14326
33185
38810
88694
18068
22146
87403
12023
73323
885
72274
32375
90949
32829
3794
71787
61021
67529
85057
90796
55017
68985
15509
75018
7622
62681
25956
67017
8857
50685
74287
39535
222
13097
28230
18291
35244
15633
46666
24919
32870
35292
73646
23820
68121
77440
11959
29143
44970
97016
36291
16339
82353
51801
7709
6328
30834
33666
73345
39691
703
47632
79227
17278
77082
23809
35569
28678
55794
98587
53597
88664
33879
43595
28836
2000
21035
40795
47495
82357
54164
83787
98696
36517
51940
22758
42845
99126
56424
16190
55169
73479
80175
50748
90757
57257
74557
42678
85935
30351
41265
55884
19016
75144
99479
47852
93497
36866
5000
57344
19224
59164
57483
34272
95681
9423
57030
38527
24901
29806
71069
80071
19638
51244
30819
10395
24853
5377
69426
27140
52080
10691
83024
87448
2188
98855
51653
12037
52074
56653
69381
71298
32169
26865
21922
27850
52640
95305
82729
77542
41463
70151
57613
61101
21395
4784
87849
62601
26513
57275
89741
78594
84318
89118
82394
2858
4325
34047
14895
56399
7052
84277
44049
39221
27494
65972
67072
80134
77629
66153
74028
19092
36304
47993
80194
74052
52778
68043
36653
95643
41670
42746
74237
42340
31864
72984
45199
36190
7031
60094
8941
14084
60723
52991
53305
88217
35315
36729
84704
12944
2883
58732
32036
55539
6726
28582
29591
75856
12977
82596
71499
70999
25343
62089
13340
73559
35073
74891
26101
42104
51337
35043
72540
12061
4386
25846
16630
39701
78927
1334
68997
81810
76419
17385
37350
99497
45968
83293
75353
75297
65890
63204
46297
91233
25293
59637
64792
76718
50880
90894
35175
2217
42289
7715
14278
46675
49913
47261
2728
28841
48595
71725
27003
41366
89110
80705
40863
51430
63999
32568
26728
46241
95773
73025
37474
37418
49014
18618
14137
99894
25864
65664
2111
68153
73379
32742
31180
39645
80003
33908
84838
44950
21985
11841
86317
11096
8899
43532
78878
72898
76101
21958
19139
88226
94983
72965
25644
60349
91583
56133
76595
33800
21797
95059
1953
11529
27801
49486
67526
24156
83394
52364
85458
5380
64205
88127
32828
73104
31660
11706
62354
24113
33665
97845
12339
45000
70810
54335
21702
78746
26821
98297
12546
64970
93356
30851
92851
37509
80337
60377
78017
80084
12741
63476
85464
93299
51603
34644
82755
99615
62702
61462
23728
12719
59307
52419
57720
46470
23107
95774
25216
49928
94071
54114
31250
3780
1317
24102
57641
98007
831
35659
78091
29925
99135
79907
23224
67090
30903
22331
66706
93605
83793
6786
6325
43101
59206
80397
89571
98665
76171
31139
64945
86594
1605
96195
6726
2922
36649
64368
17281
37481
16379
95372
67406
15514
91631
6982
98956
22534
29313
65662
32492
13107
88801
38817
72560
64359
19214
62131
63024
11737
9622
27969
98331
11227
40516
5058
30501
77166
69426
47783
30999
85805
59507
14757
17671
67491
21739
32979
90025
67404
14994
22517
96863
3795
77686
69423
68154
13252
47906
31178
24989
57528
75499
23321
85107
16015
44731
15609
9533
30509
63392
56884
32666
39251
71641
66689
6742
9732
99668
13120
93489
14662
35637
90352
34809
29676
59776
2963
42928
7682
50493
67918
81563
25992
7591
66670
58360
68674
82279
84245
99183
62023
41130
31849
1275
29123
98538
8017
38856
14558
21137
48697
29221
73127
39049
80382
2803
15177
83346
62083
22860
50191
46353
20775
76184
53944
87445
50896
38970
69725
35141
38153
48100
76271
70002
49375
21747
84892
73745
76955
99451
94882
25652
45024
84361
64701
25406
3516
79879
25104
65600
19091
75296
11953
39866
67832
82250
43663
18728
21220
29740
70221
75726
77841
62845
45728
43568
84592
30621
17313
61547
46424
12196
87199
91448
12909
68252
33206
16426
64483
58311
82026
99926
33607
10331
56144
1439
8933
99808
36519
46506
29548
6740
22232
23741
69585
67960
67310
54177
14933
84623
32076
77709
13171
19275
69157
26081
3880
18716
42507
84715
77027
40885
84642
10634
67568
40786
28425
76502
56946
64944
23008
2847
71684
61592
42940
41270
45904
10250
11799
60838
11226
43876
54899
24397
79503
40409
66830
83383
59125
25689
84451
36152
82926
69093
46786
50495
26231
91563
43349
99530
56507
82709
18729
28191
44301
61669
85813
90205
71920
97613
67395
99498
57841
22295
40247
37344
62704
7078
37080
21829
49119
21531
74333
32046
6976
37471
98893
33207
29034
42242
49089
85541
41303
67818
30084
85604
29488
32250
75809
17760
46215
59557
17258
4056
81852
57505
57752
60908
80935
94832
99089
30055
16363
73422
62101
39691
10893
77346
72899
39927
35940
21988
41820
77243
6159
88256
62847
35647
20506
55008
53407
83073
14565
87017
87129
12769
60874
44882
90029
41810
56066
89118
71865
88782
78892
50318
28473
89785
27664
17724
46064
63604
56065
4236
57199
62224
92493
20046
97871
29351
91406
67630
12425
22324
70999
99554
35093
31873
60788
41475
73683
33207
30593
61900
21989
9486
12218
66814
15623
56234
84539
78040
36190
40604
82276
93389
19180
74769
29787
33403
4121
21194
1033
16546
43518
88384
32452
94963
20257
9593
36438
10293
42800
83384
72193
81141
9222
84412
64307
24845
56998
48846
19237
9541
5802
1514
2930
24982
76283
49070
58385
96756
70264
75770
29654
30134
80506
62107
25097
764
88052
77888
11057
47204
61272
99602
28345
70494
366
9004
11691
57365
57851
30929
66906
80005
48795
86188
21340
41430
35258
96077
38187
21874
88200
67841
52008
68706
46300
77106
85822
50704
54994
13231
97908
32618
12834
42605
19464
13200
51610
31155
70565
25813
78436
53823
5818
27231
56364
43510
68662
7974
39588
23201
29849
27788
7394
81857
12846
70047
75315
98669
20751
46661
11900
18660
79279
24734
77617
15095
37935
29227
46251
24852
71392
41039
95028
93563
84623
51392
37073
69637
59366
76661
92838
5567
20801
16584
3777
33648
86631
79092
32317
7383
42106
60569
42395
37737
1656
20012
52833
39591
65592
15436
80795
36984
56475
75823
30547
57450
43567
83973
27087
2934
60634
36277
8501
97788
52862
12278
31436
39493
7723
80105
46876
49829
57026
5623
3918
58682
25636
56751
14625
7580
72187
95421
44564
45015
87596
91464
2465
31164
75437
29553
34098
52423
65830
58951
66563
18692
87582
14351
74538
11657
94456
37766
77838
67835
43390
81756
26517
85378
38508
57495
92958
10695
52916
53874
55710
40512
45338
74528
71676
37127
4081
22126
5903
86263
97430
72466
21308
1364
86818
95846
13021
97626
49964
90859
65461
93354
72615
8331
78732
27475
65826
71690
54523
35094
25565
26585
75606
87255
1113
63635
40735
21546
2113
46638
24162
99543
19104
45470
907
5922
57668
30280
19901
7632
37491
85362
17339
26459
10045
96071
53934
75871
84114
8457
27317
26031
51395
2924
13286
52508
82911
54021
90407
85024
659
14569
920
36116
60039
18179
58390
34059
48460
78291
58043
2303
80006
75382
28762
6403
71454
82697
98627
71920
7506
25944
97951
75253
45220
27589
27762
28131
81611
34521
29508
98622
49090
30428
51090
25481
64959
9481
59540
29771
4124
33935
32075
482
9318
60837
6886
97124
59886
5513
69044
83745
31457
83347
58998
76678
10936
86760
21161
92547
37633
50669
7522
86723
97449
58612
12204
62409
84445
88096
92180
88570
22032
40607
89052
31350
1445
12290
44826
61331
17803
30222
61428
65613
13569
20427
58643
24505
23539
79804
33405
61173
46826
40927
47896
44275
15891
76453
23036
337
64549
15217
88907
2933
55824
94311
50635
73621
6602
95461
51305
40757
25683
12733
6370
39252
33160
65013
80110
73052
44818
13515
34225
91644
54442
98473
52271
86685
74926
75308
87022
55828
6877
92281
58761
79053
2945
25749
52675
9547
21210
20332
50304
63246
33065
73027
18850
82578
38040
98960
55630
99210
28827
89855
7206
83269
4680
59478
86307
79607
51138
73329
35435
58015
81963
10548
37068
84908
36297
6095
94455
73860
26427
61111
53458
59493
34138
72308
58423
72179
87621
14053
87741
16448
20260
94948
16070
24940
70778
2377
20899
21916
92058
72686
96283
74021
99587
49703
58929
35884
55799
53384
26096
82226
30848
79554
58071
64986
68215
16494
53517
55836
46899
57611
88636
83511
52559
4706
24804
39689
23435
45703
77957
15494
34742
74240
89515
34329
40295
48445
86565
96094
18181
12662
94673
65381
8568
69096
30368
93135
1943
237
48971
48842
57848
53960
48706
26759
75018
73510
66448
98454
35565
60757
30300
86659
51349
19815
20988
91645
84612
23906
4091
19146
52920
98764
84527
77840
67861
31247
70976
86156
31485
36299
51350
89333
90259
56
32445
65278
89918
15245
80084
41836
76003
10384
44847
27352
46551
82188
35349
31164
6094
39441
66662
59014
54557
51189
36854
38770
98789
24182
24926
30274
60482
76277
35959
50741
92685
68404
32371
82604
83650
12455
40792
76005
39191
85639
3357
85743
67827
55059
33259
73921
94500
99921
49287
49057
67462
2494
87828
66251
26676
12754
12877
87158
5383
65189
54252
98069
49945
2975
80673
49947
15431
37817
25952
54622
23456
45662
56717
91284
721
89976
81557
95221
6249
47197
60630
73712
66043
48458
56315
92719
77565
69193
96230
82948
50734
66834
81017
679
69809
78042
50627
1592
15859
92931
72567
39316
38593
29284
46952
39314
35613
44861
50887
41862
92058
11518
15574
58101
76328
88242
67173
70245
73787
79755
53194
24521
46589
34211
25200
32750
28606
92179
34343
44465
85111
23262
83781
40056
52546
47085
95723
88159
91947
46610
30022
357
74480
61948
74811
67161
50190
41984
37406
23977
38091
90600
48498
84680
41164
90051
33782
69770
98582
84477
30587
83693
7739
30721
40102
76638
77806
35825
64797
86105
98787
11171
86463
73268
89472
61274
56781
39662
19610
94187
79992
57701
1140
44842
58733
58656
34893
92515
44778
33476
76993
75365
33521
84732
6086
73623
77722
245
25800
58872
86350
24588
70043
72813
97856
75867
50439
70989
15530
70049
81528
11874
27750
99020
56716
86483
57676
91610
78999
18806
41438
72344
10524
91311
73428
16610
81287
51151
33207
7087
10023
19558
31675
96418
8723
45883
72286
59163
16872
4168
45564
14753
16042
73315
13773
72758
76150
71450
80720
71501
6608
38510
43845
17132
29822
33626
50095
11109
1129
83302
34548
11152
19212
82576
23922
44288
28459
12560
19803
61684
16728
65367
76437
49122
55034
90210
38233
31185
78012
18953
2686
973
57464
62884
18105
3638
12862
68200
31099
13991
67855
65647
41495
3419
48223
65417
47707
93035
94330
67510
71071
27410
32878
63860
76533
87912
70422
14766
35449
64787
50071
54488
65760
23887
17372
83865
27525
30234
68418
58624
44225
52625
40624
85720
56044
5199
67489
3752
98234
61819
71262
85657
89230
20492
49517
82115
24757
36292
13233
60206
1079
79656
14694
66839
3544
48418
67056
31069
95004
51826
6046
39229
4451
63022
41301
60496
68221
25143
80600
82808
3314
51862
68465
92544
88707
34335
91011
29816
70627
4244
90022
71706
83901
21069
54897
87445
85839
21953
34866
80844
73780
57264
36425
78231
20286
94079
55079
4860
19222
35679
87668
22536
3894
56133
31433
8953
90468
22444
38769
77447
43041
45143
49153
26942
66212
4050
30739
68404
42356
81957
49248
16136
55574
85673
10719
92212
96104
65799
97072
15326
17830
84740
54215
21724
57226
85648
30677
47694
24444
69446
41494
67485
14590
90647
10779
97154
11050
57870
65558
53406
39828
31158
69542
11754
33184
96613
3966
29288
62412
1039
44615
96595
2131
15182
18319
59357
830
65349
23404
41626
51147
64898
9112
82089
55545
19891
79244
82947
94114
61154
36353
33942
92313
22247
62048
25497
18861
66014
54785
97625
83405
15752
94220
85537
30934
28892
44894
48116
10593
84650
89743
61740
49548
98855
43830
21446
35098
39426
4393
29212
580
40747
79506
9245
62994
41554
51094
98207
23921
22232
95833
7326
37984
6405
9215
85271
35297
70462
33387
45890
55112
23130
7631
4661
38337
67813
42459
89788
7239
46852
35352
24171
3951
31211
49769
83298
89117
863
97857
13038
23095
93690
36717
77432
96
45932
62703
51745
32746
96090
97636
87859
19221
21619
8872
73910
5784
67683
63698
13023
30887
15403
53546
34839
46614
19667
34489
35731
20531
32346
65122
59978
42389
1839
37410
58837
64123
113
10582
96870
96204
24570
1081
31777
46189
26305
5687
51973
93988
85738
81348
24875
1141
51247
76066
64107
70914
26907
99838
7797
59254
81312
67776
17995
83151
5186
76832
63627
5300
3766
76849
1504
28337
77930
49633
74526
4235
55320
42852
14575
57410
40552
39450
74903
91799
15517
39010
79066
42424
55201
86863
18030
36513
54639
52377
36017
59826
29209
15996
65126
32976
92845
82982
61313
70775
32615
52191
91362
4287
11395
5937
78050
51948
61739
52953
60099
93608
8316
55517
52385
79869
42381
70415
32734
97020
22793
85103
73198
68354
1099
54676
17682
93944
54010
95347
81071
2977
47539
88785
23617
75286
94722
1667
43586
72814
70972
20038
66422
95640
75555
18807
91861
17936
5575
24596
31309
44720
9699
20859
13074
10799
75536
47109
4743
29546
42456
2167
48876
6347
90952
72493
81634
2027
74160
41572
74841
61484
61610
57615
73477
37166
92775
65338
71454
98350
89934
2763
59422
99634
39975
88848
26785
15511
35957
47880
61409
78414
50047
10285
84761
41000
99130
82747
43027
89642
24320
34220
51127
85930
91835
40956
39448
84610
6294
10903
99312
96229
30018
58734
12215
69993
47583
55352
1856
83540
3232
63266
78306
53280
89903
79420
10632
5386
62167
70011
95028
2839
4231
62507
5122
96066
3463
44570
97029
9758
55473
96341
22339
85492
55076
34554
71837
19011
6258
73694
18903
9490
53312
97210
79122
43215
76630
6106
64953
55149
76117
59982
57989
80348
22489
63111
92767
42305
24033
89796
52063
79507
2489
74402
81351
73917
25308
53188
92928
31566
26882
11832
57408
80194
25394
52883
39762
18376
58989
4715
73525
35107
81049
47866
15455
3539
27329
24574
62196
51363
14370
14259
47222
33212
5013
28573
7129
46673
98113
58
94591
24996
28242
51999
21542
53636
4882
77656
88364
63872
82372
61889
15331
63421
26108
47138
83312
69789
71713
45508
37504
2435
76119
84726
35647
97484
29651
42777
44157
44117
59187
38748
69113
87429
90748
7007
57417
11982
84664
45781
92206
67036
24022
7537
46809
66482
54676
46474
36272
42741
8334
90128
45176
84454
91207
80824
98290
37210
23601
42448
81327
99140
81196
66792
86569
88296
73800
60338
16631
58464
22471
8837
41852
62845
32727
5013
29328
3755
51487
81952
46496
76174
72080
91672
76980
79639
72496
75270
16850
12449
17718
98177
11589
15267
64970
14510
19915
38770
91200
36546
13586
13671
61736
55438
76517
94463
76803
22197
14570
44643
4149
61066
20817
92581
69090
97797
72221
41587
73067
5423
70388
7138
19952
98330
38757
84922
29192
58672
40044
20393
95219
69982
50416
73307
41772
26933
84122
18576
65482
98692
63219
69631
76110
388
78565
45200
98185
67138
86787
87604
72561
73528
11094
92513
88210
49851
93788
17402
8524
33832
54147
20095
20167
4564
93402
61939
47849
77524
80515
13332
92568
60086
99315
68678
60474
77880
13878
75011
45018
17018
62616
33931
6898
90062
26445
95108
39914
20233
28862
64790
70417
83010
84885
6936
3926
94639
68876
51775
88515
65743
81459
81083
25830
80775
66113
2656
58655
79991
77668
20026
13361
56636
53957
20259
46698
80402
31719
2964
16987
60582
67754
3757
43592
68991
10693
47518
63630
79569
15645
68497
61665
97105
65932
3847
77880
32045
6503
52887
28389
84171
72913
41750
57159
26871
78362
3858
23625
10081
6822
56965
70663
90929
60722
30607
59920
87767
78125
39903
83689
10123
8400
45354
7228
74333
49201
1460
6378
55704
54347
51119
56228
27261
92870
13387
70484
87584
33597
94109
97665
56772
51074
68329
47701
28148
15288
23973
15916
9766
63876
99605
19889
88629
61311
43469
62962
10512
44929
85692
82568
99276
53164
38796
42889
62386
68536
13373
49970
18485
7483
47635
75257
74909
32316
39310
19410
47605
79636
35326
57371
43512
51283
93612
48493
12594
37081
27807
23106
82010
29852
22026
81286
83016
77175
40528
45402
45711
53901
95372
80548
77736
59359
55806
68998
8028
11468
88408
55633
91104
23734
29356
34617
91369
22968
99462
3963
76401
27270
43421
58411
57122
65447
56049
56490
42622
96577
18244
4685
50479
13616
85234
44567
89327
57392
13565
97355
68860
1973
69340
59965
42059
15048
10934
33428
38016
10396
37391
14417
54018
97164
89180
27492
62612
45230
83982
21586
58159
2226
42624
8638
32194
44210
69558
37874
17954
83123
35229
86814
1449
20922
63131
43508
35970
74065
76937
90339
814
30680
21108
54832
44197
10289
82325
6809
71871
82659
44747
30030
1238
3723
55021
33432
64285
24579
87658
82239
7702
39240
69054
25503
60162
32185
69012
96132
22603
62301
86471
23417
9333
7580
94601
53530
34221
93278
76691
6092
75938
37791
36122
93528
41514
91143
43312
22152
15722
30971
4391
39777
70211
89797
65280
30373
38335
50644
42857
60938
12945
45681
707
38631
53261
11660
92161
3834
4939
85205
9926
97229
22996
46048
90757
80862
53544
34069
3014
69266
65040
23758
25395
51603
13555
90676
81976
51890
41320
41186
29180
70618
86867
46239
9249
56480
57900
17762
60314
79191
2967
86592
76420
42315
48992
67177
23178
2536
17598
26192
88155
98991
49950
13550
50594
79858
20578
48923
48100
78251
90109
93633
65221
76976
39872
90822
49808
14124
8584
10122
93315
27904
96714
69735
70219
45706
53264
93397
64595
70863
35942
52750
86206
2244
82652
36800
82102
3231
2075
30203
97834
92184
23836
63055
85512
80060
53877
35320
94185
62461
61794
87500
6717
74860
73588
76937
20567
26852
86686
1514
14067
22628
54264
273
41225
36916
53426
23327
56499
55501
69882
54333
64038
10070
17388
49550
90131
71265
1223
84316
50079
79369
88168
73148
54230
61756
50085
91149
4961
53124
92663
35380
92104
46927
35654
33329
195
5432
73009
56695
60933
42891
27380
24971
52962
44769
90874
59445
32386
92097
60113
98817
71466
48281
71966
42048
26390
38403
33197
47703
91527
25860
83083
99984
89139
35089
33313
5687
40521
22674
62382
1455
81918
89762
42778
34880
50883
33652
10677
83270
42101
70790
82087
29920
19071
70405
71968
61813
8809
5166
9516
16688
47378
8952
16672
52870
44041
66338
58557
915
89012
37291
18722
70930
27053
61500
22162
94289
11505
32839
93911
53606
19981
92350
83526
39053
62756
71847
17218
87917
77013
43087
4605
40743
52039
21278
93613
12432
87616
68522
29699
92980
5813
48421
63911
49219
9922
2425
43508
21427
51617
37419
91385
71598
46121
74912
27003
8877
46759
44222
96794
40124
3661
1400
97219
55700
39030
7185
84484
42998
75707
14184
52330
97873
78957
32593
47092
5231
35019
6952
43010
86636
60723
34396
58234
6844
25660
85238
15722
88771
45812
28868
45247
49473
46620
42466
21525
2002
66003
22361
45000
58063
52897
97331
55936
31855
29924
19380
37086
81295
26332
96449
67931
3407
30845
42518
10251
56505
27756
42325
45276
89920
87546
6875
39393
34166
49341
77270
36169
15345
99631
97521
73408
52529
94852
45696
84384
41129
65076
37822
22424
7760
34271
6708
11167
81468
49226
37770
37973
93334
80096
99601
99606
67642
6476
38999
18160
72170
16269
54329
3867
32252
68203
93627
84781
79407
39323
85517
20536
4399
39692
59313
28511
90315
82373
39678
71784
47951
93800
26109
57637
73896
42063
57243
57890
64891
12594
92403
37061
45215
63084
57280
77467
31287
50907
78601
10695
90230
64118
47583
10981
20162
6896
55844
10478
5621
95522
82262
53572
89323
24723
27561
79571
66786
84804
53814
31678
13750
46217
85091
58965
9301
42372
52785
56941
93279
31386
67636
99862
11856
15219
27195
32019
38468
83040
58849
44089
94914
41111
14014
589
65834
41575
96513
48973
42732
50327
80651
72834
12896
65742
31800
38549
24466
937
95490
34098
48675
79478
33960
60531
94698
77507
8902
49518
60547
67751
9959
71814
25214
23973
72403
7401
81901
68916
56374
40985
35595
37025
13819
64843
19119
61971
19745
43586
79260
31587
94036
27935
11066
27996
4819
22116
5503
30073
71634
82403
14177
97945
54217
39391
38271
42972
46792
36524
28241
3166
77509
63836
56543
7680
45032
92015
86004
64777
35601
65264
96364
29637
93200
23782
73985
14371
45898
95840
44444
33884
94595
58621
48182
48812
14365
86453
8137
61157
22977
36378
80676
16838
16566
37219
24518
61598
45586
10522
42727
81187
75787
39092
27176
85339
79226
17513
16062
41477
29706
60506
91713
24301
35480
39895
89466
49845
26348
97603
27354
65677
50333
24382
82515
66899
77954
7034
28498
23540
17556
71225
21080
9695
26669
48256
11386
22248
82122
27448
63725
11828
4307
55438
52481
39787
11686
41947
5984
54386
55902
49690
20064
6235
74073
2579
73135
52027
9613
17985
75567
43522
5562
96647
69569
48584
61256
80956
70832
59730
24756
50909
87910
29063
22699
40391
85202
34385
98691
7538
88772
54593
57229
25188
60829
47654
27767
50316
99681
53733
84653
91600
13607
90215
4600
83176
55151
82208
80484
25983
41938
21593
93244
46200
50656
15944
86591
52211
66681
85282
59749
71805
39876
33330
96993
17057
80984
41113
83725
97017
94846
68378
88618
24805
74945
9570
24333
30097
8130
4818
72432
50068
26411
65677
12620
93419
97973
99211
61982
81006
846
21732
52812
57074
55062
66157
74131
52399
23622
74208
49416
34820
42586
54386
59625
17531
80308
83959
63980
88438
5129
36413
38506
47892
18442
51126
41311
16415
66690
19646
13773
67536
41378
82937
24610
12792
65447
15093
65191
89069
5653
30960
23890
48239
85346
83515
82122
65655
67474
62455
54093
88955
98868
8952
36847
33662
76430
94511
66429
59472
14157
80202
27008
55535
63140
67970
84679
28587
99415
49871
17656
5068
97183
57898
69659
82529
57766
68134
64536
25240
30589
34982
30548
45809
43934
67395
79471
36716
61906
45900
96189
76063
26102
39549
47950
5594
23872
32630
34181
39639
98853
68190
61060
96036
42440
47071
94917
206
15205
75806
41799
62146
10788
72347
7955
71074
39742
87426
24142
18001
33326
36683
94064
75781
92585
58367
81375
16457
7349
31909
72448
6202
16451
33508
18590
58891
80580
29859
75450
12137
5665
17249
74284
32805
89596
82239
3879
45690
86018
44374
63691
35696
81057
57756
27829
73642
32475
9205
6451
39824
57466
78900
62378
90269
28760
97320
65512
25692
27179
40962
37830
49197
58211
12114
82002
47807
10705
2234
93498
13075
46608
73541
48772
44017
31297
76601
17660
80124
2158
24111
19948
59624
3011
82326
66245
48124
79646
31758
73816
23178
72720
11646
88727
30932
40112
87081
95091
67170
5667
4941
80245
52275
78483
29017
12645
26132
21971
30305
6257
24129
54416
42557
106
73780
24884
66351
21904
20882
14461
95720
60412
87182
23719
65491
34466
80183
52573
29557
47353
58240
34499
27599
26868
29334
72968
39513
55466
94939
69818
78075
35421
40586
20633
51879
14366
61869
34582
52622
99103
49044
64695
75868
36226
4766
41359
70692
84949
93932
16601
32303
52173
67452
76254
95393
96786
49222
34906
68605
60514
21076
46680
12287
61662
67313
64166
92381
45534
98748
61355
44638
47792
26050
20506
370
30816
61865
71062
32118
72150
4016
80773
24323
71468
57027
19716
68255
22601
70974
36860
99467
92050
99892
11754
70064
83558
92272
78797
29092
91021
40153
90082
55165
66203
10588
55536
13372
88806
42950
61842
60956
46966
42615
1631
18435
15994
37699
3042
38595
25025
56254
54415
33427
56146
82521
3491
39704
74794
82289
85149
65815
22442
75231
20980
4997
2172
92868
34721
7330
35819
96563
84638
82785
55530
86269
17572
71524
40320
20614
26472
65345
76868
80887
98772
49367
63408
18615
5423
54554
904
90572
20369
39698
82156
57702
61048
680
50570
12121
8010
2741
8685
92648
85527
80567
95269
19451
52092
51941
40066
78564
17286
33286
75803
32410
82653
55563
51025
88077
10118
68282
78649
46839
24332
77157
20893
85380
77837
71464
97502
2199
90557
22539
11199
92436
3106
6468
11888
71550
58409
51954
66466
92047
85240
42269
40809
84246
14185
91835
72323
24303
76469
67324
87494
801
44482
8388
2534
38671
79852
16388
40871
86761
38927
52070
79198
58385
74891
91086
29936
49652
59392
96402
58052
60984
55024
98861
45230
69209
7048
17553
9864
83517
1230
97358
84319
45712
5746
3205
84383
1950
19593
41606
88712
58520
93677
84262
33257
68568
91700
79545
34572
51092
92300
92624
28428
63676
91486
73659
32885
98534
7564
59101
82052
8794
72811
82723
54506
78558
85928
55242
96860
21873
96848
1924
96745
6877
86186
30002
91797
77886
25900
26370
45330
18200
18994
73759
81876
26832
47418
31113
25367
71334
6566
23771
80129
79377
22846
50987
74287
25126
22581
71148
46999
35782
89424
43744
42659
75611
90098
50809
69849
15998
77179
15180
50550
12525
5291
32426
55710
69061
79891
81077
40395
86457
21200
20524
65835
60398
87864
40122
85524
10445
27622
48875
46227
17047
8971
5239
9010
99069
56048
78859
31420
49579
10391
81970
78456
32034
30749
34166
1095
10640
31595
41491
13450
52795
78367
79285
13193
66231
35759
15069
93029
63382
63944
39256
96781
72915
60847
5791
88337
16895
1002
19757
82826
27746
18079
61283
59780
48828
95449
77228
75821
43397
35071
89271
12544
13438
84908
25738
96022
20667
57159
89051
401
21104
44659
97182
10371
5507
19325
15060
38754
36680
34817
21581
64426
69249
99216
40558
34429
11017
34138
26602
54414
69209
15873
66959
82648
17133
9049
95022
37801
66208
84073
54554
3664
45084
68089
30388
50591
3766
45448
5698
40446
96618
27279
21224
65867
42847
61783
16648
53864
12273
43251
8279
81483
75476
91590
64131
92610
639
59153
46763
83199
59578
17669
3216
4662
85758
49956
71606
89525
95404
77304
46323
8374
4583
67548
74241
47430
45683
7242
17646
57956
66845
25925
39439
42321
33867
19922
51283
50858
79075
14398
50410
55005
32068
53626
59668
34178
3582
31274
40055
15338
8578
86379
23713
29513
53927
14306
93295
15962
21548
10941
73918
4745
53219
29710
47067
87086
49632
14702
37945
45060
45453
4707
65
77521
58333
76085
28051
78267
23711
68107
9957
32289
70838
33670
78154
41117
64329
71449
57079
85877
98743
47349
6975
51962
77059
70394
55400
26692
85096
9697
71752
30549
14404
88169
24422
89089
64255
68826
83708
87966
53285
93666
36608
24123
43688
31114
65240
8017
18916
38671
10247
17659
86020
17222
85973
63080
87616
57725
6124
72712
83775
94228
19614
98179
98749
60388
3621
63004
45566
87329
67323
98851
97347
20283
22974
41036
51397
4566
49053
86665
43237
59300
4324
45610
76522
6649
25042
64138
64375
31166
53203
48150
41746
89169
62681
40495
65909
82654
3500
11476
86336
87175
10327
83683
23810
49654
24719
91559
70572
90125
78225
30162
49425
98901
75772
25948
21903
814
6438
86278
48332
75993
50780
90078
65162
29813
30573
31072
28820
50425
58900
15156
53952
69227
98839
77762
35233
39911
85674
22158
30036
80251
52320
79461
79152
44444
21761
1055
45258
28200
3685
9942
4193
70817
20
85708
16983
46945
33132
45803
97371
92032
60959
51323
77611
76150
45438
12845
16061
47464
35003
46097
27715
3675
41911
23219
48119
63672
40627
9729
8224
44312
19671
28770
31482
36043
30830
48465
82988
63962
10620
96711
55994
87931
64387
33605
64081
9825
62802
80143
73641
14157
42592
17708
17832
84503
40927
65951
64528
81554
75680
89104
42219
11703
34226
90053
47746
65056
54870
47087
45370
65490
43798
17716
53421
8185
51322
17502
34362
30476
13997
8003
44634
72942
25711
78818
73797
82991
61122
54677
64545
36802
43782
23116
64858
94360
13169
12604
75769
68039
59691
21139
49881
19842
55208
3302
28027
22882
37157
62390
53358
67506
86745
14344
40448
12457
93163
30598
95448
54285
85275
76345
7439
45409
99462
88649
39770
28983
1254
31891
13375
77297
69382
63256
13491
24590
82911
41519
47472
20068
20261
17183
3926
7006
31527
60727
35815
41042
91325
47615
11679
76600
40313
19119
22010
39775
24120
78132
85110
25374
10023
98485
19024
79405
61742
32515
3996
44653
90386
67820
81073
10647
85003
84999
34006
16531
62078
69821
73925
53403
17437
85605
46356
74102
21076
68366
13877
45196
62850
15339
86923
72873
13825
22299
52278
91919
71166
72626
36572
61553
40447
33997
88552
41802
35348
22558
74685
97427
92380
48611
67182
26169
34216
13538
16623
71644
98256
46852
33192
61106
62191
20115
33979
76016
42414
2610
84287
29933
91588
20859
91486
32035
71208
96390
90190
6557
18949
64875
20336
27681
13486
87518
70202
64054
1057
86825
35698
99313
33677
68891
60420
95868
5358
10751
88237
64125
13361
72524
94058
4950
9736
1896
53337
97296
98286
43527
3853
17235
8403
24189
61268
21889
28060
31470
2296
29117
18295
54346
44782
68324
23237
21554
80545
44948
32306
85134
9073
45667
74010
19483
66969
83746
21379
20307
97395
19665
63834
1248
53253
88589
41790
14521
10479
69850
45992
29127
15319
80639
83473
60101
65316
23063
81656
45861
68011
30314
30995
93436
75981
5005
12919
42951
5104
34298
63258
2499
70315
43444
20099
23568
32034
78241
38090
58865
48091
434
87992
79762
97425
71465
56216
62741
94528
54224
8602
78891
84538
55949
72327
60519
77307
85246
19822
82411
35896
99432
1262
6212
42877
21361
29780
91263
99603
84222
66480
64046
84656
54472
60161
82082
42289
16377
61175
53170
70601
86130
32061
55139
42079
4389
32010
19386
5987
51833
18149
41884
67617
35763
48096
26846
73477
94228
18109
73080
78451
941
53478
79459
55413
13639
77893
14055
46368
39069
83577
16969
25199
15638
88460
83630
36379
36823
19369
58719
5008
53870
603
72625
89634
65051
99472
63111
59279
33933
52543
54082
34875
22373
33542
6640
36013
11435
20695
98733
66856
4272
32055
92055
36263
20515
75686
88994
73690
11407
47713
78698
65277
64668
51324
54911
29719
67148
18022
5351
1081
86917
59433
52308
9291
9327
58949
61656
37115
95996
60389
3971
16621
92444
96027
69236
29312
88065
58230
3002
99472
5944
98053
64749
70612
65729
36013
16684
32877
70387
22035
50310
57305
97820
2619
66596
7148
77920
28252
44263
73916
88641
48234
6889
97438
60613
76125
26750
65030
34356
46104
64502
56652
44157
45604
27264
9886
97969
60300
59115
68356
82335
9426
25661
80156
28397
92257
3656
6317
36861
64271
96585
25503
28857
19827
22941
89471
95952
66043
54501
46660
28499
35356
3312
89009
97312
46929
15247
95281
7229
74363
63637
5917
141
5651
86073
44890
97908
6081
67559
34770
70352
80496
76625
99209
323
15918
5032
96276
98313
59534
59288
26812
11242
78953
32173
8554
25882
47421
3835
49463
38136
83824
55380
54629
89475
57805
99519
3736
63886
67078
38506
50590
47574
31483
49800
64250
63753
71184
76878
62066
30718
36166
5230
58312
15119
37404
66866
57353
1177
87053
23169
55665
70878
78549
10294
60353
52707
26165
64089
32945
93243
18947
83536
57169
66782
49688
37771
30535
20872
14649
8953
67943
67168
14184
26255
82287
67940
93122
55993
69117
80175
79162
24782
67405
74063
51428
44111
26770
77593
24552
59716
87188
43500
59604
60709
26634
9292
98481
57170
46516
13130
82475
14459
80298
96659
40715
78938
64599
50189
51283
50068
46716
30445
91202
30474
4508
58982
74585
47631
36575
99137
23699
23763
58989
83303
825
85624
8947
99306
59146
55463
28788
41621
86275
25439
54633
43342
4377
35584
93531
55660
85653
56599
2457
93207
87073
23317
52190
78010
70948
5117
77148
94647
45233
36137
94302
46058
38113
3249
45364
13611
75065
90504
71585
61340
15943
26218
4682
20320
61802
14565
92332
63807
87516
11141
57015
90942
34459
25557
68952
5407
30674
62452
16407
92259
14942
10709
38317
53055
30311
33
83019
5376
90538
54604
83068
6481
80822
4102
43154
42624
35019
35486
22784
22535
46628
96151
29829
97439
21708
98782
2846
68734
77586
35605
60994
92528
62667
15663
61936
9330
15697
44955
14706
22587
99559
14126
29068
96733
18228
72222
55709
53247
24061
78493
92134
87041
74644
38316
84480
12704
37098
3678
81439
31036
39284
58785
23565
18303
90800
85501
27633
6497
46808
58691
29084
46367
72817
74505
59452
7397
46727
15161
76996
87140
93655
69130
74181
84651
7446
58661
97356
60896
62340
95147
91933
17976
53932
31850
36279
44732
17351
63912
67582
64159
22603
13018
26878
11772
87523
86330
19169
50603
1491
96165
37743
11498
81647
11925
96150
5446
70586
93506
82694
49278
88653
74627
67254
58937
22829
19885
20021
40180
83797
3955
20691
22752
16974
63921
34524
20849
50251
53693
71452
68095
66210
9196
79593
47858
37473
92095
53304
24411
1953
35998
73690
90606
26978
57296
65895
49807
77182
85917
6340
77331
89872
43383
84
23198
7305
50960
44048
73908
21006
31852
58355
87216
57400
54301
35074
94873
46396
4730
35637
48350
40729
9327
55308
84059
82975
21204
50218
76509
23473
72910
53841
29697
16294
70277
69248
39951
37589
13296
30211
58595
45148
88567
45812
2549
42868
80886
13774
5616
1969
49411
70318
59050
75090
25627
43109
74418
63183
9679
50927
3008
82590
21120
49057
15236
7749
18305
71539
45339
31601
18102
3934
93102
6669
49746
12003
65889
46985
42129
87858
48954
91541
58176
8004
82983
155
67465
57401
79690
93496
8329
82698
92438
29449
31756
7674
37199
66413
95565
82538
98015
13668
2824
7469
36689
52571
35824
18931
15908
77953
6789
64862
85846
81317
89218
68830
81473
73035
26231
61163
66531
50912
60214
58970
80362
8322
82996
33913
74735
78562
32803
89102
8582
35627
96571
45271
4550
48747
64202
20458
43053
87343
1672
28899
68661
90890
14081
50134
80277
40313
27649
63161
91225
87863
38483
87939
96185
21479
38204
70921
16393
71007
76375
41327
22987
72947
86599
27537
38046
67153
64348
81099
54497
66020
26351
23158
73263
40432
89644
53540
97097
17293
33053
4675
21509
71536
8966
34046
9368
47171
4967
42113
34530
81343
83441
73869
70642
86392
1407
25040
53545
82107
22492
24394
48127
65195
47552
21390
21979
53548
91283
19077
70842
40688
40104
8703
12225
49070
42749
37945
12593
64069
80058
63476
61764
79851
37345
48758
66243
55104
73798
36141
37211
96290
60535
85339
77837
24440
23081
99817
77988
30716
35246
65182
71405
75350
73885
99982
40772
16635
37927
53366
97056
34337
16842
58820
14189
54187
7578
80432
25644
81376
32925
62855
94019
93461
64546
71856
34253
3980
88025
28593
34696
23271
93776
22453
98621
84013
38787
55746
17000
93066
9112
14056
27404
42306
72876
57945
12845
96806
54729
38489
78183
87655
17697
88554
97468
82243
76762
31721
86223
64788
60314
37272
88059
70442
76077
3033
54456
14865
58779
71456
7931
84243
1865
51687
26549
91093
25984
55746
87900
80714
94236
82435
68369
11933
70989
82189
10528
64103
13910
96752
28891
74224
34024
16951
44667
10101
36336
15475
41318
95115
3283
65602
79358
5148
17289
22259
12594
43274
78005
494
40340
72241
82929
25061
526
70270
7250
11055
34373
21160
24159
63265
11736
74535
96568
72755
988
49256
88230
42307
44371
91514
7909
23729
13014
41550
62340
25608
1176
40345
26102
41516
28939
25383
82929
29465
95653
90179
56872
46379
27691
81031
25996
39428
55566
22564
12183
56555
71820
16766
98862
32543
8280
23123
72624
37646
81025
34964
63255
82202
75309
5709
40070
4248
47445
23000
50066
43098
29531
6938
5829
57223
4322
31825
13003
59888
70741
41538
32795
42561
58304
48009
91456
82936
71132
64080
20583
52158
99044
190
50712
90706
5899
7134
11306
53344
46486
61372
12795
76018
84663
34976
49593
88985
66802
62596
48873
37543
4134
81669
96457
78791
46030
87913
61727
17163
51994
82310
85673
67390
98852
52737
58096
4752
59871
69403
74448
6358
47127
3595
98728
31790
38572
48321
20775
5374
27269
86001
59269
47755
84022
55726
26546
30052
43640
4626
63567
95634
3288
49240
79376
2141
18329
53825
6893
78201
23228
97693
911
86707
17641
99639
18498
56213
64312
55625
77939
7933
41626
37208
55688
25648
92935
98587
55701
52927
3213
35620
64913
6501
84861
44289
8642
3190
98114
31887
97743
37694
45933
15006
24402
63574
30997
59252
36139
95309
14877
30430
19594
56504
83990
75283
98504
93277
73870
70557
46204
93435
6178
11117
99936
7391
71759
24931
26933
69873
56818
24677
23920
2751
56035
48322
82677
87033
7574
35168
98694
38803
65598
18289
95307
49589
9924
93812
42866
83794
80721
5423
93581
86899
32892
93517
94290
4651
18448
21224
90877
91619
62253
14797
10722
18288
79471
93400
21673
3397
44920
20368
42200
10519
55009
53860
76460
64933
64024
35678
65079
44745
41101
58660
31645
73994
68529
42287
94997
3330
63511
85874
94949
42116
17023
22023
76757
96494
31775
98430
16243
76696
35150
74796
87215
6511
28656
80027
71444
92680
15705
52875
53777
56807
27887
85422
47153
96417
44062
42150
99747
7573
28025
11048
66042
61400
33071
42799
57895
64847
57581
90490
41543
92732
65286
45110
15595
10294
25137
87040
19326
40842
56267
73104
14001
84155
74878
77506
96924
18940
36009
13023
42866
80386
40423
8908
41786
73494
68059
16033
54693
25640
6524
12588
34724
88162
57698
50320
14809
99187
53712
34135
56382
26331
23591
86735
26838
98470
64242
23762
33762
251
53137
76628
80637
93560
1888
38775
83407
69947
54809
54452
11940
77685
67041
46664
65847
41091
13336
80656
40279
67048
31144
13013
93380
71087
99748
36570
85909
80342
60333
19672
96945
29822
12652
93934
39735
30893
32710
39494
17192
3871
93946
29132
81556
77339
92149
47403
18431
21837
44412
75062
88886
91908
88075
98618
62995
4175
35188
48905
84518
11873
84929
97815
58048
97581
91750
97783
44826
40812
37277
62019
44683
47575
7503
26239
24915
99652
89994
59698
21490
50758
34760
26728
42666
39187
41698
22014
59714
93238
70919
60584
21464
72200
58400
79512
86133
66502
93647
30960
7314
47276
92979
68349
94851
482
94588
36118
16487
934
95816
54329
51693
30576
97409
10711
86115
55459
32725
45830
48697
19996
6414
86513
92196
81166
66025
78330
47668
59672
9290
54982
6948
18621
39683
18152
35455
34271
54270
68294
51558
50087
38975
3251
97015
36384
13962
99483
91843
63040
45313
56893
83036
68079
43406
91585
49246
25784
69915
96914
1808
95557
68249
8757
14178
7932
43261
65985
58556
97531
34280
10114
47618
73255
13365
60986
25992
43679
60469
17835
6719
22134
91080
6108
90213
34487
97693
39459
76623
83960
52726
78431
79517
20975
3540
10047
45259
46801
92384
20167
44333
26664
30281
8303
16272
59998
85641
42264
20030
46110
76451
43101
68244
83884
49209
74810
34723
63254
30621
11346
47214
83347
89777
43083
20674
93318
69482
82286
40119
61867
2453
804
4883
32735
25460
21155
9085
11101
79771
29115
57212
56223
72217
41808
56459
37778
16618
91182
17385
47240
2528
80951
46939
92305
24035
67614
1975
9869
66252
42095
71736
68705
59251
76620
1440
84711
14127
26878
95813
93899
55993
69377
66474
44562
27537
22933
82341
60508
14115
16078
24100
32995
97029
71039
25300
37416
55005
27276
47286
21257
85723
35374
89963
61326
28346
7755
46038
42474
34633
58203
52725
6979
43932
35551
51541
71469
74836
50234
31977
5303
66312
56077
38298
63342
27117
79950
758
98474
23578
64396
19732
25653
99771
26047
86980
28117
50154
49370
86943
84788
7573
56020
91767
51505
91571
59660
39326
82759
9895
71304
88062
76207
27381
42712
55901
70850
22663
73012
85677
62593
37408
21761
88247
37179
47808
91579
81649
14314
40949
68592
99102
64874
24613
7221
32731
32536
66882
72057
15296
93129
43361
19710
85688
87095
62423
41590
74297
1438
14602
76326
80383
52010
98087
68630
5542
62247
76561
87191
76562
17510
55783
92016
98736
96748
99238
31467
29285
82472
3525
60933
91953
63238
80643
77641
66685
59418
19231
57335
77208
50185
33661
57592
18548
48101
42574
24090
26700
19136
11281
19614
52998
83416
11631
51735
80165
27221
99554
25802
9693
19431
3087
1646
82670
83730
95639
65707
59501
31223
39394
36709
81408
89408
10653
99956
37509
53228
40398
80561
88716
51679
176
41714
51448
11807
9801
47965
39028
9356
73767
65073
28787
76854
83071
27809
76936
95062
9869
36437
26285
49263
89499
7694
38671
152
24002
92532
69732
64401
73094
58448
32432
73270
163
232
1429
26316
48197
56809
35672
38316
38234
80812
31522
37657
24973
8459
32719
34842
61248
59005
84106
67099
83051
39129
83604
7053
31662
53336
87806
21108
11785
36591
10730
28300
36823
12159
54616
85021
68968
6641
23337
23554
3805
71212
61211
28778
96023
10282
79973
73623
69287
64079
40723
68690
19560
24327
92096
51222
77663
79902
88682
5800
16493
99412
34100
53317
11571
5069
54690
96891
28062
94379
36797
31867
65591
98008
76997
61614
8291
56970
35238
93930
21049
92313
78973
56962
16640
71069
24536
10655
50971
13219
32808
83817
12631
66908
53486
24203
88329
24528
37446
16391
18907
74244
48258
851
88604
25256
62465
13247
82226
14055
23530
19628
6368
2503
92942
39360
73572
17478
66368
24543
30697
99176
24712
43329
82436
78198
83884
87118
2726
21330
3509
37986
11926
68120
38837
531
9728
17654
13778
8306
48062
37308
44286
54430
39811
37228
10143
13383
54707
92863
54279
85404
8391
78991
45085
7179
73542
28969
94297
92620
50300
14159
46958
62226
82279
85795
79109
92007
19802
92888
16665
67864
30196
60952
38646
86360
98180
48789
16095
69239
58004
70374
70996
66395
65718
16081
73575
55612
45051
84224
64584
11703
98383
11543
90281
80662
97338
69391
89021
17140
78631
5687
85004
25179
82991
23651
11539
81171
88792
27635
66763
46797
14361
37759
29544
96431
53840
19471
52043
15243
3696
32980
43298
2079
44523
33580
99094
58213
19323
4467
75354
97954
10154
76710
23133
93145
16713
51025
90669
21858
95012
73784
85007
9373
11543
30903
22157
81735
50375
90552
13331
70423
23532
56629
72502
68055
6561
87948
26269
25884
92416
17975
40190
18922
11037
79676
28420
44103
30701
35441
65961
25713
9225
67320
51438
37120
98223
73595
18855
48598
64148
48538
19021
87680
5168
7876
72088
11729
12176
14709
53966
20944
32684
94156
39867
60073
73832
84639
4176
20885
36432
86489
62950
45657
53809
14389
99129
68385
4336
34336
33335
84836
82875
68709
88869
88043
92937
60957
16124
5113
75666
70090
26058
24702
80599
82277
84775
54431
83268
5304
91669
19700
91793
54619
81709
61955
69008
80838
30340
89697
15174
63675
74533
98049
48736
63402
2444
41673
24359
34921
46787
16377
5011
89197
41079
1962
71474
42207
72746
71094
47511
64415
90794
55656
19034
72503
17611
4395
53341
64303
94092
84867
44331
68625
99269
93067
48380
18065
34741
89091
52986
97880
5469
74350
87077
62900
76312
74903
5107
65410
45997
68970
29825
36791
24627
65212
25646
58590
69607
95339
22894
80051
96558
83577
65028
95827
92996
13408
30245
27737
18852
83231
41969
24321
73933
29046
3573
66598
20301
25033
32008
66298
94003
78186
19441
34982
43398
45087
93573
29357
56778
32819
9408
53337
16396
90788
65516
9392
20549
95761
53482
39401
78993
95451
80074
69278
40850
83647
35876
61151
8680
67885
43802
19036
46071
63243
54018
5821
24683
47591
35178
81461
96762
60938
51150
29510
68078
16667
55255
88627
12428
25089
44380
7773
20540
24454
77052
77742
24454
12928
38894
49486
97165
82696
68522
59588
62291
22541
81761
86974
86484
16939
84788
99599
94229
35938
29109
62308
68957
84364
67287
81386
9453
11668
89159
46346
52474
82563
24088
76928
95492
79334
26415
9009
78382
94937
84950
40674
33830
66711
44000
36667
3
45140
36266
94232
97431
65375
72892
66388
66092
40180
64126
91897
68200
69638
38243
20674
52201
78684
13955
64045
74370
40370
89407
52753
51659
74357
9779
1842
41068
70131
38509
41071
31624
74775
51656
45407
56502
40900
28147
38946
97432
92274
30844
65632
78264
85439
2659
30465
80475
16614
94511
54846
73336
83918
23951
41347
74627
50082
59541
15695
36565
98050
73119
68189
89177
41127
13596
62032
82027
58096
978
79460
66722
48174
45092
44986
49966
64103
75451
30441
97069
86314
1639
86757
86584
25590
44457
61211
92024
3998
93259
28590
2049
82730
96779
7578
23857
26728
85962
5884
84824
86941
85344
51546
51467
46789
96532
1433
27244
88335
48227
24314
91002
49866
11071
77586
91809
71880
38798
83833
75879
48409
12423
94280
31139
25555
1858
54996
52283
87821
77232
53459
91114
78929
21357
58933
42070
17889
76719
69314
22576
24946
9980
13578
74812
21052
91165
82973
92932
46315
66807
85163
11076
95582
79443
42215
21137
81302
13563
73420
85475
90795
43231
92941
86076
64588
51874
28146
82477
28593
97461
21406
53539
7441
34984
44704
44845
42501
44029
54130
5168
10836
39293
16244
22771
18737
74811
43908
16391
88374
17329
18218
95522
60560
11159
81598
41501
63033
9745
40330
7979
23558
61736
77870
30999
13073
22574
92197
55574
82956
46327
60743
93792
1972
93339
16563
37061
68151
76824
53452
56525
10505
88022
52047
87417
99181
49998
28918
78567
59743
69249
86546
83301
30985
64416
30652
44058
3343
22849
15985
86299
85528
93080
96443
87501
86419
29359
40914
70922
6183
10719
43800
16688
98741
12199
4105
97923
62197
33024
92842
21940
18625
79388
21593
49610
60156
68598
10021
79851
91447
26006
82502
93328
35438
78946
80829
21857
24657
21743
9132
47192
32462
52932
63880
47556
65131
84337
45479
27329
33713
38321
65621
52338
34061
3567
18301
10569
72165
28322
90421
79964
70680
72923
73292
6118
68221
70473
44327
92878
92217
53459
40070
41031
6391
20302
4939
71523
20992
50418
15204
54705
5091
80825
23396
55504
744
41697
66074
72909
86371
72847
52874
57051
62122
26166
79521
30344
96640
23848
39574
5209
93660
79645
62592
51
16299
67532
87926
37291
34302
19482
8349
55746
16660
31745
27602
17404
89794
10028
90314
76165
82875
59540
49568
44998
85706
29089
91694
98698
52937
31268
20259
46597
27265
82852
63001
43565
66736
67279
97208
17390
86762
5557
89488
19774
53654
17091
37178
43448
27119
43844
19613
26347
3384
69181
71345
5443
98270
79391
4141
67560
10659
40753
30509
37925
23605
9862
81490
6693
77142
78698
24083
80256
608
13572
30
54262
47015
53560
97711
74134
97405
33676
481
17141
19210
88178
22584
33832
67569
43078
17744
94581
83831
48254
32506
23788
58116
30348
30481
51610
25398
70916
31866
26006
840
48248
80269
47855
18161
94332
38342
15566
44360
55175
32707
63570
59706
71644
13755
43627
14722
31499
38208
98553
79753
70714
38693
54222
17414
69174
5832
42813
56442
54051
68819
73635
18651
65440
21490
36812
59772
76184
68730
4133
31360
17790
84055
7418
89434
97810
51045
20508
29310
89254
35413
25415
76320
74106
79637
93735
59632
1822
52900
16074
55873
21719
89709
90876
87160
27552
27689
63284
3736
12771
83769
51448
30561
67825
58866
36347
81987
26264
56855
11297
15518
92268
53065
8190
66374
32702
18277
42358
34524
71177
58433
6749
92897
64494
13978
96409
8398
41667
76045
12135
70790
59815
79935
17704
43992
55154
54051
25979
81418
27259
53629
96936
19527
6694
21478
2254
55748
39756
60964
6625
10933
19397
29726
20182
244
43704
32943
8642
1723
8989
37129
72514
68804
17065
90218
29148
72219
60621
55127
69989
87880
8756
66925
23760
31802
4755
42366
87551
44511
3330
94176
71797
39080
23902
8331
39324
67607
41275
64318
69330
50264
1448
58196
35420
34865
64766
80920
23436
25388
36047
93425
13268
61156
76702
37028
9310
81457
79394
96861
42321
99077
7389
14118
38157
47644
38801
77481
31603
80076
58151
17285
46692
59599
75482
98464
10816
40248
79384
50604
81988
31784
44029
95257
92940
37083
48637
2250
18541
44384
15464
77214
43461
39205
7684
81618
86849
46485
75451
18452
42914
33602
52090
89606
9554
43924
4423
36722
524
83807
87327
82513
31943
31356
77770
41235
84792
42759
43486
3333
87143
75302
96899
30604
14507
4583
28574
17709
51068
20377
52513
93982
70332
4603
99941
79886
48527
20716
16608
49052
20875
20287
31565
52819
51644
25687
94054
36436
68446
53892
56121
71942
29194
53020
18898
60054
73955
47473
77763
25023
84202
30276
35358
54534
51232
51651
34420
99759
72367
67381
65163
93242
87668
13080
46061
55664
38767
56468
8452
23566
10360
80925
95508
55907
50297
14406
15961
24252
78231
10076
65628
62434
56704
17338
16968
7936
68989
67741
24048
41356
35122
5563
50950
39142
18644
97012
11159
73763
53480
19611
97329
80192
16889
92837
36099
67186
7244
68412
7791
85475
78488
73419
64261
51545
90757
81230
75833
76098
48971
99881
33806
445
21797
84756
55939
40441
98120
67098
14204
51600
3062
11534
48145
36303
20723
84244
19841
44319
52657
27632
29795
47497
17403
10408
99042
8160
91638
91228
610
56961
91109
34416
73758
12906
19173
29698
69699
17293
13148
256
85246
32562
11790
33391
68865
48865
17635
88707
93185
86644
16339
39332
50494
50095
49740
65888
74607
57731
57116
75218
14692
64578
9634
88451
93836
45159
34501
63536
62453
47649
63792
47699
96564
91934
97442
65429
57151
31429
70488
50336
34426
3180
6020
84920
53275
55761
67160
27882
13492
24277
3100
44536
5207
29087
32987
99043
74246
83840
78931
36699
31490
59075
750
28054
67361
98192
9835
24513
45974
80324
91201
80400
99856
97222
65320
53131
52983
32480
81013
82827
73109
466
27363
78316
45905
76703
93712
20151
60543
72643
73203
8385
48071
90305
52791
15432
4850
62627
56297
50824
59303
47499
31224
59159
44721
12896
12290
14056
45376
9655
96883
34838
26473
40598
13154
72378
17301
23218
8882
77845
95862
98437
86230
60285
88742
39022
75717
9944
18001
32015
60768
93656
95866
8344
52815
40587
21240
81457
70995
66617
7464
84230
17807
50290
24828
47313
39020
58482
70532
47902
36327
82746
62691
38909
43031
67786
94283
35100
77730
28636
67115
54851
22292
79333
63195
91459
19920
84436
72916
90915
67405
96733
75145
85212
47023
16326
32525
86043
74808
19409
50298
27487
2155
12989
82748
61538
97127
77032
96639
74858
22020
80106
46061
44313
59440
9256
35772
95712
10044
25041
2980
77449
21774
94477
79013
68797
10803
11539
71192
85611
47300
21490
29450
65808
50832
12199
27346
47959
5583
23985
39169
27603
20444
85230
88268
79884
10839
24041
91948
20883
65434
94928
14685
87208
89406
93698
72357
209
21589
43549
2173
68890
65040
31623
34698
32224
60174
78396
80183
65757
18734
35705
9713
39178
37287
97981
35414
48126
38374
27362
85362
3808
38643
47
91016
28049
93745
63373
44610
31687
23275
46783
577
88315
94759
51627
36891
71285
30023
33426
53395
48757
69131
63108
4287
22771
61089
39701
87249
99464
83416
72611
19624
22059
89010
10641
50108
99108
90366
94718
30795
13641
57854
47724
18308
68965
99351
55199
56602
45726
4978
9997
94484
90461
73105
98771
13232
50547
38473
482
66363
38241
89445
85987
60300
78456
12980
26760
77564
19699
37830
24711
33340
95684
72435
68001
81001
71786
39552
53956
17512
44530
63953
28348
34992
53411
27120
48224
3958
81945
65058
70321
20186
54504
72660
96838
32960
1993
23598
26876
21692
61428
51587
71384
73465
24022
39385
70818
12160
95290
24774
46024
39820
88728
74373
91164
42139
17845
55741
62449
99790
20799
49122
36328
91655
21782
49518
40967
23775
73116
67843
45467
50896
35782
16852
24361
59804
72589
95180
88316
67879
19954
34341
24052
25034
8714
15216
67173
42911
87309
45974
59053
8109
95096
95381
16116
16879
61251
57084
57006
34367
24927
18826
1615
60710
52030
25977
36866
24619
37509
25183
8851
73815
75876
32903
98850
942
64471
82375
43853
51781
28350
2906
76242
39798
14639
92358
73029
75890
49442
30036
26609
90722
65214
28224
67784
17244
54201
4650
58215
8062
46185
67066
81878
22061
16321
97080
39355
80793
95807
83208
48926
40509
86114
25168
80308
753
33878
53337
76643
83321
99725
3252
90395
64939
31477
58179
82183
2030
79181
40399
26445
41719
23817
24675
80132
40139
21755
19488
37284
33914
2696
86210
74424
88811
11378
54732
5916
45256
24421
82560
44929
24147
2164
35324
89086
33641
9855
87622
52024
5389
28021
78469
47108
68190
3144
43592
8329
41251
63080
45613
75165
82129
31823
49589
87292
59553
20673
93208
4810
45095
75768
66091
85594
77933
17768
74680
27926
27623
62302
96302
33012
6675
91123
96472
91218
10619
56417
99547
51870
19497
61513
43388
17978
9688
92977
5270
85594
30003
98479
6756
91450
90599
72847
77044
84884
90615
68076
12811
34591
46731
25465
83955
69758
16589
80428
60976
43560
36845
76876
95431
72694
54741
38819
90673
80781
48148
95943
66375
94503
10774
73131
2305
1374
45979
79349
86258
52946
63778
15421
87537
26861
40887
71493
96619
73828
68273
73948
17388
21470
50824
29171
94164
5565
84342
1189
2698
48843
13485
69074
43346
24259
42205
45652
41985
4536
41353
28244
57483
5131
43665
45020
48344
904
16513
44964
91084
84786
18912
24825
6256
86088
53996
16773
8005
54691
34314
10703
3534
47799
79777
46880
88411
38335
8884
30396
42871
50238
58640
354
71721
18658
45375
20066
35914
78240
81382
43351
63027
294
68176
85635
2734
38524
18760
10739
93215
53075
21442
96749
874
17572
59982
89285
55907
68866
19682
98778
19104
94674
99133
7178
29684
60860
27244
65599
39100
8626
8950
18479
25272
93478
20467
44358
32002
39227
55097
41570
92302
76539
54671
9529
10463
14653
98814
66370
83520
34848
65149
18976
45875
80634
42506
75559
41494
69750
41158
96946
94728
66460
15426
36352
76290
52245
80710
8293
91472
52159
66215
83775
45051
20886
9656
55514
35540
8470
21885
35412
59671
87034
70740
5546
67668
13247
97457
25514
99349
54968
22460
10430
21428
54238
46782
97719
6483
43845
22364
97956
12356
88579
98083
57407
9465
7739
12922
61357
32561
51159
96769
8584
38193
67510
30482
22213
80757
27940
64079
80106
82908
86539
90536
20688
40778
53671
18407
47261
13868
57123
61569
26224
45702
76004
99984
71520
95
12906
32877
32657
64065
29647
57593
18610
13509
88076
57175
94266
16016
21254
90724
98924
7793
81261
19612
64923
51284
54372
28537
81504
11495
6458
7728
73550
82463
24064
61422
82558
36970
10651
31567
17387
40298
89161
52349
70159
77237
9524
64425
93253
47130
55150
8529
54924
52763
44493
36199
20399
98865
64736
1903
26713
87547
25983
16615
70010
50048
94389
68920
3370
5040
488
37110
61691
6001
89459
31850
83238
98984
12628
92843
46114
84130
17724
17390
36893
62217
69942
73644
77435
51030
91899
4148
38577
17882
37115
24939
84282
31504
93860
4005
52896
10700
41115
14587
16701
30574
62790
16291
45910
75418
25486
8377
59548
43210
25767
12793
5427
95709
86437
99214
63092
78336
3362
1669
12570
56829
26609
13205
4685
20469
17210
57582
31169
74677
88521
64222
5251
51311
80513
67514
26729
5999
75891
86277
49209
18010
15422
70988
13720
1859
70203
93164
96547
89917
94833
25470
63099
37794
38675
67784
58263
72237
41718
5784
46914
30240
86358
68517
97903
66871
52383
24633
89222
28274
27262
54783
46285
42685
25772
76357
60896
12327
69521
73796
18596
64354
99266
81695
2149
37941
65832
76764
26530
7550
98901
89796
54142
85259
74665
52046
68483
27049
93031
57705
55323
36645
12489
17960
95682
54613
94317
56579
66940
63838
30375
85536
44545
45993
83584
63046
83934
49416
56162
26816
73318
71415
32964
43813
56675
7629
12211
41510
34678
5242
99215
6354
41887
11704
24314
53922
66317
34984
26853
49609
15174
57228
51498
76071
3221
35082
39117
3507
850
11632
46675
74168
83047
79639
34333
56074
87268
46544
97584
38299
51786
13152
61005
10026
24856
1671
63948
7526
36655
90801
57135
51830
64381
8633
27901
83954
60067
83371
3813
60917
11355
50488
51438
94402
30127
85771
66829
33747
32316
80765
88398
454
93917
49403
26832
18774
51075
7132
42652
4082
14285
99787
72264
78666
24773
16518
78972
84840
99889
99137
45758
11244
49625
97196
21998
96104
82967
5179
46204
31635
85945
34602
32090
79862
358
75274
14988
67785
82407
57640
71867
96692
73780
60484
91711
98553
77002
70683
83393
76891
69821
29151
4487
35798
42699
42837
31903
42019
48017
94459
73654
50314
29061
22096
30176
45771
97371
61517
13556
79778
19157
1776
92822
9289
62260
84533
7842
39262
55217
91236
32505
41390
36739
53344
77188
79439
12533
25443
37810
60550
36254
11464
27216
81668
49913
73745
27439
63636
35262
40996
59766
70771
59124
52588
80061
21384
37122
4255
76998
8691
95491
25855
66433
48583
79199
43621
28022
91732
85417
65832
68635
21671
93648
12203
3339
59913
85948
47131
39901
21210
88127
99667
8334
63603
68608
4747
84987
5730
9002
78337
30773
4494
4192
97206
53077
83391
57179
97451
91475
42596
79635
76462
80620
89635
88666
311
65901
74614
47442
5802
12177
51921
21822
36863
15524
90430
41610
511
96160
50612
78848
43285
55106
99392
40491
24535
99135
97670
38338
6963
56619
34325
83425
37239
23961
88443
53902
6214
79410
1345
12016
91587
53266
50190
28450
68791
40620
70060
85654
53132
20672
80855
96417
92131
80247
53260
33018
79383
50931
87709
2698
23902
22034
86123
77493
62347
74567
31395
68561
53977
32740
96930
61916
2359
47120
6718
87502
4093
76778
73156
57225
13802
70363
53643
22285
50611
23255
71656
46346
74186
59365
49044
98088
81399
51519
75581
60099
42438
23329
45012
12767
56069
58294
74683
74780
5415
81401
62282
25860
74531
35439
83085
4686
5802
53080
43323
72765
76336
14979
35463
66874
74344
84507
81315
72096
52379
56896
48547
94817
96577
93559
7585
52647
51854
98620
27427
73621
96374
6062
99481
70905
41501
98918
91943
63655
51999
35267
36421
44687
50246
71884
11561
40943
72744
92876
29391
25123
66125
77938
36292
62702
71497
60229
31701
39703
58850
75481
29676
55224
81543
29157
42481
39396
28076
34425
3051
96427
69692
55824
41114
36290
44061
69027
77233
33157
78256
6624
74632
44381
914
10924
23435
72412
71154
55137
28467
46356
46970
58144
1580
28513
3653
60413
67909
48081
94838
87312
60860
80882
43137
1974
33525
87198
87354
10758
36707
65610
33735
11339
26343
34649
22263
49778
23413
9769
21267
51881
56125
68237
26377
57705
96750
30030
18119
81011
94464
29309
68324
55324
26544
27813
73651
60069
31363
61005
87179
68070
42967
20914
79409
69310
71916
18024
35440
95329
27794
56708
63562
83919
24945
6291
57977
38048
52674
92448
35411
47138
38109
20087
2462
64653
47900
92465
41074
95615
69822
28254
80037
12789
65520
59446
98451
37436
77471
33892
32766
21617
90600
12680
21888
15545
18972
79865
69945
87998
88665
5357
35136
26775
25444
53950
7780
89697
62768
48855
1664
32590
77109
81702
45380
42629
57500
60183
80066
51323
94075
29184
72940
84675
58216
94829
16573
93540
74694
86518
81538
79712
8227
33026
6487
50024
3329
14267
56073
66097
63122
57737
98687
56583
39439
60419
99213
96940
20603
95631
64615
14678
41167
37556
15706
99383
32385
32279
92924
23431
35149
90814
3143
59729
23841
25982
9753
27170
40250
82178
9619
19724
39915
24658
76308
95707
85078
91873
8999
22033
87504
73614
53063
28671
27522
68769
28054
59907
17400
37330
99691
52550
44497
19186
12279
68338
45169
38384
11860
1771
20562
37831
21495
76829
62489
14155
88888
47567
6028
97887
85952
93532
87854
39016
38555
15376
24137
82962
91636
41538
20292
7679
10440
64789
26865
22719
49479
88386
77455
77691
90157
14369
15522
28005
91198
78012
58512
80087
41931
64541
94326
44236
74425
82180
83252
12981
13909
23741
95943
5545
65279
32587
13224
75719
13729
56441
14790
79560
44828
8597
73604
51337
22966
89126
95694
14165
83490
54207
10604
41774
18748
4930
86010
9525
3463
85614
22506
17372
9355
34801
39269
90987
83741
68845
66706
13822
25286
97849
93382
86466
6446
66986
54156
45765
72465
49850
59930
55955
4057
86886
14081
39157
8168
91
48683
11631
2057
87541
45355
11413
38695
84624
2400
22436
69821
85458
36258
95108
83307
29640
97926
6106
12979
52082
51871
85444
1933
28153
57751
22342
31391
88185
61500
39559
88276
26535
51191
6686
14076
12898
18099
52771
13875
36851
75207
83696
22309
27817
95156
21969
73810
9435
44427
86789
61517
12650
88585
79802
57155
62688
2145
88546
50873
79997
28105
55502
6532
95648
62188
36960
8547
96639
89732
38774
33490
81291
22470
72151
9109
33979
10472
99271
43414
54899
86060
21283
67549
90997
1086
24704
70037
19583
29602
20911
99580
57708
76413
22464
69708
54953
59424
94607
51592
49156
33381
85082
46800
72204
73585
72261
6183
84058
71532
65949
38957
73944
87232
22859
64941
4670
63915
34978
40605
93518
72241
40185
67578
65006
79001
37286
19959
38426
31894
87903
3934
65275
89337
50734
53831
62923
22995
76366
46981
94527
42315
2290
84823
45900
25149
49764
66922
89065
1095
7528
98935
89688
64065
66513
54695
43067
20151
91006
97845
52045
78910
1779
33673
84599
68866
3856
47522
91861
80223
94503
2741
38890
96794
87564
1142
38295
53681
68065
43712
71128
91945
42647
60816
72362
25512
31863
15429
45664
22870
29626
14061
18132
31406
64086
2731
272
67943
50254
8485
48166
61109
11226
87056
74255
15143
4551
12551
85176
72616
56263
56304
80913
15263
17120
53275
57127
65336
85057
19143
88206
14683
33205
22690
62441
97291
41773
62713
81586
92027
71199
29752
69489
98777
33161
43744
30272
37712
72647
15448
26680
45263
71752
23945
76878
5225
77220
34005
70561
78629
69501
58767
9665
2706
97809
72106
16349
39582
34820
14288
47962
22371
44040
17451
37500
93553
77547
67773
31265
66547
83221
74297
11810
71326
98242
5040
76551
75463
39045
47112
70444
8546
22231
80109
27604
36392
52216
60306
75974
3388
74594
23936
42111
34986
57739
79611
28540
51639
63736
76157
18186
63310
50455
46348
34636
48697
51388
27539
40512
6785
74651
10957
31684
13234
7418
75640
49626
75986
52298
41952
79374
26892
65889
37837
78231
39980
33801
23123
91619
97537
99280
26157
60847
49735
72505
11835
14785
40245
39374
71649
47031
30377
82606
95067
43611
6377
70707
9589
82363
23006
51542
61738
66250
33783
15927
60833
73763
49728
83956
81735
47266
83237
24244
24465
49324
13102
52653
64109
53347
92027
35759
16730
22405
34717
11797
82368
57446
98857
91958
39810
38215
59852
17900
4465
93635
33827
65299
83750
83556
65607
65485
30822
48844
89730
71639
14521
2832
24292
94982
72531
32672
47093
5614
55077
81811
17411
53797
39257
32620
62107
95419
70835
21959
13319
91653
31946
47147
73304
15697
30703
38911
97534
77877
4108
3616
49516
18629
22800
90161
13611
95332
22833
60705
946
94262
58868
34709
64411
98125
83682
26519
9897
70869
64830
23216
62522
13129
70363
52178
45178
17418
91090
42712
95295
11550
46329
61164
30179
85481
67677
43790
80813
90510
4495
98111
1124
63363
49173
65535
77841
32855
8406
4090
3724
89589
27306
82599
2718
14022
34777
47896
31440
42219
6960
43088
53769
53289
20604
300
38771
88281
44091
35936
95143
64938
50400
96267
44654
99573
78154
38847
48780
86561
42937
68856
92502
86595
67807
95220
617
18937
59468
32058
77508
66428
91498
47630
36070
12102
47930
91193
383
8373
43481
11878
73312
93881
24497
34318
9806
2651
89517
74938
5564
48806
60147
98066
35401
27954
9638
36019
46891
69106
84429
24400
51887
75927
72030
4309
88029
19960
95502
4764
44686
38983
16642
34350
49217
41139
68668
75375
60142
74537
50314
65707
23343
10461
80125
58744
38415
6116
94763
1659
91574
79192
26059
43461
55119
14441
47770
59500
50753
59624
64264
95439
14960
80906
29789
64177
38397
98457
39552
98540
89346
6218
80599
12689
33031
77076
71434
71447
83192
82549
89458
74767
78094
15517
18228
49565
46310
82351
9066
97063
41975
73330
92503
56935
70589
22292
37464
25338
37102
93369
23878
26448
99587
20829
55490
32619
97906
26924
20418
81098
25825
9876
72217
3919
41745
90446
53485
88055
89149
62551
1470
47476
52233
93973
20764
39174
32618
58228
64513
86072
67949
4743
28872
67537
25573
84362
16508
39831
27638
53278
20929
53464
63154
93147
73735
21251
99945
27220
25658
5446
6123
27128
52922
74709
37454
90038
13883
86424
64619
78396
88848
32568
83140
17720
16457
25065
18435
49317
64896
62425
2595
2177
15889
65749
11676
89625
3352
11621
33197
29010
33419
39321
72491
2694
14030
9945
92732
44265
12721
57351
39014
1569
6272
22154
35641
22729
63571
54076
72047
44819
16502
74642
46996
48743
56744
58673
54720
76448
86646
87918
5459
20066
43591
94302
22760
73973
20599
15492
18238
33320
89196
57252
51241
11820
95758
86882
34549
75681
40959
22948
20500
73813
13943
67497
38908
87039
42522
93629
63487
29168
97899
85298
65586
41490
79600
88346
31815
199
20191
66405
33519
25739
23658
84760
37559
35768
87995
88460
11450
45306
27761
48302
19119
41704
15799
74379
45095
74673
68008
8582
3842
65907
10233
69428
23749
89833
74127
71916
90033
10670
38322
39904
36409
78332
41017
90320
14100
29012
78780
41902
74318
6541
90205
9789
64597
22356
84168
9692
97030
68529
34627
17224
50788
44860
3004
90890
51045
77131
62806
57430
4153
1128
97335
40562
95812
54704
47234
9913
68
42367
68167
90738
48908
74724
527
29858
13433
1047
55902
10463
85928
6881
44039
36717
68093
47043
27607
19139
40527
6765
76569
44680
24246
90256
1595
20058
61312
48829
46323
61380
91196
14491
52118
56457
5567
68997
2667
19000
86397
58569
29463
72325
81803
73502
9042
49896
36898
53001
85387
77425
76119
61957
38457
365
68565
40052
36775
29878
5234
83099
7610
12782
97590
59729
85591
3157
45078
88258
22158
31475
63180
67973
3801
44983
57828
29195
11231
11078
98549
96619
88503
91020
74928
43312
91385
59845
99717
28160
89723
4951
11259
97334
34085
25201
73415
19677
44711
18493
7935
83221
66321
87467
67546
70122
48802
25374
15669
60034
52804
30570
73005
41307
21590
47933
972
12975
7778
689
57488
13854
5640
85099
27540
56077
26653
955
75754
87716
35800
42
70937
2121
3861
38483
88595
52664
80210
4265
12698
33014
34835
85703
90674
56426
49988
91646
85753
74118
8687
59593
87972
30679
44693
15512
86756
87698
32819
78863
75414
84972
78905
46351
87093
82766
1186
75689
51782
97748
96306
64480
47115
31141
66535
54141
3919
32875
45787
6025
6994
70826
65618
11318
1505
26663
43183
88261
14361
92354
67124
89775
77326
62381
52478
64420
45148
53665
56461
96930
67765
52767
77763
14880
260
60650
69021
4180
93526
31160
26557
16872
1986
92175
44542
3491
35191
87725
8105
49552
80080
91581
55680
57406
53963
8158
38178
15463
78175
94639
28745
45941
47406
22860
77173
64019
83511
46195
68199
93389
93707
94756
26613
95694
3283
71155
15537
38474
75233
39994
4379
55313
31576
60059
29071
85539
68217
83602
17354
46393
78241
46099
8686
42000
68960
85859
6019
68823
48406
90570
78564
42114
1678
5177
54160
21313
92684
86049
59788
67917
26044
64167
39582
73972
24226
68654
59511
8795
68608
76865
71540
46849
39316
80226
5201
8276
66086
27572
93451
14492
34494
72015
72958
52524
93544
27118
73838
86229
29520
49978
54146
55564
14145
93729
29536
54723
78735
5399
79870
47343
98616
51411
10544
37932
31637
32098
62561
14075
76022
72364
44920
10517
44380
17878
63041
37924
61349
53231
40505
90869
3209
11004
62785
17354
4733
8673
88429
99820
14072
68300
63515
29040
36063
90411
66972
67700
38861
45885
98128
14884
34602
43048
41753
78982
60926
4794
33258
38627
58026
90116
29496
77587
1120
92281
94942
22205
954
99723
22025
31378
84375
1892
60418
20438
8655
43743
4491
47517
5980
2619
62401
40582
45667
4154
35916
22945
25300
85527
61573
99678
75643
7421
77266
76763
99703
88560
98968
17009
4635
37345
48388
5363
55589
25158
25801
64244
68901
46644
11761
91234
49263
90514
31816
11282
11020
84085
50580
52673
69612
12153
68703
45255
19574
62321
22018
35629
50881
37338
68991
71869
74683
33731
77232
30272
58889
19385
10868
44143
66030
22630
35377
31645
29496
83545
59280
40517
67630
9860
9542
37242
38365
78245
98849
74291
40567
20867
9921
7800
74557
95264
79669
49240
28995
56901
95864
4236
92639
6733
48379
58669
45715
108
6666
91563
6
65946
32080
67636
92158
41622
21231
30523
36220
20080
21167
76787
57300
47440
84587
31857
42704
80609
97450
71699
37510
93314
92287
46501
16399
57019
5170
78466
57127
28189
70030
73485
10487
18462
57474
2646
60085
78705
49521
96305
15137
70688
89444
72437
18128
74031
4295
77184
54640
18097
65235
8503
11411
57523
55004
44163
14542
76527
38981
88021
21068
9011
61507
31555
27474
18981
50553
3911
14038
16427
16568
29175
3467
6012
17965
37948
96395
38612
15132
67388
56709
80368
92243
68120
54243
63599
28635
68785
56478
67617
73158
77546
92980
51017
25454
20454
69998
76007
40717
388
92434
73637
45916
12254
96001
63881
50202
92397
2493
65334
76137
59202
62054
84732
43674
16297
48331
72310
1434
4810
56279
74593
98708
49259
25610
24162
86066
11961
16522
43135
12349
25308
16773
58265
37562
12774
22146
87764
21523
40991
69451
97660
193
31505
98744
43868
47803
47076
32530
49237
68238
5161
23830
66946
70772
65793
7461
56838
77754
40335
16326
6455
65643
33099
81073
19558
45873
19571
23674
83749
60563
93125
97761
60756
24631
96506
20976
72434
43582
69858
38023
28172
91371
78206
11470
62144
43999
18931
35334
38105
75618
51660
44560
57614
84759
25633
77172
46985
61557
846
30734
22120
10324
28495
99228
34955
41353
36557
23741
84935
6415
78116
13107
97787
56322
24578
76283
16673
59861
11617
54778
35480
63278
15691
9446
64389
57676
86618
27726
19233
3816
74812
41353
14140
19660
40582
65447
61013
77139
89188
45949
99906
83657
75408
14045
39979
16338
90328
56653
92552
1946
27783
44384
81576
43474
53830
62317
1151
56800
90044
20384
60616
81208
61738
91109
868
18672
72908
61882
12163
78449
24183
12069
62106
99591
42467
2085
32282
32795
75090
24834
51093
2874
69218
49021
46348
23048
11339
47499
96200
17735
84236
73168
98943
45974
64277
99812
80998
37186
78046
93161
31987
2229
21582
94093
18172
64049
96178
50454
96845
87621
75288
47938
90495
60858
13312
53195
258
24651
695
96458
58738
84931
69627
57681
47257
50256
73845
28255
3794
51891
21416
35781
54120
42998
29874
88645
7048
42405
39099
20245
30026
30740
84535
36873
91598
97847
90068
8209
38850
7115
21019
97588
8398
90646
71622
55655
57255
45467
262
61049
13711
38030
13183
84183
97381
43057
72828
20781
1814
28280
41026
48192
59020
41913
1417
66970
39761
91486
75179
94963
14953
96199
92552
23352
3197
64174
95359
60452
25993
95622
37854
56056
33652
51037
40240
31033
10446
29420
68166
28613
57700
9192
93157
33072
67458
94575
43
7219
2413
91574
2182
17366
4125
11086
40718
23675
91612
36078
479
33958
48052
38333
90014
81704
5722
46606
29090
32521
76027
97256
61134
50079
22801
54291
83152
90259
48866
99547
13830
67631
7473
32364
84998
11599
59803
42068
51626
51415
78146
52105
85373
26198
6791
91740
24255
12513
38346
69697
45034
30725
83305
22520
97157
6106
76812
96661
12717
42030
96208
42899
9662
20033
91616
94660
47984
51419
36728
99610
19186
31227
68068
20912
73777
74859
12652
14384
3724
67350
84081
65111
14428
67387
87631
27937
89845
64443
24598
18915
22826
37158
61814
32488
57191
53430
43500
5176
21201
96580
21138
40388
44159
89206
61300
17937
64065
90304
48673
84142
74006
32755
49253
88434
142
36884
32723
89987
17680
57321
25254
40506
94479
87069
89346
68023
56851
49198
73199
94405
62130
10689
51145
6290
99896
12445
40579
80313
19101
89252
64455
93107
22007
13708
97894
38501
66945
46969
44841
84625
4291
70095
41483
15122
73516
47181
83145
46720
12731
72696
41125
74861
83386
92270
97503
99634
21067
38082
79947
40168
43687
44403
49627
82046
74463
63873
36900
41408
10843
81741
42385
31486
68188
220
46608
58057
47401
46106
4777
60132
35154
45902
51346
18540
38172
48849
34526
75591
3284
14474
32111
46971
75229
98090
29017
49692
78316
82269
7453
89159
64010
66190
36997
48551
66411
99957
6608
30164
46063
11385
90297
81218
73639
57995
16110
28163
6844
50637
3754
10128
81463
35865
57099
56692
33955
2469
22736
12271
84738
30189
17782
65101
96380
71131
30004
79143
71089
36612
9307
17152
64349
15956
14722
37988
73951
47185
66151
80796
14174
69905
7276
95637
5770
64376
68681
56077
83197
91417
84701
84287
37959
18835
65740
50691
89967
95744
29834
61056
32356
39141
94560
96705
71450
25635
34693
45401
89172
844
42549
3346
87101
49826
15335
9223
14202
84016
65301
13751
91785
66354
14390
29744
85189
80131
96787
75156
75875
26621
36212
8232
82115
47125
21289
53565
72760
55983
15318
61932
73179
57868
81630
76633
7694
96965
85856
38248
97333
67509
51999
5470
33863
66389
51567
35405
62872
48354
10561
38748
91328
63126
46980
73443
26603
84621
43360
99363
56956
58678
77647
30136
16546
59277
23121
24240
72594
8977
78840
86279
76487
47191
91749
26702
13581
43316
62107
92805
8023
89021
31553
99351
52147
94885
72794
78750
79507
32506
94465
36463
91184
88464
82951
24083
64093
6072
64675
53039
15050
43516
39318
7889
90707
47419
34591
20640
7088
13051
13446
15111
2072
44999
30814
70571
39885
19960
65673
35744
52466
76490
72207
43650
64954
55159
67733
29047
77583
48761
98438
92633
92277
37756
16874
82984
1527
67818
3625
8615
80869
17071
40078
99293
78422
70892
69864
34659
7204
51889
70403
59670
28379
42611
19673
9685
14122
3758
55084
91705
52519
53522
691
44796
7630
17565
27781
9157
85383
47758
34125
82604
81181
90555
81897
59603
77800
68113
94263
85004
20002
64666
44675
64733
23629
64348
90770
37751
68106
45854
45809
36978
15728
46500
81774
23358
64065
9555
48868
65801
73665
99345
48405
54846
89900
46655
14450
84052
14768
25065
69057
51123
89731
30084
15856
29713
10784
22979
67464
95242
68833
29625
32220
84562
76125
13995
24272
56543
39902
73140
22344
13568
72485
87101
84766
78738
33756
99216
62790
64877
24281
48199
16000
30365
78283
48208
60078
5419
71187
43894
662
56373
73520
49234
57287
49645
63229
81559
22540
19484
71052
44884
49404
43537
48338
34170
38627
98446
49739
1418
63323
74020
49617
79323
20737
44253
43884
80815
66024
15071
41062
66686
87796
14582
15921
45083
80579
95502
26643
3120
31338
97695
64356
80742
57584
12694
31265
96212
11141
81004
13982
74464
71376
79951
70140
92114
24204
14024
89281
6581
45447
30343
73267
33244
44925
5540
78327
25505
17395
21322
44977
65085
35369
9333
45828
92954
22028
77093
5518
33169
74449
19500
23985
45825
15803
94125
54291
56360
24501
43573
62941
69949
90268
52560
3193
51546
74453
97872
93403
91848
19195
38380
56933
54564
47713
19113
63870
69741
12558
85740
19262
87007
21592
59600
49185
37396
70077
3476
93756
94579
63401
73049
64528
53670
25609
84073
21568
62
98297
14971
8262
17492
53351
81548
88409
1064
661
68631
87158
29572
70724
22772
32931
92316
82372
98468
46064
52450
1945
56172
63381
81698
29221
27909
51720
54831
28334
73288
71245
26631
88259
79508
60476
57962
77408
65237
59027
78069
50220
62537
23993
20944
85309
56925
29613
67682
55393
75677
36484
73690
48202
99865
71741
77423
44126
23461
48606
72460
13102
36204
15443
17713
32064
92271
75676
9472
73860
51055
3893
24081
13592
27887
61377
98901
1164
7342
66583
56557
99372
3067
46600
47574
19284
18341
24997
63410
58154
89956
52222
87608
26160
84018
5322
58224
76289
80998
67696
66502
32053
71589
6935
45645
15828
84664
60898
16992
92007
27482
89902
91379
46901
36502
38953
66186
71195
80302
45948
45701
86610
98171
33310
12770
82189
38632
87346
74830
35982
71394
57684
68035
59336
64619
30032
75164
49284
90930
8509
41291
34764
98411
49022
98018
51265
87975
80556
38812
84629
26504
84513
71240
24675
34175
362
23216
72807
87709
14399
8789
75455
72083
93176
34791
36703
39560
26308
2339
46843
34817
59982
81607
49580
9004
95977
845
13331
76533
56009
97960
3038
40522
69200
44065
74698
69563
83634
63857
73624
98033
88999
49079
86468
98527
223
23171
38088
42883
41862
84931
77700
1844
82890
43632
10848
78868
44477
40531
55401
486
38492
74791
57360
7692
18857
48410
93607
18843
12268
83583
16876
1267
32663
3344
99794
49238
42868
54234
92121
1082
55517
86173
2927
38408
29805
30127
33628
90634
70659
5381
7472
9151
80173
64832
33195
15382
13243
43155
34225
41863
26738
67453
43130
75753
87149
59276
41343
46369
29863
49816
47452
85380
35989
66731
40140
65794
96858
73768
72780
83869
79150
80252
9372
75675
45085
58920
91057
74680
2075
41634
16543
45165
25439
59673
37271
12588
35301
78614
58958
65164
28431
22762
50545
64420
89493
90685
46567
2703
80806
35699
86573
76308
15952
95945
51983
77389
54865
59392
52069
73292
17378
68612
18458
42817
44637
55729
71757
79938
50695
47067
61455
79126
69829
28352
59899
59322
35389
22818
62026
16195
74869
64951
92503
90821
60896
60838
68210
32114
20230
20279
5406
53960
5243
40216
96777
49880
12297
68535
46171
62993
15602
7626
58471
85432
35978
34722
61106
71367
73892
39484
3915
48762
4435
12770
39583
81684
73609
7794
13798
10191
44425
35556
64152
49669
75773
77281
99549
88070
45816
62072
51063
77771
69698
25887
79555
22028
60609
57013
9748
34502
96498
13663
83264
17285
42785
39199
98969
32746
63345
29119
59290
7771
64676
39794
73792
40449
17075
89693
44871
79244
51766
12287
57015
21464
38174
36570
59845
15135
93583
69593
49637
6433
99608
49253
40071
42393
88453
39040
75140
68150
84512
50782
75921
49188
90576
66065
5989
7651
55759
50860
3247
7525
79499
60262
45341
17673
13184
5186
49161
23120
74779
15150
45905
90739
64404
85976
33133
69209
41369
24625
53711
25881
91759
29633
91421
82335
12050
97410
89986
67809
64622
9586
75334
44122
69848
37028
78147
99385
42214
43660
38857
33346
58811
84762
24085
39567
87091
73570
25128
28460
14547
78839
54341
6306
24824
62114
4993
36875
59524
11332
4684
40498
20918
96371
972
7118
33399
95472
6503
91965
39132
61712
25311
97943
62827
65749
37510
49918
55671
62638
78378
70219
57830
49071
92877
82654
11185
97871
19529
87061
9203
24214
43911
30121
36937
44884
37239
70336
56708
60095
62301
95840
21807
3965
10136
84634
69714
63998
34552
25385
42989
29282
11956
819
94705
4834
83473
22242
19057
3003
9303
28260
43569
69567
74733
96858
14451
28324
83546
87511
88419
45847
83351
26579
66164
93487
11213
52230
73838
62118
77616
16827
7752
5924
17646
2458
27110
1119
24700
46167
20474
50356
90779
80395
19923
81864
77253
50726
10189
60799
38237
98608
22999
37940
41539
5515
47780
52753
57746
21618
14871
51714
38445
22623
57638
72443
41433
1101
73562
66134
47268
10389
32842
54400
7136
69117
36264
742
19843
62805
77893
74432
77766
892
12372
19305
22760
60152
72058
80506
81770
3281
32220
20215
42257
6210
92658
42
7311
82573
66176
70932
9314
15370
41684
32802
84487
77948
33544
4330
57106
11438
78762
34872
28682
7487
54177
51442
67639
42588
48300
49410
62221
96872
85977
4478
3083
94988
4521
26746
93913
87049
14030
19579
18772
55714
52381
3259
33663
85926
23942
90769
13716
19056
41993
42398
26543
96170
10193
94183
55110
58493
59945
17332
55366
45922
38162
74801
57262
59035
17899
51175
62437
31930
70754
81209
87644
23136
820
37659
25414
24762
44780
39130
43819
86773
97880
86714
99296
8073
80897
54406
66567
57194
88090
38285
19469
26253
29438
76731
1640
47337
44259
64077
79267
15013
61638
83264
54501
62459
20923
96267
87221
65704
35397
47392
68829
49630
34107
84477
57703
31356
38884
40622
88551
43326
95259
8020
85931
24697
1103
87572
88387
45362
68001
84006
76728
29640
67270
31229
92099
4546
27497
95672
70250
79246
59417
55431
28876
9876
39909
2932
41232
95145
59906
46135
38471
55166
70507
24403
96215
87963
28327
84602
33325
96328
68609
10053
25968
52231
57635
34419
56777
1484
30092
43379
97082
89509
98811
25959
99385
38720
45243
56969
50217
5149
19457
88688
76667
6316
29443
72883
94279
74122
73837
27605
70451
42446
54010
12771
11030
11645
47191
67807
13129
93635
11187
10212
83144
9998
52523
98881
65070
14118
55850
15287
35619
91659
20327
12287
97976
66123
1522
92255
40245
75359
19860
27048
34158
90223
39820
45188
1868
3363
12995
31350
96998
24182
57914
80142
50532
26789
95375
15602
40907
67577
47241
76526
59237
83921
88813
57213
50044
90335
49468
6641
82047
85681
50042
16205
75904
89862
61393
94124
93225
74388
41826
6575
14923
99740
86717
65455
26529
98444
97410
67436
66021
61003
60315
25258
44924
49128
82471
11320
55816
48292
34314
37863
50325
84356
54068
42581
74218
31813
36705
83795
6201
78532
90370
21124
94624
93439
2932
21154
91883
342
4942
74256
61345
65257
99515
22622
14386
98338
33942
86554
62982
68256
40769
13307
52612
11189
55888
43182
43002
8946
26977
49203
3830
33699
86680
98454
27138
89612
19608
35373
6306
40903
9630
67651
6160
25497
90273
36898
23835
40568
23452
3170
8824
64221
16477
77789
91762
88718
20971
34764
14016
64301
83968
17846
98000
87000
16300
41491
76612
52261
76864
99270
93164
2846
83273
99324
28343
73547
36223
68531
30467
76027
88053
55643
56601
4530
33432
48363
9600
54404
83128
23616
35057
83448
41462
33057
70448
74115
90900
63412
42728
84117
62682
35892
86963
45955
51568
31659
35854
4143
16542
66321
96523
4595
38317
53124
25477
71749
17839
51430
42505
17319
75046
77562
767
32861
10620
87567
23328
17872
50979
66056
1989
30013
18300
5305
92321
69868
36964
44527
74012
69858
27201
70535
90805
65518
40011
32634
37267
57850
84064
79773
75170
75463
57335
92289
24676
84307
79857
48004
18532
47188
14060
20521
77202
32360
25826
85875
18580
79142
30402
92592
49000
57603
79479
39805
23121
35842
72440
76741
10045
72856
72866
85215
48319
46553
93856
72995
47213
73713
20999
65745
20902
51411
86266
14456
123
28445
16683
18704
7587
47085
27648
56588
21041
7128
12745
60514
59322
1537
53607
69367
74394
26473
70934
22713
73027
64791
12061
20240
54856
49412
2337
92110
824
88603
6566
947
17048
39601
19651
24636
3039
47300
97576
24080
70780
26673
946
30102
28211
54554
99470
2605
97379
86756
41670
70406
51547
53731
6998
6404
3144
9335
98514
20320
14291
21433
21267
31339
61034
57271
72327
64073
20923
86255
4505
91703
12929
21804
38157
41140
76358
53979
60097
90089
40736
18119
60496
92283
88203
83846
15039
7699
93182
13554
28019
23825
51339
65638
55164
12373
39261
43844
92799
60184
30099
13656
68239
59380
35460
6397
16872
28170
76728
76969
18260
17464
11441
95108
26100
99644
78954
41139
7343
88488
71045
51714
12313
22384
17352
83830
51110
72966
27674
60261
33150
74125
73917
1390
49858
9378
24139
66730
37548
867
60052
72160
34684
71493
67268
60784
71137
46223
18275
94832
51063
5673
46546
63377
44409
80250
63559
95519
53216
7585
55780
86367
98062
29698
4109
47920
55428
44600
14651
9328
45467
74703
81489
96503
46196
48757
73639
33685
11332
91915
28517
78748
13940
91415
58477
58349
71665
22036
70221
41234
29621
42353
43953
27683
72051
48062
91956
43831
92662
6607
53160
54481
97662
51001
50985
60210
99758
24624
10247
27443
32891
55116
6191
63183
46531
64668
21533
34548
3056
8106
75782
32677
50459
19735
76712
38863
84149
68668
82694
76811
91627
52206
47645
5641
3207
14982
82203
19318
55958
92450
46761
88850
47566
69304
68385
94097
50324
89918
28646
53380
14376
20780
2409
64836
40516
95473
3699
24665
80494
86393
17829
72121
38600
81826
94115
58159
96808
76318
77477
52766
68769
40590
57968
32687
9894
26354
26785
76570
32624
71783
29950
47001
92563
48711
11837
49431
44185
15536
74097
24679
18281
8278
13152
73233
90104
23619
31393
86912
99938
8870
39678
85059
49461
13999
34098
75707
40353
77235
52278
89329
49018
98580
36330
57934
63644
64519
7365
24181
96407
97814
65212
14689
6092
94716
4274
96196
18336
35667
99460
34626
60890
55491
36037
26703
69490
70135
2410
26195
47371
71040
15524
12741
85973
68207
87027
65969
49078
10745
90150
45486
8559
55362
76527
31004
50078
80801
27200
84766
32821
43013
19392
93711
98504
55429
36766
84346
41917
55528
10541
89288
26569
42417
18381
28894
26976
5409
94863
92407
16154
1365
37893
41065
56727
30772
72069
23157
27925
15622
7924
77098
58635
43668
87161
73491
99098
23927
57837
57367
79456
84730
63007
22377
27147
81388
67623
70476
3149
62486
62883
35655
80203
17128
76721
53282
47900
65142
76439
92177
80764
84363
69276
55751
28032
56437
29242
43482
80365
3431
17201
76173
88161
80208
98550
31661
77948
66173
2137
81098
45011
65020
16753
25214
98500
9826
78496
46400
74969
71287
54929
72085
72003
24205
27837
16387
96995
73431
76221
77360
76863
93422
53533
65024
73630
68435
96685
51578
34608
98822
32676
95971
80194
65782
37537
78694
91960
16033
41446
66929
87320
96376
39015
75675
36933
83204
92062
33928
56635
68283
27640
33498
61705
97525
98523
35335
65960
11560
3266
16920
10383
52294
12891
6929
34428
50428
1976
26389
82813
59774
93318
86486
56150
48685
62161
9436
31889
54224
59716
4877
22507
87357
38375
565
84882
53250
35900
50843
64811
55518
67763
91546
7813
97007
14827
42241
47435
16803
68630
30249
76578
78301
16735
49080
43338
95248
58516
75228
49472
18233
80105
88332
21942
34832
88897
6824
88083
41149
74019
69246
96668
41783
60792
20833
55142
75619
79426
2577
8775
48057
49178
85353
42710
82265
34433
86048
77514
9302
77628
43338
43887
74085
31670
65829
8918
36919
89005
13353
94421
63025
82599
7441
21160
59743
28274
76302
51714
7700
95231
60489
72109
60762
45842
31171
43027
96628
17220
36893
22282
11200
80232
82521
85286
28254
64702
10556
81526
53707
23909
75947
33084
22860
99740
70596
98955
28014
63250
50669
52066
58482
11159
40528
19244
73353
71699
78623
69981
5271
31869
8615
32824
28453
91136
18110
56707
55838
45018
54585
25898
85279
46884
75334
24491
46624
45931
23446
90990
9181
74115
43057
84015
85274
99937
3259
74980
71636
98235
44961
93260
30104
53577
26084
58557
61065
60546
31616
33256
5564
2554
59154
7195
49438
34488
31686
96063
96771
55132
87053
5953
45599
46462
89968
47226
46399
9580
22206
34388
24167
67167
27648
54271
37096
70084
29180
14514
46982
77148
47770
68898
79702
23276
76093
29141
74116
7779
41556
70888
79263
28609
93193
24862
91424
83161
72088
37823
9093
94294
72211
33260
77814
16211
3883
31262
2647
49415
45776
49629
26564
9898
18527
6266
33174
94620
51759
23643
18751
93315
94531
14366
38277
87724
39229
29701
87237
27669
83876
96331
38316
56088
45943
32482
88651
49827
80096
91299
99242
42225
57280
42158
52123
75808
64777
1650
86780
16536
25293
21884
26204
19824
36250
64481
23900
91831
10534
11137
19501
94410
23820
74169
66850
69764
23003
55502
19591
3099
63153
35185
45324
20433
93696
13800
96241
58473
15450
99374
91361
57095
21258
17565
93271
57508
82046
17171
49340
92580
44660
85193
86991
68481
75714
70193
38245
98717
25695
74188
18168
88848
25725
63493
25634
19421
93645
21875
77894
25447
37601
85608
82542
58859
3173
75813
32720
85220
92984
98412
94152
37644
83605
97495
6125
75671
67689
60722
90740
9736
34910
8908
14937
60636
88753
40571
80057
82398
78798
74304
7845
16400
59912
6739
91611
79437
82552
24331
81009
91888
22743
91514
45885
22700
89009
68362
98371
73050
29085
89111
99139
80347
14372
14076
40983
19477
54647
37393
1876
49797
28049
26073
82549
4313
49165
74161
83750
31717
98492
81112
39958
37588
72626
2195
60288
61635
86909
75012
51038
15994
80475
50177
12694
94847
64253
70029
14325
35252
7422
32553
1401
51823
74978
83951
56136
24143
58112
56239
72213
72956
37351
28523
10544
26329
30718
70833
4316
17627
45845
55354
49974
26320
21883
62668
37520
2488
49049
51845
54092
56472
750
55494
24647
75728
39445
97136
16224
13909
69727
88437
86865
23430
16960
97410
49759
64030
84595
54075
98009
46792
9430
47983
73112
47665
27003
26984
50154
76053
78829
4246
48877
95931
59740
73524
71660
15537
70660
87884
29446
40387
92673
16312
63817
25985
30074
29928
90015
31021
84004
88024
77813
9786
52360
67277
57451
79363
94262
7605
71768
73091
11852
20645
69023
87944
10522
57035
3482
97534
61271
49280
54274
53944
65592
34443
79929
12018
64372
69944
43039
48376
74320
37204
58162
26680
4482
31965
6044
98744
55923
94164
88187
84127
14810
73562
72071
25332
30597
91905
39218
91868
41186
93492
62164
23130
27936
42093
51501
92308
28389
94540
57036
2710
31745
31550
29390
52579
63515
51786
51323
19438
45951
39510
3565
77113
13073
91989
18797
60022
83894
58015
68243
41432
51508
30407
64563
79444
88853
16064
88104
17242
26956
45140
36304
75053
76690
82047
27632
56557
33833
95307
75996
96136
34818
95913
73249
64243
4254
92046
40617
88149
50062
8860
45933
17922
55620
10496
97366
60825
42912
1822
78067
86221
46962
30724
61274
40004
12771
5259
96561
62956
566
88909
59093
51736
1175
32342
32331
5429
40741
72949
9930
90803
98161
55864
25077
70133
66360
38795
30958
25625
40617
25378
11846
3931
56102
73120
43935
85225
94731
40496
48181
95298
45758
7274
63386
46933
55969
95718
52362
96710
85019
62293
3865
99532
34509
28942
86018
869
67737
16976
26494
24706
58706
54692
28637
14808
27813
72572
33
38896
29420
64567
34194
75178
71841
13933
38463
27810
26003
7178
40872
11022
69471
44737
26906
3980
90031
12924
21201
57768
46253
64048
82474
4959
18740
27463
36120
62905
35
52505
18154
29456
17072
68700
20986
5266
82633
59450
49428
8636
66628
90301
36010
52451
51390
79269
72783
41422
92193
10336
15542
54798
90736
14369
76110
25829
41832
12230
5086
41868
81087
23240
87676
98160
91941
8662
19778
74574
84464
69206
99563
67444
75859
35573
19895
27250
31194
9030
68672
23388
35719
566
94538
26455
14935
70648
52284
73120
99230
57371
14988
80318
96963
19016
94830
88904
44030
14608
79831
28495
166
95746
12291
76026
47671
48539
3276
78866
57569
88300
2254
93288
5218
13144
36096
20154
83793
88380
93274
99375
62103
24614
79693
59067
43630
90875
64323
4012
5483
60506
48859
22002
56252
61151
98028
3924
9690
17656
82790
83611
5956
1396
76900
11174
14540
12996
47680
14685
17728
57306
14061
79832
98272
10106
55251
58254
982
19574
62267
22817
96433
11126
44819
52685
72277
42847
56609
98319
76855
39399
81931
82811
57147
75183
10338
71688
88179
74370
2725
22259
31677
16786
2091
29949
43245
73694
88204
60579
9621
66823
83396
6054
77949
44568
58739
66579
87415
31701
81250
80623
87452
63181
63434
44600
38364
90124
32640
42895
80847
35365
65155
28876
68504
83598
75177
11749
57293
79733
72328
83266
46556
72076
89320
40858
16644
64411
23789
20412
12464
5039
1035
99917
68221
80821
60869
6585
87298
93509
65833
68145
45226
30988
13373
13730
14586
88550
41831
88231
68284
30511
71497
31192
2588
77169
72050
35584
41581
12191
55996
54045
17231
73383
70314
85452
70557
31183
8389
57855
41044
74222
42352
86271
21562
55725
16353
52501
44275
58185
40732
28911
88696
12230
76456
7636
89399
48506
43221
47332
60698
15569
17730
94281
5305
88044
79733
75862
35580
4474
33717
76624
95049
92421
79247
16611
48146
95601
85464
8773
53786
26197
54037
58834
54779
30493
66471
60530
78999
9692
24215
56049
41613
41945
50330
46918
29989
46415
22780
81921
67242
72849
58546
62291
65270
54145
95254
29768
49746
80719
38542
3532
23268
92579
62367
78047
23072
45190
54929
18423
71234
79144
90825
12847
37441
57507
76118
83783
20275
15250
65704
87517
88100
40602
66160
69722
94748
77766
99491
44494
58485
38033
64379
98105
46964
43098
92504
86388
88288
47434
4811
59522
42930
11988
88721
80372
69496
64839
64155
6123
80090
29859
93640
84542
86814
76152
54264
81562
53918
53755
42408
28756
8140
6787
26861
71456
66237
19366
57844
54525
83152
79008
30399
42434
90996
19121
22806
76844
312
3313
82967
96754
49525
92959
97648
36339
69111
51913
17901
39382
22020
60309
68138
46513
83449
94999
17969
49686
30717
75814
20564
30221
71174
50963
72656
62170
86436
11814
55367
3101
15128
54686
16207
64653
47646
13856
992
33109
65769
35245
72491
4141
11906
40629
50654
11707
51981
84976
61394
99050
77142
81958
29272
48316
49273
1928
26838
52062
13742
82205
55163
45222
36892
71370
9875
84538
85226
27219
33999
67347
62464
6491
71489
74371
47120
38495
86078
15453
23471
63824
14504
613
62134
43776
48929
27760
62056
75768
79822
92150
74325
51337
37373
11217
39059
47248
12107
40638
74468
46107
7985
53284
52598
95826
44007
16070
34322
30086
31524
57793
10262
46028
74759
88749
6156
23688
16509
68212
15808
12683
76714
90134
64020
14087
17703
19431
77688
29811
60069
52156
92270
68055
21792
61220
80233
65800
93642
14555
12238
41518
88701
22500
87546
63460
11249
10054
3500
44110
94618
19309
56793
71333
25795
37165
85420
43498
56597
63108
89661
16666
31616
81931
1073
53409
59503
81307
19209
53146
12214
47799
94664
915
70299
98563
80727
97901
24969
84228
58363
19588
3537
31509
90921
29332
68674
92693
72830
41623
72154
78844
58290
20122
60775
75715
73531
36631
57022
9092
6129
69237
56891
17145
86504
43543
15708
67232
57796
40678
51460
16159
76618
71349
47668
67539
681
32695
76584
89863
74318
48738
68707
48960
68861
45835
24676
58744
98818
81698
84189
4947
67287
41080
22092
53792
975
54153
21024
75123
11183
72484
91283
4153
43833
55303
71692
60866
4350
48276
67081
78669
13367
52141
43981
82228
14328
68657
40972
29498
66708
25161
34445
33995
82594
72889
87787
99921
43394
25163
75045
70929
13999
82680
75082
57832
54335
63126
35050
58686
27755
18484
53707
41122
70625
97688
39702
1305
66346
97026
30803
33054
22188
81600
83401
21134
70841
87541
21055
30588
12704
12452
1517
26704
95132
92952
888
49468
72430
52291
24506
185
70775
94565
57659
57752
92253
97361
59057
74951
94388
6212
24357
32928
87812
24111
54062
75005
11652
91469
5593
24356
3922
7111
51060
15406
16415
68301
81226
88845
20592
5732
5383
91367
16649
63042
65471
8903
76756
40880
206
71144
47092
40916
20424
51256
65027
90838
26261
76679
82307
48207
17387
2581
71670
68448
17988
88085
53101
15566
93282
73693
21299
98665
81412
37948
61708
46883
63203
38464
87763
79762
25960
34855
20678
46384
2463
2057
37222
45076
95088
35881
93283
12475
38463
64953
97275
72803
69390
50376
88369
62673
24069
26020
61338
5481
80321
39398
52364
59876
77862
56479
39638
3822
91334
76668
66558
10149
78725
3780
55226
73813
56014
64861
2641
94477
46167
99916
83632
15557
50293
88353
94582
90714
14374
55921
12548
94695
11671
81264
54571
89534
37744
10562
9708
29078
87230
76267
55580
82308
96399
27158
72473
52413
92019
75114
63242
38186
91383
46874
70096
58028
35228
64678
48742
65954
36951
77642
77001
48623
58907
47924
54509
96651
58486
80569
42081
62069
56836
97661
60729
69588
24819
33202
22001
33191
24669
85244
87729
32404
48470
57825
90432
50
38856
55526
82356
92159
33169
59357
57134
92076
7282
27995
88727
82120
8565
30808
60541
65401
44822
21270
34989
85993
70825
73343
19184
11846
74939
6914
44250
23409
81091
51034
39812
36299
6560
22168
44811
56081
97878
18297
48157
5160
46293
53236
3632
54858
397
80526
36611
45219
18148
87953
47564
88973
61296
66749
17171
36235
90015
77773
75996
87458
28807
32160
40110
51720
54329
1273
7801
52207
19570
55959
73719
65863
25547
93703
20721
25944
74229
57333
87515
8730
61638
35080
97703
22934
18181
31227
75521
24548
9000
67869
12006
54160
30
68468
5880
70711
69741
13681
39270
89312
85992
29341
55175
11540
23044
92249
53836
13626
65934
41352
22356
27572
92784
36411
66858
10965
83990
42379
35513
92991
10248
63871
47151
26630
32340
69383
97341
18433
83064
52963
7745
69057
82304
79273
96949
5349
71522
50785
35327
53808
8489
57683
81380
1273
10446
48238
28590
94437
6969
80455
3780
33569
44327
67283
60200
93019
36666
73893
27804
19730
26857
35550
5139
9161
31175
2088
14510
19049
69226
66189
72857
77715
40224
70589
78989
50671
35179
7579
61460
42148
88035
65240
75717
48714
48875
52269
58085
85541
26163
85889
21623
53020
21439
43115
62181
68966
45203
93044
88015
14429
59233
60872
8497
99458
47813
87486
66481
82992
11417
44293
41492
15804
25885
17210
64518
74760
69479
22603
76653
95642
24845
98276
65014
62636
41391
27196
31603
2947
20240
19618
33728
95825
96843
42225
11635
44656
46063
94468
27649
57481
38761
69141
73285
80998
2703
54156
55758
88535
93111
48763
529
17956
47040
65544
80593
4783
92740
12196
24082
29332
48166
57811
25157
45009
16388
36793
89666
62452
31261
33667
19933
86375
2808
9570
67373
21864
63726
39484
10399
73190
88247
27280
91146
51639
92824
88091
56423
1916
287
80505
31248
48454
54668
72758
93463
71057
9551
99481
33509
57164
33148
69794
59891
52309
95716
27265
74173
75795
83101
924
48985
71348
44556
40131
39340
37381
28223
95763
39297
44862
92620
86898
9668
63641
59656
3132
34698
85559
2613
84559
42723
52114
54353
18967
4423
50069
62584
94948
25864
45685
12224
74849
33385
56780
31333
72725
10513
75908
84840
66163
20770
93813
53061
30439
57454
29069
49923
92152
14628
68888
76711
73703
21002
47416
92670
41777
97485
55254
36725
39702
939
65301
30903
50677
22082
62236
23402
32595
54496
8243
15110
75267
2056
68171
22058
75862
97240
71981
68014
28220
57221
61077
1924
78224
8493
94594
20001
22330
66201
73079
78384
83492
38380
9288
34169
76814
87876
57572
25762
42373
82167
40872
33992
575
25396
56050
76437
22636
44383
44451
67209
1604
21880
69133
96180
46725
80079
32534
85407
46280
5613
63792
29773
60345
89432
63942
53512
77308
37866
79274
36033
20033
36498
70025
20608
61894
42427
97045
883
86810
57848
68092
4767
79728
37225
947
42805
17304
33481
28213
79937
55446
92005
9710
15792
81437
90004
69304
75097
27871
64930
27483
47904
1428
97508
84865
63323
56288
81910
64206
59450
56111
48650
64217
52191
85875
65165
94997
19531
98646
23210
99468
54093
31567
25530
86237
29356
31887
71893
20805
59758
36823
48288
24014
38251
62149
25231
17926
18437
23494
98484
77887
79605
47134
42105
31796
33009
23622
43145
68893
22268
82707
84713
92713
14274
26596
95302
43630
58483
67195
80788
34593
4018
29076
58607
58622
91225
191
92900
9662
23685
91385
3902
3290
38519
62359
51438
87881
85981
94584
73126
24601
77291
57839
33667
7918
787
28969
67900
59270
96165
48688
93863
16535
77765
68823
91509
68990
69014
84410
95005
92699
75795
98907
12341
30666
61266
63779
34899
63599
74715
8025
88200
68359
82217
21867
76277
83004
50837
44177
58627
63354
9218
68842
79889
86983
37665
71399
72325
23031
55809
67330
32082
47956
82589
44423
94974
60207
24555
29874
23806
99270
54251
28359
83981
52820
66578
60258
52177
33767
20788
10804
97121
30006
79646
77011
33341
33664
48410
5666
73047
20571
89349
5130
84879
88290
49553
79853
64850
74108
26079
5008
89731
96683
33367
73712
49503
16298
50323
1680
50065
71111
28836
47187
17469
24835
24198
67162
74851
88960
89180
47898
25883
94881
69380
10762
83172
18934
6967
48022
9394
33047
69382
15477
29730
2750
5542
95585
19048
55865
13618
69113
43328
58806
32652
77149
99993
73202
44311
74844
62162
33491
39095
4397
28373
8475
15159
27897
43761
38479
92271
53156
71526
61653
84985
17608
80755
90527
29545
99803
62744
43163
85269
6072
1970
34273
99573
18315
7476
43884
93160
69638
93728
32255
90388
22101
57082
5547
66350
844
60378
58621
70352
31904
20274
55337
65864
1030
62217
95410
17185
24961
54925
18806
47386
73247
53080
46959
91563
60556
90844
1075
46546
924
49682
53286
39377
6764
75186
5727
23960
35564
64348
94312
83821
974
49650
49685
2004
28219
61447
35542
53180
32725
70700
566
5972
23780
47526
13887
688
54722
14962
63587
71998
80996
16873
11375
87761
92059
17102
11721
27624
97802
22386
27797
98776
72036
77482
17133
255
55282
69027
69787
88007
39727
70354
10331
79860
34232
40571
96900
5306
55533
60487
77304
52882
93713
88679
40643
2124
22133
68716
46100
19935
91102
73897
35063
79490
67732
68548
96097
23014
37575
65885
27373
77303
52591
54056
73515
3175
94627
70415
24833
66513
47255
2137
19395
40968
7168
76390
59444
45653
45106
5545
65588
52561
95794
17003
32051
63526
85552
44501
2892
23127
26738
46617
16782
79329
674
90297
98856
11653
77065
23689
78166
24320
42178
13913
65288
49346
6655
24732
94999
68114
46629
76939
20675
42424
10294
69078
22302
95846
13579
25195
35326
40317
88164
68460
35998
88838
75110
34854
16844
52175
58543
11362
76495
721
25276
58135
66419
31931
99219
77770
45
45849
71061
37072
4625
81356
6151
26927
93554
36082
68474
28880
92752
56639
13693
28750
61829
88803
79957
78673
40978
54852
90036
33825
71926
31664
91960
54697
79947
91179
32468
79993
37028
19881
33417
58005
1237
39568
84933
11144
92003
69759
56376
84755
42750
70069
29857
4580
75224
26166
99605
16202
81019
5993
66379
69297
37657
58339
23994
33957
49519
72814
30302
2899
92696
63719
60905
10285
19640
62190
21429
11643
31949
77806
12750
74700
47875
58959
95632
23100
85126
95237
55654
82497
17583
38386
51794
71592
96725
92140
5549
62596
64955
35851
65496
57651
99571
42753
67936
35563
4943
89366
63558
53244
83524
76308
44296
31399
51619
56280
70851
53097
67870
42858
35594
85453
81244
3740
57045
94321
95881
78947
56918
60836
14798
38766
34839
30721
81519
2775
82636
2814
8493
46194
72410
92017
38854
33059
39769
90474
89339
26972
59923
73561
69830
95518
59014
67426
15610
32412
61748
11491
11359
35018
88679
42509
73784
23518
89583
55303
42646
72219
74469
51139
18414
46879
59509
57268
79938
99278
64094
85630
26250
24018
59191
12433
35888
18206
96211
51498
66970
74311
79342
94681
9329
68021
37190
83113
91540
43125
54768
50538
15345
29237
1677
50111
76117
61186
7379
72407
76816
87826
58037
19419
28196
17229
31852
64084
51787
44415
31934
18757
18727
11276
13438
44408
79298
66980
43874
87190
10106
98642
37728
41803
44232
55757
91914
36701
33296
15645
9108
10112
3471
67146
45883
48019
727
94087
12103
52514
38503
44038
71271
57230
55314
1061
17990
50964
84393
61864
54506
10851
60507
8586
52654
4739
80696
60920
41440
13992
76566
66900
40456
96389
34046
86340
44409
51125
80427
72864
3639
18930
16902
91262
92512
88569
8675
26855
55885
93069
88719
26744
3920
49226
51682
72927
70317
32378
33847
28109
46370
26765
95010
3179
23155
45408
89519
83916
96534
86298
56780
16525
21581
90035
7788
30445
78604
16463
57300
50841
25884
46020
77585
46157
11598
45620
19084
98268
77998
52931
26377
40721
79697
37739
43900
19204
99500
49771
3120
12386
36069
59900
45263
74002
49935
53051
4448
44891
85867
61748
12085
11751
24120
6022
57908
35719
51642
93344
33987
29641
62628
76716
70362
58677
30808
30614
77881
46660
80385
97353
59046
32806
57253
20661
6809
23541
73713
27609
84784
75932
89357
96869
87683
13478
2892
61944
65549
70886
55288
15888
527
17916
92604
87241
76593
39764
17855
54474
86424
14592
68179
61822
47399
25433
82484
70560
65326
72549
98169
50110
48481
3878
63332
52516
33708
82576
14460
99257
53462
69749
31497
70342
4017
40454
57583
80611
80218
75439
51437
82995
90031
19617
61169
53782
61402
43653
24342
43080
32554
38863
9542
97387
42742
72874
49904
92802
71802
64364
8412
25265
50465
39909
95607
70835
80363
53190
51446
60582
44981
19235
59929
51365
55204
21098
5147
16606
81104
45842
59686
13658
1057
69229
11046
43799
58455
77302
52954
30258
41666
61366
71875
8484
1275
67482
79319
97991
37024
47117
74925
98358
82704
34854
66075
37909
55952
71222
70867
53408
33416
46906
67067
34474
16135
94465
94625
90942
71767
47579
37552
29785
25297
9427
54621
42925
93261
50292
40916
46638
13761
15841
44996
96466
50695
11071
50727
22999
98645
21594
76408
48414
68500
59827
82888
987
70644
93865
91930
58763
57797
29482
88548
83094
55262
59522
26019
48523
9814
66935
11513
23576
82776
72861
36394
49823
83932
87121
89175
98930
8715
81935
63696
77216
41762
46584
94555
28758
56801
2837
87521
14598
48672
76069
97693
3934
51943
40064
68809
61758
7000
80323
1686
6128
53184
38080
72304
53469
25201
61479
52399
50268
43414
32447
43836
1528
95383
38392
30286
52184
41229
17807
66783
89901
10228
80828
10187
62172
20892
78997
40282
44244
59320
41968
50373
12504
96400
39029
65973
37953
508
34724
88221
60274
67171
32058
78154
62554
86802
24792
31091
44383
58951
97874
50637
85531
95054
60824
47703
15946
39821
4337
60191
99141
46305
26916
27998
59057
65945
10323
97010
82805
45048
85232
59431
28571
33642
53937
7478
36796
78729
38569
81179
37680
52795
48168
23211
47849
8993
87267
80147
48814
7956
40338
64308
54262
83606
92306
29671
65903
2629
26682
48708
64029
28266
24491
8953
61908
78428
16431
15056
57157
71352
12587
11189
24147
60756
50753
71996
69749
54372
52143
34915
62328
8834
99223
32942
92440
7881
62614
74696
10511
89296
23404
90892
17562
47896
99845
95822
42676
32628
10878
99834
3980
39817
27375
28127
573
78128
16475
86674
32500
68619
21590
94829
93805
20813
27771
2597
45047
90385
77293
71910
79681
698
62802
13595
64946
79000
9417
7622
11628
36647
23808
15609
92817
51184
60088
93390
29312
76564
80065
78165
61535
18007
72994
55340
38820
17117
57937
219
7503
35231
72129
3536
52281
34932
17132
33579
13932
42901
57553
41912
95901
81362
73873
88718
48898
33962
98460
94562
10526
78525
72727
88413
12884
45721
43753
68057
62839
1690
68276
86694
53273
40406
6582
21906
75338
23714
55485
5622
82968
13039
63886
95221
10753
37760
83939
59651
88074
82399
54213
14952
77277
43293
3365
6513
89014
47118
74570
68205
65160
42847
71251
34786
83253
77834
56692
74943
17900
12178
96917
17220
41569
60803
12441
52322
14915
12732
28325
2989
11484
98890
17941
5113
42183
37658
11626
47550
84776
86197
32107
66289
29044
3359
1075
12297
97545
57767
3592
15445
86297
509
32666
27866
61312
61459
96540
92580
74192
41217
95569
85676
40108
29863
90789
98643
83873
2415
62545
68650
4964
94653
51291
34008
14364
52366
62657
11909
26485
66249
27354
12783
83110
76372
57001
44423
37832
69894
53355
12024
11111
65276
14052
67571
11491
4841
82567
95365
23608
45112
64015
28573
39765
31658
78933
54129
84024
41591
66038
26861
24192
9745
39644
7303
86117
12998
68078
40301
82892
21433
68677
94003
86709
82729
77927
98201
87570
60494
93566
27531
21958
73933
72456
61724
21943
51389
32205
5967
92980
14596
49180
33525
24341
88825
40828
26810
18175
8906
83464
1067
46691
52141
11422
49752
34871
5701
47953
38793
66195
57871
66324
88154
48156
55132
66230
70099
6522
98435
92418
15854
29383
41599
49379
70076
46776
6559
13239
64951
31817
96703
82370
78508
48844
93792
28261
67
99494
92566
38861
82041
66790
21537
86547
31298
76670
52777
1398
99544
67565
10168
15398
96948
68119
81130
83377
14895
87689
96616
96198
19507
93319
94920
14367
58515
88713
58980
58583
4559
67899
13796
2952
34689
51685
89500
65987
28355
58629
83737
44251
42546
10258
59650
55847
78377
40780
39224
9625
44821
35840
5823
64328
29159
17096
95048
4026
5809
54028
78961
26720
21927
92757
46024
72968
44443
35524
55308
89150
10506
55397
33402
53052
65655
9404
25251
44033
50184
64475
53658
95005
315
75833
75686
45826
92929
70734
49853
15090
41114
28814
58162
63042
37924
4187
36010
82367
56063
7670
87869
66569
63068
37623
35974
28723
47027
61225
72756
13563
42053
42766
24921
42368
34952
16959
88195
27881
87693
54400
59324
45159
83214
17486
8201
37490
21673
60564
36209
94089
68234
24079
77010
31302
78054
29336
60026
41434
90562
49134
71349
32615
8253
96270
91335
43205
29581
95882
71086
33626
50282
46762
78786
49849
64249
86987
87339
2274
63903
23549
96363
32138
63980
73374
79792
42034
19062
56170
83468
25976
5305
71170
58591
13558
67440
66279
73115
13374
62161
60553
47000
28796
7316
25786
78645
71565
29126
65984
73839
93029
5885
86555
41519
69865
76281
21312
28252
95343
77482
28072
21320
82787
99242
96263
12697
66683
62542
2164
96409
41056
62718
43409
69852
70034
69196
48497
57951
14674
30833
31790
7703
36719
34697
49223
22936
27330
70535
51188
22674
64369
79261
60346
63509
78503
56609
76206
61538
35504
94723
57947
92912
57441
17709
62764
27475
86905
27613
85426
17931
74798
33568
25634
27869
84618
91209
50806
11948
78096
1994
50974
42466
97607
11320
5975
76111
84282
98533
54001
36138
93256
11949
29050
50697
29658
8166
94524
32915
52131
96302
67198
26929
46223
92832
54799
30841
394
21957
59141
78490
23951
10116
37308
37911
21436
43283
30374
22070
41817
84375
58208
51425
12676
3610
18475
58686
11776
29351
91601
63907
25654
58799
7189
88229
67984
61988
19070
84730
83945
78211
63220
24248
4679
16881
78511
42468
60164
8885
64538
18333
93261
39099
86111
5937
42709
4586
64624
70838
50289
72577
34745
75943
47729
41934
64172
32065
20274
99594
16795
20571
94158
96367
61172
98837
13248
39683
41305
89765
48569
22196
24450
41830
61295
10561
64119
20356
15147
45095
91194
65437
17673
42292
57732
81754
578
38257
13819
20853
37851
46966
57776
48361
43333
18948
47199
72934
58632
4856
79051
23553
43404
3501
81735
21051
14063
45854
41408
45562
7302
48954
27351
24975
91246
85084
23081
91825
39693
36900
29030
93896
218
86806
42258
59903
22107
5809
32837
97091
27017
11888
20644
70422
15390
2379
91473
45805
64585
49233
91367
71887
98188
18719
13214
89434
20155
36295
97611
76200
89547
26641
70096
89765
29800
28706
49669
51907
50867
98858
65350
77885
27099
85994
48307
58841
4725
56132
4646
69310
5366
96013
57550
3554
31084
70764
9340
67591
7060
6952
43791
96607
49945
30240
2725
79745
75298
52394
48004
26166
51252
13354
4051
78351
15700
68710
53544
20425
24842
58190
89736
30208
70556
63638
50114
17992
34402
59455
85584
57814
66407
45727
70774
16352
92319
73499
12450
67618
42245
76806
93784
9849
90161
97835
4553
5861
66545
58097
42639
7739
16288
48727
37948
86844
12365
4414
4836
46767
63869
6772
20934
46628
68852
91708
62981
61171
65207
91783
28789
23804
68589
38925
33653
75102
36760
38206
97316
19657
96304
39955
27397
28944
88682
81697
32140
17399
86111
53328
64166
66333
60101
85100
12961
45305
93160
92294
6476
58367
84077
51618
98523
69019
90543
32177
44121
27304
70383
41437
63313
83039
97744
7062
28335
2778
88759
60475
20177
91223
13804
696
57556
90257
2148
70517
35562
95309
62812
58390
70028
63241
10008
68552
32260
552
729
76382
44208
87464
34171
7521
86856
31916
14584
15191
34694
19695
75667
54872
10918
5823
71920
68474
96080
74068
38992
47994
69377
1804
6384
55758
81397
16393
40662
13658
33297
41391
90040
77505
45207
40563
85026
48415
72479
15962
63607
23526
35658
55626
94750
46576
61449
66670
15051
73881
40738
70395
38227
26468
88551
60963
98578
69948
77356
39240
83606
27005
96983
89998
4510
42190
30562
5889
6958
19393
21851
70565
42919
73861
42543
37669
20438
20344
4339
51841
10577
61430
22236
48804
4250
10787
9767
2828
80735
3476
42068
80694
30481
39051
70692
51344
97593
1254
57233
4551
20648
95436
91468
79919
69298
50363
17589
89736
70707
38280
41577
81284
16062
80165
46440
20312
90952
72560
39492
88039
92388
81560
68733
39221
36963
55778
90565
50909
57032
47798
71812
94032
43235
79633
73952
12533
29996
7893
18621
17056
46173
76550
98340
62236
56715
61133
98900
64019
33693
38393
68410
42433
36305
37144
81654
73269
92922
72220
40530
66306
36370
28694
76691
79605
8327
66995
8490
54676
74888
43463
71732
37413
20013
70072
16001
76728
47557
14902
57099
97602
53295
25510
40035
89600
79006
21690
79221
88280
10262
19751
70938
46632
48446
47629
42590
73125
30976
51080
27801
5864
94544
99533
43278
30909
85958
59279
7638
33515
90533
81089
47470
43828
22951
87505
49781
1957
25547
29002
6589
35809
65106
77528
82442
13552
41509
25032
3029
72486
76112
30831
94702
87008
30364
54332
17918
32674
13612
41908
82542
20497
22997
30012
64326
62301
17517
14107
64258
43065
43109
70848
78874
8215
64728
77668
38119
22589
2700
57501
95075
95165
88332
89778
82173
35048
44110
16443
67723
74074
58351
50265
10924
97701
96629
75250
60002
14146
5709
40612
73563
65170
27812
68790
89738
8892
46458
44209
31482
49159
1710
42909
44324
90042
32687
42849
41443
93150
75645
9166
83576
33996
75783
94500
48049
72412
86102
24403
2910
8163
81368
92826
73334
9180
61616
63072
34425
8074
7281
65907
73585
8992
8816
34261
15386
57856
93463
73181
67358
69108
98699
67286
19456
74482
78139
67506
63246
64241
8261
82509
72405
89629
75335
62091
15162
36951
25163
49587
61377
48796
31846
51315
74140
40662
1928
5879
14870
95391
79060
82228
64499
77760
49515
83956
68594
44006
67814
31841
8247
92427
30702
97004
82057
6037
75447
13571
59340
610
63158
37069
65759
95004
4736
39899
52018
6665
62130
66889
2056
41191
65469
82908
18951
14984
83216
3897
75342
67382
35738
83590
59809
82792
96946
41866
88829
72394
71789
64521
89356
34947
17943
71467
46303
22679
11367
14674
29344
89849
81563
47753
31040
47032
47013
66343
78369
30229
70241
53711
97611
22331
53653
73772
21476
66952
31991
10305
55698
3780
91179
61406
38728
9122
32874
1383
31801
60593
16057
77498
50442
13972
41603
97835
77357
88616
64178
55726
18845
50771
25789
32808
89455
95795
6580
10931
62747
54923
37588
34797
58704
45119
96203
13784
54241
29077
15167
2395
89670
47577
96245
56465
61549
37848
54300
38906
26464
34830
10984
61661
85602
36774
10821
91409
48921
33753
18692
28020
88677
56280
62817
63733
17752
59020
77517
71993
4450
9036
90740
10472
56613
3337
66937
34515
41185
21237
89773
84001
56068
758
62014
58022
53884
89187
65783
2805
22941
84475
30825
27970
57107
9994
91703
74859
69014
85572
63205
89816
94608
70297
289
51222
73635
67226
2089
31172
4816
91862
15174
77236
8972
93540
35258
62856
82728
17393
82013
22021
1868
29190
66343
75327
39184
58046
50187
8199
43618
13392
14367
38226
83689
14656
5800
73676
98235
24241
4849
3051
16104
36375
80287
25076
29915
31897
4285
28995
49290
86298
51016
51158
15489
17359
26485
54673
91757
93024
79224
51727
22768
93592
6306
22810
24600
28458
96486
22835
52700
1335
42238
85156
37710
22525
26584
83978
54422
30869
12973
20064
33520
63990
87574
49009
97701
30412
20034
5811
23436
15611
57538
62557
25555
63844
85367
50155
92303
81853
89343
61355
99541
31581
46511
53603
70459
73095
37581
41233
20317
66907
61298
53837
30897
48872
19198
44950
79284
39232
50761
19073
71195
24652
81630
96750
88496
83349
63258
97151
81554
68953
58506
81095
16886
5017
51051
87345
94465
4984
44931
14782
71891
6229
68619
2788
71453
4169
64091
67090
59753
31204
2515
30949
55856
84145
44051
44353
67494
7309
57856
65400
92614
16363
46496
9501
37732
13899
13198
32197
18883
58129
63331
90775
80710
48302
9915
68516
52471
74006
35606
12225
21563
54473
43174
77419
38618
87225
38124
22464
10887
95981
87864
3501
28696
50712
29354
66428
80963
42553
14978
99847
17034
78309
90622
14097
26612
537
82613
79083
90896
34571
91308
28811
89044
50834
6230
44014
38060
60707
82830
65299
73040
87046
85152
1736
37759
30859
68164
35074
89764
99494
34921
6798
77804
41895
20895
4416
42433
3508
99851
49681
54431
91160
78492
43475
41994
1074
87489
96406
61781
70319
78057
34821
57366
79562
52909
11477
10421
37426
46551
185
36920
97825
6983
14724
39720
44231
35492
98505
64091
35344
48186
18523
42856
43030
78350
1202
44105
65840
97609
22238
52511
92018
73412
26229
71580
26321
54058
82001
63747
16962
98538
668
14787
5522
15392
54507
66105
50885
69365
30196
2581
17551
65071
45437
76934
43422
46639
37391
25614
60600
59629
78125
52619
33041
20707
40551
59363
74765
22553
23110
91727
37443
23778
6514
59317
55523
77374
25422
22760
46739
71971
25341
80642
53394
70778
57576
96816
17417
94967
38782
94370
70949
16908
46989
3990
53967
87540
79705
28732
26445
2816
20460
80241
42946
43326
39558
98469
20700
64981
37581
83791
53304
62922
64434
6698
50052
38362
19867
83822
49682
58649
78192
20631
91909
41533
40973
45876
45425
20679
74609
88223
39847
11421
68464
82793
54747
8022
97615
91800
73003
51548
75591
42659
14471
56377
49358
80875
11092
69225
64697
77126
44226
59241
97757
36136
774
55082
98364
46200
75761
89325
50775
15608
746
19239
14754
55494
27261
28721
63646
16617
80269
39237
59276
11092
11967
24986
91968
39411
10563
73017
16537
54790
32259
14294
7278
49385
85728
21994
11937
61490
11320
62712
93450
12066
98303
24556
83912
25565
69629
47558
58534
49899
3148
34162
77343
15115
59149
69311
54526
69712
58681
71063
40854
7292
1709
64484
73029
87437
86479
84967
65279
97799
64031
75082
9865
62335
99638
93778
4252
85620
57688
62786
35519
60836
13300
12862
92303
72449
98526
63181
58514
73559
50596
15720
80851
52305
80205
70232
56095
83036
55199
37726
80835
35583
12808
7052
97918
28799
17182
18522
14419
74871
81308
66290
35707
94608
95504
44363
83410
10382
7544
58276
83941
58141
73996
81144
26798
70553
67729
82893
53589
22928
36972
50776
58511
66132
57829
72781
94931
75011
91303
25702
66234
88963
8344
18294
99924
3849
62657
83334
30583
70201
41610
30877
44694
31958
28373
71493
2512
96102
70738
72453
35383
7710
23230
10246
73843
81059
83028
85126
72422
90683
27181
55009
79647
51877
73303
79571
55726
52312
79257
2662
38865
37219
33539
83560
69177
78264
71405
88041
74367
42143
60495
9750
66206
77
19996
56401
81136
19376
57879
69910
10060
85060
41271
6059
36938
14574
1982
9016
83238
97591
28030
22104
34810
61569
22016
20339
56186
9773
8381
30553
51916
85228
56655
34474
85305
93003
90875
82793
28732
48755
69055
55144
50167
10327
61203
87105
41253
79537
12474
40844
77128
40504
79300
11938
18426
1316
32277
74612
11089
57010
21517
79357
58590
78172
13832
60247
87527
4707
43040
16259
69814
28448
71403
19982
55127
48958
23439
96380
28495
35913
37224
5623
76418
32876
17561
11196
34192
66191
85808
61633
39553
23677
57343
98144
1849
87527
74743
5728
8586
34136
38340
78401
62584
9743
98383
17711
58702
21822
30443
3549
74088
84020
9173
66858
16896
43086
78054
51089
25629
80214
29074
81535
3891
2769
96031
22092
90296
70774
27820
98883
4910
66160
77284
67494
92256
92019
1557
67310
30193
32001
70859
4281
16021
96384
71139
32917
39471
49193
358
81452
29407
45785
62987
33298
48554
59018
71742
55203
29793
99563
54086
34703
82075
47722
18550
74331
56093
20107
57993
86286
52108
28853
90568
84481
41589
61707
17399
97412
27253
34109
78865
73012
79894
41852
22663
28449
17223
94405
83652
47016
10320
54090
98071
92396
18164
16621
83079
74257
53081
41073
60543
5189
86278
51111
89671
27867
29171
23422
41632
72776
57531
20497
45788
37426
78701
68451
82227
95924
79209
82231
59292
89529
52673
57364
98277
70837
90337
97709
45094
43418
38782
5637
64960
41412
73101
54631
85631
2272
94405
27263
91400
51936
64112
37188
5714
42814
21992
87941
55090
1201
86524
14383
7082
39197
88099
5360
26386
78436
3069
71480
21855
58203
77118
86815
15967
66571
57798
1598
68843
68555
45214
76595
20491
9326
13783
42558
68492
52127
46851
23583
53328
33376
54318
60411
88925
42417
82123
15312
20853
85192
86792
59060
59747
80262
62227
75714
46833
36377
93664
32028
4932
38878
8623
25424
64557
38759
67982
49401
90886
14833
72984
44215
64561
43654
20978
53487
86071
3101
85151
6925
4645
71943
82337
80744
68558
44565
56458
15391
80942
50122
47420
85875
5353
72395
27651
69910
11154
11985
19311
2041
43170
8648
62608
7732
52302
99938
77571
38374
19391
62722
61651
40388
51017
60340
21132
19575
21257
77590
51319
2200
44064
15091
4427
49417
87486
32078
35679
14993
60415
71343
17034
3585
79991
95994
11317
48645
95932
88888
3371
31675
67962
81374
72063
18980
41715
93195
54907
62972
87137
6226
81524
31201
21317
85951
80619
8804
34381
16298
40149
11148
3993
57183
14734
83984
69529
42403
48982
81813
31292
52353
13488
15606
33728
85551
50938
91795
95098
5846
71119
82235
12072
52644
13436
49742
54947
10407
74898
5681
43058
15047
16829
47051
72230
31563
47388
58111
73967
96370
39924
21611
65075
53412
37217
98803
55315
88156
6950
50413
10354
78070
49000
22426
47066
78788
72168
2013
89196
63418
7694
48606
78465
40876
95657
67047
72439
59397
25158
62758
55767
65082
84369
20843
34846
37939
35998
6513
42447
42949
73278
69153
37371
38630
91579
84437
17419
80100
2802
6615
59870
26849
71573
38336
67725
67230
5383
56516
26628
30542
19275
98747
11976
19996
19590
63175
74287
71941
86040
33086
31242
59319
2239
68613
97949
10171
69402
31720
6623
72204
54687
66493
99053
26260
4829
83130
93491
10213
39647
36471
57107
75274
35218
85435
95270
71161
64962
69558
43102
51003
18996
90696
26674
21236
59309
40975
31407
45063
72696
38030
17267
27383
20875
32673
53644
25705
32155
63487
52270
71802
99958
9377
47076
51528
11164
58699
39041
76127
44609
82143
43482
63605
72839
70156
84841
48500
27483
32600
93563
179
86982
27183
43915
7858
76208
13911
49915
8363
77398
2185
96518
93708
27914
59946
45236
39078
18645
84278
31557
63254
82773
75039
26860
71965
61547
28053
36817
89031
77006
46733
5562
63988
90268
49477
88198
82828
63388
38113
7543
57138
56650
4061
50846
84564
64008
12435
39995
99005
96713
71552
62260
95838
62944
5472
84155
24491
49877
20973
13522
43235
67706
19085
7224
74326
84914
11774
57154
64655
66240
64697
21793
22890
68759
88992
7455
49119
1427
63802
64476
14492
35354
43088
10330
14650
48560
10838
39142
14790
31811
69016
58025
15869
4453
81601
90195
89368
93376
47349
70375
75968
28398
92168
98858
13509
81160
22665
62628
82587
86467
43457
13431
38174
86545
40114
52824
35106
50952
8318
66248
82763
77335
24273
14984
81788
22227
5179
87508
31955
68880
57883
7923
97278
50052
6781
10788
47564
45799
89768
46504
48618
33225
59935
86792
19771
49
55969
71229
67353
64287
37477
50116
57974
78102
65100
39763
329
86631
27271
32284
55511
85155
56559
69142
51559
63341
96282
15475
25492
86050
61979
74110
35628
38267
77255
55399
54668
33224
42980
22022
13863
96809
88490
71838
74911
69943
27953
91593
56574
71576
40229
28438
73083
96789
97580
40994
76482
10214
56470
1974
96264
34801
92436
31892
89420
69691
3643
60441
19267
62975
82463
49483
59784
87305
37673
51048
57248
65626
42641
13823
53554
99222
58613
26638
12363
72545
67632
5197
82759
40454
7171
79023
91608
15960
27268
81028
85651
47263
41469
21271
10239
40284
70754
86375
27590
24779
37423
84838
90405
96416
15013
60311
95639
89978
86949
8002
62523
70934
13200
45282
27740
36723
40658
19348
69035
67926
377
71039
31541
58198
92310
58132
98483
79416
44508
42425
4195
81931
43615
10952
78348
58629
71263
90339
48607
74565
14693
27483
61851
44245
72765
89591
97321
13423
25292
66356
97701
42021
37395
45595
219
29705
3727
15054
25473
64587
57479
29668
46519
1095
40620
41219
76076
28236
47910
41035
2801
62603
68518
64652
6849
41284
70595
20522
71059
95887
86878
68761
37908
40626
14356
54480
70331
34435
69534
12157
99023
27014
41825
61894
44461
98798
19465
20537
27034
67375
61572
29835
29978
30091
10839
53179
87727
97786
73701
58786
93674
76932
43899
47934
17558
74607
2414
4241
9043
71949
16398
24418
15315
74576
86312
59776
73374
5777
80313
408
73152
58237
46595
19482
4680
57434
89014
92407
55220
79067
51194
65246
55999
11445
29533
89909
86053
31947
94151
11448
20248
26901
35866
35563
1477
38530
11691
91203
44307
8356
91611
33811
66594
54558
69645
71274
28344
75011
63682
99917
54079
31228
65163
26430
42673
11048
16340
45078
42996
26843
56526
79596
53744
8744
31512
71574
47274
43203
62777
7933
51560
70741
58096
34506
41651
44094
5780
69996
19105
85814
86265
73184
33394
67780
99615
92420
78829
32307
37498
21825
59150
10377
1421
29246
35473
32933
17172
82748
92489
96302
7033
44049
83395
65130
94907
25046
9224
687
11394
44681
2854
97659
17866
36248
65440
33833
45020
44269
66140
98871
82446
41642
9248
219
87240
44721
33153
20765
43821
41994
17067
50855
86043
462
32337
80950
41860
57913
97989
69607
2594
17195
67266
36812
53444
32706
70645
14816
93327
53137
13687
75773
11131
22935
75993
14724
84009
25498
35489
27830
67492
52556
95037
69887
69370
43726
67189
27582
17991
81530
97189
20586
98726
64456
73750
68522
13514
60748
83338
6842
13885
97026
98967
41369
19961
74960
56093
20322
458
91582
64505
84302
60490
59542
54189
46212
19621
37730
73794
37612
19261
70984
74550
17987
51792
48301
86509
81658
9049
86199
4852
39286
83225
3820
80655
19539
78780
36748
39861
95591
44682
4366
96245
5172
80261
66787
51384
16234
4517
25179
53846
23778
12515
28397
58117
80659
93050
60978
62317
2099
47178
67170
41385
30403
70990
38393
66294
66122
75141
6156
78065
19824
26874
74311
41348
23487
41098
92733
39721
61967
34264
93568
2098
63131
38317
60215
43790
31367
37546
22459
49818
1076
89629
91203
31479
76971
29596
14126
59446
21090
20282
37511
57266
63508
28174
98614
86996
85624
91347
43069
47592
25611
36637
49690
5094
91306
26257
48884
22673
63803
71344
72491
81231
77325
80047
29063
70649
25995
43189
30095
47085
63471
67606
4351
43331
12133
19318
30327
97757
10665
73397
45349
52629
26386
11391
57723
17693
37649
22960
56718
17804
94304
45562
99036
87981
41961
28099
58630
67956
71288
88725
31394
51111
72684
52097
94442
84817
71415
41122
98926
98433
30871
44276
67414
57257
55667
25137
91302
9668
64449
64373
27473
75105
26287
42861
63087
68248
87312
21717
52556
58600
26795
83950
26063
15831
52400
36857
17000
23815
77979
15926
38600
25202
76554
6014
82460
48574
47504
90114
58242
11953
70839
2067
87059
97126
61280
66498
65374
48592
4567
17931
23544
31362
18233
65959
47193
70633
2817
80545
10801
97148
96472
49401
22351
73026
71768
21163
21600
19272
27629
96195
31225
98469
14614
34636
11947
75895
1134
77322
24487
22054
11605
64384
53416
46190
30343
16962
33176
33160
97507
43977
46661
10331
9730
69012
99710
81498
6527
21310
770
34156
33857
48348
48977
48472
99336
60925
40719
16823
54599
81558
38877
82556
45942
8645
28746
76286
41959
78274
25798
55819
22251
72459
66150
48334
57823
65860
29832
64350
3523
46955
14859
53732
11655
63836
18556
27343
24761
59275
44166
79360
57186
99395
61916
3128
8041
7015
95766
66352
85289
37917
22171
23893
26728
88322
72227
84552
70534
18411
65254
90409
81718
80113
44142
93373
60302
62698
20717
85063
38326
81235
80776
95512
96983
59044
98640
5024
82411
10759
87728
84053
65028
9900
7946
91756
14574
96525
92660
85108
31288
57915
91870
13007
54380
36012
22732
14682
98710
59801
16098
37036
41037
13226
48900
38020
72270
63893
59396
71034
74652
47124
55087
39680
73376
63033
47788
87950
75910
40449
89411
7198
14716
97633
20205
69096
33645
42938
131
48707
2739
16229
2096
60128
29455
50996
14500
18077
14889
90248
89111
5893
53725
44198
45573
27101
23583
9714
31404
99493
50163
37167
23044
64879
34800
43249
33975
84797
2539
50458
33504
21631
66687
35600
98111
12494
86597
12612
46924
17838
19212
36035
23732
72937
96586
85657
16391
20169
95371
47795
36015
45534
1314
59059
26765
52466
18660
77093
37263
37552
27551
70767
59183
10591
22720
73646
23085
25669
2610
86361
43507
21823
22397
67239
94760
18983
52897
27503
55504
48268
75298
7871
10155
92964
66930
36920
45430
1943
14013
99045
39495
57917
86165
15030
68508
8885
88676
7945
34554
91287
94307
78061
29462
33056
61653
40574
68391
14550
68078
23895
79170
59728
31767
89325
52693
15049
42598
14475
33344
72963
29873
72839
47232
16038
4221
15740
41275
92898
40038
92181
537
34345
86594
46351
67401
48247
86925
35792
79149
55003
76039
58320
14732
24158
63997
83777
55560
22947
98252
88904
12263
44477
78096
59495
60515
82317
75236
18142
91567
31626
10323
92104
65971
96918
38455
49724
61517
41733
1868
40667
96736
94259
15339
27820
18418
79336
27949
90330
18636
26202
79234
30899
87031
57330
90394
47547
56000
81982
65689
47567
13608
92365
56024
95931
89283
10831
45655
50800
52564
63875
91467
65653
58135
23158
93473
92905
18847
21423
83235
37483
63977
78821
68382
67360
52504
75128
14907
8504
73463
96949
56071
3423
89314
12095
99355
94949
22927
61362
45749
91843
25238
53569
57496
83373
76727
67322
92630
95574
5097
75865
49409
85426
71038
34143
52786
23542
25624
84046
48398
99087
80995
20822
2510
86661
49269
1865
81610
72196
79580
43711
80392
4818
97280
37888
4543
90360
21562
97173
2286
26659
89390
51696
12085
76780
2191
81224
323
27815
65270
65073
26902
62617
85895
45765
49278
35165
63982
47240
23713
43562
90951
4105
48380
4584
41994
69275
94944
79908
82800
13582
6568
72190
81630
35005
65323
83822
16229
65646
27989
97851
47071
54892
60468
32967
17009
26098
84484
80991
73338
8197
24554
80642
12303
89286
85226
70649
58562
96522
50557
41362
10104
73477
29905
8087
8483
95228
8261
41064
77226
36250
55268
24297
7494
32088
73616
24503
58187
58100
5495
47877
82650
30049
28519
11305
35687
13745
98306
94249
10267
65215
51964
36724
38693
98221
61163
63528
9801
69424
20944
3379
5674
76212
44028
29521
8301
33997
54024
82840
92097
75871
47069
91099
22272
75589
2404
57960
5686
710
68561
32306
82278
36877
85382
20971
35098
46545
851
61251
32321
21795
64630
37995
98008
25011
83868
22661
59008
37893
21853
67457
13764
68922
58557
36037
60863
77313
10349
82902
94376
78910
31560
76654
15788
16942
13977
67238
79839
14828
44842
12160
36623
25824
66507
50983
50835
50376
73644
9843
88269
11849
77301
18385
80772
52210
70774
57987
29523
81123
40889
40251
60034
72449
16905
92174
5743
30882
59412
85582
62062
20606
97742
98686
46431
64250
49669
97266
14626
39666
7110
19247
51515
763
37632
48639
69325
8407
6627
15200
89530
47516
55452
65916
19966
88709
58090
25709
19592
33855
27644
81654
70813
25386
96692
17244
89636
62714
14511
20614
2380
37973
39861
70247
55088
77494
18887
24413
2253
25514
39613
8135
73030
11417
74052
9348
127
48494
51410
36071
98701
79054
34077
69515
20792
30770
3111
26781
93484
17622
47395
12216
71947
87257
82463
27035
81103
1350
67800
83356
26864
23766
7843
16247
35183
81895
41947
35310
46742
93357
87733
61795
88763
21811
47662
9556
68933
50774
36337
78769
68396
84
7337
56696
3693
89800
83731
84796
7503
67884
84504
50719
91650
92348
83318
26833
90595
25266
78496
53689
34975
82581
15485
23739
4392
63147
49647
89677
30273
2336
84798
15022
2420
92135
71718
6114
98288
55449
7262
22143
23333
91767
72862
31335
467
56181
74521
91062
97799
53017
61104
32774
35598
76589
72865
56343
56088
38864
62372
86362
57552
47171
1384
59973
55658
73102
82439
53946
44903
6053
76089
84589
14172
65304
15924
14639
37837
90445
22054
35636
59814
83158
84762
11765
76099
73980
84460
32187
12844
46832
34901
86749
10355
36285
63074
66014
25739
45513
36312
86995
67918
12402
87936
82091
77706
20212
13082
31895
10658
35136
67531
86824
34646
68645
14941
10745
42625
99401
59285
71822
62586
94186
58571
89293
46824
37997
55307
88915
99862
91620
75910
67780
20374
63846
49871
14432
84059
79306
46327
11069
30794
30210
14245
65441
98855
29187
92538
57833
44940
68175
46007
7526
78714
20930
13172
41890
58927
68479
30805
58789
76451
23068
26569
96825
3266
92793
11257
3677
72099
73936
14746
2893
4146
45344
84686
3002
90883
93577
60835
35823
61752
6842
59702
40466
44124
72874
98708
3051
57705
29514
61840
34157
68934
88409
47334
72200
97554
74944
75878
69653
48880
6976
72547
53027
52320
73585
56029
59555
67162
33216
95379
28915
56410
71433
85733
534
44307
794
3585
18364
30308
81777
52521
99242
70186
99856
87794
67741
74800
63672
53746
40032
87001
42645
93059
55673
16231
65440
15229
83393
15008
10608
28660
71418
98393
30746
88304
42700
31540
8241
61064
78200
90018
29938
93794
76557
46146
81588
60650
37298
61613
14396
77330
48614
57042
70390
20639
89625
52182
35868
89370
67191
62828
34383
54961
61221
81481
43266
20273
13021
51507
81338
7573
57878
27628
1367
34435
73774
99307
11437
27424
77272
25833
4754
42238
99227
91496
62878
5204
43679
98746
94575
27222
61575
45310
82183
22796
26791
25449
43070
56164
93309
40760
80089
51187
84740
97808
1974
58514
97115
13411
2290
74388
55596
7044
16626
71176
14893
95856
76380
74924
94603
87307
2146
56178
48969
84329
95326
75760
26131
54748
48276
19440
95508
28365
86979
96600
26173
5305
71466
39641
18716
73756
30381
90664
97153
63359
61840
12046
59216
54573
86970
53819
58232
5468
26349
7202
89797
38027
99314
15928
92776
47591
51720
4636
92308
38699
1237
34834
44004
72703
74475
79072
46460
4856
69737
43613
68215
47929
72011
43783
18854
75333
97602
77087
80801
40303
84289
70598
78331
83603
2879
87459
47546
54599
92095
56207
93299
9684
91041
53655
82388
65516
32728
45200
86724
18817
5165
71291
83098
77176
15075
1953
68861
29029
95392
49662
69333
79681
20260
47664
79636
23139
51475
43535
77739
43570
99742
87390
53255
7135
41045
51995
89003
90125
13547
75727
8942
18712
63370
8393
12240
78445
26698
81101
7475
22090
30763
76808
18123
67375
40824
97759
6867
92299
57646
958
52221
73740
88348
21828
80875
45745
73823
69878
35871
87370
61957
61165
22434
25328
69558
51026
3773
96256
32127
27600
34698
79242
20760
52821
62970
61584
66933
69837
70235
24579
70795
38809
14672
75495
60637
95547
21240
50813
81778
57111
38183
60087
34629
76970
1767
20539
27996
21893
33148
76476
49493
67846
72070
70254
20668
35040
48190
87601
4877
34778
28532
92024
73587
43204
67519
34224
55104
88760
85037
53234
62223
39573
13321
96852
32895
15089
33744
60891
36982
66892
53719
2827
34738
25790
73081
71758
60830
37624
59359
82060
72402
4244
74084
45989
47448
41604
80213
2552
30364
81603
55786
8939
37528
85460
22144
70423
549
55888
31314
53883
22780
1386
56710
73870
27176
46144
45629
88006
83768
21340
70066
56170
25584
44151
18511
73033
2107
15076
91937
48823
96679
47724
57762
34207
33184
79906
20982
50085
35794
52297
3968
58574
70035
77030
32445
97211
23174
94426
1569
23294
15766
71636
79464
41351
32139
97975
14384
50598
29404
22673
99421
26083
70397
57183
76643
19933
37090
97625
86370
89236
66274
6690
64163
36309
83721
96608
33520
23247
7386
35090
46542
23152
23078
42358
64503
71569
56686
95239
22167
86090
34265
21588
28525
21014
95123
5168
40948
32213
19146
43670
37802
85420
50361
1965
38082
34082
14925
71602
73681
22311
23044
20223
45463
62474
78934
26319
50395
35620
37910
88914
21710
72175
10502
66587
93190
21978
71756
50490
54191
90902
94160
8345
92674
44521
10310
30756
94955
25235
18711
84989
47546
58107
5212
9362
20582
84146
52033
87329
36118
6295
76244
74180
78471
86746
40768
88013
25076
12524
54855
95620
19778
49015
3965
28804
9889
14276
59561
21196
39511
78272
6185
3410
36379
27750
29124
73313
28248
81157
60643
64367
87452
36887
38547
82275
39985
79315
86640
65062
8191
41495
60682
44321
6863
64647
73126
33104
95275
32687
54300
51139
27311
76838
54549
80042
4588
25
53356
32836
81182
13999
13555
84986
67238
68455
83614
7223
47770
70254
88637
72314
28102
49319
16635
34965
30319
89761
68069
25594
38800
38721
76733
66111
15559
47634
46154
36499
47659
15862
85688
45193
46213
15595
30180
13451
84050
13794
37026
48173
400
25664
20487
28502
91335
53474
79819
21654
59588
47888
63601
98388
2962
56686
80852
34873
4321
43358
71373
68332
75572
73413
13526
21785
89008
60058
35236
73059
90204
72262
37584
90604
14278
58071
35459
5614
27897
15278
43620
87485
63167
23573
2226
82481
80260
99430
17354
933
59140
88727
85617
34712
78492
99143
56497
83853
75553
8085
56912
65757
96699
10848
72714
10978
68919
8173
32944
96816
23451
92916
654
2970
32842
2880
85451
13102
2310
2806
30387
77802
7885
16004
12514
2730
31500
69011
86583
7053
93448
59847
89163
90147
70695
61877
17477
55966
70050
66773
69134
9853
59690
69788
12824
92532
89020
14627
21986
7682
33785
68725
85484
58023
1081
97998
60753
48933
83361
47336
55987
76809
7183
45150
83309
94230
23379
17138
50196
93429
83912
19330
3282
59954
5471
32458
68838
94491
47086
7176
2174
80871
92253
4010
38894
93334
2009
15999
42268
1722
63335
14607
94884
86870
76109
78193
97452
99488
11683
47648
9269
11947
83331
12551
71901
88802
61362
57091
99645
8448
64267
18171
5671
72872
22182
60918
66207
24191
76917
24827
42265
56605
55786
37149
43475
48247
31694
57280
64087
43378
4928
73356
55325
4611
2259
43579
9765
63621
17022
9411
88421
97642
43934
94093
70514
66116
71363
53073
6659
48280
94252
48925
4885
50038
2426
64713
14637
34121
38345
78724
93851
59625
52080
65528
64237
70692
25459
90354
50665
42482
16117
39087
40124
60052
49532
10638
26168
20895
63712
32828
85527
57964
98105
90413
24355
531
71478
38992
51004
9823
34069
61207
69448
2501
26736
50037
73193
68547
40392
23859
11029
56509
79298
67505
16561
28830
78144
59082
49725
58208
8262
35252
32524
6367
42017
73231
23250
29847
12224
90607
56022
46293
51814
41823
65146
94902
8212
38340
63450
48604
78551
90831
21466
57849
58337
54379
86679
52833
13461
52756
27393
21723
4360
59917
44442
62730
33149
84045
8929
61725
74652
64952
24370
42818
23127
89516
54073
31339
44208
17523
96296
22759
24706
34114
96960
99395
88493
99991
52228
18307
69099
79621
56382
73460
55891
17177
52542
5392
1222
61471
67117
92226
42775
7839
51396
65902
13707
5469
13594
57916
39344
26242
97027
64051
60356
10340
63446
48849
10331
32027
83508
79431
28000
39891
69243
83891
57068
21785
5635
58290
83256
72752
66868
26032
96943
18264
8286
10651
40086
21880
84919
79430
64474
81946
59833
24830
92286
39632
90032
18970
71659
73540
98401
16011
29783
67644
16255
86851
89429
21890
61493
89037
10995
28361
15069
7938
62978
39708
34941
19416
61588
19860
98846
42415
18159
75032
67245
26797
14664
73629
45767
2675
47170
60520
35038
76953
44516
51293
80157
50297
73184
41650
39335
84179
86364
70756
8469
65694
10464
43411
85110
72053
63271
308
30820
97782
91692
98065
24580
22708
71695
86699
25383
35217
47220
60422
28522
91736
28067
25031
58386
1251
66682
97721
85430
69398
68477
10252
51444
78942
53663
36554
67347
33286
53214
98167
31069
44907
96232
55649
67615
84279
58700
9351
35848
5920
86125
80723
14009
14192
5754
72395
31796
88788
86468
33578
74538
54945
43830
25982
33887
97493
78888
17586
30780
32103
15753
78201
93362
28338
50202
77329
28969
8902
3032
81170
31175
89157
61893
61536
19702
83999
33931
51498
89140
20399
85076
63678
91696
28907
6013
41936
42752
84901
59522
89884
17004
75276
68085
26718
19966
18287
4048
48935
43542
7080
30105
74717
12590
8350
36253
48644
8702
86536
142
97842
23287
1570
77872
14983
46829
83885
56919
89582
68787
32794
95818
2143
8070
63904
45214
28036
98543
49262
93323
42085
72694
39781
16802
1636
48131
53055
50280
56833
39591
50422
71027
79230
68345
48900
94214
15174
49137
67485
21108
17924
279
33279
36420
24701
97183
81634
69089
95726
47248
62413
54164
19942
2194
70966
21579
66677
40374
88211
39863
96317
54986
10890
75548
23331
76142
69762
54857
25280
53599
92318
43204
53879
25597
79624
78580
39132
77610
47670
34858
24858
26435
89022
44801
44981
76341
82732
11658
16715
70943
51521
13032
42281
78764
4932
65612
54906
91046
36822
80186
44646
29140
39743
98525
54737
35719
93457
93869
13330
57479
45079
38188
83914
50454
99341
28895
26795
98425
56906
59862
85721
8427
89246
28002
3543
94179
93615
58450
1577
30437
54988
46223
75929
94731
61100
47018
30451
70910
57239
60133
28389
2318
98321
28656
69124
14015
73903
12271
12440
30809
72133
98161
55589
77732
26164
59132
88263
36131
33934
89840
82920
88923
36064
58849
6
13516
5867
30457
84426
63106
6942
12816
81776
21616
57824
50901
35631
31727
79524
48071
78889
51658
62585
50830
45742
5101
26314
34005
41232
60249
40197
24152
65524
92613
99353
65530
6130
5220
12340
90556
84678
19282
19724
66454
40898
93900
33707
92881
41980
13232
57305
20869
81242
19890
88051
26984
24991
14365
77341
82575
90966
17538
6727
56490
10152
6080
38373
32634
27652
50713
39542
12330
86347
59267
95136
27246
69519
28844
36479
11499
42076
93784
32368
23318
30026
36771
66654
55017
51137
60347
53944
58455
94237
77023
14946
20741
99455
53319
53375
27107
20384
92918
55789
6731
68537
50926
50329
38056
79770
3161
49556
38198
96945
98276
77868
26972
35048
60874
98341
86185
21221
52286
44640
15458
29309
75938
36200
28765
45609
89575
72224
82345
98845
28014
89077
67382
95292
55758
21791
91414
58919
71347
29612
72217
69623
23832
99189
21023
84706
13882
23560
5927
66168
68201
37737
11830
60491
73937
56947
22453
79865
29171
4798
95062
73537
10227
78797
68829
82338
588
60243
41257
71935
6207
13474
57910
30039
29015
78934
31097
42898
18846
53376
25418
3399
91114
53600
63891
81403
10547
86344
77620
56071
7494
72683
29608
17722
51480
14790
60
52068
75033
57669
40355
97593
87496
14617
43984
32863
9903
75082
75761
28750
44810
17532
32149
35924
71132
12392
33680
98032
98736
11300
54103
22583
83983
83711
56657
51815
98501
73069
20235
89887
30738
60590
3832
34586
91560
47816
67450
1463
39250
59563
30213
413
93447
78715
36337
80932
91107
86369
78964
6196
97670
33067
28779
98005
33130
85436
66173
47984
58505
86408
54223
5595
63351
74407
56534
54911
22223
40336
56374
77826
99899
2940
78239
9699
81655
30928
90631
72762
33650
69595
78958
31320
19014
24089
45677
68496
25877
11850
32832
734
14611
87055
22682
77962
61462
79216
32873
38
19552
89247
94216
35803
8539
88807
45502
90194
36087
36133
79309
69737
22080
74619
1057
41094
15061
63087
25943
40938
91289
58775
41673
5900
62183
64355
83862
39997
59923
16735
56387
79475
22335
50603
31630
47226
55762
77133
37421
91850
29618
33082
61587
51699
24053
78997
9145
39114
42084
51440
80053
33373
10216
38078
39274
88751
18785
39488
28748
78708
56224
85136
74535
94911
52091
6165
42137
7854
99650
95910
99704
29269
45344
77643
97320
69398
56640
22817
8512
98724
74258
4917
48450
84474
59347
4076
73225
78132
43564
18325
73192
16140
19813
47727
11051
71905
70245
53189
96111
86247
65451
12167
15516
10796
89810
29188
80194
46451
52006
5058
61527
26264
26328
26329
27090
2027
30405
16667
80160
73970
34992
69704
6462
54806
33784
17514
43063
4029
87055
39174
90276
52506
51341
22145
79654
41151
51333
76200
3954
19691
81259
65482
45955
23939
91811
89397
25966
38569
6064
22478
28891
41057
92183
35353
12215
42319
69219
71630
62700
56274
10804
69328
25133
78497
91473
21139
36000
59159
97340
39955
95202
94951
21789
41158
18890
29952
46907
61208
68521
52972
39
13764
10381
8574
49118
38948
50893
34689
10578
13593
90964
37734
82921
32449
16231
90747
69940
52231
66258
67280
8538
61460
62231
30327
18970
97473
76632
65878
75034
61505
18850
75073
75270
45583
99999
24388
84531
50892
75429
95109
64485
82745
32843
63758
15194
65426
54505
1487
34009
20763
68767
42548
98576
47351
89227
17546
61176
65859
83424
52562
27365
18626
27635
18987
64209
43986
59727
65092
94878
35156
76553
75715
17902
25748
39474
33096
91174
10331
50935
41536
47447
19703
84084
46023
83406
89663
63569
44582
71875
63346
97145
15592
98324
41132
34579
78886
85119
94306
43978
96349
29462
36884
72065
47364
62632
27891
96813
70159
54574
47748
11695
18373
83803
12131
64396
67209
18146
44318
11792
90021
7664
25289
5613
22340
66421
56544
1226
67892
50850
45205
64242
80313
98441
52659
44029
61073
96902
40842
31232
67828
4943
59279
86202
88746
71410
50598
55956
89557
11268
84100
95930
35284
25741
1544
57625
8514
74440
58851
76407
25291
20408
57001
21956
18849
26012
65985
96275
39266
23180
27507
7094
44475
3139
93296
33221
74549
60247
5529
80458
71515
5981
76389
6800
31722
94285
80777
40237
68725
39628
32996
10368
76389
89997
32324
95238
32361
14662
91513
71627
37842
35373
78721
82317
38512
88370
31890
29413
48617
53772
26224
36484
59753
18965
59636
91476
13250
40413
48065
98327
80042
81061
25048
72783
87410
57372
68021
36123
72034
75887
7750
26228
27612
2823
24897
82476
7545
56788
28241
56162
10560
54465
8999
86665
73430
68635
94493
3032
9049
42558
17712
89091
39971
42760
61874
43733
132
46247
79856
88519
38486
87606
31099
82450
6782
55997
81278
14327
12785
9520
86842
39697
63985
95841
26362
37416
64476
20856
40448
89877
79766
58160
95320
19738
17272
73546
63471
33757
36146
43328
22276
74632
47286
69727
73435
70420
25724
54713
84748
54861
64233
87942
94558
28219
83783
37273
81987
64611
74481
38787
54489
54247
13300
49809
73985
30572
39708
53809
64329
75854
13489
2957
66838
60775
72685
40273
47548
14761
11339
32296
69623
75572
20238
80533
20143
20373
34158
18482
1336
8639
57270
72177
62887
86922
38339
36872
17494
78047
7033
98176
53901
20522
17485
20739
97650
6522
77365
45198
21284
88704
93846
7259
80628
30436
4144
17124
50809
38303
35606
68497
46942
9228
40675
9829
96150
79014
63054
29997
57061
70087
44525
27314
6962
62010
64405
4612
84885
41770
66162
6169
46826
60008
29780
27455
90444
33924
60931
57605
72227
12889
42454
19170
38470
83129
28999
50972
78495
8405
80969
51908
78493
41846
79222
85455
20209
43628
6419
5094
1750
72581
11263
48577
48941
41043
92384
39385
74967
53315
13342
47195
82556
55796
82717
21026
55278
11716
71999
33773
20122
69320
85682
14967
11167
81256
16774
47728
41236
23193
52822
42987
12126
64085
91564
61067
21480
300
16804
12799
69967
30146
76346
52523
2294
59063
73550
57572
87132
61901
7698
23606
31221
93380
38573
58740
90988
71699
6468
32225
94892
59290
75212
7018
39727
83128
84437
77559
83428
1241
90359
53395
31387
83057
5918
50033
58473
95820
7606
45605
57721
15304
69211
5295
25036
24136
80387
16024
95835
3208
48249
7079
78850
39813
30449
18578
22941
14886
12489
6369
16127
19200
76116
63866
2258
98387
30251
60731
94207
37857
22688
68281
69513
8251
89928
10901
32387
70315
43278
44574
73523
7879
68005
68726
47693
98454
87304
86986
29692
16145
9708
62171
35346
85824
42389
53956
84211
72640
31039
94771
26850
53727
63052
12715
78330
69332
39969
27069
39647
83247
87995
29523
7478
56000
98249
71523
70806
1905
58510
498
18050
68218
79021
69748
54042
21410
40056
54606
10402
71095
49377
37252
41174
28781
66320
35856
98113
6289
62925
54112
5888
50920
99987
13366
6920
98236
1242
77726
16493
59752
94576
50896
27970
73597
36996
98364
11359
77053
69322
21762
64500
35051
75366
22027
63832
41686
57883
78297
64327
20809
48762
86567
88081
48749
99934
95002
63338
1176
89080
96183
77280
9
47079
5250
89958
84076
19966
17670
77481
89289
55784
41981
24340
31150
64008
4525
89189
38244
99174
69868
59053
47936
56436
47134
13038
72722
58488
92728
90250
63921
88911
67530
80282
52343
89132
70240
52771
9098
4262
30252
14739
60046
88585
39080
91197
68946
59957
96738
7190
59131
66606
82595
23420
23042
46081
52810
95764
20922
45538
86014
1195
50801
69896
81477
19496
59028
68069
72267
84479
72332
18871
99218
32378
23809
54650
39927
9107
30959
36665
16297
6443
19624
15244
29863
42666
61325
99025
54783
82247
60915
57149
83442
11716
27046
81271
47565
2426
65693
19832
86905
38025
55056
2476
86755
95217
73478
26683
4324
4438
79700
36973
10881
99324
52217
57096
58343
13542
56121
29478
12142
17036
86627
11936
45104
30025
9560
92669
48804
75253
28854
52061
13278
83910
54537
16385
95479
28016
43068
99803
48806
22769
36776
59687
38445
88993
16783
96788
18887
89256
26266
47381
6292
29246
75670
51396
75623
85230
60418
24427
60483
89272
76489
90113
89534
47378
6498
85013
75394
65919
84816
40552
5040
37944
239
43485
43289
33374
56626
78528
22630
82892
25910
45274
28490
1580
13023
4114
86810
73441
28541
63645
62713
21382
53758
52247
68761
76608
37260
60507
42527
38428
1060
47567
76372
17651
7405
36013
51026
64031
14541
90008
63275
40451
51635
91766
58383
64658
95880
61545
38099
40773
41542
17164
62156
11652
69411
47269
88261
23023
7776
47140
61451
8836
11060
54175
26488
18465
90188
93866
98848
21081
226
62123
61533
51861
70241
36268
16519
82473
97814
70970
23247
55708
88134
1755
67361
73897
49024
55622
96920
56800
19114
74723
81989
30174
45250
24829
64991
51790
18695
63839
72872
35273
42315
50757
87135
28908
87025
3654
11382
1191
90977
50981
56900
79111
52736
24261
69361
18112
96235
82633
91264
15349
57357
73253
45524
18959
14434
26867
70750
49481
90707
43622
84755
49374
94379
71890
78282
97756
91896
89664
98948
82873
56997
72200
78337
9733
12813
47698
44197
9048
30331
35462
24397
4040
25067
86273
23000
55854
13141
93750
5335
20200
53724
90090
69574
64455
61980
64208
62211
53877
53873
77511
53102
10870
49711
31439
36956
78876
79137
97505
87924
9469
49319
28674
13509
90739
14947
52861
46593
44440
46611
51928
64640
16687
42019
50566
81142
20351
14775
59706
90580
85000
37217
43683
12222
3281
75122
65530
82157
70612
63036
70082
96433
12355
15108
26294
3094
46407
79156
66039
90848
42119
17968
71840
58807
76339
38759
39949
96690
69886
16007
87271
54886
53225
30954
67108
72858
22428
48991
55015
9392
12027
41449
5825
40734
56557
32120
60181
2965
27628
26220
10165
69747
60540
98357
44906
36879
37116
1208
33570
7002
17215
20841
61888
70440
68147
45349
43298
6927
94340
14666
16320
22719
56115
38497
79805
29025
86969
39986
31990
14597
82559
58507
697
43099
56864
45603
79979
93981
46811
13549
17335
64027
50742
95576
50819
35241
40925
94118
58520
51617
8784
91192
90688
81251
29690
70493
10276
33011
10480
58618
63961
9391
17125
64658
52490
90342
10261
32469
675
73425
62370
18010
37452
29464
13586
88271
64705
70863
98741
39578
38832
23877
30770
29520
5129
76812
14
31757
9824
26846
90376
73785
36237
23853
54795
5079
14195
65056
53901
14870
54833
16271
49233
92285
45736
62819
96909
26793
50035
12002
82723
88867
35880
13494
34740
41009
90306
51106
89118
16482
77952
79494
90267
30541
19700
61414
51972
33895
42823
5873
65118
97656
22145
14351
6294
84233
93522
3203
27378
43557
15205
10102
48777
67437
39948
83517
24798
30254
34623
13917
63089
28927
93411
69708
75820
13111
31123
27792
63359
73946
50018
44829
71602
72163
59180
77896
72748
69054
97451
16478
28964
29009
42932
77741
96446
82880
77610
21245
29487
28585
51514
92576
57512
44925
62284
49684
74389
93407
93828
54100
83705
43846
98929
71660
32361
74461
49556
21461
59867
63360
37940
88831
8721
97224
82924
21519
80105
76886
42764
25944
5471
10630
18520
79335
71908
97156
29019
46297
6916
39200
16749
90621
83046
15678
62281
15408
6491
28190
53221
66358
7902
91161
71542
16623
88386
70818
38142
84843
47705
97259
10787
53176
7889
45659
48864
79797
42815
94235
42446
49731
33435
59195
56705
32834
91225
35338
64594
14068
79880
17815
96779
87782
8977
68321
20757
13715
39139
58900
98558
3196
72511
25697
56373
96752
71356
21589
76550
30523
15824
35348
80255
65612
94544
53312
98446
2121
5002
63040
16190
84883
80855
12969
72665
6184
97642
93423
19899
53133
68675
34809
56330
57538
76858
29055
54290
48214
50644
30840
78738
82820
66189
75345
48432
77085
45009
46878
95558
50011
26270
28100
34894
7126
57421
23912
29662
55063
33687
65914
24549
2362
723
80879
59900
93934
9934
14190
42148
76930
61383
37238
59750
43924
28935
8183
37361
73944
71413
32919
23956
97684
61020
75202
21162
18441
99114
50824
89857
32801
16738
14406
51515
33814
11637
27767
27748
37923
58310
86248
14853
19693
23487
90955
79969
52422
99138
17330
42719
86904
66601
66675
940
27621
58229
22102
62415
57344
72926
68624
6497
6017
99382
58013
39831
11019
85780
83931
48942
44090
70179
80147
80135
10018
71102
76456
78793
86593
93786
21512
73497
60388
4539
74437
4361
79120
12891
83128
36464
2169
68104
42962
8186
67486
17327
64369
94857
3107
48300
60151
63550
34832
40298
60037
61202
11401
36494
56347
97994
30280
94211
87843
7020
15102
78632
27734
94223
7875
10862
30687
10044
95319
90001
34583
62805
7328
98952
74015
26788
63605
34166
90338
14789
74465
50375
75991
85866
86869
48691
212
33502
42902
4407
56874
58005
83039
84608
52228
7266
11823
99267
17310
7142
5621
51893
86299
12949
50846
60314
39737
30803
94481
46427
45592
68946
13155
37935
71164
16376
86626
87728
49878
29529
92135
23105
3886
91526
7713
72466
98792
35888
88085
32454
59382
93706
84348
45682
23008
51546
5996
79097
82349
16829
25525
44293
85775
38680
82228
73291
55056
68855
61019
21287
14736
69506
44392
34974
77384
68457
7440
92528
20698
95525
24983
80080
5584
9331
25762
28592
60877
48111
7689
59578
64940
49566
3871
67068
88246
2451
40359
59655
87658
17731
97294
2394
3589
58038
53720
80974
42847
61160
89854
63545
73038
14837
43626
78622
24168
85740
7214
1397
33851
14903
77327
98792
64470
97550
65860
69068
2
22571
45075
87660
56654
58721
6407
60244
33111
60127
57570
75959
37640
47424
39504
10678
62262
99482
5652
2782
85223
12866
20532
19074
44121
14211
34218
24943
11762
16430
10364
11764
55354
71791
15776
12008
30513
22183
72252
79976
98663
46174
55935
52655
9951
11792
79685
72213
11274
85337
91347
96497
14555
28231
31924
75028
42443
82494
99972
54205
15277
26688
82321
70631
14831
98097
82639
61696
36633
71244
41673
35296
17418
97608
4303
27369
9400
83988
15934
20675
69325
23634
33524
232
51865
81800
75260
94308
80647
91584
48513
95924
34624
30834
66555
49456
45284
49194
11152
81917
20438
52825
33565
54209
50434
37868
97930
76186
21856
13865
13213
7533
37499
46738
24117
89364
44890
99377
25
25537
7314
48538
21461
41938
95725
88016
91394
41009
53563
2547
22926
90353
71724
72843
44562
38510
10711
42493
14697
48919
72710
44262
72804
26561
91000
96921
32277
52243
12650
32302
77780
19964
97193
15594
61903
92918
19962
69649
33927
73525
88548
73205
63879
60273
46048
24793
15135
73111
83638
46184
38382
56348
90447
27538
99261
97799
24459
31539
50042
53461
63841
44175
73426
77386
59769
51681
70304
96083
21330
20583
69609
9879
10140
49840
86504
72540
74633
1639
62003
58272
47824
385
30972
54623
27923
30234
52422
68734
78125
18817
22196
58318
62992
95622
35705
39113
47303
22361
35196
84985
42945
21157
94864
69437
70997
81368
41978
61983
99360
3981
36607
63536
20719
83931
18159
48642
30517
70581
33729
8642
89398
55925
83313
68742
67899
19018
7855
31554
57731
59404
16539
676
96913
27756
86466
84263
9124
28444
46246
24836
48777
99205
88372
69496
83136
6531
34491
30006
93465
68220
38648
99215
24145
38313
67958
8396
73683
92165
39950
31415
67921
56489
32091
64835
84245
34909
49098
9722
63353
11696
34558
28483
10901
39283
97979
10389
62166
32470
40395
55631
17042
95396
71199
41187
33709
55509
49583
7393
64026
5885
38808
31948
62375
87251
13135
62972
22161
78585
72694
1866
90281
23605
30349
17534
62888
44681
27923
25054
77151
84671
97038
94194
80067
84589
51733
13776
40098
17669
37521
4124
23554
92681
52424
2281
79933
81911
65254
18446
60496
37948
36664
67129
61553
67014
84663
40793
11695
12587
82200
5198
97258
95590
15744
93677
80179
83830
23805
36629
17851
61327
57105
41405
54008
9530
60039
50293
7793
25293
85091
68290
79593
21756
35419
57499
5122
20083
98292
16817
49022
96844
38367
62632
92434
70464
56309
88965
54294
80114
25594
72145
57793
82700
29902
11802
8582
89941
78447
16375
31586
63539
1017
27532
1647
36437
85031
6769
72872
99675
39938
38246
96520
78305
878
5306
65121
73539
94272
19415
70005
19866
7912
27799
18918
37815
55953
27500
44108
34400
60228
92047
14291
61245
19579
15938
14034
4610
22707
86906
20637
62645
41504
17157
57303
58734
38816
22424
32273
33088
58192
2279
69306
66104
30078
88225
20271
2383
32077
80732
36783
92305
89131
51075
69903
8710
83365
83937
29672
6073
87196
50309
85070
28700
83819
58725
87435
22635
81150
36060
72075
55694
38339
57733
21798
84769
62310
58422
87152
94388
55506
40288
3045
44637
7715
89300
53347
91080
73238
99371
13505
76786
66032
98576
21838
66203
57301
9273
5190
54803
61686
77265
26849
16377
34999
65000
17499
97309
23422
4651
8049
78928
61291
27447
39917
85358
16747
9616
76439
89985
8987
89944
83123
91371
4872
4962
57575
78526
30587
62765
49681
92273
40031
76531
8651
91382
41531
26150
5043
81305
47153
13093
76585
24797
40540
16502
10155
73639
26118
2946
79977
51457
92891
63100
42828
14115
68062
403
92641
15002
63169
58675
23627
19552
35206
48630
27286
93089
74780
32329
74394
38286
61774
50979
79435
18666
83833
89590
92306
26303
92537
72283
77760
1780
51735
36940
15895
36150
53696
24889
51152
33217
99916
74779
52769
35122
23410
96407
28211
14542
45088
18957
69180
6863
86288
48615
41881
70121
54558
50539
96424
63447
39174
90536
65227
90910
27476
97474
43412
81172
38715
94564
14389
38631
85695
83510
73753
25457
96269
18316
56352
41358
53625
41884
64573
39913
6852
22806
10034
61410
73346
6458
24857
28872
13346
6436
36134
40823
3910
79546
38347
42626
90462
69089
97609
76158
68951
87715
17967
65221
6031
90671
22931
76009
32556
87504
15922
55760
26662
25957
17170
16360
48767
58379
45233
62114
81167
81367
19289
85077
60914
57636
44055
67728
43077
58017
60238
12029
45732
78206
93602
68115
85229
32885
44124
34137
20389
60047
89897
63403
2356
7067
79764
51123
81798
24997
29589
62965
22716
48878
64395
83630
22867
24802
67711
82296
82819
27949
10677
28551
6155
4279
96667
7737
37164
57143
41874
73905
17190
31772
37309
19546
55191
33425
87022
36990
58422
16611
16307
97490
81842
80702
97473
21061
21857
65184
3357
4676
93133
14035
49580
99289
34666
46247
7026
88183
19742
48900
62088
36933
97024
15749
72831
52216
65526
59853
89206
40300
92817
21865
37791
91011
2568
35264
12072
24425
448
15429
45453
93581
45816
95033
9222
80483
57632
16248
85018
77375
81501
47106
14308
78525
79208
3491
47093
61086
63345
36299
1387
72514
58165
39178
63525
77085
74442
75597
17862
74890
7378
79667
68471
69547
74701
77694
66382
32333
10294
51400
26060
8147
14858
40368
3025
94066
60212
50118
71505
39909
2770
72892
12423
60935
12070
75948
54372
86512
67897
88586
77754
91627
68253
46225
61174
42954
40271
27556
91640
50566
78956
17700
75065
10167
74421
78090
4233
34633
28209
92090
74542
30979
64982
86965
8266
77052
79265
78990
79916
63514
67576
57670
55141
35829
20248
32668
95136
60519
76576
86776
27437
71885
20828
2503
82052
95249
80593
2637
46234
8802
94728
37128
56133
59710
24093
64399
36763
19710
43389
33031
99576
27317
90702
54718
63147
10950
3738
74635
71469
80314
77763
98907
52199
98591
17762
50603
10193
98355
53241
56427
23510
47969
93556
79643
24031
34001
60395
60794
70064
3784
10178
69640
47454
880
40710
10601
28182
60800
1588
99651
41115
79351
14910
9666
77942
32672
60270
4487
47380
29863
60915
70890
77832
70823
66885
1863
21176
27280
79010
7592
47417
89188
77233
94871
6420
34295
21824
34602
95096
23412
50605
52563
2763
81868
78581
97057
30892
55203
1545
78272
85066
78812
65514
62898
49635
32400
81114
87163
59680
76476
94756
7097
82016
88341
1968
88436
22636
23792
23038
34084
47204
89995
86647
66319
71863
81581
63377
2756
36784
64922
97380
21851
43734
62895
1101
9721
95295
82215
96884
54975
75043
91640
78425
57059
79981
80393
45495
18970
20538
84885
53054
84094
91233
56054
50414
63096
37635
30143
82204
74419
95065
95937
96270
38799
58832
13724
64872
54127
95939
61756
25454
87335
69749
3879
44394
66082
625
6242
1404
21163
7479
54459
21609
98712
26865
72023
78161
80852
18518
76717
71623
13583
72654
84246
68734
31486
97970
33606
1965
10261
11715
27420
97596
81464
31299
41991
63898
48276
64585
65303
69439
72064
36114
7401
87129
62979
95776
65290
60183
14295
58359
31806
27878
31014
16052
12965
78852
14022
46571
80818
40636
74638
24590
38232
72454
72241
96575
36353
20518
61160
18008
6309
49577
54122
13710
36706
33453
9487
18348
93636
23782
76707
41794
68012
7721
57847
80977
2926
88221
43901
83744
28857
34891
8334
83442
7346
96927
80017
43699
17445
57530
78059
23755
7107
32181
53817
43813
65634
63304
62161
75622
3438
55220
17416
87803
79294
91615
85132
82220
96189
29033
82316
41398
63925
7002
41192
87623
3929
21210
47674
21375
78740
25733
61482
2199
57914
15299
62364
39900
94956
40877
15522
14746
96097
49290
2549
75391
57258
87682
73963
69799
33067
56279
11197
13344
63281
52390
967
67211
89952
48641
4938
85044
74374
66420
87243
48640
98071
49607
88540
9379
6836
20414
24126
2933
86057
26675
94677
43315
30709
68640
13114
63777
24920
40663
77121
88201
9405
78089
71764
15709
43082
93054
753
33809
59474
4348
82449
73898
70307
70990
83277
77143
7756
7403
80077
93813
50431
74754
53480
81140
59746
82946
61269
84666
23610
54743
89220
49367
32832
60984
65077
92266
54039
65830
26075
29865
86531
8525
20115
56838
95867
19745
50334
19975
43500
46763
13789
93931
37869
83621
91424
97615
66568
69045
82282
90178
23788
87854
39545
72972
48838
20974
65239
19229
3157
7666
65447
89688
16191
85562
62878
28410
5307
13212
48386
65160
76327
78527
59091
14196
78500
66867
11812
45068
35913
10446
51598
76053
98300
7496
49026
63490
28470
14265
99072
31627
21931
64519
21315
54475
66433
546
99237
88093
13758
63975
53253
6438
58854
28696
20634
37355
11916
48798
82423
47829
75596
34022
40234
90248
41518
89260
70091
86340
19877
69163
17968
41809
50034
55635
12636
16467
56181
11873
20912
86292
92201
74165
92730
51055
19214
13364
4762
31130
78515
87186
95311
54111
37560
35545
60712
95430
24806
30803
81770
44683
99966
16090
2844
50000
71726
31832
82819
27907
60058
3732
14199
52259
94249
6929
19666
13463
36646
24429
44593
31513
11615
56256
1976
65527
91802
62688
60957
32960
9843
59079
93995
9809
75170
96840
76161
63248
45024
75333
91155
5082
95417
21707
73693
89666
44988
93360
19482
97986
17789
80427
29499
45756
36684
31476
27635
44838
10516
4944
77798
20360
64023
71793
30169
55545
84985
22683
18793
30010
98016
26301
51444
93433
64360
25138
99451
9348
18498
18933
7335
52639
99361
36834
14747
52397
84662
42382
97235
95179
47326
75033
15539
27701
63178
62060
99599
48164
84743
18392
94526
99111
61045
45970
8896
25405
71108
24700
34754
5958
43633
58441
74949
59346
95275
89696
11743
79938
32078
8978
91469
95756
363
7008
23458
63542
69068
23057
28058
70164
57801
22584
85627
35199
68554
10876
60604
56015
35576
11710
78325
95561
70151
53275
54908
81779
42971
83003
78069
91402
8334
69538
87158
8697
92898
26968
88591
78318
50025
16649
48482
24179
39233
50462
75730
24140
61338
36334
80155
13266
64397
58480
8827
50900
28107
80087
49031
71079
63091
27100
62481
87777
12990
49639
96474
22240
76608
85066
559
42985
18067
65393
83516
57301
15855
59246
81441
93545
11933
77948
6811
76330
52780
15639
43582
80888
95726
92614
68319
75169
19714
30800
62946
49057
96791
75773
71297
89751
77191
88208
49089
95258
53602
32605
68911
85809
8204
66704
79355
20137
61004
86166
12819
13785
18157
56401
11025
30236
49015
95696
21757
85082
26496
1056
50491
39639
76829
38140
29391
70372
26349
78480
81982
79951
27437
50894
82112
35641
17598
61467
55778
78603
63986
84949
8740
82143
57703
36117
12379
23070
31813
50489
8152
74661
51545
74995
14300
28374
13136
43691
15098
55837
38523
97080
52140
65961
47974
34252
1602
81925
95720
73733
60528
59706
75034
85620
58201
32737
21737
86933
55808
53550
37422
80312
28211
88967
71660
42511
33693
84796
2555
48791
56985
57430
62223
9125
23391
10198
59729
41346
92123
55449
31431
69003
31507
6465
54623
6061
55555
76360
92994
11363
46262
30416
8027
90825
35735
79687
49688
85780
80835
68595
34571
37820
26026
96794
63297
65769
23344
23027
7115
31819
94828
54898
17174
42688
77716
71797
48749
33271
64509
58095
60986
27123
4863
85365
17948
40598
65053
67637
26378
45888
36232
77301
61
78610
90447
63358
44380
13792
2737
51495
61963
97566
22746
79138
40254
462
67287
5355
50085
48149
63450
27423
75272
68313
12788
9573
8911
77841
77210
51641
40082
29794
28942
56495
8405
19389
36205
52785
49533
38943
20632
27849
52861
43378
23339
93115
60192
90626
98470
10277
38775
61920
54052
30400
30233
66841
39973
55496
61034
33535
7137
17468
63329
52431
73963
88086
71820
10169
57223
37706
65464
77856
81907
18325
37586
5246
27792
97779
95872
42614
24408
51000
4534
78461
81400
51119
61654
21373
22967
22688
54908
46456
40157
34589
98887
14120
39028
87059
40641
96251
24765
22457
90459
6672
40782
28046
28270
84926
42177
24143
27540
82937
75143
48426
77750
72895
15897
39404
94268
38864
62093
65528
85320
18602
16469
84207
49074
55497
87619
6068
51749
12384
28525
42208
35409
85660
86606
63679
70586
28783
4174
98127
11721
95669
62905
5823
68564
78803
45228
62832
34019
23673
44712
19340
42275
61182
19899
91349
16679
23870
97417
84780
52607
42295
43341
88016
27955
29947
68047
98541
75083
88574
13020
86804
84243
75926
92627
52808
71081
54207
31992
5100
77880
93057
40792
36507
54239
77044
44209
87270
914
41626
88403
53521
273
31744
57889
28228
78043
42289
43122
53126
30863
56142
39930
15106
48420
48910
84266
19501
19469
32611
40954
13702
25668
81746
50209
96259
58790
94418
99881
76057
52397
88284
29578
52670
36380
87468
97251
14424
29757
40373
67550
60620
12867
23833
92078
77640
89095
92697
97141
8564
41660
54447
38618
67328
36194
88828
79939
11336
99598
79820
87393
51995
84457
16972
21018
37189
20792
18269
51613
50549
74994
35516
27521
87861
59349
35951
65501
64796
45000
78995
89712
86660
33442
28331
70340
85988
33511
66631
97325
33109
46452
1070
85105
47261
34394
22475
84450
55186
40744
52416
22087
15738
4284
65960
19951
79985
18264
85453
44781
79616
80800
50845
66277
14242
79176
52969
231
12687
19601
13908
45797
82405
14978
47254
46018
65725
69729
46820
20911
26825
15588
59351
58915
19872
41663
95218
99857
59927
80671
60990
39544
61471
11836
22173
92066
7364
91494
8649
20052
11095
22557
82201
9852
53887
45807
55870
19612
31888
19043
56876
75065
34631
32579
33980
54504
74242
29198
70713
50522
26222
31704
90066
4045
59892
28591
96111
67256
20085
4760
3660
47533
43669
85861
73737
13909
31668
45960
33521
79908
65003
6749
54973
99634
39328
88953
70490
29923
34504
57556
80445
77078
5612
86863
81123
65504
15454
93587
49112
51891
14699
52773
15776
74721
38634
89514
88630
86655
35474
38503
82915
477
61605
37889
16463
17285
43194
3306
47208
77698
77214
44005
71128
82826
30868
68604
64682
62674
78543
13794
14566
93242
66567
30342
84315
21554
36208
72945
24561
71682
27801
7476
88511
89406
45365
21327
23043
4912
40985
70252
82610
18199
14257
70091
17377
61478
38695
82059
24152
17238
12205
55070
26832
95125
85413
11148
16679
37973
445
57592
9656
28246
81420
14519
34004
43138
35846
57048
48050
76831
43652
47012
95030
57909
17103
12407
35739
72150
10818
59892
89388
23024
14962
32573
18149
16727
43721
51180
54701
44166
8772
80709
88765
6544
95228
39121
49682
47427
96169
14084
24258
39821
61097
35641
14083
94552
64400
49822
66703
75219
26066
72443
98243
41029
5016
16392
74108
65089
83924
45161
25608
9048
25870
14373
15592
37451
69846
81627
84878
66016
95711
9136
22189
56808
61129
52624
51361
25530
2447
34416
749
44865
6859
15344
2246
28228
31736
76355
93317
32012
21516
18925
41060
63739
49650
56652
17542
19497
38279
2420
1865
33991
27908
40406
7151
89038
93031
74864
14568
11830
25632
31669
56695
32492
47013
58942
77072
95101
51649
70389
27113
89517
5667
68173
53256
71669
41177
87150
7518
95809
89570
9383
29800
33831
49790
53303
22869
59173
44520
53789
71003
70152
85458
27698
18996
32471
2992
96068
43924
54641
82810
71037
44159
88477
55562
13767
60146
96739
918
84017
92548
6840
93400
38700
40671
59542
8356
79892
18715
52876
33681
89718
23028
35491
33769
42025
84314
53113
38093
28238
7755
20903
15627
68266
25732
71189
98385
2231
84281
15655
86248
76829
38848
96000
31882
79519
55543
40238
75764
90610
9466
25797
96681
32494
61289
46802
90871
61955
99915
45317
90194
7670
66220
22173
92288
8305
93363
90674
26888
77644
22681
13136
70825
61529
9136
2707
57401
81031
59297
33165
87994
68763
58962
84675
17610
36603
31477
8481
98559
47744
53798
5105
55415
36371
27278
64055
61028
20641
71081
87916
14637
93763
1052
85463
55292
26540
4522
29045
23924
80172
62210
11918
48935
37525
12945
66545
74128
60774
91379
89039
8518
45177
94144
80285
97900
37775
44341
58928
58416
31774
46844
89406
25537
64248
91221
97182
90789
12095
26227
14713
92267
4790
42983
57555
42315
55928
40452
32795
33054
31831
21835
41572
93361
32331
21858
91261
70106
82551
66542
44875
14325
13386
50633
56215
77635
41854
53397
84776
53949
95976
15841
62569
17118
58824
20124
75785
31104
60576
8581
64158
92408
46768
22082
2121
95451
43940
93382
81910
42843
76276
26785
73521
89663
77418
29736
83650
35624
99485
68426
89573
11813
84267
68494
28932
59443
88618
21069
90547
49195
29650
71057
57955
92770
93139
60076
4574
53432
69810
86484
96275
46087
13269
86148
35750
7039
32236
35752
42663
31721
4178
48588
59887
4797
17083
88819
64240
22053
9888
71139
71248
55891
42196
29203
65013
51687
89279
85939
5119
75442
72423
17747
21529
2044
3895
57279
25435
52484
93031
68098
84205
13561
33039
44092
34710
66474
49263
15302
88527
75504
86441
76128
47747
44989
5331
29112
96676
10963
15052
18148
86405
87475
52247
7934
5872
72494
81565
31307
24978
90948
15758
9184
20861
65149
69628
55571
31623
35244
70873
36502
27100
73666
12630
91199
35007
34314
20311
48035
45277
51715
66183
48034
55543
18430
72320
61415
90925
70237
9074
15903
77537
24832
41439
14750
89981
27420
70321
37956
62664
57546
74459
6116
47564
87089
97315
82571
21403
33978
30606
83032
2046
13142
47418
57589
31572
19738
35356
38849
6327
44430
54753
216
69263
12544
14966
75596
39964
1639
13553
18980
75537
88012
25096
23101
91453
38763
22024
12857
89094
68983
12241
91140
82125
59660
48729
13697
95750
84085
68899
2078
44867
23652
18646
30482
52548
33613
6079
92513
35252
35984
11493
10790
40348
52942
33891
31801
91705
72268
61010
80799
41251
73252
71939
23376
49264
37020
53425
45014
37457
22324
63444
82325
62328
82091
12807
14877
15704
35238
7390
50956
87574
35235
78098
27922
88177
28342
76076
96235
610
37086
77034
41861
26690
65326
65237
75954
2346
35014
20969
39804
57339
765
38481
36019
82856
67640
50896
14912
2879
74638
82221
90453
26226
60319
34728
30755
88661
10804
26990
5623
64242
20377
47484
90933
85703
29073
66887
4401
80440
4208
60557
37779
4974
99038
90150
4182
66679
57399
35447
85910
48389
17668
92715
74615
94339
27443
21723
99353
38247
48713
4976
18842
85442
68813
9775
71145
14238
76662
91899
94678
97223
52456
48809
18549
51495
38960
39083
18174
96359
74530
20436
61100
8550
13151
35716
2890
40595
73791
18595
95194
22504
23571
14036
7947
8736
23811
95444
22975
16826
87343
17653
30401
56152
66463
48950
7647
5423
4385
42173
18134
78916
62609
79234
87466
75760
31302
6708
32707
5093
25303
44254
43950
65227
58290
68249
73963
98454
63693
13290
31632
67389
30944
78385
23541
97407
27335
47540
19182
48072
89713
53668
26988
68674
49254
30807
60786
80557
53867
9846
2002
95523
54100
62304
60750
28742
30553
51065
43548
10599
64356
75180
94340
11652
69917
34233
25411
13604
81773
44593
61677
87838
14613
88665
56512
63867
35824
33650
60776
89692
43496
79131
85215
13948
41435
62317
42691
88341
29734
86239
15292
10442
77772
9632
22094
47689
43865
47505
61294
25638
8450
22971
29828
39415
27988
2692
3283
63813
36342
64059
53505
96191
43190
55072
10139
978
17389
69182
89319
63475
55422
4611
73918
49546
14243
12364
13587
74460
76222
91233
16450
1024
14204
46278
40440
58545
48970
43723
22358
1664
24134
92215
97855
67325
63639
24347
68303
97380
93529
73974
60855
65303
78585
51125
31201
9180
63490
44789
83640
39712
36022
16442
40736
66579
62720
81176
25124
11690
41251
63834
13354
65386
72401
27562
49063
36040
68261
33718
33420
61790
7692
10627
43446
2629
61753
74647
11809
41595
35788
11801
81307
88163
28243
38395
54742
90963
35924
96218
19005
77175
60052
48711
58913
48805
92625
7976
84845
60886
41694
34617
22677
49386
61596
82475
52015
23349
73474
80176
64944
9263
8329
62603
97426
36572
17351
68520
43887
53275
64738
79244
46802
41142
27956
22068
89947
20581
30044
91144
97820
88091
25761
36849
53829
87357
19324
5845
27059
92798
2373
8355
18413
10703
70959
32191
63627
4662
711
7515
74289
81801
86759
37443
22943
31067
59511
12890
68001
5908
4034
65821
93999
46147
2670
47828
49857
38346
70025
93268
47496
72399
1623
65910
99454
88934
14453
63081
93596
15165
70596
67885
96966
73708
5329
19910
4775
64840
49152
72776
70748
69539
54949
81099
32038
57619
28928
81895
12317
15305
75163
59814
87704
93139
25724
3510
82073
40177
66592
75670
71694
53540
43555
85013
27248
65236
21275
48376
30077
70427
37504
17177
56318
92454
98277
88357
66425
43557
86604
78743
58862
78120
38557
62919
71259
80633
66429
53332
37162
49373
29002
8857
2914
88910
10222
46514
54146
31497
94890
575
1924
48747
17753
74595
41201
32382
62952
23978
92291
49556
2721
67505
44028
57630
30424
15287
54615
13206
68620
91778
78931
13974
16987
98197
2884
27209
44712
73383
58706
55954
73958
76982
4701
8063
51577
45902
56797
30881
69881
49088
96790
88954
16594
40818
62937
63370
72458
17552
92928
41078
9330
71860
71404
42669
70057
90641
69878
31121
64024
44936
87076
37982
38271
91777
62398
6200
54032
19195
37082
40265
84636
50224
45571
1230
91042
8508
80952
63500
26061
90233
20930
51743
62093
92335
94413
48502
82976
80643
95976
63352
25580
83052
17686
63851
91181
80084
70051
61565
99280
23485
18182
83916
73709
63754
1498
81104
88614
98802
60956
14675
89035
81887
82771
67480
90574
77184
32335
89902
57827
28311
53254
99759
27715
70940
63610
18896
67377
50014
96814
83009
73499
14996
83277
63561
95102
84775
44665
83717
99929
5621
14744
88965
3860
97515
72797
94434
91051
5132
688
48879
33443
70294
48638
77510
57587
28601
12759
24964
94967
9573
7973
84818
40921
91250
48379
36024
92377
9396
19741
8658
15018
50837
13975
18878
48353
86773
29665
39404
8257
46705
4635
58053
17000
69626
35563
90939
14579
48322
15903
9546
74247
40228
10716
15169
47830
59096
51193
56559
68492
87286
65217
99862
38123
95545
35093
2828
98670
81110
58585
6927
27815
63220
64980
61167
49198
16896
52106
63777
65218
84361
89675
39466
24589
392
70987
88771
59488
22180
45330
44332
9466
26900
44195
63941
22445
79288
83122
21115
60398
41707
44394
4565
21279
25727
65733
70478
42623
34191
34255
24193
18553
40283
80011
43142
40675
50998
48266
16515
73178
9948
60847
98996
36848
21394
79290
75645
17034
62412
13112
93784
4119
73859
98350
25398
99586
80435
12228
42209
14626
46484
66402
33179
86767
46414
92674
43794
13764
40940
60309
86943
50888
21156
2291
4089
58903
81581
96086
75937
60345
9199
69722
80816
83058
84424
6215
98996
64859
18443
41205
79485
81279
23959
29017
84398
86725
38043
28192
490
95335
88501
3785
46223
26010
6076
66664
1265
4010
62751
77202
64355
88302
46924
45172
87712
47700
67739
86708
12559
2534
27913
8397
83814
68224
53766
84564
54950
91809
29109
55440
87144
17610
59225
49719
59972
81653
16384
61237
85663
95487
54792
66371
83789
18068
27895
87853
65769
95634
74561
78328
14520
18826
3077
14686
87050
56843
99251
58352
65004
28360
13792
52148
62322
89369
18220
38647
71023
34604
16236
56686
46443
71028
39409
30232
89097
67304
34437
71218
79290
8998
65898
93811
44176
68976
24849
31226
42171
40452
89579
7176
68812
19723
75676
47487
9093
93896
2486
80116
44852
18722
53154
91295
6103
92564
37879
11552
76220
72316
82770
55511
81314
65020
65674
41842
50348
90523
73069
92520
30976
79000
16048
16140
15075
8076
79979
24168
1973
82465
20636
63177
17540
73791
54473
23643
82707
92352
51547
58927
81021
50669
30790
78687
15689
96464
20530
66038
3340
9951
74910
50668
88951
90958
83160
20378
99034
63140
44547
17359
61957
81535
80537
79497
71678
51362
19492
54385
60066
87391
29665
41087
38060
60455
19775
53750
73272
40305
36140
92964
50256
11050
43632
55559
18360
26792
92289
33746
6284
53188
51106
84594
34724
47995
64091
6402
15709
99936
60788
75775
87327
90453
33215
41740
67260
52990
11842
40532
9647
47982
33496
76255
59032
93480
31814
77392
36625
40455
11138
42909
93644
78596
27503
28368
42943
7947
34770
58652
24235
11910
50780
27914
18715
83995
69654
2328
36985
97848
42860
62984
45830
92709
39239
21214
86189
87405
14958
22814
27860
42449
82076
21504
21045
25931
66224
80341
50230
995
55345
74465
29257
6125
18732
64325
90120
88386
66653
43457
2587
25865
6441
48417
18574
62032
85984
21116
49437
942
43930
93650
43391
42358
31506
80789
68290
97731
61130
18520
15078
32827
92986
44335
38953
28070
25012
45425
16456
8017
88883
35395
33883
11676
165
68809
90061
86149
89925
55850
87091
33856
49500
46835
76214
81007
43976
60856
78738
21458
79377
10168
54285
88715
54503
93238
16785
95868
38664
49593
3885
43899
84989
54120
71927
85154
22930
61988
87655
12855
17839
74746
63063
83691
37933
55630
81050
81909
16486
76140
19719
95863
86308
74005
930
57164
83595
17715
53032
38611
83661
73269
82510
85002
27390
54438
70156
50320
32778
57811
79527
50617
48909
42591
50661
3195
98221
31711
1456
31059
7852
21176
26923
94160
95181
44205
51324
95128
78273
20708
33740
61934
93978
16250
46936
21368
87040
33444
88040
19819
7607
67567
86788
72868
26510
37449
76063
41083
69161
93872
72143
77013
15048
15418
71173
26581
59623
38850
21709
37896
59558
55449
16182
69888
88052
79470
91256
75092
29266
95648
11263
36873
79568
98052
26094
22430
35501
18509
63514
4662
12381
35657
98027
27429
51075
85553
54010
27050
24403
92072
64947
313
63873
97481
70202
51925
76952
77810
43370
6218
89811
54633
59444
69379
69037
85538
91809
4539
4047
55323
25553
32781
7332
23581
60210
58407
9134
30573
1810
49889
38997
66757
50202
2870
80590
36756
71148
57542
14567
14518
80113
4378
85503
55909
90109
54541
57799
81918
59080
61846
53594
84633
10979
60926
24566
71190
35686
50052
18115
53848
99941
57112
36957
66496
59982
17547
3252
31130
91442
34171
62000
71555
38549
47504
43816
28658
2045
1615
26929
77477
79813
96875
78462
90793
74153
3029
61983
26191
53081
80098
80039
69375
53562
16996
35871
13544
34544
55475
61027
25986
89647
23027
13893
44548
70531
57709
89559
88928
59324
16488
66405
39137
13363
44868
29930
3868
64249
8265
30060
33682
4715
10099
3057
58277
27096
55280
88174
77992
10756
49201
20330
16755
72228
34223
61303
59112
8284
50862
48040
83960
83702
14446
23097
13417
75666
69380
17286
39915
77645
47346
73597
82361
73797
93007
56990
893
48287
45164
95237
75395
94365
15567
92150
82946
66142
53454
42058
74426
20668
6450
74738
4371
37248
97836
17788
12914
83568
35074
69181
61213
98772
59131
59926
72570
52138
33269
89815
425
78433
85053
92173
89151
16972
84323
72097
99467
54129
30507
90245
91150
53309
64984
95521
90558
62820
29661
19824
62740
81088
5358
23953
79860
64489
232
68782
16627
33501
58598
33404
28286
60003
25577
17437
93327
26253
5886
92794
96734
36393
83040
87884
6055
48024
99757
96613
27196
29419
32789
89936
10507
38147
30241
6719
18988
46825
75502
35615
96678
50452
85372
24965
26807
27301
42402
20134
53554
64641
12929
66641
1034
12321
54525
7089
76697
54283
20054
20245
54
69196
10181
26913
7343
56774
33632
42684
3600
25486
94651
278
75938
80023
41595
2745
23677
350
39232
77231
64991
68513
60224
82377
80834
14750
89467
73883
85385
25873
94128
85439
95069
20661
12352
18765
77435
62336
61449
97387
87823
56100
14018
80113
52476
71965
99211
76153
72315
38443
69736
37306
23308
29961
19684
20494
61063
25503
94377
46448
51376
4857
31887
62798
25518
60591
97915
19305
22927
59364
33045
27102
31816
47063
7216
644
35380
22779
93149
7696
77574
79238
45002
882
9199
81038
21376
86614
6541
15753
33062
74270
20610
81301
53420
62480
58244
51335
81785
81171
10699
31182
8274
58867
94597
31842
75864
29978
54621
69013
37674
48547
48251
99028
49429
73802
80067
70805
60416
2960
2910
9830
93582
39872
7483
47002
18704
65727
98337
16841
46899
25388
48024
71525
84256
42621
19719
76472
72599
90692
45485
10273
39239
93737
25654
5020
83891
5721
75825
60660
25033
95087
70490
18616
51311
77974
65618
86367
60053
63956
3208
23304
5696
51232
94829
89952
93854
30900
66424
82805
21592
28262
93079
77183
38351
18733
82203
22242
40806
74380
82902
65839
85819
69745
84455
53482
64071
66426
39849
24124
46734
43058
47429
52430
94290
58610
58735
4496
89511
41511
87302
27455
69773
96733
20991
8124
31818
3194
46719
72624
93927
45973
54815
79746
15718
55623
33229
96141
22049
73078
20266
68783
32488
84047
21213
26779
42657
96300
47627
48520
37812
34929
92328
7585
31662
13319
32062
63480
32865
95133
52456
43144
41106
7272
39243
73177
62895
72472
85670
1296
61902
5936
86431
10743
89983
23996
37522
48993
20297
1501
13865
58109
36431
6193
82046
84445
35864
30460
64278
85082
25593
16734
28226
83052
40358
67469
72581
19605
56293
58251
20901
34548
80540
7332
45291
86875
31329
99165
52220
67978
666
66086
26087
37097
72279
24485
37895
24496
54946
2173
9578
96891
35259
37804
96295
91970
5274
85228
11575
77919
59832
48829
12467
40372
72513
57758
43599
20194
56923
95820
88172
57590
61906
30611
11039
50537
55097
65286
75033
10043
67459
84611
23286
19071
22416
35934
11041
44042
21162
38968
21961
80994
87797
34429
21366
76663
8539
81318
96857
65463
77138
1382
39405
39044
31993
66796
5933
87090
32083
80967
13485
15894
65578
53124
34965
4346
89058
62358
48388
10220
1327
70350
7567
5476
21131
45285
82139
29670
26603
95349
11485
3741
96731
50890
59137
45076
17687
65071
48519
66122
46038
78356
82016
11616
31480
16982
32315
36890
79340
80703
47111
97019
67405
54678
2496
88536
99963
987
34559
42919
12688
46044
46660
25771
96935
5798
70848
30974
70869
35719
97096
33259
14075
95464
44875
61908
12446
93542
98798
8139
74246
62261
5158
58003
33291
24006
62892
49607
41346
97451
92526
54034
43495
39186
96158
56782
44984
67006
4108
32205
19077
17556
65464
33152
13021
26692
95060
41819
20234
93859
49958
10832
56120
71469
85188
89412
95475
48080
39019
53173
45531
31545
7208
5378
87083
3366
62161
48420
86724
66269
80625
5801
178
62442
55305
13199
89134
50366
55018
25720
60577
21329
52905
33049
92798
38093
22461
4625
86173
77832
57799
31704
25729
81359
37082
29165
1077
15595
77585
4153
98217
74562
9954
98395
37004
81611
27946
42490
31977
82964
84563
8906
20645
37468
41956
13443
75561
80769
18069
78086
74954
92220
26142
683
73579
79576
29848
91008
95172
23785
95161
9741
98348
21467
24488
35352
3078
52434
94195
51408
51750
78758
60314
72396
16226
18622
2191
8139
99392
36612
2577
74346
28832
28719
91381
18763
8295
37582
9771
19819
61367
4932
29560
59715
26399
54048
11420
45830
22834
5615
97238
74585
84373
73904
46981
16951
92527
65524
41442
8271
2137
44019
82617
30969
89090
90350
66085
97385
27932
75856
33557
89300
97141
79469
49015
39892
49870
76787
85722
72704
82402
82960
47289
83127
73217
10622
78
65744
76147
57872
90367
78284
18243
89336
25605
7333
79686
91690
21071
7619
67547
54628
13271
81040
34097
78638
20932
83967
55426
6655
73024
37828
5967
20313
20956
79184
47288
37386
61280
23435
11611
51647
18071
29854
40983
43676
37188
37022
51719
58259
44641
35618
29239
74264
16658
79688
52902
37590
63656
8328
44245
36680
62509
66565
73345
99817
45749
20633
37203
23382
60420
48814
75029
78491
95021
32365
38520
32209
69387
90239
6820
30380
25857
36059
4644
42515
15747
57546
96457
95755
82227
40703
48787
44736
7268
22133
44553
69369
59118
98108
92751
19539
63275
84133
14382
58296
32850
52902
90505
18589
59493
13677
48969
85350
49736
53613
44217
81835
27511
40675
93943
26090
97730
42730
87178
21350
81215
48083
7071
40334
46192
99823
76225
9467
308
6959
84115
49510
76214
74620
68099
35707
4649
17068
37410
70737
87033
97979
52572
30896
38654
46515
73339
52736
5598
60517
74086
86813
8601
81158
43499
71145
97333
36076
96964
13993
43036
81079
63503
19250
72051
31602
71309
76700
65022
8719
47437
68407
6699
16361
99303
61705
62877
72642
14442
84827
49512
88528
71640
58113
86038
31492
29258
83371
67568
42574
97364
10604
23653
77219
46206
95704
8821
17516
72404
90195
42587
36193
58602
65638
52554
74258
27344
31783
63252
41786
16610
12764
46666
88251
87229
32705
36095
16487
32428
3663
75413
29793
30620
99066
7012
76826
94770
32186
10694
83526
38733
53282
19719
97336
18920
88626
87946
62616
20409
51198
20754
37020
63963
67421
41623
51192
16478
77718
84032
48906
81381
59445
95051
28353
58512
18416
5180
69634
66954
32226
69513
5687
1860
5584
19375
37133
94210
7321
99749
30972
58520
20504
67992
38835
4277
9615
90027
37107
3685
90411
2365
85066
49857
13769
29772
24721
48537
34952
10707
15491
83530
80220
37530
85391
2157
73258
22524
96367
80579
38625
27339
55451
75481
11683
10638
96110
37650
666
33217
41335
7429
51935
42754
73638
65704
72526
98359
14241
23830
25419
46084
7360
5639
99966
9103
24148
73224
31627
20516
70156
86605
64207
41959
62086
75891
52598
58197
13541
69616
91414
71229
77045
59701
13983
50684
25405
86509
65395
55998
10339
90814
18434
34051
12806
18401
43155
36954
7977
91134
73822
94485
77739
54382
36445
39826
46625
5395
98023
60166
75011
5789
31395
68408
65491
61730
35444
7248
48239
840
79599
74930
8006
98033
8982
37164
32786
52137
90471
57116
43271
80645
51601
21011
35027
4398
77189
81652
9793
91564
58171
1156
13705
5918
69565
79196
67649
5009
2797
32240
22201
82396
7171
46560
96781
16153
83724
45920
84642
74195
3036
44265
71193
70989
81628
6220
75388
58817
87873
1533
50381
46044
2690
64087
51962
88607
59635
35963
93616
78784
68204
32170
77532
75375
78730
90666
7880
62454
36586
92522
53002
55974
53139
24195
43315
34768
30415
35055
93585
34640
36589
60319
97036
55631
40758
65351
44238
16745
1314
54206
95530
69518
86376
89414
61245
65106
80080
69125
43913
33018
77999
96915
88992
31139
37462
32308
82259
84229
67363
92196
18870
20304
52515
32258
75935
9625
97609
36525
26371
98924
90732
38253
84794
77108
27667
46040
42215
7748
15165
86128
40766
9517
99395
46111
57008
53209
94771
39267
37438
62134
31463
72660
98791
331
4919
91078
9956
18880
27604
52679
17804
18336
90932
2599
11796
34952
48639
70363
42700
80156
72843
99818
6025
72238
62281
63033
41799
57052
18652
79238
35539
50116
68250
34330
66799
73169
25408
76755
92050
69364
45787
26206
4052
36719
45157
32201
88023
93796
2564
30723
90305
75408
46894
96330
63998
9175
75716
5798
66228
94368
1388
1767
60836
69638
52449
27635
59160
94209
20743
67562
63574
66530
10120
83978
19601
55278
16179
7625
65426
18744
54700
55731
10504
1594
68414
90854
27122
44130
13004
9702
54850
14392
27821
15687
383
80270
59674
59543
90831
80417
43457
70757
46947
53577
54736
66549
8855
87267
90526
74282
6011
45226
46365
32867
63173
14779
40074
90295
75261
53078
16349
46464
67471
44170
78503
84206
40792
38177
43749
31623
18595
3558
18733
81894
57135
73469
64795
82343
77088
55321
56625
99452
548
19342
32319
63721
50474
72393
70368
42087
25472
86717
88551
9295
30887
67054
93501
88031
21584
53602
36006
40179
57160
54739
38425
30647
44560
3221
12990
21649
58542
85967
21101
75442
5310
69772
55515
55784
42166
25883
97871
83990
12600
2775
9637
59839
86181
19490
47870
7765
73092
83877
64296
46604
38616
2722
77251
99529
22295
6594
21178
97189
92561
42279
72632
97871
28403
44499
70007
70569
70383
84231
70911
99335
87006
96900
59175
73187
16390
7045
97305
5834
7274
61601
52438
62243
80675
46042
61772
2970
52636
82950
16512
61549
41581
5496
59421
69984
49995
45780
56906
20378
30011
44169
19714
17017
41070
78889
6557
57460
2286
3862
63295
9561
81815
32085
71804
62491
94479
49928
81813
47115
32878
98325
8665
90811
3821
84438
60795
70169
46570
34053
90547
76582
78223
26613
9951
19293
21854
32860
93105
24141
53074
56400
50054
34890
4838
38210
13733
99317
88138
11898
62785
37368
26576
87802
28179
46749
88592
5326
16918
35162
39380
23818
11744
17603
50431
38048
53248
72286
70908
46353
12779
23983
19106
62833
75225
23944
17395
5310
39613
5533
17208
18750
59253
43784
6552
87432
6886
11496
92758
23804
46659
48490
47622
74755
82445
98054
29155
35693
86692
64
98399
99471
40399
17505
78656
15624
57801
96051
20934
97414
1584
54494
16165
77189
14631
39069
64621
21517
66918
73731
61673
29929
38574
9296
4684
21019
23702
33840
73065
10394
50256
71464
9865
90655
5321
88521
22631
63122
924
59917
76888
18860
30763
9405
96049
45394
64827
60670
66911
31745
50753
28585
61674
89327
54233
82710
26699
77935
32902
99764
4681
99510
87580
30898
90165
9253
35771
29148
88727
36695
89065
65615
55555
19829
91373
51604
81575
56200
28626
64839
87945
79379
9776
65971
85059
64009
65033
11758
58296
97936
27874
62977
97446
31806
93875
3964
41059
45998
33112
29786
82693
38530
11753
38248
74711
3126
6204
72638
59326
51182
37477
63623
46913
47253
45946
31972
27614
10980
60082
2262
8916
4308
65239
22714
36114
75466
26678
93525
21464
76143
39663
20509
31025
67769
75109
22088
70895
81313
94726
46574
32495
48556
26549
79409
12161
88848
27733
39776
99828
4168
58390
25096
8476
23630
64162
60943
15448
7193
70820
53265
83336
26836
90126
30713
94605
65236
69153
81852
62901
63879
44778
11749
28787
87680
91158
40949
76528
35243
97077
92708
39411
55467
17804
47888
95449
81966
25183
27250
5511
96003
80515
88847
22839
70641
35912
33796
52229
5065
32001
15131
85297
76779
26880
14084
64459
34390
55033
57339
69633
68462
50047
25397
23930
84203
89637
19379
82522
14820
46629
88033
27175
43496
93233
50015
30490
29145
163
82719
34211
32164
97850
35860
8944
41082
49944
89755
75472
21330
47095
61458
89792
13494
86855
30074
97698
92844
49454
80220
7664
12435
84605
34839
72284
77838
1206
2774
6984
17722
1845
57547
49886
16048
9759
75182
57130
59703
64938
48955
97385
28385
10413
87178
58231
13620
17252
55929
6464
83058
52501
30480
11846
37107
81671
84130
31297
99230
3256
38281
16952
21453
12180
66838
37501
21939
58373
10984
97995
39663
59939
95380
68048
86704
82558
42631
16676
16163
14913
39492
15573
83766
86324
27419
37225
67995
27901
68523
83577
31157
23156
529
52611
35337
83720
6464
73628
42093
17448
71623
81756
93739
83356
66156
96795
82266
8787
13471
98429
40052
69315
30355
23819
55639
57774
61044
39987
85676
29567
23564
33185
52724
40446
2148
4413
24166
8613
78041
82611
42413
66017
64367
52505
49373
46875
49300
31639
72014
79124
46421
12067
64791
93128
52238
20431
50902
13282
60418
52930
59202
334
2468
11926
40780
4616
16339
81298
29581
10732
63909
88347
93101
44628
40852
58826
7855
6504
6818
79870
1980
53239
8289
66772
62719
60527
3555
13621
73809
63973
82904
33011
80659
1724
61289
21440
22692
93980
2738
68626
4713
83000
56973
14166
43980
14177
72993
51836
37033
79811
31706
39014
49402
39995
22138
12121
522
25693
42094
90683
6018
24998
40047
86677
43074
1336
24469
65767
11669
27208
34393
32734
26560
91366
46900
70540
21895
19893
22376
58928
99704
70434
14294
65458
10429
52784
77579
27303
78477
19674
34339
847
61024
74386
87525
4099
92074
11994
86218
3743
55554
20611
36477
98466
28329
83378
69007
66576
19623
7735
41856
35680
78170
56151
1138
88599
25287
95070
32255
20117
31096
66594
20964
92120
57332
24841
12571
65758
36836
15141
69502
8742
35752
22331
7209
80433
22061
92568
47009
58037
303
88866
93717
78473
61369
11207
83425
86656
6277
15680
6773
37373
98626
44090
45846
72310
68931
74769
38068
22119
89911
23922
30862
42015
62606
54423
38801
84667
46991
85810
59056
47294
91028
52773
25768
52397
80333
25545
55406
86610
41225
78531
40336
56203
22621
2534
28513
7905
93655
82933
30024
99918
6856
60886
58286
85814
15309
97087
70481
78652
82897
45890
25947
90278
98663
68067
42675
95348
93612
14433
98311
51189
9317
54999
7392
31938
57533
52257
56195
67540
35190
86220
67459
58398
63458
42097
44212
95120
39184
31046
73772
38433
76936
99719
28711
91951
84138
87739
87300
77750
18524
85611
28939
27841
40610
36331
76132
14495
88588
32327
82035
40131
18547
65846
98529
98358
7943
42742
93478
63479
73788
67250
1913
50724
83322
46976
42675
67460
51067
29975
61563
69592
31938
90502
97433
72548
43186
73565
87043
48126
22245
85431
88257
40792
51277
3139
55502
75573
45881
48980
39052
19669
32583
57317
86745
15905
20646
45772
99717
71713
92100
61280
41305
24038
51783
55091
12939
11321
45008
16334
59447
67253
1765
64057
24398
69395
67196
79900
61320
29429
28881
16724
65450
61464
74042
68547
93721
94688
14319
93438
82753
6419
54719
24059
46810
22854
95502
59749
50527
40510
92435
26326
7764
10553
6735
32162
96300
73931
12062
57620
19712
57295
74344
85162
18759
64738
53709
28832
75778
84381
22271
58532
90800
93342
98943
53962
32548
94445
30063
83075
34955
22499
25753
59071
33052
32489
91233
45704
22772
19648
3324
42485
76943
94020
43999
12055
75111
14061
40887
67241
98442
79510
42125
5594
72852
41068
59557
21752
51865
5972
21179
86821
28471
46933
45892
77875
79422
53478
39931
2194
73126
43255
61031
66421
53628
21383
78476
45091
35444
35716
12332
50238
15226
54458
55832
4431
11878
31741
26183
63744
37714
63715
66917
82537
10648
29161
76765
6422
98991
16696
24968
72117
76304
86000
54891
46284
23735
33367
91375
59179
85435
20059
9417
662
90869
81601
21445
2748
13343
63980
82844
67409
27695
66113
66298
54695
95274
43063
61117
94266
76112
86086
82735
52416
88438
37626
15052
12173
87346
6427
87704
72781
42838
13473
89795
33708
95074
27592
52808
24769
91573
52004
92178
35620
18117
58477
90316
13391
17892
51433
24009
94004
53871
23097
62772
58661
60723
77824
70834
64421
603
74890
53555
43442
88363
59702
93502
83438
87295
46310
8207
95220
14666
16738
30840
32783
91567
37508
62526
9459
5294
2888
3464
59165
25985
82588
17827
3060
60413
5013
67482
61016
79904
37389
20810
68267
97091
14312
68057
84386
76974
92617
95958
91640
9355
43151
40775
922
80659
3302
10381
85953
6190
30197
61471
48527
12786
95650
51587
89551
17015
35421
66919
96919
72810
87730
81539
69902
18394
65948
70640
11721
58565
66599
19713
67920
26102
60489
85194
6761
80143
11928
9067
2685
42125
70538
51212
71263
82540
2799
77166
99555
54573
44086
12827
27383
31816
10718
13637
66562
76666
84278
78283
35232
67229
97997
19504
93331
58486
21051
16444
54981
32979
25511
57666
91456
12401
8878
62720
94941
28029
39886
10849
82602
324
23676
26338
48492
34394
39975
15055
27412
40605
93338
78996
24186
7687
14853
33869
82525
35904
50314
37506
68883
92177
95172
76691
20931
4050
39411
32224
48432
95650
43073
31034
12326
66749
57372
60819
17495
13700
75874
44908
54305
85564
40256
78492
93252
55109
12361
92129
91013
79027
29636
76248
87557
41160
52940
8488
45211
8703
40712
9995
20705
83786
41029
33032
66887
14754
93851
735
28454
69725
61995
99111
71641
2251
93955
81245
57361
22669
73375
48374
1696
19363
24623
89253
60523
93915
14093
22086
2618
54806
32081
23324
54944
89463
56356
38183
4217
50207
38918
49023
36284
913
48134
7925
19517
42090
5523
76878
64759
78898
41604
82807
14613
82579
88413
75136
76494
2506
97223
79113
73664
29304
18789
28608
18767
75145
66792
39336
41704
22062
4711
77988
39328
52846
2265
58845
11288
7788
52075
92399
3038
10031
91558
34003
92611
79971
9140
85457
98830
22715
80922
72494
68371
99711
1103
3491
91208
84247
42827
32912
6309
47539
10900
45637
16737
29518
20834
44377
53658
72909
53128
73049
82941
44686
7052
91904
41010
32544
77361
39840
55259
74636
12334
23631
74347
29789
27122
81908
14036
86301
14820
36698
50192
42073
98687
83281
71591
19522
44010
41601
8783
97138
14650
8076
58177
38055
99980
99187
70599
93694
39027
25859
68330
67713
65842
59029
97503
92964
40937
27891
95617
55758
80941
62162
97831
79629
45443
85774
15503
89454
43727
40638
2944
58378
48715
61121
12785
48695
60308
83384
42389
15687
25595
10719
83401
91437
69749
97256
753
27038
25147
96371
82796
22441
74885
96979
2070
20328
99105
33925
26134
42833
74563
45431
17563
23278
22904
30348
71974
83213
30084
30715
15252
55680
57787
15005
47117
43888
12261
64223
70926
53761
76946
70075
76202
51831
67054
78272
88511
82512
28549
30998
25345
3112
76429
59260
42743
99333
5960
31069
98898
36044
61784
14151
8076
35923
29156
71546
79811
57770
35769
50738
11531
12715
20813
87733
80898
4219
82357
69409
86731
10906
407
28428
30370
76836
87688
73113
76170
93648
20534
91420
46045
82319
21923
54121
18242
51080
25667
14406
25202
77788
65144
36733
90503
2309
24466
87753
22880
6823
57163
9612
34081
57570
38040
80803
50759
42081
53917
43281
35729
74451
34701
98126
73122
56625
68600
7717
24057
94267
38475
49259
72056
19971
85992
78911
22280
26810
66665
45160
49985
40180
71124
84066
97750
25517
81221
64861
67598
35138
8142
19679
25942
42844
17806
15416
15821
86406
39485
56230
97025
77960
5489
85433
97931
7833
80697
36563
50995
63714
98076
980
3894
85552
1398
17996
11069
82619
82858
78667
34110
91000
98347
76404
50196
32505
91820
82369
18911
47658
38599
15936
41970
60440
17722
56254
68273
98419
9169
35620
62133
23597
36600
66027
9150
54350
84023
20219
36970
66881
98887
87432
74234
13586
63836
40782
46091
72008
23152
65002
19666
78103
97290
77989
38544
15012
34243
23169
29783
59764
58790
91916
83362
95390
74295
92512
66093
58319
12731
3063
41552
27970
90495
32138
41556
54331
89273
87647
42691
12425
69001
78710
90528
82644
56699
45424
14008
7294
68594
43792
67058
27384
52060
50420
39126
26356
42932
5219
1027
72016
24634
58931
99986
31481
91070
57895
2164
80343
61894
44856
9120
47248
23566
16000
29892
80265
61425
43900
87559
30019
4044
70969
73755
56105
21390
29233
82461
80674
34453
99840
52690
75439
58771
69029
6921
66193
43276
9085
62888
21522
53941
88360
68770
77507
4361
98662
74124
65786
58915
78035
12157
62959
49005
2264
35416
70395
31497
34229
67421
65950
34069
36464
41390
92841
21845
64663
75386
65121
73748
38275
86643
27690
26635
55414
21549
30996
70428
95674
13134
29343
73709
41643
8655
22714
43907
44071
9461
75405
78301
76883
57707
28722
13347
15449
21563
35192
80112
96950
16665
53861
51577
19660
97903
94564
75074
19452
41913
61855
15126
55047
7550
5188
13043
32557
27902
56950
92981
53716
48707
87634
30599
22767
16356
60298
54568
54272
11842
51033
51222
28507
21246
19151
48167
19149
13715
39594
54953
55628
17801
70080
27028
25351
91620
40071
57909
35874
13373
50890
89590
78433
38524
36541
17552
54880
96839
72120
9152
25033
23153
76726
53540
44399
12229
18060
79900
25945
74006
34854
97925
91807
21286
24953
33510
12906
81376
91419
48780
11102
58661
38371
89535
97185
91264
7087
68418
88104
95559
93922
29489
35065
87001
99382
79464
99230
17442
59365
41527
7800
94219
39453
99607
15505
80758
49469
44763
62135
40889
93543
73237
99550
48266
79124
13088
39531
2563
97858
27635
14474
91780
73476
49539
95133
72858
29004
94364
90300
4721
35891
14452
15292
91696
30411
47149
72455
79881
91912
34590
20770
85455
24179
36672
33722
19655
66112
73253
38570
80322
17240
53044
88455
90716
2584
83588
63575
47940
77952
70227
69013
30196
84680
84305
21892
31443
31454
94347
11324
39718
45289
48446
25173
85820
1471
75247
5475
67583
64852
44045
64258
82092
13442
52713
89161
16026
36301
69088
80318
14254
55667
49331
60802
56699
33636
82694
88143
81442
77042
99467
21160
22331
47914
62685
8152
65737
37933
29979
49672
19137
90377
13930
17582
3819
66643
6743
36197
19297
92183
16515
49903
47850
82198
10705
4550
32186
93399
9045
29980
86793
8512
67492
9125
72778
30177
33629
38515
84462
79960
88188
3600
70337
18470
21182
90508
85114
44277
26705
4411
52812
59572
54314
662
58122
65019
21564
90308
74770
46961
20288
61564
55474
87780
87041
44604
34310
37022
99472
18772
16982
4012
38724
87320
22482
76258
94180
23948
20535
20886
44711
73347
96810
15377
90362
54933
96748
28278
61593
71519
75240
98234
33083
47066
2366
36476
8022
36676
73498
7494
71801
90480
27858
10525
94152
50341
3136
4685
90641
23671
25571
35353
13371
38733
50730
20085
10018
47479
48363
71612
35350
39955
69846
84785
87021
72212
21261
95044
8889
11111
2538
97042
1591
30397
23919
12096
97090
27055
16781
87731
67079
58704
39436
80450
97437
6519
16887
23808
53998
65250
95420
5700
5206
65266
90485
8579
53830
28098
3623
79071
39209
22514
76113
57152
69263
33
69248
82705
43440
2381
86788
10519
77437
26225
7321
91227
32744
24208
15035
3094
5811
10455
8794
27369
92073
99279
35948
45903
27377
55924
24975
82938
94790
17440
40090
64053
33825
9339
46758
77266
28072
33546
4137
5510
76123
11459
13089
8867
52019
28124
28313
74182
38579
37107
17903
47004
52738
70204
92907
96467
26128
34234
79405
20918
68027
19496
1323
18204
45187
64433
11822
73259
97979
15960
95121
90455
43771
8210
99322
12142
36334
27636
86325
91265
81095
20580
54621
33834
90784
47529
30301
33264
98115
26059
70534
82494
45555
71857
699
7094
36290
12521
80353
50622
44833
91827
41077
88604
16389
56751
17099
52724
84387
3424
60341
81835
40356
14963
15669
31141
78844
62322
64405
93311
4733
34940
92158
66640
23149
92857
73734
75792
21730
54088
26414
66564
62267
67491
71520
78656
40594
88619
47732
41334
8395
24426
23169
48752
39389
55190
96245
34585
33864
77002
44248
38598
28294
36406
5238
51444
45615
78973
27236
67346
49413
70002
50262
28032
37493
38134
6688
94439
43106
54421
35773
51501
78847
58942
16605
34588
14132
12850
85525
64349
89853
29773
19299
18147
66180
24537
85943
28147
19862
13179
11845
85627
83181
62107
13659
37026
16594
20348
31466
59700
91121
67239
11201
86320
42534
44159
20908
73018
57009
6433
37367
63214
52558
56666
81362
35090
97556
83657
63238
33770
96837
75083
19398
96370
53543
33057
49749
70137
69757
81215
29837
60878
64806
57390
47198
23692
1549
84458
96711
74911
7243
50430
38125
59802
23449
35839
94892
37357
19497
58130
71127
32686
49566
90525
45408
3109
39935
95157
73246
9692
92724
19435
70571
73883
76825
34121
97575
94727
34932
10638
69638
42175
77421
24115
18329
870
59955
13222
54579
95804
87704
25706
44842
37270
32584
90250
56731
72519
1760
29977
82211
94484
49412
69134
68367
42590
19608
82295
37317
54540
92933
6955
96715
86706
31070
15045
3928
7377
44619
58507
19533
48675
84214
80727
2298
16798
87330
59029
5669
89090
5359
87880
83574
54771
73367
68294
97361
92975
50589
51030
47515
59874
57985
60582
46581
5408
91979
50509
29137
36598
25369
65023
1626
25935
45750
3924
42733
33080
62953
64754
38522
68312
52634
38449
39436
42353
6743
53149
35328
73684
4180
99195
49910
78517
59778
12843
277
68109
63353
45767
21060
5074
10790
22686
31009
72892
26610
90094
22325
5915
54848
77199
74228
23834
15648
30016
66188
22391
83165
1516
12427
3697
17064
62338
98567
93194
75181
98844
61303
54886
44611
82363
59960
71753
5049
90969
60998
31659
97415
99675
37575
52263
76874
28155
76098
92523
74523
42286
14914
57688
60154
43694
77738
77218
6032
76305
70412
81213
91501
48068
52452
36113
30431
28764
24218
35481
19734
85216
83492
33501
1243
37419
85765
78118
81926
78215
70641
56449
20501
1907
30490
97007
45601
8228
90578
67985
885
77342
65551
92386
25410
18003
44851
55842
46767
69070
7675
82853
70638
91167
16355
71882
44939
18472
66352
26865
96687
36993
83315
33540
55252
30157
30547
17206
38385
37477
85191
55622
14820
50742
48008
40230
85097
92860
96072
48217
78282
20099
47422
48920
27619
80129
37154
72558
98601
3506
99423
11640
56851
99090
45180
12104
29247
92080
29310
83984
29557
30853
39606
44377
97948
87615
84608
83045
96827
97032
47614
75109
17132
95037
40381
61103
75166
77536
33661
90120
81042
49436
1760
54246
48527
63293
66350
94126
55373
12012
94463
84930
59217
34069
29308
57165
38036
30268
56563
34863
43652
4177
26324
77136
15566
66706
38239
7085
44242
71900
97205
41636
21337
15317
95882
86216
78610
78584
80342
33983
6948
74805
35266
66166
25227
80926
23331
79615
11194
96246
14479
54846
424
57155
31983
32342
23861
70222
39427
84455
58475
52984
42444
79812
84654
54678
82380
63264
49615
79074
13600
56563
53880
48866
39081
95459
29792
78765
75074
57338
75011
5905
12184
91787
63061
60519
24130
3274
47094
79909
87730
5569
32894
46526
1733
17548
1204
84113
97164
67171
63187
27116
23735
33419
75982
62816
28878
22126
41581
20305
95816
32945
26210
8001
24732
89271
84872
65214
8898
31966
45124
12980
53887
94370
59506
71972
28270
77062
56085
25434
44234
35625
52551
84321
85396
44885
63489
30627
83364
21423
50932
79180
54368
77142
3533
79100
82766
4758
44315
8016
53076
5791
20996
6964
161
96854
78936
28431
73916
51374
70217
34502
3351
39120
18823
88747
358
82313
35726
74
3736
86658
79254
74456
80153
99140
53556
62919
3898
14223
70935
56974
20014
8283
80290
20175
5137
75579
64958
79053
43305
35176
29908
46656
90648
48731
51755
91006
47396
87482
91080
67484
90492
86687
41940
70645
85827
11849
49916
89725
42424
37203
63051
62439
45486
43342
98966
50623
35273
63925
46029
78578
15453
92289
25234
6101
41020
93341
13460
4769
80823
4540
88605
87668
91227
46898
58313
93406
75099
8230
99483
17523
61785
62535
79962
7272
22229
95281
74247
57502
75558
36628
36080
91011
28917
77666
13464
86290
71007
26924
7411
68183
31465
96016
55851
39044
59266
30516
32451
34365
38746
31934
51889
532
10821
48203
24156
33050
59836
98403
6904
35394
51384
59336
26405
80301
37002
56222
66591
24362
83146
74002
8897
30963
86371
64748
70008
45637
11616
18811
80003
50363
50745
48244
67247
77919
12799
7755
27321
72636
6158
34226
8030
73894
93562
50788
54196
46917
23362
20787
71279
6508
11142
80176
37472
97513
61276
23832
59502
72892
42643
39505
39607
9740
4101
23206
87659
33253
30961
14981
5889
53472
65559
30271
27366
75473
97411
81562
22390
20773
18702
93669
43634
46196
90197
81106
43709
67825
4938
19563
57070
63933
75421
96677
90025
79522
36236
77685
12775
67197
9018
35016
20669
90929
65288
64388
66402
79051
45950
88793
16177
81004
98814
59811
27200
5364
40917
87261
73189
62207
6825
30259
42492
82246
43289
32517
78120
79525
26554
7248
63074
35572
42264
96
42853
23904
64484
9256
19308
10434
98049
35485
7791
13215
95296
51343
18579
36213
54957
8121
14772
61782
38380
57264
60380
98021
89781
54852
93898
32688
62100
56973
68260
20717
57069
11114
60973
21553
36722
80281
48339
51123
15766
72482
64338
27414
23826
82918
79979
78783
91039
94751
56917
45771
68367
33649
60145
74501
4853
70395
7189
83306
43720
91801
4023
789
19267
81348
38694
55989
61630
3386
7112
93748
92220
71451
21163
16046
70721
17494
11181
78112
12246
84450
40235
96965
18099
16732
71466
22953
87128
95007
22611
30848
86809
42986
47990
6076
24334
86684
78418
2316
6422
85530
12417
98643
73333
49932
31041
60406
67426
58575
38518
79672
43025
95106
92990
77477
11838
80808
430
98966
75816
39393
29815
62625
82379
77805
85053
6713
80841
79823
9030
3616
81706
21447
18611
55039
87731
66004
31798
55157
24579
86668
51182
67605
81774
44172
45082
93613
24980
61864
8931
796
1257
38746
79773
83636
32903
81179
6701
30097
61002
32083
50065
42708
69882
68676
14100
57613
34680
45898
12771
59260
32566
63953
43217
30693
8125
4651
24306
33105
66515
49589
50254
84124
88336
46379
84112
37591
27558
7165
84040
4913
39249
34105
63973
9131
2781
78073
83097
53814
40323
95868
29426
89242
76173
72643
19935
84298
93646
60593
33755
76513
10182
361
60637
14870
46741
61101
68814
90651
68266
52854
95564
23867
86960
59538
32999
6093
53963
32448
76259
94287
28316
5685
99881
4489
94680
36168
5139
88326
96761
55246
81191
23295
71960
41828
54518
18701
19281
23332
9352
87548
92538
21269
11415
95850
80807
60766
18296
51122
93214
94555
61761
37882
16593
61642
58723
11273
97810
80214
15952
10923
35461
97143
50571
7421
55324
5089
42474
74605
44773
68178
78505
53663
89447
6273
49514
86606
83391
67810
37729
92958
78717
99490
30840
95310
61133
89564
22936
75295
86130
55240
2571
21591
68735
69494
45364
40411
90935
87838
15017
52060
56017
9874
5723
45464
32499
55237
32071
15891
39399
86152
8849
18117
85642
56041
29779
63127
61957
52715
54775
48088
24307
73698
86031
93043
43192
31396
33454
50479
35586
64823
2539
7955
91050
8262
53420
23549
79852
1843
55792
19251
4347
80993
53720
89989
53387
99852
53117
15344
52567
24244
79784
93227
97942
65816
86270
57486
13564
36076
7965
49150
17252
10504
57106
8302
18766
26878
48203
14970
45073
20348
50574
49420
1341
4294
39409
54728
4146
8878
86425
73066
49474
66209
82645
47416
48377
68915
4902
61941
21343
29219
11092
38595
39723
84550
63249
74842
11428
27805
89812
72853
48153
40386
22273
65846
61033
78034
36927
81531
3265
23352
70949
52739
5913
53594
16508
54291
38861
37762
16232
60205
66982
43676
15152
23057
28226
94754
97899
56006
38911
4064
45211
3416
60802
67484
69262
21835
61871
6189
19719
81488
45893
90668
50579
68159
60615
83439
22450
99476
21202
55034
76033
4536
98711
7538
27593
43289
18644
25493
99296
57555
45909
44507
60971
6711
28344
30233
44899
6567
52775
64618
88055
15020
71638
54986
83179
32253
38426
21981
48082
59628
77016
24115
64164
75727
48005
8109
19016
66649
33602
34664
24204
79511
95524
85175
2575
40220
31761
47474
63139
888
28444
51194
32260
82
6180
31792
48688
44606
53773
13122
20586
30789
53589
1102
6516
1595
9212
41885
68244
59166
92901
8801
55030
4777
10328
57605
61349
58441
5079
24488
75681
49875
92034
7942
66309
98215
39734
14997
59173
93507
44471
96112
24297
98061
97214
47165
16008
6426
5402
604
81945
14656
9405
36975
19433
36086
94580
97135
94527
16011
21623
70209
65886
13658
94503
32195
28225
34237
63545
87398
44096
8016
99862
84745
22429
97077
48263
38437
19855
53665
39042
1800
84673
64799
55127
20459
885
66059
17594
11765
98422
39217
98326
64308
52875
92829
12856
97452
43418
92753
1203
87514
17121
1065
88612
39551
98142
36875
94340
34350
6892
49734
52502
91566
14534
7630
12025
31771
90041
29619
43536
88464
85188
41862
69124
54416
51043
81980
51868
94461
91085
53071
81976
8207
54137
86940
64110
68631
23815
58450
19333
30707
8185
71836
38625
39071
95818
67002
70842
85859
12973
14379
74323
98162
72593
43448
68930
23637
41780
20798
18098
32866
90222
16426
57425
60711
3366
21535
29342
43533
79985
48676
90593
4522
36864
29218
43593
49034
96221
14436
34893
25546
45167
25569
23708
34112
85369
8990
57749
43501
29789
92200
92719
36363
24978
50144
97074
44697
71679
26416
88230
68017
91444
95175
72539
44660
24394
32485
93694
36967
46921
44940
62513
8440
86861
2574
42552
88582
11564
302
48435
57705
8854
41155
94068
50184
91299
91142
94881
79331
33911
99464
63700
41707
94639
52591
2720
35385
85076
12766
88704
31997
57706
67570
40437
60919
86496
99342
49501
98060
99644
97937
72118
24850
55444
66186
75034
63095
73681
86268
42426
23944
85732
22478
82003
96723
75070
84723
48461
60146
97490
37165
8496
71548
4735
65285
32468
91231
64627
98321
5644
80623
12610
94114
5473
68054
76652
80508
31150
50333
83128
89928
90629
68860
12407
88985
81935
3829
90060
30396
63975
87550
67562
88823
75451
88649
54109
24271
96233
18736
38944
1877
99360
51555
95991
21185
35961
72643
18045
83463
39329
1173
89744
46310
70033
18503
35295
51969
22332
25356
98717
2659
29258
66279
91483
21061
71281
45592
45332
67514
80680
629
85743
96392
52184
98086
17578
4497
70729
35623
87961
26410
36797
94057
89073
23182
12560
24368
91503
34892
66076
90221
53903
11687
72852
45386
32748
44133
7330
94433
11647
88011
95062
97390
84403
47246
95476
18333
68095
82558
53957
72408
25320
90754
66465
14393
30288
79025
55114
21792
30269
21190
12013
84173
49229
84865
29559
81978
45351
53242
76411
56998
57605
71473
70741
58360
35071
66217
76694
3166
65127
30651
75575
90448
37757
58392
21193
68045
37418
76307
89837
84039
13850
18202
68212
63079
19420
14124
61409
64771
67366
37820
38121
24971
9293
8862
83331
60716
91432
60025
63883
56559
7028
55810
63359
44785
30554
84553
12831
84324
77212
19020
68364
7414
53575
36576
86846
72995
67052
48255
54118
34418
2428
92239
75741
28073
17454
75425
88790
8886
51802
69025
81797
58831
41187
45157
19968
71741
46062
49151
56066
23274
84524
24430
47041
38099
77358
33887
27446
44411
98494
81564
78829
922
90155
70923
28996
23961
46348
17786
32847
14502
3163
14645
73333
44350
59802
9654
16091
22216
58805
72157
61842
43329
12939
8883
97780
90298
59122
25226
34709
73969
23142
29890
91243
29650
813
20239
53611
63513
54377
86459
78016
57540
17456
67701
1890
93610
93707
34334
15826
52513
22843
77668
12194
35783
2904
26327
26081
78378
67905
77142
52347
91048
7032
43591
37050
24198
80182
90661
4063
50912
93472
82079
24804
27280
66133
43047
20890
59840
77381
53068
28705
224
47089
57252
52359
49993
83579
78440
44723
51484
71934
13423
58884
95319
57014
95934
19517
53548
2948
39932
4460
96420
38364
45617
23701
4497
88664
60943
80689
66045
14012
25747
82621
61101
82999
34981
27446
82930
29773
72169
34414
18060
85592
9651
13379
58958
5585
49248
28859
8533
89180
49671
21306
27544
95288
61359
48393
83952
22302
29083
66349
52666
54830
48971
13767
54181
304
57565
37111
46429
46087
87877
64489
48031
97528
77868
23342
19466
27116
52201
44351
16297
18224
65657
60193
13513
43368
8587
97465
65671
37670
80167
18337
8852
29138
48457
63033
45794
22374
16496
92223
68461
4373
56713
32845
18254
50933
56187
54072
78050
24740
98423
10699
42964
80433
70892
56477
23801
79479
70295
5824
33501
50462
40514
58705
95952
88971
38090
41746
27697
54586
50321
96159
75312
23386
45356
93566
74320
17895
47638
68722
42635
62413
79421
1951
42846
66665
74781
83000
46145
45076
88824
95998
11890
29338
71056
7842
34661
9146
65940
62359
63733
32613
74870
55397
56000
20226
48963
30320
38121
12953
15394
97108
91718
94815
99059
50917
61480
73840
33917
23977
35268
39093
36328
47158
68432
7384
71352
19445
16530
53644
81804
96615
86258
73026
52012
58610
9604
17327
5282
64077
46632
20676
61185
38351
15491
76597
89268
93323
66789
39537
17301
2058
78630
69981
65568
63414
77365
53273
82860
93895
6917
81016
90511
9527
54043
58875
84489
79999
76203
89771
44077
22835
10447
5262
77538
42290
98211
83158
51966
65001
22695
85619
83411
17678
55600
65331
97444
32965
18604
96656
43212
41874
77673
33723
67753
48068
8951
52243
28067
85154
42014
72144
24341
68814
93759
18232
27456
8322
1390
79422
89675
40438
65041
73086
74468
20641
54770
71912
69958
73374
68569
13171
31600
62594
63246
99354
27014
72197
51597
71433
73703
9963
59930
98045
78777
53689
16277
6234
78363
34019
2008
68039
90809
67050
41125
65277
4043
12247
37190
74002
85622
22111
87173
33574
84705
50419
32928
28071
38969
877
99504
12672
10841
59434
27069
5970
29475
59698
28556
7839
93718
30565
92230
84527
13967
49707
66157
18010
61955
3347
8364
63929
41810
11889
97503
42867
78661
30432
70938
17630
47661
86794
30302
58502
46229
57372
80825
92056
17070
9381
16247
27140
56298
8477
28020
70265
74537
94177
4628
36492
13876
29344
421
55686
41234
97924
98553
19895
44708
69491
53877
92370
56285
531
67224
18866
57903
48049
27275
91326
73783
59874
34818
30081
84704
62838
16699
59241
73367
21327
95733
87243
50671
12506
42929
8257
10430
57834
44504
71491
43677
98381
63861
16315
98913
47437
35181
73168
11839
78808
80846
85622
55035
15665
32055
39739
94855
48754
15332
68223
86433
11065
71818
53457
39923
31100
61714
50353
88934
6219
21844
32612
20952
2057
65279
19865
65847
16812
93034
77686
95621
73880
63308
50656
5897
11715
6747
753
60470
22079
85328
46903
49496
73498
16712
89419
4598
78427
56124
9885
998
94321
58849
21950
12730
24128
58168
78577
40940
51202
56263
52913
41434
35923
19921
47332
47639
43020
64437
24461
65099
66117
87716
30947
39615
4429
20366
60566
99208
92843
86803
16558
87164
62004
54860
99894
2484
13028
94824
59776
80582
51087
12690
22017
3363
48963
85701
67354
91984
50138
91815
73435
32607
79531
4383
72222
312
41101
49140
15872
33944
52295
32430
37460
14299
87291
53707
16783
319
48531
76560
80902
15970
5602
19271
35685
54565
4972
3039
62901
71462
94854
36337
4069
90738
40720
76291
7402
81821
41784
23275
32118
94079
55705
85930
24731
59348
39637
41514
59668
4520
34426
56922
20491
56380
76193
56176
27298
81165
75568
90199
52627
70422
26536
73048
77512
83608
65691
1267
81782
7475
24542
30252
17907
96599
16182
42638
55948
55820
504
31968
60340
34931
88890
97183
91311
81435
69712
18609
62600
45280
25161
31579
32054
51697
4627
25919
51658
70318
27186
33440
94146
68080
63692
12053
64679
79874
71043
36979
52046
71547
68947
28739
22830
74189
25922
30494
55624
11986
65455
34576
57266
90616
66155
5673
58666
87134
31592
10324
73805
58778
60116
84303
43210
23808
12708
7889
20034
83751
44869
72081
55298
30168
17172
94481
4358
59446
24975
59982
71433
90430
94559
45051
81047
77066
50724
39713
80553
82316
66389
54358
57446
26505
55013
656
66665
67721
24898
86699
51472
86119
75132
23122
16287
92304
17603
36997
51751
58930
96980
39536
49361
7891
84587
30408
84957
51664
86473
65510
33980
69214
36220
7779
95719
91233
24787
78736
75306
66037
65435
43130
52156
56920
66253
84796
65576
208
21793
17327
59139
35125
73215
8500
43016
74155
55260
44326
25819
58085
26188
76151
43651
78761
282
39370
69994
25070
34458
61653
91107
99893
4783
59616
73165
87388
44412
38742
87597
82557
72421
63088
34035
45637
87940
77051
19792
59552
37729
61963
33989
63918
38114
77640
42679
38397
33362
29025
79819
67820
7030
87278
67713
11814
46894
57231
99202
7658
95973
3151
90216
68394
66239
24251
30383
70531
17654
50175
30083
71736
28490
64072
52006
82957
41712
11037
21354
75074
40062
17525
42894
47093
4803
26960
75259
68050
84191
74461
75708
80164
77613
82276
64910
60204
22879
95294
30736
56886
61821
60819
28622
90312
41244
80628
73269
82956
91665
10975
58031
48079
28500
17277
11524
49655
44237
86783
17705
44780
77597
9766
24944
71562
92042
89855
31766
14922
85149
78854
71808
46970
56026
16782
53634
97270
97410
26903
80226
5427
37878
54609
69858
82730
71887
97735
32386
32476
84518
66443
77257
78467
76209
18553
50029
68252
24760
98148
99526
26261
77002
71334
73232
33028
4468
43218
46650
18230
70122
26877
23657
24352
97838
9867
7083
86077
7602
55821
18554
8473
22264
12163
86940
98474
30716
53322
83078
71829
51470
82604
98090
44824
70290
87674
94205
74758
30893
40855
92988
1015
84084
32997
25367
81923
42864
48802
68000
50467
4623
2906
75292
43240
31421
62232
41714
78490
15554
41144
50319
83376
23748
48409
28201
94038
36084
38758
68796
66977
79613
78136
84344
63698
11133
26063
61973
70349
91218
46325
37168
95841
49232
12460
55433
97005
91045
13499
75495
6599
54643
42166
6328
78391
90576
50881
72429
43012
89639
57577
26341
69252
52065
10685
49302
63198
53100
11275
49900
44318
57601
87068
56512
23185
99529
11945
20190
90574
25445
12038
13525
80088
54204
36205
74832
61132
87086
63613
4144
76725
37543
30485
62330
89608
57522
11632
69159
26975
39260
19059
71293
96861
6127
44157
20046
22008
72455
56588
28934
14252
68626
42460
94340
22831
95017
85524
83963
82104
49138
4460
75181
86681
34945
53863
76289
8820
81848
61800
52147
21108
80859
39792
34321
3339
83950
54367
25347
56405
10955
70634
70657
95934
13094
81349
18765
8111
66874
19080
6567
32364
23540
98101
19045
74838
51964
11686
83658
33812
89839
52157
71272
70698
91949
5593
90389
75899
59960
32089
48656
87268
2723
35665
99554
32169
33367
18319
56632
16593
37399
79552
48957
77292
77653
84354
52130
29617
12392
52140
79782
2231
4297
51054
89282
96246
56648
79671
88498
32960
28112
37154
36580
30835
89172
36134
79356
22539
70805
35989
39132
24557
15541
4441
1849
9546
5147
53979
39163
17539
6119
35297
19771
26768
86352
25405
23014
59352
21428
11512
8664
49541
65019
45245
96728
54191
97731
92437
93082
68537
28426
48566
93094
60319
53007
11295
69865
58154
65274
25380
92045
87745
60678
28168
14513
63382
53573
53879
22734
91354
81744
47750
57247
46763
92995
53975
17306
7079
46412
10388
91968
91190
58954
1414
67861
28313
12709
54078
2819
94335
79459
11216
98432
56489
39385
12945
19871
9310
83176
58957
664
64920
6707
57911
11683
16055
28239
45341
23134
74651
55729
15102
82194
31035
32868
50055
75700
45577
4134
78519
56264
99945
89736
54696
56434
45473
83993
76305
54783
67169
51614
71800
48442
58321
29711
76477
74376
57950
21819
97510
48954
93900
28964
47500
24936
78184
13907
636
23761
34393
95508
96377
34338
1596
51073
7124
47069
51418
99781
1852
34940
51395
73652
83382
9717
19716
59859
84093
94018
98030
97956
59324
91931
43272
6824
16867
21457
20732
33855
61570
71477
29363
57948
5816
30959
25373
29292
94380
76792
29074
12585
28084
80469
2589
11466
6538
22305
87677
6984
16324
85708
4940
75648
77639
64564
98825
10858
86021
19557
61065
63944
91034
6781
38244
13202
54092
79969
42495
48473
73113
87921
61058
1197
84742
63647
12663
91281
2305
16693
98265
34981
2401
19557
26981
96392
84121
25806
23602
86495
61715
1019
66791
69102
7800
21387
98656
61893
1356
57503
26718
74470
45424
87776
92019
30167
67775
21035
37800
86432
37728
52417
21413
56481
71974
48395
69225
72447
74201
92827
75294
52269
93846
58437
21371
17999
79824
20027
79892
81181
77531
6610
72003
39307
10738
64022
85826
94865
85057
23626
81298
39137
76043
19063
95618
64369
67458
64843
53169
58012
74022
28463
10281
67869
86901
31652
2220
83077
68031
82112
80610
61914
5074
52613
1222
32164
32988
87048
27029
18045
27027
24679
57183
3070
43743
69153
83792
27553
33997
36961
85565
8019
65424
95846
92240
68677
43850
94460
68107
28234
92924
48717
90148
14350
1331
7722
46514
34319
94771
89896
68716
21798
30927
42251
41220
74670
11405
25012
2224
61754
61973
4141
69773
43750
99988
78366
28779
60190
89178
96886
4776
82103
45604
94925
96453
63287
18999
59320
13958
13770
65568
99026
51920
96495
57630
93141
71166
85387
34505
89742
47141
96479
93883
33266
56581
10223
11632
1712
86766
811
98599
91542
99266
60555
2819
12071
40194
21819
71391
70504
51941
36959
69530
3862
49807
27160
13355
20973
12547
64212
27067
76040
77043
20950
9307
33624
47526
37291
35337
50644
54454
50288
42186
53720
10843
61358
82144
67389
83177
53535
37893
51470
6847
23775
71684
56654
67288
85039
93979
96187
49252
37398
72228
42647
74700
81535
76272
22226
35178
27961
72870
89633
78249
31409
59705
5444
92767
41849
72833
92296
11737
27078
43766
18584
50853
15451
91590
18141
16842
1921
14329
82446
39319
86557
25094
14019
84444
17718
52598
35974
45679
41820
25607
40280
73229
85313
45724
82348
27162
34909
74644
38899
78339
34763
73835
29192
66566
81777
63686
99760
50
78015
82207
39369
80924
23653
69741
81720
41371
38691
17694
3402
80511
59654
43682
70093
44967
5758
52441
88481
57019
43438
43733
35358
94553
33920
64550
61119
15698
44588
60879
15748
22603
59438
71470
19879
83091
57563
1599
40814
12606
35646
44216
93117
95300
87898
79562
56619
10008
32004
45100
67027
91794
5185
2385
2699
39106
83288
80170
54804
27876
57401
86904
66832
16840
74726
3063
16283
48641
4663
57098
61247
40309
17666
70717
51961
21917
50279
8580
31925
98635
70032
98953
6781
75218
17690
9480
14324
17330
89650
85480
61559
47052
88736
44743
80244
63463
47806
96527
28456
52469
69977
6056
9130
87644
76773
77443
9561
27052
86023
41486
42040
56056
56791
48821
31274
90834
58302
61950
8164
64304
47430
86075
11356
36166
30818
7952
15981
78625
4480
44438
47446
74457
66846
72929
78453
43619
50372
88014
87023
52748
45853
29063
8804
18996
77885
56430
9830
52539
18380
34347
16843
65810
36774
44552
18328
67593
52504
34310
62570
73336
95100
10016
64146
61946
82945
42599
21917
49670
46966
8940
2418
9171
38004
27574
28167
32241
84004
54350
84780
18736
88697
17975
898
25471
78879
19226
9416
31384
69888
71986
21072
81340
82003
1570
59638
81300
44170
81555
47322
7488
6848
49740
16659
61204
77314
44826
93445
77670
15528
94577
96406
4225
28904
97304
46049
7784
32883
55465
55520
19123
43804
76592
464
42159
78163
76454
23459
38685
74362
70782
62525
81210
36874
79184
42414
30541
40362
52211
8211
55891
63140
20970
76468
92044
34626
38869
16180
83861
94335
71700
2985
54491
64645
19801
96650
42808
96255
36461
97845
70617
23595
60370
51827
60470
55906
10593
7363
12620
79156
15574
68511
58648
52896
61332
50693
87523
201
83225
71384
10888
54926
90721
65379
19571
10522
62029
78731
23130
14843
92928
93747
38438
69650
61927
98908
25556
88872
6271
38176
68029
38198
23040
26677
91094
84372
93722
94969
925
76948
82706
11814
48226
73427
93545
84149
302
55575
79232
23432
70418
72160
17179
25208
41810
95458
40469
83718
683
63092
21894
68712
1290
61286
11741
8737
62010
21816
20058
62936
15116
2764
74750
79694
92544
68295
63843
92846
40222
43075
16278
26992
31587
49809
52201
73397
61620
92670
73467
62303
72114
95361
47367
89757
73000
75460
98494
35010
97276
34904
97946
28744
54021
89048
8438
46565
57344
72281
55763
13918
31708
88393
57263
63295
54554
9464
53044
16174
18486
26511
94829
90600
38225
42196
80357
11225
34009
95203
62587
47637
46460
60534
76382
481
49582
84820
47046
23278
73454
19161
37197
21514
7554
94460
1162
62108
20276
54206
94635
55114
97070
89464
62066
51647
48013
58776
62872
82022
70331
25459
29659
16791
2345
22393
17272
51928
23566
80670
91558
13372
99831
28755
34886
23737
39567
36048
2198
76195
6607
96833
31309
20029
2649
9728
71676
67014
68504
34548
65388
38835
76359
11400
55627
78705
33793
89251
46985
57359
86274
38543
70731
86105
83651
21970
26195
39570
74370
28393
15766
80977
41578
63427
1006
44227
73155
72682
27594
58011
23582
92982
13199
16294
4382
85178
11351
54528
74429
58336
28239
60703
13231
15323
63161
13234
37293
89356
52805
11663
34101
84923
8993
75679
48350
26351
36258
37858
99034
63852
12221
38968
56835
25420
55262
77569
10598
66613
32097
85028
41301
76689
62083
54533
92012
41596
84119
45657
30952
36924
73672
65053
21847
82665
57084
86550
9017
93343
40760
24403
57195
52981
63371
30382
94754
34986
24304
5352
17951
72753
6732
59253
49442
85168
30138
57806
26764
14257
3463
57717
67534
77136
39122
5733
59801
12559
92283
85170
5902
49395
9573
79449
18729
89297
26184
13483
40635
50488
18835
58586
23241
41920
34191
89036
27088
80681
46842
53852
94939
50306
27921
78825
27442
83396
84558
3595
95955
93194
88766
18209
42589
14691
97658
61318
20340
23842
91153
60975
90682
9989
35914
30276
68261
70105
19312
95349
50787
66154
49201
62078
16460
77123
40903
60254
60519
41813
80202
72826
35007
68968
91035
93949
11
88693
71619
20352
28888
62773
81327
35922
89114
33593
66198
57375
3699
85510
52724
70838
51665
18277
32916
84477
11752
90171
61084
88623
31984
41286
61449
83344
26606
52484
77293
26617
57530
65264
63321
2770
44389
61001
38692
33503
94594
4891
7230
98293
6753
76306
69131
58418
94584
18399
59248
6336
24922
20332
11312
56907
77970
72761
56603
4576
41598
50248
47545
99128
15512
10867
18250
59902
71868
56942
9757
66462
78185
16988
81108
84939
93294
66591
59709
4230
1343
18957
10567
26265
55641
21879
99524
33611
10992
56127
54539
52590
6375
2085
68070
38240
29304
86320
14494
1172
59615
24251
83986
37800
41239
81446
39091
50886
64390
98801
55116
65733
17758
82035
91998
89752
20266
91523
39715
31259
64002
94255
201
70378
12692
68272
24970
41996
70944
39464
59520
30559
63715
43506
68360
21307
41305
7451
72193
5695
22604
43661
71428
56715
25697
79778
46467
62315
71301
86182
9926
35304
96789
10128
22034
9481
94752
47004
67829
65696
2820
27349
96256
66535
87208
80968
4194
28513
4771
76387
50560
27376
36401
21988
84091
78450
1766
46910
40765
89420
49444
50692
41076
46234
77172
79462
72067
88276
26466
39897
53972
29286
67246
66580
12173
70806
47548
16368
99319
52320
9107
49879
96048
61860
88219
96491
40310
6338
43401
97428
12110
92845
64472
53186
55431
41644
32648
43851
29920
75466
100
244
21104
83698
66825
49629
54505
14373
82349
70176
83045
7809
36408
95445
69669
24627
91936
9980
47317
51689
7408
59427
60887
88232
28965
16318
29876
77965
76521
76148
53431
76621
76392
90887
60320
59569
40517
14825
90295
22866
85001
89692
30675
21409
85138
345
62389
93426
26677
26058
45116
50437
1838
6003
38669
30803
38673
84897
8769
31547
77397
78552
8168
70141
69440
84840
29711
9957
99665
20006
49175
1019
26050
96203
38780
11188
96548
17521
20967
39577
43580
66083
6366
45418
88438
45035
92573
43463
46284
17694
75010
23681
96247
99531
93822
65687
84371
39885
91996
389
76243
57523
1408
2294
53726
56540
29834
66626
74062
50801
6203
33994
33236
12569
95764
38026
73956
88337
97842
36592
22384
89204
60273
18631
88735
70448
670
89459
26685
92666
89848
2929
66541
7608
21575
20268
64148
67761
86894
54562
18563
9450
4908
68151
38371
672
22530
12328
5362
20372
48920
27746
9576
25546
46377
14664
12346
63399
4123
39031
72417
10323
58312
38958
17931
79887
59226
98431
47649
62473
69346
82564
71923
74254
50715
10294
74927
89597
38974
96641
9969
4247
40739
19546
29793
3468
50562
42139
66867
54685
97522
39284
65008
55835
78242
99291
52074
53821
97722
99723
16294
67068
98639
88217
41323
65707
14863
32602
55304
53838
45595
65274
58085
86334
1172
4230
89802
51734
62721
73021
22771
60243
12305
87779
32430
6899
87070
84505
60720
1144
580
93366
68213
99220
97935
25888
64927
12799
74842
20231
82989
36789
1857
57426
23123
3029
61656
29277
71115
40729
2298
93886
17324
30955
98017
49755
37854
85087
34260
14927
2584
34840
24645
87149
34060
22581
13037
15339
35380
4231
35571
34721
41020
37428
92147
80495
56810
70155
9772
27925
27236
28422
21812
44560
59377
19829
94315
13583
21269
44927
44862
40205
96120
69508
27354
46532
92089
56743
61872
43821
60974
13795
78542
18346
67575
87041
98841
24385
73548
24965
52311
784
69739
90475
45344
29116
26656
56012
59051
64277
939
20266
4482
13411
89774
31836
59944
98215
88579
38168
42036
65905
51963
36930
84251
19538
23971
99444
60276
97519
24409
28939
14655
94148
35766
59999
39616
62422
16011
15020
26700
33303
35286
47534
46714
41412
79371
23010
39627
84302
61178
81663
50208
29493
34945
34459
65384
58916
50256
25660
72787
91017
70951
87442
1518
6717
63793
41134
69139
96157
72506
12191
29460
24144
59726
92526
65556
55449
31889
5183
39751
93067
3198
89959
38913
38143
40771
4297
13411
91027
46309
2550
82044
17260
6344
83562
23977
70138
41049
9468
66295
29907
38012
12107
54052
14090
4633
19608
69539
36522
24792
9290
45942
44342
15602
84855
82486
56373
5504
95897
63752
51813
98448
45796
85425
4792
45711
25754
91282
86760
51574
57577
33019
89586
69684
87071
3676
90670
6680
89567
43544
47824
15210
89486
92166
30812
90693
74652
3537
96197
86902
67289
64362
1702
29437
49787
22846
91500
75541
14129
94612
27116
71706
27632
33054
57743
14703
53083
64765
37735
59002
8309
85559
74212
97796
94078
21376
88489
85082
24913
1039
71984
8554
65401
90038
54344
15189
12885
45844
7082
27014
40457
50550
15072
68089
83605
89167
82792
53040
53932
20528
12042
62242
22439
86255
60038
32869
7631
64879
17952
48897
65918
6288
73803
31320
96327
28147
62861
25564
73992
69943
68930
14449
20494
84002
98890
20451
73170
81682
73491
43454
18562
85533
5696
57354
88140
65734
90223
95772
46966
24527
61021
12884
30816
34824
60556
43495
79324
23417
85411
53316
93361
54341
84117
30207
38343
83007
50658
27865
81041
40501
71320
15956
26034
77016
73310
14175
59103
79885
26299
22421
4413
3672
35305
51581
54848
95862
11428
34172
35631
96839
3840
28992
51180
87957
75551
5875
87316
26209
50093
68358
66710
21413
666
9097
14781
73976
39624
90236
53861
65923
12657
74626
85947
64315
26207
40795
76529
37635
74968
12160
50826
78808
57505
18358
83118
33056
24234
70434
75618
74327
55144
58680
12092
55810
84129
43225
46138
23753
33462
16352
6028
62471
90978
91975
43138
33538
49123
19667
71173
24091
48180
38352
19251
22037
56710
18721
55093
97296
89156
47063
87975
60652
22096
67
32815
6225
59645
78953
46331
9459
95305
52359
71930
86284
60687
31421
36174
9810
51088
23699
50253
15620
62051
69504
37657
18762
4578
9103
32410
93734
56166
20386
70738
94614
36805
3553
17192
96450
98859
63523
5909
94164
32234
94192
96800
92921
25613
32974
19083
93053
56674
69336
8674
35077
55193
46331
70191
59771
71786
2602
69857
44305
22988
40595
38919
59793
60501
56111
72596
59360
35986
78505
69876
68221
72697
66677
61142
14662
16003
80226
7716
72677
65914
32742
7755
21107
95425
77946
97230
67212
96900
67087
11517
19888
24035
50436
96034
888
22900
68630
60248
58886
63487
30124
27107
52537
13153
4602
67199
29157
1180
91267
18186
67094
24009
42293
4554
19435
36592
1784
86647
49844
85224
14516
69733
25611
81304
82119
26499
4204
67101
86747
79443
46940
33223
22902
99477
62729
43856
83029
91886
45036
90648
26424
28483
14658
85070
49389
50445
38014
67525
53444
87858
52749
67960
73943
94712
49264
56062
21211
69821
39515
24310
65616
86456
57534
4870
2285
20263
48727
1666
28501
10115
92315
71277
38598
6973
56347
4339
73770
10713
71865
27214
98572
40966
95174
72515
35679
60790
44930
73242
46963
84445
97553
28931
87253
71439
33802
5891
91702
82529
7557
36555
92644
99872
7832
47595
23197
80532
68286
96967
91245
40151
40533
6169
97470
52059
78685
49501
29202
39967
22743
76165
40764
20296
5097
28018
91735
38899
33909
99789
37780
57818
36344
46776
57691
60529
10723
97240
57413
79010
10560
65010
19161
51093
71180
32983
19505
66217
82484
48707
6184
5228
24872
46948
41876
46321
91318
49964
1572
41579
49753
39352
99398
2450
86129
73441
79331
96852
87033
36744
92214
97593
1754
11376
65039
89286
60711
84544
55503
43196
33251
61687
64776
74475
8636
6652
20797
99954
56616
22369
41534
22722
78074
57284
25172
80555
30725
4503
93759
17758
57599
85974
31704
59353
13702
96743
64992
74413
81287
20495
33961
14538
82183
98737
89013
7171
21742
26162
7125
78358
64884
65011
17432
42958
22295
42604
23513
69372
63459
17272
3483
21058
3246
35187
96764
33300
31930
61756
7714
29569
82251
41675
60459
80786
56765
49472
87957
78507
91987
95083
73217
56871
76446
90650
99829
15094
49606
39694
84466
13066
56966
4301
34124
76565
39488
47240
9865
87770
8996
33931
17339
7600
91959
77798
88386
48724
43623
76344
27231
51962
87779
16800
8833
80577
7450
25014
95671
57057
64708
96490
70123
38026
17143
20599
14591
56632
84192
40809
60754
9540
91092
78094
17140
83051
72244
21879
31775
32219
14575
75358
84181
18706
92159
93014
99283
99609
18028
11307
73018
99088
24149
59493
37115
41292
80093
68058
14276
80637
25219
75031
90177
16312
53125
23670
99363
41721
45549
31139
73941
60124
22849
74474
78830
15008
67489
94465
30970
1869
5772
3988
958
46273
63482
54425
87566
59927
22483
1842
40564
47703
76873
47093
64015
46350
70763
79730
4424
16312
27221
78365
92788
50071
69191
87970
65079
53032
82436
12401
54902
4560
16390
72212
50834
96224
42989
54752
72503
65472
56594
29419
29527
49820
76512
9894
12522
47276
89625
16946
63588
16846
11663
72729
66917
80855
60699
48349
33887
59487
60750
5141
64048
93492
93705
31234
89716
53046
85986
62219
18519
58932
91638
64398
25104
84503
74293
53979
31779
63918
70925
11719
97116
98941
84448
64034
96148
61500
28735
46387
20987
89485
51529
1387
82978
61586
32621
89046
14633
34959
67618
49504
10244
75608
13902
51700
60111
4547
5679
91890
84817
92957
19962
81934
91898
4410
62320
88046
65910
91055
34433
86898
96892
2314
88285
96222
80253
37259
85269
11238
88570
69239
60742
98814
44847
90996
66867
21311
95544
72546
13201
80361
65503
33163
62295
73753
53926
24615
78151
36188
32022
28937
23086
28915
31251
27724
25137
27856
81335
10406
39094
69905
95997
99836
85072
40845
7185
68291
62156
2729
40837
91709
99442
22693
41225
78090
96446
95151
2705
90950
31339
51080
19887
70778
79995
51138
14854
5132
95347
12541
31891
34441
82446
27888
50630
83870
85085
57815
52161
63593
60544
9351
55303
76338
32044
12880
54428
44842
24383
73486
35792
72074
24566
55679
59204
4561
23170
74058
26045
18517
86599
74288
69310
85398
18529
19940
85620
19966
77755
54134
83560
54651
63485
55215
30990
11881
84447
85418
73075
8830
58904
25220
80904
99822
97251
40109
20735
36773
30519
63133
55290
33471
37421
40953
35221
72302
60893
20841
92269
55001
74975
92181
9652
54812
47396
56994
83045
48195
58765
56121
57025
34021
97693
54281
33844
94944
94390
54579
31718
41262
17712
3360
74733
71486
44313
26306
43788
21559
47147
52409
76560
38475
44590
2564
9639
8338
59559
92685
56533
18324
65158
13558
52345
62851
84192
2541
57795
78582
73473
5865
36196
91185
9226
27281
79023
69891
53587
22812
91450
17087
75221
68010
55562
36164
70575
81553
60854
46486
74238
17388
64810
55748
47298
33507
18599
31490
52401
92747
26425
25874
14964
62621
33411
24190
6255
12435
94082
59842
35247
85532
93281
26820
69895
48843
79336
40470
46749
40191
3308
37339
73931
84470
93088
21229
34329
28039
69072
86730
37138
95497
12604
52103
74470
62368
92645
80725
74803
3079
56920
26402
4964
50201
69574
74859
15397
48911
31681
62146
5454
34989
99485
79385
35811
8925
614
70140
36965
69686
56871
90455
81535
85827
42558
56006
48195
51556
53083
39350
54635
26355
65752
75951
76557
35327
50810
8306
590
98843
86804
6044
50184
86289
1781
85995
11567
18747
72488
48532
4786
29359
38987
86321
31538
97898
58679
96086
49454
28115
35436
20441
54470
1189
96393
31027
52868
63555
55685
69810
78751
42489
92206
45287
45131
93987
31283
56698
12734
20123
21582
17520
49482
76921
20194
97372
91171
78873
93458
56977
6988
28895
77419
61459
46436
90164
8838
15656
53719
80876
85466
48822
23365
77672
94110
84848
88011
25393
41546
17097
61868
79480
50970
11350
72754
71164
25074
63925
66389
18533
20903
73378
63780
98322
51189
26568
88486
76379
42224
58557
73607
44042
7380
13325
21714
1490
98173
26077
43235
56072
43174
5103
35552
94144
32805
8306
81660
57879
88584
48050
92764
9487
37780
56544
24161
5321
83112
28999
98052
41688
87556
71660
85730
11288
84985
23796
29130
83158
49873
72365
55582
9400
93820
91135
3544
42977
15793
85205
857
20729
49607
9973
30216
87387
82870
54377
92708
65982
83376
90760
24023
87285
62420
9753
14925
63757
33550
44056
46916
83423
32773
2498
92823
26594
9985
12720
85923
42131
14277
3132
62860
63884
13106
9429
51271
95976
63806
43979
78310
63535
51091
2333
67172
29864
12087
82097
93621
45637
26153
56889
45412
58927
75740
54588
1873
2077
67308
87796
60560
97937
90929
39773
61821
20387
49202
13092
16363
29360
73423
94673
9247
40866
13359
76419
70730
25446
58517
64352
87435
1022
37593
32847
59949
13333
3787
78174
31763
87447
65971
92323
85384
73252
32096
47205
93639
81298
76649
26354
27011
66424
37379
36258
7291
50738
12678
78021
92536
87547
58725
79971
88569
12671
29171
48519
26004
32958
43045
57767
36758
25368
50091
22142
98620
98539
69348
8611
79838
62349
51317
6849
28774
88697
59459
36065
55787
72137
30438
48324
59684
5516
44647
48254
18187
73818
13125
60543
23129
56170
18311
59887
81539
84754
82029
96511
99645
67729
21475
79483
30079
72792
2684
75205
77841
78496
27622
33629
50633
58060
81953
26670
79928
26600
74924
98115
16771
4401
58659
56252
60571
93322
16139
58462
94428
14520
54974
94073
98602
92801
89909
28681
65593
8945
20238
43435
87441
47860
93416
38075
5920
91721
81097
85849
18321
56021
316
51444
76774
58975
7696
53697
68649
40187
12160
63077
54708
83486
57151
53310
76287
47060
98343
58232
72357
18581
18019
59799
66441
11435
14226
88713
3156
95323
90914
37830
67696
7583
89274
44470
66558
13323
98167
51560
53510
10327
14637
24570
10165
88140
77880
86452
51552
92575
61037
23910
11156
79056
83709
93949
6844
97935
99015
26352
93258
89929
64182
77306
97512
69809
21776
80423
99484
19943
48335
52994
46623
62972
77565
56788
67465
71797
59593
19017
64373
20630
42927
91881
16038
42988
85831
22882
57275
1198
65587
66885
7479
29769
44191
21344
15930
65967
1767
15414
85911
66454
84761
48886
29426
62326
5674
96891
50475
65267
32261
14848
2249
75188
23082
18288
34529
25265
57522
91804
26463
23109
58690
33942
69231
2881
55286
1513
68849
73405
16928
71112
39859
1689
19998
85638
80367
42024
82529
30842
7292
31142
62043
25893
6331
85125
60533
40860
26742
34408
49016
53205
73869
7706
87147
43100
10588
42434
44614
95789
15839
77894
83253
55699
95935
3251
41337
76302
45275
40218
23496
68919
71361
1891
11165
94044
3368
71698
51256
30110
6106
272
83315
79976
24331
86815
39428
51271
29249
394
47060
61440
78288
46665
33491
90575
49916
91180
83229
11543
47751
6726
96815
35464
24969
7980
29508
44690
96030
97116
91152
2137
13740
74468
98465
38071
77635
54245
5694
6884
54640
69106
84676
49280
15771
18168
39856
82039
25700
23085
9935
73451
46163
6750
8915
71133
31082
54775
32175
43464
51891
23327
61953
81984
14147
60418
36407
91782
14664
42102
15018
85656
11208
99695
34936
26980
34215
74792
9019
59915
97878
18954
33367
60393
42056
58634
31526
89490
13410
63701
32955
81653
3381
94908
63637
17528
71679
45
9311
2695
58499
24329
88351
69707
40376
23287
96687
74591
14432
22059
50859
28662
41013
578
89055
99422
59212
20582
88912
88974
635
21867
70628
4016
33128
34265
37897
4807
50662
47208
7502
9161
87889
12205
78869
28266
51844
91908
19209
66276
30319
70068
94938
87685
70646
83994
87107
46211
20928
76019
35185
37915
14239
5813
58284
63719
56431
96181
68526
23445
59741
92380
32607
47630
20937
27828
75896
72781
36088
95106
39058
66408
65174
50348
54093
52173
34342
57552
98384
71622
33571
33569
9538
64162
55735
84174
27881
12166
80355
12759
35611
40096
21491
84570
87726
42428
28750
79975
31562
64839
75081
70620
47599
56607
20968
1692
25132
71663
59244
23516
43285
9167
73438
69175
89682
45525
53349
33915
57691
33704
46675
9654
90152
84518
10577
94231
43299
39327
74206
74861
4166
65639
45481
51765
38598
82801
69809
63731
54464
45405
3599
14102
70925
93389
83277
60607
38914
36627
94522
12957
86683
57549
38964
76836
42068
49541
71067
85367
88868
61625
60228
9387
27264
22061
77504
82214
21214
63666
62297
75679
25423
65897
6133
96348
75638
89410
73307
14553
26037
67830
43862
29073
41731
82826
5909
83799
32367
93328
85518
37588
54953
62098
63327
98569
84159
40831
97135
5374
20849
59433
97405
46273
25330
3538
42621
17320
92948
15929
31873
35338
111
75736
64411
41842
74914
86672
41994
23634
96352
43864
61222
67657
5963
40901
66226
90122
81732
63361
11848
18934
22794
9253
65207
64476
29143
7828
81797
38444
40109
30022
90134
56572
22110
70897
14767
97025
57569
73113
37011
70273
16977
14585
37930
22940
55486
4156
29415
53570
83869
57615
72504
23016
83221
37711
3844
12364
61892
85641
50808
18353
32016
57294
91278
54126
28191
6045
67503
2112
95510
20866
72385
12487
35451
10315
51780
90937
30823
97547
60860
14693
55162
33364
54061
38383
87428
57905
67100
65672
59899
17908
84025
91915
91555
91655
62393
19746
97700
46249
21859
9562
67115
10596
38402
2567
20912
90182
9856
51735
4081
70716
82780
59243
20433
53193
13979
7861
11099
81079
89885
87350
15339
73910
95617
6894
65566
74362
26641
79618
20611
64852
5533
4079
75448
43935
22998
12712
50469
32854
64448
54550
19923
63580
30145
40356
16774
44124
64569
44225
41555
54454
47927
56895
44716
59896
80141
26634
34258
23134
22605
71222
87986
28138
75301
79787
72073
98299
92499
22542
31153
73299
93444
67428
36880
23589
24136
70006
84066
5057
30583
25621
59511
94862
98868
20580
54758
79010
63566
89016
2144
86171
60238
6483
14309
35539
86270
2734
50190
78769
41628
97696
52069
35072
65124
5301
75014
89261
91659
59080
10670
22242
1053
86534
17104
99922
7114
88214
95284
70680
77230
13780
73204
53821
20263
87513
5712
6533
6600
55903
1655
48228
53599
70076
99653
35075
75377
74667
40688
67036
50099
51359
5630
51152
37893
39086
67426
45007
27300
62710
32039
20882
92843
5243
74703
13106
9109
96768
35992
32061
52671
53999
80289
22622
24075
79942
57697
99452
70961
14738
82840
21060
66097
88470
72213
3990
27556
55991
65349
54856
35054
13740
75738
27897
35336
66794
57355
60797
63562
93347
92858
32585
63698
89499
71559
87773
85794
45608
3577
56755
60346
86417
94168
26443
74887
66381
46785
2443
22372
28486
73651
57426
42227
65742
1675
93915
32536
59031
54712
12450
68730
63922
61387
32429
53421
32946
36554
55567
78554
40132
12323
55253
26549
6491
98048
17789
89224
44834
36584
27948
89672
10236
1727
48251
75978
3402
42166
24866
62433
13230
37316
47516
77152
98703
79945
46926
48001
16499
2493
42907
56631
31168
98160
99533
54011
96209
33674
43235
57395
70258
87536
63419
80494
89263
11671
72824
9017
53837
97690
87803
67068
51358
35319
60572
66413
31616
7498
14414
48115
9992
57322
21099
41160
71834
36984
95172
68043
70658
54759
41790
40916
42295
5210
37763
47910
16881
26939
73280
87070
24630
61083
70490
92340
12754
31063
58754
44370
38561
89520
92485
48553
46842
29936
6066
18677
66920
17590
3072
53930
72349
61215
11199
30997
66425
65314
78907
99658
92253
68539
3080
33235
29622
73571
25576
42376
4634
682
86746
43195
90202
95584
8101
37045
41872
30519
72074
8793
48109
91498
79075
36810
52713
90274
67807
35490
55588
63067
51500
64194
31606
54581
97429
61229
28152
39357
19957
49138
40039
23056
8685
30242
18640
16786
83639
60512
47305
72065
85657
11766
63563
64733
48577
32629
71359
16384
68119
43300
95803
19620
7494
27410
90553
4923
4991
18705
60633
24948
67843
672
64356
76528
47266
82996
9667
47257
59861
73324
19322
61870
85091
99238
42955
50020
31867
14315
66404
16338
57615
78560
35958
81461
5970
26511
2736
27313
61568
63369
68613
45763
64042
32970
38644
27660
15966
48311
74918
92179
37987
10592
54050
23078
9830
13357
89450
58049
27672
72207
74388
1639
50767
26698
83100
56737
69562
2189
84050
31130
65558
52663
93246
45952
85633
31890
73613
17952
96553
64883
26483
34540
75475
96885
73971
1658
10243
63421
76059
54267
35628
50447
55907
86395
93498
55359
59484
63060
57548
43534
10542
39459
12550
20140
85411
14535
52030
75376
48839
48583
40259
91675
83124
32087
88560
57095
50097
15155
36868
26156
69423
72497
92956
41682
75244
86454
13393
34729
65866
87294
94615
92760
26753
7165
12901
12164
38053
64931
3893
3244
29867
44152
94919
29343
92591
83480
2790
42688
14987
39658
85197
84410
28507
78153
26092
3752
80959
39486
38481
46825
26780
33096
55937
69885
56614
68838
98401
94667
50122
2294
97911
96341
46447
9183
25684
55390
9015
28474
14431
24002
84484
99628
8413
12992
94133
50857
16744
75092
6695
55225
38269
49827
88321
94206
19712
44935
79397
18114
55954
45871
20408
70218
42212
83207
79401
84248
54950
88416
12722
69381
28770
97206
69009
37183
10198
79494
4393
43294
54586
11088
98519
9207
77268
3193
19765
96980
64480
99162
31446
36787
61385
51855
7005
3597
51414
2758
87845
6364
7526
16919
92097
36296
30478
77458
89832
57028
56952
94225
323
27890
21665
15194
37097
98933
18387
73215
95914
99220
88729
43712
36007
50115
95567
43012
70064
63334
45770
74262
86050
53296
91181
78148
5944
38011
55606
95776
95040
12559
90001
95363
56801
28019
26909
93899
26952
45297
67114
39218
44517
55843
82931
80524
22310
94850
39888
92375
74536
2010
66637
60587
55306
74170
38735
61250
12182
10693
73379
7222
39604
79732
18937
96406
7751
45846
6657
51056
7495
90123
6626
68364
62318
5909
65240
84629
17112
5128
77004
91648
7138
59993
68587
78796
34163
23674
56399
46345
34368
29778
53567
90324
25862
88856
86730
33614
51055
93387
1022
58550
99862
24000
26915
62181
29910
8507
46810
47022
13636
40166
55022
37126
159
23610
15923
34322
47284
88674
80668
98004
34804
50587
88329
60666
55796
91411
10632
6851
1151
11654
65401
1013
35655
8668
63194
81917
17176
10004
45291
47164
50170
313
84290
66681
40275
16565
1004
3912
21591
98024
1916
56395
64963
6597
17062
20759
14361
44046
27610
15512
55701
9364
16525
7708
34384
96072
89625
67912
22428
34916
15076
88951
51581
15719
55632
91857
48636
72988
95769
70228
71012
14037
42975
52328
36987
76389
73087
51348
20436
17050
83212
76137
42766
16089
197
93502
12161
89822
61415
34590
41090
92843
39893
92671
24914
95525
880
73551
68514
13001
60131
55878
43391
19458
8206
80378
95848
97646
48078
16284
31048
31290
8773
90166
63731
8970
83668
75893
15144
61435
26835
72586
54279
66728
65257
79193
78605
82490
69096
47119
95491
45579
19350
38882
65038
27556
35612
60886
41554
42
93522
72602
47684
18647
62768
11416
43969
62789
87309
59113
24224
30496
48051
94855
97224
29660
74049
92181
12150
59497
39301
7642
5077
58651
62876
86467
2559
14841
63705
44114
14883
73579
33068
62568
92226
12189
90336
36195
74978
77645
11660
99202
24493
59711
94058
38069
89371
84459
30250
17874
60308
85903
41868
81737
44554
21096
68204
63466
35937
48261
7580
67173
21840
57000
46093
14066
69189
36429
66613
44167
30426
94625
59722
54919
54336
70132
9340
60060
54591
39590
94286
31251
25494
36154
12989
86400
57250
81193
49866
9540
29455
73798
76713
67647
30799
39158
81714
99988
91939
64679
60508
22365
59305
20230
93636
29993
90362
2976
6405
61305
42566
691
8908
84412
36845
21897
70813
10448
19443
37031
19988
65250
10830
13053
32897
57981
52211
30963
74321
44150
95643
34829
82867
54948
55059
92855
84941
61773
95831
91347
39430
54749
8390
48339
39162
45236
70236
26327
55684
6031
63358
92024
71281
90540
5077
4179
64873
73640
51494
39195
34142
47137
74024
17009
18437
45436
26216
19731
23561
22047
11078
62992
93148
35820
27683
48662
81056
14271
91341
53092
20303
54700
45116
91584
61592
66545
12115
26466
40185
63610
82013
90679
27099
72389
7688
45537
17825
50256
65268
41387
72303
92698
20731
81804
28518
64766
30466
25927
79037
21808
79019
99340
92860
40488
7277
70804
7033
35744
13622
63571
15706
95635
54250
42806
68025
78291
4695
2202
28547
69963
59941
17203
79013
97024
99007
23883
61790
45825
49810
40828
83985
45182
56520
93197
85670
63797
64002
9055
15894
93976
88978
31600
5964
59581
74406
73989
37872
79101
92543
82771
65416
68837
16326
60781
65861
31685
84665
27652
77511
34475
84832
77848
96009
57704
71046
98031
21502
51400
23439
53748
45376
12417
85348
51340
71998
59755
41681
26222
55208
50577
25346
36977
19414
41672
97758
85275
73358
82423
29279
50869
33251
30463
45069
29260
88168
32467
27292
26022
83867
50731
79770
45596
79500
65118
13288
67851
41225
71322
94073
96434
21899
19419
49763
57665
77444
47521
42940
50802
29945
88572
18023
79548
19035
63092
8808
7203
95560
52452
49577
95779
3183
29347
41375
99036
94466
71016
66887
52043
42338
77312
64829
80589
96732
14592
38254
74176
62114
97546
41330
8411
86118
59353
87959
21506
22445
96767
45061
34357
65572
94639
30137
68755
23986
87864
84143
34804
58880
51030
86848
17570
28343
68029
98159
41427
82622
52765
31955
61088
50312
73285
69499
52782
32638
57458
74288
71435
70577
19350
5793
36149
13989
52282
21257
54327
40146
21752
5484
15379
72783
92332
49301
17478
76713
63813
58905
59335
16578
7212
20423
83242
96849
6274
36025
45839
63732
10313
17274
50662
46015
39419
3163
76356
8053
40772
30684
64552
62525
36168
96283
35308
44852
45584
52786
21565
9397
28043
97253
42328
51607
17676
25570
48456
23951
61595
94295
4035
88261
27921
71049
50628
67341
74213
26985
91746
14985
74021
56298
77510
26541
52581
29170
71393
98166
98308
9310
23915
42703
6563
66243
94310
40592
8166
42766
80895
69761
37061
84930
74374
81335
55980
25003
65028
46545
68340
56774
61530
42361
29425
55393
68902
82006
84563
56647
96524
99224
65957
36792
41927
88873
3035
36238
29465
27553
95356
26712
97315
48770
11642
88041
30105
83974
29396
95133
30519
14088
51907
8402
56449
81332
80147
41703
79691
81062
14702
92567
80286
97012
29359
38566
85885
48747
74804
31702
76300
70160
58414
89967
18930
86408
78009
65387
86735
23757
60520
33606
37846
28780
58360
10647
26464
38507
52351
22507
19570
83405
15075
16208
80417
44434
54774
66302
93181
45930
14356
85834
16091
89122
75801
51373
75531
70162
16761
62266
10272
93633
12224
48118
22413
70585
75117
65230
9092
27468
87737
45014
10874
2812
77575
7643
63599
32349
73946
73132
94632
4654
58966
10723
93777
34768
78448
85660
21282
11561
64278
31554
5195
76502
96024
43960
47087
71142
9190
56180
14962
13280
17546
42188
16092
95121
49832
79691
43823
40130
52824
38455
44784
28142
65530
54913
79262
60330
40573
545
71892
4851
48451
93439
81354
44476
53751
44793
31970
79294
973
46932
92574
34872
89121
8666
29993
38953
4710
90168
79083
73886
28623
40219
2028
10505
95133
81291
70836
35706
98188
42728
56910
46639
52519
54616
7467
6270
99409
39437
85564
383
86370
78138
51607
91843
3157
97952
30796
7867
88121
26231
98105
33096
82802
133
43602
77935
81424
14438
29994
95964
73518
86904
42604
26037
41520
50071
32307
40929
89509
34224
57664
92231
28714
25623
84074
31871
23576
31222
56090
11697
57453
54195
44793
40255
70681
4747
34543
68457
19185
80889
64422
92703
84145
7026
18740
25665
73449
67400
82946
62958
17976
56963
71541
46690
98938
55615
94914
22514
86837
67356
50563
60642
37904
11709
17250
8585
16456
51793
93394
51994
32682
57816
44697
16827
81194
79790
58844
54644
63542
58142
33954
81518
31457
5496
44560
30396
77463
39474
69262
64301
23183
19826
24943
61087
47887
42193
86024
64343
10338
79418
16337
59372
37235
77387
76199
34781
57177
51395
5777
37071
25890
56084
34941
73699
77932
79501
20447
55395
35328
89710
19696
58511
25888
60992
35950
73775
3185
21974
54470
13524
1392
70808
72896
54979
48195
65448
89761
21724
33195
11890
75147
75437
67974
10088
49137
45906
89589
69584
1302
24917
75646
20998
99780
1534
98342
35730
91661
1528
57704
46132
31404
75449
16940
4300
30428
81487
86100
36541
19563
35648
48432
94710
11085
16406
4798
60222
62313
10739
46159
79967
52009
38157
17317
51789
39692
15660
3872
47705
17188
77928
93837
48592
53377
27129
69244
158
24968
71697
36699
60883
7345
1483
55593
34782
34242
76743
11357
12907
3835
57516
92874
55844
95673
10191
23985
51717
25851
44209
99423
59391
22138
9612
24335
91867
36742
93580
92025
61710
81629
45077
22594
5326
46560
94539
40108
97154
87635
51465
10061
91470
25333
2935
63666
21007
13127
87651
89076
55330
31861
4851
14722
70351
14464
39057
62218
67558
48989
54244
29268
30618
15673
68214
52296
78585
62754
92405
75740
66741
60222
85801
58211
85556
88737
21877
22915
18216
25880
28343
73546
57741
33195
88268
44444
64011
43678
6663
31569
92667
60907
60837
39638
76580
45404
91934
55165
24510
84339
47257
91251
60914
33059
65814
46470
38148
87691
69385
56364
29923
97728
46262
4017
47275
50883
48461
11286
94561
55124
42855
87228
32383
20045
26866
25315
65449
18801
96833
6311
19492
44090
97562
80406
77149
63376
43228
31649
67419
28965
88013
13694
26694
50628
17711
90321
1511
66173
1608
96072
21297
60815
83300
70033
80860
26519
95348
62661
45320
92181
68972
81164
52624
82886
77923
46125
62614
21151
77775
46385
50117
82140
60080
93163
32768
77791
83484
34279
60316
1444
30351
81614
62260
30004
67999
59472
56523
63347
22134
18195
71881
7458
15711
24505
6697
93634
86982
69311
31138
64757
32049
97607
46898
92129
7122
79666
86272
6958
30298
46589
8403
77001
44555
87015
7005
12554
46487
79880
92253
84973
14427
64134
8784
30139
4991
15481
40125
91974
1144
87615
73083
33193
1574
19981
41674
8696
16000
27947
15655
62650
74536
40410
39651
19091
43777
63009
31645
90264
59241
40250
91590
73669
4385
374
20160
25728
32207
60285
34054
49703
64253
7138
82897
65827
43471
24571
74524
75823
68870
6531
38473
43406
63293
78125
62497
7070
57486
10494
13686
16727
50745
21628
6748
71482
38354
26908
13562
70561
3546
47617
20265
67799
71107
19514
33626
14578
60437
24502
90402
29308
47385
45227
72714
10678
23352
51564
34100
97190
78410
64139
30270
45507
85767
37018
16989
24122
63927
46904
11035
67473
94521
31300
51624
81980
67166
85250
96558
27604
26105
3312
56912
73490
48540
45978
84169
88244
13894
34621
85435
8657
98760
32057
54164
880
69075
87506
25002
49354
34410
52389
33179
45283
83690
84803
27263
50856
86406
40173
94812
12511
43486
68076
86001
92026
30407
86522
96622
44301
37496
98409
69310
52608
30466
23475
53488
15894
27333
94842
65248
78095
47232
14780
23378
47274
99583
50641
14482
2341
7166
9295
14852
50652
77371
17206
59030
24130
20080
55653
84784
57576
70414
54094
10185
881
93921
80025
16775
21254
74868
98375
99349
38452
13155
39079
85726
29091
6072
208
31432
13239
25855
62637
80243
19579
96195
39274
43709
16275
11279
28493
90204
81693
82588
16741
98926
76509
96766
15701
14116
87986
14077
29817
26438
43584
85249
12164
72675
91321
28725
20460
4560
54580
83097
1156
74159
95644
40430
17869
28271
68061
46362
18475
66106
45302
35216
65033
38164
48335
97086
52280
36321
27515
98449
62760
71100
83698
91276
43775
91372
20001
80587
12284
74582
80036
13440
65093
75680
53870
82962
3952
38283
45677
38779
4390
90979
90348
85775
29143
38683
82861
97775
75004
10377
12577
54116
81477
96275
45393
41604
3999
81746
22192
16284
72680
2228
29724
37774
94261
99947
20736
98213
38230
82765
53344
58972
73745
43692
44747
19240
82375
27609
33368
73732
54338
45945
44200
52167
58572
5945
10123
62572
87692
48667
78856
60372
67248
24932
14498
61509
24879
51587
76074
63110
34352
29418
22082
24449
73111
83182
43690
71838
27143
93410
45570
81481
39355
89771
33648
14279
95716
43771
76851
99760
92439
72059
76485
59687
96992
90983
37548
21871
42570
13622
1333
76923
59392
39768
17724
32503
22950
61414
4342
66445
71176
66264
47926
10531
72387
97926
41163
84456
41697
18014
84216
50488
6426
77053
26527
19770
68037
80427
57993
10607
94049
59327
3882
53442
15447
21607
2297
54749
99373
22991
21194
70550
89256
69120
97433
77995
83398
38596
62451
41447
72963
63020
91936
95741
40073
34815
15511
8110
15243
73504
35070
25644
49183
55304
95438
64630
76911
14088
35731
92637
37079
56925
63187
42687
42397
76972
20683
25795
15569
83134
67243
4884
62506
75531
625
2580
26698
16136
27042
58293
5992
62112
290
55176
17417
95728
36158
10680
26168
71890
19669
63248
45167
82856
22287
3917
76181
42970
46064
91750
42457
29659
96634
4963
21542
97259
23895
48241
29747
50938
22886
35739
13050
23176
7267
46819
35257
43426
73852
61425
31668
93521
24673
93187
92730
63313
97104
68911
6283
43169
77013
65092
72828
89999
86408
94371
3610
26655
58964
33357
77593
81850
85448
6996
5027
92716
70167
40284
52494
44019
1709
84162
53893
42735
93701
46623
6048
90806
31886
28683
33975
8899
10128
23155
98898
12888
33878
18860
39543
92842
52217
33489
91045
54017
40485
96072
46733
10652
52708
15579
71024
70769
16093
41269
29856
9795
87892
52256
601
19778
97292
50928
45029
7420
90435
60279
36660
24314
79139
92555
33508
47708
26044
24553
1725
66529
36977
64811
93534
89685
80390
80910
60455
12836
22179
6663
22631
26423
58920
39584
62553
56212
90512
7582
79984
97299
84213
16644
21613
63352
25551
71474
11060
51596
96027
29137
34477
33005
93948
44363
39042
90691
25273
15849
19879
63804
22513
42510
90227
81433
82094
69132
53997
88958
76714
33981
2609
60927
66977
40575
40631
92528
12049
68043
44124
8076
97181
94954
57433
7481
39317
96476
14524
80943
12325
34403
44747
34838
93265
51327
32623
91711
20459
86620
97021
13526
20601
99631
90805
3930
40206
31437
96459
52255
99480
56935
76683
13013
51889
34117
20495
91207
30593
35019
72150
42918
85775
33249
94109
79040
84576
26732
70752
21388
13353
67773
34914
50306
83756
25719
54237
23962
57156
50696
92569
72989
23983
69253
86002
75873
3370
6497
83432
50315
57869
71934
9585
59996
5183
3694
39036
89760
30427
26140
27500
60132
10266
62414
10438
10374
88133
64675
34337
61642
31723
26906
34631
55707
12511
20633
47932
32233
43483
31364
98900
1352
3298
8486
77700
8481
12180
16736
14593
58959
59229
58445
19091
85847
20859
29530
96221
8993
10557
46910
86987
42281
90169
21618
97988
2680
42251
62272
51266
2086
93636
50166
19790
13286
58652
97490
38119
87185
30579
69065
46144
89808
27510
81588
92007
48370
27470
88228
73715
38027
51491
60702
80308
41660
82320
94648
60692
40923
56920
11958
43010
66908
62125
62800
80194
37129
76643
18314
24314
7222
3731
86811
13382
31241
84751
5389
79611
12221
9969
69678
50248
61460
30380
46909
3120
29052
57909
63813
86328
31182
92123
45690
98090
54248
24842
94637
91378
1485
29303
32044
8707
33034
18855
22089
80627
3606
43830
76591
15827
53800
46269
82428
15260
76650
45689
34733
22054
3598
14898
24734
51132
7021
70424
65575
61270
11619
76564
69000
13104
5867
1044
38164
55253
36252
60253
52232
39858
4084
28823
72038
74236
75093
70818
89496
68095
16507
40581
90149
36457
55479
31236
87590
78853
1660
53165
56475
13279
46081
25475
42736
51948
42871
80900
23553
79123
57505
75785
35334
77941
4609
7372
52177
79702
78190
58026
64149
94697
14959
70650
47506
70439
1886
35096
65644
3547
4613
22119
33178
50694
63946
75914
18994
6817
73166
58899
85941
30672
51037
37627
24965
55646
44999
93495
51700
39541
51521
15849
50590
66480
86499
98096
53271
88386
49545
35267
8285
70510
57386
41463
21205
21332
33730
56551
28150
6896
31803
30443
53920
82840
68070
95238
38486
29421
88733
6538
68962
40254
38739
19552
23086
41590
17648
92710
29976
67193
27977
54613
37704
1716
12429
75261
23048
62511
48164
67550
85759
79967
14345
39680
62807
82415
51270
17645
28188
40003
24183
97150
96609
79274
16702
19695
20865
50703
28757
67193
34248
73087
21807
88304
74803
50588
79917
97851
13099
28082
81754
98858
8049
96099
54890
87209
78515
6160
4854
23055
46163
45390
20206
42772
24664
53260
78820
45529
3963
23929
12723
54564
97016
50882
42868
71819
1470
22786
86023
14569
50868
67777
29779
75269
63876
84670
78830
58743
90830
83685
81799
53346
45427
18357
96118
70091
71617
91290
31973
91933
15220
61048
46497
12236
11930
89365
408
29752
28503
86431
44321
95723
70560
74100
70993
34436
75122
49823
9532
65953
49860
7683
19299
11639
26040
31769
81731
97657
23060
30056
89590
38280
91104
52439
66868
19386
58157
67276
49138
86660
70059
9811
82384
40619
263
69729
91408
75386
35904
17292
57691
85765
24975
93342
13756
51015
25111
95487
65024
64523
41895
70967
19155
49351
23406
86024
68737
81563
69652
34227
84576
39712
44038
66960
96683
60654
36689
4443
52392
88945
21735
10083
91062
46710
19777
4819
14077
61240
16658
79102
25764
58554
50069
44919
7905
89827
47295
92995
87743
16948
27222
72319
73012
71261
55631
69695
48267
8672
74139
659
97617
12226
27094
88680
75289
46871
93499
89366
24463
10157
84820
50227
68711
51241
11499
92969
41069
75146
85964
45164
92094
13186
17483
65106
799
89466
51154
49066
98138
25293
66077
95755
37519
93171
84435
12808
56394
94286
18527
80858
4444
3347
47437
89507
70941
75288
82476
12010
50435
84792
73526
58881
14331
91009
23988
15130
80475
75142
80549
94965
16787
46626
90720
70658
56150
91508
99819
28896
85794
18346
9754
6590
38045
73544
12450
8986
48832
11278
37348
15619
96071
10874
74501
10402
18235
14841
41884
15062
6335
22433
10027
39474
85412
17100
10132
41562
8608
9951
70458
10754
44649
96565
17345
99047
70109
46147
24385
35293
57425
61734
67265
53496
88960
58118
80250
23548
72959
22135
38610
95646
44568
48638
35120
29980
65738
45252
87894
90698
71556
58353
1452
32557
71270
35149
31604
41379
81296
55990
93024
38722
34076
60289
8570
39388
18407
88821
62936
7718
10956
1547
3364
71876
66537
38484
18209
48627
89
6103
39325
87997
80808
57129
20554
52078
92279
68511
9809
89927
40853
19186
28649
74929
79475
53572
30669
14235
42393
93606
38305
69701
11505
41670
41577
78042
96506
59786
26669
12947
65890
82346
944
63050
39475
21499
15129
31754
6362
41290
21682
47215
60476
66683
38496
56304
20255
69165
70539
79000
79123
8844
48701
90628
66866
90279
85022
79725
66417
11691
92672
32307
10389
93617
11710
49865
31468
26839
97971
37830
84481
36005
85045
44958
2689
39893
1262
39296
9058
88153
18297
88182
13349
83350
78810
96568
73629
80185
76293
56399
8228
68965
88706
18618
78934
416
68483
10402
43607
66454
64584
28089
2460
65981
89399
21501
5874
90661
77149
14933
95166
11798
19467
8515
95149
14629
5083
85130
94814
81376
41529
3043
66694
46588
21661
45628
63356
6496
72383
6964
72950
53319
51405
91762
35653
40804
29615
41527
47817
6765
72812
42983
18563
8631
67850
30064
23261
72934
31547
34427
70662
73076
37470
53708
36016
75483
15689
99373
81979
4424
22689
71282
57743
90446
63044
93396
47602
92660
51276
95419
15777
40440
38402
50692
49072
22604
80757
72333
11890
12304
23112
98905
1732
60583
52613
54101
36066
68302
53474
34398
72726
92515
5680
46822
82961
68724
56570
46915
77736
7846
42334
9865
48287
97088
60558
13711
19692
41315
2396
31583
69971
25508
30488
88055
2443
99453
42156
38510
84108
11982
72908
73186
20849
94940
20008
20162
63664
76579
67077
57753
777
9411
67618
65416
22851
28176
95479
42544
85843
97875
90479
72166
23384
37319
76574
25827
36772
35082
80689
37232
63417
69949
10419
84266
64889
30427
4429
44906
23358
87858
19011
40488
97270
2981
5904
20121
47510
17736
79017
49705
15611
85848
21872
55347
23167
14798
97527
76292
49880
94568
13524
13297
64518
23943
13916
45759
70723
18345
7017
94081
6203
26028
50921
19825
29010
73178
56299
92872
90914
51668
42577
6525
37517
80801
61873
60684
95599
75752
36976
61832
70320
66853
91481
51190
90796
5397
96950
61519
40094
20319
71953
62650
62700
22874
98827
8062
96052
55126
934
86966
6795
43511
9844
44312
24313
88069
21348
19912
63821
74677
98096
50493
41530
89578
1684
48678
94975
14986
26550
35070
35305
14855
14072
98005
37729
12899
6067
50134
68026
23353
53452
91173
66865
63296
51837
91178
51365
89537
27442
31538
64214
25539
82032
22096
31469
83716
87127
26444
98702
13677
77866
50359
28532
91938
64717
82613
4838
70784
32747
89216
10490
2552
96741
77355
65848
64930
84885
33566
54467
28679
81456
18682
54218
63488
57130
85687
63556
44257
28484
78610
74286
22702
28970
2818
14641
93687
85432
35831
80823
34531
41399
91313
37083
38140
85020
19284
3070
69905
69202
57537
14937
50658
92571
85507
14147
66054
87547
77703
10311
16031
56314
84598
38733
1636
3768
69726
11675
5552
5557
8850
56436
46956
16516
93519
1448
1536
29155
20870
87794
98357
94760
2731
49016
3683
88238
63163
69737
75785
57218
96401
8168
29884
97351
63254
47872
1119
32980
59547
23024
54890
84750
79460
18198
1266
89331
19647
19154
18487
56869
23300
33196
51629
42383
82212
55313
46974
61727
25050
39111
35298
37803
47280
81534
35154
10534
29407
52626
59866
5306
75650
14756
90056
71462
32955
7674
60793
68954
43181
95632
25823
66481
28829
77453
8865
27393
32766
55839
5473
74168
94950
40771
11972
58582
22305
63478
85468
51712
16104
45335
73371
8106
60091
79779
95920
9398
87454
56714
78352
30635
68698
4176
13468
13879
97981
22333
41273
47099
94524
46746
21267
5827
3869
49591
64409
26174
29422
49878
94239
61878
11565
67610
86337
71656
47389
82257
81055
51195
38971
75759
98182
24022
79935
11651
37901
94268
50336
79174
41367
44861
42272
78987
67040
46141
44930
31449
88668
74352
97679
82907
52583
9244
66869
38920
97253
30610
21177
94660
81806
60149
70419
79988
523
66707
7991
38424
60975
58328
33951
18695
19541
92575
97682
86581
38717
58964
34382
43737
33317
32062
26644
85900
57658
9865
41172
71263
40475
62349
65923
38633
38850
52695
18622
39373
19402
42965
77798
96729
1293
28101
31776
20834
20676
29458
23767
75745
88423
58150
35834
38092
6564
78830
40344
80574
88695
81516
51838
29171
60217
17761
84156
99068
86808
19130
38441
22562
62096
32591
19292
63389
77044
51068
576
97721
96879
24343
89818
1654
82493
25653
56098
5409
4483
12794
85984
9531
10662
37822
55054
70879
71935
39210
69947
75096
58341
24741
97658
20437
73684
33302
83826
50729
723
754
64802
13954
25098
70972
15608
23943
96625
88058
29353
17461
852
31689
26992
27866
85863
82046
98745
74150
21256
85045
49246
95949
9786
46905
16386
83470
80207
16565
50551
97282
17319
15353
11236
42417
86326
43196
82713
99303
31254
28418
16764
48458
60107
60108
76324
62322
58506
91422
36472
96115
76467
85719
92064
2605
48976
8451
2427
45535
41368
52979
42818
58687
84684
70406
17457
71010
13603
16522
86666
44857
44940
19782
9668
21399
79891
85992
83721
54749
93766
36545
50864
70233
38616
59281
72838
87592
84084
91618
49480
25452
44597
8650
491
29281
79056
17948
16644
9011
34470
3310
53869
95762
23092
79889
17161
19335
82233
882
74085
76000
37428
41301
46233
76044
582
35424
79989
84666
27042
45821
10118
87991
54471
26962
17272
49879
44910
33916
58891
95733
53578
29112
91495
76671
9001
8657
12358
91234
25891
86443
67234
79671
27745
29820
72068
44679
81596
52057
29346
24990
97878
55816
12981
68701
82778
46605
18580
44041
96874
77471
39774
50452
6583
47621
43475
31936
56278
55834
23171
98522
58629
6757
78193
2726
52929
50261
47406
50877
18670
93104
75867
32900
48920
5200
1601
48051
68158
36534
8444
65032
14005
48218
31836
36941
12191
91664
68877
68470
47498
8400
83344
6127
15158
61537
25206
84439
28151
72612
35317
63173
65716
27536
12426
30988
32737
30379
95391
17247
66913
3835
82279
97271
68405
30467
50564
80597
22131
19441
65419
85981
44194
48763
92109
59352
26652
33667
60143
71155
6279
95460
50681
88347
22997
63107
19335
72086
93486
31079
89333
76752
34914
87964
74023
19672
18431
24587
269
56915
60380
82040
42896
4574
47155
51357
80278
73807
85024
40422
61315
91303
52234
11996
96002
75231
91455
15338
63669
84941
46417
69354
78045
97683
57318
52068
17355
92102
93007
33976
49017
69740
16016
91913
74314
63171
43271
70945
53331
44647
11367
30998
35951
79953
59346
31953
55185
50801
63643
35206
52094
26412
4561
30140
40448
78231
98560
74155
86685
91568
8132
35702
61308
40500
43968
51974
3672
3591
39271
73355
48238
50638
20705
541
46944
80051
48847
18481
47204
28842
53687
99298
71607
74600
45790
12055
52832
44351
86210
55869
52271
94342
91572
29931
34843
51892
81905
54867
55483
21177
44574
20073
88167
65279
20615
35111
61682
69462
53592
8886
14656
23632
24536
86263
98232
70327
98318
67416
14678
881
23286
66949
95223
31210
96880
46418
99454
95137
17637
54937
32666
78563
91362
37186
43842
11977
88649
21876
97791
58594
30762
12448
82226
55299
98711
96810
41978
13382
80579
56656
14263
20217
39957
9486
67779
53189
72257
67233
64678
6246
38522
97345
84810
29884
50883
28652
58214
39532
50529
56005
98126
97643
68453
96704
69294
83517
9867
11272
96899
6798
84280
11162
27015
40589
37000
11146
93778
9257
94731
58457
15504
33253
72154
314
79489
23037
45318
37703
62569
12199
10061
77048
26195
94866
90104
95489
78383
16323
23114
75282
23121
7394
2796
66488
47984
39797
77634
58114
65406
88717
16571
97262
38322
5077
13928
17812
28114
75599
71867
7036
87798
81928
436
30345
93147
6892
42187
71530
23216
65301
63165
46337
89047
65961
29178
53383
22110
23164
11498
87517
11882
44421
1131
50204
65851
15060
84368
93965
90659
72588
17353
94809
54516
17789
25155
64015
41034
83694
35546
64250
48995
15063
26939
54394
97376
56117
7778
19487
95634
35628
23356
7516
96401
24487
74072
62252
39547
74793
72570
46558
47381
6275
41368
18249
40417
82875
82265
81451
66569
34163
45701
31916
49226
88992
2662
46602
61462
26792
66089
57096
62420
89445
80964
75174
30285
55036
53778
86184
46181
26348
32743
93562
32624
90463
11812
73041
89690
10429
54492
72611
44592
16545
20879
93818
5537
23541
40420
66999
50334
22862
40447
29106
28659
21411
20632
58944
92800
74411
61481
38981
17111
94224
32544
66087
1039
60708
55480
7081
71137
26324
96044
15729
42869
16923
25899
64759
56816
66319
48110
23502
5533
4910
52609
34193
26321
89593
9489
19121
80356
70970
74455
97468
81546
6999
63555
82585
84059
35388
6018
55196
61712
2062
87277
20934
18985
13176
2045
75802
95847
66507
99304
1381
71417
68265
35574
97739
74211
45063
33212
54567
16034
7667
52035
97580
31018
31943
96518
15077
67331
2536
70273
45395
4599
73902
66329
39936
87078
68374
32090
82926
34882
47747
84307
6299
16012
36233
20390
90223
81296
69955
61143
13682
77622
13178
27615
8641
61473
24133
40070
45156
43021
26696
90552
63972
598
56881
3909
4029
41608
52351
86955
92842
98
87614
99141
32463
40199
35884
39038
37847
5839
181
51530
99813
29712
79145
8454
91185
19630
48525
36342
62651
75221
26894
26624
92171
127
46885
96200
41735
99236
99507
34577
15687
87121
50071
48150
43672
85955
3540
81520
8146
3722
49402
7959
33434
28547
32766
40971
64529
97643
77313
27180
89216
20559
70156
81387
20687
33393
77588
62422
48982
77095
13352
64669
80569
63423
29171
40593
65730
49063
22113
90228
52785
71515
98187
2571
16414
30953
43543
80943
44948
37208
24476
34164
57768
10984
15552
94807
44378
9492
73581
9712
2939
86933
90733
83508
66708
19904
24102
48790
85319
62567
39018
38105
34083
53558
57028
66849
863
16923
47793
45812
70484
88621
79976
44604
99605
11880
39411
60335
37724
12992
70047
40664
16278
60780
40524
82986
97036
80978
48129
82356
43546
87147
36813
93981
57057
10193
60830
57921
43469
24975
3733
13953
13596
61
58557
29554
28294
97968
89889
66018
10960
76289
6682
43590
53421
63559
26577
50458
44537
74706
49166
88083
78205
2331
82064
35263
12524
59247
9536
55993
84222
29621
86298
14171
46034
44855
60077
74328
59175
49966
56699
86488
42607
79733
30078
96029
43292
73007
62839
87830
64065
12005
92265
42271
30688
90682
93886
43212
66281
19774
15558
50503
49395
1856
81026
95429
63064
41103
86110
22239
7422
59161
8727
66381
38894
55158
62410
98539
28165
25249
2721
92231
53606
94986
34502
646
2020
44740
43859
68301
64514
75769
35157
30261
93977
32535
42042
73393
89991
28152
95633
97413
87313
20712
80146
42560
75870
42557
41099
4036
84158
60172
96267
54117
71510
47121
54763
73531
8213
14974
41832
89079
7095
93341
19340
1073
25877
61382
90818
15868
89535
86451
29633
93200
23516
9779
52112
15738
68688
93211
19774
69199
69735
32393
23316
41246
95866
94431
14777
4079
9406
72961
93158
32853
66303
12498
50278
8532
73881
41097
40752
79768
43900
70385
89320
67416
96516
41433
99507
81557
50996
19281
50756
20732
68027
90424
61978
63893
84855
93107
67973
10613
66068
77483
43467
48723
89982
93745
73607
80215
51194
14359
76335
95095
1096
82007
78863
97613
39792
78370
79170
90789
14004
46278
27873
82031
36702
89851
62276
37909
82958
46601
64875
65378
24085
8342
30454
30419
18439
4061
26986
85986
18421
19673
81081
19517
1680
76296
33482
41473
54667
29004
48614
85023
91634
76487
67054
28336
82690
45682
82598
82000
92284
47473
47378
32721
72167
94184
79492
90606
98246
6478
76592
33019
42503
74025
68888
60535
50322
18723
2008
21341
47727
66974
6364
39362
43461
89770
84050
26151
35452
83000
8151
44088
30473
71882
93161
2640
82418
72653
9599
97016
79131
2543
30035
37986
76569
15276
98522
43243
33999
16882
64584
98078
83857
70948
53792
27318
60718
37843
69822
12522
37195
94325
56611
67669
82559
49772
86661
64978
22426
96260
61994
17909
98804
8382
72248
91725
23658
70770
34968
57657
87652
15904
72087
71509
86852
25880
15180
63922
80075
1354
76444
17270
95679
49407
1291
94591
99180
87953
75921
37958
84213
37915
72219
99369
62649
44467
7446
86307
31589
42414
60316
19242
58318
48756
7103
61522
74636
22283
25444
54711
23637
1889
88333
35669
51296
89625
30260
66828
77578
22533
21138
78143
60448
93358
77513
39450
54177
1311
42109
85767
43726
18778
21361
18396
67534
28464
96271
58522
67100
21715
29585
90737
39956
17918
42758
7605
7543
89370
90785
1473
11903
11924
79617
88704
21634
73482
28154
75811
74793
86615
77930
34871
5393
99291
69620
89279
44108
82243
47801
11208
3958
77386
18297
60267
95305
61056
84224
19200
66778
75009
37026
95034
86933
32995
83738
24919
6477
28244
17083
97622
14859
95013
48846
36605
10657
34818
25884
71117
17061
73686
82325
37371
67424
622
13990
62729
78030
98214
98282
61161
73224
35308
56195
76509
68303
39933
17781
91132
84529
34864
5106
15740
46229
70304
52345
73238
5122
94582
44355
38535
84620
26680
75907
52044
43655
89897
31126
38037
88112
45760
99198
77688
81068
55393
70549
65723
11678
88330
73207
96207
39546
78313
28300
85776
48618
80645
59014
70092
91579
3370
8628
76199
46402
84535
44596
90057
90784
92074
28095
95248
37834
43645
89288
18902
99039
59838
977
10717
64520
74184
23277
20419
68849
51577
6195
33819
48574
81561
3912
56506
1283
28892
49057
64038
29779
93653
70447
20563
85727
98542
15812
39913
58540
21452
58815
57579
81290
76144
84648
62163
50328
24277
82582
19178
92206
5129
52997
57133
3042
73261
13639
4326
2153
62696
84716
31932
72702
55163
68848
74781
53706
84660
14695
28598
6112
89862
86177
3755
66007
87177
82270
32687
27807
81204
68217
20013
86333
21215
77146
5727
10828
7137
10053
12982
86186
94769
61266
75240
49933
30114
50021
19991
31126
81068
64941
53591
87283
51118
57346
69642
54647
55968
2329
82454
37172
86899
18820
39857
8114
12318
45584
35294
19456
71990
48276
21994
83111
25895
97234
49396
56009
63607
85739
87136
61028
50680
40727
48311
18150
14425
34305
72798
70393
36634
71604
23917
23533
90424
63774
47999
19095
25710
99646
54903
97700
64274
76897
80812
90169
90483
46560
46179
54090
32300
33315
31470
82980
90394
79781
1131
4819
14086
90281
91564
67073
61885
31833
6958
68662
11959
71310
4109
37669
70956
59012
51722
35230
35909
32534
25400
42744
79094
87931
13186
27746
21246
44657
10727
27992
40790
28210
49163
71229
18491
40727
54654
96728
88912
61612
65390
871
49274
69499
38540
20230
44863
90262
71813
97124
39148
13565
39868
34595
1496
53055
62341
39094
97712
89420
67086
54854
17630
16249
26083
36121
73328
80737
32850
78592
58702
14592
79463
7976
444
34355
44559
45307
40970
32724
42432
96470
46289
82300
47417
64137
51707
26111
3231
65771
15531
86669
20626
33162
19270
46709
85635
92598
43799
34837
71190
2501
65782
67005
26829
66226
1360
87740
27885
58682
20464
70317
55153
83105
68970
2570
47242
20677
28681
66825
2801
44213
53494
23427
93727
72764
86488
95714
81714
30287
46904
69256
32788
12686
36261
75970
95264
53974
63710
23149
12656
84175
9819
67809
83632
78789
70380
30875
15818
15413
97700
18619
75978
67547
58398
86057
40311
44887
81772
22026
75174
45028
91282
24315
57714
43896
285
69330
97870
80347
92479
10526
80874
18650
78336
64507
97439
65068
11734
29610
96833
9434
64581
72812
76981
22980
58869
33645
67867
56993
55671
59393
2021
63305
83708
76087
7201
345
45417
5071
80693
54249
15598
61567
72899
10286
42426
86691
91706
54160
32653
88539
63595
97234
77703
56928
36566
52925
90573
20785
9918
62596
80179
28292
25902
80239
4379
49455
80585
66149
54527
77630
20398
86477
39197
9649
13115
81624
96340
21173
52136
28993
26064
32083
42580
3768
89012
79146
56693
95937
16284
82963
74886
96463
11255
17140
76702
31987
66595
73639
98136
37474
51269
34886
40303
6819
60887
53418
4795
73580
74591
56931
2573
656
89015
61505
20776
94379
57004
93821
6668
73288
76784
81554
86103
4392
98694
79157
36379
81642
52797
50867
35468
20418
2105
75772
27237
79344
45542
48384
52924
36486
5316
71850
53494
10683
33355
74270
5062
6711
84443
11730
96351
61227
9637
82454
81971
24683
61612
34702
22677
30761
85569
58146
67531
4026
33918
11121
83371
95812
59505
36295
32298
81173
8145
85792
91856
57853
76414
13270
64564
60857
41353
60916
38437
67342
59722
20408
92025
37686
55111
14703
84799
57032
72849
52331
77411
23119
79804
60782
18931
39309
13429
67582
36835
37927
53374
45043
12132
46141
58314
93048
6998
16019
53964
45435
83361
30039
82196
91738
67725
37307
6441
52525
10691
95642
21208
88102
35113
1012
65236
54045
56673
78666
37979
93508
32945
91353
54904
45077
53846
29570
38125
60845
45589
8442
22632
45302
38481
21180
37040
22558
58487
43482
91435
85531
55476
12643
73633
90590
30007
38870
60987
86681
33888
98966
96541
66833
6671
51445
11910
60518
81015
50035
37715
42956
58477
60347
88258
13310
81528
25299
35869
56367
85133
27304
41898
40609
56300
31884
31199
86307
70754
92186
89340
4642
91152
85882
71475
97824
53679
99737
74694
51047
49772
12409
94003
24602
89108
82262
37912
86988
23913
90133
43356
9046
17438
1606
49655
73738
33490
97207
76397
20596
89393
65738
25238
96898
67972
13065
11074
38003
12802
85768
89050
78927
98177
83054
3529
3637
81668
57793
90626
21933
47927
50334
30979
81717
51940
96986
71807
1783
94193
48204
38731
99939
30294
63970
13189
14618
93387
24263
52622
22542
10031
41672
1469
24560
41078
21350
28197
39098
95495
18823
61031
43422
85509
8362
41491
37450
5349
13298
55585
15894
77855
94316
32185
24501
74638
45374
39120
84378
85989
91742
6920
96020
49766
24741
36932
7197
46091
81482
46295
41586
16657
7327
1361
2167
15689
42852
55969
37390
72503
11554
69637
50358
22222
1822
74859
13213
63549
30331
97591
49538
38425
20863
61911
88192
45604
98843
95389
8047
80325
41684
65985
13335
65363
67346
15502
97405
26551
71471
34795
99054
99377
4432
65764
37951
22607
56975
51164
2508
3659
65107
52046
42084
85970
13957
30276
31574
29153
42017
55973
25830
54
21959
39165
81769
5657
54667
79174
32208
42490
30322
47614
58219
34754
29730
96171
73713
86706
63687
76221
6717
28795
44620
48801
14765
58577
95430
62692
4082
37447
18665
29913
37501
56976
69078
19271
62634
40098
14797
94842
82588
45119
58809
57160
96226
88539
53331
69939
91597
17018
62513
98314
62165
7133
47116
93283
82062
42546
55975
86145
79993
90992
16058
33847
47969
1488
69470
10603
41586
619
21797
40527
45739
80606
97687
41965
69146
67370
28256
60743
740
90769
75410
62906
14254
22526
56189
12669
81424
28516
98814
77769
19508
31224
27968
83829
32712
97438
94432
90651
98058
32582
31178
60149
13188
45217
2114
82334
28939
46722
59430
29679
37492
51192
8937
68098
73718
81478
80767
71494
26346
95933
49263
62207
27157
77232
46036
76222
91022
56821
66873
5432
89403
14403
65581
18943
59620
84047
17630
4911
30770
77060
34590
84614
44604
59880
52712
18322
57710
49832
89816
84057
45765
55431
46264
89275
32663
8652
65497
40038
65473
32370
45470
71228
63125
27404
90172
39097
11451
7802
44008
58573
1214
94950
43187
45818
54830
12252
80492
28893
62084
86660
12950
24201
42091
75566
13476
91107
84218
95325
31145
66044
44047
92967
37272
7172
36723
43796
46269
48175
67950
6629
23100
69164
1580
66288
14982
72762
78540
11826
1655
56976
98486
30957
81177
56930
6523
11006
48037
7094
6331
95534
73138
66731
88501
26762
73903
25225
86911
36525
89752
54861
43154
12852
24026
61086
95492
55360
33849
74032
67187
51856
47360
82025
82814
44890
38955
5689
72248
3344
12783
94931
98878
2273
61662
3732
45388
51918
45309
32299
88443
51413
3512
47949
64265
43890
9036
76110
99251
59237
66494
82790
27445
13855
64815
10259
58745
20123
32301
47345
23467
61436
42276
22346
80062
3939
42430
25450
55857
87739
74101
60652
39152
77613
8601
19769
37856
33989
95879
37107
93226
62374
36249
20672
92581
17416
47283
67678
37539
95936
15023
77359
57373
57299
16057
37435
77590
58487
79237
33447
62578
69690
94099
1730
63655
19053
37851
1511
53042
50083
38618
62621
28809
91219
83293
21390
8636
46928
89068
62527
42865
20443
39886
238
77742
55943
54025
71685
30782
33262
21484
93360
2952
31936
11442
66607
50989
49294
84471
4031
99377
23089
66652
28186
30661
66297
65928
39297
13226
54996
1824
56091
91791
58063
72681
85885
30358
26706
57570
61141
76320
79055
54501
79272
10991
65944
62231
61980
31590
46702
82363
47319
86144
65368
91857
16805
48017
57785
72454
77595
29133
90630
33686
20924
48693
22719
6809
95404
65777
64380
56545
42097
59787
11046
37721
70778
93342
99953
49110
24932
63007
47825
72251
65503
29545
64108
98660
77563
38245
71114
55158
67378
78097
5197
88302
43142
44268
11464
38546
10046
92196
95091
52143
51983
22490
89865
39113
15832
6170
88223
57117
85529
52400
29368
51033
81946
9829
49693
75861
48074
37160
31019
31805
15257
52568
20107
74751
96837
31571
13298
23235
23767
24741
75378
92102
47231
65243
31215
79416
87765
35790
36533
73295
88191
82253
24328
86489
92082
90373
62350
56509
27533
9721
88314
59142
78642
24773
33894
91831
72697
63544
15066
12816
88285
90444
4919
51869
72040
52486
31285
59805
88277
67818
33100
92820
66423
73780
79309
74858
64154
58011
31367
8039
84084
36033
67182
62726
60806
17428
54557
49855
97324
85975
62672
1961
76420
67591
53830
64812
36429
1467
24617
24706
85637
74070
33878
52061
64202
29539
26919
28356
87550
58286
52748
71635
10671
19930
50713
87829
53710
21623
37685
67386
7598
357
69347
84018
84300
39530
48830
20729
40997
89800
61788
26635
80222
95666
78696
44424
25206
5615
72781
29108
80253
25529
743
7276
61811
67809
95105
31873
89432
32790
99259
97030
49499
84958
97401
50151
24488
62583
70881
65486
68735
32669
8473
48957
44687
87169
93382
69893
9136
82515
99002
5741
24396
16097
13017
2559
258
24474
34432
89690
73617
50043
3073
23116
51353
16826
73268
75842
79409
60501
57680
48145
9522
66153
13454
54209
69674
6836
40455
95162
5703
55809
903
30099
71906
30272
32658
88517
54746
83442
94559
28363
49837
97632
67832
1191
30810
57452
93385
10220
17953
51065
74717
27475
17218
4523
98036
3244
11360
38491
98406
17063
94300
99309
63515
82559
45933
12525
71076
679
12320
65635
45395
62157
79620
29579
79700
10430
87031
73085
37002
4984
24150
28071
48811
57720
32595
46847
60964
60307
1691
75722
93722
95991
75031
57237
94902
37316
69763
65978
37996
82083
47966
99743
60592
43938
29322
56645
70720
16353
29730
7723
37689
70233
52146
86500
44305
1093
49699
5270
61400
51390
80992
55123
63734
72376
28712
58636
9692
14827
40967
64040
13262
5285
80135
73855
49223
9457
30500
19943
42162
76582
44018
79851
46815
96165
82703
91121
97258
48755
12743
75011
145
10087
46486
80231
98815
75198
38868
24860
6378
79835
5252
19640
85120
85388
9847
50695
11197
56699
70638
53360
33282
31009
33211
96449
27174
32267
3922
40784
81022
33017
32147
97519
59457
78633
77751
58272
70184
32971
99484
76562
29158
4737
96202
30630
6477
6050
81325
17674
79101
68315
71034
28735
99324
20598
25185
42850
69217
45459
99987
50239
78477
32134
47758
54286
10768
41861
28910
80952
74832
28395
57514
3990
49484
70068
34620
55961
92470
32297
89987
71572
613
77374
307
99937
97972
41844
59140
67189
87304
59127
33780
82133
91261
97890
36419
18381
39752
65329
15685
30936
10076
89551
51279
59560
59620
2251
31873
68442
34549
38213
40014
51514
15587
56674
67803
29911
98518
26943
97100
2174
86070
47232
84307
93684
45122
37078
28417
1226
2408
44103
32163
28836
33654
99794
4749
9626
2045
52974
78069
52946
91187
34435
4460
6774
91109
72264
36685
5980
15559
50137
8154
1630
97369
92462
11666
58844
29540
40083
60070
48300
84186
8585
77137
34193
8379
98238
60171
26777
51212
38240
79723
42400
89028
536
49174
80137
89152
2212
86117
4711
68701
10624
22693
66071
3086
34359
41267
48978
74443
1337
97279
74981
9923
90768
25526
34654
89006
85698
61431
40218
23938
57507
98970
29318
74395
64497
25808
63547
66709
28277
68258
51762
38901
90952
34185
41987
41663
75452
90966
32458
76790
4597
7440
3065
11717
32966
54071
17075
35016
15503
73645
58955
89362
72616
4625
63757
37113
30433
27304
20174
58711
11914
71936
97612
19218
6122
55952
77234
97926
63270
9692
74716
67867
33484
94133
95936
82803
48205
13011
17819
80060
86656
93126
85774
75624
97752
49531
12737
28185
93187
49263
3248
21453
37552
861
40672
43674
56813
17906
41600
20083
43950
32669
4302
77435
43154
16590
60238
91359
45953
78057
87771
48961
87536
73545
24586
85288
39428
53675
29825
32615
2939
33074
70421
40491
50287
11093
517
23452
45351
58469
59887
5653
7490
64189
83088
50645
97131
59678
58356
43084
54088
62480
92045
41624
36025
32983
26912
75454
86659
73089
24421
5950
6163
94842
62793
56450
22287
63310
96254
83990
38131
56141
89644
61974
36682
72732
28971
33813
48763
87327
76897
2851
66159
85295
44475
2185
18278
87739
93991
21289
60828
34764
27239
83344
29607
90032
56146
68246
69694
52401
52237
7826
8542
41881
86152
45225
30965
15123
95390
79728
18802
88640
82579
84962
73935
43406
3499
8565
31145
13842
29855
91974
48606
57094
75318
94565
47127
47816
62812
33173
217
15049
40999
8760
73282
43503
70337
20599
58626
65727
328
77429
54367
99259
78743
44654
42666
82242
53220
73811
96084
83075
82137
61042
56521
73807
55608
3648
21624
18420
36822
38193
49821
94173
63305
39455
37677
33642
60054
12655
15722
76734
6436
70089
92346
85179
14744
35012
83773
67964
25175
79857
67391
23665
40900
23912
13824
12860
43913
51800
47632
97087
89994
13805
7612
53299
53260
61641
3294
29666
74297
19016
22753
97085
89105
15099
82265
20201
50111
66038
4517
91638
62248
71908
15303
19500
12173
45480
32360
72438
97280
79992
69525
87274
93797
93489
56926
63409
55131
60220
93075
45780
95588
15828
42865
84693
47279
41482
21247
97390
7521
25764
5381
69769
14025
37036
89269
42550
82516
37981
14988
79797
17973
865
83423
28122
94354
56701
7883
65837
33273
17310
27969
28861
49491
70835
13555
96770
12317
51154
10513
36190
76918
15894
5959
7295
69282
11580
49845
51799
49561
81185
47948
83886
82050
47723
28360
92757
4425
36243
74946
37698
53554
2916
66560
19397
90103
96467
16167
2420
63973
26680
54963
40891
58926
77274
64539
28209
88855
14384
96360
54768
11922
60660
55007
93972
24735
83367
3081
45512
35963
78028
83211
5869
80944
66123
25266
71047
78942
57785
89819
42915
818
44782
158
59744
22057
81049
4305
27264
11786
17017
98384
23708
94029
53391
34032
18765
53111
37114
64277
89074
15142
63840
11295
12438
46315
52913
83485
25257
10698
89656
84524
11516
50791
1035
87613
72848
98436
91918
16464
10222
25288
14848
33930
19317
84592
67963
38082
37703
21429
2360
43129
52923
82552
70776
65361
28868
23689
65198
70477
50739
54854
71354
62256
5645
88741
49869
94845
87177
58139
27661
97400
83427
42510
47682
19097
43454
31997
57179
81157
53426
75891
40638
22701
58444
11414
88062
87312
35103
53260
57789
85842
24467
45495
64450
46464
34236
30671
41310
21414
88811
68971
35166
88590
27833
82848
7687
71287
31198
81219
68796
84624
57110
9434
23678
31906
37200
11740
19218
88655
81353
93360
90850
5820
38855
55300
52284
73092
2324
9946
10858
91135
95270
46024
96077
23103
45224
20117
10743
76422
1336
95891
61047
74798
21678
84725
6705
58878
12817
42275
63886
94170
35635
54736
16342
90843
26388
84979
80287
28712
94925
91145
36199
90195
53521
48629
29651
98745
68746
56746
75168
86434
68989
52567
61232
90667
53644
67937
65898
66461
26565
29784
76984
78552
872
9678
69395
27260
94657
66034
55973
5935
73531
8524
96130
27052
57153
42133
42150
25899
15231
17318
12333
84221
69885
89918
74888
39881
74207
57138
6342
772
3274
99678
79325
4146
9357
65072
47759
20366
47459
3732
26301
20990
28608
38784
64395
85762
97269
6545
28013
12501
40215
56699
96722
10100
46617
87962
66333
20824
61453
89027
37949
64727
88706
33626
68874
14415
98698
16633
34781
62509
36717
77435
83500
81677
16219
64247
67439
13488
70792
95453
42341
11007
68504
39063
37459
15121
43378
3792
52297
4831
92819
90246
69558
97877
40224
54784
12292
38923
87769
63426
1432
40838
57213
1284
22516
73432
65531
6307
3272
52675
18112
45614
80034
86616
1029
17493
1737
60759
37637
70387
65590
46809
76985
51501
44686
17210
22637
73331
72485
10407
53109
90269
67597
10322
91554
90113
106
73437
96421
19730
42465
14533
81696
22499
17502
99078
39993
19239
59837
93982
5978
25428
40791
82964
93281
1830
16526
15918
75161
89011
42677
44622
95632
10275
71296
3538
16740
71402
76976
13161
7484
19441
44047
89181
58292
61549
88259
14637
97140
48096
8620
19471
89876
65763
18787
99509
67593
35313
15428
59106
40676
74457
3728
36308
84732
91376
39847
1473
62778
33175
30986
70263
68968
91385
75796
27260
69286
80407
41898
82779
28503
66870
2250
34732
32633
21037
34241
16579
72702
66021
75685
13378
40479
95766
49686
41563
87142
5885
43036
66273
39060
90375
52888
24380
98112
28684
51641
67399
9091
9891
50178
53946
93113
68780
5030
25746
89817
55624
42325
62519
21645
34363
92249
78476
30129
41935
20040
17271
64173
79428
83544
19585
86155
36432
43966
84268
81468
11959
68019
6911
38202
18197
77210
31315
3329
82240
57061
93146
37864
15739
72017
75862
50102
64266
54338
80231
22553
74378
13854
86726
70159
13751
6312
56314
66535
66630
40582
48004
78589
8601
71267
33143
43150
48477
64458
46479
47070
37871
55977
1286
53610
44346
77148
3712
8612
47839
295
47518
38569
30502
50596
8728
44253
73260
65043
10788
39890
5625
75144
34831
30579
46412
67974
90081
11241
48784
36561
58311
86656
8890
75950
40266
53237
53098
60331
78201
17289
76978
42071
55859
7480
92668
80939
68085
65928
45982
78874
5819
67960
70370
57002
14891
33134
24977
4972
44376
90113
57885
19039
76769
66776
94989
33388
36365
64440
10071
14566
98081
87049
56638
53940
10882
65658
51232
78967
31586
97214
74193
53757
81526
44564
10760
96417
77698
52089
1390
38426
42202
59275
73818
18972
42403
68807
68712
78768
49599
78783
9687
47681
65832
82677
17973
93066
48335
69205
72034
79921
82772
46227
50031
64298
7143
60791
60716
1194
29232
78458
39620
71434
54085
13438
6758
96489
98598
75470
91609
48197
54253
1296
12230
36438
83973
30204
29504
48660
15761
17890
28582
98533
80470
94965
62832
3965
55756
39900
5159
84988
18358
61132
72774
88795
74570
79533
85284
89520
55003
76894
37718
25609
94542
66300
78399
94868
96504
24255
43528
12266
58498
88462
27151
38968
83427
89983
59285
39183
46235
64445
40523
80945
25577
13298
69741
16499
9183
71377
6020
80538
64623
60090
22499
59166
26390
898
54034
39247
25154
97562
67865
83652
86025
95016
38972
69452
1352
98257
24988
47587
62702
81863
28533
4631
11513
98274
21131
20696
69651
27151
1235
50627
87241
23734
9793
13631
40985
63827
69230
66139
77741
37095
66143
80118
32112
21467
65923
33464
19724
90911
81051
98779
89126
25936
3410
640
40562
40893
21336
10214
84396
38923
60841
71637
79010
86986
1621
36347
67165
70851
18838
44906
7947
84981
41377
56411
6448
7300
89875
42524
14563
87278
57655
3689
13215
77418
4329
53777
18311
42018
80343
2708
97293
57536
90697
92655
60874
92318
29002
28039
79522
47840
89298
3821
32821
30675
60232
55621
37975
66459
14498
52538
53737
72153
72579
83304
49571
76909
53434
67883
35279
50129
86943
32572
24018
77640
25228
84892
86311
70582
12932
65833
18423
2230
86006
67596
49257
46238
39570
87232
12697
54068
56122
82786
26221
28701
66091
92145
5610
35877
76380
57241
86006
63323
6166
10024
57315
31394
94917
43626
18328
24201
25811
36751
42783
11817
4348
92040
74407
60270
79272
87104
14338
51746
86243
56911
80447
68686
49056
2410
4563
25436
59651
6921
88759
65817
16946
46075
13563
28215
6053
31892
68768
48217
84995
11551
60034
5695
19943
34442
65965
99215
37898
80303
67313
24141
37215
47760
92827
86271
50170
13742
11708
9822
20664
16819
91991
53962
79246
5555
98529
85300
53799
67297
33517
38794
78848
9903
44490
98791
60697
10455
14358
14948
90759
81671
39089
44326
45783
48269
30597
95954
62011
58657
22128
99027
75477
14119
52989
54723
19674
51518
56375
73473
18815
6244
28620
14015
32500
73110
29158
93197
83565
59868
8145
90676
57891
63587
35002
3675
11856
81952
15981
90219
40609
38109
89247
32438
52228
58588
3514
88255
26459
59889
78080
45274
82486
6700
75642
14986
79810
21152
8183
79728
97373
32681
70404
71616
96268
21759
91643
24476
3711
7624
31047
44320
62085
36646
76759
30666
95235
96625
35273
21694
56514
13353
83320
55352
36406
75314
70338
32568
12819
94874
12296
10192
43907
99053
98160
40175
20812
89804
81003
24523
13780
28402
85195
92218
65049
78306
22884
76636
74931
58157
98330
47798
87862
98002
19502
24268
73317
89841
73189
2488
1067
1837
29032
44974
890
27192
1501
38054
33348
82504
78929
47129
10906
80477
39347
92307
58783
78583
68943
50067
53092
83625
14217
40954
81628
33719
81575
71297
39912
71116
73785
40979
72953
19169
85953
73844
46361
87454
28250
79710
86310
7180
43191
13569
4009
98890
5876
62792
77473
91172
29211
46917
74797
43428
87871
72777
93500
85798
60426
33412
56914
50563
74392
29868
69732
76697
20064
16094
64152
64666
12156
66814
88198
71699
80383
92207
70589
2612
71352
64414
93784
563
11331
84933
60344
15554
57711
53844
1353
34489
3608
74619
85053
78000
20839
54785
54698
40903
87231
35202
21922
99387
2016
10120
87438
98752
2328
58027
1364
73680
38793
11500
74243
66476
12785
50939
82031
86848
21135
99736
21338
24744
74355
6391
19096
11547
77528
90146
68802
64760
25348
90724
80499
43717
845
67938
58821
3173
42317
60185
76853
81111
88037
67448
47587
17174
34740
45970
4023
55875
45706
41713
96971
36414
48104
32420
47961
41984
38918
16763
6744
80619
7488
87244
24336
24685
71534
83157
27858
13851
59694
21063
11314
64083
4863
58902
81257
39603
4872
1632
11831
66931
59697
25154
3345
24153
57574
67658
66138
96493
773
72882
77112
24613
76478
17800
49298
48012
17309
93508
61864
77003
14571
73178
57438
19435
48432
55047
75390
69657
73032
87221
36588
32729
12376
56285
56883
86302
23943
23021
99147
41068
95903
92611
65682
88734
10411
14980
36746
44072
8489
98610
21075
39412
88141
94865
58847
36573
49913
34238
6230
39297
37811
59170
72026
66539
15455
28909
69194
55750
68282
68341
96819
80538
60953
62501
69272
87716
93833
6018
31789
18674
20981
69216
58087
9122
80434
33286
62047
46699
83876
68278
85996
38040
27448
58022
4579
59256
3284
73773
15006
71566
58467
11825
52104
35772
90678
37728
39840
864
43747
71629
19538
81080
57198
93977
6554
37632
27264
68601
683
27492
53231
86679
65532
97032
44701
86464
56288
64337
60237
87646
35904
18704
15824
4360
70828
6502
58441
10669
7366
18540
82298
43257
99620
55848
37234
6174
9832
80850
91127
10515
24695
44359
13546
90227
57743
74600
76691
30383
38937
53281
18029
91193
88337
33853
11906
59166
40356
70347
69835
64074
88887
68485
7331
4859
40686
60918
27385
50518
58120
18512
77386
82815
79223
90932
89395
53318
65532
66086
83701
20822
35719
1731
12015
24057
35584
40273
99575
92292
10620
69410
72719
15859
54247
96402
37070
94933
73672
64455
61804
31793
99320
39190
14608
94895
46474
4003
48214
28359
86442
48267
65533
38513
49998
77548
62570
1935
34174
62145
10579
44794
47907
99650
77006
2155
96053
14076
97088
69725
94884
58892
1518
10556
14434
32479
21803
77261
52834
86369
21972
55628
34637
87505
94142
987
81405
73064
2922
15579
51562
29854
76726
99469
29504
70084
1624
41909
512
15065
11635
95396
90309
29505
22304
21096
78336
44108
98357
47523
30477
36681
3151
81466
24186
97293
82454
5591
86710
1728
37523
38272
31582
30601
37741
77439
685
55718
19348
1197
87135
47335
12946
77444
76841
35250
98540
71529
95710
13249
19052
26188
49930
22204
24006
90468
35849
6460
12412
22559
8189
49935
60831
56123
80536
98573
49914
81221
70643
69263
98770
57778
16598
11716
51574
9791
63319
66467
81321
59029
79716
373
1569
45999
22577
25576
52819
74779
32036
65231
97338
56577
31518
74522
29053
28406
73095
78967
25979
60090
64582
24750
17868
81181
36466
85794
7324
99785
52261
88645
75167
48330
5371
76736
10681
44300
2312
63500
19079
50701
28732
32770
7278
76602
7292
36331
5009
96739
31651
30988
56829
96233
72090
91049
93766
24909
76843
1091
41046
29105
6088
16213
77435
11459
92950
4468
55760
95262
67968
91191
45963
13052
23961
69594
89655
31253
22277
11016
27992
53928
42004
1173
66514
14095
92222
60280
55356
69066
77723
96402
14523
164
12616
8310
11623
5566
12778
83735
17180
97098
91279
79496
10151
15240
65442
16158
62846
87719
27174
90838
58000
69178
92012
24514
99625
586
1146
54981
86004
78870
67736
527
79034
80352
25189
7009
2270
54319
7097
35802
51418
98376
15298
61569
29968
97092
77727
92814
84812
4901
5
42812
90431
8369
83678
6409
8955
84824
77742
94960
63694
45478
11839
59080
42182
37029
66090
44452
7700
73187
80255
59118
87915
11905
20687
17883
25350
14766
10698
10162
36019
10703
69326
26451
19072
53004
49212
44379
37828
26954
39339
17875
88785
67531
93307
30967
20912
59397
91772
28612
48936
88379
87731
53203
16636
24770
71087
41986
39537
81785
68500
91908
8840
37826
34711
44264
7182
83923
88643
61363
27230
44335
95590
16015
11866
88897
63334
32778
48295
55106
61390
13583
59837
65473
66787
76474
90244
54226
34812
46133
36011
3313
38041
61203
41139
72753
5467
64674
56676
10462
26037
258
54797
21627
32625
83015
10524
95960
15793
75171
67418
93536
5107
27256
59009
71894
20082
49253
26120
54894
95386
78483
58207
49780
56038
15699
22533
77857
80373
95561
88319
22762
95820
43117
44389
28445
26132
71265
40757
58278
46437
24528
51814
51544
68136
27175
39790
88218
76429
82262
59464
88167
60745
34024
37947
16783
66075
60480
94640
62800
72394
99311
85562
84566
58780
46303
29363
1265
17568
70121
59543
80357
11001
27709
31901
79137
54884
88043
83707
47665
70305
43171
35833
47402
93547
73780
80537
59622
50613
91529
38774
39359
90841
24336
23925
49621
70639
53288
50886
4560
39761
26781
84917
50762
70842
33171
29899
25727
21214
13606
73392
91520
73130
25577
38922
66677
15710
19460
42652
66323
10989
81426
22034
18182
22115
45959
67804
92754
99247
35042
13666
39009
78176
98584
6123
49018
31755
36023
91097
52969
65981
80842
60841
39111
6419
99764
22141
22129
35576
81145
4804
62917
62571
26838
81100
84686
89149
65256
93793
88397
298
7459
43758
94826
22395
66233
43845
54150
2256
34942
23472
84590
32136
665
40053
38556
16781
62194
77037
52357
43339
98194
31627
22263
41384
12727
23301
30534
77983
17094
35283
94633
40906
95393
89460
63301
61626
49657
33804
80235
951
73628
64825
33088
74293
4878
87996
91075
83425
65033
59784
43116
79579
91411
81731
20964
4138
5033
67850
98473
22127
3133
93107
79385
98526
98919
42687
76504
48576
92843
56739
49527
66471
21564
98967
40764
42795
86963
48191
42572
68349
7976
2040
47928
99387
83772
85244
19878
88805
69446
34703
27284
72579
27810
6670
87457
43081
65709
63962
8009
58552
37053
73889
41375
74970
72856
82139
34117
59820
46683
76689
28169
54659
95081
92449
70398
78853
94046
6628
84010
63492
41332
27647
52424
85494
50669
39881
28576
32730
20195
52937
91282
73601
26826
49009
48571
99683
31148
82688
75855
94183
75729
4024
48842
70810
12825
35593
66016
23223
58573
66378
86716
99905
94025
39140
1752
61046
95373
46680
93776
31921
99617
1410
5522
26444
50419
70445
26127
97920
53133
1982
92103
45214
22358
57298
16024
51535
92891
98392
74759
51464
64771
61475
67722
58796
16967
69474
36195
28692
16154
29971
60613
15771
47734
82487
58567
98153
52932
84694
96073
22417
3028
4529
67631
41738
61827
8
93274
71070
98400
84385
38886
63171
45860
6608
38320
79179
92434
74515
7871
8588
4486
68485
40712
52220
67324
99279
66726
20257
326
79151
42674
19706
83680
26658
61445
61859
26666
71071
32929
25066
55456
71816
4590
17668
94776
42910
96847
87211
17425
21070
12151
38263
5907
69215
6836
73232
84847
73562
93489
1525
69065
52515
21231
69098
79173
99028
30957
22191
70099
80239
63610
25555
68407
68200
43223
63183
11110
56422
66746
44887
77493
95250
99502
83400
64465
6338
56632
49312
96252
66473
67189
81670
18989
88421
50768
14514
87449
81725
53058
73901
78316
16668
99456
46723
84868
59032
26259
12330
31806
9357
73569
9299
4607
73071
9052
69073
95762
82036
34737
92014
64862
1927
73684
203
6700
24452
14717
10501
22530
67775
84402
17198
795
83859
80274
85663
59243
6533
14345
91049
15890
87914
16701
36850
77338
42105
5923
73100
24141
57012
65114
89003
75291
55151
5558
81991
95955
20276
92493
34837
4403
76895
52036
5199
77106
32310
7214
36349
55195
37912
43751
87437
25826
76804
24287
19516
18909
46562
92616
59402
3575
74083
64758
78866
29234
70316
77210
25189
90592
69703
76379
11348
62950
28415
32899
40057
77077
56465
92758
32272
94377
52861
19709
36556
29665
60349
56072
48574
6911
48689
7977
10486
22772
72735
5705
68358
43051
82915
9899
49996
52618
86278
77696
31920
31045
26947
71977
8122
83412
81088
56746
77790
33949
92808
30698
63615
53157
86770
28541
60068
51811
52870
86907
90935
41957
92612
59293
1361
91879
85545
67709
60849
71823
45405
92769
2869
88704
81099
27343
72116
62187
442
66258
12488
93250
96956
92455
62759
83727
20997
39179
51890
90219
42438
42826
32177
51402
18471
49890
43281
4016
17599
20482
75840
79356
13252
95061
68060
94351
38756
40176
72890
55550
6435
85378
65152
19743
77834
27911
19822
15183
83443
71713
21754
25881
14539
53931
93636
49362
3821
36917
53379
37772
73752
45571
17128
87004
56984
85188
97707
95740
41717
86949
51291
48152
72327
32795
84247
66513
60707
4070
98048
60502
75783
19803
2735
6674
90086
96371
56036
10260
49641
9415
48032
23393
71338
65161
26749
28322
66701
24456
40415
8418
11405
91706
72922
84
24501
57170
82950
1560
61240
97350
78414
53375
33505
81150
60049
23592
77521
32437
33852
43514
58205
98236
66907
29543
63397
93656
57866
30099
34464
98281
54869
45869
6339
27792
62306
47192
84962
61608
65105
46202
58958
43519
15929
92464
41021
75978
32408
34895
24767
82612
78409
82972
80848
45317
28868
60598
55325
86734
7049
89790
1367
61918
52011
24058
89710
30669
87602
91024
92277
69059
53578
67588
28931
69507
76404
69952
61837
8812
4847
86605
91424
83257
85929
88624
44926
14797
65574
16603
17883
72623
22745
35602
50894
91109
59660
40604
21778
63615
47981
30408
32674
1559
14348
61605
71067
90752
31558
32904
15916
52757
19509
23692
52366
5439
12316
97292
36588
77891
30248
54472
66866
52993
90074
17760
44102
66087
74717
82233
29702
22698
28993
78728
24257
43341
40334
95324
34093
88244
44581
50009
57353
80442
73701
9720
2233
2369
7012
38822
96612
53612
9646
63479
6606
99720
81239
67060
82159
72308
65645
28213
95006
94638
6942
35616
37979
63628
47292
88424
68224
91873
54785
25577
72316
44838
35297
90901
47208
58662
29723
43820
12274
39369
23651
35232
55442
21243
2293
53953
93551
67938
82167
88558
62577
5461
40526
16908
69089
87818
5333
53665
96044
76470
79242
68360
21309
30892
75613
68517
89554
5337
28689
18180
61058
52341
53413
32852
73584
72058
86806
67135
39996
68973
72045
18925
74434
28923
35834
59875
16742
57519
29892
12786
33989
25486
97498
55298
56378
73111
40167
62284
94800
85209
96817
72211
37550
50230
5063
27486
22288
91869
10973
78636
77194
99371
97562
67980
28294
49748
44207
61388
23619
74099
74174
57608
99586
88024
29259
72316
77488
85778
50953
88640
70987
47770
60851
24889
14352
65915
52375
36640
74136
63349
31628
67683
79072
29190
35663
7366
95290
79871
68755
18909
53970
59281
76518
69908
63658
22129
42225
41146
7907
93178
29786
95247
57300
6990
20136
71652
89257
72512
24644
79745
52213
56272
47428
31285
85463
83092
55003
80753
62963
40110
99663
33285
99392
92533
19546
63050
31014
61771
20548
55273
71301
66686
50520
28601
73676
70657
16605
79285
59521
41249
59031
28086
97521
6459
75723
82984
89551
30726
80090
68866
70837
96105
18504
86581
4990
38050
49631
36004
99821
86531
91277
87474
53217
58150
32427
43246
45159
49032
22531
4680
90281
81562
49118
87802
4374
24841
87139
93925
71919
83581
79144
59108
96038
97648
62041
1028
35698
28024
53384
51871
14555
61013
39345
84125
19163
88124
27371
64322
37156
49902
85354
43789
47817
34472
31591
52191
75665
35082
62468
63937
18663
41612
23045
14701
55612
85087
32081
91310
29463
85465
43181
44019
46479
98878
28144
81994
87002
55515
46317
40510
21769
48023
84299
85938
82496
32243
54481
58161
67325
16950
38450
2341
74914
61496
17042
30527
62935
65476
21837
92398
50941
81371
52769
13772
96601
80913
12119
99956
52780
74788
40466
90902
22811
24766
76840
5307
57009
47674
79821
40686
64624
34623
43027
55890
12471
76422
86417
75406
41898
24607
84157
9191
22330
53278
39316
18931
50544
51435
18887
3324
26223
75706
10578
65386
16824
87419
87046
73833
51445
83219
30871
16069
17842
73899
88311
30314
50321
74729
22072
92219
15688
6229
17762
38018
75860
57078
73301
26404
24865
8541
29728
51088
84247
40307
32827
1071
44078
19873
91256
95523
3092
22127
27944
20934
12378
32607
51248
62699
23688
73321
71270
39376
95902
89033
93746
88114
62463
83400
14518
87329
91941
44247
54769
92540
906
87596
93611
61336
7469
1219
73211
10561
39698
17507
47848
52077
50114
15448
31128
90155
5121
2399
29531
17376
7784
39630
5490
70247
23030
20009
57576
14971
80608
12346
7511
97866
99942
17474
59202
23764
35045
48765
50677
74743
82624
98525
26820
49090
13974
57949
39245
19095
76700
85129
52823
84484
24759
58314
54731
47789
78323
28660
79112
75283
57358
2975
73149
57300
36801
48703
97416
71846
97468
48094
46589
96444
46619
89762
45534
76945
47711
84780
12393
40763
86261
65216
25247
11020
23530
96330
75161
18205
24990
70625
93488
98700
89952
66637
56001
26753
31692
69769
98599
45512
17863
61540
41956
80835
51302
87491
57780
15365
88623
86525
56128
91236
51742
97727
2256
91624
94058
93769
9830
35400
64394
19670
50453
54346
2660
22806
97451
34352
92575
96050
79865
10439
57590
21821
91274
25245
25664
65406
56962
30639
51932
13091
21875
20026
27170
40483
11650
37580
50604
37832
89333
14998
73855
39786
85696
76515
62592
83147
10867
55167
95549
7084
81958
69492
45258
73232
94737
87274
54991
51699
17914
23275
81142
56141
43301
8313
12977
54951
62245
63581
9136
51578
94932
82991
91364
80628
75858
53956
80128
86725
25476
75677
10162
7434
45169
55420
97019
56258
42694
52010
24310
76960
75285
5452
49454
34938
30117
78783
6241
92363
42364
15377
60293
53648
14720
51658
34277
90578
21966
30757
93656
63794
22786
3818
71229
67956
75590
68248
40566
18284
36610
64876
11597
28247
86681
61051
63185
33150
56186
85778
41865
98550
17508
2159
52199
32228
70169
2828
22807
8487
49937
32815
72282
72723
36633
43511
57031
12223
28111
97598
46859
81073
78826
58456
25672
81859
35859
5209
15010
92045
90987
56875
6948
8495
75386
75499
40724
45555
94679
79883
54043
44616
12698
26325
33691
65683
86188
90723
94258
14299
88321
41117
11724
83499
15926
37396
65359
68137
42605
80369
76535
33592
53596
83483
58440
28983
75334
15516
74538
86365
95399
44933
30981
24449
71258
64672
6484
57446
71747
742
88097
60068
58211
99821
59920
90489
37217
25279
58627
96174
22000
35162
46119
75596
34997
4559
20931
26683
20075
95470
13048
31826
56755
60381
72627
28014
41405
79111
1812
13153
96205
6262
89573
70768
6083
49493
61258
59653
74772
19885
72179
96772
71399
18298
88721
6396
22857
9652
33079
59284
21474
62479
91110
78230
22860
80089
22596
64265
59200
40760
77418
71757
47022
66992
42526
69458
32837
20136
29111
7610
40021
17642
20734
11420
35941
25807
34168
75150
35460
83599
34435
73286
46078
41897
51516
85290
21987
90464
49555
97539
31225
43326
69297
78247
26670
28175
47705
59507
48311
93168
83469
4684
10811
20556
32456
46752
46363
82976
38254
98175
66575
72689
71462
29005
14587
39330
30647
36574
29795
96554
50465
61020
39880
36114
55619
82902
64289
3325
42410
28952
12845
42231
49988
23656
62787
98796
86760
25503
81772
25015
40030
64699
97704
27844
93704
28643
67175
24351
81569
13322
20906
32035
90694
77138
68149
46313
76393
48791
65990
35155
94095
78836
77386
44084
2492
56526
42880
5605
82029
41005
30620
38411
5704
44676
66256
99409
89672
49783
40112
71241
63105
77370
19628
53799
70861
87778
16464
47254
52921
82455
82409
47016
61291
76147
7452
80135
32673
66685
85740
31054
7690
32712
69466
13394
93741
52074
29155
83413
1857
85620
54654
81314
79342
90635
51465
50203
78413
67929
13809
47686
50384
12570
94702
28027
88718
18507
8163
37743
85192
10255
68798
9234
42968
54616
22628
36709
6690
68136
36474
24899
53756
7480
6213
33098
98115
57678
99654
92880
25607
29815
40566
92344
58738
51621
36723
47456
70128
61238
1551
71672
71494
86701
80906
30814
41317
19886
83875
64359
88022
20349
5610
41778
44181
11823
91229
42297
85853
7235
35177
27813
53402
92096
20157
12140
60069
73232
75948
46549
34471
77500
18221
22317
64201
15479
69483
21871
35365
53358
2582
23388
90059
8193
81518
50592
36368
89099
92889
22222
12686
44419
50035
66089
36515
86544
94581
12936
76128
70530
59485
10599
64382
77706
49268
44935
93185
18751
83158
44902
88461
85741
68290
94872
10286
66161
45465
46654
55260
54706
85228
84299
99125
51615
66740
51992
54511
61321
64928
30640
48203
24413
57591
28937
18471
23212
73873
28008
41963
57031
72911
46777
59124
57553
58001
69410
23714
3466
32417
95327
74525
33997
79626
73650
1965
46366
41995
56476
24039
6923
3468
72243
47689
77412
1180
82512
624
91405
10521
58939
48437
99784
22068
23913
57337
80070
93324
97404
99888
42093
92731
74413
76090
88709
64416
78055
35075
6411
50884
59114
29686
70704
47709
77375
48116
48890
59888
48740
56647
86761
24032
5084
86545
46100
28998
60234
26170
38674
57638
42411
80767
66721
16824
73209
55430
81240
67617
6857
87651
34853
82324
17338
5557
30033
11065
53674
95275
87305
18766
51923
90418
42798
73359
93315
88899
18709
53550
31421
57383
27540
73832
54502
94262
7009
44064
66044
4601
28033
72902
8605
62886
55226
42295
68443
1611
69712
22117
96887
57018
40884
48810
47436
34
38521
57104
88933
57231
10654
36707
30966
54546
26891
1821
65160
33900
45885
31205
54854
90270
20459
63459
53156
92037
22106
21599
93648
91818
60069
90535
48836
17305
55697
12625
17339
94219
69729
22625
67802
96735
59332
98768
67633
86223
589
32794
36476
62826
80351
7682
53096
810
71141
6252
92847
93247
44204
86495
1417
4273
93383
50254
37930
65432
79231
55269
59651
65312
77894
27453
78399
53578
42574
46032
39802
43163
95178
92630
22342
75529
312
75438
92691
87805
98043
1890
97404
58599
4738
98821
79224
98121
65427
17154
63553
44658
72423
39557
26322
66670
83362
4721
20248
25936
67106
76402
85452
78636
69032
7794
54166
85696
99584
63209
89853
13979
65100
87257
72578
69838
86079
68154
67959
67858
85308
47864
28869
74084
87421
55191
40754
87136
76265
61002
13072
59723
37405
98524
38359
22789
22670
92525
24838
22255
55735
14691
36234
37187
18301
25165
7025
20732
93319
91336
88590
94980
39200
17459
69064
42974
72651
9818
30110
65268
87172
59534
24991
24577
58059
63350
63719
80729
72228
4909
19336
44315
19600
71923
81502
54253
97088
88527
74985
6759
96215
63576
1739
35415
97387
70803
94741
86390
96973
41203
51658
84146
738
76649
25075
75149
56352
88794
55878
28580
10055
75215
72895
46008
63490
54397
261
60578
59276
75247
83689
55491
55175
1781
7258
52562
88936
18352
38953
85910
59555
6963
70056
76645
83613
11483
51794
39965
16630
24025
84897
26685
15592
57792
72693
79082
28541
72955
56012
4169
48202
39701
59660
19729
57834
83270
72291
46771
1622
27596
32681
77530
34560
19089
54175
34525
30572
22322
74490
47202
46347
59387
90240
78291
33531
62933
57373
78424
35888
13385
82593
442
69438
42253
20171
27273
41875
8815
90396
43498
36411
23077
37380
87323
58518
7907
21848
5442
30229
12690
68997
92928
72077
59237
71219
21960
22170
28592
384
74411
58329
82977
91205
44120
41582
11377
71393
99810
36544
78141
59660
89307
17570
97040
76631
76088
4947
98479
81530
51529
11170
66879
44457
99599
26116
15677
37912
48287
60621
38296
39050
35303
37626
30255
79423
95560
57984
67168
95370
94528
45309
55030
83836
62879
52070
76819
55319
73370
75298
53201
24899
2820
20081
85708
18772
46197
17737
56684
10836
78359
94980
49886
30014
48958
96494
9437
44519
54478
92957
56241
49007
54618
11272
49195
17497
79694
42366
89168
53064
34016
42369
94315
36837
62450
80024
55609
8648
97761
28645
35836
92472
39977
85723
22486
88936
82217
48275
49807
53047
57584
6048
18406
12202
33672
67601
46051
13367
26319
35219
82783
60336
77589
93451
97173
40039
73475
69134
65039
87588
14131
876
80061
54108
2951
18899
43044
85168
83527
9203
54567
41111
15252
72974
69666
48924
56927
15717
78643
83247
50937
61427
43583
44878
54878
57108
84917
44705
42594
66309
32293
56725
67185
28706
10833
70136
63958
70230
71656
47485
79433
26223
4948
94685
99197
74614
59962
72477
6684
38605
55724
73973
16384
99307
18851
87614
72767
20120
48671
15361
86429
97317
72086
69966
26023
82919
56454
6333
69501
44462
70170
48935
87038
75119
43620
86235
66085
19934
75064
89121
58540
30788
63094
91276
46447
98297
95243
19214
18418
43914
34575
21199
41231
23013
7518
83607
22285
63972
89940
91786
8435
60111
40721
95473
51582
694
98060
34019
20628
73125
23141
95520
20265
86235
86797
66713
885
98392
85927
19303
42306
36855
56854
99890
59868
64372
83497
82153
28345
89789
73940
53132
49900
31013
64957
17834
31707
79369
51854
52336
68846
91347
47856
89112
93934
51005
55825
94819
49397
58104
30474
8056
94959
87329
7946
54828
51701
91443
53333
96398
81232
27273
49530
47485
74639
30839
81671
6346
10209
33525
58682
79055
41224
22891
68167
35159
90248
40344
46330
55998
98449
76805
64054
93408
64134
72000
64588
15835
79795
17922
12234
61027
61547
78116
24864
36186
25308
6536
58885
35517
56413
33919
30924
13990
56810
15444
49149
63411
55788
95479
19409
70589
72284
83463
80350
52770
55463
61290
68606
35258
95564
97192
12637
73464
91660
53854
26002
33320
76742
84887
68837
33155
18807
16114
47145
91969
31558
12646
55380
3698
24478
74789
90640
13114
58252
70990
65885
30067
32280
50843
81677
44197
64387
10667
17661
72399
64521
43663
5720
41263
28551
90909
90770
47358
23375
54268
39327
54933
83266
94708
74984
7744
85849
65624
37211
44102
52966
19448
74169
1598
86643
55847
45795
51030
66514
79808
39781
47387
23472
61853
5002
52023
52763
95772
15733
76138
50040
71412
47424
49659
82472
38760
57403
68322
20736
10966
12424
90054
30414
2945
8004
17057
75144
53800
84439
58010
49960
24221
5397
73432
86074
10399
41807
55189
22524
57540
47680
88916
28953
11456
38575
27777
50216
12331
96099
87304
23297
8523
77358
70064
27821
85362
87121
2965
55514
71561
77328
5475
12134
82725
78907
14560
9477
20715
86102
32001
94607
50134
37269
39912
61590
75845
67690
28158
88176
63789
15462
27825
88665
9172
97889
32838
10886
85011
52155
66401
72924
29483
88228
1410
12209
83487
32322
38038
20554
18424
86391
15162
68558
23660
71426
46500
99505
55468
74658
4033
19258
6472
31859
24275
31996
29748
57113
42883
31111
9268
25636
20387
55104
30216
21797
67313
13703
54120
21703
50610
88896
8094
82124
57455
31754
53550
20307
47612
9019
94966
67997
44629
17790
99856
85256
66139
45957
58721
9022
77068
84341
51010
97456
39445
81226
35605
23110
11281
89725
44813
61891
94974
69259
44015
52429
17366
13918
72736
64978
22937
84054
32975
83918
18197
49184
69174
84336
95141
27895
9710
88561
12236
77072
2369
51682
58298
37975
74792
85931
44052
35958
64175
39026
5217
24542
7807
22583
38460
96896
3913
77749
97302
36889
61667
15499
2425
30841
16187
13918
75088
25897
18831
87325
2969
21201
55359
77619
75528
30151
79903
35932
66109
44078
91311
71327
68620
15470
10262
7081
12366
14176
84830
9669
67417
62850
41520
69842
93691
57708
112
68780
99957
18943
72457
2927
56496
27816
96898
48376
74319
76801
84309
56781
20879
91972
44460
89500
7442
54722
12933
19809
68898
14115
45830
52667
76965
87350
22509
87009
61410
22621
72141
61368
57917
44598
64295
14413
88766
77545
62790
79437
54347
63451
36218
75226
55423
80678
81078
62865
51753
94011
99026
37003
24479
44856
89671
1444
48559
12180
88453
9969
51154
60594
71337
25423
21544
51984
56188
26662
29530
18978
6100
229
82429
42318
75455
54204
39349
72886
17070
7454
83249
16096
44457
7728
77305
34128
9173
25864
62661
13978
52185
30167
90925
39875
55590
12469
8211
11778
55484
37741
47109
61584
54322
45890
20254
29778
95
75955
19016
33517
83409
2265
65965
27867
9994
59622
78347
35519
85486
41008
49497
54024
87527
40422
93899
43117
69244
2110
71248
24728
56204
34709
2664
10526
96951
22918
56656
13398
98874
75672
46915
98635
77938
29233
26502
4284
88855
4850
39803
90694
62210
89300
44718
49738
46075
54969
9207
15319
73431
96807
56399
29635
31516
59063
56514
44820
98333
29522
58218
97207
5195
21486
95843
99485
50719
38697
3769
55926
59899
59924
62972
22110
49224
24042
88200
95299
79011
97407
26970
52443
10567
83369
98430
42083
42432
71296
3255
57118
819
61474
54325
22366
82960
66520
21851
50031
21570
41972
22309
81469
1896
85282
19931
67472
9324
8131
79124
88336
21891
22446
57131
32458
5816
71913
90893
64600
43210
94149
21718
44029
55623
92396
66395
54935
75268
4598
21318
96838
46570
43627
94660
64818
28909
14591
48642
38234
22723
44118
42922
44614
66565
16405
93424
72381
88318
84317
53333
31528
78466
91404
75557
50441
83800
58304
5376
75420
62902
26694
72259
25824
70322
83271
6994
15583
97862
55637
70169
36937
16107
29443
97903
82672
45848
91327
71405
34167
75645
24739
82047
54111
32495
73957
4553
32647
32261
26281
8067
11516
52976
96678
53692
39650
79949
60687
71585
77812
32676
58107
31101
48783
87550
29005
47808
33399
20332
19213
83918
12329
60304
65965
66441
92799
56274
87346
25446
88536
29979
49866
16404
82955
46544
70096
38957
26494
47135
26895
20658
96163
85002
51759
44947
72552
97116
9107
22303
17449
28320
6221
29778
88625
88539
12571
97776
44813
16269
39575
49701
46249
89441
66105
45556
35985
52554
866
78831
99689
27761
15841
95853
29115
67601
57152
18019
64717
66259
40323
98518
10931
62896
44649
99556
67787
73572
13685
12601
89842
53260
78654
36091
42701
61112
97999
95038
13666
98865
73870
29707
42978
89711
41912
72093
73664
15416
90113
54734
81675
46788
69604
8959
9684
14253
8515
93824
87826
22200
22777
94020
75460
1431
46463
34513
62543
44462
29552
92561
59680
19774
38621
19010
25837
80533
91104
15854
95950
97569
70588
93977
60709
56544
2936
86745
87150
27804
80569
91328
66356
3346
85348
58169
4778
48163
92682
83673
8977
22234
92587
68657
58360
31208
87668
84198
11741
95124
52
24043
9045
86992
18021
69754
43536
37309
56499
30686
65113
53421
22014
31470
56767
23714
5991
61545
71877
98673
61571
80855
37260
54158
49512
95620
85366
53532
96170
13459
65008
96222
37503
90405
83214
71876
60159
43103
9185
33011
73789
90651
86432
12156
38473
59551
35870
44464
37449
7748
43137
99020
88603
96749
69530
54467
8722
54896
24352
4892
68355
89360
17467
22210
79766
17033
94086
56277
60136
3272
5640
50278
93923
8424
78786
32396
67976
14656
76860
5425
38756
36349
4445
43711
49451
90327
14531
58173
45223
38883
79417
29930
44595
13236
52141
40713
30270
62579
13343
6758
65851
18983
57036
76126
27408
52174
8522
11736
83183
1734
17161
21939
54436
37958
82003
3887
28285
96534
78412
89860
51769
74181
19790
12716
87418
88283
53430
34040
50863
66773
40798
33066
2108
14187
9193
45868
66361
34067
57604
49544
52154
74765
87836
6590
29075
69839
26829
57360
82725
21593
47220
34494
12126
83363
47210
99544
87998
16992
33584
38861
117
90735
88280
2226
4922
97473
48094
71283
47892
5699
37180
46
96816
25016
22988
25892
94855
49817
83252
77580
87762
46825
28426
99889
46540
91988
15785
34538
8981
65722
89752
9098
56457
78032
27676
77731
75505
75771
49014
39749
97822
2546
39796
94638
27562
62784
20530
38769
28954
20135
32701
16716
66960
61127
32957
29852
69468
65095
64390
78449
47169
54142
3899
19978
48526
47928
97709
40383
23699
63075
80133
21521
65622
19929
32511
93184
99065
53042
48306
28019
89529
81007
61088
72841
42135
10397
2693
27955
91844
67083
22756
39013
37578
26655
75343
2456
74583
73052
42840
14634
52480
39325
52507
18102
59254
1371
27638
74671
54413
75944
2691
43942
56952
80131
16783
15439
6880
35828
43394
98725
19263
82502
54090
73193
9157
29434
75650
93
2486
34842
31079
54966
74167
99939
89420
49773
1310
17059
24444
72075
9355
43487
32369
82659
23618
65504
14450
30499
1332
74196
45576
20595
56698
99666
93789
82208
29100
85791
82301
47939
20633
29732
19257
94800
29671
8678
60925
47333
42089
85369
19408
67796
28857
51777
50456
68827
17281
64906
15678
18613
55455
61254
55561
12153
60921
65702
94361
6373
51493
93014
54312
88478
39099
73570
99630
68770
82248
60555
32456
40689
45924
51864
8485
91133
19994
58941
59961
37275
40200
75639
72241
95655
36894
27802
7808
14167
9856
18522
20540
61349
11536
74853
66179
50635
64775
65809
35758
63375
26364
68214
4064
72288
36430
12549
79774
56424
87843
39735
10052
44395
15374
82293
40050
68620
26447
64210
99139
52655
99084
19680
14004
26973
10885
80183
77608
75660
62344
29718
55387
88708
14284
59451
77348
67067
88352
57122
39843
92547
96857
49895
36942
28584
48540
93344
13556
91339
73907
12696
43994
72991
48728
74350
99964
59613
70885
93925
51625
33229
23643
7012
38289
54280
82815
15638
21347
71167
89112
61190
80067
2322
27438
17009
47258
75978
26706
60814
83670
613
89862
27664
73604
38590
2015
89921
14555
89252
83846
66180
22482
23841
89544
60771
94473
72359
92761
15820
59879
81874
93363
39946
84196
20801
56955
31454
13131
83661
8620
96801
626
98483
40818
74231
53425
42833
80504
67981
32085
64350
34161
70919
4543
40058
31691
99017
12417
40804
31189
72296
22678
40904
28594
23226
78057
85550
71032
91189
85563
96005
4342
86190
10840
45160
76773
64265
4345
57277
32246
36431
37979
82760
23702
58874
22818
55393
57891
51587
12550
5433
40236
35228
46337
68830
74807
24395
70732
62191
31936
56296
58196
36278
58838
69036
81439
51963
33302
85784
25592
65548
38567
63571
64660
62270
38797
3830
34015
96689
55418
46565
18474
95654
98146
64811
64484
89305
89206
51569
51496
37494
24217
9693
73773
83055
78729
71564
35018
28383
73700
76962
10284
12268
56885
74944
90890
95682
78775
41257
8723
50545
4175
27197
46199
18673
92009
27035
7978
97567
78604
59474
35062
2821
69167
25187
2228
64249
96751
53598
92632
70451
30560
2916
99071
87445
94213
6313
83128
72988
47571
91851
23533
68098
35401
86084
86771
27410
29471
94749
41329
8076
70575
76391
27249
56095
17930
45830
20344
14681
99428
29328
1485
46341
32245
16908
50138
26458
23222
49618
15798
87145
57822
55683
55243
93223
58119
58366
20633
87590
53115
61962
12018
40042
54706
55620
96137
72636
1450
16481
3670
17230
45810
5155
63571
94407
22063
30062
37217
45285
79680
69367
48782
37502
25050
20377
30725
83169
78743
67710
87111
48210
46025
99130
88253
731
54750
84390
89719
72552
872
93389
89782
63034
14896
69706
73793
36960
99768
11010
98597
79448
80377
63732
33303
21779
84109
64028
21300
62853
48091
8411
11063
94116
23893
99316
11199
94995
83707
918
67547
931
10660
57330
63965
25556
43388
37758
62516
43156
65120
77466
38956
61849
41198
72259
83628
25307
52640
21280
88160
17083
29691
15576
11199
69937
14892
22398
64932
98599
39668
32480
15882
50328
6162
96199
75885
49550
50309
54753
92706
15429
32219
48014
77278
89769
36626
77258
31429
5618
98538
19589
22701
44582
35165
50252
14519
66410
72650
79451
81361
28670
28283
97244
78999
34445
93443
54884
83995
60105
25989
93053
75534
74561
57420
69165
64330
94046
46423
95759
99664
44962
31701
38717
89544
83218
88969
20415
49628
77971
16218
47342
6641
44502
44586
85640
95299
54381
56876
79295
14486
99218
88700
6373
73779
46120
75538
38109
40166
21961
50221
56182
83275
98274
11251
89171
81492
220
9586
47473
94543
42157
94815
17537
86659
55753
19529
81958
26486
76406
77605
57325
75624
82658
63698
65755
28778
55588
3864
85297
93901
70437
57831
93529
68711
69083
82700
66556
85655
8639
30381
96551
50796
41548
14088
53807
13653
33617
52117
40139
10023
46075
13816
1999
28733
93866
67754
73863
49454
87971
59160
59708
74760
33344
53237
59824
18779
52289
26380
4434
60928
73113
17337
28076
14661
31425
81883
28314
65043
50353
84805
91418
96428
14974
9770
25161
8840
93876
99024
74647
81847
74537
50707
72960
7881
3944
32784
26660
56233
75516
47446
33514
48629
64784
61590
79642
96209
43474
24308
77604
93827
25465
69023
6607
40439
78793
31768
65632
72669
47144
40279
70869
21681
90986
60181
29562
11282
9317
72574
67515
84833
36373
1029
49814
17509
78972
45808
30070
22446
70116
7675
32625
95581
93050
39232
52373
88195
87352
18005
77216
34496
74636
64437
56178
65622
24618
2092
93256
33935
91019
60771
35120
43744
78153
1286
61253
57125
47094
91323
95923
33562
15350
44900
45496
8400
484
97869
96595
87836
32226
90164
38684
6862
54601
94862
88836
79220
13307
82092
29507
4326
59215
64628
48070
37368
65914
25675
10845
29361
33350
6768
62923
48701
68020
8419
73453
68504
6288
86401
72692
54866
76565
11377
61728
31166
22591
50564
26738
35898
32656
56246
56576
91872
20874
20998
45592
3140
46673
72790
32501
96376
95910
95425
45077
63931
3844
18530
32435
26485
21283
21480
81351
97848
32857
59432
45367
55448
9996
72105
7699
59005
28351
64275
67229
65577
1626
29173
68718
64651
1963
1219
61027
97874
12996
22456
61805
16841
57339
10592
59678
78622
32072
57381
92823
81281
33165
38190
53082
59514
10295
60781
18519
38647
41408
2100
4224
43034
31273
89294
24038
49589
90514
85065
47463
3510
7522
25620
36703
64861
52564
12733
59835
989
86467
52658
82270
19632
90848
35352
79146
1144
96133
14017
56143
53894
16117
76719
96928
63743
66014
37318
29684
72880
22384
93499
92742
46258
19119
45798
27471
88035
74883
87306
89024
61350
39965
87647
97335
47165
22999
92833
48309
35485
23203
20804
89379
55672
97524
2659
19415
79890
56330
49099
69122
78714
58950
61864
41324
78069
24014
68795
82457
98898
72453
71481
76600
28770
59128
90287
75936
98480
99473
24245
50317
22676
61402
56048
78348
75278
75059
14116
55168
31389
79567
40642
26455
38518
18858
67779
16587
42873
52926
15396
58123
25380
86878
51075
54150
62358
41363
30086
77190
40836
70684
27507
79864
48438
83555
58212
23716
58615
72328
95236
6356
51896
35878
32812
90414
54736
16943
23353
13961
69870
38750
72084
11602
41980
39512
82104
4338
97227
28543
81529
54415
15579
25388
34279
64017
8944
92491
4085
83911
81172
99321
6619
33068
51551
55783
39834
22639
72727
63187
52953
58949
18289
41389
86903
60269
80901
69007
80960
78128
13902
78841
32543
45833
4229
66822
9850
29525
75666
30287
29788
56838
45960
36408
89906
97511
92191
46092
36503
81270
9279
89456
40219
43921
30845
27122
20542
11747
12482
1502
6227
42736
80343
38771
88570
925
21945
14772
46802
97611
45060
76591
54449
91020
29351
60707
4884
37894
6799
57739
19165
32431
47195
75736
92704
78040
19211
13246
6139
31693
14749
12367
90781
11444
67490
79351
28721
89435
94124
75524
3399
55536
52115
57848
46556
81466
34908
67792
35712
58059
25531
54877
6842
89078
30614
99546
67119
66177
12793
89610
97870
43894
18329
5003
71690
85819
84355
412
91607
94831
75936
95006
50367
28051
52854
13275
25869
4114
97420
77933
78526
22951
32811
85368
12030
79777
1267
95501
45954
14060
1463
60176
74306
19793
65179
45996
21964
65886
46408
13571
60717
38696
8577
11084
83099
77784
40712
25320
98250
38132
3254
76776
77435
52417
62145
89465
32194
63412
1318
94500
93824
2782
71028
84482
38927
52559
46830
60891
18446
9591
74463
79163
48287
99392
6600
31387
77176
63664
73059
75427
1796
76313
68555
79231
28730
30700
85049
77276
10464
86367
88128
20640
5501
59156
21474
44428
11716
68305
21672
30162
77896
12487
25677
26183
28231
48629
73922
5408
12293
46982
97187
14089
39647
65742
9673
68378
12795
94722
62006
39611
97441
50135
76604
2943
25643
98078
63723
37359
66383
1747
83873
60631
30586
25903
86815
58818
74532
77089
80578
3178
40423
77765
33619
80071
59859
43292
64801
89006
38014
43159
28618
51808
93294
21574
54751
35290
19652
34826
72649
86036
52926
72875
46667
83512
15130
49834
42330
6014
43276
22908
9192
51
17025
42812
80122
93237
86104
61275
82243
40471
4435
27213
92279
14081
48787
63382
49371
68440
14560
38373
70828
67486
27600
33847
50999
42730
34
9681
48744
59662
32590
74289
59713
49615
17101
39836
42852
19557
17463
41448
76380
21898
68661
85011
35980
33801
48393
1703
2241
79306
40076
89421
46792
67676
23268
14143
26758
39654
23825
91855
99316
72767
66144
59030
38734
99597
15218
81587
19154
32681
39387
11887
54580
8048
96898
6912
41849
61644
24967
60442
40950
65044
49863
4094
49072
89484
34590
92183
45490
58415
84038
44807
31182
50182
3837
69916
49779
35407
67855
85285
68088
23594
13524
39020
47995
10423
45932
89844
88419
70900
66639
29369
52296
32854
49815
17720
38690
84405
9903
84181
42820
93941
28988
90354
60475
49177
76623
26606
84584
60830
28244
52672
84425
41768
91693
32420
68543
53977
38616
56962
41229
21607
2683
9877
54462
52499
27598
9504
36904
37501
93685
96077
31443
22673
2783
91918
88202
95758
34877
72786
56589
63121
41811
57366
4889
49856
6138
73433
20185
61106
30395
61415
82714
49431
71292
53528
1930
98890
63032
38834
52744
56718
51263
539
95743
54047
8809
83946
49805
43686
73084
22746
6807
31247
80112
11697
81103
2602
1482
1289
63709
48229
79056
62775
97660
50348
32655
99590
65591
95687
54777
18335
68757
6040
35226
80853
76439
44035
81151
42597
87722
54235
65343
94529
85483
61808
22578
82938
64410
24060
84227
44471
72290
63283
23598
69950
29984
56253
85893
11927
68293
57022
46614
37050
63062
81840
17903
55854
25875
15406
98451
13597
85994
63794
24479
71477
41954
47057
70767
22717
71118
71347
67188
59760
34630
7139
29710
80966
63392
31955
92893
31685
88977
39507
85088
68392
37699
19343
24246
63575
34750
39049
93524
20744
2843
18003
8573
61150
65061
79340
83867
52531
67039
67407
12291
18022
74546
58353
98988
54291
6661
8234
2328
95638
64093
87416
80382
1793
23112
4628
81720
57862
43677
75244
94958
62873
9600
19883
24023
91013
15575
24242
43544
82615
91649
72187
637
82548
46892
15977
36839
53553
24211
55519
65544
88305
42936
45926
6450
66048
50555
88170
40262
10584
63414
51572
89809
89366
71455
30184
80379
3382
54426
40275
85997
62428
28814
2986
61328
75707
18964
14519
45612
43175
70038
11156
47832
12974
57083
54282
95374
23990
42452
51988
50926
22219
19912
40736
27937
7719
70920
8317
11102
41699
64944
13451
20479
10111
16438
81807
85818
35402
96326
47782
94929
66364
58939
42762
95691
32374
13396
91065
56364
72201
59406
7290
94420
79318
64378
22357
87038
51651
47026
14492
9702
28323
27943
30181
38434
44381
11988
40604
96135
8314
88386
91065
74678
47325
50179
70369
96051
79927
77787
52415
52128
53545
76058
46548
32863
56788
85258
36253
8439
48636
50745
34493
93311
78689
64674
31745
39422
76662
72349
35558
1328
77088
42975
92359
40765
9506
79080
36817
89433
56867
5584
41562
10412
97994
4462
59628
54783
6072
95881
79574
71061
62979
14068
64372
58020
78742
96118
97442
71757
84819
49352
73085
78259
8679
65444
19025
34537
44525
72194
23971
17744
77778
81885
44509
92125
2699
20489
46908
25124
32722
42834
96185
95701
73254
60557
53721
51997
73027
67516
40106
74199
33220
29543
52458
58252
11340
87835
92789
72217
60029
33112
89961
54160
14997
50822
46285
34049
71311
9545
59173
4034
68731
55358
16087
41986
32267
69809
10335
5295
53677
50441
79494
3249
79984
48304
61501
91324
52492
54291
63541
28873
87403
69855
83033
18753
37029
45670
52802
8341
71567
28327
28727
40299
83685
44814
82285
15952
30975
92620
37599
1004
59413
33445
4254
55749
98102
65755
63426
50594
36398
43319
79467
40154
13174
78853
75259
66556
40875
44413
91249
12443
72740
19976
69094
72777
81142
67731
5081
12118
76703
42681
13122
36116
92478
33728
91865
90580
15836
55291
57526
52234
98611
36994
8740
28137
32199
83999
94693
73074
28412
2294
1869
17504
22270
87315
90281
3413
55046
95363
31883
31749
54396
61357
84217
46874
95086
76083
53807
27274
47726
11333
95860
62689
48327
4601
7179
96878
4952
18224
86305
49717
20519
88174
67221
59141
91842
57503
62554
46888
69218
10789
94990
39966
88499
79207
86840
83585
71642
56999
27211
19369
68333
23071
98410
33012
27672
5589
29891
48977
23814
16196
98694
60685
20722
65915
19826
12564
39770
98733
75805
25340
9522
70795
65306
98021
50002
68499
97958
21645
25498
25169
57366
93831
64593
55776
43196
8617
77718
73087
57594
17884
5635
56288
78569
42709
38556
98395
55274
94678
97128
31079
36371
23003
18226
1677
37376
68228
86528
35335
6225
28379
76856
63591
38562
41449
35720
81758
50067
29790
71197
24013
47674
76832
96654
26243
19542
35210
40990
91168
46240
54471
38599
82611
77474
56825
641
31202
41405
87169
82889
47631
15548
59746
27574
54111
17547
79646
35869
83966
9436
7067
7980
57110
251
4634
99705
36145
56196
57048
43665
2436
11519
82264
1400
5345
55441
2041
36547
96847
89210
19437
60830
21111
95535
4756
75222
13082
84403
27443
13401
10191
34510
37733
83654
51114
58719
99711
87259
14915
56759
47277
33703
84630
29541
35103
89975
1335
53496
42875
14534
42707
62312
91716
63818
74199
96472
55392
3633
80875
82835
17034
7419
33698
54767
91073
84812
29838
90784
88423
44753
47544
35700
94809
32174
81594
46264
38502
99281
99761
81377
13815
58820
60041
5531
38990
50592
18355
94382
54225
15583
93569
87612
23002
27267
58731
14075
28431
88570
4859
33207
33323
68755
85259
44484
17282
83205
90749
55784
82486
6862
53513
96301
82034
29906
18184
21024
80498
36540
31758
34723
52123
41679
38687
75125
85299
97419
5552
13730
85989
26763
63289
35664
95519
48549
80149
29153
31754
87250
1289
14241
10464
54802
26894
92498
1060
45079
29874
81558
97971
77984
32633
50094
19663
71321
41571
4962
85092
47123
35045
71081
73886
98334
6745
85757
46883
86894
14910
78638
90496
16199
9231
960
87353
36125
93458
88413
97556
23332
86323
95527
1316
35309
61973
37332
6630
19896
42294
8074
67019
77339
79155
57258
75674
85900
59367
38909
89147
74278
33899
95995
6829
43130
96956
94183
95608
6766
98948
93164
46451
85272
5044
64119
36933
83369
1451
43563
3266
60098
51637
86637
37437
47144
43895
29463
49396
3263
84725
54895
93893
18624
50891
17074
78107
47847
27609
73715
70965
26558
83231
17416
28182
88275
81536
65115
87997
99339
25030
91263
59437
93019
77900
13227
40163
38148
42690
5911
57763
43767
60807
68008
62392
11698
85082
40499
75897
12692
30566
46862
55602
13797
80631
83784
18425
78519
65251
6422
77858
90281
14037
53648
99652
8289
66875
56167
46437
25917
62078
20552
69685
22885
88560
48429
34583
89995
88928
26832
2687
19494
90047
58289
49643
70678
58425
68068
49197
23676
74490
43407
30309
4879
97055
29961
13169
80282
2480
59606
6200
64558
96511
75885
87444
1423
40666
38379
91418
29594
81564
10457
65440
71611
85098
15083
58641
43523
99504
24190
83551
73994
67597
30212
78874
81005
76525
8395
61287
79005
84353
83839
43564
80864
76076
47360
82288
16742
2091
90058
62688
7
516
28128
71618
85614
59564
46611
45490
59068
70801
45393
49414
54751
75606
44640
52108
52131
53035
13395
47489
37389
13587
7405
34605
89663
71117
16893
22758
89560
23304
85446
89568
23820
29927
77538
25786
89491
24150
71276
48559
94951
16670
14325
66054
8628
58966
18162
77111
28353
47910
24600
65742
61497
32005
348
67512
3122
33593
90270
92683
56897
75717
98603
97069
5644
76141
22856
11487
291
10484
76398
11595
27154
90723
77649
52134
66041
12164
29246
94395
60074
70198
76489
37923
18556
76837
5435
21678
26783
95706
30713
32
87775
45668
97102
9771
21810
19958
21258
38453
30442
97656
66400
73949
4731
44050
26083
70773
72566
71681
81520
32640
41880
58009
70563
60436
51199
92350
98466
77982
88056
45532
78014
92183
91200
75116
1954
29362
11426
23212
67816
41869
37220
50568
32170
41952
94618
74605
12725
83536
46287
94245
16176
4519
68606
3091
81307
19805
95442
96125
97787
99850
41657
92154
92034
49210
83622
93988
94924
95049
33553
79092
53270
70773
29661
85440
12725
40631
60045
41802
24168
22684
52399
40344
43555
21006
59788
24862
40811
71582
20988
54951
71432
78997
47105
63466
44559
30727
73807
39484
25776
7360
18576
95398
78133
48237
80838
7211
88869
57236
49013
13037
79920
1413
69733
39828
38771
45873
64690
79582
17455
2030
34533
88888
97380
97990
68706
41939
28718
58865
97775
70846
66225
16352
66245
60711
80941
63435
67922
86162
20671
33287
15551
16944
51052
1637
56772
89823
47510
37814
85758
81318
39845
20291
70206
53577
34634
55264
95516
63352
14130
9644
50550
96707
42348
33147
57418
23289
96583
41692
25804
33606
74980
41355
66902
26032
42992
40026
32208
6855
77841
17966
88173
34038
54609
74731
87615
89243
29995
99483
68947
60477
25479
19498
73537
67827
68997
30955
7469
81932
89000
33273
15539
63980
74628
98793
6364
33973
38820
38572
40828
33013
72890
29001
67051
27500
3732
71018
16743
50079
86853
85691
26909
12333
21541
446
80160
90538
47753
87629
72471
36753
20902
4362
17085
11883
19507
39802
45856
58327
94726
86684
91340
67617
32037
74743
95117
52121
62113
28212
18552
48967
30255
45461
61300
51796
62259
57812
58687
26365
61794
47510
63118
99048
51872
96556
10931
71379
36358
73139
46059
47436
76175
53751
15053
8212
44847
26522
60333
6960
54735
95238
55927
84990
57051
33579
53139
19311
7744
11826
62028
69538
59336
25146
68586
27560
38054
95870
15291
90764
69009
61350
38201
61537
31454
53254
69749
76301
96129
46435
83261
50864
41673
55541
52206
15076
89120
5345
34387
96864
17171
96415
82754
76507
37914
67693
20419
92320
79915
35711
83085
65276
97061
37638
26813
44867
7244
96563
21168
3373
59350
4430
54237
17375
59971
6444
32451
65443
11789
83191
78660
45313
79606
77766
38172
33872
45459
58592
42545
41726
94303
25630
7003
7716
63268
33816
52584
70512
46731
73752
90238
22433
94534
44475
39808
70857
67271
72260
36301
95413
55451
31313
40726
51409
9079
95250
1634
70891
53842
44179
12617
64497
86161
19620
72214
65781
69789
24798
52645
32872
14902
42883
55306
25789
3711
95114
96646
70982
67374
49299
82747
39177
80612
39825
90587
89692
35076
8573
60583
88918
52752
89552
53416
38913
9173
41982
21046
95314
83132
73691
28186
14386
16575
83492
40175
20286
78607
53174
7620
62333
2473
90368
17863
99438
30193
24802
89130
65269
33375
66065
70540
86127
71969
40308
41392
81142
82290
62438
76456
81774
52481
20995
96160
69056
4487
36336
5694
99446
89510
13315
78132
8335
3683
95995
7773
33876
37149
13255
15498
70524
95672
86038
73003
67642
42698
30747
48784
24988
9537
41593
23114
62018
62588
19274
31075
83427
71962
36769
99226
77824
66436
77358
86160
70119
89705
93933
20348
26854
7189
35846
13730
19213
38236
86733
86855
80934
17480
35640
22274
27017
93585
45388
89035
72525
64662
36462
72304
52977
89584
71530
30801
56020
65240
16961
42492
54945
27247
62840
98151
50788
15038
11881
70001
53274
98614
56857
34208
32446
8849
56482
75815
18786
1870
81203
7663
82884
17665
79967
35861
23601
67850
83015
79622
33090
99976
38466
4388
43575
17658
2539
10715
32696
14421
80717
85970
29387
53926
36530
61834
79127
93012
37649
14265
11234
18852
21928
10470
52870
1895
46332
76471
86097
45699
72445
19188
45675
27263
23576
5603
44921
26115
16318
77617
56888
13387
79939
86276
83665
16469
48110
62792
25833
2111
77057
37067
37316
98985
63890
6538
17233
10222
99361
19682
55921
88159
38870
17948
15422
78798
39903
60344
4914
56222
54313
61802
85961
34253
64430
69627
50722
12540
48771
76556
31004
25829
29975
84672
41166
93865
91210
74751
20439
90571
94434
92712
78730
33304
27013
10505
12103
66916
87201
33369
39490
41514
11523
41804
75767
75954
11431
42842
4846
60202
19398
35850
2383
65725
36874
43550
75943
28084
34653
96382
35008
29087
5447
30090
78744
32460
40595
7199
15728
27796
40568
55219
69311
68443
97023
61430
60749
24806
4272
65596
1360
40022
17798
3744
5748
54673
47294
81691
99109
81947
94425
34117
27387
99872
64208
6131
48684
21155
13330
64413
65304
70250
35984
50967
55045
49359
12397
15795
74165
16670
97743
75525
56692
31893
95621
78792
86566
42915
76835
2028
41215
71261
36145
84954
87485
16705
91085
36170
54213
20767
583
19517
7369
36567
70484
78766
2278
82881
94561
76443
15903
8656
68320
72596
40550
63942
51388
43468
23209
44576
45496
80776
15837
81642
65730
3322
14699
73167
39492
68912
10286
56427
88429
34007
9346
58913
12774
11624
58147
23687
4419
74050
32344
89092
62998
89246
53034
30739
32714
92595
75315
78211
73372
91152
76205
55454
10826
90904
28622
66671
76169
38908
39450
64598
89268
48797
39864
2042
76773
14363
25729
81193
88413
74425
70285
51412
63671
39671
98503
12738
32266
73818
90949
21990
81322
67154
77445
92148
74410
6067
75171
50579
61327
14622
31530
50595
63419
87746
68989
40192
2109
11071
37737
6874
1848
24374
74638
65520
64045
73141
94610
12664
46959
85559
34654
28281
69065
28451
36782
59827
50870
11953
10407
12198
26575
41937
79145
6346
46035
48135
62891
48144
75558
628
55018
77406
41355
29657
59278
21752
2798
53888
34416
66110
39447
85423
10743
24864
13874
47525
84692
64745
75831
11451
93295
18758
69740
88792
25105
15775
36927
4348
63919
12485
4976
18937
89892
62683
64946
65522
84436
84097
19411
35204
50207
75210
20627
60950
75
50854
24828
1119
31951
17011
12570
25246
35769
98662
14038
77226
14437
67318
81574
94708
96155
2903
29997
2399
65586
94944
67922
50022
79041
87333
1579
45600
62543
22206
6550
78970
89412
47730
96441
21363
64741
25363
46609
16863
24025
77000
94089
38462
44318
75664
33170
56825
94919
63168
59225
60505
74464
27147
26880
69857
14480
28459
15457
93375
67017
38359
88698
56430
86090
85139
77793
67183
10503
40755
84046
34528
34107
94488
89343
78425
86504
38865
35250
81423
18385
10827
58280
92849
37974
1512
62706
68806
29971
78163
62182
13341
16523
67232
69771
18965
52371
63916
86148
79226
21023
86547
30107
55130
97387
19450
49907
83891
58315
85158
81666
93053
95985
39946
85902
50312
41459
64961
19118
87782
59476
97652
17475
75999
64884
87246
11316
33608
67515
13817
12834
88538
364
42941
43669
97751
78743
93576
97994
53411
95086
96012
46464
7424
35958
48718
74088
93769
13679
93206
97904
73156
7211
15379
65507
72095
18978
76824
22055
2845
90641
51242
91383
7357
94183
51404
21460
89279
61333
19454
42690
72771
31818
5506
96547
67776
54224
70635
77898
84256
63842
92154
73764
71053
23885
39271
59500
42863
32447
97908
62060
23088
49150
69796
46797
59685
21200
68257
48964
98885
4063
8006
88009
35881
29864
84556
20010
84089
55192
14260
84697
35386
6414
58461
22791
46651
14084
98643
89515
46532
96551
67927
69620
45701
37723
16418
5387
58924
1027
54351
74161
5091
78710
62170
40972
8574
63079
77334
9015
18271
91594
93712
70009
14360
68525
92800
61012
82610
91443
66879
29142
4347
34806
15114
50048
72530
47884
71787
47806
48912
42491
21967
54003
21201
490
11327
46127
63569
88662
55143
98192
96608
65207
68201
10969
33733
77353
71981
16343
85148
38860
61837
89495
90018
76951
55896
62548
24836
27683
10354
73748
70174
48674
44103
7727
65516
71782
53855
45437
76796
25350
43629
73405
90557
11830
84374
24290
89183
72707
56985
74331
27919
18822
80179
17937
12126
36075
96838
53314
63758
23544
43414
50285
72218
87517
74364
54086
75651
28219
99523
52448
53569
43152
25853
60479
71334
26579
84769
60517
15638
58107
51201
43557
93281
31380
77846
5407
83807
74684
75073
63917
98229
18487
30554
86799
22356
4919
40886
98008
49490
40409
66808
19412
99914
92661
79891
71248
35592
81012
48118
51230
39119
15671
11139
32401
63403
88985
54160
47210
80022
29234
11127
78251
47721
41682
65050
86430
62953
22288
790
12443
62698
67598
31855
78964
76611
11746
50212
12203
92759
14682
79785
31878
30353
90924
80631
93756
96261
34792
40966
76283
80378
68446
70886
44451
26480
35937
30881
89433
58225
31671
1876
37275
99269
50084
16239
75880
61830
82804
4435
70941
97486
84220
19172
27840
91496
16155
37948
4110
50947
95267
96745
47677
63713
67632
92129
6545
19921
39362
12330
78146
87386
30558
31774
86655
80642
64365
78888
58825
63521
99675
29766
61008
83896
65290
5200
91744
81446
59500
95854
48745
54767
8952
96423
34832
76584
4904
41377
96505
44266
53707
91003
31652
618
22777
34660
81260
3495
29900
40085
67016
29575
86204
44376
29823
67846
65928
37920
49292
25429
50126
14390
96548
59078
27165
31381
35662
32069
89110
32167
92687
59170
23171
24340
59788
62300
75352
41048
82147
5252
97486
65516
51179
42
26244
81003
67888
92173
18923
33533
33954
69049
47923
30502
28128
75088
78235
63790
23509
67346
12310
16196
42868
51833
56888
2656
14133
32240
60056
96281
53844
73894
78149
5024
73936
4393
2379
58177
96566
21302
91710
46872
6703
55985
93727
34831
47425
71962
14974
70934
55660
43636
87130
98528
95469
60371
1184
9602
92611
77593
22235
62808
51487
384
67832
41776
4778
70211
99953
17696
7865
8015
80921
14568
64000
74648
65752
11425
46610
97078
98711
18623
40714
2193
17151
52535
62564
34688
78489
71528
12281
17077
34336
80120
17461
18520
21896
38591
5083
21849
72640
12948
29864
53561
43868
93864
28209
25972
21641
91171
39402
20352
9794
96468
38898
26946
49003
1462
77986
27493
72990
90267
44570
7326
70387
78383
25846
8636
33327
47281
30485
5967
60229
76702
75880
20450
86918
4089
46422
8560
11612
85825
45264
21407
82293
84162
64705
47649
1977
42691
75142
74967
49310
36064
98646
36049
30799
40844
44685
64126
88126
75171
70093
64707
68225
45973
85157
55143
66414
47932
80055
78027
33757
25320
99434
32402
25834
64139
80051
44163
23182
71545
19131
72492
23961
34129
8541
54761
91325
53227
18887
79451
44750
5333
44159
12975
51306
45668
68118
34073
93600
48174
12100
43709
89846
27886
76112
32032
8377
72515
76196
31559
60413
11679
20403
84374
45808
28944
39135
37133
98523
58023
32937
43273
63356
93448
72600
31014
55468
57071
81439
49069
21597
9891
9130
11443
37777
1594
59827
62506
74110
52375
10417
50875
64054
30820
35249
26214
76117
90737
79700
74640
48760
28989
34266
28468
22437
6866
75834
77905
80289
73626
43326
1886
83517
52457
29681
37647
54051
89509
153
44513
41884
26923
95388
22291
74095
46990
48505
50212
37727
44557
41205
2839
73546
91823
47659
12335
15041
39845
90241
95331
13471
49919
97217
96989
18728
26899
34636
72780
32760
51141
33645
90996
94416
45386
13287
68512
92376
78145
35076
46455
22702
92633
65646
96249
84456
13305
8584
99498
53150
15177
94829
66622
81449
92046
79963
177
35297
30951
89309
84409
82092
22955
75406
76509
84693
88693
61373
93421
66838
12801
39876
5893
5435
5522
18494
89891
35179
27078
89389
88329
58608
570
71303
40057
8969
51266
40234
44266
82217
29544
28676
80662
68851
20434
73523
53544
9127
34896
63317
92318
64049
3193
98211
69484
25067
16705
59376
60246
60135
65117
64927
35095
65688
36231
75152
74657
3849
31739
35275
2419
77635
80303
83081
62838
737
72956
32734
26217
24204
96051
18535
88253
99244
33098
57738
40663
49803
33466
909
26290
98583
82188
61386
80623
34771
52890
71632
38621
84629
23260
57392
78616
3563
56825
41454
20653
29781
74188
46870
53985
70239
81757
58590
85835
14855
16328
26498
81010
49794
43759
7300
64730
25948
68686
61705
77071
21577
33338
15692
22558
56598
89436
1175
76513
46261
42629
97166
76042
33170
60388
46379
3409
42145
4970
89245
73352
37650
32095
54362
3797
92207
78015
84879
34507
63053
46584
11578
982
79922
43623
23541
36520
33059
41068
29386
79321
49
26552
71715
33219
3293
34447
36629
61790
55769
42226
51495
9771
90673
5857
13568
82880
224
14799
17387
63278
61384
28966
80612
57658
88941
4153
10531
22000
61573
39917
17673
61623
82821
5741
94842
86114
40188
47823
64257
12309
90049
15752
22080
80723
21609
52001
63603
38186
66800
97343
17816
28184
42661
98428
85843
31602
18934
96374
69954
80507
52643
3980
42130
35464
9721
53325
21579
66261
1148
85836
78570
7550
1588
17002
88273
39549
69003
68228
94087
52156
81923
11903
96692
24584
10332
98887
72538
29266
11613
58845
9773
64256
62825
68256
99721
72546
21581
37652
55159
39081
39840
50081
46631
57780
67083
34904
13681
52439
19485
7769
20947
1408
19672
17639
42345
30004
16527
14883
75622
44492
73728
85396
8749
52905
70004
24822
41803
91585
62474
96962
30666
18666
47043
93650
76446
30479
28554
90127
99270
64391
97896
36569
65800
17569
54208
24497
63925
87087
55732
39548
31580
45813
41296
56681
98718
11300
81503
40522
19237
60329
53836
66255
78995
880
59905
55441
47711
4812
45568
63333
69203
59817
99902
51355
93738
70462
75852
57663
57550
31585
13563
5482
77398
54859
78515
92468
82511
60018
32990
18100
20347
86827
84356
15694
4059
60613
71135
68122
65425
33055
47807
50981
92872
47709
2336
86610
34523
94541
60626
92073
42478
90541
13907
36228
61753
92422
28696
44264
68792
78039
62365
5491
81218
63073
21185
1629
23686
8672
69751
5464
41728
17558
56445
50952
81619
75133
53915
16142
69674
14541
24568
28504
21434
54827
64732
83187
63602
93429
43804
32394
87820
22521
54238
69038
85594
75423
70667
25632
84096
56770
47448
25824
90680
20245
93128
88651
95379
47043
21145
81405
77936
45713
9910
99371
16893
74642
82558
80495
84423
26362
29241
72243
65235
83479
57633
50829
58903
28300
92814
59351
1422
56614
1527
8454
76860
94655
97105
88591
41699
18251
69996
19635
80316
96258
19006
97209
87253
17917
94056
71676
60631
23298
60272
25867
23129
17905
93048
98384
62558
85862
57735
80332
58829
59262
88787
35689
53918
85892
24280
11969
20495
10628
31604
812
6887
66963
98021
10492
84880
8430
82168
45511
48080
58792
87730
71209
93050
80779
69594
71960
82993
43681
52292
41822
19296
41079
93863
89566
43324
18143
1535
63819
45124
33139
64631
68363
16454
79005
78855
1334
3787
61023
63198
51867
36168
50928
39428
29218
48059
25374
1178
31053
69056
69822
89227
4704
27254
83091
94270
70578
1234
95805
50749
62710
45296
31733
31073
61751
27090
9928
79437
30877
87304
42635
82744
23472
9916
38524
69042
57975
63899
86572
5380
49307
56394
94608
54011
83648
77699
48281
70578
95285
44086
37680
57996
5734
69413
89069
83837
96503
98998
63275
27380
86302
22262
26476
26126
32178
65000
95168
6506
45251
81740
11886
94558
54486
6494
48569
54487
545
96850
41417
95831
57288
79097
53827
79375
48510
42896
63212
45013
58246
26487
88745
44548
48750
31573
70674
97280
96574
82194
20138
41825
63934
48377
52736
18421
71223
1305
89260
71769
14508
30677
83952
71796
9775
37779
51171
58285
97027
14384
19651
55274
57223
24748
16174
22325
56322
3201
35958
69248
85395
72448
27425
65682
20825
80161
455
92049
81467
89715
80170
12327
20392
64122
84123
30167
1901
51647
4805
15280
82383
40808
86906
55958
81908
3081
78284
54582
22634
30594
23830
8029
3042
67608
73711
23868
47769
74166
32269
45588
63881
12439
57915
626
76561
58391
47145
94814
10038
68302
10094
8773
9110
97001
64731
7371
16434
59367
61953
39068
89961
85784
63449
9356
53392
53513
33224
17513
27679
65493
79454
7913
94284
37369
24891
70845
95760
72036
65659
22150
40339
75753
47275
65801
89106
12007
73172
21892
87726
35126
77312
94040
37262
57114
3396
7006
10627
36620
24519
54658
18465
3973
78923
12749
57695
3814
99946
69807
75851
65605
8310
32542
57710
55585
98343
63169
83944
71516
85061
71671
22994
78726
65711
60256
35840
85459
67262
46467
38431
8133
1125
56896
28459
96401
85997
86154
215
85943
55961
92418
67900
64271
24960
41962
36209
39656
5131
20153
27524
6545
8176
50518
1623
90239
27126
37463
75698
94388
282
30481
18873
1407
87377
47332
14160
89726
33486
14376
92021
5800
23146
76273
86423
64459
18236
22632
4115
39719
59138
31639
62616
83666
98509
64239
90258
25635
1702
82308
36375
1984
12790
55248
19744
16519
2581
33904
22598
52419
64632
14619
58219
87779
7245
44643
52238
41833
83627
72705
81552
59117
4344
44169
59136
2853
24760
49394
44840
26463
31702
81215
44799
60844
36463
80895
77364
55396
14800
99962
7816
95784
30933
66035
83563
38178
27030
52153
80011
27010
24858
77916
2479
45554
38437
61615
64759
63197
27361
9599
6012
75416
7166
50812
36260
43630
31707
29976
15378
62859
46290
23194
58644
77224
5582
58559
31754
48964
27065
28118
75974
51923
22386
94806
13830
60823
72773
78589
24020
135
88189
46385
75551
11707
97197
28163
71689
45256
58140
87068
8116
4430
10262
83112
98006
32196
58023
46113
81161
85088
90583
73487
53364
12969
68293
67194
90144
41067
45783
30516
57554
50324
76901
33105
62032
90450
77620
33721
35707
35760
20789
60175
56543
47404
43287
70901
79600
1310
33366
77113
2751
23949
50601
56115
53270
35246
23309
59766
92665
85444
90283
50219
35769
83536
99676
97801
73987
77297
47874
9694
29409
85016
69869
2304
32420
29508
73206
28372
47170
22924
21838
49921
46874
72439
6036
16496
24037
45697
76263
33055
31142
82898
99626
66911
66434
99303
81064
40421
92952
45290
66467
22361
30306
52688
24666
62726
82196
14224
7451
29367
37148
29289
95640
374
18080
1677
33223
58469
63726
9486
91524
94868
92384
91151
78131
75170
6806
59195
15592
99758
4486
98411
38471
34792
51100
79489
13871
33296
10065
37674
79015
47214
66963
74656
63940
1395
92685
97163
59864
56411
23001
51389
67632
31737
58892
45763
6908
65698
21311
38852
81808
42149
37263
20279
93293
4715
99769
7164
54364
9834
61190
33379
73400
28153
24387
53693
45900
33424
50856
5765
6188
90210
73506
73820
21947
32398
19583
45207
14448
40894
84059
96256
99395
37675
32887
92689
42390
49008
99853
96754
58843
77396
46486
48595
5549
87225
2288
67802
37002
69497
73567
43190
59707
47073
17010
98006
95823
52945
43214
26623
10192
27273
39231
9587
81300
72118
2276
40043
21127
18482
53149
96322
95878
15987
61269
17779
3213
63558
85581
40215
33055
75500
83405
9114
22573
16767
7120
34748
69712
50334
77723
96256
93960
16954
5844
91612
5425
8120
31655
42904
42954
84805
39226
38832
792
16847
72964
20357
80405
74897
60572
29812
50398
60329
55278
72971
93448
62399
24072
79513
29085
1795
75769
23045
35102
81613
14658
40527
6086
46313
99783
65392
47470
55361
20577
48263
72208
93541
68620
52614
68438
45545
98778
18836
22226
54057
8160
32027
32808
48584
11540
61893
66731
87309
1291
1833
85275
15949
58712
7713
78614
74847
73105
42437
30208
10034
90700
2417
19927
75672
71383
88366
37569
86513
23554
76148
40570
48066
8175
89730
13002
19715
51624
79734
23376
52915
97919
25003
85216
72984
32716
80182
47831
22174
22619
78040
48560
29671
96809
68488
21696
68192
73206
75617
71057
96760
51765
11628
61179
59940
17710
74181
96007
69334
70267
35736
38601
68187
60739
40169
57523
9808
20352
5354
48334
59323
99746
96894
88995
12907
65382
27043
81099
38588
2660
52157
51701
54426
80137
29232
30718
14199
19765
43078
83534
90033
78814
38487
74572
39553
95009
32095
65713
31713
53801
14047
91036
69900
10942
96383
82807
92676
23426
63907
31265
42439
32416
99318
13217
28905
28550
43935
43104
48315
3365
42990
38348
82179
97830
29272
38085
92839
61367
3798
24552
31521
34198
31940
1421
45140
28324
84228
37816
68102
48135
85433
10541
96903
84751
23758
42160
29653
84046
1617
77969
87411
44607
32669
85943
58789
61942
40380
51628
39661
60530
92532
71182
94728
24473
72603
39868
69149
56832
94037
37251
21319
95822
64145
34575
80574
87903
76735
26579
88301
78352
20900
92065
39312
53570
78008
98101
31864
18388
66082
87877
78918
58614
75412
89999
99439
64367
46219
68588
21199
40256
5840
58871
36079
86337
9798
33005
74240
86533
59584
78894
81238
96837
70959
36902
50407
65319
35003
98623
59
17437
2852
95329
92404
78264
85328
91843
42632
31548
60432
80183
88156
82624
39054
24235
68961
65204
73592
59553
51738
49529
54799
49328
46366
25758
86230
13125
91077
37585
28100
91136
71375
30952
86466
63779
25569
88146
55622
68201
19694
32406
64736
7851
31382
3791
48438
343
68995
38383
76249
37085
87912
31048
2765
50630
73159
5347
80107
64236
59285
8207
71725
30660
55511
74543
94439
81080
62689
50061
49281
98736
98820
14018
6587
30202
34161
71377
30546
19508
9760
23147
72946
14024
54195
92063
64654
27354
97411
44761
7943
56696
69320
96020
3708
24832
70563
98147
5912
49604
64560
71546
48340
63380
1916
71279
93583
52429
42657
40481
88289
52417
63628
77587
66442
34175
69651
47448
77882
83414
8562
2177
56462
77882
98197
60170
19066
85112
58317
41331
51068
22877
29229
99409
86258
47497
87040
96193
16278
29697
36674
4567
98467
16654
98507
64909
50829
68158
28709
45063
67924
37271
47240
24386
31506
61789
84556
50572
46901
42873
91903
97970
82102
37484
13731
84712
84981
17123
80905
1259
46821
33931
22179
45288
50585
20686
26549
1415
5196
55258
62830
73120
8882
10071
97506
40388
71860
82062
90960
35114
41287
99216
49436
39741
36700
79519
24454
38034
96642
21711
55645
59815
55643
77824
5103
6228
98510
48004
23995
3706
19615
86826
93178
28497
96897
90684
68885
85109
89098
76197
36575
46737
75413
86011
86479
28466
65530
10933
82852
78525
48996
38497
38340
4639
16322
59796
10868
14832
7800
34863
34891
43767
21689
28069
72264
34938
35106
41149
36400
40556
17347
72975
87294
9112
75339
73773
53930
40869
1058
36782
35746
50054
75280
74087
71046
91602
33883
81914
22786
58035
33129
74029
1803
71171
18451
90419
22461
69909
47921
58861
10465
81620
31837
97759
7084
23528
87884
61015
64397
88942
97797
16496
55349
89429
90583
26395
81031
40818
24661
20170
15205
57790
10551
17008
45313
29002
23780
67775
98911
71701
26636
25729
69673
74825
23488
76757
98353
11373
37772
79103
16667
51922
95599
88368
41351
2534
31115
38735
43352
55776
75257
58557
29919
85808
91918
75232
31163
15698
43007
46426
3751
85996
72155
73424
60821
11996
50181
75527
23369
87954
70982
56388
56228
66581
61109
97579
69115
92224
36314
28819
48001
27923
87376
94272
13732
95646
69504
44895
11344
12512
7673
31447
14860
79829
4871
75681
91825
71405
67560
31546
75711
38542
4286
31939
21475
65395
45870
90590
57620
98537
19409
21973
26460
23138
16245
40192
18784
2101
1439
46481
30965
9113
94280
45825
5294
15504
37859
97119
86909
5419
45017
78972
60314
65655
10911
81789
31051
56781
72380
5023
71670
8141
43348
98131
47631
75945
38323
82768
78046
56115
29249
9012
81580
39881
71189
86874
55385
9048
345
42294
30820
61714
21266
91134
27369
48529
72923
58420
21663
45303
79795
93333
69797
23143
91464
33780
99088
46140
16548
77135
18607
62149
2499
187
2031
73688
87061
57416
82737
3758
16063
13557
65472
37329
4691
92841
2211
77614
51262
23874
39270
31057
17207
25419
70553
25024
59199
69641
87516
92100
63128
6123
54249
81979
6310
72632
55668
9723
46401
54757
13481
62464
84666
78953
16145
5709
71794
18356
99675
39408
58582
55297
86818
92142
80716
73723
17166
56268
43364
4682
64720
22845
10805
18969
4824
33467
7954
76844
43190
54355
31601
56671
33171
32619
51976
49316
38328
40122
84025
38004
79531
42607
93301
82701
51101
90370
56424
68267
62990
16140
89301
27710
38985
16458
63031
60162
49925
70985
37006
9467
41692
84960
66138
74863
17579
34466
40532
55908
74589
24557
10264
70472
83516
19917
53173
34618
10287
25949
19237
73277
42089
8539
17339
97427
41349
80371
73941
7627
67708
10947
17094
9401
12259
99585
616
29839
34051
41148
2099
8640
82057
28715
79112
65574
48632
48637
16544
58920
74586
35781
48549
33028
60672
65889
46807
2022
62612
20748
9649
30320
48047
43095
56073
60307
42680
73042
6498
93084
14190
8597
1724
12600
37312
97189
78174
2296
62178
94718
61216
53117
30499
26118
86145
7524
8359
49304
9546
70971
70052
35547
17643
18099
94994
90069
94758
37675
63111
1256
30759
93653
26205
48835
6253
79869
62376
779
82166
24555
95497
59734
94024
42349
85852
96521
49873
10563
45825
75771
97886
15877
27670
31882
50328
22664
21951
45087
60339
1414
62695
7450
95067
88901
72638
17673
85122
35014
18452
67288
75921
30302
43375
69945
72651
29227
66466
38876
56143
12291
14647
54029
44520
58669
85911
11201
81333
24214
72640
58025
25628
35335
65475
37048
40588
38113
54721
25711
89480
73173
9351
65401
3475
52726
51699
92478
98306
18165
31354
54449
46809
62353
24830
7681
21022
10742
18882
18708
34956
7874
76733
76937
43210
58560
13985
150
13026
68706
25861
18858
58231
51565
84259
78059
4291
35958
70537
18949
70476
18244
73398
33637
96949
98229
41318
34324
25323
76553
53032
76631
84427
46117
53568
43989
21029
67553
44140
34055
52611
86353
52913
10843
37918
53525
5254
58562
5835
92143
77511
76311
10387
67262
26300
23689
81843
67619
74365
7166
60524
43749
149
61303
89866
53718
5293
27247
37623
65785
77655
90235
52138
46920
17430
6409
445
22684
64971
22633
14827
42482
15296
41567
26096
41597
81608
7939
25568
55973
31457
86092
99722
31607
63747
5940
85325
69040
33187
22948
51177
10842
29535
3316
57763
46965
9725
74560
86001
91048
97193
829
49882
12490
58748
75979
70439
40356
270
96007
96329
31728
98451
12403
63335
62198
18343
65012
47591
51530
4312
98768
62373
33848
18436
36488
97165
44513
11048
83167
51913
24594
83996
1796
37084
59096
94127
23875
99452
94397
19882
12133
42477
34685
40888
5812
13235
59231
87176
60826
27113
7841
75947
89486
41689
10735
42326
55206
71601
69727
38373
23514
94321
38721
41662
47757
97817
35789
71632
13621
46539
7866
42106
89016
42551
82994
11181
55786
42225
98357
32965
69339
22550
25264
75177
64239
35999
33856
35798
7600
3583
74171
47467
97904
12893
89129
62013
27062
24919
33645
40684
71458
57863
99142
76826
414
82137
88007
72552
40714
2717
5517
26405
25267
47133
17935
5859
83133
51791
41657
7085
55374
15828
70904
69630
45073
60034
47995
72136
1305
97992
29172
89115
55855
28314
65941
72621
10451
53949
45173
67518
73018
67043
93923
98285
14176
11858
4144
13661
80001
45801
37099
51727
77982
8003
37709
23055
68037
85704
95191
85694
83696
24363
74809
39551
52678
57103
28524
79481
27404
73698
46999
422
57093
57275
98707
87621
85485
2852
17635
65487
65005
54734
33566
42987
62737
71276
66043
47127
56980
61234
49173
57029
1950
23983
12932
70980
81086
41457
50461
8490
31507
13813
8912
88600
87440
23971
92573
72925
43175
10208
54764
8181
64942
88331
51168
44032
59607
33563
7511
32939
11150
56684
89968
13100
97019
2901
84080
94457
44358
50893
2947
75865
64706
28211
80817
52146
68535
73390
41424
11710
83599
96188
19891
64893
84519
87412
25277
44126
20975
32788
93418
48477
89473
83386
61577
86492
86287
62009
80950
46997
12903
249
39214
93961
44813
20031
62460
29700
9774
3884
41410
9725
16424
77654
74618
944
81418
99896
61422
18745
32684
54840
67223
38509
38227
45152
41354
40866
7162
38656
87864
36417
55257
27078
30378
16422
63462
9190
46122
73236
29426
3885
82961
45851
97891
73931
63147
79309
73827
40921
14406
22864
95762
97981
77725
50341
43134
19079
7559
50296
74087
11775
86713
29345
55206
33443
62119
18668
58986
24594
8256
88412
28479
91217
34263
42722
81500
13762
38383
55328
54684
52789
94544
66798
50771
72269
17139
10257
7701
41050
60553
81788
52826
63618
27485
8032
13413
5957
43052
72399
30551
51308
60812
75382
58877
11427
18104
40377
25190
72839
12057
96226
41980
6601
63024
92751
95223
80163
19360
2924
37565
79913
1064
90391
59883
44902
14775
73297
67211
74179
62048
97762
25487
22860
89496
716
50640
7600
41094
75830
96791
69503
72056
38771
76105
51432
47875
87680
47947
67235
6956
85512
47149
24372
92256
23384
69274
7031
96681
36485
81211
75082
50599
23050
97942
40095
23767
48582
64047
81213
40764
60838
50716
29172
99610
43173
80604
47485
30853
28551
14720
54161
30416
78221
78534
22672
1606
64160
29703
14639
646
27266
89721
67597
50317
4016
7693
90436
68950
71740
88001
26067
48931
38717
71591
48541
98243
52196
12378
45448
97099
43450
99610
43867
21672
78144
66539
39630
42304
12595
70621
59302
39861
76695
26900
6530
97063
50945
13318
66013
39037
1319
92080
87968
40037
63672
52861
54632
32220
81591
80
45671
25042
99690
89539
63066
94186
72430
19048
52843
85025
89669
28497
24887
82716
71749
47769
79779
22694
61088
62145
78084
62407
54225
66052
18796
34249
35266
73428
82821
16857
73509
44845
58251
89551
34384
21317
90
6814
56717
69285
8192
62739
97782
49431
45455
69532
97200
41587
92226
58288
3732
70310
37048
74309
52715
55844
8559
4333
45625
7732
21190
35486
52577
95794
25037
3313
33463
41479
26480
90181
10764
34672
52920
8547
84103
98375
94431
97655
39962
86657
72296
60046
73320
9344
34356
42387
81540
59267
46720
27165
66999
84262
62651
35929
80056
4041
39242
13520
45520
82074
20053
72637
16746
72973
81184
17201
87700
75615
14857
44015
78624
87153
4061
68296
96497
54769
10683
78037
14036
73755
21555
97388
58018
84206
33317
54426
88247
88911
84298
33768
70986
4351
6405
4084
93676
3941
21286
81377
95908
36143
41744
90884
39648
62157
59181
36145
16927
86216
30534
30963
59972
52089
28351
34342
52648
78020
5120
40895
66932
5771
91015
54270
26474
13772
58354
20151
34065
79640
17880
29973
32135
75976
20858
71783
38133
96391
24280
55060
82607
71167
2376
58931
39608
47079
9625
92256
25100
31098
33152
8384
36869
40519
62654
63343
54292
21008
99846
88357
17001
17726
34683
49136
93702
55541
37272
48188
68284
61552
3248
67243
32719
5624
42527
72328
52704
52152
80936
94156
99602
30440
18892
36471
70960
81546
16167
25252
18906
16013
29961
52259
33740
64644
1396
43794
36537
38668
91982
4821
16572
11583
88417
65644
33559
30944
54324
2615
99448
35260
96771
99051
65701
15663
35522
53013
13561
68041
94617
48820
84055
24578
1079
34147
5575
18827
94293
58464
73847
86276
63286
6772
14211
68055
72416
47770
98999
26740
50386
98447
78352
63509
97498
60405
95525
49373
13418
9086
17414
24387
74258
17821
48966
91690
51968
70893
26869
46262
29357
717
48890
8995
7489
63101
77050
96257
10871
76049
39349
77609
90849
17701
41119
4699
94459
36644
70424
24229
62082
4191
48617
36341
22012
13935
44383
73981
84828
71252
36595
30537
71969
85485
39533
95810
48586
32935
8419
75809
25337
47768
53419
16186
81822
10890
37237
76281
47534
7662
16862
9616
11853
65479
62309
33865
95766
6692
24198
80594
77945
60793
27484
66266
62630
83369
62077
27568
16304
86848
3378
57993
34617
73149
90531
32791
84039
27769
25424
47925
35431
42286
57541
63636
24118
19851
13853
19884
42895
38052
16831
20840
15197
44315
87107
77828
44036
65536
5396
76692
68736
25126
34686
3353
14627
25217
52496
15018
69338
77920
62943
21121
20207
20485
84757
44325
56688
98611
80561
99583
53015
97392
36776
84564
58059
40235
78744
2095
22123
493
78788
90859
41971
13474
94213
56599
55043
46709
71617
24382
40982
34561
61855
61189
71398
46613
21866
44438
61576
2427
44021
30943
16172
80797
31859
74231
37384
10604
76327
59507
11097
55115
50367
53068
84941
60932
26019
56336
23993
97637
97070
64975
48550
58926
42516
36300
21891
64382
80738
83467
83162
24759
30762
99334
21909
62621
89917
59293
73225
66244
35153
674
37711
85520
70095
39004
46452
96114
95341
70445
10103
8763
51773
58653
67689
94289
11305
5932
75024
92043
89399
58186
16803
36513
73872
55064
99135
63789
30709
88712
46386
65862
5739
449
67734
75834
39454
14186
88300
51147
984
98404
59910
52757
73409
43952
63398
84715
49884
38422
76758
55636
12960
9913
92149
86832
81329
7636
66974
12039
12701
29712
94253
18440
30161
61988
94274
85967
92526
98926
37114
9862
97330
97025
62619
70740
40977
42370
71807
7213
80792
48565
62849
93753
74831
54999
96937
56160
78987
80263
68199
91688
9975
62453
10128
56489
40793
20754
42456
33319
19681
79571
43182
17011
92948
22153
4103
50277
64523
75910
57490
61668
40828
20340
55421
15659
91691
52358
71819
70678
32622
56371
62367
58949
35176
72495
15438
75969
9602
74247
25640
29283
53818
68822
62646
63118
7328
83102
13395
71851
75364
70885
33519
16192
7577
5292
48203
99268
74003
20023
69947
22977
92746
32314
81926
27922
21161
13717
3891
30763
87964
29531
76398
58134
14706
39045
21252
22034
38499
50999
10237
13863
38236
60109
46408
45814
65401
94611
45082
39404
30986
31381
78733
23732
63695
60660
51654
1209
90729
71897
31972
78693
17781
24723
53179
32487
80120
74431
70873
18619
41782
81110
32482
80018
57571
95242
25832
22973
89854
87267
78729
37192
18648
57463
60925
98696
34475
28931
99905
41556
17181
48229
20249
51314
72952
89780
83801
53072
80563
71026
71691
22345
68488
20526
2363
26060
32120
44548
65385
21974
31815
44114
75519
66815
17929
52796
81863
68756
81727
98120
10312
15260
46350
46913
66574
35654
36693
66727
88727
17256
54105
76770
39601
22594
13648
58317
48654
45769
2865
14039
84095
51032
74505
59614
34199
8787
12410
32415
77543
10490
30535
4208
42102
93237
67473
25029
28892
4167
91756
33971
37775
45862
10741
93729
84808
40742
52046
33462
2863
71263
63853
86958
38647
38358
62925
89198
47145
75335
21613
41041
2177
52149
45249
44280
45386
12722
69309
90630
33241
77417
24601
71017
39631
51695
81098
24439
8789
49496
74253
11652
37111
38106
98610
92110
76465
61535
81308
39962
53223
2922
81003
71752
71423
42604
16032
33161
55327
1693
40144
4920
95463
64745
92289
35094
32792
73387
59534
41581
39235
50139
53233
76346
88246
68196
68456
81063
46083
49765
21025
99306
69039
2029
87411
56814
44633
19795
6327
16312
21489
46471
21233
16952
27569
13522
68398
60361
3262
44284
1943
42497
94424
71528
18844
82670
39724
87300
63733
2160
53417
84758
17818
38808
3139
5229
95622
64125
25025
18302
80437
46514
64773
1670
79818
92342
31545
48216
52704
34807
92501
70999
77304
3277
58879
12500
85947
98604
99801
66032
764
69570
67142
18582
8379
86634
40164
20353
50759
65189
38655
31196
28055
19781
49219
7873
12123
80764
72441
81179
15571
81294
68530
9227
84571
27410
21728
86870
26014
37881
69254
43130
23803
36397
78064
32182
39383
18228
68888
90142
83417
23895
37690
27824
43676
86909
35697
72152
67673
8139
53331
99596
5785
21862
25176
90357
49272
46904
93579
91638
84785
62834
51120
8588
15583
45536
57123
54966
63765
42363
61460
63534
66258
99150
91359
26287
86060
43408
98439
70085
67899
51770
86034
73685
89984
11210
80394
55608
58114
73973
47246
59251
53159
98366
84191
68742
43903
57666
40060
24020
29
1520
3906
82640
17023
11617
25279
3083
55026
23718
89520
22925
91840
75554
12962
81825
86764
93356
37433
61230
83682
1032
20481
36841
15750
21025
21936
76005
78691
78348
16377
95073
96221
20284
94065
13244
31901
19344
32679
3279
59414
22199
42557
67606
97754
55519
65783
870
65228
19569
62101
48910
20601
98934
85751
52703
19959
24039
28709
15003
2388
61438
26428
98609
81722
36845
28205
29976
72541
60884
49607
31955
83083
92164
15913
97189
47684
81697
98060
12912
1266
76513
78174
38219
75447
80277
90922
11759
4317
35983
43114
23057
97422
69542
38018
95496
6387
66223
41824
95280
43459
91432
43587
42894
83596
59500
40084
47632
41197
54496
76896
58815
47361
55070
97034
22808
35348
4309
50919
56017
56644
94033
79074
70418
79927
17092
82267
2666
99667
24091
97946
43126
15523
41533
86020
15472
1034
42456
79456
58583
13304
56353
17399
60665
11423
30785
99826
63123
51446
50745
19140
8091
61131
98214
94861
41058
31658
77128
60077
31325
1220
58023
90803
33095
99557
76824
64919
16943
35632
44376
75526
65289
729
9277
25954
28504
56415
42132
91628
7861
9230
10768
32304
70361
25335
27166
27771
56993
4294
87848
88319
5514
62224
79122
54962
61781
72298
19881
95076
24283
64257
86954
89572
81338
96232
31878
26195
52647
74011
17823
76860
99593
44943
9165
86306
86630
36331
14077
43624
56977
18278
48295
78844
80502
43769
33806
58635
32420
53687
53711
56703
34297
40665
46275
31987
53249
94505
58182
22248
68516
92357
15461
84461
53653
24626
70767
40283
77309
1197
83907
34286
19475
48554
13130
99977
92324
63288
74964
24744
16976
28675
81447
67625
85692
44074
15964
55294
38579
74147
93894
23448
82856
9355
24261
36509
33981
95029
76793
27642
96226
77052
78281
15701
25607
91411
32030
34283
71052
23346
59027
4380
68373
56826
72005
54065
17252
4321
25711
72183
78468
19606
11983
77677
28961
36245
14186
79295
47626
7331
6937
43852
736
85218
75905
42695
92982
24287
76978
64034
47633
52357
68414
16006
25535
56771
86423
42787
61092
12135
31322
55913
48093
43306
33590
77054
95903
64128
72701
43529
87812
95991
3733
88548
81209
79638
31243
90543
3925
8221
70929
51558
76930
55695
83916
2465
28818
70339
61604
89911
98826
92926
62176
46919
52584
95766
40326
64839
76246
13027
8368
64058
9018
28453
52606
6580
8091
83849
13475
28368
8422
757
96278
85352
56452
80194
87817
85271
50534
65773
91534
65712
58700
53710
12632
27636
65828
69310
92476
42074
82337
17196
22485
7708
45650
75091
30640
70093
75293
44115
98462
67
61224
94740
85420
17677
91287
89589
19300
41821
55363
10834
23885
30415
80896
36517
58051
46724
22179
66879
5150
4517
84076
27635
28577
29726
2727
59217
16171
94372
19684
14633
94439
80909
25726
96211
14938
17013
2153
34238
75186
73868
61424
99071
4283
42320
51941
78686
89044
74120
45566
94194
94989
29642
38182
23566
75720
57261
99135
91891
51633
35172
22877
62424
16081
48603
58636
47371
65616
60789
81609
57154
51009
43033
56225
55292
1705
8166
50330
90749
82287
95896
1295
93628
41890
39477
17195
33962
13090
32682
42206
64723
67854
65083
27148
287
30038
2136
47658
95654
79277
45619
52808
30286
5004
25385
1930
6709
49904
52260
13810
32191
64509
15106
42171
6399
70935
59366
40362
84026
92049
98920
65101
76255
64003
8601
76543
94041
10737
24201
6047
6366
69821
75207
53004
74825
16944
54934
97887
66848
7195
11697
15391
88056
43155
57563
94455
30443
16929
51169
30821
25330
50089
95922
1586
30444
4524
94481
40837
31613
18682
46884
54332
4855
38443
7336
96033
55388
62271
93920
38588
85818
21969
53980
73874
65125
11543
84681
11920
44824
35851
42741
70155
2292
38663
88093
32737
59539
82574
73574
7505
17608
36811
61837
38816
91606
85525
51201
63346
47796
61473
1935
49966
83442
55915
23840
64919
83810
24874
76839
28634
77077
19580
15141
79369
74596
19586
28458
50487
18512
18385
57992
36121
71548
36181
91289
63154
21707
42490
42853
85855
20315
61140
35822
3757
33407
76014
85029
17217
888
61868
62203
77965
97801
77345
73687
88749
96931
2145
39236
15444
20530
13581
67917
8430
66114
75558
87937
4173
34400
30790
90029
54715
8282
42203
74824
41689
18217
59853
58906
35458
38074
21109
29775
35875
14806
3462
40976
11738
5608
80212
43534
42490
10145
27803
50921
76260
3361
55210
80433
37761
86000
70462
8828
94282
29017
83652
52323
47235
43506
11229
99045
81580
48690
28820
33807
79849
32283
74783
7939
54243
71347
51473
13085
81493
95628
80358
74105
98989
35568
54538
53102
37920
41353
78282
32202
70370
61934
84525
33957
5440
12106
33002
3372
77149
61823
53531
56998
10458
44666
64937
64701
16014
32762
94138
13859
28390
74497
87964
43731
26417
58854
13185
64338
16559
91467
12892
86930
69753
13770
37239
75194
42228
70242
94918
19377
48417
64802
92727
58875
9468
74016
39928
41834
23130
50418
72045
67872
24915
60009
27955
51333
35216
41140
32023
51775
48959
44915
55057
18713
58685
92297
10259
914
78891
21529
36643
27308
86331
29371
2535
12152
19739
58815
70338
42870
9233
42384
10742
50501
18745
55050
1834
53961
96190
33857
5737
61502
95124
60794
96567
53810
53091
23178
54724
31982
44707
7719
75642
47391
53442
78177
59543
73182
36992
29881
32404
62578
88617
59498
13079
7363
14548
31265
61324
27091
65122
83413
88593
60246
44208
85160
30408
13651
24690
1484
61986
69397
9204
37628
16788
62646
32158
92683
52180
85502
38917
84584
48080
27534
44083
61159
51249
58631
8776
12574
85722
73898
95987
90667
50497
56547
92179
97257
86551
16869
98742
48537
86267
24298
2517
19407
86944
34675
28443
39125
36530
67360
40061
84610
11246
84144
62122
78848
42776
70898
91422
44850
61149
3761
35518
27998
76661
27697
25255
63212
44567
40349
28101
47186
64647
30618
66593
67944
65294
11388
23421
1824
95100
63482
2786
6347
63979
81260
85195
23107
52159
92969
67957
29660
13082
19827
57658
6095
47525
99265
69307
8444
55967
13760
55630
36966
44379
38575
21262
26025
66316
44683
44201
61416
24518
46987
67763
4849
28248
69310
27956
96759
78631
12265
42771
8066
32093
16781
14161
95970
32398
99821
4414
88365
13581
76396
25332
74312
31323
46594
337
97639
7630
44538
59056
48500
7878
43171
53349
52478
28834
81305
65589
23817
93570
8360
48235
42015
25141
62397
37985
73891
78570
58751
62257
8503
51499
3941
82816
82823
66887
99505
96814
90869
44044
72222
39369
68274
15394
92718
20752
60580
90375
86341
84397
298
11053
32633
42313
52546
11382
96651
26437
6304
55402
5046
14807
6902
25339
13975
6077
92227
13481
2891
99448
73877
75114
38818
42151
6860
47888
79255
83792
54616
81948
68189
71266
93001
17174
29931
61899
44908
26582
88336
51212
98337
9735
82372
5239
35074
96347
27668
43653
26180
46911
43102
57
38377
98272
58560
45237
62512
37815
45381
33480
19763
13571
4746
29116
47097
34678
91015
8358
77612
79352
75922
75949
5439
58294
97540
40513
70994
25208
519
13526
72120
59973
29936
10497
58245
88496
72087
37109
42664
17468
70590
62427
47391
91688
91544
10841
26366
82559
35551
20331
78263
11473
96280
83702
86120
93821
40568
73466
35381
41087
86992
7501
17412
16928
34351
75657
21777
22790
29118
64441
56610
16060
43220
20354
7749
34764
47547
50467
33676
83098
70798
28291
94571
83431
28346
80691
77252
85266
70509
12633
42705
57502
36487
60117
90782
87190
52126
12559
26332
81244
93352
82942
13657
36573
19648
37758
87689
67195
88225
37717
50293
75376
66009
61217
58807
10707
58260
52411
95973
28770
81396
38678
2624
17883
98795
93406
21425
50921
5966
47757
48517
15670
30700
62174
52243
66700
99932
39933
33896
4510
77650
541
96238
60011
61758
71397
70718
36371
23808
83043
65141
21556
38073
67765
39440
36868
77523
60865
4141
99841
24975
69011
15512
72027
31185
67755
38727
47470
7688
72623
68332
1691
89517
64570
78054
51275
52319
65125
3998
76127
48168
85491
14035
86242
53256
53475
39462
47132
30693
59956
46973
55668
28967
62485
27695
60152
30241
82774
23974
54281
55398
92306
72324
44915
56876
50379
12542
25547
15504
32893
1674
80024
18384
32062
82618
87993
85537
22081
35125
32582
82037
82098
4602
11004
60936
48649
87508
91177
31424
27835
61810
3174
20141
50487
64441
93370
866
93335
18917
32722
26228
36944
12746
44613
69006
95365
32606
70895
33798
84083
3478
32187
66181
24432
59543
27117
73082
63403
34646
4506
91238
12809
24032
11380
63296
88473
4750
80514
81808
40019
13236
8037
76963
42334
69002
62321
54051
17960
33217
87849
2043
53047
20036
84576
77479
95931
11694
66913
59335
62692
87771
50573
75501
11803
61953
55149
276
83055
35663
82085
23075
65251
6474
16390
7586
91828
78712
61637
9788
28281
49487
28183
81328
85875
12759
75159
81807
40805
42073
41142
3498
29844
91715
95351
58000
70021
66853
58276
69428
2516
56713
8855
67768
79539
25246
91706
71367
20310
53343
97507
64943
19182
25690
62623
21410
38450
37782
19569
79255
96207
60711
99105
42404
68778
10809
404
55151
77662
75032
24580
96530
31746
33435
64298
27637
75033
72356
99005
11695
25700
12864
76638
61234
38555
39261
82644
77005
93396
2213
72612
89603
79276
71718
48359
64407
82527
48763
19558
76541
23796
60490
73071
71894
93926
53722
15883
85311
26078
31240
97007
68130
44105
89997
29365
82660
29259
28361
76017
39007
46927
48629
44962
42555
36699
93322
6962
19226
42085
42873
12119
82233
3363
85191
70479
13641
38913
86363
98953
81343
17603
12312
49474
61708
2309
95191
60720
31568
23552
36737
86927
86831
85367
31890
29387
22066
25212
52701
57645
83649
11926
69764
82235
15290
54955
69066
45283
10220
55429
60588
91564
89385
72900
41038
67445
75210
52581
28166
6778
76133
81255
10058
79317
66622
41948
25056
5041
67160
77757
62686
67161
6036
48802
49396
37678
20110
18463
82961
30330
90244
43550
21894
95981
16450
79284
63427
91660
31865
7945
14791
24351
89200
24849
20020
72175
83149
45076
77216
66661
39185
56254
33822
45221
21408
99571
82899
41518
34386
65861
71849
40982
25763
10095
36964
42213
5732
16743
50226
53949
24688
81369
78300
30240
22570
14672
2415
5719
59748
95983
72380
15286
52237
6202
60507
89998
22125
59759
31516
56511
41972
19717
97494
67735
46165
50810
26300
51897
67553
92878
22198
8593
74247
16851
55185
96817
31523
57601
2536
91272
69936
74916
22910
38526
97471
83417
28524
19596
43176
60040
92460
85148
79758
6306
69235
42275
73468
95536
94172
57373
88414
32722
65966
62662
49573
21151
75831
81097
95104
78368
88721
65041
69636
11631
3567
83459
11400
48443
3056
54577
8483
11868
56077
4593
34526
25313
46868
7994
37201
57392
65367
41967
90115
47685
4629
56040
85188
96813
37137
80293
91533
25858
61686
61169
53841
81605
44629
65242
30048
64037
36171
54883
92257
92248
75829
26783
33913
39049
34777
71114
12794
144
13082
19261
47829
34063
75301
49369
47228
12439
46014
38761
54649
7700
99931
8491
5657
60912
90085
52057
41301
26256
23293
33558
34856
99122
60341
68770
38171
95118
56236
67317
11614
85670
86578
75795
19734
61880
25164
66962
74319
71179
5724
45320
95231
22007
70163
17241
99271
60248
69298
40572
2856
8943
74130
37713
8065
50823
6483
62589
62293
62719
29906
73907
48390
32837
66054
84476
94717
7570
67790
85388
95101
89866
30708
6685
28225
17224
23926
27496
77472
9576
68068
80329
18520
58550
34394
42937
9373
40877
21878
71666
19948
68137
61925
84690
974
44331
69166
95691
51902
53309
81079
63355
43175
28139
70040
71401
45363
93966
15249
39188
19895
83318
35869
38415
58220
70263
97704
67594
27492
19583
55612
63792
87720
17538
48483
88694
61869
34001
737
30123
87310
81816
93479
46838
26307
63519
18239
88023
73838
33488
43563
93733
33158
95784
32148
91379
82399
46204
75325
26243
65787
30937
90035
53507
64827
38518
58553
26697
72520
59290
73172
76182
57458
66651
23020
118
46523
41259
88141
20361
91100
48056
14094
40610
43840
62594
48341
42591
8798
23666
68834
74586
70956
58869
44445
35783
97388
2999
78832
86260
78641
52005
62442
36100
35008
85463
36218
81531
43074
40711
1892
50526
88767
32338
91137
48959
11284
55830
91550
20083
79497
60384
11021
66805
35605
71818
2588
49345
91169
97773
35605
69811
49778
14400
5911
1138
16215
58481
82670
59289
99192
914
26168
87959
33253
33657
53270
44537
89487
44820
80972
68984
21556
8345
52141
57161
80164
54730
6507
71333
68855
58464
41144
34985
89216
47055
36123
5431
21888
18793
81073
21080
36060
7241
25391
69313
40898
78661
30202
30385
23481
11175
15722
61389
19520
67863
18551
99684
38945
41410
87370
24152
16226
28514
59137
5443
91922
95261
27226
13810
30406
8299
34891
66466
15540
76634
35779
72790
55296
82334
19528
95129
9861
35250
56519
29381
19465
75070
45418
74763
32832
32788
98915
65410
77654
58053
70853
69576
69666
98080
99739
72
6379
50982
66539
38272
27616
18670
27414
82912
17356
46942
78042
27217
98544
50913
56599
18010
42335
18369
9125
75167
67509
8040
40577
45163
82445
27783
31092
68463
25863
47183
68536
48594
98165
51427
3218
42133
86449
30633
41398
3806
93927
35792
31023
92472
86705
3974
26834
29040
22343
35959
20559
6204
60351
61136
67720
59149
5271
98812
27612
47486
62347
96148
12433
76864
63927
15651
18997
50377
62636
76747
54183
72916
12539
1558
65388
99244
5533
92222
44636
44228
44533
65195
50433
4884
42684
18153
64033
47955
33317
91646
11794
12016
4146
24227
88880
68074
56230
24229
34803
18867
977
5338
91783
13516
6896
73523
29113
28781
65745
90101
73010
26630
55297
39795
31514
14333
74300
11900
78640
23969
19898
90434
35985
24044
14661
24865
8470
70892
49094
59625
6111
50071
64963
14246
79940
88212
87769
25405
16993
69866
15506
6355
96496
87155
62502
44362
1488
36802
56262
80129
60771
76160
70563
13108
16557
1577
37973
41379
88821
3420
1005
94932
69843
82320
9178
49783
70532
13299
91540
3878
99517
7047
10233
96013
94202
89088
56727
12043
25890
12990
92172
3014
5502
79087
16122
22059
97016
54096
79791
85837
73868
80796
80769
43711
63116
6299
93495
50001
35950
1387
53879
35467
8434
80464
47832
18989
69552
4560
31032
11795
17550
23204
14809
39404
18643
30931
77816
15660
1379
57607
17849
75247
38403
14971
35311
17871
37622
45158
84224
73573
46545
54455
9040
54980
34920
73225
73969
20824
77785
5001
48971
11687
44557
63780
51091
63200
11064
28907
95212
28795
2866
13062
20395
41269
28033
55706
75493
82007
864
59717
55580
47409
30525
80973
18741
65445
54198
92710
2621
48335
14063
51593
60022
58620
31725
27465
38173
42789
72725
49737
87937
75591
79151
8332
33213
23536
64038
25058
5544
81254
1127
61124
28663
31652
42097
63757
13449
12647
56467
16071
60982
86883
84016
37356
45503
15741
64822
28
74883
37547
49766
79172
29490
28917
87504
62703
52454
67894
87761
57998
49148
88889
19122
94163
36893
77572
57920
50343
6571
30740
66414
67554
17623
66782
4910
79478
98875
86084
79507
90110
39983
45625
69282
69474
74542
73138
48529
26996
41032
52643
1346
6532
57884
36821
17048
94777
30745
91320
45120
37316
38412
27886
21222
72387
94668
42485
51866
9896
28569
47725
6
84905
93350
85641
54379
67892
58779
19260
11241
16164
88255
28939
39048
46139
65760
72448
57269
12857
63769
2389
50174
18533
46628
71396
90921
57648
13881
59139
67544
58803
6864
83903
43708
214
69544
14439
84458
28323
50051
12051
60839
38307
57343
99888
84446
23103
72336
41715
35961
52457
60457
2487
87343
7085
90235
78264
81085
20469
53755
48630
79272
60619
32533
39332
77185
18429
70123
77995
63104
20174
90047
23944
58481
47390
40184
59280
86845
28872
17347
39158
97682
77804
41645
85025
1241
48233
79641
82327
68702
33396
47309
64326
10367
96194
3658
87552
14623
90133
65547
77727
10307
71946
18023
85141
35688
58207
44421
22534
3432
61768
78044
1114
55925
36042
86139
73518
84275
82132
55845
69329
15528
19506
33655
25895
15700
53665
13447
30323
43798
95346
24403
70457
83645
42426
55598
19333
16986
19
58219
20418
78140
36264
21532
34065
88658
24023
7583
72933
6155
79781
58614
21683
99287
92269
63930
31340
62286
93729
61663
6084
5427
2418
76541
89072
61197
32140
8406
78183
48511
66625
98601
26651
19241
36485
77068
7899
60508
1004
97184
83015
97137
55798
21050
12776
64419
84980
44116
26705
95061
22132
32789
488
24550
25683
89561
85747
74175
14319
80282
22686
80944
95235
65690
16538
31720
42758
24437
8580
60114
37974
91595
57251
10124
28997
70028
74544
13977
30496
17601
25390
52628
66743
25879
93531
92426
31792
95630
66601
46111
75913
5639
43407
87500
71329
59945
35573
30440
735
44153
90554
55061
52101
64158
65185
81098
50538
56081
11428
81034
73683
36818
50015
56778
79049
59898
49204
10841
55528
32157
73304
47793
54148
33064
35294
25478
93009
87219
72270
10096
31372
79176
81509
99825
43334
46695
80924
10224
19128
8704
91259
9163
61874
57626
65941
40924
17524
31497
68117
89404
80006
57774
37198
34155
90838
88844
75985
199
76063
48255
10296
23787
27431
91805
23613
87118
54852
20889
97342
90333
29593
4953
15848
7819
78931
81790
48743
96455
29639
33213
85860
9646
90987
39410
43801
81825
44606
19786
82024
37021
84393
8672
60808
28176
478
773
31646
71682
38014
45341
78367
67607
50294
94216
91779
45578
76006
40522
42033
21997
73735
44245
31643
81074
7
91796
62899
60965
27934
44924
97986
12327
69948
58795
40504
86778
75920
72150
58461
13935
17491
36828
97894
84138
47396
89673
46068
39754
46548
88101
61752
20283
48699
93395
1358
65058
85192
80609
26024
29478
41885
24010
41806
11834
99157
98662
98612
91430
87164
57073
5365
21008
10254
3259
21498
74002
9285
67566
13757
55833
72019
75509
92468
20718
85256
10178
2129
86800
90788
28153
16279
32673
68515
58085
44507
84025
73099
43120
75455
60263
16545
80820
81271
43151
431
2769
17154
9716
86687
47263
81901
58707
22772
74370
79425
24380
84548
97906
11181
91688
26059
43812
24362
10927
18249
85221
94952
91348
44693
70407
67963
77591
67579
65587
20742
84362
84708
54248
10431
71396
17863
92332
30103
56987
83054
9528
81368
67603
23787
8901
59291
66198
52713
5
77125
70962
1579
88429
78662
46272
75188
46625
23863
42767
12212
60958
27130
96921
31558
37561
68317
49422
46245
98420
6409
29300
24300
4129
13255
48087
13030
88898
30638
82095
5256
7763
53057
6835
12545
48071
53107
87733
94697
76971
30501
6909
54281
73983
20182
85839
27896
88499
51613
90493
3271
74375
19793
43924
78504
49400
8363
7887
38299
39001
89982
43555
46765
59392
50390
75662
7463
19849
63395
18512
96820
10248
41774
67453
583
61956
53293
28479
66808
21258
35325
86431
95633
55118
30355
90490
20871
38719
98377
59170
77720
4711
19077
40837
64103
69467
16499
87919
5668
79895
6431
2489
6495
48205
69942
7079
26514
39587
51910
93322
60846
87235
79753
56479
58706
26461
63321
79577
65180
61698
55099
59252
66410
74176
16442
46865
59995
32941
34784
65663
29188
57568
84504
35684
22125
70799
59115
48639
10386
11025
41961
87584
98261
38067
60416
56967
64528
23737
52896
46060
85436
7995
21664
68198
82171
38106
15063
42166
71048
66200
24181
16588
40120
8686
68624
62245
79485
27739
10885
6223
38765
69198
93808
53378
23617
54224
26697
4497
94313
79593
50557
96101
87588
72222
64299
86111
10328
95715
28277
97728
78267
68810
30669
18387
77496
99293
96984
56981
43385
7869
63205
98502
93420
73365
51880
17037
43941
78577
21535
38254
74522
88444
34356
62110
77018
15007
64573
3699
27074
92850
1427
5341
61660
48448
40080
55509
47742
37065
28842
91127
61286
8399
89629
54706
81764
57861
88096
42057
52790
25983
80312
27312
14427
31020
5774
91446
62379
70347
95145
89454
79549
12924
94795
57561
61373
51228
13070
25467
88293
58265
32946
65931
66664
38927
20638
48429
96788
25086
90486
65930
51069
87150
93242
81848
34522
15368
73294
96902
2067
84791
86356
81616
14068
97503
55529
91793
65083
84952
17260
69728
43217
66558
35660
9881
5485
72650
74662
18625
97736
65149
84555
48805
68651
94149
30653
3174
9517
20300
16428
11584
21443
19136
9552
51863
32991
81433
43656
98075
66385
77268
84155
25954
43826
19815
35836
49311
92465
10498
67936
90201
91999
52491
55358
77003
46640
2364
96529
72509
22664
12957
445
60459
48445
9997
12323
97788
7783
55979
95863
74168
33248
80019
123
93426
16186
52311
42738
8652
79161
10674
15205
71161
79518
70564
64516
42510
89280
61045
15020
11944
90354
31817
72403
55151
58167
1078
52939
65950
73410
65155
56470
6658
45174
72945
84
77712
25256
59174
86364
4418
86201
17922
91931
65719
4838
72799
24581
94118
33844
55953
6062
40550
87771
94817
95701
45938
12248
48640
11888
85658
13795
84710
8668
75321
57656
8752
69386
82912
84279
55750
3682
70480
90024
11965
52551
94862
84764
93484
88980
34960
49438
11394
91862
37209
22564
87563
99499
34812
52556
27739
20470
82703
12449
29138
74377
70105
54242
43763
69370
54873
15865
89404
25353
5890
1370
94256
752
2486
87741
6085
37447
37179
17479
29309
90740
40043
33225
90239
91207
2133
34330
28029
84836
46779
73519
59213
33237
44114
19328
2607
98987
35194
92011
40693
41084
9733
34949
58188
12220
22690
64273
66019
76221
81753
11680
83313
38148
44905
89904
45708
47038
24234
73737
48227
87366
63609
23792
20603
7723
43121
39562
6710
78315
47925
47403
35751
57659
82353
93939
86231
21395
58213
52250
13969
56318
80282
97282
10818
25188
87187
72878
88578
27773
46616
53157
15139
10225
76950
52094
34300
20071
91656
41010
14738
55934
88414
50489
13593
87119
60780
16176
24866
18993
84778
38835
91663
65060
52470
18834
6600
56009
91712
95179
83782
54680
64688
15274
81257
41638
67368
15557
78061
75377
56568
92799
31311
61334
59640
61256
64805
20421
77432
89671
55766
78562
44859
47430
43622
13681
82616
50223
69690
74328
61754
69824
29009
26442
1450
26618
84433
85171
42176
62494
76900
15096
55294
8211
92782
14934
85819
57587
51707
79603
63610
7474
58165
24821
54904
1787
38502
37520
68362
24544
28200
30116
10721
73561
72911
28523
180
57344
13694
58708
19838
90594
90156
91484
15157
82938
22771
976
56877
74478
80579
20487
81952
38744
61661
53208
56884
163
7080
25246
41060
35281
71715
68133
25194
44626
96656
25374
18322
10351
434
38160
17297
90590
45997
32455
89880
68768
33431
46757
43246
30363
83597
41551
69107
45258
94759
42343
61773
18192
67590
19185
53473
39305
87318
78667
283
83975
20394
18605
94326
20828
73117
11623
27771
19114
44078
17651
4234
93862
80761
47481
24225
64358
5384
9684
25968
16495
52028
87741
34687
35970
6927
88160
91627
94245
83180
91910
78220
3574
26867
88898
40754
99984
16874
84877
35451
77304
2529
39685
71166
83290
3518
11743
64000
8902
21428
89968
25398
89808
94061
76437
25778
17340
64598
17405
11586
64130
25667
6158
84056
52534
11409
24810
68870
28283
9688
4321
5587
28569
44007
93106
28211
63877
21201
8563
89132
58981
98531
14530
48789
8944
7319
90919
26285
88269
24676
54223
52399
50343
60381
36455
19229
88142
77618
88100
32777
3658
8773
54717
48579
69132
47823
76790
33010
85376
85353
22142
44358
236
53024
93147
9180
60343
419
35465
48613
25095
89688
17364
91791
66422
53820
11020
54564
47790
15472
87342
67800
24246
42059
16379
93378
6234
9521
42740
91610
11226
64882
35968
11462
34258
45468
36994
10954
62239
72460
59567
87334
78500
93283
79125
61274
47103
6498
32191
11245
21970
35885
79045
46216
94296
95424
55947
530
4945
98687
8492
16171
79922
60813
43985
30532
22633
80980
41486
84872
69792
17405
88558
64644
10689
67684
25919
74144
74182
58110
85390
96152
93995
64435
58721
88291
76212
14668
5173
97509
29707
30017
30033
9629
90830
74018
40162
29815
71350
81648
14687
57494
15406
3246
22139
26095
87282
48058
239
77816
22520
1981
90320
32867
82769
65393
37510
58981
80061
42683
72842
9769
89052
2875
35750
96235
93246
92264
26050
80948
90265
57090
38443
5671
60336
60582
31766
63970
24992
48357
58138
47512
50339
48458
96731
49460
13852
34241
24793
10265
93276
97635
36386
82328
16863
88489
78563
10109
80753
20966
91057
71018
78056
29500
76689
54744
6434
24807
18714
31426
89517
93204
95290
56208
41662
8373
5668
71866
42614
30461
98484
52242
28096
34870
50923
44959
23359
45838
71420
4113
66804
78830
91483
44860
24682
68173
99604
31117
9332
34670
78895
98849
27874
90538
55057
69537
98911
77077
57755
57878
7538
56239
10120
35635
7462
61043
96946
47173
6882
84719
67638
73686
63549
59122
34899
4583
43647
34503
52052
52979
69174
47300
68181
97048
37838
39590
82937
36749
16668
40693
10979
24206
13284
21100
76193
37098
98495
89492
84272
21729
74211
51910
11768
54112
11032
46667
75047
71031
81170
27100
40363
50344
74400
8544
63745
28590
64486
46682
65339
81154
3727
76319
21713
33364
13771
14258
70462
28618
3750
54734
50348
94313
6645
62116
64777
34029
8783
39825
5061
6305
83277
45424
73002
57677
70320
36747
86267
34806
99781
67958
32313
3509
60629
54026
36873
90752
68284
23687
19371
88387
78422
69719
82700
1419
48187
63830
51800
73322
3655
56861
79627
86932
18637
52629
60961
5309
5728
63580
56468
21862
47890
88781
25371
8520
59159
78596
99272
43795
2283
34995
32182
97057
4714
31235
98476
69253
95065
50277
42575
15072
23490
22203
18356
58480
91184
79317
80141
13265
59249
36609
35127
7139
41742
76850
15659
901
71798
31284
44697
90433
82631
93231
87491
3698
24466
2319
72951
35883
68948
15527
50955
8791
54082
69311
67271
45266
64980
47412
58531
24229
374
10010
31369
42116
86860
63380
59370
58658
11016
20419
49092
93648
13650
52935
97346
54469
55254
86649
90352
40555
2176
57660
49346
56258
26971
16617
17877
8304
80381
92760
32533
97107
2771
63902
55576
5983
43635
14946
64642
54651
51717
30086
64651
81719
83021
78349
36188
54627
64999
42893
95182
83527
16905
44528
56138
60228
77497
74015
68532
74231
83127
1066
71338
2250
81320
26914
8234
24955
58212
89228
95959
9929
35666
76962
91649
35039
55312
44189
89666
36663
3434
1201
20190
20339
62081
76328
96920
55931
66695
65452
30162
66175
66518
1500
68425
64191
44767
93011
5498
19331
98591
17809
29261
34257
94772
37262
69296
66436
97803
75315
19451
17590
92868
39641
54281
71301
32322
51201
27232
15369
16654
57394
97896
99524
75247
82674
80067
36366
75685
85566
55697
90629
3375
1310
24886
14499
54924
10535
97287
52728
2202
16738
86670
11422
72732
40951
82723
21406
92153
9956
36775
25159
67350
34672
41035
58949
17346
21103
95315
9383
6669
67365
12
26396
68675
41251
57248
23600
68138
54535
92680
70340
71274
79350
81762
60358
20301
64485
81764
28806
90793
18539
70317
74496
69563
11353
33445
3261
32456
45113
28997
55477
12478
29009
98225
97505
86612
55473
21105
54750
26361
30137
41442
97635
25839
23204
74345
46141
4042
56109
91299
11187
91000
61617
85683
76916
72970
19129
80177
21778
80594
9174
93607
93072
54536
91832
6929
41148
63658
44387
12251
90019
74524
53693
4006
364
93250
78351
62857
13644
34460
54156
24831
41812
32125
10515
18728
21447
45996
15258
43225
42942
40784
53184
36014
95320
45017
42943
52821
8675
87330
65072
15046
78207
35117
19052
78571
28367
97403
57780
42011
48215
28288
83195
90027
60414
93710
25108
81861
56058
40366
41439
99000
81150
94623
51366
92823
55992
10661
45644
64667
14344
27068
79713
8903
62185
15117
3826
6905
12520
61606
65268
77087
89894
48463
67115
50308
58525
92223
48522
30935
48941
89961
46287
30091
936
97653
22914
56929
24667
84910
37948
39011
28330
34014
64266
6868
49131
68092
13773
78004
29698
95393
55091
19592
43857
38558
86253
18734
30781
51127
49670
