1
2
3
4
5
5
6
6
6
7
7
7
8
8
9
9
10
11
12
14
18
19
20
25
25
26
28
28
29
30
30
32
33
33
33
34
34
35
37
38
39
40
40
40
42
42
42
42
42
43
43
44
45
45
46
47
48
49
49
49
49
50
50
50
51
51
52
54
54
56
56
57
57
58
59
59
60
61
61
61
62
64
65
67
67
67
68
70
72
74
75
76
77
78
80
81
82
82
83
84
84
84
84
88
89
90
91
93
95
95
96
96
98
99
100
100
100
102
105
105
106
106
106
108
109
111
112
113
117
118
119
121
123
123
127
127
127
130
131
132
133
134
135
141
142
142
144
145
146
148
149
149
150
152
153
154
155
156
158
158
159
161
163
163
163
163
164
165
166
166
168
169
169
172
173
175
176
177
178
179
180
181
182
185
185
185
185
187
190
190
191
191
192
192
193
193
195
197
199
199
201
201
201
203
204
206
206
206
207
208
208
209
212
214
215
216
217
218
219
219
219
219
220
220
220
221
222
223
224
224
225
226
228
229
231
232
232
232
235
236
237
237
238
239
239
239
243
244
244
245
248
249
249
250
251
251
254
255
256
258
258
258
258
260
261
262
263
263
263
269
269
270
270
272
272
273
273
274
276
276
277
278
279
282
282
283
285
287
287
288
289
289
289
290
290
291
294
295
295
297
297
298
298
299
299
300
300
300
302
302
302
303
304
307
308
308
308
309
311
312
312
312
312
313
313
314
315
316
317
318
319
323
323
323
324
325
326
328
329
330
331
334
337
337
338
342
343
343
344
345
345
345
345
348
350
354
356
356
357
357
358
358
358
361
362
362
363
364
364
365
366
366
368
369
370
371
373
373
374
374
374
376
377
383
383
383
383
384
384
385
385
388
388
388
388
388
389
390
391
392
394
394
397
398
400
401
403
404
406
407
408
408
412
413
413
414
416
418
418
419
421
421
422
423
423
424
424
425
429
429
430
431
431
433
433
434
434
436
437
437
442
442
444
445
445
445
445
446
447
448
448
449
450
451
452
454
454
455
456
457
458
458
461
462
462
464
466
466
467
467
468
472
473
477
478
479
481
481
482
482
482
482
484
486
487
488
488
488
490
490
490
491
493
494
496
498
498
500
500
504
505
506
508
509
511
511
511
512
512
514
516
517
517
519
522
523
524
524
524
526
527
527
527
529
529
529
530
531
531
531
531
532
534
536
537
537
539
539
541
541
544
545
545
545
546
546
547
547
548
549
552
553
559
560
563
565
566
566
566
567
568
569
570
572
573
575
575
576
577
577
578
578
578
578
580
580
582
583
583
586
586
588
589
589
590
590
591
593
595
597
597
598
598
601
603
603
604
604
605
606
608
610
610
610
613
613
613
614
616
616
617
618
619
622
623
624
625
625
626
626
626
628
628
629
629
631
635
635
636
637
637
639
639
639
640
641
643
644
645
646
646
649
654
654
656
656
657
657
658
658
659
659
660
661
662
662
662
662
664
664
665
666
666
666
666
667
668
669
670
670
670
672
672
674
674
674
675
676
679
679
680
681
682
683
683
683
684
685
686
687
688
688
689
691
691
691
691
694
695
695
696
697
698
699
699
701
703
705
707
707
709
710
711
715
716
717
721
721
723
723
727
728
729
729
730
731
734
734
735
735
735
736
737
737
737
738
738
739
740
742
742
743
744
746
748
749
750
750
750
751
752
753
753
753
753
753
754
754
756
757
758
758
758
761
763
763
764
764
765
767
769
769
770
771
772
773
773
773
774
774
777
778
778
779
781
781
784
787
787
788
789
790
791
792
792
794
794
795
796
798
799
800
801
804
804
804
808
808
810
811
812
813
813
814
814
818
818
819
819
820
820
821
824
825
825
826
829
830
831
832
835
840
840
842
843
843
844
844
845
845
845
845
846
846
847
848
850
851
851
852
856
856
857
860
860
861
863
863
863
863
864
864
865
866
866
867
867
868
869
869
870
870
870
871
872
872
874
874
876
877
878
878
880
880
880
880
880
881
881
882
882
883
884
885
885
885
885
888
888
888
888
889
890
891
892
893
893
898
898
898
900
901
901
903
904
904
906
907
909
911
911
911
912
913
914
914
914
914
914
915
915
916
918
918
920
920
922
922
922
924
924
924
925
925
927
928
930
931
932
933
934
934
936
937
937
937
938
939
939
939
940
940
941
942
942
942
944
944
946
946
946
947
947
951
952
953
954
955
958
958
960
963
964
967
972
972
972
972
973
973
974
974
974
975
975
976
976
977
977
978
978
978
979
980
982
982
984
987
987
987
988
989
989
992
995
998
998
999
1002
1002
1004
1004
1004
1005
1006
1011
1012
1012
1013
1013
1015
1017
1019
1019
1022
1022
1024
1024
1025
1027
1027
1028
1029
1029
1030
1032
1033
1034
1034
1035
1035
1035
1035
1039
1039
1039
1040
1043
1044
1047
1052
1053
1053
1053
1054
1055
1056
1056
1057
1057
1057
1057
1057
1058
1059
1060
1060
1061
1063
1064
1064
1065
1066
1066
1067
1067
1069
1070
1070
1071
1073
1073
1074
1075
1075
1075
1076
1077
1078
1079
1079
1081
1081
1081
1081
1082
1083
1086
1089
1091
1091
1092
1092
1093
1093
1093
1095
1095
1095
1096
1097
1098
1099
1101
1101
1102
1102
1102
1103
1103
1103
1103
1104
1104
1112
1112
1113
1113
1114
1114
1114
1116
1118
1119
1119
1119
1119
1120
1124
1125
1125
1126
1127
1128
1129
1129
1131
1131
1132
1134
1134
1138
1138
1138
1140
1141
1141
1142
1142
1143
1144
1144
1144
1144
1146
1148
1148
1150
1151
1151
1155
1156
1156
1157
1158
1159
1161
1161
1162
1164
1165
1166
1171
1172
1172
1173
1173
1175
1175
1176
1176
1177
1178
1179
1180
1180
1184
1184
1186
1189
1189
1189
1191
1191
1191
1191
1192
1193
1194
1194
1195
1197
1197
1197
1198
1199
1201
1201
1202
1203
1204
1206
1208
1209
1214
1216
1217
1219
1219
1220
1222
1222
1223
1226
1226
1226
1228
1229
1230
1230
1230
1231
1232
1233
1234
1234
1234
1235
1237
1237
1237
1238
1238
1239
1240
1240
1241
1241
1241
1242
1242
1242
1243
1245
1246
1248
1248
1248
1250
1250
1251
1251
1251
1254
1254
1255
1256
1257
1259
1259
1260
1262
1262
1264
1264
1265
1265
1266
1266
1267
1267
1267
1267
1273
1273
1275
1275
1276
1277
1277
1281
1282
1283
1284
1286
1286
1286
1289
1289
1290
1290
1291
1291
1292
1292
1293
1293
1295
1296
1296
1300
1302
1304
1305
1305
1305
1305
1307
1310
1310
1310
1311
1314
1314
1316
1316
1317
1318
1319
1319
1319
1323
1324
1325
1327
1328
1331
1331
1331
1332
1333
1334
1334
1334
1334
1335
1335
1336
1336
1336
1337
1340
1341
1342
1343
1345
1346
1348
1349
1350
1351
1351
1352
1352
1353
1354
1356
1358
1360
1360
1361
1361
1364
1364
1365
1365
1365
1367
1367
1370
1371
1374
1374
1379
1379
1381
1382
1382
1383
1384
1385
1386
1387
1387
1387
1388
1390
1390
1390
1392
1392
1395
1396
1396
1397
1398
1398
1400
1400
1401
1402
1404
1405
1407
1407
1407
1408
1408
1409
1410
1410
1411
1411
1413
1414
1414
1414
1415
1417
1417
1417
1417
1418
1418
1419
1421
1421
1422
1423
1425
1425
1425
1427
1427
1427
1427
1428
1429
1430
1431
1432
1432
1433
1434
1438
1439
1439
1440
1442
1444
1444
1444
1445
1447
1447
1448
1448
1449
1449
1449
1449
1450
1450
1451
1451
1452
1452
1455
1455
1456
1459
1460
1462
1463
1463
1464
1465
1467
1469
1470
1470
1471
1472
1472
1473
1473
1474
1475
1477
1482
1483
1484
1484
1485
1485
1485
1486
1486
1487
1488
1488
1488
1489
1490
1491
1496
1498
1499
1500
1501
1501
1502
1502
1503
1504
1505
1506
1508
1511
1511
1512
1513
1513
1514
1514
1515
1516
1517
1518
1518
1520
1522
1525
1526
1527
1527
1527
1528
1528
1530
1532
1533
1534
1535
1535
1535
1535
1536
1537
1539
1544
1545
1546
1547
1548
1549
1549
1551
1553
1554
1557
1558
1559
1559
1559
1560
1561
1563
1566
1566
1566
1567
1569
1569
1569
1570
1570
1571
1571
1572
1574
1574
1577
1577
1578
1579
1579
1580
1580
1580
1581
1583
1584
1586
1588
1588
1591
1592
1593
1594
1594
1595
1595
1595
1596
1596
1598
1598
1598
1598
1599
1601
1602
1602
1603
1604
1605
1606
1606
1608
1609
1611
1612
1612
1615
1615
1617
1617
1621
1622
1622
1623
1623
1624
1624
1624
1625
1626
1626
1629
1630
1630
1631
1631
1632
1634
1635
1636
1636
1636
1637
1637
1639
1639
1639
1639
1640
1640
1642
1645
1646
1647
1649
1650
1653
1654
1655
1655
1656
1657
1658
1659
1660
1664
1664
1665
1666
1666
1667
1667
1669
1670
1671
1671
1672
1672
1674
1675
1675
1677
1677
1677
1678
1680
1680
1681
1684
1684
1686
1688
1688
1689
1690
1691
1691
1691
1691
1691
1692
1693
1693
1693
1696
1696
1701
1702
1702
1703
1705
1706
1706
1707
1708
1708
1709
1709
1710
1712
1712
1713
1715
1715
1716
1716
1717
1721
1721
1722
1723
1724
1724
1725
1727
1727
1728
1728
1729
1730
1731
1731
1732
1733
1733
1733
1734
1736
1737
1738
1739
1739
1739
1740
1745
1745
1747
1747
1750
1752
1752
1753
1753
1754
1755
1758
1758
1760
1760
1763
1764
1765
1766
1767
1767
1767
1767
1769
1771
1775
1776
1778
1779
1779
1780
1781
1781
1781
1781
1783
1784
1787
1793
1795
1795
1796
1796
1797
1800
1801
1801
1801
1803
1804
1804
1804
1808
1810
1810
1812
1814
1815
1818
1821
1821
1822
1822
1822
1822
1822
1824
1824
1824
1825
1830
1833
1834
1836
1837
1838
1839
1839
1842
1842
1843
1844
1845
1846
1848
1848
1849
1849
1850
1852
1856
1856
1856
1856
1857
1857
1857
1858
1859
1859
1860
1860
1863
1863
1865
1865
1865
1866
1866
1868
1868
1868
1869
1869
1870
1872
1873
1874
1875
1876
1876
1877
1878
1880
1880
1883
1884
1886
1886
1886
1888
1889
1889
1890
1890
1890
1891
1891
1892
1892
1892
1895
1896
1896
1900
1901
1901
1902
1903
1903
1905
1905
1907
1910
1910
1913
1913
1914
1916
1916
1916
1917
1921
1921
1922
1924
1924
1924
1924
1926
1927
1928
1928
1930
1930
1930
1933
1935
1935
1936
1938
1943
1943
1943
1945
1945
1946
1946
1947
1948
1949
1949
1949
1950
1950
1951
1951
1953
1953
1953
1954
1955
1955
1956
1957
1958
1960
1961
1962
1963
1964
1965
1965
1965
1967
1968
1969
1969
1969
1970
1972
1972
1973
1973
1973
1974
1974
1974
1974
1975
1976
1976
1976
1977
1977
1977
1980
1980
1981
1981
1981
1982
1982
1984
1985
1986
1989
1989
1991
1992
1993
1994
1997
1999
2000
2000
2002
2002
2003
2004
2004
2005
2008
2008
2009
2010
2010
2013
2015
2016
2017
2018
2020
2021
2022
2023
2027
2027
2027
2028
2028
2029
2030
2030
2031
2038
2039
2039
2040
2040
2041
2041
2042
2043
2043
2044
2045
2045
2045
2046
2047
2047
2048
2049
2053
2056
2056
2057
2057
2057
2058
2060
2060
2061
2062
2064
2067
2067
2069
2070
2072
2075
2075
2077
2078
2078
2079
2079
2080
2083
2085
2085
2086
2086
2088
2089
2090
2091
2091
2092
2092
2092
2095
2096
2096
2097
2098
2099
2099
2100
2100
2101
2103
2105
2107
2108
2108
2109
2110
2111
2111
2111
2112
2112
2113
2113
2114
2115
2121
2121
2121
2122
2124
2127
2128
2129
2131
2133
2133
2135
2136
2137
2137
2137
2137
2141
2142
2142
2143
2144
2145
2145
2146
2146
2148
2148
2148
2149
2153
2153
2153
2153
2155
2155
2157
2158
2158
2159
2160
2164
2164
2164
2164
2167
2167
2168
2169
2172
2173
2173
2174
2174
2174
2176
2177
2177
2177
2177
2182
2182
2184
2185
2185
2188
2188
2189
2189
2190
2191
2191
2192
2192
2193
2194
2194
2195
2198
2199
2199
2199
2200
2201
2201
2202
2202
2205
2206
2206
2208
2209
2210
2211
2212
2213
2213
2214
2216
2217
2220
2222
2224
2224
2226
2226
2226
2227
2227
2228
2228
2229
2229
2230
2230
2231
2231
2232
2233
2234
2239
2240
2241
2244
2246
2246
2246
2249
2250
2250
2250
2251
2251
2253
2254
2254
2256
2256
2258
2259
2262
2262
2264
2265
2265
2270
2272
2273
2274
2276
2277
2277
2278
2279
2281
2283
2284
2284
2285
2286
2286
2287
2288
2288
2290
2290
2291
2292
2292
2293
2294
2294
2294
2294
2294
2296
2296
2296
2297
2298
2298
2303
2304
2305
2305
2309
2309
2309
2310
2312
2312
2312
2314
2314
2315
2315
2316
2318
2318
2319
2322
2323
2324
2326
2328
2328
2328
2329
2331
2333
2336
2336
2337
2339
2340
2341
2341
2342
2345
2346
2347
2347
2349
2355
2356
2357
2358
2359
2360
2362
2363
2364
2364
2365
2366
2366
2367
2369
2369
2373
2376
2377
2379
2379
2380
2381
2382
2383
2383
2384
2385
2388
2388
2389
2389
2390
2392
2394
2394
2395
2395
2396
2399
2399
2400
2401
2404
2406
2408
2409
2410
2410
2411
2413
2414
2415
2415
2415
2417
2418
2418
2419
2420
2420
2420
2421
2424
2425
2425
2425
2425
2426
2426
2427
2427
2428
2432
2433
2434
2435
2435
2436
2436
2436
2443
2443
2443
2444
2446
2447
2448
2448
2450
2451
2451
2453
2453
2456
2457
2458
2459
2459
2460
2461
2462
2463
2465
2465
2465
2465
2466
2468
2468
2469
2470
2472
2473
2473
2476
2478
2479
2479
2480
2480
2484
2485
2486
2486
2486
2487
2487
2488
2488
2489
2489
2491
2492
2493
2493
2494
2496
2498
2499
2499
2501
2501
2501
2502
2503
2503
2503
2503
2506
2506
2507
2508
2508
2510
2511
2512
2513
2515
2516
2517
2519
2522
2522
2527
2528
2529
2529
2531
2532
2532
2533
2534
2534
2534
2534
2535
2535
2536
2536
2536
2536
2538
2539
2539
2539
2539
2539
2541
2543
2546
2547
2549
2549
2550
2551
2551
2552
2552
2553
2554
2555
2559
2559
2563
2563
2564
2564
2564
2567
2568
2569
2569
2570
2571
2571
2572
2573
2573
2573
2574
2575
2577
2577
2577
2577
2579
2579
2580
2580
2581
2581
2581
2582
2584
2584
2586
2587
2588
2588
2589
2593
2594
2595
2597
2598
2599
2601
2602
2602
2605
2605
2607
2607
2609
2610
2610
2610
2612
2612
2613
2615
2616
2618
2619
2619
2620
2621
2624
2629
2629
2630
2631
2632
2637
2639
2640
2641
2641
2646
2647
2648
2649
2650
2651
2656
2656
2656
2659
2659
2659
2659
2659
2660
2660
2662
2662
2664
2664
2664
2666
2667
2670
2670
2672
2675
2679
2680
2681
2682
2683
2684
2684
2684
2685
2686
2687
2689
2690
2691
2692
2693
2693
2694
2695
2696
2698
2698
2699
2699
2700
2702
2703
2703
2703
2704
2705
2706
2707
2708
2710
2712
2713
2717
2718
2720
2721
2721
2721
2722
2723
2725
2725
2725
2726
2726
2727
2728
2728
2729
2729
2730
2731
2731
2734
2734
2734
2735
2736
2737
2738
2738
2739
2741
2741
2741
2745
2746
2747
2748
2750
2751
2751
2753
2753
2755
2755
2756
2756
2757
2758
2763
2763
2764
2765
2766
2769
2769
2770
2770
2771
2774
2774
2774
2775
2775
2775
2775
2775
2778
2781
2782
2782
2783
2786
2786
2787
2788
2790
2796
2797
2797
2798
2799
2801
2801
2802
2803
2804
2805
2806
2808
2808
2812
2813
2814
2816
2817
2818
2819
2819
2820
2820
2821
2823
2824
2826
2827
2828
2828
2828
2828
2829
2832
2833
2837
2837
2839
2839
2839
2842
2843
2844
2845
2846
2846
2846
2847
2848
2848
2849
2851
2852
2852
2853
2854
2855
2856
2856
2858
2859
2863
2863
2865
2865
2866
2866
2869
2870
2874
2875
2878
2879
2879
2879
2880
2881
2883
2884
2885
2888
2888
2890
2891
2892
2892
2893
2893
2894
2896
2897
2898
2899
2901
2902
2902
2903
2904
2904
2906
2906
2910
2910
2914
2916
2916
2916
2916
2916
2917
2921
2921
2922
2922
2922
2922
2923
2924
2924
2926
2927
2927
2929
2929
2930
2931
2931
2932
2932
2933
2933
2934
2935
2936
2939
2939
2940
2942
2943
2944
2944
2945
2945
2946
2946
2947
2947
2948
2951
2951
2952
2952
2952
2957
2960
2962
2962
2962
2963
2964
2964
2965
2965
2965
2967
2969
2970
2970
2972
2975
2975
2976
2977
2980
2981
2985
2986
2989
2990
2992
2993
2999
2999
2999
3002
3002
3003
3003
3004
3004
3005
3006
3008
3009
3009
3011
3011
3013
3014
3014
3016
3016
3017
3018
3019
3020
3024
3025
3025
3025
3027
3027
3028
3028
3029
3029
3029
3030
3032
3032
3033
3035
3035
3036
3036
3038
3038
3039
3039
3042
3042
3042
3043
3045
3051
3051
3051
3052
3052
3055
3056
3056
3057
3060
3060
3062
3063
3063
3063
3065
3065
3067
3069
3069
3069
3070
3070
3071
3072
3073
3077
3078
3078
3079
3080
3081
3081
3081
3081
3081
3082
3083
3083
3086
3087
3090
3090
3090
3091
3091
3092
3092
3094
3094
3096
3096
3098
3099
3100
3101
3101
3101
3103
3106
3107
3107
3108
3109
3110
3111
3112
3116
3117
3119
3120
3120
3120
3122
3126
3127
3127
3128
3129
3129
3132
3132
3132
3133
3136
3137
3138
3139
3139
3139
3140
3140
3143
3144
3144
3145
3146
3148
3149
3150
3151
3151
3152
3152
3156
3156
3156
3157
3157
3157
3157
3157
3160
3161
3162
3162
3163
3163
3166
3166
3167
3170
3170
3171
3173
3173
3174
3174
3174
3175
3176
3177
3177
3178
3179
3179
3179
3180
3183
3184
3184
3184
3185
3189
3190
3191
3192
3193
3193
3193
3194
3195
3195
3195
3195
3196
3196
3197
3197
3198
3198
3201
3201
3202
3203
3205
3206
3207
3208
3208
3208
3209
3213
3213
3216
3218
3221
3221
3221
3230
3231
3231
3232
3238
3239
3239
3241
3243
3244
3244
3246
3246
3246
3247
3248
3248
3249
3249
3250
3251
3251
3252
3252
3253
3254
3255
3255
3256
3256
3257
3258
3258
3259
3259
3259
3261
3262
3262
3263
3265
3266
3266
3266
3268
3270
3271
3271
3272
3272
3272
3272
3274
3274
3274
3275
3276
3277
3279
3280
3280
3281
3281
3282
3283
3283
3283
3284
3284
3288
3289
3289
3290
3291
3293
3293
3294
3295
3298
3301
3302
3302
3304
3305
3306
3308
3310
3311
3312
3312
3313
3313
3313
3314
3316
3316
3317
3319
3322
3322
3324
3324
3324
3325
3327
3329
3329
3330
3330
3332
3332
3333
3335
3336
3337
3339
3339
3340
3343
3344
3344
3345
3346
3346
3347
3347
3351
3351
3351
3352
3353
3354
3354
3357
3357
3357
3358
3359
3359
3359
3360
3361
3362
3363
3363
3363
3364
3365
3365
3365
3365
3366
3366
3368
3370
3370
3370
3371
3372
3373
3374
3374
3375
3378
3378
3379
3380
3381
3382
3382
3384
3385
3386
3388
3388
3389
3396
3397
3397
3398
3399
3399
3401
3402
3402
3403
3404
3406
3407
3409
3410
3410
3410
3411
3411
3413
3414
3415
3415
3416
3418
3419
3420
3420
3422
3423
3424
3425
3431
3431
3432
3434
3437
3438
3438
3440
3441
3444
3447
3452
3455
3458
3462
3463
3463
3463
3464
3466
3467
3468
3468
3471
3472
3473
3474
3475
3476
3476
3477
3478
3478
3480
3481
3482
3483
3483
3485
3486
3487
3487
3487
3490
3490
3491
3491
3491
3491
3491
3493
3495
3497
3498
3498
3499
3500
3500
3500
3501
3501
3506
3507
3507
3508
3509
3509
3509
3510
3510
3510
3512
3514
3515
3516
3516
3518
3523
3525
3527
3529
3532
3532
3533
3533
3534
3534
3535
3536
3537
3537
3538
3538
3539
3540
3540
3541
3543
3543
3544
3544
3546
3547
3547
3548
3549
3549
3552
3553
3554
3555
3556
3558
3558
3563
3565
3567
3567
3567
3572
3573
3574
3575
3577
3577
3577
3580
3581
3582
3582
3582
3583
3585
3585
3585
3589
3591
3592
3593
3595
3595
3597
3598
3599
3600
3600
3606
3606
3606
3606
3606
3608
3610
3610
3612
3612
3613
3616
3616
3621
3623
3625
3628
3629
3632
3633
3634
3635
3637
3637
3638
3638
3639
3639
3639
3641
3643
3644
3646
3646
3648
3649
3652
3653
3654
3655
3656
3658
3658
3658
3659
3660
3661
3661
3663
3664
3670
3671
3672
3672
3672
3675
3675
3676
3676
3677
3678
3678
3681
3682
3683
3683
3683
3685
3685
3686
3686
3689
3690
3693
3694
3694
3695
3695
3696
3697
3697
3698
3698
3698
3699
3699
3699
3699
3700
3706
3708
3710
3710
3711
3711
3712
3715
3717
3718
3719
3721
3722
3723
3724
3724
3724
3725
3725
3727
3727
3728
3729
3729
3731
3731
3732
3732
3732
3732
3732
3732
3733
3733
3735
3735
3736
3736
3736
3738
3738
3740
3740
3741
3743
3744
3750
3751
3752
3752
3753
3754
3754
3754
3755
3755
3757
3757
3758
3758
3761
3764
3766
3766
3768
3768
3768
3769
3770
3773
3773
3777
3780
3780
3780
3780
3782
3782
3783
3784
3785
3787
3787
3791
3792
3793
3794
3794
3795
3797
3798
3801
3802
3805
3806
3806
3808
3809
3812
3813
3814
3816
3818
3818
3819
3820
3821
3821
3821
3822
3826
3828
3828
3829
3829
3830
3830
3832
3833
3834
3834
3835
3835
3835
3836
3837
3840
3841
3842
3844
3844
3844
3847
3849
3849
3850
3853
3853
3855
3856
3857
3857
3858
3860
3860
3861
3861
3862
3862
3862
3863
3864
3864
3865
3865
3866
3867
3868
3869
3869
3869
3871
3871
3872
3878
3878
3879
3879
3879
3880
3880
3882
3882
3883
3883
3884
3884
3885
3885
3886
3887
3889
3891
3891
3892
3893
3893
3894
3894
3895
3895
3897
3898
3898
3898
3898
3899
3902
3903
3905
3906
3908
3909
3910
3910
3911
3912
3912
3913
3913
3915
3916
3917
3917
3918
3919
3919
3920
3922
3922
3924
3924
3924
3924
3925
3926
3926
3928
3929
3930
3931
3932
3933
3934
3934
3934
3938
3939
3941
3941
3941
3942
3942
3943
3944
3945
3945
3946
3950
3951
3951
3952
3952
3952
3954
3954
3955
3955
3958
3958
3963
3963
3964
3965
3965
3965
3965
3966
3968
3971
3971
3973
3974
3974
3974
3974
3978
3980
3980
3980
3980
3980
3981
3981
3984
3985
3988
3988
3990
3990
3990
3993
3996
3996
3997
3997
3998
3998
3999
4001
4003
4003
4004
4005
4006
4006
4007
4009
4010
4010
4010
4012
4012
4016
4016
4016
4016
4017
4017
4018
4020
4021
4023
4023
4024
4026
4026
4029
4029
4030
4031
4033
4034
4034
4035
4036
4038
4040
4041
4042
4043
4044
4045
4045
4047
4048
4050
4050
4050
4051
4052
4053
4056
4057
4059
4059
4061
4061
4061
4063
4063
4063
4064
4064
4066
4069
4069
4069
4070
4075
4075
4076
4077
4078
4078
4079
4079
4080
4081
4081
4082
4082
4082
4084
4084
4085
4088
4089
4089
4089
4090
4091
4092
4093
4093
4094
4094
4098
4099
4099
4100
4101
4101
4102
4102
4103
4105
4105
4106
4108
4108
4108
4108
4109
4109
4110
4110
4110
4110
4111
4112
4113
4114
4114
4115
4119
4121
4123
4124
4124
4125
4127
4129
4129
4129
4130
4131
4132
4133
4134
4134
4137
4138
4140
4141
4141
4141
4141
4142
4143
4144
4144
4144
4146
4146
4146
4146
4148
4149
4149
4150
4151
4151
4153
4153
4153
4153
4154
4156
4157
4161
4164
4165
4165
4166
4167
4167
4167
4168
4168
4169
4169
4170
4170
4171
4173
4174
4174
4175
4175
4176
4176
4176
4177
4178
4178
4179
4180
4180
4180
4182
4185
4187
4191
4192
4192
4193
4194
4195
4201
4202
4203
4204
4205
4208
4208
4210
4210
4213
4215
4216
4217
4219
4221
4223
4224
4224
4225
4226
4226
4229
4230
4230
4231
4231
4231
4233
4233
4234
4234
4235
4235
4235
4236
4236
4236
4237
4241
4243
4244
4244
4246
4247
4248
4248
4250
4252
4254
4254
4254
4255
4257
4262
4265
4267
4268
4270
4271
4272
4272
4273
4273
4274
4277
4279
4281
4281
4281
4283
4284
4284
4285
4285
4285
4286
4287
4287
4287
4287
4288
4288
4291
4291
4294
4294
4295
4297
4297
4300
4300
4301
4302
4303
4303
4305
4306
4307
4308
4308
4308
4309
4309
4309
4312
4313
4314
4315
4316
4316
4317
4317
4318
4318
4320
4321
4321
4321
4322
4324
4324
4325
4325
4326
4326
4329
4330
4332
4333
4334
4336
4337
4337
4338
4339
4339
4339
4342
4342
4344
4345
4345
4346
4347
4347
4348
4348
4348
4348
4350
4350
4351
4351
4351
4351
4352
4353
4358
4358
4360
4360
4361
4361
4362
4363
4364
4364
4366
4367
4369
4370
4371
4373
4374
4374
4374
4377
4378
4378
4378
4379
4379
4380
4382
4382
4382
4383
4384
4385
4385
4385
4386
4387
4388
4389
4390
4391
4392
4392
4393
4393
4393
4393
4394
4395
4396
4397
4398
4399
4400
4401
4401
4401
4403
4405
4407
4408
4410
4411
4413
4413
4414
4414
4416
4417
4418
4419
4420
4423
4423
4423
4424
4424
4425
4427
4429
4429
4430
4430
4431
4432
4432
4433
4434
4435
4435
4435
4438
4440
4441
4443
4444
4445
4448
4448
4450
4451
4451
4452
4453
4454
4454
4455
4458
4460
4460
4460
4461
4462
4462
4465
4467
4468
4468
4472
4473
4474
4475
4478
4480
4481
4482
4482
4482
4483
4484
4486
4486
4487
4487
4487
4489
4489
4491
4491
4492
4492
4492
4493
4494
4495
4496
4497
4497
4497
4498
4499
4503
4505
4506
4506
4508
4510
4510
4513
4516
4517
4517
4517
4517
4518
4519
4520
4520
4521
4521
4522
4522
4523
4524
4525
4525
4525
4529
4530
4530
4534
4536
4536
4536
4539
4539
4540
4541
4543
4543
4543
4546
4547
4547
4550
4550
4550
4551
4551
4551
4552
4552
4553
4553
4553
4553
4554
4559
4559
4560
4560
4560
4560
4560
4561
4561
4563
4564
4564
4564
4565
4566
4567
4567
4570
4574
4574
4576
4576
4576
4578
4579
4579
4580
4580
4583
4583
4583
4583
4584
4586
4588
4588
4590
4593
4593
4595
4597
4597
4598
4598
4598
4599
4600
4601
4601
4601
4602
4602
4603
4604
4605
4605
4607
4609
4609
4610
4610
4611
4611
4612
4613
4616
4617
4618
4618
4620
4623
4624
4625
4625
4625
4626
4626
4627
4627
4627
4628
4628
4629
4629
4631
4633
4634
4634
4634
4635
4635
4636
4639
4639
4640
4642
4642
4642
4644
4645
4646
4648
4649
4649
4650
4651
4651
4651
4651
4654
4657
4657
4658
4660
4661
4661
4662
4662
4662
4662
4663
4664
4664
4666
4667
4670
4670
4670
4671
4671
4673
4675
4676
4677
4677
4678
4679
4680
4680
4680
4680
4681
4682
4682
4682
4684
4684
4684
4685
4685
4685
4686
4688
4691
4695
4699
4700
4701
4704
4705
4706
4707
4707
4708
4708
4710
4711
4711
4711
4713
4713
4714
4714
4715
4715
4715
4717
4719
4720
4721
4721
4721
4725
4727
4730
4730
4731
4733
4733
4735
4736
4737
4738
4739
4739
4743
4743
4745
4746
4747
4747
4749
4749
4750
4751
4752
4754
4754
4755
4756
4757
4758
4760
4761
4762
4763
4764
4764
4765
4766
4766
4767
4769
4771
4773
4775
4776
4777
4777
4778
4778
4782
4783
4783
4783
4784
4784
4784
4784
4785
4786
4788
4789
4790
4791
4792
4794
4795
4795
4796
4797
4798
4798
4799
4799
4799
4803
4804
4804
4805
4805
4805
4807
4807
4810
4810
4811
4812
4813
4814
4816
4818
4818
4819
4819
4819
4821
4824
4824
4826
4826
4827
4829
4830
4831
4832
4834
4836
4836
4837
4838
4838
4838
4841
4843
4845
4846
4846
4847
4849
4849
4850
4850
4851
4851
4852
4853
4854
4855
4856
4856
4857
4859
4859
4859
4860
4860
4863
4863
4863
4864
4864
4864
4867
4870
4871
4871
4871
4872
4872
4872
4872
4876
4877
4877
4878
4878
4879
4880
4881
4882
4882
4883
4884
4884
4884
4885
4885
4889
4891
4892
4892
4893
4899
4901
4901
4902
4904
4908
4909
4910
4910
4910
4910
4911
4912
4913
4914
4917
4919
4919
4919
4920
4920
4921
4922
4923
4924
4928
4928
4929
4930
4930
4932
4932
4932
4938
4938
4938
4939
4939
4940
4941
4942
4943
4943
4943
4944
4945
4947
4947
4948
4950
4950
4951
4951
4952
4952
4953
4959
4959
4959
4961
4961
4962
4962
4962
4963
4964
4964
4967
4970
4972
4972
4972
4973
4974
4974
4975
4976
4976
4976
4978
4980
4984
4984
4986
4989
4989
4990
4991
4991
4992
4993
4997
5000
5001
5002
5002
5002
5003
5004
5005
5005
5007
5008
5008
5009
5009
5011
5011
5013
5013
5013
5016
5016
5017
5019
5020
5021
5023
5024
5024
5025
5027
5027
5029
5030
5031
5032
5033
5035
5036
5039
5039
5040
5040
5040
5041
5043
5043
5044
5044
5046
5047
5049
5049
5053
5053
5056
5057
5058
5058
5059
5061
5062
5063
5065
5068
5068
5069
5071
5072
5074
5074
5074
5074
5077
5077
5077
5078
5079
5079
5079
5081
5082
5082
5083
5083
5084
5086
5086
5087
5089
5091
5091
5092
5093
5094
5094
5097
5097
5098
5100
5100
5101
5101
5103
5103
5104
5104
5105
5106
5107
5107
5109
5113
5113
5117
5119
5120
5121
5122
5122
5122
5123
5125
5125
5128
5129
5129
5129
5129
5130
5131
5131
5132
5132
5132
5132
5134
5135
5137
5137
5137
5138
5139
5139
5141
5141
5142
5146
5147
5147
5147
5148
5149
5149
5150
5155
5155
5155
5158
5159
5159
5159
5160
5161
5163
5165
5165
5166
5167
5167
5168
5168
5168
5169
5170
5172
5172
5173
5176
5176
5177
5177
5179
5179
5180
5183
5183
5185
5185
5186
5186
5186
5187
5188
5189
5190
5195
5195
5195
5196
5196
5197
5197
5198
5198
5199
5199
5200
5200
5201
5201
5202
5204
5205
5206
5207
5207
5209
5209
5209
5210
5210
5212
5212
5212
5215
5215
5217
5218
5219
5219
5220
5222
5223
5223
5225
5225
5227
5228
5229
5230
5230
5230
5231
5233
5234
5238
5239
5239
5242
5243
5243
5244
5245
5246
5250
5250
5251
5252
5252
5254
5256
5256
5257
5259
5262
5262
5262
5263
5266
5269
5270
5270
5271
5271
5271
5271
5272
5272
5273
5274
5274
5280
5282
5285
5285
5287
5291
5291
5292
5293
5294
5294
5295
5295
5297
5299
5299
5300
5300
5300
5301
5303
5303
5304
5305
5305
5305
5305
5305
5306
5306
5306
5307
5307
5307
5308
5309
5310
5310
5312
5312
5313
5314
5315
5316
5321
5321
5322
5322
5323
5326
5326
5327
5328
5329
5331
5332
5332
5333
5333
5335
5336
5336
5337
5338
5341
5343
5344
5345
5345
5347
5349
5349
5351
5352
5352
5353
5354
5354
5355
5355
5357
5358
5358
5359
5360
5361
5362
5362
5363
5364
5365
5366
5371
5373
5374
5374
5376
5376
5377
5378
5380
5380
5380
5380
5381
5381
5383
5383
5383
5383
5384
5385
5386
5386
5387
5388
5389
5389
5392
5392
5393
5395
5396
5397
5397
5397
5399
5402
5403
5403
5406
5406
5407
5407
5408
5408
5409
5409
5409
5415
5419
5419
5420
5421
5422
5423
5423
5423
5423
5425
5425
5427
5427
5427
5427
5429
5430
5431
5431
5432
5432
5432
5432
5433
5433
5435
5435
5438
5439
5439
5440
5442
5443
5443
5444
5446
5446
5447
5447
5452
5453
5454
5456
5456
5458
5459
5461
5464
5465
5467
5467
5467
5468
5469
5469
5469
5470
5471
5471
5471
5472
5473
5473
5474
5475
5475
5476
5478
5479
5479
5480
5481
5481
5482
5482
5483
5484
5484
5485
5485
5489
5490
5491
5491
5491
5491
5495
5496
5496
5498
5498
5501
5502
5503
5503
5504
5506
5506
5506
5507
5510
5511
5513
5513
5513
5514
5515
5516
5516
5517
5518
5518
5520
5522
5522
5522
5523
5526
5529
5531
5531
5533
5533
5533
5533
5533
5536
5537
5540
5541
5542
5542
5544
5545
5545
5546
5547
5548
5549
5549
5552
5552
5555
5557
5557
5557
5558
5562
5562
5562
5563
5563
5564
5564
5564
5565
5566
5567
5567
5568
5569
5570
5571
5573
5575
5575
5577
5579
5580
5582
5583
5583
5584
5584
5584
5584
5584
5585
5585
5586
5587
5588
5589
5590
5590
5591
5591
5592
5593
5593
5593
5594
5594
5595
5595
5596
5598
5599
5600
5602
5603
5605
5605
5607
5608
5610
5610
5610
5612
5613
5613
5614
5614
5615
5615
5616
5618
5620
5621
5621
5621
5622
5622
5623
5623
5623
5624
5625
5626
5628
5630
5634
5635
5635
5636
5637
5637
5639
5639
5639
5640
5640
5641
5644
5644
5644
5645
5645
5647
5651
5652
5653
5653
5653
5657
5657
5658
5660
5661
5661
5665
5666
5667
5667
5668
5668
5669
5671
5671
5672
5673
5673
5674
5674
5679
5680
5681
5681
5682
5683
5684
5685
5686
5686
5687
5687
5687
5687
5689
5693
5694
5694
5695
5695
5695
5696
5696
5698
5698
5699
5700
5701
5703
5703
5704
5705
5706
5709
5709
5709
5709
5710
5712
5712
5712
5712
5714
5714
5714
5718
5719
5720
5721
5722
5722
5723
5723
5724
5724
5727
5727
5728
5728
5730
5731
5732
5732
5733
5734
5737
5737
5739
5739
5740
5740
5741
5741
5743
5746
5748
5752
5754
5758
5758
5759
5759
5765
5767
5770
5770
5771
5771
5772
5774
5774
5775
5776
5777
5777
5779
5780
5781
5782
5783
5784
5784
5785
5789
5791
5791
5793
5793
5795
5798
5798
5799
5800
5800
5800
5801
5802
5802
5802
5805
5806
5807
5809
5809
5810
5811
5811
5812
5813
5813
5813
5815
5816
5816
5818
5819
5820
5820
5821
5821
5822
5823
5823
5823
5824
5824
5824
5825
5825
5825
5827
5827
5829
5829
5830
5831
5832
5832
5834
5835
5835
5836
5837
5837
5839
5840
5840
5844
5845
5846
5847
5849
5850
5851
5851
5851
5853
5853
5854
5857
5859
5859
5861
5864
5864
5865
5867
5867
5868
5869
5871
5872
5873
5874
5875
5875
5876
5876
5879
5879
5880
5884
5885
5885
5885
5886
5887
5888
5889
5889
5889
5889
5890
5891
5893
5893
5893
5894
5895
5896
5897
5899
5900
5900
5901
5902
5903
5904
5905
5907
5908
5908
5909
5909
5909
5911
5911
5912
5912
5913
5915
5915
5915
5916
5917
5917
5918
5918
5920
5920
5920
5922
5923
5924
5927
5930
5932
5933
5935
5936
5936
5937
5937
5938
5940
5944
5944
5945
5945
5947
5947
5950
5950
5950
5953
5953
5956
5957
5958
5959
5960
5961
5963
5963
5964
5966
5966
5967
5967
5967
5968
5968
5970
5970
5971
5972
5972
5972
5974
5974
5975
5976
5978
5979
5980
5980
5981
5981
5983
5984
5984
5986
5987
5988
5989
5990
5991
5992
5992
5992
5992
5993
5993
5995
5996
5997
5999
6001
6003
6005
6005
6006
6008
6011
6011
6011
6012
6012
6013
6014
6014
6015
6017
6017
6018
6018
6018
6019
6020
6020
6022
6022
6022
6025
6025
6028
6028
6028
6029
6030
6031
6031
6032
6036
6036
6036
6037
6038
6038
6039
6040
6042
6044
6044
6044
6045
6046
6046
6046
6047
6048
6048
6050
6050
6051
6051
6051
6051
6052
6053
6053
6054
6054
6055
6056
6056
6057
6059
6061
6062
6062
6062
6062
6062
6064
6064
6066
6067
6067
6068
6069
6072
6072
6072
6072
6073
6075
6076
6076
6077
6079
6079
6080
6081
6081
6083
6083
6084
6085
6086
6086
6088
6091
6091
6092
6092
6093
6094
6094
6095
6095
6095
6097
6097
6099
6100
6101
6103
6103
6105
6105
6106
6106
6106
6106
6106
6108
6109
6111
6112
6113
6114
6115
6115
6116
6116
6118
6119
6122
6123
6123
6123
6123
6124
6125
6125
6127
6127
6128
6129
6129
6130
6130
6131
6133
6135
6138
6139
6141
6146
6147
6151
6155
6155
6156
6156
6158
6158
6159
6160
6160
6162
6163
6163
6164
6165
6166
6168
6169
6169
6169
6170
6172
6172
6174
6178
6178
6180
6183
6183
6184
6184
6185
6185
6188
6188
6189
6190
6191
6193
6195
6196
6196
6200
6200
6201
6202
6202
6202
6203
6203
6204
6204
6206
6206
6206
6207
6208
6210
6211
6212
6212
6213
6213
6214
6215
6215
6216
6218
6218
6218
6219
6220
6221
6221
6223
6225
6225
6226
6226
6227
6228
6229
6229
6229
6230
6230
6231
6234
6234
6234
6235
6238
6240
6241
6242
6242
6244
6246
6249
6250
6252
6252
6253
6255
6256
6257
6258
6262
6264
6266
6266
6268
6270
6271
6272
6273
6274
6275
6277
6278
6279
6282
6283
6283
6284
6287
6288
6288
6289
6289
6290
6291
6292
6294
6294
6295
6295
6296
6299
6299
6303
6304
6305
6305
6306
6306
6306
6306
6306
6307
6307
6309
6309
6309
6310
6311
6312
6312
6313
6314
6316
6317
6325
6327
6327
6328
6328
6330
6331
6331
6333
6333
6335
6335
6336
6336
6336
6336
6338
6338
6338
6339
6340
6342
6344
6346
6346
6347
6347
6351
6354
6355
6355
6356
6357
6358
6361
6362
6362
6363
6364
6364
6364
6366
6366
6367
6367
6368
6368
6369
6370
6373
6373
6375
6376
6377
6378
6378
6379
6379
6380
6382
6383
6384
6387
6387
6391
6391
6395
6395
6396
6397
6399
6402
6403
6404
6404
6405
6405
6405
6407
6407
6408
6409
6409
6409
6411
6414
6414
6415
6415
6417
6417
6418
6419
6419
6419
6420
6420
6422
6422
6422
6423
6426
6426
6426
6427
6427
6431
6433
6433
6434
6434
6434
6435
6436
6436
6438
6438
6441
6441
6442
6443
6444
6445
6446
6447
6448
6450
6450
6450
6451
6451
6455
6455
6458
6458
6459
6459
6460
6461
6462
6462
6464
6464
6465
6468
6468
6472
6473
6474
6474
6475
6476
6476
6477
6477
6477
6478
6478
6481
6481
6482
6483
6483
6483
6484
6485
6486
6487
6487
6488
6488
6491
6491
6491
6494
6495
6495
6496
6497
6497
6497
6498
6498
6498
6499
6501
6502
6502
6503
6503
6504
6505
6506
6506
6507
6508
6510
6510
6511
6511
6511
6512
6513
6513
6513
6513
6514
6515
6516
6518
6519
6519
6521
6522
6522
6522
6523
6524
6525
6527
6528
6530
6531
6531
6532
6532
6533
6533
6533
6534
6534
6536
6537
6538
6538
6538
6540
6541
6541
6542
6544
6545
6545
6545
6547
6550
6552
6552
6554
6556
6556
6557
6557
6557
6558
6559
6560
6561
6561
6563
6564
6566
6566
6567
6567
6568
6568
6569
6571
6572
6575
6577
6579
6580
6580
6581
6582
6582
6583
6583
6585
6585
6587
6589
6590
6590
6590
6594
6597
6597
6599
6600
6600
6600
6601
6602
6606
6606
6607
6607
6607
6608
6608
6608
6610
6615
6617
6618
6619
6620
6620
6620
6623
6623
6623
6624
6625
6626
6626
6626
6627
6628
6628
6629
6630
6630
6631
6632
6638
6640
6640
6640
6641
6641
6641
6644
6645
6649
6652
6652
6653
6655
6655
6656
6657
6658
6658
6659
6661
6662
6663
6663
6665
6666
6668
6669
6669
6670
6671
6672
6674
6674
6675
6677
6679
6680
6682
6684
6685
6686
6688
6690
6690
6691
6692
6692
6693
6693
6693
6694
6694
6695
6697
6698
6698
6699
6700
6700
6701
6703
6705
6707
6708
6708
6708
6708
6709
6710
6711
6711
6711
6713
6717
6717
6717
6718
6719
6719
6722
6723
6726
6726
6726
6726
6727
6727
6730
6731
6732
6732
6733
6735
6735
6739
6740
6742
6743
6743
6744
6745
6747
6747
6748
6749
6749
6749
6750
6753
6756
6757
6758
6758
6759
6761
6764
6765
6765
6766
6768
6769
6770
6771
6772
6772
6773
6774
6778
6778
6780
6781
6781
6781
6782
6785
6786
6787
6789
6789
6789
6790
6791
6791
6791
6792
6795
6795
6798
6798
6799
6799
6800
6802
6806
6807
6809
6809
6809
6810
6811
6814
6814
6816
6817
6818
6818
6818
6819
6820
6822
6823
6823
6823
6823
6824
6824
6825
6828
6829
6835
6836
6836
6836
6840
6842
6842
6842
6842
6844
6844
6844
6844
6845
6847
6848
6848
6849
6849
6851
6852
6855
6856
6857
6857
6859
6860
6862
6862
6863
6863
6864
6866
6867
6868
6873
6874
6875
6877
6877
6877
6880
6881
6882
6883
6884
6886
6886
6886
6887
6887
6889
6891
6892
6892
6893
6893
6894
6895
6895
6895
6896
6896
6896
6898
6898
6899
6902
6904
6904
6904
6905
6908
6909
6911
6911
6912
6913
6913
6914
6916
6917
6917
6918
6920
6920
6920
6920
6921
6921
6923
6925
6927
6927
6927
6929
6929
6929
6932
6935
6935
6936
6937
6938
6942
6942
6947
6948
6948
6948
6949
6950
6950
6952
6952
6953
6955
6956
6956
6958
6958
6958
6959
6959
6960
6960
6960
6962
6962
6963
6963
6963
6964
6964
6966
6967
6969
6969
6971
6972
6973
6973
6974
6974
6975
6976
6976
6977
6977
6979
6982
6982
6983
6984
6984
6988
6990
6994
6994
6995
6996
6996
6998
6998
6999
7000
7001
7002
7002
7003
7005
7005
7005
7006
7006
7006
7007
7008
7008
7008
7009
7009
7010
7010
7012
7012
7012
7015
7015
7017
7018
7020
7021
7023
7025
7025
7026
7026
7026
7028
7029
7029
7030
7031
7031
7032
7033
7033
7033
7034
7035
7036
7036
7039
7042
7043
7044
7044
7045
7047
7047
7048
7048
7049
7051
7052
7052
7052
7053
7053
7054
7058
7059
7060
7060
7062
7066
7067
7067
7067
7067
7070
7070
7071
7073
7077
7078
7079
7079
7079
7080
7080
7081
7081
7082
7082
7083
7084
7084
7085
7085
7085
7085
7085
7087
7087
7088
7089
7094
7094
7094
7095
7096
7096
7097
7097
7097
7103
7105
7105
7107
7110
7111
7112
7112
7114
7115
7115
7117
7117
7118
7119
7120
7122
7122
7124
7125
7126
7128
7129
7131
7131
7132
7132
7133
7134
7134
7135
7136
7136
7137
7137
7138
7138
7138
7139
7139
7141
7142
7142
7143
7143
7144
7144
7146
7147
7148
7148
7151
7153
7162
7164
7164
7165
7165
7166
7166
7166
7168
7168
7171
7171
7171
7172
7175
7176
7176
7178
7178
7179
7179
7179
7180
7182
7183
7183
7185
7185
7189
7189
7189
7190
7190
7191
7192
7193
7195
7195
7195
7197
7197
7198
7199
7201
7202
7203
7203
7204
7206
7208
7209
7209
7211
7211
7211
7212
7213
7214
7214
7214
7214
7216
7216
7216
7217
7219
7220
7221
7222
7222
7222
7223
7224
7224
7224
7225
7228
7229
7230
7233
7235
7235
7236
7237
7239
7239
7239
7241
7242
7243
7244
7244
7244
7244
7245
7248
7248
7250
7253
7255
7258
7259
7261
7262
7263
7266
7267
7268
7270
7272
7272
7274
7274
7274
7274
7276
7276
7277
7277
7278
7278
7278
7278
7281
7282
7287
7287
7287
7287
7290
7290
7291
7292
7292
7292
7292
7293
7294
7294
7295
7296
7298
7300
7300
7302
7303
7305
7305
7309
7311
7314
7314
7314
7316
7318
7319
7319
7320
7321
7321
7324
7324
7326
7326
7326
7327
7327
7328
7328
7330
7330
7331
7331
7332
7332
7333
7335
7336
7337
7340
7342
7342
7343
7343
7345
7346
7346
7347
7348
7349
7356
7357
7358
7360
7360
7362
7363
7363
7363
7364
7365
7366
7366
7366
7368
7369
7370
7370
7371
7372
7373
7377
7377
7378
7378
7379
7380
7383
7384
7385
7386
7389
7390
7391
7391
7391
7392
7393
7393
7394
7394
7394
7394
7397
7397
7401
7401
7402
7402
7403
7405
7405
7407
7408
7409
7411
7414
7418
7418
7418
7419
7420
7421
7421
7422
7422
7424
7426
7429
7429
7434
7434
7437
7438
7439
7440
7440
7441
7441
7442
7443
7444
7446
7446
7447
7448
7450
7450
7451
7451
7452
7452
7452
7453
7454
7454
7455
7458
7459
7459
7461
7461
7462
7462
7463
7464
7466
7467
7469
7469
7469
7472
7473
7473
7474
7474
7475
7475
7476
7476
7477
7477
7478
7478
7478
7479
7479
7480
7480
7481
7483
7483
7484
7484
7487
7488
7488
7488
7489
7490
7494
7494
7494
7494
7495
7496
7496
7498
7500
7501
7501
7502
7503
7503
7503
7505
7506
7508
7509
7511
7511
7515
7516
7518
7518
7521
7521
7521
7521
7522
7522
7524
7525
7526
7526
7526
7526
7528
7529
7529
7533
7536
7537
7538
7538
7538
7541
7543
7543
7544
7544
7544
7545
7548
7550
7550
7550
7550
7552
7552
7554
7556
7557
7559
7564
7566
7567
7570
7571
7573
7573
7573
7574
7577
7578
7578
7579
7580
7580
7580
7580
7580
7582
7583
7583
7583
7585
7585
7585
7586
7586
7587
7590
7591
7592
7594
7595
7596
7598
7599
7600
7600
7600
7602
7604
7605
7605
7605
7605
7606
7606
7607
7608
7608
7610
7610
7612
7619
7620
7620
7622
7622
7624
7624
7625
7626
7627
7629
7630
7630
7630
7630
7631
7631
7631
7632
7635
7636
7636
7636
7638
7638
7640
7640
7642
7643
7647
7651
7658
7662
7663
7663
7664
7664
7664
7666
7667
7668
7670
7670
7670
7671
7671
7671
7673
7674
7674
7674
7675
7675
7676
7677
7679
7680
7680
7680
7681
7681
7682
7682
7682
7683
7684
7687
7687
7688
7688
7689
7689
7690
7691
7691
7692
7692
7693
7693
7694
7694
7694
7696
7696
7697
7698
7699
7699
7700
7700
7700
7701
7701
7702
7702
7703
7703
7706
7708
7708
7709
7709
7710
7711
7711
7713
7713
7714
7715
7715
7716
7716
7716
7717
7718
7719
7719
7721
7722
7723
7723
7723
7723
7725
7727
7727
7728
7728
7732
7732
7733
7735
7737
7738
7739
7739
7739
7739
7742
7744
7744
7745
7746
7747
7748
7748
7749
7749
7750
7750
7751
7752
7752
7755
7755
7755
7755
7756
7756
7757
7759
7760
7763
7763
7764
7765
7767
7768
7769
7771
7773
7773
7774
7776
7776
7777
7778
7778
7779
7779
7780
7783
7784
7784
7787
7788
7788
7789
7789
7790
7791
7791
7793
7793
7793
7794
7794
7797
7800
7800
7800
7800
7800
7801
7801
7802
7807
7808
7809
7809
7809
7811
7812
7813
7813
7816
7816
7818
7818
7819
7821
7822
7825
7826
7826
7826
7828
7830
7830
7831
7832
7833
7833
7838
7839
7839
7839
7841
7842
7842
7843
7844
7845
7846
7848
7849
7850
7850
7851
7852
7854
7855
7855
7856
7858
7858
7860
7861
7861
7862
7865
7866
7867
7869
7869
7871
7871
7873
7874
7875
7876
7878
7879
7880
7881
7881
7882
7883
7885
7887
7889
7889
7889
7891
7892
7893
7893
7899
7899
7900
7902
7904
7905
7905
7907
7907
7907
7908
7909
7912
7912
7912
7913
7918
7919
7923
7924
7925
7925
7929
7930
7931
7932
7933
7933
7934
7934
7935
7936
7938
7939
7939
7942
7943
7943
7945
7945
7946
7946
7946
7947
7947
7947
7948
7948
7949
7952
7954
7955
7955
7955
7956
7959
7963
7965
7966
7966
7968
7970
7971
7973
7974
7976
7976
7976
7976
7976
7977
7977
7978
7978
7979
7979
7980
7980
7982
7984
7985
7985
7990
7991
7991
7993
7994
7995
7999
7999
8001
8002
8002
8003
8003
8003
8004
8004
8004
8005
8006
8006
8009
8010
8013
8015
8016
8016
8017
8017
8017
8019
8019
8020
8022
8022
8023
8025
8027
8028
8029
8030
8032
8032
8035
8037
8038
8038
8039
8040
8040
8041
8042
8042
8047
8048
8049
8049
8049
8050
8053
8056
8056
8059
8060
8062
8062
8063
8065
8066
8067
8070
8073
8074
8074
8074
8076
8076
8076
8076
8076
8077
8081
8083
8085
8085
8085
8087
8088
8091
8091
8093
8094
8099
8101
8105
8106
8106
8106
8109
8109
8110
8110
8111
8114
8116
8117
8120
8120
8121
8122
8124
8125
8125
8129
8130
8131
8132
8133
8133
8133
8134
8135
8136
8137
8138
8139
8139
8139
8139
8140
8140
8141
8142
8142
8145
8145
8145
8146
8146
8147
8151
8152
8152
8153
8154
8157
8158
8160
8160
8163
8163
8163
8164
8164
8165
8165
8166
8166
8166
8167
8168
8168
8168
8171
8173
8175
8176
8178
8178
8181
8183
8183
8185
8185
8186
8189
8190
8191
8192
8192
8193
8194
8197
8198
8199
8199
8200
8200
8201
8204
8204
8206
8206
8207
8207
8207
8208
8209
8210
8211
8211
8211
8212
8212
8213
8215
8215
8217
8218
8218
8221
8222
8224
8226
8227
8228
8228
8229
8230
8230
8231
8232
8232
8234
8234
8235
8237
8239
8241
8243
8244
8244
8247
8248
8251
8251
8253
8253
8255
8256
8256
8257
8257
8258
8261
8261
8262
8262
8262
8262
8262
8265
8266
8270
8271
8272
8274
8274
8276
8277
8277
8278
8279
8279
8280
8281
8282
8282
8282
8283
8284
8285
8285
8286
8287
8289
8289
8289
8291
8293
8295
8298
8299
8300
8301
8301
8301
8302
8303
8303
8304
8305
8306
8306
8306
8306
8309
8310
8310
8312
8313
8314
8316
8317
8318
8321
8322
8322
8322
8326
8326
8327
8328
8329
8329
8329
8331
8331
8332
8334
8334
8334
8334
8334
8334
8335
8338
8341
8341
8341
8342
8343
8344
8344
8345
8345
8346
8348
8349
8350
8354
8355
8356
8356
8356
8357
8358
8359
8359
8360
8360
8360
8361
8362
8363
8363
8364
8368
8369
8373
8373
8373
8374
8377
8377
8379
8379
8381
8381
8381
8382
8384
8385
8388
8389
8390
8390
8391
8393
8395
8395
8395
8396
8396
8397
8398
8398
8398
8399
8399
8400
8400
8400
8400
8401
8402
8403
8403
8405
8405
8406
8406
8407
8409
8411
8411
8412
8413
8413
8414
8415
8418
8419
8419
8420
8422
8422
8424
8427
8430
8430
8431
8434
8434
8435
8435
8438
8438
8439
8439
8439
8440
8440
8442
8443
8444
8444
8444
8448
8450
8451
8452
8453
8454
8454
8456
8457
8457
8459
8459
8462
8466
8469
8469
8470
8470
8473
8473
8475
8476
8477
8477
8480
8481
8481
8483
8483
8484
8484
8485
8485
8486
8487
8488
8489
8489
8490
8490
8490
8490
8491
8492
8492
8493
8493
8495
8495
8496
8497
8500
8501
8503
8503
8503
8504
8507
8507
8507
8508
8509
8510
8512
8512
8513
8514
8515
8515
8515
8518
8520
8522
8523
8524
8524
8525
8526
8526
8529
8531
8532
8532
8533
8534
8535
8538
8539
8539
8539
8541
8541
8542
8542
8543
8544
8546
8547
8547
8547
8547
8549
8550
8551
8553
8554
8554
8554
8556
8557
8558
8559
8559
8559
8560
8562
8562
8563
8564
8564
8564
8565
8565
8567
8568
8570
8573
8573
8574
8574
8575
8577
8578
8578
8579
8580
8580
8580
8581
8581
8581
8582
8582
8582
8582
8583
8584
8584
8584
8585
8585
8585
8586
8586
8587
8588
8588
8590
8593
8594
8597
8597
8601
8601
8601
8601
8602
8603
8604
8605
8608
8611
8612
8613
8615
8615
8617
8617
8619
8619
8619
8619
8620
8620
8622
8623
8626
8627
8627
8628
8628
8629
8630
8631
8633
8633
8633
8636
8636
8636
8636
8638
8639
8639
8639
8639
8640
8641
8641
8642
8642
8642
8643
8643
8645
8648
8648
8649
8650
8651
8652
8652
8654
8655
8655
8655
8656
8657
8657
8657
8658
8658
8658
8659
8662
8663
8664
8665
8666
8666
8666
8667
8668
8668
8672
8672
8672
8672
8673
8674
8674
8675
8675
8678
8679
8679
8680
8681
8684
8685
8685
8686
8686
8687
8687
8689
8691
8691
8695
8696
8697
8697
8701
8702
8702
8703
8703
8704
8707
8710
8712
8713
8713
8714
8715
8716
8717
8718
8718
8719
8721
8722
8722
8723
8723
8727
8727
8728
8730
8730
8732
8734
8735
8736
8737
8737
8739
8740
8740
8742
8743
8743
8744
8744
8748
8749
8749
8751
8752
8756
8757
8760
8762
8763
8763
8763
8763
8764
8765
8769
8772
8772
8773
8773
8773
8773
8775
8776
8776
8776
8777
8778
8780
8782
8783
8783
8783
8784
8784
8786
8786
8787
8787
8788
8789
8789
8791
8791
8791
8793
8793
8794
8794
8795
8795
8795
8795
8796
8798
8801
8802
8802
8804
8804
8807
8807
8808
8809
8809
8812
8815
8816
8816
8820
8821
8821
8821
8823
8824
8827
8828
8828
8830
8830
8833
8833
8834
8835
8836
8837
8837
8837
8838
8840
8840
8840
8843
8844
8845
8848
8849
8849
8849
8849
8850
8850
8851
8852
8854
8855
8855
8855
8857
8857
8857
8857
8858
8860
8860
8860
8862
8862
8865
8867
8867
8867
8870
8871
8872
8873
8874
8874
8875
8875
8877
8877
8878
8878
8878
8878
8879
8879
8880
8882
8882
8883
8884
8884
8885
8885
8886
8886
8886
8888
8888
8889
8890
8892
8892
8895
8896
8897
8898
8899
8899
8899
8901
8902
8902
8902
8903
8903
8904
8906
8906
8906
8906
8908
8908
8908
8911
8912
8914
8915
8916
8916
8917
8918
8918
8920
8922
8924
8925
8928
8929
8931
8931
8933
8935
8937
8939
8940
8941
8942
8943
8943
8944
8944
8944
8945
8945
8946
8947
8947
8949
8950
8950
8951
8951
8952
8952
8952
8953
8953
8953
8955
8955
8955
8959
8962
8964
8966
8969
8969
8970
8971
8972
8972
8973
8974
8977
8977
8977
8977
8977
8978
8981
8982
8986
8986
8987
8989
8990
8991
8992
8993
8993
8993
8994
8995
8996
8998
8998
8999
8999
8999
9000
9001
9002
9004
9004
9009
9009
9010
9011
9011
9012
9015
9015
9016
9017
9017
9018
9018
9018
9018
9019
9019
9021
9022
9024
9024
9029
9029
9030
9030
9033
9034
9034
9035
9036
9036
9040
9042
9043
9045
9045
9046
9048
9048
9048
9049
9049
9049
9052
9052
9053
9053
9055
9057
9058
9060
9061
9062
9063
9066
9066
9067
9068
9068
9070
9071
9073
9074
9074
9077
9078
9079
9080
9081
9085
9085
9085
9086
9089
9090
9091
9091
9092
9092
9092
9093
9093
9093
9096
9097
9098
9098
9101
9103
9103
9104
9104
9107
9107
9107
9107
9108
9108
9109
9109
9110
9112
9112
9112
9113
9113
9114
9117
9119
9120
9120
9121
9122
9122
9124
9125
9125
9125
9125
9127
9129
9130
9130
9131
9131
9132
9134
9134
9134
9136
9136
9136
9136
9137
9138
9138
9140
9143
9145
9146
9147
9150
9151
9152
9153
9155
9157
9157
9157
9157
9158
9159
9161
9161
9162
9162
9163
9163
9163
9165
9166
9167
9169
9171
9172
9173
9173
9173
9173
9173
9174
9175
9177
9178
9179
9180
9180
9180
9181
9183
9183
9184
9185
9185
9187
9188
9190
9190
9191
9192
9192
9193
9196
9198
9199
9199
9202
9203
9203
9204
9205
9205
9207
9207
9208
9209
9209
9212
9215
9216
9217
9218
9221
9222
9222
9223
9224
9225
9225
9226
9227
9228
9228
9230
9231
9233
9234
9234
9239
9244
9244
9245
9245
9245
9246
9247
9248
9249
9249
9253
9253
9255
9256
9256
9257
9259
9261
9262
9263
9268
9269
9269
9273
9274
9275
9277
9278
9279
9283
9285
9286
9288
9289
9290
9290
9290
9291
9291
9292
9292
9292
9293
9294
9295
9295
9296
9297
9299
9301
9302
9303
9307
9307
9309
9310
9310
9310
9311
9314
9316
9317
9317
9318
9319
9321
9322
9324
9325
9326
9327
9327
9328
9329
9330
9330
9331
9332
9333
9333
9335
9335
9336
9336
9339
9339
9340
9340
9340
9343
9344
9346
9347
9348
9348
9348
9351
9351
9351
9351
9352
9352
9354
9355
9355
9355
9355
9355
9356
9356
9356
9356
9357
9357
9357
9362
9364
9368
9368
9370
9370
9372
9373
9373
9373
9377
9377
9378
9379
9381
9381
9383
9383
9386
9387
9387
9387
9387
9389
9390
9391
9392
9392
9394
9396
9397
9398
9399
9399
9400
9400
9401
9402
9402
9403
9403
9404
9405
9405
9405
9405
9406
9406
9408
9409
9410
9411
9411
9411
9412
9414
9415
9416
9417
9417
9418
9418
9421
9423
9423
9426
9426
9427
9429
9430
9434
9434
9434
9435
9436
9436
9437
9442
9446
9448
9449
9450
9450
9451
9451
9453
9453
9454
9457
9459
9459
9460
9461
9464
9465
9465
9466
9466
9466
9467
9467
9468
9468
9468
9468
9469
9469
9472
9473
9477
9480
9480
9481
9481
9481
9481
9486
9486
9486
9487
9487
9489
9490
9492
9497
9499
9501
9504
9505
9506
9509
9516
9517
9517
9520
9521
9521
9522
9522
9524
9525
9525
9527
9528
9528
9529
9530
9530
9531
9531
9532
9533
9533
9536
9536
9537
9538
9540
9540
9541
9542
9542
9545
9546
9546
9546
9547
9547
9551
9552
9554
9555
9556
9557
9560
9561
9561
9562
9570
9570
9572
9572
9572
9573
9573
9573
9576
9576
9577
9578
9578
9580
9581
9585
9585
9585
9585
9585
9585
9586
9586
9586
9587
9587
9589
9591
9591
9593
9595
9596
9597
9599
9599
9600
9600
9600
9602
9602
9604
9606
9610
9612
9612
9613
9615
9615
9616
9616
9619
9621
9622
9625
9625
9625
9625
9626
9626
9629
9629
9630
9632
9633
9634
9634
9637
9637
9637
9638
9639
9639
9641
9643
9644
9644
9646
9646
9647
9649
9649
9650
9651
9651
9652
9652
9652
9653
9653
9653
9654
9654
9655
9656
9656
9656
9657
9658
9662
9662
9662
9665
9666
9667
9668
9668
9668
9668
9669
9673
9673
9675
9677
9678
9679
9679
9681
9681
9682
9682
9683
9684
9684
9684
9684
9685
9685
9687
9688
9688
9690
9690
9692
9692
9692
9692
9692
9693
9693
9694
9695
9695
9695
9697
9697
9698
9699
9699
9702
9702
9702
9703
9703
9706
9706
9707
9708
9708
9709
9709
9710
9710
9710
9712
9713
9714
9716
9717
9718
9720
9721
9721
9721
9721
9722
9723
9725
9725
9725
9727
9728
9728
9728
9729
9730
9732
9732
9733
9733
9734
9735
9735
9736
9736
9738
9740
9741
9743
9743
9743
9745
9745
9747
9748
9748
9750
9753
9753
9754
9755
9755
9756
9757
9757
9758
9759
9760
9760
9761
9765
9766
9766
9766
9767
9769
9769
9770
9771
9771
9771
9772
9773
9773
9773
9774
9775
9775
9776
9778
9779
9779
9782
9785
9786
9786
9788
9788
9789
9790
9791
9793
9793
9793
9794
9794
9795
9798
9801
9801
9806
9806
9808
9809
9809
9810
9811
9811
9813
9814
9814
9818
9818
9819
9819
9819
9822
9822
9823
9823
9824
9825
9826
9826
9829
9829
9830
9830
9830
9830
9832
9832
9834
9835
9837
9839
9843
9843
9844
9846
9847
9849
9850
9850
9852
9853
9854
9855
9855
9856
9856
9860
9861
9862
9862
9863
9864
9864
9865
9865
9865
9865
9865
9867
9867
9869
9869
9870
9874
9874
9874
9875
9876
9876
9877
9878
9879
9880
9881
9881
9883
9885
9886
9887
9888
9889
9890
9891
9891
9892
9894
9894
9895
9896
9897
9897
9898
9899
9900
9901
9902
9903
9903
9903
9903
9906
9906
9907
9910
9911
9913
9913
9913
9915
9916
9916
9917
9918
9921
9922
9922
9923
9924
9924
9926
9926
9928
9929
9930
9934
9934
9935
9935
9936
9942
9942
9942
9943
9944
9944
9945
9945
9946
9948
9948
9949
9951
9951
9951
9951
9954
9955
9956
9956
9957
9957
9957
9959
9963
9963
9968
9969
9969
9969
9970
9971
9973
9973
9974
9975
9975
9977
9977
9980
9980
9985
9989
9992
9994
9994
9994
9995
9995
9996
9997
9997
9998
9999
10000
10001
10002
10002
10004
10008
10008
10010
10010
10016
10018
10018
10018
10021
10023
10023
10023
10023
10024
10026
10026
10027
10027
10028
10029
10031
10031
10034
10034
10035
10038
10038
10039
10042
10043
10043
10044
10044
10044
10045
10045
10045
10045
10046
10047
10047
10049
10051
10051
10052
10053
10053
10054
10055
10057
10058
10058
10059
10060
10060
10060
10061
10061
10065
10070
10071
10071
10074
10075
10076
10076
10081
10083
10083
10087
10087
10088
10090
10094
10095
10095
10095
10096
10096
10097
10099
10100
10101
10102
10103
10103
10104
10106
10106
10108
10109
10109
10110
10110
10111
10111
10112
10114
10115
10115
10116
10118
10118
10120
10120
10120
10122
10123
10123
10123
10123
10124
10125
10125
10128
10128
10128
10128
10130
10132
10132
10134
10134
10136
10139
10140
10142
10143
10143
10144
10145
10146
10147
10148
10148
10149
10150
10151
10152
10152
10154
10154
10155
10155
10157
10161
10162
10162
10164
10164
10165
10165
10165
10165
10166
10167
10167
10168
10168
10168
10169
10170
10171
10174
10176
10177
10178
10178
10179
10181
10181
10182
10184
10185
10187
10187
10189
10191
10191
10191
10192
10192
10193
10193
10193
10193
10194
10198
10198
10199
10205
10206
10208
10209
10212
10212
10213
10214
10214
10216
10219
10220
10220
10220
10220
10222
10222
10222
10223
10224
10224
10225
10226
10226
10227
10228
10233
10233
10235
10236
10236
10237
10238
10238
10239
10242
10243
10244
10245
10246
10246
10247
10247
10248
10248
10250
10251
10252
10253
10254
10255
10257
10258
10258
10259
10259
10259
10259
10260
10261
10261
10262
10262
10262
10262
10264
10264
10265
10266
10267
10267
10272
10273
10274
10275
10276
10277
10281
10282
10284
10284
10285
10285
10286
10286
10286
10287
10287
10289
10293
10294
10294
10294
10294
10294
10294
10295
10296
10296
10301
10305
10305
10305
10307
10307
10310
10310
10310
10311
10312
10312
10313
10313
10315
10318
10320
10320
10322
10322
10322
10323
10323
10323
10324
10324
10324
10326
10327
10327
10327
10327
10327
10327
10328
10328
10328
10330
10331
10331
10331
10331
10331
10332
10332
10333
10335
10336
10338
10338
10339
10339
10340
10345
10346
10347
10349
10351
10352
10354
10354
10355
10357
10359
10360
10361
10364
10366
10367
10368
10368
10370
10371
10371
10371
10373
10374
10376
10377
10377
10379
10381
10381
10382
10383
10384
10386
10387
10387
10388
10389
10389
10389
10391
10391
10393
10394
10395
10396
10396
10397
10399
10399
10399
10402
10402
10402
10403
10406
10406
10407
10407
10407
10408
10410
10411
10412
10413
10414
10414
10417
10419
10419
10419
10421
10423
10427
10429
10429
10430
10430
10430
10431
10431
10433
10433
10434
10435
10438
10439
10440
10441
10441
10442
10445
10445
10445
10446
10446
10446
10447
10448
10449
10449
10449
10450
10451
10453
10455
10455
10457
10457
10457
10458
10458
10459
10461
10462
10463
10463
10463
10464
10464
10464
10464
10465
10470
10472
10472
10472
10476
10478
10479
10479
10480
10484
10486
10487
10488
10489
10490
10490
10492
10492
10492
10494
10496
10496
10497
10498
10498
10498
10501
10502
10503
10504
10504
10505
10505
10505
10506
10507
10510
10511
10512
10512
10513
10513
10513
10515
10515
10516
10516
10517
10519
10519
10521
10522
10522
10522
10523
10524
10524
10525
10526
10526
10526
10528
10531
10531
10533
10534
10534
10535
10536
10537
10541
10541
10542
10544
10544
10545
10547
10548
10549
10551
10551
10553
10554
10556
10556
10557
10557
10560
10560
10561
10561
10561
10561
10561
10562
10563
10563
10563
10565
10566
10567
10567
10569
10570
10572
10574
10575
10575
10576
10577
10577
10577
10578
10578
10579
10580
10582
10584
10584
10586
10588
10588
10591
10592
10592
10593
10593
10593
10594
10595
10595
10596
10598
10598
10599
10599
10601
10602
10603
10604
10604
10604
10607
10607
10608
10609
10610
10613
10615
10616
10617
10618
10619
10620
10620
10620
10622
10623
10624
10625
10627
10627
10628
10628
10629
10630
10632
10632
10634
10636
10638
10638
10638
10638
10638
10640
10640
10641
10642
10647
10647
10647
10648
10648
10651
10651
10652
10653
10654
10655
10657
10658
10658
10659
10660
10660
10661
10662
10665
10665
10666
10667
10668
10669
10670
10670
10670
10670
10671
10672
10674
10676
10677
10677
10678
10678
10680
10680
10681
10683
10683
10684
10685
10689
10689
10689
10691
10691
10693
10693
10694
10695
10695
10696
10698
10698
10699
10699
10700
10703
10703
10703
10705
10705
10707
10707
10707
10709
10710
10711
10711
10713
10715
10715
10715
10716
10717
10718
10718
10719
10719
10719
10719
10721
10722
10723
10723
10723
10724
10724
10727
10730
10730
10732
10735
10735
10737
10737
10738
10739
10739
10740
10741
10742
10742
10742
10743
10743
10743
10743
10744
10745
10745
10748
10751
10753
10753
10754
10754
10756
10758
10759
10760
10761
10762
10763
10763
10764
10764
10764
10765
10765
10765
10767
10768
10768
10768
10769
10771
10773
10774
10774
10775
10776
10779
10784
10785
10785
10786
10787
10787
10788
10788
10788
10789
10790
10790
10790
10790
10790
10791
10796
10796
10799
10799
10801
10801
10801
10803
10804
10804
10804
10805
10807
10809
10811
10814
10816
10818
10818
10818
10819
10821
10821
10821
10824
10826
10827
10828
10828
10828
10828
10830
10830
10831
10832
10833
10834
10836
10836
10838
10838
10839
10839
10839
10840
10841
10841
10841
10841
10842
10843
10843
10843
10845
10847
10848
10848
10849
10851
10854
10855
10855
10857
10858
10858
10858
10860
10861
10862
10862
10865
10867
10867
10868
10868
10870
10870
10871
10874
10874
10874
10875
10876
10878
10881
10882
10885
10885
10885
10886
10887
10887
10888
10888
10889
10890
10890
10893
10894
10895
10900
10901
10901
10901
10902
10903
10903
10903
10904
10905
10905
10906
10906
10907
10910
10911
10911
10916
10917
10918
10918
10918
10919
10923
10924
10924
10925
10926
10926
10927
10927
10929
10931
10931
10931
10933
10933
10933
10933
10934
10934
10936
10939
10939
10941
10942
10942
10947
10948
10950
10952
10953
10954
10954
10955
10956
10957
10957
10959
10960
10960
10963
10964
10965
10966
10968
10969
10969
10972
10973
10974
10975
10978
10979
10979
10980
10981
10984
10984
10984
10987
10989
10991
10992
10992
10993
10993
10994
10995
10996
10996
11001
11001
11002
11004
11004
11004
11004
11006
11007
11010
11010
11013
11016
11016
11017
11019
11019
11020
11020
11020
11021
11022
11025
11025
11028
11029
11030
11031
11031
11032
11032
11035
11035
11035
11035
11036
11036
11037
11037
11039
11039
11041
11041
11046
11046
11046
11048
11048
11048
11049
11050
11050
11051
11052
11053
11055
11056
11057
11060
11060
11060
11062
11063
11064
11064
11064
11065
11065
11066
11068
11068
11069
11069
11069
11069
11071
11071
11071
11071
11074
11076
11078
11078
11079
11084
11084
11085
11085
11086
11086
11088
11089
11092
11092
11092
11093
11094
11095
11096
11097
11098
11099
11101
11102
11102
11107
11109
11110
11111
11111
11112
11113
11114
11114
11114
11115
11117
11117
11120
11121
11123
11124
11126
11127
11127
11130
11131
11132
11133
11135
11135
11136
11137
11138
11139
11139
11140
11141
11141
11142
11144
11145
11146
11146
11148
11148
11150
11150
11151
11151
11152
11152
11152
11154
11156
11156
11159
11159
11159
11159
11162
11164
11165
11167
11167
11168
11169
11170
11170
11171
11174
11175
11176
11177
11179
11181
11181
11181
11183
11183
11185
11187
11187
11187
11188
11189
11189
11194
11196
11197
11197
11197
11199
11199
11199
11199
11200
11201
11201
11201
11207
11207
11208
11208
11209
11210
11213
11213
11216
11216
11217
11225
11225
11226
11226
11226
11226
11227
11228
11229
11229
11230
11231
11232
11233
11233
11234
11234
11236
11238
11241
11241
11242
11244
11244
11245
11246
11246
11246
11249
11249
11250
11251
11254
11255
11255
11257
11258
11259
11262
11262
11263
11263
11264
11266
11267
11268
11268
11272
11272
11273
11274
11275
11275
11275
11276
11278
11279
11280
11281
11281
11281
11282
11282
11283
11284
11284
11286
11288
11288
11290
11290
11295
11295
11296
11297
11300
11300
11301
11304
11304
11305
11305
11305
11306
11307
11307
11309
11310
11312
11314
11315
11316
11317
11318
11319
11320
11320
11320
11321
11324
11326
11327
11327
11328
11331
11332
11332
11333
11334
11336
11339
11339
11339
11340
11343
11344
11346
11346
11348
11348
11349
11350
11351
11353
11355
11356
11356
11357
11359
11359
11359
11359
11360
11360
11361
11362
11363
11363
11365
11367
11367
11371
11372
11373
11375
11376
11377
11377
11378
11378
11379
11380
11382
11382
11385
11386
11388
11389
11390
11391
11394
11394
11394
11394
11395
11398
11400
11400
11400
11401
11403
11404
11405
11405
11407
11407
11409
11411
11413
11414
11415
11416
11416
11417
11417
11419
11420
11420
11420
11421
11422
11422
11423
11425
11426
11427
11428
11428
11428
11431
11435
11435
11437
11437
11438
11439
11441
11441
11442
11442
11443
11444
11445
11446
11448
11450
11451
11451
11455
11456
11459
11459
11462
11464
11464
11466
11466
11468
11470
11473
11474
11476
11477
11477
11479
11479
11480
11483
11483
11484
11484
11485
11487
11489
11491
11491
11491
11491
11493
11495
11495
11496
11497
11498
11498
11499
11499
11500
11500
11501
11501
11503
11505
11505
11507
11508
11508
11509
11512
11513
11513
11513
11513
11514
11515
11515
11515
11516
11516
11517
11518
11518
11519
11523
11524
11529
11530
11531
11534
11535
11535
11536
11536
11539
11539
11540
11540
11540
11540
11540
11543
11543
11543
11543
11543
11544
11546
11547
11549
11550
11550
11551
11552
11553
11553
11553
11554
11554
11554
11557
11559
11560
11561
11561
11561
11564
11565
11566
11567
11568
11571
11572
11575
11578
11578
11579
11579
11580
11581
11581
11582
11583
11583
11584
11586
11587
11589
11591
11591
11592
11593
11595
11595
11597
11598
11599
11599
11602
11604
11604
11605
11606
11611
11611
11612
11612
11613
11614
11615
11616
11616
11617
11617
11619
11620
11620
11621
11622
11623
11623
11624
11626
11626
11628
11628
11628
11631
11631
11631
11631
11632
11632
11632
11633
11635
11635
11635
11637
11637
11639
11639
11640
11642
11643
11645
11646
11647
11648
11648
11650
11650
11651
11652
11652
11652
11652
11653
11654
11655
11655
11655
11656
11657
11657
11657
11658
11660
11660
11662
11663
11663
11665
11666
11668
11668
11669
11670
11670
11671
11671
11671
11673
11673
11675
11676
11676
11676
11676
11677
11677
11678
11678
11679
11679
11680
11683
11683
11683
11683
11686
11686
11687
11687
11687
11687
11689
11690
11691
11691
11691
11692
11694
11695
11695
11695
11695
11695
11696
11697
11697
11697
11698
11703
11703
11703
11703
11704
11706
11707
11707
11708
11708
11709
11710
11710
11710
11710
11712
11713
11715
11715
11716
11716
11716
11716
11716
11717
11717
11718
11719
11721
11721
11721
11724
11724
11726
11729
11729
11729
11730
11732
11733
11733
11734
11736
11736
11737
11737
11738
11740
11741
11741
11743
11743
11744
11746
11747
11748
11749
11749
11751
11752
11752
11753
11754
11754
11754
11758
11758
11759
11759
11760
11761
11762
11762
11764
11765
11765
11766
11768
11772
11774
11774
11775
11775
11775
11776
11778
11778
11778
11785
11786
11787
11787
11788
11789
11790
11790
11791
11791
11792
11792
11792
11794
11795
11795
11796
11796
11797
11798
11799
11801
11802
11803
11805
11807
11809
11810
11812
11812
11812
11813
11813
11814
11814
11814
11816
11817
11820
11822
11822
11822
11823
11823
11825
11826
11826
11828
11828
11829
11830
11830
11830
11831
11832
11834
11834
11834
11835
11835
11835
11836
11836
11837
11838
11839
11839
11839
11840
11840
11841
11841
11842
11842
11842
11843
11843
11844
11845
11846
11846
11846
11848
11849
11849
11850
11852
11852
11853
11853
11856
11856
11857
11858
11860
11860
11861
11863
11864
11864
11866
11866
11868
11871
11873
11873
11873
11874
11877
11878
11878
11879
11880
11881
11881
11881
11881
11882
11883
11884
11886
11887
11888
11888
11888
11889
11890
11890
11890
11897
11898
11900
11900
11900
11903
11903
11905
11906
11906
11909
11910
11910
11913
11914
11915
11916
11918
11918
11918
11920
11922
11923
11924
11925
11926
11926
11926
11926
11927
11928
11930
11932
11932
11933
11933
11934
11936
11936
11937
11938
11940
11944
11944
11945
11945
11947
11947
11948
11949
11949
11953
11953
11953
11956
11958
11959
11959
11959
11961
11961
11963
11965
11967
11969
11969
11969
11972
11976
11977
11982
11982
11982
11983
11984
11985
11986
11988
11988
11988
11989
11992
11992
11994
11994
11996
11996
12002
12003
12004
12004
12005
12006
12006
12007
12008
12010
12012
12013
12015
12016
12016
12017
12018
12018
12020
12021
12023
12024
12025
12026
12027
12028
12029
12029
12030
12034
12034
12037
12037
12037
12037
12038
12038
12039
12042
12042
12042
12043
12046
12048
12049
12049
12050
12051
12053
12055
12055
12056
12057
12060
12061
12061
12062
12066
12066
12067
12069
12070
12070
12071
12072
12072
12074
12080
12084
12085
12085
12086
12087
12091
12092
12092
12095
12095
12096
12096
12096
12098
12099
12100
12102
12103
12103
12104
12106
12107
12107
12107
12108
12108
12110
12114
12115
12118
12119
12119
12120
12121
12121
12122
12123
12125
12126
12126
12126
12126
12127
12128
12129
12130
12131
12131
12132
12133
12133
12133
12134
12135
12135
12137
12137
12140
12142
12142
12142
12143
12144
12145
12147
12150
12151
12152
12153
12153
12153
12156
12156
12157
12157
12159
12159
12160
12160
12160
12160
12161
12161
12161
12162
12163
12163
12164
12164
12164
12164
12166
12167
12167
12168
12170
12170
12171
12173
12173
12173
12176
12176
12177
12178
12180
12180
12180
12182
12183
12184
12188
12189
12191
12191
12191
12193
12194
12194
12196
12196
12198
12198
12199
12199
12199
12201
12202
12203
12203
12203
12204
12205
12205
12209
12209
12210
12211
12211
12212
12212
12214
12214
12215
12215
12215
12216
12217
12218
12219
12219
12220
12221
12221
12222
12223
12224
12224
12224
12225
12225
12226
12228
12229
12229
12230
12230
12230
12231
12232
12233
12234
12236
12236
12237
12238
12240
12240
12241
12241
12246
12247
12248
12248
12248
12250
12251
12251
12252
12254
12258
12259
12261
12263
12263
12265
12266
12267
12268
12268
12269
12271
12271
12273
12274
12274
12275
12277
12278
12279
12281
12283
12284
12285
12286
12287
12287
12287
12290
12290
12291
12291
12291
12291
12292
12293
12294
12296
12297
12297
12301
12301
12303
12303
12304
12305
12309
12310
12311
12312
12313
12313
12313
12316
12316
12317
12317
12318
12320
12321
12321
12322
12323
12323
12325
12325
12326
12327
12327
12327
12327
12328
12329
12330
12330
12330
12331
12332
12333
12333
12333
12334
12335
12336
12338
12339
12340
12341
12343
12343
12346
12346
12349
12349
12350
12350
12352
12354
12355
12356
12358
12361
12362
12363
12363
12364
12364
12365
12366
12367
12367
12367
12370
12370
12372
12372
12373
12373
12376
12377
12378
12378
12379
12380
12381
12383
12384
12386
12388
12390
12392
12392
12392
12392
12393
12394
12396
12397
12398
12399
12399
12400
12400
12401
12401
12402
12403
12407
12407
12409
12410
12411
12412
12412
12413
12414
12417
12417
12417
12419
12421
12423
12423
12424
12424
12425
12425
12426
12426
12427
12427
12428
12429
12429
12429
12432
12433
12433
12435
12435
12435
12435
12437
12438
12439
12439
12440
12440
12441
12443
12443
12445
12445
12446
12448
12448
12449
12449
12450
12450
12450
12450
12452
12452
12455
12456
12457
12457
12458
12459
12459
12460
12461
12461
12462
12464
12466
12467
12469
12471
12473
12474
12474
12475
12477
12477
12478
12482
12483
12484
12485
12487
12487
12487
12488
12488
12489
12489
12490
12493
12494
12495
12496
12498
12498
12498
12500
12501
12502
12504
12504
12504
12506
12508
12511
12511
12512
12513
12514
12515
12519
12520
12521
12522
12522
12522
12522
12524
12524
12525
12525
12527
12529
12533
12533
12534
12537
12538
12539
12540
12541
12541
12542
12544
12544
12545
12546
12546
12547
12548
12549
12550
12550
12551
12551
12553
12554
12554
12554
12556
12558
12559
12559
12559
12559
12560
12560
12560
12561
12564
12569
12569
12570
12570
12570
12571
12571
12574
12577
12577
12579
12585
12586
12587
12587
12588
12588
12590
12593
12593
12594
12594
12594
12595
12595
12598
12599
12600
12600
12600
12601
12601
12603
12603
12604
12604
12606
12610
12610
12612
12612
12613
12614
12616
12617
12618
12620
12620
12623
12624
12624
12625
12625
12625
12628
12628
12628
12629
12629
12630
12631
12632
12633
12633
12635
12636
12636
12637
12640
12643
12643
12645
12646
12647
12649
12650
12650
12650
12651
12651
12652
12652
12652
12653
12655
12656
12656
12656
12657
12658
12660
12662
12663
12663
12664
12669
12670
12671
12671
12671
12672
12673
12676
12678
12680
12680
12682
12683
12684
12686
12686
12687
12688
12689
12690
12690
12690
12692
12692
12693
12693
12694
12694
12695
12695
12696
12697
12697
12698
12698
12701
12703
12704
12704
12704
12704
12705
12708
12709
12712
12712
12715
12715
12715
12715
12715
12715
12716
12717
12718
12719
12719
12720
12721
12722
12722
12723
12725
12725
12727
12727
12727
12728
12730
12731
12731
12731
12732
12732
12733
12733
12733
12734
12737
12738
12740
12741
12741
12741
12742
12743
12743
12743
12745
12746
12747
12749
12750
12754
12754
12755
12756
12758
12759
12759
12759
12763
12764
12764
12765
12766
12767
12768
12769
12769
12770
12770
12771
12771
12771
12771
12772
12774
12774
12774
12774
12775
12775
12775
12776
12776
12777
12778
12779
12779
12782
12783
12783
12785
12785
12785
12786
12786
12788
12789
12790
12792
12793
12793
12793
12794
12794
12794
12795
12795
12796
12799
12799
12799
12799
12800
12801
12802
12806
12807
12808
12808
12808
12809
12811
12813
12814
12816
12816
12817
12819
12819
12819
12824
12824
12825
12826
12826
12827
12829
12831
12832
12833
12834
12834
12834
12835
12836
12836
12837
12841
12843
12844
12845
12845
12845
12845
12846
12846
12847
12847
12848
12849
12850
12851
12852
12855
12856
12857
12857
12857
12858
12859
12859
12860
12861
12862
12862
12864
12866
12867
12867
12867
12868
12869
12869
12871
12873
12877
12879
12880
12884
12884
12884
12885
12885
12888
12888
12889
12889
12890
12891
12891
12892
12893
12893
12893
12896
12896
12898
12898
12899
12901
12903
12906
12906
12906
12907
12907
12907
12909
12909
12910
12912
12914
12916
12916
12916
12918
12918
12919
12919
12922
12924
12924
12928
12929
12929
12931
12932
12932
12932
12933
12936
12938
12939
12939
12940
12940
12944
12944
12944
12944
12945
12945
12945
12945
12946
12946
12947
12948
12949
12950
12950
12951
12952
12952
12953
12955
12955
12957
12957
12959
12960
12960
12961
12962
12962
12964
12965
12969
12969
12973
12973
12974
12974
12975
12975
12975
12977
12977
12977
12979
12980
12980
12980
12980
12981
12981
12982
12985
12989
12989
12989
12990
12990
12990
12992
12992
12995
12996
12996
12996
12996
12998
13001
13002
13003
13004
13007
13009
13011
13012
13013
13013
13013
13014
13015
13017
13018
13020
13020
13021
13021
13021
13021
13023
13023
13023
13026
13027
13028
13030
13032
13033
13037
13037
13037
13038
13038
13039
13040
13041
13043
13044
13045
13048
13050
13051
13052
13053
13054
13054
13054
13057
13057
13059
13060
13062
13063
13064
13064
13065
13066
13070
13071
13072
13073
13073
13073
13074
13075
13075
13076
13077
13079
13079
13079
13080
13081
13082
13082
13082
13082
13082
13085
13086
13088
13089
13089
13090
13091
13092
13093
13094
13094
13097
13099
13100
13100
13102
13102
13102
13104
13105
13106
13106
13107
13107
13108
13110
13111
13112
13112
13114
13114
13115
13116
13119
13120
13122
13122
13122
13122
13123
13125
13125
13125
13127
13129
13129
13130
13130
13131
13131
13132
13132
13134
13135
13135
13136
13136
13136
13137
13140
13141
13142
13143
13144
13148
13148
13150
13151
13151
13151
13152
13152
13152
13153
13153
13154
13155
13155
13159
13159
13161
13162
13168
13168
13169
13169
13171
13171
13172
13174
13176
13178
13179
13183
13184
13185
13185
13186
13186
13188
13189
13193
13193
13194
13194
13195
13195
13198
13198
13199
13199
13200
13200
13201
13202
13202
13205
13205
13206
13212
13212
13213
13213
13214
13215
13215
13217
13217
13219
13222
13224
13226
13226
13226
13227
13227
13230
13231
13231
13232
13232
13233
13233
13234
13234
13235
13236
13236
13239
13239
13239
13242
13243
13244
13244
13245
13245
13245
13246
13247
13247
13248
13249
13250
13251
13252
13252
13252
13252
13254
13255
13255
13256
13258
13259
13260
13261
13262
13265
13265
13266
13267
13268
13269
13270
13271
13273
13274
13274
13275
13277
13278
13279
13280
13280
13282
13284
13286
13286
13287
13287
13288
13290
13290
13290
13290
13292
13294
13295
13296
13296
13297
13298
13298
13298
13299
13300
13300
13300
13303
13303
13304
13305
13307
13307
13308
13309
13310
13312
13315
13317
13318
13319
13319
13321
13321
13321
13322
13323
13323
13324
13325
13327
13330
13330
13331
13331
13332
13333
13333
13335
13336
13340
13340
13341
13342
13342
13343
13343
13344
13345
13345
13346
13346
13347
13349
13350
13352
13352
13352
13353
13353
13353
13354
13354
13354
13355
13357
13359
13359
13360
13360
13361
13361
13363
13363
13364
13365
13366
13367
13367
13370
13370
13371
13372
13372
13373
13373
13373
13374
13375
13378
13379
13382
13382
13383
13383
13384
13385
13386
13386
13387
13387
13388
13390
13391
13391
13392
13393
13394
13395
13395
13396
13396
13397
13397
13398
13398
13401
13401
13402
13403
13403
13406
13408
13408
13410
13411
13411
13411
13411
13411
13413
13414
13416
13417
13418
13423
13423
13423
13424
13427
13429
13431
13433
13433
13436
13438
13438
13438
13438
13440
13442
13443
13443
13445
13446
13447
13449
13449
13450
13451
13451
13451
13454
13455
13459
13459
13460
13461
13463
13464
13464
13467
13468
13468
13470
13471
13471
13473
13474
13474
13474
13474
13475
13476
13478
13479
13480
13480
13481
13481
13483
13483
13483
13484
13485
13485
13486
13488
13488
13489
13489
13491
13492
13494
13494
13495
13498
13499
13499
13500
13504
13505
13506
13507
13507
13508
13508
13509
13509
13509
13509
13512
13513
13514
13515
13516
13516
13516
13520
13522
13522
13523
13524
13524
13524
13525
13526
13526
13526
13528
13529
13531
13533
13533
13533
13538
13541
13542
13544
13546
13547
13547
13547
13549
13550
13552
13552
13553
13554
13555
13555
13555
13556
13556
13557
13557
13558
13558
13561
13561
13561
13562
13562
13563
13563
13563
13563
13564
13565
13565
13568
13568
13568
13569
13569
13569
13570
13571
13571
13571
13572
13573
13574
13574
13576
13578
13579
13581
13581
13581
13581
13582
13583
13583
13583
13586
13586
13586
13587
13587
13588
13589
13590
13592
13592
13593
13593
13594
13595
13596
13596
13597
13597
13599
13600
13603
13604
13606
13607
13608
13611
13611
13612
13614
13615
13616
13618
13620
13620
13621
13621
13622
13622
13625
13626
13626
13628
13628
13631
13636
13637
13639
13639
13639
13641
13641
13644
13645
13648
13648
13650
13651
13653
13655
13656
13657
13657
13658
13658
13658
13659
13660
13661
13661
13663
13666
13666
13668
13668
13670
13671
13671
13672
13672
13674
13677
13677
13679
13680
13681
13681
13681
13682
13682
13685
13686
13687
13693
13694
13694
13694
13695
13697
13700
13701
13702
13702
13703
13703
13704
13705
13707
13707
13708
13708
13708
13709
13710
13711
13711
13711
13712
13714
13715
13715
13715
13716
13717
13720
13720
13721
13724
13724
13729
13729
13730
13730
13730
13730
13731
13731
13732
13733
13733
13733
13734
13735
13738
13740
13740
13742
13742
13743
13743
13745
13749
13750
13751
13751
13752
13755
13755
13756
13756
13757
13758
13760
13761
13762
13763
13764
13764
13764
13764
13767
13767
13769
13769
13770
13770
13771
13772
13772
13772
13772
13772
13773
13773
13773
13774
13776
13777
13778
13778
13778
13780
13780
13780
13782
13783
13784
13785
13786
13789
13791
13792
13792
13792
13793
13794
13794
13794
13794
13795
13795
13795
13796
13796
13797
13798
13798
13799
13800
13801
13802
13804
13804
13805
13805
13809
13810
13810
13810
13811
13813
13814
13815
13816
13817
13818
13819
13819
13819
13820
13822
13822
13823
13824
13825
13826
13830
13830
13830
13832
13837
13837
13842
13843
13843
13846
13848
13850
13851
13852
13853
13854
13854
13855
13856
13859
13859
13863
13863
13865
13865
13866
13868
13869
13871
13874
13874
13875
13876
13877
13878
13879
13881
13882
13883
13885
13887
13887
13889
13893
13894
13897
13899
13899
13901
13901
13902
13902
13907
13907
13908
13909
13909
13909
13909
13909
13910
13910
13911
13912
13913
13914
13916
13917
13918
13918
13918
13921
13925
13928
13929
13930
13932
13932
13933
13935
13935
13939
13940
13942
13943
13945
13948
13951
13953
13954
13955
13957
13958
13958
13959
13959
13961
13962
13962
13962
13966
13967
13969
13970
13972
13973
13973
13974
13974
13974
13975
13975
13977
13977
13978
13978
13979
13979
13980
13982
13982
13983
13985
13989
13990
13990
13991
13991
13992
13992
13993
13995
13997
13999
13999
13999
14001
14004
14004
14005
14005
14008
14009
14011
14011
14012
14012
14013
14014
14015
14015
14015
14015
14016
14017
14018
14018
14019
14019
14021
14022
14022
14024
14024
14025
14026
14028
14030
14030
14033
14034
14035
14035
14036
14036
14036
14036
14036
14037
14037
14038
14038
14039
14041
14042
14045
14046
14047
14048
14049
14050
14052
14053
14054
14054
14055
14055
14056
14056
14060
14060
14061
14061
14061
14063
14063
14063
14065
14065
14066
14067
14068
14068
14068
14069
14070
14072
14072
14072
14073
14075
14075
14075
14076
14076
14076
14077
14077
14077
14080
14080
14081
14081
14081
14081
14081
14083
14083
14084
14084
14084
14084
14086
14086
14087
14087
14088
14088
14088
14089
14090
14091
14093
14093
14094
14094
14095
14095
14097
14100
14100
14102
14103
14104
14104
14107
14112
14113
14115
14115
14115
14115
14116
14116
14118
14118
14118
14119
14120
14122
14124
14124
14126
14126
14127
14127
14129
14130
14131
14132
14133
14135
14137
14137
14138
14140
14140
14142
14143
14144
14145
14146
14147
14147
14151
14152
14152
14155
14157
14157
14157
14158
14158
14159
14159
14160
14161
14164
14165
14165
14166
14166
14166
14166
14167
14167
14171
14172
14174
14175
14176
14176
14176
14177
14177
14177
14178
14180
14181
14184
14184
14185
14185
14186
14186
14187
14188
14189
14190
14190
14191
14191
14192
14195
14196
14196
14197
14199
14199
14199
14199
14200
14201
14202
14202
14204
14204
14204
14206
14206
14207
14211
14211
14217
14218
14223
14224
14226
14226
14230
14230
14234
14235
14236
14236
14237
14238
14238
14239
14241
14241
14242
14243
14245
14246
14246
14247
14248
14252
14253
14254
14254
14255
14255
14257
14257
14257
14258
14258
14259
14260
14260
14263
14265
14265
14267
14268
14269
14270
14271
14272
14274
14275
14276
14276
14277
14277
14278
14278
14279
14280
14284
14285
14286
14288
14291
14291
14294
14294
14294
14295
14295
14298
14299
14299
14300
14301
14301
14306
14308
14309
14312
14314
14315
14319
14319
14320
14324
14325
14325
14325
14325
14326
14326
14327
14328
14329
14331
14331
14333
14338
14342
14344
14344
14345
14345
14345
14346
14348
14350
14350
14351
14351
14352
14352
14354
14355
14355
14355
14356
14356
14358
14359
14359
14360
14360
14361
14361
14361
14363
14364
14364
14365
14365
14366
14366
14366
14367
14367
14369
14369
14369
14369
14370
14370
14371
14371
14372
14372
14372
14373
14373
14374
14376
14376
14376
14378
14379
14382
14383
14384
14384
14384
14384
14385
14386
14386
14386
14387
14387
14388
14389
14389
14390
14390
14392
14393
14395
14396
14396
14398
14398
14399
14400
14403
14404
14405
14406
14406
14406
14406
14409
14411
14413
14414
14415
14415
14416
14417
14418
14419
14421
14424
14425
14425
14427
14427
14428
14428
14429
14431
14431
14432
14432
14433
14434
14434
14434
14436
14436
14437
14438
14439
14441
14441
14442
14442
14444
14444
14446
14447
14448
14449
14450
14450
14451
14452
14452
14453
14456
14456
14459
14460
14461
14461
14463
14464
14469
14471
14474
14474
14474
14475
14479
14480
14482
14482
14484
14485
14486
14486
14489
14491
14491
14492
14492
14492
14492
14494
14494
14495
14498
14498
14498
14499
14499
14500
14502
14502
14503
14503
14504
14504
14505
14507
14508
14510
14510
14511
14511
14511
14513
14513
14513
14514
14514
14514
14516
14518
14518
14518
14519
14519
14519
14520
14520
14521
14521
14521
14522
14523
14524
14526
14528
14529
14530
14530
14531
14533
14533
14534
14534
14535
14538
14539
14539
14540
14541
14541
14542
14542
14547
14548
14550
14552
14553
14555
14555
14555
14555
14555
14556
14558
14560
14560
14563
14565
14565
14565
14565
14566
14566
14567
14567
14568
14568
14569
14569
14570
14571
14572
14574
14574
14575
14575
14578
14579
14582
14582
14584
14585
14586
14587
14587
14587
14590
14591
14591
14591
14592
14592
14592
14593
14593
14593
14595
14596
14597
14598
14602
14603
14604
14606
14607
14608
14608
14608
14611
14612
14613
14613
14613
14614
14615
14617
14617
14618
14618
14619
14619
14621
14622
14623
14624
14625
14626
14626
14627
14627
14627
14628
14629
14629
14631
14631
14633
14633
14633
14634
14637
14637
14637
14637
14637
14638
14639
14639
14639
14641
14641
14641
14645
14645
14646
14647
14648
14649
14650
14650
14651
14653
14654
14655
14656
14656
14656
14656
14657
14658
14658
14661
14661
14662
14662
14662
14664
14664
14664
14666
14666
14668
14668
14672
14672
14674
14674
14674
14675
14676
14677
14678
14678
14679
14681
14682
14682
14683
14685
14685
14686
14687
14689
14691
14691
14692
14693
14693
14694
14695
14697
14697
14699
14699
14701
14702
14702
14703
14703
14706
14706
14706
14706
14707
14708
14709
14712
14713
14713
14716
14717
14719
14720
14720
14721
14721
14722
14722
14722
14722
14724
14724
14724
14725
14730
14731
14732
14734
14734
14735
14736
14738
14738
14739
14744
14744
14746
14746
14747
14749
14749
14749
14750
14750
14750
14751
14753
14754
14754
14754
14756
14756
14757
14757
14761
14763
14765
14765
14766
14766
14767
14768
14772
14772
14774
14774
14774
14774
14775
14775
14777
14777
14778
14779
14780
14781
14781
14782
14785
14786
14787
14788
14789
14790
14790
14790
14790
14791
14791
14796
14797
14797
14797
14798
14798
14798
14798
14799
14800
14806
14807
14807
14808
14808
14809
14809
14810
14815
14815
14816
14819
14820
14820
14820
14821
14821
14823
14825
14827
14827
14827
14828
14828
14831
14832
14833
14837
14837
14838
14841
14841
14841
14841
14843
14848
14848
14848
14849
14851
14852
14853
14853
14854
14855
14855
14857
14858
14859
14859
14860
14860
14863
14863
14865
14868
14868
14870
14870
14870
14870
14870
14871
14871
14875
14877
14877
14877
14879
14879
14880
14883
14883
14884
14884
14886
14887
14889
14891
14892
14892
14893
14895
14895
14896
14896
14897
14898
14900
14902
14902
14903
14906
14906
14906
14906
14907
14908
14910
14910
14910
14910
14912
14913
14914
14915
14915
14915
14918
14921
14921
14922
14922
14923
14923
14925
14925
14927
14929
14930
14933
14933
14934
14935
14935
14935
14937
14937
14938
14941
14941
14942
14946
14946
14947
14948
14948
14950
14951
14951
14951
14952
14953
14954
14958
14959
14960
14961
14962
14962
14962
14962
14963
14964
14966
14967
14967
14970
14970
14971
14971
14971
14973
14974
14974
14974
14974
14978
14978
14978
14979
14980
14980
14981
14981
14982
14982
14983
14984
14984
14984
14984
14985
14986
14986
14986
14987
14987
14987
14988
14988
14988
14989
14993
14994
14994
14994
14995
14996
14997
14997
14998
14998
15002
15003
15005
15005
15006
15006
15007
15008
15008
15008
15010
15012
15013
15013
15017
15018
15018
15018
15018
15020
15020
15020
15020
15022
15023
15024
15026
15029
15030
15035
15038
15039
15041
15044
15044
15045
15046
15046
15047
15048
15048
15049
15049
15049
15050
15050
15051
15051
15051
15052
15052
15053
15054
15055
15056
15058
15059
15060
15060
15060
15061
15062
15063
15063
15065
15065
15065
15066
15069
15069
15069
15070
15071
15072
15072
15073
15075
15075
15075
15076
15076
15076
15077
15078
15078
15080
15081
15082
15083
15085
15089
15090
15090
15091
15092
15092
15093
15094
15095
15096
15098
15098
15099
15100
15102
15102
15106
15106
15106
15107
15108
15109
15110
15110
15111
15113
15114
15115
15116
15116
15117
15119
15121
15122
15123
15126
15126
15126
15127
15128
15129
15129
15130
15130
15131
15131
15132
15132
15135
15135
15135
15137
15139
15141
15141
15142
15142
15143
15143
15143
15144
15147
15147
15150
15151
15152
15155
15156
15157
15157
15158
15159
15160
15161
15162
15162
15163
15164
15165
15165
15165
15167
15168
15169
15174
15174
15174
15174
15177
15177
15177
15180
15180
15182
15183
15189
15190
15190
15191
15194
15194
15196
15197
15197
15197
15200
15201
15202
15202
15204
15205
15205
15205
15205
15208
15209
15210
15210
15214
15216
15217
15218
15219
15220
15222
15226
15228
15229
15229
15230
15231
15235
15236
15240
15241
15242
15243
15243
15244
15245
15246
15247
15249
15250
15252
15252
15254
15257
15258
15260
15260
15261
15263
15263
15264
15267
15268
15268
15274
15275
15275
15276
15276
15276
15277
15277
15277
15278
15280
15281
15286
15286
15287
15287
15288
15290
15291
15291
15291
15292
15292
15296
15296
15298
15299
15299
15299
15300
15300
15302
15303
15303
15303
15304
15305
15309
15309
15311
15312
15313
15313
15315
15317
15318
15319
15319
15319
15323
15325
15325
15326
15327
15327
15327
15328
15329
15330
15331
15332
15332
15335
15338
15338
15338
15339
15339
15339
15339
15341
15344
15344
15345
15345
15345
15347
15348
15349
15350
15352
15353
15353
15359
15361
15361
15362
15364
15364
15365
15365
15367
15368
15369
15370
15374
15376
15377
15377
15377
15378
15379
15379
15380
15381
15382
15386
15388
15388
15390
15390
15391
15391
15392
15394
15394
15395
15396
15397
15398
15399
15400
15403
15403
15404
15404
15406
15406
15406
15406
15408
15409
15412
15413
15414
15416
15416
15418
15421
15422
15422
15426
15428
15428
15429
15429
15429
15430
15431
15432
15433
15436
15436
15437
15438
15439
15442
15443
15444
15444
15444
15445
15447
15448
15448
15448
15449
15449
15449
15450
15451
15453
15453
15454
15455
15455
15455
15457
15458
15461
15462
15463
15464
15470
15472
15472
15473
15475
15475
15476
15477
15479
15480
15481
15481
15484
15485
15486
15486
15487
15488
15489
15491
15491
15492
15494
15494
15495
15496
15498
15499
15499
15500
15501
15502
15503
15503
15504
15504
15504
15505
15505
15506
15509
15509
15511
15511
15511
15511
15512
15512
15512
15512
15514
15515
15516
15516
15517
15517
15518
15518
15518
15521
15522
15522
15522
15523
15524
15524
15525
15526
15527
15528
15528
15530
15531
15531
15532
15533
15534
15536
15537
15537
15538
15539
15539
15540
15541
15542
15545
15547
15548
15551
15552
15554
15554
15555
15557
15557
15557
15558
15558
15559
15559
15559
15563
15563
15565
15566
15566
15566
15567
15568
15568
15569
15569
15570
15571
15571
15573
15573
15574
15574
15575
15576
15579
15579
15579
15582
15583
15583
15583
15583
15585
15587
15588
15590
15592
15592
15592
15592
15593
15594
15595
15595
15595
15598
15598
15598
15599
15602
15602
15602
15603
15606
15607
15608
15608
15609
15609
15609
15609
15610
15611
15611
15618
15619
15620
15620
15620
15621
15622
15623
15624
15627
15628
15631
15633
15638
15638
15638
15639
15639
15639
15645
15645
15646
15647
15648
15651
15655
15655
15656
15658
15659
15659
15659
15660
15660
15660
15661
15663
15663
15665
15667
15668
15669
15669
15669
15670
15671
15673
15673
15674
15677
15677
15678
15678
15678
15680
15681
15684
15685
15687
15687
15687
15688
15689
15689
15689
15691
15692
15694
15695
15695
15695
15696
15697
15697
15697
15698
15698
15699
15700
15700
15701
15701
15704
15705
15706
15706
15708
15709
15709
15710
15711
15711
15716
15717
15718
15718
15719
15720
15722
15722
15722
15722
15726
15726
15728
15728
15729
15733
15733
15734
15735
15737
15738
15738
15739
15740
15740
15741
15743
15743
15744
15744
15747
15748
15748
15749
15750
15750
15750
15752
15752
15752
15753
15753
15754
15758
15761
15761
15763
15765
15766
15766
15766
15767
15771
15771
15774
15774
15775
15776
15776
15777
15778
15782
15785
15788
15788
15788
15792
15793
15793
15793
15793
15794
15795
15795
15798
15799
15803
15803
15804
15808
15808
15809
15809
15812
15812
15818
15820
15821
15824
15824
15826
15826
15827
15828
15828
15828
15828
15831
15832
15832
15833
15834
15835
15836
15837
15837
15837
15839
15840
15841
15841
15841
15843
15846
15848
15848
15848
15849
15849
15849
15852
15854
15854
15855
15856
15859
15859
15860
15862
15862
15863
15865
15865
15866
15868
15869
15870
15872
15873
15876
15877
15877
15880
15881
15882
15883
15888
15888
15889
15889
15889
15890
15890
15891
15891
15891
15892
15894
15894
15894
15894
15894
15895
15896
15897
15902
15903
15903
15903
15904
15904
15905
15905
15907
15908
15908
15908
15909
15913
15913
15916
15916
15917
15918
15918
15919
15921
15922
15923
15924
15926
15926
15927
15928
15929
15929
15930
15934
15935
15936
15936
15937
15938
15942
15943
15944
15944
15946
15947
15948
15949
15950
15951
15952
15952
15952
15953
15956
15956
15956
15960
15960
15960
15961
15962
15962
15962
15963
15963
15964
15965
15966
15967
15967
15968
15970
15973
15977
15981
15981
15981
15982
15985
15986
15987
15994
15994
15995
15995
15996
15996
15998
15999
16000
16000
16000
16001
16002
16003
16004
16006
16007
16007
16008
16008
16011
16011
16011
16012
16013
16014
16015
16015
16016
16016
16016
16016
16016
16017
16019
16021
16022
16022
16023
16024
16024
16026
16026
16029
16029
16031
16032
16033
16033
16034
16038
16038
16041
16042
16042
16046
16047
16048
16048
16048
16049
16052
16053
16055
16055
16057
16057
16058
16060
16061
16062
16062
16063
16063
16064
16066
16069
16070
16070
16071
16071
16074
16078
16078
16081
16081
16081
16083
16086
16087
16087
16089
16090
16090
16090
16091
16091
16091
16091
16092
16093
16093
16094
16094
16094
16095
16096
16097
16098
16101
16103
16104
16104
16106
16107
16110
16110
16114
16114
16116
16117
16117
16117
16118
16118
16122
16122
16124
16125
16126
16127
16127
16128
16128
16129
16131
16131
16132
16132
16134
16135
16135
16136
16136
16139
16139
16140
16140
16140
16140
16141
16142
16144
16145
16145
16145
16147
16151
16152
16152
16153
16154
16154
16155
16158
16159
16162
16163
16164
16165
16165
16166
16167
16167
16171
16171
16171
16171
16172
16174
16174
16176
16176
16177
16177
16179
16180
16181
16182
16182
16186
16186
16187
16188
16189
16190
16190
16191
16191
16191
16192
16195
16196
16196
16197
16199
16199
16201
16202
16204
16205
16207
16208
16208
16211
16211
16213
16215
16216
16217
16218
16219
16223
16223
16224
16226
16226
16226
16226
16227
16228
16229
16229
16231
16231
16231
16232
16233
16234
16236
16237
16238
16238
16239
16239
16241
16243
16243
16244
16244
16245
16245
16247
16247
16248
16248
16249
16250
16250
16250
16252
16255
16255
16255
16259
16260
16264
16267
16269
16269
16270
16270
16270
16271
16272
16272
16274
16275
16277
16278
16278
16278
16278
16278
16279
16279
16283
16284
16284
16284
16287
16287
16288
16291
16293
16294
16294
16294
16296
16297
16297
16297
16298
16298
16298
16299
16300
16300
16304
16304
16307
16310
16312
16312
16312
16312
16312
16315
16315
16316
16317
16318
16318
16318
16319
16320
16320
16321
16321
16322
16323
16324
16326
16326
16326
16326
16326
16328
16330
16331
16332
16334
16337
16338
16338
16339
16339
16339
16340
16342
16343
16348
16349
16349
16351
16352
16352
16352
16352
16352
16353
16353
16354
16355
16356
16357
16360
16361
16361
16363
16363
16363
16365
16365
16368
16371
16373
16375
16375
16376
16377
16377
16377
16377
16377
16379
16379
16379
16379
16380
16384
16384
16384
16385
16386
16387
16387
16388
16388
16389
16390
16390
16390
16391
16391
16391
16392
16393
16393
16394
16396
16396
16398
16399
16400
16402
16404
16405
16405
16406
16407
16410
16414
16415
16415
16418
16422
16424
16426
16426
16426
16426
16427
16428
16430
16431
16432
16434
16436
16437
16437
16438
16440
16442
16442
16442
16443
16444
16444
16446
16448
16450
16450
16450
16451
16453
16454
16456
16456
16457
16457
16458
16460
16461
16461
16462
16463
16463
16464
16464
16467
16469
16469
16469
16475
16475
16476
16476
16477
16477
16478
16478
16479
16481
16481
16482
16485
16486
16487
16487
16487
16488
16489
16492
16492
16493
16493
16494
16495
16496
16496
16496
16498
16499
16499
16499
16502
16502
16502
16507
16508
16508
16508
16509
16512
16513
16513
16515
16515
16515
16516
16516
16518
16519
16519
16519
16519
16521
16521
16522
16522
16523
16524
16525
16525
16526
16527
16529
16530
16531
16535
16535
16536
16536
16537
16538
16539
16542
16543
16543
16544
16545
16545
16546
16546
16548
16551
16557
16558
16559
16559
16560
16560
16561
16561
16561
16561
16561
16563
16565
16565
16566
16567
16568
16571
16571
16572
16573
16574
16575
16576
16578
16578
16579
16579
16584
16586
16587
16587
16588
16589
16590
16593
16593
16593
16594
16594
16595
16598
16601
16602
16603
16603
16605
16605
16606
16607
16607
16608
16610
16610
16611
16611
16614
16614
16615
16617
16617
16618
16619
16619
16620
16621
16621
16623
16623
16625
16626
16627
16630
16630
16631
16632
16633
16633
16633
16634
16635
16635
16635
16636
16637
16638
16640
16640
16642
16644
16644
16644
16644
16646
16647
16648
16648
16649
16649
16649
16654
16654
16656
16657
16658
16658
16659
16659
16660
16664
16665
16665
16666
16667
16667
16667
16668
16668
16670
16670
16670
16671
16672
16673
16676
16679
16679
16680
16681
16683
16684
16687
16688
16688
16691
16693
16696
16698
16699
16699
16700
16700
16701
16701
16702
16705
16705
16706
16708
16709
16712
16713
16713
16715
16716
16718
16719
16719
16723
16724
16727
16727
16727
16728
16728
16730
16732
16734
16734
16735
16735
16735
16736
16736
16737
16737
16737
16738
16738
16738
16740
16741
16742
16742
16743
16743
16744
16745
16746
16747
16748
16749
16753
16755
16759
16761
16763
16764
16766
16767
16771
16771
16773
16773
16774
16774
16775
16776
16778
16781
16781
16781
16782
16782
16783
16783
16783
16783
16785
16786
16786
16787
16788
16788
16791
16792
16794
16795
16798
16800
16802
16803
16803
16804
16805
16805
16806
16807
16809
16812
16812
16816
16817
16819
16822
16823
16824
16824
16826
16826
16827
16827
16828
16829
16829
16831
16834
16838
16840
16841
16841
16842
16842
16843
16843
16844
16845
16846
16847
16850
16850
16851
16852
16853
16857
16857
16859
16860
16862
16863
16863
16867
16869
16871
16872
16872
16872
16873
16874
16874
16874
16876
16879
16881
16881
16881
16882
16884
16885
16886
16887
16888
16889
16891
16891
16892
16893
16893
16895
16896
16896
16898
16901
16902
16903
16904
16904
16905
16905
16906
16908
16908
16908
16908
16911
16914
16917
16918
16918
16918
16919
16919
16920
16923
16923
16924
16925
16927
16928
16928
16929
16929
16932
16939
16939
16939
16940
16940
16942
16943
16943
16944
16944
16946
16946
16948
16948
16950
16951
16951
16951
16952
16952
16953
16953
16954
16954
16955
16959
16959
16960
16961
16962
16962
16962
16963
16965
16965
16967
16968
16969
16971
16972
16972
16974
16974
16975
16976
16976
16977
16977
16980
16981
16982
16982
16983
16985
16986
16986
16987
16987
16988
16989
16990
16991
16992
16992
16993
16993
16994
16996
16996
16999
17000
17000
17000
17000
17001
17002
17002
17003
17004
17008
17009
17009
17009
17009
17010
17011
17011
17012
17013
17013
17015
17017
17017
17017
17018
17018
17021
17022
17023
17023
17024
17025
17029
17033
17034
17034
17034
17034
17036
17037
17039
17040
17041
17041
17042
17042
17043
17044
17044
17047
17047
17048
17048
17050
17052
17055
17055
17056
17057
17057
17057
17059
17061
17062
17063
17063
17064
17065
17066
17067
17068
17070
17070
17070
17071
17072
17073
17074
17074
17075
17075
17076
17077
17078
17079
17081
17082
17083
17083
17083
17083
17085
17087
17089
17091
17092
17094
17094
17096
17097
17098
17099
17100
17100
17100
17101
17101
17102
17103
17104
17104
17105
17108
17111
17112
17116
17116
17117
17118
17118
17118
17120
17120
17121
17123
17124
17125
17128
17128
17128
17128
17129
17132
17132
17132
17133
17133
17133
17138
17139
17140
17140
17140
17141
17141
17141
17142
17143
17143
17145
17145
17146
17146
17151
17152
17153
17154
17154
17155
17156
17156
17157
17158
17160
17161
17161
17161
17163
17164
17166
17170
17170
17171
17171
17171
17172
17172
17172
17174
17174
17174
17174
17176
17177
17177
17177
17179
17179
17179
17180
17181
17181
17182
17183
17184
17185
17188
17190
17192
17192
17195
17195
17196
17196
17198
17200
17201
17201
17203
17206
17206
17207
17208
17208
17210
17210
17210
17210
17213
17213
17215
17216
17217
17218
17218
17220
17220
17220
17220
17222
17223
17223
17224
17224
17226
17229
17229
17230
17230
17231
17233
17234
17235
17238
17240
17241
17241
17242
17244
17244
17247
17249
17250
17252
17252
17252
17253
17253
17254
17256
17258
17260
17260
17263
17264
17266
17267
17267
17270
17271
17272
17272
17272
17272
17274
17274
17275
17277
17277
17277
17278
17281
17281
17282
17284
17285
17285
17285
17286
17286
17286
17289
17289
17289
17290
17291
17292
17292
17293
17293
17293
17294
17297
17301
17301
17303
17304
17305
17306
17306
17306
17308
17308
17309
17310
17310
17312
17312
17313
17313
17317
17318
17318
17319
17319
17320
17324
17326
17326
17327
17327
17327
17329
17330
17330
17332
17335
17337
17338
17338
17338
17338
17339
17339
17339
17339
17340
17341
17344
17345
17345
17346
17347
17347
17347
17347
17349
17351
17351
17352
17353
17354
17354
17354
17355
17356
17359
17359
17359
17364
17366
17366
17366
17371
17372
17372
17372
17375
17376
17377
17377
17378
17381
17383
17384
17385
17385
17386
17387
17387
17387
17388
17388
17388
17389
17390
17390
17391
17391
17393
17393
17393
17395
17395
17398
17399
17399
17399
17400
17402
17402
17403
17404
17405
17405
17409
17409
17410
17410
17411
17412
17414
17414
17415
17416
17416
17416
17417
17417
17418
17418
17419
17420
17422
17424
17425
17428
17430
17432
17435
17437
17437
17437
17438
17440
17442
17445
17447
17448
17449
17451
17454
17455
17456
17457
17458
17459
17460
17461
17461
17463
17463
17464
17467
17468
17468
17468
17469
17470
17471
17474
17475
17477
17478
17478
17479
17479
17480
17481
17481
17483
17485
17486
17486
17491
17491
17492
17493
17494
17494
17494
17495
17497
17497
17499
17500
17502
17502
17504
17505
17506
17507
17508
17508
17509
17510
17512
17513
17513
17514
17514
17516
17517
17520
17521
17521
17523
17523
17523
17524
17525
17528
17528
17528
17531
17532
17532
17534
17534
17537
17538
17538
17539
17540
17540
17542
17544
17544
17544
17546
17546
17547
17547
17548
17550
17551
17552
17552
17553
17555
17556
17556
17557
17558
17558
17560
17561
17562
17562
17563
17563
17565
17565
17565
17566
17568
17569
17569
17570
17570
17572
17572
17573
17578
17578
17579
17581
17582
17583
17583
17586
17589
17590
17590
17594
17595
17595
17596
17598
17598
17598
17598
17598
17598
17598
17599
17601
17602
17603
17603
17603
17608
17608
17610
17610
17611
17611
17614
17621
17622
17623
17624
17627
17627
17628
17630
17630
17630
17632
17633
17635
17635
17637
17637
17639
17641
17642
17643
17643
17645
17646
17646
17646
17646
17647
17648
17649
17651
17651
17652
17653
17653
17654
17654
17656
17656
17658
17659
17660
17660
17660
17661
17663
17664
17665
17666
17668
17668
17668
17669
17669
17670
17671
17671
17673
17673
17673
17673
17674
17676
17677
17677
17677
17678
17680
17680
17682
17684
17686
17687
17689
17689
17689
17690
17690
17693
17693
17694
17694
17694
17696
17696
17697
17698
17700
17701
17701
17703
17704
17705
17705
17706
17708
17709
17709
17710
17711
17711
17712
17712
17712
17712
17713
17715
17715
17716
17716
17717
17717
17718
17718
17720
17720
17720
17722
17722
17722
17724
17724
17724
17724
17726
17728
17728
17730
17731
17734
17735
17735
17736
17737
17742
17744
17744
17744
17744
17747
17747
17748
17752
17753
17753
17755
17758
17758
17759
17760
17760
17761
17761
17762
17762
17762
17763
17767
17768
17771
17773
17774
17779
17781
17781
17782
17785
17786
17788
17788
17789
17789
17789
17790
17790
17794
17794
17798
17799
17800
17801
17803
17803
17804
17804
17804
17806
17807
17807
17809
17812
17813
17813
17813
17815
17816
17818
17818
17819
17820
17820
17820
17820
17821
17823
17823
17823
17824
17825
17827
17827
17829
17830
17830
17832
17834
17834
17835
17835
17838
17839
17839
17839
17842
17844
17845
17846
17847
17848
17848
17849
17851
17854
17855
17856
17856
17859
17861
17862
17863
17863
17863
17863
17864
17866
17868
17869
17869
17871
17871
17872
17874
17875
17876
17877
17877
17878
17880
17882
17883
17883
17883
17884
17888
17888
17889
17890
17892
17892
17895
17895
17899
17900
17900
17901
17902
17903
17903
17905
17906
17907
17907
17908
17909
17910
17914
17916
17917
17918
17918
17918
17919
17922
17922
17922
17924
17926
17926
17929
17930
17931
17931
17931
17931
17931
17934
17934
17935
17936
17937
17937
17937
17938
17940
17940
17941
17941
17941
17943
17945
17945
17946
17948
17948
17948
17949
17949
17950
17950
17951
17952
17952
17953
17953
17954
17954
17956
17960
17960
17965
17965
17966
17967
17968
17968
17969
17971
17971
17973
17973
17975
17975
17976
17976
17977
17978
17978
17979
17985
17985
17985
17986
17986
17987
17988
17990
17990
17991
17992
17993
17993
17995
17996
17996
17998
17999
18000
18001
18001
18003
18003
18005
18006
18007
18008
18009
18010
18010
18010
18010
18010
18014
18019
18019
18019
18019
18021
18022
18022
18022
18023
18023
18024
18027
18028
18029
18029
18030
18033
18038
18045
18045
18047
18050
18050
18051
18052
18055
18056
18060
18060
18061
18065
18067
18067
18068
18068
18069
18070
18071
18076
18077
18077
18079
18080
18086
18087
18090
18090
18097
18098
18098
18099
18099
18099
18100
18102
18102
18104
18105
18105
18109
18110
18110
18112
18112
18114
18114
18115
18117
18117
18117
18119
18119
18120
18123
18125
18126
18128
18128
18129
18132
18132
18134
18134
18135
18135
18135
18136
18139
18141
18141
18141
18142
18143
18146
18147
18148
18148
18148
18149
18149
18150
18152
18152
18153
18154
18157
18159
18159
18159
18160
18161
18161
18162
18162
18164
18165
18168
18168
18171
18172
18174
18174
18175
18178
18179
18180
18181
18181
18181
18182
18182
18184
18184
18185
18186
18186
18187
18187
18190
18191
18192
18195
18197
18197
18198
18199
18200
18202
18204
18205
18206
18206
18208
18208
18209
18209
18213
18216
18216
18217
18217
18218
18218
18220
18220
18221
18222
18224
18224
18226
18226
18228
18228
18228
18230
18231
18232
18232
18233
18233
18234
18235
18235
18235
18236
18237
18238
18239
18242
18243
18244
18244
18244
18245
18245
18248
18249
18249
18250
18250
18251
18251
18254
18258
18260
18262
18262
18264
18264
18268
18268
18269
18269
18269
18269
18271
18273
18275
18277
18277
18277
18278
18278
18278
18280
18281
18281
18284
18285
18287
18287
18288
18288
18289
18289
18291
18292
18294
18295
18296
18297
18297
18297
18298
18300
18301
18301
18302
18303
18305
18305
18307
18307
18308
18309
18311
18311
18313
18314
18315
18316
18319
18319
18320
18321
18322
18322
18324
18325
18325
18325
18328
18328
18329
18329
18329
18333
18333
18333
18333
18334
18335
18336
18336
18337
18339
18340
18341
18343
18343
18345
18346
18346
18348
18352
18352
18353
18353
18354
18355
18356
18356
18357
18358
18358
18360
18361
18364
18366
18367
18367
18369
18373
18374
18376
18379
18380
18381
18381
18382
18384
18385
18385
18385
18386
18387
18387
18387
18387
18388
18392
18394
18394
18395
18396
18398
18398
18399
18399
18401
18401
18406
18406
18406
18407
18407
18409
18409
18411
18413
18414
18416
18416
18418
18418
18420
18420
18420
18421
18421
18423
18423
18423
18424
18424
18425
18425
18426
18427
18429
18430
18431
18431
18433
18433
18434
18435
18435
18436
18437
18437
18437
18439
18440
18441
18442
18442
18443
18444
18445
18445
18446
18446
18446
18447
18448
18448
18451
18452
18452
18452
18454
18458
18458
18462
18462
18463
18465
18465
18465
18468
18470
18471
18471
18472
18472
18472
18474
18474
18475
18475
18477
18479
18481
18482
18482
18482
18482
18483
18484
18485
18486
18487
18487
18488
18491
18493
18494
18494
18496
18498
18498
18500
18503
18504
18507
18508
18509
18511
18511
18512
18512
18512
18512
18515
18517
18518
18518
18519
18519
18520
18520
18520
18520
18522
18522
18523
18524
18525
18527
18527
18529
18530
18530
18532
18533
18533
18534
18535
18539
18540
18540
18541
18541
18542
18545
18547
18548
18549
18550
18550
18551
18552
18552
18553
18553
18554
18554
18556
18556
18561
18562
18563
18563
18566
18574
18576
18576
18576
18577
18578
18579
18579
18580
18580
18581
18581
18581
18582
18584
18584
18586
18586
18587
18589
18589
18590
18591
18592
18594
18594
18595
18595
18596
18597
18599
18599
18602
18604
18605
18607
18607
18609
18610
18611
18612
18613
18615
18616
18616
18618
18618
18619
18619
18621
18621
18622
18622
18622
18623
18624
18624
18625
18625
18626
18626
18626
18627
18629
18631
18636
18636
18637
18640
18643
18644
18644
18645
18646
18646
18647
18647
18648
18650
18650
18651
18652
18652
18652
18652
18653
18656
18656
18658
18659
18660
18660
18663
18665
18666
18666
18668
18668
18668
18669
18670
18670
18672
18672
18673
18674
18677
18679
18681
18682
18682
18689
18689
18692
18692
18694
18695
18695
18697
18699
18699
18699
18701
18702
18704
18704
18704
18705
18706
18708
18708
18709
18709
18710
18711
18712
18713
18713
18714
18715
18715
18716
18716
18718
18718
18719
18720
18721
18722
18722
18723
18727
18728
18728
18728
18728
18729
18729
18731
18732
18733
18733
18734
18734
18735
18736
18736
18736
18737
18737
18737
18739
18740
18740
18741
18743
18744
18744
18745
18745
18747
18748
18750
18750
18751
18751
18751
18752
18753
18755
18757
18758
18759
18759
18760
18760
18762
18762
18763
18763
18765
18765
18765
18765
18766
18766
18767
18771
18772
18772
18772
18773
18774
18776
18777
18777
18778
18779
18779
18784
18785
18785
18786
18786
18787
18789
18793
18793
18796
18797
18801
18801
18802
18803
18806
18806
18807
18807
18807
18807
18809
18809
18811
18814
18815
18815
18817
18817
18819
18820
18822
18823
18823
18826
18826
18827
18827
18828
18828
18831
18834
18835
18835
18836
18838
18838
18842
18843
18844
18845
18846
18847
18848
18849
18850
18850
18851
18852
18852
18853
18854
18855
18855
18855
18856
18857
18858
18858
18860
18860
18861
18863
18864
18866
18866
18867
18869
18870
18870
18870
18871
18872
18872
18873
18874
18878
18880
18881
18882
18883
18884
18886
18887
18887
18887
18887
18890
18891
18892
18892
18896
18898
18898
18899
18901
18902
18903
18906
18907
18909
18909
18911
18911
18912
18914
18915
18915
18916
18917
18918
18918
18920
18922
18923
18924
18925
18925
18927
18928
18930
18930
18931
18931
18931
18931
18931
18933
18934
18934
18934
18936
18937
18937
18937
18938
18940
18940
18940
18943
18943
18943
18943
18944
18946
18947
18948
18949
18949
18949
18951
18952
18952
18953
18954
18955
18956
18957
18957
18958
18959
18959
18963
18964
18965
18965
18967
18967
18969
18970
18970
18970
18970
18972
18972
18976
18978
18978
18980
18980
18981
18982
18983
18983
18985
18985
18987
18988
18988
18989
18989
18989
18989
18993
18994
18994
18996
18996
18996
18997
18997
18997
18998
18999
19000
19001
19002
19005
19006
19006
19007
19010
19010
19011
19011
19014
19016
19016
19016
19016
19016
19016
19017
19018
19019
19020
19021
19024
19025
19025
19027
19028
19031
19032
19032
19033
19034
19034
19035
19035
19036
19037
19039
19040
19043
19045
19047
19048
19048
19049
19049
19052
19052
19053
19056
19057
19059
19059
19061
19061
19062
19063
19063
19063
19065
19066
19066
19070
19071
19071
19072
19072
19073
19074
19077
19077
19077
19077
19079
19079
19080
19080
19081
19081
19081
19083
19083
19084
19085
19085
19088
19089
19090
19091
19091
19091
19092
19092
19092
19093
19095
19095
19095
19096
19097
19101
19102
19102
19104
19104
19104
19105
19106
19109
19113
19114
19114
19115
19116
19116
19118
19118
19119
19119
19119
19119
19119
19121
19121
19122
19123
19128
19129
19129
19130
19130
19131
19131
19134
19136
19136
19136
19137
19139
19139
19140
19140
19141
19143
19144
19146
19146
19149
19149
19151
19152
19154
19154
19154
19154
19155
19156
19157
19161
19161
19163
19164
19165
19169
19169
19169
19170
19172
19173
19178
19178
19179
19180
19181
19182
19182
19182
19183
19184
19184
19185
19185
19186
19186
19186
19188
19189
19190
19191
19192
19193
19194
19195
19195
19198
19198
19198
19199
19200
19200
19200
19204
19204
19204
19206
19206
19209
19209
19210
19211
19212
19212
19213
19213
19214
19214
19214
19214
19216
19217
19217
19218
19218
19218
19221
19221
19222
19222
19223
19224
19226
19226
19226
19226
19229
19229
19231
19232
19233
19235
19237
19237
19237
19237
19239
19239
19240
19241
19241
19242
19242
19243
19243
19244
19245
19247
19247
19248
19249
19250
19251
19251
19256
19257
19258
19260
19261
19261
19261
19262
19262
19263
19265
19267
19267
19268
19270
19271
19271
19272
19272
19273
19274
19275
19275
19276
19281
19281
19281
19281
19282
19282
19284
19284
19286
19288
19289
19289
19291
19291
19292
19292
19293
19296
19296
19297
19299
19299
19299
19300
19303
19303
19305
19305
19308
19309
19309
19311
19311
19312
19317
19318
19318
19320
19321
19321
19322
19323
19323
19324
19325
19326
19328
19328
19330
19330
19331
19331
19331
19333
19333
19335
19335
19336
19340
19340
19340
19342
19343
19343
19344
19344
19346
19347
19348
19348
19350
19350
19351
19352
19353
19357
19360
19360
19362
19362
19363
19366
19366
19369
19369
19371
19375
19376
19377
19378
19379
19379
19380
19382
19383
19385
19386
19386
19389
19391
19392
19393
19395
19397
19397
19397
19398
19398
19398
19399
19401
19402
19407
19407
19408
19408
19409
19409
19409
19410
19411
19411
19412
19413
19414
19414
19415
19415
19416
19417
19419
19419
19420
19421
19426
19427
19431
19431
19432
19433
19433
19435
19435
19435
19437
19437
19437
19438
19439
19440
19441
19441
19441
19441
19443
19445
19448
19448
19449
19450
19451
19451
19451
19452
19453
19454
19455
19456
19456
19457
19457
19458
19460
19464
19465
19465
19466
19467
19467
19467
19467
19469
19469
19471
19471
19472
19472
19475
19475
19476
19477
19477
19479
19482
19482
19482
19483
19484
19485
19487
19487
19488
19490
19490
19492
19492
19492
19493
19493
19494
19495
19496
19496
19497
19497
19497
19498
19500
19500
19501
19501
19502
19504
19504
19505
19506
19507
19507
19508
19508
19509
19510
19511
19512
19512
19514
19516
19517
19517
19517
19517
19520
19522
19527
19527
19528
19529
19529
19531
19533
19533
19536
19536
19538
19538
19539
19539
19540
19541
19542
19542
19544
19546
19546
19546
19552
19552
19552
19553
19554
19557
19557
19557
19558
19558
19558
19560
19563
19563
19564
19569
19569
19569
19570
19570
19571
19571
19571
19571
19574
19574
19575
19579
19579
19579
19580
19583
19583
19583
19585
19586
19586
19588
19589
19589
19589
19590
19591
19592
19592
19593
19593
19594
19594
19596
19600
19601
19601
19602
19605
19606
19608
19608
19608
19609
19610
19610
19610
19611
19612
19612
19613
19614
19614
19615
19616
19617
19617
19617
19618
19619
19620
19620
19620
19621
19622
19623
19624
19624
19625
19627
19627
19628
19628
19630
19631
19632
19635
19638
19638
19640
19640
19641
19644
19645
19646
19647
19647
19648
19648
19650
19651
19651
19652
19655
19657
19660
19660
19663
19665
19665
19666
19666
19666
19667
19667
19668
19669
19669
19670
19671
19672
19672
19672
19673
19673
19674
19674
19675
19677
19679
19680
19680
19681
19681
19682
19682
19684
19684
19691
19691
19692
19692
19693
19693
19694
19695
19695
19695
19695
19695
19696
19699
19700
19700
19702
19703
19703
19706
19707
19709
19709
19710
19710
19710
19712
19712
19713
19713
19714
19714
19715
19716
19716
19716
19717
19719
19719
19719
19719
19719
19723
19723
19724
19724
19724
19724
19727
19728
19729
19729
19729
19730
19730
19730
19731
19732
19733
19734
19734
19734
19735
19738
19738
19738
19739
19741
19741
19742
19742
19743
19744
19745
19745
19746
19746
19750
19751
19751
19755
19757
19763
19765
19765
19769
19770
19770
19771
19771
19772
19773
19773
19774
19774
19774
19774
19775
19777
19778
19778
19778
19779
19779
19781
19781
19782
19783
19786
19790
19790
19792
19793
19793
19795
19796
19798
19800
19801
19801
19802
19802
19803
19803
19803
19805
19806
19809
19813
19814
19815
19815
19819
19819
19822
19822
19822
19824
19824
19824
19825
19826
19826
19826
19827
19827
19829
19829
19830
19832
19833
19835
19837
19838
19838
19841
19842
19843
19849
19849
19850
19851
19851
19851
19855
19860
19860
19862
19863
19865
19866
19867
19867
19868
19871
19872
19873
19877
19878
19878
19879
19879
19880
19881
19881
19881
19882
19882
19883
19884
19884
19885
19885
19886
19887
19887
19888
19888
19889
19890
19891
19891
19893
19895
19895
19895
19896
19898
19898
19899
19899
19901
19904
19906
19906
19906
19910
19910
19911
19912
19912
19912
19915
19915
19917
19918
19920
19921
19921
19921
19922
19922
19923
19923
19925
19927
19929
19930
19930
19930
19931
19932
19933
19933
19934
19934
19935
19935
19935
19938
19939
19940
19941
19942
19943
19943
19943
19944
19946
19948
19948
19951
19952
19954
19957
19957
19958
19959
19959
19960
19960
19960
19961
19961
19962
19962
19964
19966
19966
19966
19966
19967
19968
19968
19969
19969
19971
19971
19974
19975
19976
19977
19978
19981
19981
19982
19984
19988
19989
19991
19992
19994
19994
19996
19996
19996
19997
19998
20001
20001
20002
20005
20005
20006
20007
20008
20009
20010
20012
20013
20013
20014
20018
20018
20020
20020
20021
20022
20023
20026
20026
20026
20027
20029
20030
20031
20033
20033
20034
20034
20035
20036
20036
20037
20038
20038
20039
20040
20040
20043
20044
20044
20045
20046
20046
20046
20052
20053
20053
20054
20058
20058
20058
20059
20059
20064
20064
20064
20066
20066
20066
20068
20070
20071
20072
20073
20075
20076
20080
20080
20081
20082
20083
20083
20083
20083
20084
20085
20085
20086
20087
20087
20089
20094
20095
20095
20097
20099
20099
20100
20105
20107
20107
20110
20110
20113
20114
20115
20115
20117
20117
20120
20121
20122
20122
20123
20123
20124
20126
20131
20131
20133
20133
20134
20134
20135
20136
20136
20137
20138
20139
20140
20141
20143
20146
20146
20146
20149
20149
20151
20151
20151
20151
20152
20153
20154
20155
20155
20156
20157
20160
20161
20161
20162
20162
20163
20163
20165
20167
20167
20169
20169
20169
20170
20171
20171
20173
20174
20174
20175
20177
20177
20177
20182
20182
20185
20185
20186
20187
20188
20190
20190
20191
20191
20191
20194
20194
20195
20196
20200
20201
20202
20203
20205
20205
20206
20207
20207
20209
20209
20212
20213
20214
20215
20217
20219
20219
20219
20221
20223
20226
20227
20229
20230
20230
20230
20231
20232
20233
20234
20235
20238
20238
20238
20238
20239
20239
20240
20240
20242
20245
20245
20245
20245
20248
20248
20248
20248
20249
20249
20254
20254
20255
20257
20257
20258
20258
20258
20259
20259
20260
20260
20261
20261
20263
20263
20264
20265
20265
20266
20266
20266
20267
20267
20268
20268
20269
20271
20271
20273
20274
20274
20274
20275
20275
20276
20276
20276
20279
20279
20280
20282
20283
20283
20283
20283
20284
20286
20286
20286
20287
20288
20289
20289
20291
20292
20296
20296
20297
20297
20300
20300
20301
20301
20302
20303
20304
20304
20305
20305
20305
20306
20307
20307
20308
20310
20311
20312
20313
20314
20314
20315
20317
20317
20319
20320
20320
20320
20321
20321
20322
20322
20323
20324
20327
20327
20328
20328
20328
20329
20330
20330
20331
20332
20332
20332
20335
20336
20339
20339
20340
20340
20342
20344
20344
20344
20346
20347
20348
20348
20348
20348
20349
20349
20351
20352
20352
20352
20353
20354
20355
20356
20356
20357
20359
20360
20360
20361
20364
20366
20366
20368
20369
20372
20373
20374
20377
20377
20377
20378
20378
20379
20379
20380
20382
20382
20384
20384
20385
20386
20387
20387
20388
20389
20389
20390
20391
20392
20393
20394
20395
20395
20396
20397
20398
20399
20399
20403
20405
20408
20408
20408
20408
20409
20412
20412
20412
20414
20415
20417
20418
20418
20418
20419
20419
20419
20421
20423
20424
20424
20425
20427
20427
20431
20433
20433
20434
20435
20436
20436
20437
20438
20438
20438
20439
20441
20443
20444
20447
20447
20447
20450
20451
20453
20454
20455
20458
20458
20459
20459
20459
20460
20460
20460
20460
20464
20467
20467
20469
20469
20470
20470
20474
20477
20477
20477
20478
20478
20479
20479
20481
20482
20482
20483
20485
20487
20487
20487
20488
20488
20489
20489
20490
20491
20491
20491
20492
20494
20494
20495
20495
20495
20496
20496
20497
20497
20497
20498
20499
20500
20501
20504
20506
20506
20507
20507
20508
20509
20510
20515
20516
20518
20518
20519
20521
20522
20522
20523
20524
20524
20526
20528
20530
20530
20530
20531
20532
20533
20534
20535
20536
20537
20537
20538
20539
20540
20540
20540
20542
20542
20544
20545
20547
20548
20549
20552
20554
20554
20556
20556
20556
20556
20558
20558
20559
20559
20561
20562
20562
20562
20563
20564
20565
20567
20567
20568
20570
20571
20571
20573
20577
20577
20578
20580
20580
20581
20582
20582
20582
20583
20583
20584
20586
20586
20587
20589
20589
20591
20592
20594
20595
20596
20597
20598
20599
20599
20599
20600
20601
20601
20602
20602
20603
20603
20603
20604
20605
20606
20606
20607
20607
20608
20610
20611
20611
20611
20614
20614
20615
20618
20620
20622
20623
20625
20626
20627
20627
20628
20628
20630
20631
20632
20632
20633
20633
20633
20633
20633
20634
20636
20637
20638
20639
20640
20640
20641
20641
20643
20644
20644
20645
20645
20646
20647
20648
20648
20650
20651
20653
20658
20659
20659
20661
20661
20663
20664
20665
20665
20667
20668
20668
20669
20671
20672
20672
20673
20674
20674
20674
20675
20675
20676
20676
20677
20678
20679
20683
20683
20686
20686
20687
20687
20688
20688
20691
20694
20695
20696
20697
20698
20700
20701
20705
20705
20705
20705
20707
20708
20708
20710
20710
20711
20712
20713
20715
20716
20717
20717
20718
20719
20721
20722
20723
20724
20725
20726
20726
20728
20729
20729
20730
20731
20731
20732
20732
20732
20732
20734
20735
20736
20736
20736
20737
20737
20738
20738
20739
20739
20740
20741
20741
20742
20743
20744
20746
20746
20746
20747
20748
20751
20751
20752
20752
20754
20754
20757
20759
20760
20763
20764
20765
20765
20767
20769
20770
20770
20770
20771
20771
20772
20773
20773
20774
20774
20775
20775
20775
20775
20776
20777
20777
20778
20779
20780
20781
20783
20785
20785
20787
20787
20787
20788
20788
20789
20791
20792
20792
20793
20794
20797
20798
20799
20801
20801
20802
20802
20803
20803
20804
20805
20809
20810
20810
20812
20813
20813
20815
20817
20819
20821
20822
20822
20822
20824
20824
20824
20825
20826
20828
20828
20828
20829
20829
20833
20833
20834
20834
20834
20835
20839
20840
20841
20841
20843
20843
20843
20844
20848
20848
20849
20849
20849
20850
20851
20853
20853
20856
20858
20859
20859
20859
20860
20861
20862
20863
20865
20866
20867
20869
20870
20871
20872
20872
20872
20874
20874
20875
20875
20878
20879
20879
20879
20880
20881
20882
20882
20883
20883
20885
20886
20886
20888
20889
20890
20892
20892
20892
20893
20894
20895
20895
20898
20899
20900
20901
20901
20902
20902
20902
20903
20903
20903
20904
20905
20906
20907
20907
20908
20911
20911
20912
20912
20912
20912
20914
20918
20918
20921
20922
20922
20923
20923
20924
20924
20928
20929
20929
20930
20930
20931
20931
20932
20932
20933
20933
20934
20934
20934
20934
20937
20939
20941
20942
20944
20944
20944
20945
20947
20949
20950
20952
20952
20956
20956
20957
20958
20958
20958
20962
20963
20964
20964
20966
20967
20968
20968
20969
20970
20971
20971
20973
20973
20974
20975
20975
20976
20977
20978
20980
20980
20981
20982
20984
20984
20986
20987
20988
20988
20990
20991
20992
20993
20994
20995
20996
20997
20998
20998
20998
20999
21001
21002
21002
21005
21006
21006
21006
21007
21008
21008
21008
21010
21011
21014
21018
21019
21019
21020
21022
21023
21023
21023
21024
21024
21025
21025
21026
21029
21029
21031
21035
21035
21037
21041
21043
21043
21045
21046
21046
21047
21047
21049
21049
21050
21050
21051
21051
21052
21052
21055
21056
21056
21057
21058
21060
21060
21061
21061
21061
21062
21063
21064
21067
21067
21068
21069
21069
21069
21070
21071
21072
21075
21076
21076
21077
21080
21080
21080
21081
21082
21085
21089
21090
21090
21090
21095
21096
21096
21096
21097
21098
21098
21099
21100
21101
21103
21104
21104
21104
21105
21107
21107
21108
21108
21108
21108
21108
21108
21109
21109
21111
21115
21115
21116
21118
21119
21120
21121
21124
21127
21129
21131
21131
21132
21134
21135
21136
21137
21137
21138
21138
21138
21138
21139
21139
21139
21139
21140
21142
21142
21144
21145
21147
21148
21151
21151
21152
21152
21154
21155
21155
21155
21156
21156
21157
21160
21160
21160
21161
21161
21162
21162
21163
21163
21163
21163
21167
21168
21168
21173
21174
21176
21176
21177
21177
21178
21179
21180
21182
21185
21185
21185
21189
21190
21190
21191
21192
21192
21193
21193
21194
21194
21196
21197
21199
21199
21199
21200
21200
21201
21201
21201
21201
21201
21202
21204
21204
21204
21205
21206
21207
21208
21210
21210
21210
21211
21213
21213
21213
21214
21214
21214
21215
21216
21220
21220
21220
21221
21222
21222
21223
21224
21224
21224
21229
21231
21231
21233
21233
21236
21237
21240
21240
21240
21240
21241
21243
21244
21245
21246
21246
21246
21247
21251
21252
21252
21253
21254
21254
21254
21256
21256
21257
21257
21257
21258
21258
21258
21258
21261
21261
21262
21266
21266
21267
21267
21267
21267
21269
21269
21270
21270
21270
21271
21271
21275
21275
21276
21277
21278
21279
21279
21280
21281
21282
21283
21283
21283
21283
21284
21284
21286
21286
21286
21287
21289
21289
21289
21290
21291
21293
21294
21294
21297
21298
21299
21300
21301
21302
21303
21305
21306
21306
21307
21308
21308
21309
21310
21311
21311
21312
21313
21313
21315
21317
21317
21317
21318
21318
21319
21320
21320
21322
21322
21327
21327
21329
21330
21330
21330
21330
21332
21332
21332
21333
21336
21337
21338
21340
21340
21341
21341
21343
21344
21345
21347
21347
21347
21348
21350
21350
21351
21354
21355
21357
21357
21358
21359
21361
21361
21363
21366
21368
21371
21373
21374
21375
21376
21376
21379
21379
21382
21382
21382
21383
21384
21384
21384
21385
21386
21387
21387
21388
21390
21390
21390
21392
21393
21394
21395
21395
21399
21402
21402
21403
21405
21406
21406
21407
21408
21409
21409
21409
21410
21410
21410
21410
21411
21413
21413
21413
21413
21414
21416
21418
21419
21422
21423
21423
21425
21425
21427
21428
21428
21428
21428
21429
21429
21432
21433
21433
21434
21436
21437
21439
21440
21440
21442
21443
21445
21446
21447
21447
21448
21451
21452
21452
21453
21453
21453
21457
21458
21459
21460
21461
21461
21461
21463
21464
21464
21464
21466
21466
21466
21467
21467
21469
21470
21471
21471
21474
21474
21475
21475
21475
21475
21476
21478
21478
21478
21479
21480
21480
21482
21484
21486
21489
21490
21490
21490
21490
21491
21492
21494
21494
21495
21495
21495
21498
21499
21501
21501
21501
21502
21504
21504
21506
21508
21508
21509
21509
21512
21512
21514
21516
21516
21517
21517
21519
21521
21522
21523
21524
21525
21528
21528
21529
21529
21531
21532
21533
21535
21535
21535
21536
21537
21537
21541
21542
21542
21544
21546
21546
21548
21549
21549
21552
21552
21553
21554
21554
21554
21555
21556
21556
21556
21557
21559
21561
21562
21562
21563
21563
21564
21564
21565
21566
21568
21568
21569
21569
21570
21571
21572
21572
21574
21574
21575
21576
21577
21578
21579
21579
21579
21580
21581
21581
21581
21582
21582
21582
21583
21584
21586
21588
21589
21589
21590
21590
21591
21591
21592
21592
21593
21593
21593
21593
21593
21594
21594
21594
21594
21595
21596
21597
21597
21597
21599
21599
21600
21600
21602
21607
21607
21609
21609
21609
21611
21612
21613
21613
21613
21614
21615
21616
21616
21616
21617
21617
21618
21618
21619
21622
21622
21623
21623
21623
21623
21624
21627
21628
21628
21631
21631
21632
21634
21639
21640
21640
21641
21643
21645
21645
21646
21648
21649
21649
21650
21650
21651
21654
21656
21657
21658
21659
21659
21659
21661
21661
21662
21663
21664
21665
21666
21666
21666
21667
21667
21667
21669
21670
21671
21672
21672
21673
21673
21673
21678
21678
21678
21678
21681
21682
21682
21683
21684
21685
21689
21690
21692
21694
21696
21696
21697
21697
21702
21703
21707
21707
21707
21708
21709
21709
21709
21709
21710
21711
21713
21714
21715
21716
21717
21717
21718
21719
21720
21721
21721
21723
21723
21724
21724
21724
21728
21729
21730
21730
21732
21733
21735
21735
21735
21735
21737
21737
21739
21741
21742
21742
21743
21747
21750
21751
21752
21752
21752
21752
21753
21754
21755
21756
21757
21757
21759
21759
21760
21761
21761
21761
21762
21763
21769
21771
21774
21776
21776
21777
21777
21778
21778
21778
21779
21781
21781
21782
21785
21785
21785
21787
21789
21791
21792
21792
21793
21793
21795
21795
21797
21797
21797
21797
21797
21798
21798
21802
21803
21804
21807
21807
21808
21809
21810
21810
21811
21812
21812
21814
21814
21816
21816
21816
21818
21819
21819
21819
21821
21822
21822
21822
21823
21823
21824
21824
21825
21826
21827
21827
21828
21829
21834
21835
21835
21837
21837
21837
21838
21838
21838
21840
21841
21842
21843
21844
21844
21845
21846
21847
21847
21848
21848
21849
21849
21850
21851
21851
21851
21853
21854
21855
21856
21857
21857
21857
21858
21858
21858
21859
21859
21861
21862
21862
21864
21865
21866
21867
21867
21869
21871
21871
21872
21873
21873
21873
21874
21875
21875
21876
21876
21877
21878
21879
21879
21879
21880
21880
21880
21882
21883
21884
21885
21885
21888
21888
21888
21889
21890
21890
21891
21891
21892
21892
21892
21893
21894
21894
21894
21895
21896
21896
21897
21898
21899
21900
21900
21903
21904
21904
21906
21906
21909
21910
21910
21916
21917
21917
21917
21921
21922
21922
21923
21927
21928
21931
21932
21933
21934
21936
21937
21939
21939
21939
21940
21942
21943
21945
21946
21947
21949
21950
21951
21951
21951
21953
21956
21957
21958
21958
21959
21959
21960
21960
21961
21961
21963
21964
21966
21967
21968
21969
21969
21969
21970
21970
21971
21972
21973
21973
21974
21974
21974
21975
21975
21978
21978
21978
21979
21979
21981
21983
21985
21985
21986
21986
21987
21987
21987
21988
21988
21988
21989
21990
21990
21992
21993
21993
21994
21994
21996
21997
21998
22000
22000
22001
22001
22001
22002
22004
22004
22005
22007
22007
22007
22008
22010
22012
22012
22014
22014
22016
22016
22017
22017
22018
22020
22020
22021
22021
22022
22023
22024
22025
22026
22026
22026
22027
22028
22028
22028
22030
22032
22033
22034
22034
22034
22034
22035
22036
22037
22038
22039
22040
22042
22043
22045
22047
22049
22053
22054
22054
22054
22054
22055
22057
22057
22057
22058
22059
22059
22059
22061
22061
22061
22062
22063
22063
22064
22066
22066
22067
22068
22068
22070
22072
22076
22079
22080
22080
22081
22081
22082
22082
22082
22082
22086
22087
22088
22089
22090
22092
22092
22093
22093
22094
22095
22095
22096
22096
22096
22097
22101
22101
22101
22102
22102
22104
22105
22106
22107
22108
22109
22109
22110
22110
22110
22111
22113
22115
22116
22117
22119
22119
22120
22123
22125
22125
22126
22126
22126
22127
22127
22127
22127
22128
22129
22129
22129
22131
22131
22131
22132
22132
22133
22133
22134
22134
22135
22135
22138
22138
22139
22141
22141
22141
22142
22142
22143
22143
22144
22144
22145
22145
22146
22146
22148
22150
22152
22153
22154
22157
22158
22158
22158
22161
22161
22162
22167
22168
22170
22171
22173
22173
22174
22178
22179
22179
22179
22179
22180
22182
22183
22183
22186
22188
22189
22190
22191
22192
22192
22194
22196
22196
22197
22198
22198
22199
22200
22200
22201
22203
22204
22205
22206
22206
22209
22210
22210
22213
22216
22219
22222
22222
22222
22222
22223
22225
22226
22226
22227
22227
22228
22228
22229
22231
22232
22232
22234
22235
22235
22236
22236
22237
22238
22239
22240
22242
22242
22242
22245
22246
22247
22248
22248
22251
22252
22255
22257
22259
22259
22262
22263
22263
22264
22265
22266
22267
22268
22270
22271
22272
22272
22273
22274
22276
22276
22277
22278
22278
22279
22280
22280
22281
22282
22283
22285
22285
22285
22287
22287
22287
22288
22288
22289
22290
22291
22292
22292
22292
22294
22294
22295
22295
22295
22299
22302
22302
22303
22303
22304
22305
22305
22305
22309
22309
22310
22310
22311
22312
22317
22317
22320
22320
22322
22323
22324
22324
22324
22325
22325
22325
22326
22329
22330
22330
22330
22331
22331
22331
22331
22332
22333
22335
22336
22337
22339
22339
22340
22342
22342
22342
22343
22343
22344
22345
22345
22346
22346
22349
22351
22352
22356
22356
22356
22357
22358
22358
22361
22361
22361
22362
22364
22364
22365
22365
22366
22369
22369
22369
22371
22372
22373
22374
22376
22377
22380
22382
22384
22384
22384
22386
22386
22386
22388
22388
22388
22388
22389
22390
22390
22391
22391
22393
22394
22395
22397
22398
22405
22407
22413
22413
22414
22416
22417
22417
22417
22419
22419
22420
22421
22423
22424
22424
22424
22426
22426
22427
22428
22428
22428
22429
22430
22431
22433
22433
22434
22436
22436
22437
22437
22439
22441
22441
22442
22444
22445
22445
22445
22446
22446
22448
22450
22451
22452
22453
22453
22453
22453
22456
22456
22457
22457
22458
22458
22459
22459
22460
22460
22461
22461
22461
22463
22464
22464
22464
22464
22469
22470
22471
22471
22475
22476
22478
22478
22479
22480
22481
22482
22482
22483
22484
22485
22485
22485
22486
22486
22488
22489
22489
22490
22492
22496
22498
22499
22499
22499
22500
22501
22501
22504
22504
22506
22507
22507
22509
22509
22512
22513
22514
22514
22515
22516
22516
22517
22520
22520
22521
22524
22524
22524
22525
22525
22526
22530
22530
22530
22531
22533
22533
22534
22534
22535
22536
22536
22539
22539
22539
22540
22541
22542
22542
22544
22545
22547
22550
22551
22553
22553
22553
22557
22558
22558
22558
22558
22559
22561
22562
22562
22564
22564
22564
22569
22570
22570
22571
22573
22574
22576
22576
22577
22578
22581
22581
22581
22583
22583
22583
22584
22584
22587
22588
22589
22591
22591
22594
22594
22594
22596
22598
22601
22603
22603
22603
22603
22603
22604
22604
22605
22605
22607
22607
22608
22611
22613
22617
22617
22619
22621
22621
22621
22622
22622
22623
22625
22628
22628
22630
22630
22631
22631
22632
22632
22632
22633
22633
22634
22635
22636
22636
22636
22637
22637
22639
22642
22649
22652
22654
22661
22661
22661
22663
22663
22663
22664
22664
22665
22665
22665
22665
22668
22669
22670
22671
22672
22672
22672
22673
22673
22673
22674
22674
22676
22677
22677
22678
22679
22681
22682
22683
22684
22684
22684
22686
22686
22686
22688
22688
22688
22689
22690
22690
22692
22693
22693
22694
22694
22695
22697
22698
22699
22700
22701
22701
22702
22702
22704
22707
22708
22708
22710
22711
22712
22713
22714
22714
22715
22716
22717
22719
22719
22719
22720
22720
22722
22723
22725
22729
22730
22731
22732
22734
22736
22736
22741
22741
22742
22742
22743
22743
22745
22746
22746
22746
22752
22752
22753
22755
22755
22756
22756
22756
22757
22757
22758
22758
22759
22759
22759
22760
22760
22760
22762
22762
22763
22764
22764
22766
22767
22768
22768
22769
22770
22770
22770
22771
22771
22771
22771
22772
22772
22772
22772
22777
22777
22778
22778
22779
22780
22780
22781
22784
22784
22786
22786
22786
22787
22789
22789
22790
22791
22793
22793
22794
22795
22796
22798
22800
22801
22804
22806
22806
22806
22806
22807
22807
22808
22809
22810
22810
22810
22810
22811
22811
22811
22812
22813
22814
22814
22817
22817
22818
22818
22818
22820
22822
22824
22824
22826
22829
22830
22831
22831
22833
22834
22835
22835
22836
22838
22839
22841
22843
22845
22846
22846
22849
22849
22851
22852
22853
22854
22856
22857
22858
22859
22860
22860
22860
22860
22860
22862
22864
22865
22866
22867
22868
22869
22870
22870
22871
22874
22877
22877
22879
22880
22882
22882
22882
22884
22885
22886
22890
22891
22892
22894
22894
22894
22897
22900
22900
22901
22902
22903
22904
22904
22907
22908
22909
22910
22912
22913
22914
22915
22917
22918
22918
22920
22922
22923
22924
22925
22926
22926
22927
22927
22927
22928
22928
22930
22931
22932
22933
22934
22935
22936
22936
22937
22939
22940
22941
22941
22941
22943
22943
22945
22947
22948
22948
22950
22951
22951
22951
22952
22953
22953
22954
22955
22958
22960
22961
22966
22966
22966
22967
22968
22969
22971
22971
22973
22974
22974
22975
22975
22977
22977
22977
22979
22980
22980
22981
22982
22984
22986
22987
22988
22988
22990
22991
22991
22991
22994
22994
22995
22996
22997
22997
22997
22997
22998
22998
22999
22999
22999
23000
23000
23000
23001
23001
23002
23003
23003
23006
23008
23008
23008
23008
23010
23013
23013
23014
23014
23016
23018
23019
23020
23021
23021
23022
23023
23024
23024
23027
23027
23028
23030
23031
23033
23036
23036
23037
23038
23040
23040
23040
23042
23042
23043
23044
23044
23044
23045
23045
23045
23048
23048
23049
23049
23049
23050
23051
23053
23054
23055
23055
23056
23057
23057
23057
23057
23060
23062
23063
23068
23069
23070
23071
23071
23072
23072
23073
23073
23075
23077
23078
23078
23081
23081
23082
23083
23084
23085
23085
23086
23086
23088
23088
23089
23091
23092
23093
23094
23095
23097
23097
23097
23097
23098
23098
23099
23100
23100
23101
23103
23103
23104
23104
23105
23105
23106
23107
23107
23107
23109
23110
23110
23112
23112
23113
23114
23114
23115
23116
23116
23117
23119
23120
23121
23121
23121
23121
23121
23122
23123
23123
23123
23124
23127
23127
23127
23129
23129
23130
23130
23130
23130
23133
23133
23134
23134
23136
23137
23138
23138
23139
23141
23141
23142
23143
23143
23146
23147
23148
23149
23149
23150
23151
23151
23152
23152
23153
23154
23155
23155
23156
23157
23158
23158
23159
23160
23164
23167
23169
23169
23169
23170
23171
23171
23171
23171
23174
23176
23178
23178
23178
23180
23182
23182
23182
23183
23183
23185
23185
23191
23193
23193
23194
23197
23198
23200
23201
23202
23203
23204
23204
23206
23206
23207
23207
23207
23209
23210
23211
23211
23212
23212
23216
23216
23216
23216
23218
23219
23219
23222
23223
23224
23224
23226
23226
23226
23227
23228
23230
23230
23232
23235
23237
23240
23241
23242
23242
23243
23247
23247
23250
23252
23255
23255
23260
23261
23262
23263
23268
23268
23271
23274
23275
23275
23275
23275
23276
23277
23278
23278
23279
23279
23283
23284
23284
23285
23286
23286
23287
23287
23288
23289
23289
23293
23293
23294
23295
23295
23297
23297
23298
23298
23300
23301
23303
23304
23304
23308
23308
23309
23309
23312
23316
23317
23317
23318
23321
23323
23324
23324
23326
23327
23327
23327
23328
23329
23331
23331
23331
23332
23332
23333
23334
23337
23339
23342
23343
23344
23346
23349
23352
23352
23352
23353
23353
23356
23356
23358
23358
23359
23359
23360
23362
23362
23363
23364
23364
23365
23365
23367
23369
23369
23371
23373
23374
23374
23375
23376
23376
23376
23378
23378
23379
23379
23379
23382
23383
23384
23384
23386
23388
23388
23391
23393
23393
23396
23397
23399
23401
23402
23402
23404
23404
23406
23406
23409
23410
23410
23411
23412
23413
23417
23417
23420
23421
23421
23422
23422
23423
23425
23426
23427
23429
23430
23431
23432
23435
23435
23435
23436
23436
23439
23439
23443
23445
23446
23448
23448
23449
23450
23451
23451
23452
23452
23456
23458
23459
23460
23461
23467
23467
23471
23472
23472
23472
23472
23473
23473
23475
23481
23485
23487
23487
23488
23490
23492
23492
23494
23494
23495
23496
23496
23497
23502
23504
23509
23510
23513
23514
23516
23516
23516
23518
23518
23518
23526
23527
23527
23528
23529
23530
23530
23530
23532
23533
23533
23536
23536
23537
23539
23540
23540
23541
23541
23541
23541
23541
23542
23542
23544
23544
23546
23547
23548
23548
23549
23549
23552
23552
23553
23553
23554
23554
23554
23556
23558
23560
23560
23561
23564
23564
23565
23565
23566
23566
23566
23566
23566
23568
23568
23570
23571
23572
23573
23576
23576
23576
23577
23578
23578
23581
23581
23582
23583
23583
23584
23588
23589
23589
23591
23591
23592
23594
23594
23594
23595
23597
23598
23598
23600
23601
23601
23601
23602
23604
23605
23605
23606
23606
23608
23609
23609
23610
23610
23612
23613
23616
23617
23617
23618
23619
23619
23619
23622
23622
23625
23626
23627
23628
23629
23630
23631
23631
23631
23632
23632
23632
23634
23634
23634
23635
23635
23637
23637
23638
23638
23640
23642
23643
23643
23643
23646
23647
23649
23649
23651
23651
23652
23652
23653
23653
23654
23655
23656
23656
23657
23657
23658
23658
23660
23662
23665
23666
23666
23669
23670
23670
23671
23671
23673
23673
23674
23674
23675
23675
23676
23676
23677
23677
23678
23680
23681
23681
23683
23684
23685
23686
23686
23687
23687
23688
23688
23689
23689
23689
23692
23692
23693
23698
23699
23699
23699
23700
23700
23701
23701
23702
23702
23704
23705
23706
23707
23708
23708
23710
23711
23713
23713
23714
23714
23714
23714
23714
23716
23716
23717
23718
23719
23719
23720
23722
23725
23728
23729
23731
23731
23732
23732
23732
23732
23733
23734
23734
23735
23735
23737
23737
23739
23739
23741
23741
23741
23743
23743
23743
23744
23747
23748
23749
23750
23752
23753
23755
23757
23757
23758
23758
23758
23760
23761
23761
23761
23762
23763
23763
23763
23764
23764
23766
23767
23767
23767
23767
23769
23770
23771
23771
23772
23775
23775
23778
23778
23778
23779
23779
23780
23780
23782
23782
23782
23785
23787
23787
23788
23788
23789
23791
23792
23792
23793
23796
23796
23796
23800
23801
23803
23804
23804
23804
23805
23806
23807
23808
23808
23808
23808
23809
23809
23809
23810
23811
23812
23813
23814
23815
23815
23816
23816
23817
23817
23818
23819
23820
23820
23820
23820
23825
23825
23826
23829
23830
23830
23830
23832
23832
23833
23833
23834
23835
23836
23839
23840
23840
23841
23841
23842
23846
23847
23848
23848
23851
23853
23853
23855
23856
23856
23857
23859
23861
23863
23867
23868
23869
23870
23872
23874
23875
23877
23878
23878
23878
23879
23883
23885
23885
23886
23886
23887
23890
23892
23892
23893
23893
23894
23895
23895
23895
23896
23898
23900
23902
23902
23904
23906
23909
23910
23910
23912
23912
23912
23913
23913
23913
23914
23915
23916
23916
23917
23919
23920
23921
23922
23922
23924
23925
23926
23927
23927
23929
23930
23931
23936
23936
23938
23939
23941
23942
23943
23943
23943
23944
23944
23944
23945
23945
23948
23948
23948
23949
23951
23951
23951
23951
23953
23955
23956
23958
23959
23959
23960
23961
23961
23961
23961
23962
23964
23966
23966
23966
23969
23970
23970
23971
23971
23971
23973
23973
23973
23974
23977
23977
23977
23977
23977
23978
23983
23983
23983
23985
23985
23985
23986
23988
23988
23989
23989
23990
23991
23993
23993
23993
23994
23995
23996
24000
24001
24002
24002
24003
24005
24005
24006
24006
24007
24008
24009
24009
24010
24013
24014
24014
24018
24018
24020
24020
24020
24022
24022
24022
24023
24023
24023
24025
24025
24026
24027
24030
24031
24032
24032
24032
24032
24033
24033
24035
24035
24036
24037
24037
24038
24038
24039
24039
24041
24042
24043
24044
24046
24048
24050
24050
24052
24052
24053
24053
24054
24057
24057
24057
24058
24058
24059
24060
24061
24062
24063
24064
24066
24068
24068
24069
24070
24071
24072
24074
24075
24075
24075
24077
24079
24080
24081
24082
24083
24083
24084
24085
24085
24088
24089
24090
24091
24091
24093
24095
24095
24098
24100
24102
24102
24111
24111
24113
24114
24115
24115
24117
24117
24118
24118
24120
24120
24122
24123
24123
24124
24126
24127
24128
24129
24130
24130
24130
24133
24134
24136
24136
24137
24137
24137
24139
24140
24141
24141
24141
24142
24143
24143
24144
24144
24145
24145
24146
24147
24147
24148
24149
24150
24150
24151
24152
24152
24152
24153
24154
24155
24156
24156
24157
24158
24159
24161
24161
24162
24162
24162
24163
24164
24165
24166
24167
24167
24168
24168
24168
24171
24171
24175
24175
24179
24179
24179
24181
24181
24182
24182
24183
24183
24186
24186
24188
24189
24190
24190
24191
24192
24193
24194
24195
24196
24197
24198
24198
24198
24198
24199
24199
24199
24201
24201
24201
24201
24203
24203
24204
24204
24204
24204
24205
24205
24206
24206
24208
24210
24211
24212
24214
24214
24215
24217
24218
24221
24224
24224
24225
24226
24227
24227
24229
24229
24229
24232
24234
24234
24234
24235
24235
24236
24237
24238
24240
24241
24242
24243
24244
24244
24245
24245
24246
24246
24246
24246
24248
24250
24251
24251
24252
24252
24255
24255
24257
24258
24259
24261
24261
24263
24263
24264
24264
24265
24265
24266
24266
24267
24267
24268
24270
24270
24271
24272
24273
24275
24277
24277
24280
24280
24280
24281
24281
24283
24285
24287
24287
24289
24290
24290
24292
24292
24295
24297
24297
24298
24300
24300
24301
24303
24303
24304
24306
24307
24308
24308
24309
24309
24310
24310
24312
24313
24314
24314
24314
24314
24315
24317
24317
24317
24320
24320
24321
24323
24323
24323
24325
24327
24328
24329
24331
24331
24331
24332
24333
24334
24334
24335
24335
24336
24336
24336
24338
24340
24340
24340
24341
24341
24342
24343
24347
24348
24351
24351
24352
24352
24353
24354
24354
24355
24355
24356
24357
24358
24359
24360
24361
24362
24362
24363
24363
24363
24368
24370
24372
24374
24375
24377
24380
24380
24380
24380
24382
24382
24383
24384
24384
24385
24385
24385
24386
24386
24387
24387
24388
24389
24390
24392
24394
24394
24395
24396
24397
24397
24398
24399
24400
24402
24403
24403
24403
24403
24403
24405
24405
24406
24408
24409
24409
24410
24411
24411
24413
24413
24418
24418
24419
24420
24421
24421
24422
24425
24425
24425
24426
24427
24429
24430
24432
24433
24437
24438
24439
24440
24444
24444
24446
24449
24449
24449
24450
24451
24452
24454
24454
24454
24456
24456
24458
24459
24459
24461
24463
24465
24465
24466
24466
24466
24467
24469
24472
24472
24473
24474
24476
24476
24478
24479
24479
24481
24485
24485
24487
24487
24487
24488
24488
24488
24491
24491
24491
24493
24494
24495
24496
24497
24497
24499
24501
24501
24501
24502
24503
24503
24504
24505
24505
24506
24510
24511
24512
24513
24513
24514
24515
24518
24518
24518
24519
24519
24521
24522
24523
24524
24526
24527
24527
24527
24528
24528
24528
24529
24530
24531
24532
24532
24534
24535
24535
24536
24536
24536
24537
24540
24541
24541
24542
24542
24542
24543
24544
24546
24546
24548
24549
24550
24551
24551
24552
24552
24552
24552
24553
24553
24554
24554
24555
24555
24556
24557
24557
24560
24560
24561
24564
24564
24566
24566
24568
24568
24569
24570
24570
24571
24574
24577
24578
24578
24579
24579
24579
24580
24580
24581
24581
24584
24585
24586
24587
24587
24588
24589
24590
24590
24590
24594
24594
24594
24595
24596
24596
24598
24598
24600
24600
24601
24601
24602
24607
24608
24610
24613
24613
24614
24614
24614
24615
24615
24617
24618
24619
24623
24624
24625
24626
24627
24627
24628
24630
24631
24633
24634
24636
24636
24644
24645
24647
24650
24650
24651
24652
24653
24655
24655
24656
24657
24658
24661
24661
24663
24664
24664
24665
24666
24667
24668
24669
24673
24675
24675
24676
24676
24676
24677
24679
24679
24682
24682
24683
24683
24685
24685
24688
24688
24690
24692
24692
24695
24696
24697
24697
24698
24700
24700
24701
24702
24703
24704
24705
24706
24706
24706
24710
24711
24712
24713
24713
24713
24715
24718
24718
24719
24720
24721
24723
24723
24723
24724
24727
24728
24728
24729
24731
24731
24732
24732
24733
24734
24734
24735
24739
24740
24741
24741
24741
24744
24744
24744
24744
24748
24748
24749
24750
24751
24751
24751
24754
24755
24756
24757
24759
24759
24760
24760
24761
24761
24762
24764
24765
24765
24765
24765
24766
24767
24769
24770
24771
24772
24773
24773
24774
24775
24775
24778
24779
24782
24785
24786
24787
24787
24792
24792
24793
24793
24797
24798
24798
24801
24801
24802
24802
24803
24804
24804
24805
24806
24806
24807
24810
24812
24813
24819
24821
24822
24822
24822
24824
24824
24825
24827
24828
24828
24829
24829
24830
24830
24830
24831
24832
24832
24832
24833
24834
24835
24836
24836
24838
24841
24841
24842
24842
24845
24845
24849
24849
24850
24850
24852
24852
24853
24856
24857
24857
24858
24858
24858
24860
24860
24861
24862
24862
24862
24862
24863
24864
24864
24865
24865
24866
24866
24867
24871
24872
24874
24874
24875
24879
24879
24880
24881
24882
24884
24886
24887
24888
24889
24889
24890
24891
24897
24898
24899
24899
24901
24903
24904
24909
24909
24910
24913
24914
24915
24915
24915
24917
24917
24919
24919
24919
24919
24920
24921
24921
24922
24926
24927
24928
24931
24932
24932
24936
24936
24939
24940
24942
24943
24943
24944
24944
24945
24946
24947
24947
24948
24952
24953
24953
24955
24960
24961
24963
24964
24965
24965
24965
24965
24966
24967
24968
24968
24969
24969
24969
24970
24971
24971
24971
24972
24973
24973
24975
24975
24975
24975
24975
24975
24975
24976
24977
24978
24978
24978
24980
24982
24983
24985
24986
24987
24988
24988
24988
24989
24990
24990
24990
24991
24991
24992
24992
24994
24995
24996
24997
24997
24998
25000
25002
25003
25003
25004
25005
25005
25008
25009
25011
25012
25012
25013
25014
25015
25015
25016
25018
25023
25023
25024
25025
25025
25029
25030
25030
25031
25032
25033
25033
25033
25034
25036
25037
25040
25041
25042
25042
25046
25048
25049
25050
25050
25050
25054
25055
25056
25058
25058
25061
25061
25062
25063
25065
25065
25065
25066
25066
25067
25067
25070
25072
25073
25073
25074
25074
25075
25076
25076
25077
25078
25078
25078
25081
25082
25082
25084
25086
25088
25089
25090
25094
25095
25095
25095
25095
25095
25096
25096
25097
25098
25099
25099
25100
25100
25104
25104
25104
25105
25108
25109
25111
25115
25119
25120
25120
25121
25121
25123
25124
25124
25126
25126
25127
25127
25127
25128
25128
25130
25130
25131
25132
25133
25133
25133
25137
25137
25137
25137
25138
25139
25141
25143
25146
25147
25149
25151
25153
25154
25154
25155
25155
25155
25157
25157
25158
25158
25158
25159
25160
25161
25161
25161
25163
25163
25164
25165
25166
25168
25168
25169
25172
25172
25173
25175
25176
25176
25178
25179
25179
25180
25182
25182
25183
25183
25185
25185
25185
25187
25188
25188
25189
25189
25190
25190
25194
25194
25195
25195
25197
25197
25198
25199
25200
25201
25201
25202
25202
25202
25205
25205
25205
25206
25206
25208
25208
25209
25212
25213
25214
25214
25216
25217
25219
25220
25220
25224
25225
25225
25225
25226
25227
25228
25230
25231
25231
25234
25235
25235
25238
25238
25240
25242
25242
25244
25245
25245
25246
25246
25246
25247
25247
25247
25249
25249
25251
25251
25252
25253
25254
25255
25256
25256
25256
25256
25257
25258
25259
25264
25265
25265
25266
25266
25267
25267
25268
25269
25269
25270
25271
25272
25273
25276
25276
25277
25279
25279
25280
25283
25286
25286
25286
25287
25288
25289
25291
25291
25292
25293
25293
25293
25293
25294
25297
25297
25297
25299
25300
25300
25301
25303
25306
25307
25307
25308
25308
25308
25309
25311
25311
25313
25315
25315
25319
25320
25320
25320
25321
25323
25323
25325
25328
25328
25330
25330
25332
25332
25332
25333
25333
25334
25335
25335
25337
25337
25338
25339
25339
25340
25341
25343
25343
25345
25346
25347
25348
25349
25350
25350
25351
25353
25354
25356
25356
25356
25360
25360
25363
25364
25364
25367
25367
25368
25369
25371
25371
25371
25373
25374
25374
25374
25374
25374
25376
25378
25378
25380
25380
25383
25383
25385
25385
25385
25386
25387
25388
25388
25388
25388
25390
25390
25391
25391
25393
25394
25394
25395
25395
25396
25396
25397
25398
25398
25398
25400
25400
25405
25405
25405
25405
25405
25406
25408
25408
25410
25410
25410
25410
25410
25411
25414
25414
25415
25416
25418
25419
25419
25419
25419
25420
25422
25423
25423
25424
25424
25425
25428
25429
25431
25433
25434
25435
25435
25436
25439
25439
25439
25439
25442
25442
25443
25443
25444
25444
25445
25446
25446
25447
25449
25450
25451
25451
25452
25453
25454
25454
25457
25459
25459
25459
25460
25461
25465
25465
25465
25465
25466
25467
25469
25470
25471
25472
25473
25475
25475
25476
25477
25478
25478
25479
25480
25481
25483
25486
25486
25486
25487
25488
25491
25492
25493
25494
25494
25496
25496
25497
25497
25498
25498
25499
25499
25502
25503
25503
25503
25503
25504
25505
25505
25505
25505
25508
25508
25509
25510
25510
25511
25511
25512
25513
25514
25514
25516
25517
25517
25518
25518
25522
25525
25526
25529
25530
25530
25531
25531
25535
25537
25537
25537
25537
25539
25540
25545
25545
25546
25546
25546
25547
25547
25547
25547
25550
25551
25552
25553
25553
25555
25555
25555
25556
25556
25557
25560
25560
25564
25564
25564
25564
25565
25565
25565
25568
25569
25569
25569
25570
25570
25570
25571
25571
25573
25573
25575
25576
25576
25577
25577
25577
25577
25578
25580
25580
25582
25584
25588
25589
25590
25591
25592
25592
25592
25593
25594
25594
25595
25597
25598
25598
25603
25605
25605
25605
25607
25607
25607
25608
25608
25609
25609
25610
25611
25611
25612
25613
25614
25614
25616
25616
25619
25620
25620
25620
25621
25623
25624
25625
25625
25627
25628
25628
25629
25630
25632
25632
25632
25633
25634
25634
25635
25635
25636
25636
25638
25640
25640
25642
25643
25644
25644
25644
25645
25646
25648
25651
25651
25651
25652
25653
25653
25654
25654
25658
25659
25660
25660
25661
25664
25664
25665
25667
25667
25668
25668
25669
25669
25670
25672
25675
25675
25675
25676
25676
25677
25678
25681
25682
25683
25683
25683
25684
25686
25687
25689
25690
25690
25690
25691
25692
25693
25695
25697
25697
25699
25699
25700
25700
25700
25702
25703
25705
25706
25707
25709
25710
25711
25711
25711
25713
25715
25719
25719
25720
25724
25724
25724
25725
25726
25726
25727
25727
25727
25727
25728
25729
25729
25729
25732
25732
25733
25737
25737
25738
25739
25739
25739
25740
25740
25741
25741
25741
25742
25743
25746
25747
25748
25748
25749
25749
25751
25753
25754
25754
25756
25758
25761
25762
25762
25762
25763
25764
25764
25767
25767
25768
25771
25771
25772
25772
25773
25775
25776
25778
25782
25783
25784
25786
25786
25786
25788
25788
25789
25789
25789
25790
25793
25795
25795
25797
25797
25798
25800
25800
25800
25801
25801
25802
25804
25806
25807
25808
25808
25811
25813
25813
25813
25814
25815
25819
25819
25820
25821
25821
25823
25824
25824
25824
25825
25826
25826
25827
25828
25829
25829
25830
25830
25831
25832
25833
25833
25834
25837
25838
25839
25846
25846
25847
25847
25849
25851
25853
25855
25855
25857
25858
25858
25859
25860
25860
25861
25862
25862
25863
25864
25864
25864
25864
25865
25867
25869
25870
25870
25870
25873
25874
25875
25877
25877
25879
25880
25880
25881
25881
25882
25882
25882
25883
25883
25884
25884
25884
25884
25885
25887
25888
25888
25889
25890
25890
25891
25891
25891
25892
25892
25893
25895
25895
25895
25897
25898
25899
25899
25900
25902
25902
25902
25903
25903
25908
25910
25917
25917
25919
25919
25920
25922
25922
25923
25924
25925
25927
25927
25929
25931
25931
25931
25935
25935
25935
25936
25936
25937
25942
25943
25944
25944
25944
25945
25945
25947
25948
25948
25949
25952
25952
25954
25954
25956
25957
25958
25959
25959
25960
25966
25968
25968
25968
25969
25972
25972
25974
25976
25976
25977
25978
25979
25979
25980
25980
25980
25981
25982
25982
25983
25983
25983
25983
25984
25985
25985
25986
25988
25989
25990
25990
25992
25992
25993
25994
25995
25996
25996
26002
26003
26004
26005
26005
26005
26006
26006
26006
26007
26008
26009
26010
26010
26012
26013
26014
26016
26019
26019
26020
26022
26022
26023
26023
26024
26025
26025
26026
26028
26031
26032
26032
26034
26037
26037
26037
26037
26040
26041
26044
26044
26044
26045
26047
26047
26048
26048
26050
26050
26050
26056
26058
26058
26058
26059
26059
26059
26059
26060
26060
26061
26061
26063
26063
26064
26066
26067
26067
26070
26070
26073
26075
26077
26078
26078
26079
26081
26081
26083
26083
26083
26084
26085
26086
26087
26090
26091
26092
26092
26093
26094
26095
26096
26096
26096
26098
26100
26100
26101
26101
26101
26102
26102
26102
26104
26105
26105
26108
26109
26109
26111
26111
26112
26115
26116
26118
26118
26120
26120
26123
26126
26127
26128
26130
26131
26132
26132
26132
26134
26134
26135
26140
26142
26143
26147
26148
26149
26149
26150
26151
26152
26153
26155
26156
26157
26157
26159
26159
26160
26160
26162
26162
26163
26163
26164
26165
26166
26166
26166
26166
26168
26168
26168
26169
26169
26170
26173
26174
26178
26180
26180
26183
26183
26183
26184
26188
26188
26191
26191
26192
26193
26194
26195
26195
26195
26195
26195
26196
26197
26198
26200
26201
26202
26203
26204
26205
26206
26207
26209
26209
26210
26210
26214
26215
26216
26217
26218
26218
26220
26221
26222
26222
26223
26223
26223
26223
26224
26224
26225
26226
26227
26228
26228
26228
26229
26229
26231
26231
26231
26232
26234
26235
26235
26237
26239
26240
26242
26243
26243
26243
26244
26244
26245
26246
26248
26248
26250
26251
26253
26253
26253
26255
26256
26256
26257
26259
26259
26260
26261
26261
26264
26264
26265
26266
26268
26268
26269
26270
26272
26274
26276
26277
26280
26281
26282
26283
26285
26285
26287
26287
26290
26292
26293
26294
26299
26300
26300
26301
26301
26303
26303
26304
26305
26306
26306
26307
26308
26309
26310
26310
26312
26312
26313
26314
26315
26316
26317
26317
26319
26319
26320
26321
26321
26322
26324
26324
26324
26325
26325
26326
26327
26327
26328
26329
26329
26330
26331
26332
26332
26338
26338
26341
26341
26343
26346
26347
26347
26348
26348
26349
26349
26349
26349
26351
26351
26351
26351
26352
26352
26354
26354
26355
26355
26356
26356
26360
26361
26362
26362
26364
26365
26366
26370
26370
26370
26371
26371
26371
26377
26377
26378
26380
26384
26386
26386
26387
26388
26389
26390
26390
26390
26394
26395
26396
26396
26397
26399
26401
26402
26404
26404
26405
26405
26410
26411
26411
26412
26413
26414
26415
26416
26417
26418
26423
26424
26425
26427
26427
26427
26428
26428
26430
26430
26433
26435
26436
26436
26437
26438
26442
26442
26443
26444
26444
26445
26445
26445
26447
26448
26449
26451
26452
26453
26455
26455
26455
26458
26459
26459
26459
26460
26460
26461
26463
26463
26463
26464
26464
26464
26465
26466
26466
26468
26468
26469
26469
26472
26472
26472
26473
26473
26473
26474
26476
26476
26478
26478
26480
26480
26480
26483
26483
26485
26485
26485
26485
26486
26487
26488
26488
26492
26493
26494
26494
26496
26498
26499
26500
26501
26502
26504
26505
26506
26507
26507
26509
26509
26510
26511
26511
26512
26513
26513
26514
26516
26517
26517
26519
26519
26519
26522
26526
26526
26527
26528
26529
26529
26530
26530
26534
26535
26535
26536
26537
26540
26541
26541
26541
26543
26544
26546
26547
26549
26549
26549
26549
26549
26550
26551
26552
26554
26557
26558
26559
26560
26561
26561
26561
26563
26564
26565
26568
26569
26569
26574
26575
26576
26577
26577
26579
26579
26579
26579
26581
26581
26582
26582
26582
26584
26585
26588
26592
26594
26596
26596
26597
26600
26600
26602
26602
26602
26603
26603
26603
26604
26604
26606
26606
26606
26609
26609
26610
26610
26612
26612
26613
26613
26617
26618
26619
26621
26621
26621
26623
26624
26627
26627
26628
26629
26630
26630
26631
26634
26634
26635
26635
26636
26638
26641
26641
26641
26643
26644
26644
26646
26646
26647
26647
26651
26652
26652
26653
26655
26655
26656
26656
26658
26658
26659
26660
26660
26662
26662
26662
26662
26663
26663
26664
26666
26666
26668
26669
26669
26670
26670
26670
26673
26674
26675
26676
26677
26677
26678
26680
26680
26680
26680
26682
26682
26683
26683
26684
26685
26685
26688
26689
26690
26691
26692
26692
26694
26694
26695
26696
26697
26697
26697
26698
26698
26698
26699
26700
26700
26702
26703
26704
26705
26705
26706
26706
26706
26712
26713
26714
26718
26718
26720
26721
26721
26725
26725
26728
26728
26728
26728
26729
26732
26732
26736
26736
26738
26738
26738
26740
26741
26741
26742
26744
26744
26745
26745
26746
26749
26750
26751
26751
26753
26753
26756
26758
26759
26760
26761
26762
26762
26763
26764
26765
26765
26765
26766
26766
26767
26768
26770
26770
26772
26773
26774
26775
26775
26775
26775
26777
26779
26779
26779
26780
26781
26781
26782
26783
26783
26784
26785
26785
26785
26785
26788
26788
26789
26789
26791
26792
26792
26793
26794
26795
26795
26797
26797
26798
26801
26803
26805
26805
26807
26809
26810
26810
26811
26812
26812
26812
26812
26813
26815
26816
26820
26820
26821
26821
26821
26822
26823
26825
26826
26829
26829
26832
26832
26832
26832
26832
26832
26833
26834
26835
26836
26836
26838
26838
26838
26838
26839
26839
26839
26841
26843
26846
26846
26849
26849
26850
26852
26853
26854
26855
26857
26860
26861
26861
26861
26864
26864
26865
26865
26865
26865
26865
26866
26867
26867
26868
26869
26871
26871
26874
26875
26876
26877
26877
26878
26878
26878
26879
26880
26880
26880
26882
26885
26886
26886
26886
26888
26890
26891
26892
26892
26892
26894
26894
26894
26894
26895
26899
26900
26900
26900
26901
26902
26902
26903
26904
26906
26906
26907
26908
26908
26909
26909
26910
26912
26913
26914
26915
26915
26916
26918
26919
26920
26920
26923
26923
26924
26924
26927
26929
26929
26933
26933
26935
26938
26939
26939
26942
26942
26943
26943
26943
26944
26946
26947
26949
26950
26951
26952
26954
26954
26956
26959
26960
26962
26964
26968
26970
26970
26971
26971
26972
26972
26973
26973
26975
26976
26977
26978
26980
26981
26984
26984
26985
26985
26985
26986
26988
26989
26990
26992
26992
26995
26995
26996
26997
27003
27003
27003
27003
27004
27005
27007
27008
27010
27011
27013
27014
27014
27014
27015
27017
27017
27017
27018
27020
27026
27027
27028
27029
27030
27030
27034
27035
27035
27038
27038
27038
27042
27042
27042
27043
27046
27048
27049
27049
27050
27051
27052
27052
27053
27055
27057
27059
27062
27062
27064
27065
27067
27068
27069
27069
27074
27074
27076
27077
27078
27078
27078
27081
27081
27082
27086
27086
27087
27088
27090
27090
27091
27093
27093
27094
27096
27096
27097
27098
27099
27099
27100
27100
27100
27100
27101
27102
27102
27107
27107
27110
27113
27113
27114
27116
27116
27116
27116
27117
27117
27118
27119
27120
27120
27120
27122
27122
27122
27122
27123
27125
27126
27128
27129
27130
27130
27131
27134
27136
27138
27138
27140
27140
27140
27143
27147
27147
27148
27148
27151
27151
27153
27153
27154
27157
27158
27160
27161
27161
27162
27162
27163
27165
27165
27166
27166
27168
27170
27170
27171
27174
27174
27175
27175
27175
27176
27176
27177
27179
27179
27180
27181
27181
27182
27183
27185
27186
27190
27190
27192
27195
27195
27196
27196
27197
27198
27200
27200
27200
27200
27200
27201
27206
27206
27208
27208
27208
27208
27209
27211
27212
27213
27213
27214
27214
27214
27215
27216
27216
27216
27217
27218
27219
27219
27219
27219
27220
27221
27221
27221
27222
27222
27222
27226
27230
27231
27231
27232
27236
27236
27237
27238
27239
27241
27241
27242
27243
27244
27244
27246
27246
27247
27247
27248
27248
27249
27249
27250
27250
27251
27253
27254
27254
27256
27256
27257
27259
27259
27259
27260
27260
27261
27261
27262
27263
27263
27263
27264
27264
27264
27264
27265
27265
27266
27267
27267
27268
27269
27270
27271
27271
27272
27273
27273
27273
27273
27274
27275
27275
27275
27276
27276
27277
27278
27279
27279
27280
27280
27280
27281
27282
27284
27284
27285
27286
27289
27290
27290
27291
27292
27294
27298
27300
27300
27301
27301
27303
27304
27304
27304
27304
27306
27308
27311
27312
27312
27313
27314
27317
27317
27317
27318
27319
27319
27319
27320
27321
27323
27329
27329
27330
27330
27331
27333
27334
27335
27339
27339
27343
27343
27343
27343
27344
27345
27346
27349
27350
27351
27352
27354
27354
27354
27354
27355
27361
27362
27363
27365
27366
27369
27369
27369
27369
27370
27371
27372
27373
27373
27373
27375
27375
27376
27376
27376
27377
27378
27380
27380
27381
27383
27383
27384
27384
27384
27385
27387
27387
27390
27392
27393
27393
27397
27400
27400
27401
27404
27404
27404
27408
27408
27410
27410
27410
27410
27410
27412
27414
27414
27414
27419
27420
27420
27422
27423
27424
27425
27427
27429
27429
27431
27431
27435
27437
27437
27437
27438
27438
27439
27441
27442
27442
27443
27443
27443
27445
27445
27446
27446
27446
27447
27447
27448
27448
27449
27449
27450
27450
27451
27452
27453
27453
27455
27455
27455
27456
27457
27458
27463
27463
27464
27465
27465
27466
27468
27468
27470
27471
27472
27472
27473
27474
27475
27475
27475
27475
27476
27478
27482
27483
27483
27483
27483
27484
27485
27485
27486
27487
27491
27492
27492
27492
27492
27493
27494
27494
27494
27495
27496
27496
27496
27497
27500
27500
27500
27503
27503
27505
27507
27507
27510
27511
27512
27515
27520
27520
27520
27521
27521
27522
27524
27525
27528
27528
27531
27531
27532
27532
27533
27533
27534
27534
27535
27536
27537
27537
27538
27539
27540
27540
27540
27543
27544
27544
27546
27547
27550
27551
27551
27552
27553
27553
27554
27556
27556
27556
27556
27556
27557
27558
27558
27559
27560
27561
27561
27561
27562
27562
27564
27566
27566
27568
27568
27569
27569
27571
27572
27572
27572
27574
27574
27576
27576
27578
27581
27581
27582
27582
27588
27589
27590
27590
27591
27592
27592
27593
27594
27594
27594
27596
27597
27598
27598
27598
27599
27600
27600
27601
27602
27603
27604
27604
27604
27605
27606
27607
27608
27609
27609
27609
27609
27609
27610
27611
27611
27612
27612
27612
27613
27614
27615
27616
27619
27621
27622
27622
27622
27623
27624
27628
27628
27629
27632
27632
27632
27633
27633
27635
27635
27635
27635
27635
27635
27635
27636
27636
27637
27638
27638
27638
27640
27642
27644
27647
27647
27648
27648
27649
27649
27651
27652
27652
27653
27653
27655
27660
27661
27664
27664
27667
27668
27668
27669
27670
27670
27672
27672
27673
27674
27675
27675
27676
27676
27679
27680
27681
27682
27683
27683
27683
27683
27684
27686
27689
27689
27689
27690
27691
27691
27693
27695
27695
27697
27697
27697
27698
27701
27701
27703
27703
27705
27709
27709
27710
27710
27711
27712
27713
27715
27715
27715
27717
27717
27722
27723
27724
27726
27728
27731
27732
27732
27733
27734
27735
27735
27737
27739
27739
27739
27740
27741
27745
27746
27746
27746
27748
27750
27750
27750
27755
27756
27756
27756
27757
27758
27759
27760
27760
27761
27761
27762
27763
27767
27767
27769
27770
27770
27771
27771
27771
27772
27772
27772
27773
27777
27777
27778
27778
27779
27781
27783
27783
27788
27789
27792
27792
27792
27793
27794
27796
27796
27796
27797
27797
27797
27797
27798
27799
27799
27800
27801
27801
27801
27802
27803
27803
27803
27804
27804
27804
27805
27807
27807
27809
27810
27810
27811
27811
27812
27813
27813
27813
27813
27815
27815
27815
27816
27816
27817
27817
27818
27820
27820
27821
27821
27822
27824
27825
27827
27828
27829
27830
27830
27832
27833
27833
27835
27835
27837
27837
27838
27840
27841
27843
27844
27848
27848
27848
27849
27850
27851
27851
27851
27852
27855
27855
27856
27858
27858
27860
27862
27864
27865
27865
27866
27866
27867
27867
27868
27869
27870
27870
27871
27873
27874
27874
27876
27878
27881
27881
27882
27885
27886
27886
27887
27887
27888
27890
27891
27891
27891
27895
27895
27896
27896
27897
27897
27897
27901
27901
27902
27904
27907
27908
27908
27909
27909
27909
27911
27912
27913
27914
27914
27915
27916
27919
27919
27921
27921
27921
27922
27922
27923
27923
27923
27923
27925
27925
27926
27926
27928
27931
27932
27933
27934
27935
27935
27936
27937
27937
27937
27939
27940
27941
27942
27943
27944
27944
27944
27945
27946
27947
27948
27949
27949
27953
27954
27955
27955
27955
27955
27956
27956
27959
27961
27961
27964
27966
27967
27967
27968
27969
27969
27969
27970
27970
27970
27970
27977
27977
27981
27983
27988
27989
27989
27992
27992
27995
27996
27996
27997
27998
27998
27999
27999
28000
28000
28000
28000
28000
28000
28001
28002
28002
28005
28008
28008
28010
28011
28011
28011
28013
28013
28013
28014
28014
28014
28014
28016
28018
28019
28019
28019
28020
28020
28021
28022
28023
28024
28025
28027
28027
28028
28029
28029
28030
28032
28032
28032
28033
28033
28036
28038
28038
28039
28039
28043
28043
28044
28044
28046
28049
28049
28051
28051
28052
28053
28054
28054
28054
28055
28058
28060
28062
28063
28063
28064
28065
28067
28067
28068
28069
28070
28071
28071
28072
28072
28073
28074
28076
28076
28077
28079
28080
28080
28081
28081
28082
28084
28084
28086
28089
28093
28093
28095
28096
28096
28096
28098
28099
28100
28100
28101
28101
28102
28103
28104
28105
28107
28109
28111
28112
28113
28114
28115
28115
28117
28118
28122
28124
28125
28125
28126
28127
28128
28128
28130
28131
28134
28137
28138
28139
28141
28142
28142
28143
28143
28144
28146
28146
28147
28147
28147
28148
28150
28151
28152
28152
28153
28153
28153
28154
28154
28155
28155
28157
28158
28159
28160
28161
28162
28163
28163
28165
28166
28166
28167
28168
28169
28169
28170
28172
28173
28173
28174
28175
28176
28176
28179
28181
28182
28182
28183
28184
28185
28186
28186
28188
28189
28190
28191
28191
28192
28196
28197
28200
28200
28201
28201
28205
28206
28208
28209
28209
28209
28210
28210
28211
28211
28211
28211
28211
28211
28212
28213
28213
28214
28214
28215
28215
28218
28219
28219
28219
28220
28223
28224
28225
28225
28225
28226
28226
28228
28228
28230
28230
28231
28231
28233
28234
28236
28238
28239
28239
28241
28241
28242
28242
28243
28244
28244
28244
28244
28244
28244
28246
28247
28248
28248
28249
28250
28252
28252
28254
28254
28255
28256
28260
28261
28262
28263
28266
28266
28270
28270
28270
28271
28271
28274
28274
28274
28275
28277
28277
28277
28278
28279
28280
28280
28281
28281
28281
28283
28283
28283
28285
28285
28286
28288
28291
28292
28294
28294
28294
28294
28300
28300
28300
28310
28311
28313
28313
28314
28314
28316
28316
28320
28320
28321
28321
28322
28322
28323
28323
28324
28324
28325
28326
28327
28327
28327
28329
28330
28331
28333
28334
28334
28335
28336
28337
28338
28342
28343
28343
28343
28344
28344
28344
28345
28345
28345
28346
28346
28348
28350
28351
28351
28352
28353
28353
28355
28356
28356
28357
28359
28359
28359
28360
28360
28361
28361
28361
28362
28363
28365
28367
28368
28368
28368
28368
28368
28372
28373
28373
28374
28375
28375
28376
28378
28379
28379
28383
28385
28386
28389
28389
28389
28389
28390
28390
28391
28393
28395
28397
28397
28397
28398
28398
28399
28400
28401
28402
28402
28403
28405
28406
28408
28410
28411
28412
28412
28414
28415
28415
28417
28417
28417
28418
28419
28419
28420
28422
28424
28425
28426
28426
28427
28427
28428
28428
28431
28431
28431
28431
28433
28438
28438
28439
28443
28444
28444
28445
28445
28447
28448
28449
28449
28450
28451
28451
28451
28453
28453
28454
28456
28456
28456
28457
28458
28458
28459
28459
28459
28460
28461
28463
28464
28466
28467
28468
28468
28468
28470
28471
28472
28473
28474
28474
28479
28479
28481
28481
28482
28483
28483
28484
28484
28484
28485
28486
28490
28490
28491
28492
28493
28493
28494
28495
28495
28495
28497
28497
28498
28499
28499
28500
28501
28502
28502
28503
28503
28504
28504
28504
28504
28507
28507
28509
28511
28513
28513
28513
28514
28515
28516
28517
28518
28519
28519
28519
28522
28523
28523
28524
28524
28525
28525
28525
28525
28526
28528
28532
28532
28533
28534
28534
28536
28537
28539
28540
28541
28541
28541
28543
28546
28547
28547
28548
28548
28549
28550
28551
28551
28551
28553
28554
28556
28557
28562
28564
28569
28569
28570
28571
28573
28573
28573
28574
28575
28576
28577
28577
28580
28581
28582
28582
28584
28585
28585
28587
28590
28590
28590
28590
28591
28592
28592
28592
28593
28593
28594
28594
28598
28601
28601
28606
28606
28608
28608
28609
28609
28612
28613
28617
28618
28618
28619
28620
28620
28622
28622
28622
28623
28625
28626
28627
28631
28631
28633
28634
28635
28636
28637
28638
28639
28640
28640
28641
28643
28644
28645
28646
28647
28648
28649
28652
28656
28656
28658
28659
28660
28660
28662
28663
28665
28670
28670
28670
28671
28674
28675
28676
28678
28679
28681
28681
28682
28683
28684
28689
28689
28692
28694
28696
28696
28696
28697
28700
28701
28704
28705
28706
28706
28706
28706
28707
28709
28709
28709
28711
28712
28712
28712
28712
28714
28715
28715
28717
28718
28719
28719
28721
28721
28722
28723
28725
28727
28730
28732
28732
28732
28733
28733
28735
28735
28735
28739
28742
28742
28742
28744
28745
28746
28748
28748
28750
28750
28750
28752
28753
28755
28755
28755
28756
28757
28758
28758
28758
28759
28759
28760
28761
28762
28764
28765
28770
28770
28770
28770
28773
28774
28775
28776
28778
28778
28778
28779
28779
28780
28780
28781
28781
28783
28783
28786
28787
28787
28787
28788
28789
28792
28794
28795
28795
28795
28796
28799
28802
28804
28804
28806
28807
28809
28811
28814
28814
28816
28818
28819
28820
28820
28822
28823
28825
28827
28829
28830
28831
28832
28832
28834
28834
28836
28836
28836
28840
28840
28841
28842
28842
28842
28844
28847
28852
28853
28854
28854
28857
28857
28857
28859
28859
28861
28861
28862
28866
28867
28868
28868
28868
28869
28870
28872
28872
28872
28873
28876
28876
28877
28878
28880
28881
28881
28881
28884
28888
28888
28889
28891
28891
28892
28892
28892
28893
28893
28894
28895
28895
28896
28899
28901
28904
28905
28905
28907
28907
28907
28908
28908
28909
28909
28909
28910
28910
28910
28911
28915
28915
28917
28917
28918
28919
28922
28923
28924
28924
28927
28927
28928
28931
28931
28931
28931
28932
28933
28934
28935
28937
28937
28937
28939
28939
28939
28939
28939
28942
28942
28944
28944
28945
28946
28951
28952
28953
28953
28954
28954
28957
28960
28961
28964
28964
28965
28965
28965
28966
28967
28969
28969
28969
28970
28970
28971
28973
28975
28978
28982
28982
28983
28983
28983
28986
28987
28987
28988
28989
28992
28993
28993
28995
28995
28996
28996
28997
28997
28998
28999
28999
29001
29002
29002
29002
29002
29004
29004
29005
29005
29005
29006
29008
29009
29009
29009
29010
29010
29010
29012
29013
29015
29016
29017
29017
29017
29017
29018
29019
29020
29022
29023
29025
29025
29029
29029
29029
29030
29030
29032
29033
29034
29036
29040
29040
29041
29042
29043
29044
29044
29045
29046
29047
29050
29050
29051
29052
29053
29055
29061
29062
29063
29063
29063
29067
29068
29069
29069
29070
29071
29073
29073
29074
29074
29074
29075
29075
29076
29077
29078
29081
29083
29083
29084
29084
29085
29085
29087
29087
29088
29089
29089
29090
29091
29092
29093
29100
29100
29100
29105
29106
29106
29107
29108
29109
29109
29110
29111
29112
29112
29113
29115
29115
29116
29116
29117
29118
29119
29119
29123
29123
29123
29124
29125
29126
29127
29128
29130
29132
29133
29133
29137
29137
29138
29138
29140
29141
29141
29142
29143
29143
29143
29145
29146
29148
29148
29151
29152
29152
29153
29153
29155
29155
29155
29156
29157
29157
29158
29158
29159
29161
29161
29164
29164
29165
29167
29167
29168
29170
29171
29171
29171
29171
29171
29171
29172
29172
29173
29175
29175
29178
29178
29180
29180
29180
29184
29185
29187
29188
29188
29188
29189
29190
29190
29190
29191
29192
29192
29193
29194
29195
29195
29197
29198
29202
29203
29206
29206
29209
29211
29212
29212
29214
29218
29218
29218
29219
29221
29221
29222
29223
29227
29227
29229
29230
29231
29232
29232
29233
29233
29234
29234
29234
29237
29237
29239
29241
29241
29242
29242
29244
29246
29246
29246
29246
29246
29247
29248
29249
29249
29254
29254
29255
29257
29257
29258
29258
29259
29259
29259
29260
29261
29263
29264
29264
29265
29266
29266
29267
29267
29268
29269
29271
29272
29272
29277
29277
29279
29279
29281
29282
29283
29283
29284
29284
29284
29285
29285
29286
29286
29288
29289
29289
29290
29290
29292
29296
29298
29300
29301
29303
29304
29304
29304
29306
29307
29307
29308
29308
29309
29309
29309
29310
29310
29312
29312
29313
29313
29318
29318
29319
29319
29321
29322
29324
29324
29325
29328
29328
29332
29332
29334
29334
29336
29337
29337
29338
29339
29340
29340
29341
29342
29342
29343
29343
29343
29344
29344
29345
29346
29347
29351
29351
29351
29352
29353
29354
29356
29356
29357
29357
29357
29358
29359
29359
29359
29360
29361
29362
29363
29363
29365
29366
29367
29367
29368
29369
29371
29373
29373
29373
29373
29375
29375
29376
29381
29381
29382
29383
29386
29386
29387
29387
29390
29390
29391
29391
29396
29404
29405
29407
29407
29407
29409
29409
29411
29412
29413
29413
29415
29415
29418
29419
29419
29419
29420
29420
29421
29421
29422
29425
29425
29426
29426
29426
29426
29427
29428
29429
29429
29430
29430
29431
29434
29436
29437
29437
29437
29437
29438
29442
29442
29443
29443
29443
29443
29445
29445
29446
29449
29450
29453
29455
29455
29456
29456
29457
29458
29458
29458
29460
29462
29462
29462
29463
29463
29463
29463
29464
29465
29465
29470
29471
29471
29475
29476
29478
29478
29479
29481
29481
29482
29483
29483
29487
29488
29488
29489
29490
29490
29493
29493
29494
29494
29495
29496
29496
29497
29498
29499
29500
29501
29502
29504
29504
29504
29505
29507
29508
29508
29508
29510
29512
29513
29514
29518
29518
29519
29519
29519
29520
29520
29520
29521
29521
29522
29522
29523
29523
29524
29525
29527
29529
29530
29530
29531
29531
29531
29531
29533
29534
29535
29536
29537
29538
29539
29539
29540
29541
29542
29543
29543
29544
29544
29544
29544
29545
29545
29545
29546
29548
29548
29552
29552
29552
29553
29554
29557
29557
29559
29559
29560
29562
29567
29569
29570
29572
29575
29575
29576
29578
29579
29581
29581
29582
29582
29585
29585
29589
29591
29593
29594
29596
29599
29601
29602
29602
29605
29607
29607
29608
29610
29612
29613
29615
29617
29618
29619
29620
29621
29621
29622
29623
29624
29624
29625
29625
29626
29626
29632
29633
29633
29635
29635
29636
29636
29637
29639
29639
29640
29640
29641
29642
29642
29647
29650
29650
29651
29651
29652
29653
29654
29657
29658
29658
29659
29659
29659
29660
29660
29661
29661
29661
29662
29664
29665
29665
29665
29665
29666
29668
29670
29671
29671
29671
29671
29672
29675
29676
29676
29677
29679
29679
29680
29681
29684
29684
29686
29686
29690
29691
29692
29696
29697
29697
29698
29698
29698
29699
29700
29701
29702
29703
29703
29705
29705
29706
29706
29707
29707
29708
29710
29710
29710
29711
29711
29712
29712
29712
29712
29713
29713
29715
29716
29718
29718
29718
29719
29721
29723
29724
29724
29726
29726
29726
29728
29730
29730
29730
29731
29732
29734
29736
29739
29740
29742
29744
29745
29747
29747
29748
29749
29751
29751
29752
29752
29754
29755
29755
29756
29757
29761
29762
29762
29765
29765
29766
29767
29768
29769
29769
29770
29771
29772
29773
29773
29773
29773
29775
29775
29778
29778
29778
29778
29779
29779
29779
29780
29780
29780
29781
29783
29783
29784
29785
29786
29786
29786
29787
29788
29788
29789
29789
29789
29790
29791
29791
29792
29792
29793
29793
29793
29794
29795
29795
29796
29800
29800
29801
29804
29805
29805
29806
29811
29812
29813
29813
29814
29815
29815
29815
29816
29817
29817
29818
29818
29818
29820
29822
29822
29823
29824
29825
29825
29825
29827
29828
29829
29829
29830
29832
29832
29834
29834
29834
29835
29837
29837
29838
29839
29840
29840
29840
29841
29844
29847
29848
29849
29851
29852
29852
29854
29854
29855
29855
29855
29856
29856
29857
29858
29859
29859
29861
29863
29863
29863
29863
29864
29864
29864
29865
29867
29868
29869
29873
29874
29874
29874
29876
29877
29878
29881
29883
29884
29884
29884
29885
29885
29889
29890
29891
29892
29892
29896
29896
29899
29900
29902
29902
29903
29904
29905
29906
29906
29906
29907
29908
29908
29910
29911
29913
29913
29915
29919
29919
29920
29920
29923
29923
29923
29924
29925
29927
29928
29929
29930
29930
29931
29931
29933
29936
29936
29936
29938
29938
29943
29943
29945
29945
29946
29947
29948
29948
29949
29949
29950
29950
29952
29953
29953
29955
29956
29957
29959
29960
29961
29961
29961
29964
29968
29968
29970
29971
29971
29973
29975
29975
29976
29976
29976
29977
29978
29978
29978
29979
29979
29980
29980
29980
29984
29986
29989
29992
29993
29993
29993
29993
29994
29995
29996
29997
29997
30002
30003
30004
30004
30004
30005
30006
30006
30007
30010
30011
30012
30013
30014
30014
30015
30016
30017
30018
30019
30020
30021
30022
30022
30023
30024
30025
30026
30026
30027
30030
30030
30032
30033
30033
30034
30035
30036
30036
30036
30038
30039
30039
30040
30041
30044
30048
30049
30052
30055
30056
30057
30060
30060
30062
30062
30063
30064
30067
30067
30070
30073
30074
30074
30074
30077
30078
30078
30078
30079
30079
30079
30081
30081
30083
30084
30084
30084
30086
30086
30086
30089
30090
30090
30091
30091
30092
30094
30094
30095
30097
30097
30099
30099
30099
30099
30101
30102
30103
30104
30104
30105
30105
30107
30110
30110
30114
30116
30116
30117
30119
30120
30121
30122
30123
30124
30126
30127
30127
30129
30130
30132
30132
30133
30134
30135
30136
30137
30137
30138
30139
30140
30142
30143
30143
30145
30146
30148
30148
30150
30151
30152
30152
30154
30156
30157
30161
30161
30161
30162
30162
30162
30164
30164
30166
30167
30167
30167
30167
30167
30168
30169
30169
30171
30174
30175
30176
30177
30177
30178
30179
30179
30180
30181
30184
30188
30189
30191
30193
30193
30194
30196
30196
30196
30197
30199
30200
30202
30202
30203
30204
30205
30206
30206
30207
30208
30208
30209
30209
30210
30210
30211
30212
30213
30216
30216
30216
30221
30222
30222
30223
30225
30227
30228
30229
30229
30232
30233
30233
30234
30234
30235
30236
30237
30238
30240
30240
30240
30241
30241
30241
30242
30245
30248
30249
30250
30251
30252
30252
30252
30254
30255
30255
30258
30259
30259
30260
30261
30268
30269
30270
30270
30271
30271
30272
30272
30272
30273
30274
30275
30276
30276
30276
30280
30280
30280
30281
30282
30285
30285
30286
30286
30287
30287
30287
30287
30288
30288
30288
30294
30295
30298
30299
30300
30300
30300
30301
30301
30302
30302
30302
30305
30306
30306
30306
30307
30307
30308
30308
30309
30311
30311
30314
30314
30319
30319
30320
30320
30322
30322
30322
30323
30327
30327
30327
30327
30330
30331
30331
30333
30337
30340
30342
30342
30342
30343
30343
30344
30344
30345
30345
30348
30348
30348
30349
30350
30351
30351
30353
30355
30355
30358
30363
30363
30363
30364
30364
30365
30368
30368
30369
30370
30373
30374
30374
30375
30376
30377
30378
30378
30379
30379
30380
30380
30381
30381
30382
30383
30383
30383
30385
30386
30386
30387
30388
30390
30394
30395
30396
30396
30396
30397
30399
30399
30400
30400
30401
30402
30403
30403
30405
30406
30407
30407
30407
30408
30408
30408
30408
30411
30412
30414
30414
30415
30415
30416
30416
30416
30417
30419
30419
30424
30425
30426
30427
30427
30427
30428
30428
30430
30430
30430
30430
30430
30431
30432
30433
30433
30433
30434
30436
30436
30437
30438
30439
30439
30440
30440
30441
30441
30441
30442
30442
30443
30443
30443
30444
30445
30445
30446
30449
30450
30451
30451
30451
30452
30454
30454
30457
30458
30460
30461
30461
30462
30462
30463
30464
30465
30465
30466
30466
30466
30467
30467
30473
30474
30474
30475
30476
30477
30478
30479
30480
30481
30481
30481
30481
30482
30482
30485
30485
30488
30490
30490
30493
30494
30495
30496
30496
30499
30499
30500
30501
30501
30502
30502
30503
30504
30507
30509
30509
30511
30513
30514
30516
30516
30517
30519
30519
30519
30519
30523
30523
30524
30525
30525
30527
30532
30534
30534
30534
30535
30535
30535
30535
30537
30537
30537
30541
30541
30541
30542
30546
30547
30547
30548
30549
30549
30549
30550
30551
30552
30553
30553
30554
30554
30554
30554
30554
30555
30558
30559
30560
30561
30561
30562
30565
30566
30569
30570
30571
30572
30572
30573
30573
30574
30576
30579
30579
30580
30583
30583
30585
30586
30587
30587
30588
30589
30590
30592
30593
30593
30593
30594
30597
30597
30598
30599
30601
30601
30602
30604
30604
30606
30607
30607
30609
30610
30611
30611
30614
30614
30617
30618
30618
30620
30620
30621
30621
30624
30626
30627
30627
30630
30630
30633
30635
30638
30638
30639
30640
30640
30640
30641
30646
30647
30647
30651
30652
30652
30653
30657
30657
30659
30660
30661
30666
30666
30666
30669
30669
30669
30671
30671
30672
30673
30674
30675
30675
30677
30677
30677
30679
30680
30684
30686
30686
30686
30687
30688
30691
30692
30693
30693
30697
30697
30698
30698
30698
30698
30700
30700
30700
30700
30701
30702
30703
30707
30708
30708
30708
30709
30709
30711
30712
30713
30713
30715
30716
30716
30716
30717
30718
30718
30718
30718
30720
30721
30721
30723
30723
30724
30725
30725
30725
30726
30727
30734
30736
30736
30738
30739
30739
30739
30740
30740
30742
30745
30746
30746
30747
30747
30749
30749
30755
30756
30757
30757
30758
30759
30759
30761
30762
30762
30763
30763
30763
30765
30769
30770
30770
30770
30772
30772
30773
30774
30778
30780
30781
30781
30781
30782
30785
30788
30788
30789
30790
30790
30792
30794
30795
30796
30798
30798
30799
30799
30800
30801
30803
30803
30803
30803
30805
30807
30807
30808
30808
30809
30810
30810
30810
30812
30814
30814
30816
30816
30818
30819
30819
30820
30820
30820
30821
30822
30823
30824
30825
30825
30826
30829
30830
30831
30832
30833
30834
30834
30835
30837
30838
30839
30840
30840
30840
30841
30841
30842
30844
30844
30845
30845
30845
30846
30848
30848
30850
30850
30851
30852
30853
30853
30853
30856
30859
30862
30862
30863
30865
30865
30866
30867
30868
30868
30869
30869
30871
30871
30871
30871
30873
30875
30877
30877
30878
30881
30881
30882
30883
30884
30886
30887
30887
30888
30890
30892
30892
30893
30893
30893
30893
30896
30896
30896
30897
30898
30898
30899
30899
30900
30903
30903
30903
30909
30913
30914
30916
30918
30922
30922
30924
30927
30928
30928
30929
30931
30932
30933
30933
30933
30934
30935
30935
30936
30936
30937
30937
30943
30943
30944
30944
30944
30947
30948
30949
30949
30949
30951
30952
30952
30953
30953
30954
30955
30955
30955
30957
30957
30957
30958
30958
30958
30959
30959
30959
30960
30960
30961
30961
30962
30963
30963
30963
30965
30965
30965
30966
30967
30969
30970
30971
30972
30972
30972
30974
30974
30975
30976
30976
30976
30977
30979
30979
30981
30981
30983
30984
30984
30985
30986
30986
30986
30988
30988
30988
30988
30990
30992
30995
30996
30997
30997
30998
30998
30998
30999
30999
31000
31004
31004
31008
31009
31009
31009
31009
31011
31013
31014
31014
31014
31015
31018
31018
31019
31019
31020
31021
31021
31023
31025
31026
31026
31027
31032
31033
31033
31034
31035
31035
31036
31039
31039
31039
31040
31041
31041
31045
31045
31046
31047
31048
31048
31048
31051
31051
31051
31053
31053
31053
31054
31054
31056
31057
31057
31059
31063
31063
31064
31067
31069
31069
31069
31070
31072
31073
31074
31075
31079
31079
31079
31079
31080
31082
31084
31088
31088
31091
31092
31092
31093
31094
31094
31096
31097
31098
31099
31099
31100
31101
31102
31104
31104
31106
31108
31109
31111
31111
31111
31112
31113
31113
31114
31115
31115
31116
31117
31121
31123
31124
31126
31126
31127
31128
31129
31130
31130
31130
31131
31136
31138
31139
31139
31139
31139
31141
31141
31142
31142
31143
31144
31145
31145
31145
31148
31150
31150
31153
31155
31155
31157
31158
31160
31162
31163
31164
31164
31166
31166
31167
31168
31169
31171
31171
31172
31172
31174
31175
31175
31178
31178
31180
31182
31182
31182
31182
31183
31183
31184
31185
31185
31189
31189
31192
31194
31196
31197
31198
31198
31199
31200
31201
31201
31202
31202
31204
31205
31205
31207
31208
31210
31211
31211
31212
31215
31216
31221
31222
31222
31223
31224
31224
31225
31225
31226
31227
31227
31228
31228
31229
31229
31231
31231
31232
31234
31235
31236
31239
31240
31241
31241
31242
31243
31247
31247
31248
31249
31250
31251
31251
31251
31253
31254
31256
31256
31256
31259
31261
31262
31265
31265
31265
31265
31266
31267
31268
31271
31273
31273
31274
31274
31281
31281
31282
31283
31284
31285
31285
31287
31288
31288
31289
31290
31290
31292
31293
31297
31297
31298
31299
31300
31302
31302
31303
31307
31307
31309
31309
31309
31311
31312
31312
31313
31314
31314
31315
31320
31320
31320
31322
31322
31323
31323
31325
31326
31327
31329
31331
31331
31331
31333
31333
31335
31338
31338
31339
31339
31339
31340
31343
31344
31344
31350
31350
31354
31354
31354
31356
31356
31357
31360
31362
31363
31364
31367
31367
31369
31369
31372
31373
31375
31375
31378
31380
31381
31381
31382
31382
31384
31386
31387
31387
31387
31387
31388
31389
31391
31393
31394
31394
31394
31395
31395
31395
31396
31397
31398
31398
31399
31399
31400
31400
31404
31404
31406
31407
31407
31409
31413
31413
31415
31415
31416
31420
31421
31421
31421
31423
31424
31424
31424
31425
31426
31429
31429
31430
31431
31432
31432
31433
31433
31434
31436
31437
31437
31439
31440
31441
31443
31443
31443
31446
31447
31448
31449
31454
31454
31454
31456
31457
31457
31457
31458
31459
31460
31463
31464
31465
31465
31466
31467
31468
31469
31470
31470
31470
31471
31474
31475
31476
31477
31477
31479
31480
31480
31481
31482
31482
31483
31483
31483
31485
31486
31486
31489
31490
31490
31491
31491
31492
31493
31494
31495
31497
31497
31497
31497
31499
31500
31501
31501
31504
31505
31506
31506
31507
31507
31507
31509
31509
31509
31510
31510
31512
31512
31512
31513
31514
31516
31516
31517
31517
31518
31521
31522
31522
31523
31523
31524
31524
31526
31527
31527
31527
31528
31528
31528
31530
31530
31533
31537
31538
31538
31539
31539
31540
31541
31542
31542
31545
31545
31545
31546
31546
31547
31547
31547
31548
31548
31549
31550
31550
31551
31553
31554
31554
31555
31556
31557
31557
31558
31558
31558
31558
31559
31560
31561
31562
31563
31564
31565
31566
31567
31567
31568
31568
31569
31571
31572
31572
31572
31573
31574
31576
31577
31579
31580
31581
31582
31583
31585
31586
31586
31586
31587
31587
31588
31589
31590
31591
31592
31593
31595
31596
31597
31599
31600
31600
31600
31601
31601
31601
31602
31602
31603
31603
31604
31604
31604
31606
31606
31607
31607
31611
31613
31613
31614
31615
31616
31616
31616
31616
31616
31616
31617
31622
31623
31623
31623
31624
31626
31627
31627
31627
31627
31628
31628
31629
31630
31630
31632
31634
31635
31635
31636
31637
31639
31639
31639
31641
31643
31645
31645
31645
31646
31649
31650
31651
31652
31652
31652
31655
31658
31658
31659
31659
31660
31661
31662
31662
31662
31663
31664
31665
31666
31666
31668
31668
31669
31670
31671
31672
31672
31672
31675
31675
31677
31678
31679
31681
31682
31684
31685
31685
31685
31686
31687
31689
31691
31691
31692
31692
31693
31694
31697
31697
31698
31698
31699
31701
31701
31701
31702
31702
31702
31703
31704
31704
31704
31706
31706
31707
31707
31708
31708
31711
31713
31716
31717
31718
31719
31719
31720
31720
31720
31721
31721
31721
31722
31723
31725
31727
31727
31728
31733
31734
31736
31737
31739
31739
31741
31744
31745
31745
31745
31745
31745
31746
31749
31750
31751
31754
31754
31754
31754
31755
31756
31757
31758
31758
31759
31759
31761
31762
31763
31765
31766
31766
31766
31767
31768
31769
31769
31771
31772
31772
31774
31774
31775
31775
31776
31777
31778
31779
31780
31783
31784
31788
31789
31789
31790
31790
31790
31792
31792
31793
31796
31796
31798
31800
31801
31801
31801
31802
31802
31803
31804
31805
31806
31806
31806
31806
31806
31806
31808
31811
31813
31813
31814
31814
31815
31815
31815
31816
31816
31816
31816
31817
31817
31818
31818
31819
31820
31822
31823
31825
31826
31831
31832
31833
31834
31836
31836
31837
31838
31841
31841
31842
31844
31846
31846
31849
31850
31850
31850
31852
31852
31853
31855
31855
31857
31859
31859
31860
31861
31862
31863
31864
31864
31865
31866
31866
31867
31867
31869
31870
31871
31873
31873
31873
31873
31874
31876
31877
31877
31878
31878
31879
31880
31882
31882
31883
31884
31884
31886
31886
31887
31887
31887
31888
31889
31889
31890
31890
31890
31890
31890
31891
31891
31892
31892
31893
31894
31895
31897
31897
31901
31901
31903
31904
31904
31904
31906
31909
31910
31911
31916
31916
31917
31920
31921
31921
31924
31925
31926
31928
31930
31930
31930
31930
31931
31932
31932
31933
31934
31934
31934
31936
31936
31936
31938
31938
31939
31940
31942
31943
31943
31946
31947
31948
31949
31950
31951
31953
31955
31955
31955
31955
31956
31956
31958
31961
31962
31963
31964
31965
31965
31966
31968
31968
31968
31970
31972
31972
31973
31974
31976
31977
31977
31978
31982
31983
31984
31987
31987
31987
31988
31990
31991
31992
31993
31995
31996
31997
31997
32001
32001
32001
32002
32004
32004
32005
32005
32007
32008
32010
32012
32015
32016
32019
32019
32022
32023
32023
32024
32027
32027
32028
32029
32030
32030
32031
32032
32032
32032
32034
32034
32035
32035
32036
32036
32036
32037
32037
32038
32039
32039
32039
32044
32044
32045
32045
32046
32046
32048
32049
32051
32051
32053
32054
32055
32055
32055
32057
32058
32058
32058
32058
32061
32061
32062
32062
32062
32062
32064
32065
32066
32067
32068
32069
32071
32071
32072
32075
32076
32077
32077
32078
32078
32080
32081
32081
32081
32082
32082
32083
32083
32083
32085
32085
32086
32087
32088
32089
32089
32090
32090
32091
32093
32095
32095
32095
32096
32096
32097
32098
32099
32100
32102
32103
32103
32107
32111
32111
32111
32111
32112
32114
32118
32118
32120
32120
32120
32125
32127
32132
32132
32132
32134
32134
32135
32135
32136
32136
32138
32138
32139
32139
32140
32140
32142
32145
32146
32147
32148
32149
32153
32155
32155
32155
32157
32157
32158
32158
32159
32160
32162
32163
32163
32164
32164
32167
32168
32169
32169
32169
32170
32170
32170
32172
32173
32173
32174
32175
32175
32177
32177
32178
32179
32181
32182
32182
32184
32185
32185
32186
32186
32187
32187
32191
32191
32191
32194
32194
32195
32195
32196
32197
32198
32199
32201
32202
32204
32204
32205
32205
32207
32208
32208
32209
32210
32213
32213
32219
32219
32220
32220
32220
32220
32224
32224
32224
32225
32225
32226
32226
32228
32232
32233
32233
32234
32235
32236
32237
32240
32240
32241
32242
32243
32245
32246
32250
32250
32252
32253
32254
32255
32255
32255
32258
32258
32259
32260
32260
32260
32261
32261
32262
32266
32267
32267
32269
32269
32272
32273
32273
32274
32275
32277
32277
32277
32279
32279
32280
32282
32283
32284
32285
32289
32289
32291
32292
32292
32293
32295
32296
32297
32298
32299
32300
32301
32301
32302
32302
32303
32303
32304
32305
32306
32306
32307
32307
32307
32308
32309
32310
32313
32314
32315
32316
32316
32317
32319
32320
32321
32321
32321
32322
32322
32322
32324
32327
32327
32329
32330
32331
32331
32332
32333
32335
32337
32337
32338
32340
32340
32341
32341
32342
32342
32344
32344
32346
32349
32352
32354
32356
32356
32356
32360
32360
32360
32361
32361
32362
32364
32364
32365
32365
32366
32367
32368
32369
32370
32371
32374
32375
32375
32377
32377
32378
32378
32379
32379
32380
32381
32382
32383
32384
32385
32385
32386
32386
32386
32387
32387
32388
32392
32392
32393
32394
32395
32396
32396
32396
32397
32397
32398
32398
32400
32401
32402
32404
32404
32406
32408
32408
32410
32410
32411
32411
32412
32413
32414
32415
32416
32417
32418
32419
32420
32420
32420
32420
32420
32425
32426
32426
32427
32428
32428
32429
32430
32430
32430
32430
32431
32431
32432
32432
32433
32435
32435
32435
32437
32438
32439
32444
32445
32445
32446
32447
32447
32448
32449
32449
32451
32451
32452
32454
32455
32455
32456
32456
32456
32458
32458
32458
32458
32460
32460
32462
32463
32464
32467
32468
32468
32469
32470
32471
32472
32474
32474
32474
32475
32476
32476
32476
32479
32479
32480
32480
32482
32482
32485
32485
32487
32488
32488
32488
32489
32489
32492
32492
32493
32494
32494
32495
32495
32496
32498
32498
32498
32499
32500
32500
32501
32501
32503
32505
32505
32505
32505
32506
32506
32507
32510
32510
32511
32515
32517
32518
32521
32523
32524
32525
32526
32528
32530
32533
32533
32533
32534
32534
32535
32536
32536
32538
32538
32542
32543
32543
32544
32544
32544
32546
32548
32549
32553
32554
32554
32556
32556
32556
32557
32557
32558
32561
32562
32563
32563
32566
32568
32568
32568
32568
32572
32573
32576
32577
32579
32579
32582
32582
32583
32584
32585
32587
32587
32590
32590
32591
32591
32593
32595
32595
32600
32601
32601
32601
32602
32604
32605
32606
32606
32607
32607
32607
32611
32611
32611
32612
32613
32614
32615
32615
32615
32616
32617
32617
32618
32618
32619
32619
32620
32621
32622
32623
32624
32624
32625
32625
32628
32629
32630
32632
32633
32633
32633
32633
32634
32634
32638
32640
32640
32641
32643
32647
32648
32650
32652
32652
32653
32653
32655
32655
32656
32657
32658
32661
32663
32663
32663
32666
32666
32666
32666
32667
32668
32669
32669
32669
32672
32672
32673
32673
32673
32674
32674
32674
32676
32676
32676
32677
32679
32680
32680
32681
32681
32681
32682
32682
32684
32684
32685
32686
32687
32687
32687
32687
32688
32690
32694
32694
32695
32696
32701
32701
32702
32703
32704
32705
32706
32707
32707
32709
32710
32711
32712
32712
32714
32716
32719
32719
32720
32720
32721
32722
32722
32722
32722
32723
32724
32725
32725
32727
32728
32729
32729
32730
32730
32731
32731
32734
32734
32734
32735
32737
32737
32737
32740
32741
32742
32742
32742
32742
32743
32744
32744
32744
32745
32746
32746
32747
32748
32750
32750
32751
32755
32756
32760
32762
32763
32766
32766
32766
32768
32770
32770
32770
32773
32774
32776
32777
32777
32778
32778
32781
32783
32783
32784
32785
32786
32788
32788
32788
32789
32789
32790
32791
32792
32792
32792
32793
32794
32794
32795
32795
32795
32795
32796
32796
32797
32798
32801
32801
32802
32803
32805
32805
32806
32807
32808
32808
32808
32809
32811
32812
32812
32815
32815
32817
32817
32818
32819
32819
32819
32821
32821
32824
32825
32827
32827
32828
32828
32829
32830
32831
32832
32832
32832
32833
32834
32836
32836
32837
32837
32837
32838
32838
32839
32840
32842
32842
32842
32843
32843
32845
32845
32847
32847
32847
32850
32850
32852
32852
32853
32853
32854
32854
32855
32857
32860
32861
32862
32863
32863
32863
32865
32866
32866
32867
32867
32868
32869
32870
32870
32871
32872
32873
32873
32874
32875
32876
32877
32877
32878
32878
32878
32882
32883
32884
32884
32885
32885
32887
32891
32892
32892
32893
32894
32894
32895
32896
32896
32897
32897
32898
32899
32900
32900
32900
32902
32903
32903
32904
32905
32912
32915
32916
32917
32919
32920
32922
32923
32924
32924
32925
32926
32928
32928
32929
32931
32933
32933
32933
32934
32935
32937
32939
32941
32941
32942
32942
32942
32943
32944
32945
32945
32945
32946
32946
32949
32953
32955
32955
32955
32957
32958
32958
32960
32960
32960
32964
32965
32965
32966
32967
32970
32971
32974
32974
32975
32976
32976
32977
32977
32977
32978
32979
32979
32980
32980
32983
32983
32984
32986
32987
32988
32990
32990
32991
32991
32992
32993
32993
32995
32995
32996
32997
32997
32999
33000
33001
33002
33002
33003
33005
33005
33009
33010
33011
33011
33011
33012
33012
33013
33013
33014
33015
33015
33016
33017
33018
33018
33019
33019
33023
33024
33025
33026
33026
33028
33028
33030
33031
33031
33032
33034
33035
33036
33037
33038
33038
33039
33041
33041
33045
33045
33047
33049
33050
33052
33053
33054
33054
33054
33054
33054
33055
33055
33055
33055
33056
33056
33056
33056
33057
33057
33057
33059
33059
33059
33062
33062
33063
33064
33065
33066
33067
33067
33068
33068
33071
33072
33072
33074
33077
33079
33080
33080
33081
33081
33082
33083
33084
33084
33086
33086
33088
33088
33088
33088
33090
33091
33095
33096
33096
33096
33096
33097
33098
33098
33099
33099
33100
33100
33103
33104
33105
33105
33105
33109
33109
33111
33111
33112
33112
33114
33117
33121
33124
33128
33128
33128
33129
33130
33131
33132
33133
33134
33134
33137
33137
33139
33143
33144
33147
33148
33148
33149
33149
33149
33150
33150
33152
33152
33153
33155
33157
33157
33158
33160
33160
33160
33161
33161
33162
33163
33165
33165
33166
33167
33168
33169
33169
33169
33170
33170
33171
33171
33171
33172
33173
33174
33175
33176
33176
33178
33179
33179
33183
33184
33184
33185
33185
33186
33187
33191
33192
33192
33192
33193
33193
33195
33195
33195
33196
33197
33197
33202
33205
33205
33206
33206
33206
33207
33207
33207
33207
33211
33212
33212
33212
33213
33213
33214
33215
33215
33216
33217
33217
33217
33219
33220
33220
33221
33221
33223
33223
33224
33224
33225
33225
33226
33228
33228
33228
33229
33229
33230
33235
33236
33237
33241
33244
33248
33249
33251
33251
33251
33252
33252
33253
33253
33253
33253
33254
33255
33256
33256
33256
33257
33258
33259
33259
33260
33262
33264
33265
33266
33269
33271
33272
33273
33273
33273
33275
33278
33279
33280
33282
33283
33285
33286
33286
33286
33287
33287
33291
33293
33296
33296
33297
33298
33298
33300
33302
33302
33303
33303
33304
33307
33307
33310
33311
33313
33313
33313
33315
33317
33317
33317
33319
33320
33320
33320
33322
33323
33323
33325
33326
33327
33329
33330
33331
33335
33335
33335
33338
33340
33340
33341
33343
33344
33344
33346
33348
33349
33349
33350
33350
33351
33351
33353
33354
33355
33357
33361
33361
33362
33362
33364
33364
33364
33365
33366
33367
33367
33367
33367
33368
33369
33370
33373
33373
33374
33375
33376
33376
33376
33378
33379
33381
33385
33385
33387
33388
33389
33391
33393
33394
33395
33396
33396
33396
33399
33399
33399
33401
33402
33402
33402
33403
33404
33405
33406
33407
33411
33412
33416
33416
33417
33419
33419
33420
33421
33422
33424
33424
33425
33426
33427
33428
33431
33432
33432
33434
33434
33434
33435
33435
33435
33437
33439
33440
33442
33443
33443
33443
33444
33444
33445
33445
33446
33447
33447
33450
33451
33453
33454
33455
33455
33456
33457
33460
33462
33462
33463
33463
33464
33466
33467
33467
33470
33471
33476
33480
33481
33482
33483
33484
33485
33486
33486
33488
33489
33490
33490
33490
33490
33491
33491
33491
33496
33497
33498
33501
33501
33501
33502
33503
33504
33504
33505
33505
33507
33507
33508
33508
33509
33510
33511
33511
33514
33515
33517
33517
33517
33519
33519
33520
33520
33520
33520
33521
33521
33522
33524
33525
33525
33525
33525
33526
33529
33531
33531
33533
33534
33535
33535
33537
33538
33538
33539
33540
33542
33542
33544
33546
33548
33550
33551
33553
33556
33556
33556
33557
33558
33559
33562
33562
33563
33565
33566
33566
33567
33568
33568
33569
33569
33570
33571
33573
33574
33574
33578
33578
33579
33579
33580
33581
33584
33587
33589
33590
33592
33592
33593
33593
33594
33597
33602
33602
33603
33604
33605
33606
33606
33606
33606
33607
33607
33608
33610
33611
33613
33614
33617
33618
33618
33619
33624
33625
33626
33626
33626
33626
33628
33628
33629
33629
33632
33636
33637
33641
33641
33642
33642
33643
33645
33645
33645
33645
33645
33648
33648
33649
33650
33650
33652
33652
33652
33652
33653
33654
33655
33656
33657
33658
33660
33661
33661
33661
33661
33661
33662
33663
33664
33665
33665
33665
33666
33667
33667
33667
33667
33670
33672
33673
33674
33676
33676
33677
33678
33679
33680
33681
33682
33682
33682
33684
33685
33685
33686
33686
33686
33687
33690
33690
33691
33693
33693
33693
33697
33697
33698
33698
33699
33703
33703
33704
33706
33707
33708
33708
33709
33710
33713
33717
33718
33719
33721
33722
33723
33724
33725
33728
33728
33728
33728
33729
33730
33731
33731
33732
33732
33733
33735
33738
33739
33740
33740
33744
33746
33747
33748
33748
33753
33753
33755
33755
33756
33757
33757
33757
33757
33758
33758
33758
33762
33762
33766
33767
33768
33768
33768
33769
33770
33770
33772
33773
33774
33775
33778
33780
33780
33782
33783
33784
33784
33785
33786
33789
33789
33793
33793
33794
33794
33796
33798
33800
33801
33801
33802
33802
33804
33805
33805
33806
33806
33807
33808
33809
33809
33811
33812
33813
33813
33814
33815
33816
33817
33819
33822
33823
33825
33825
33825
33827
33827
33828
33830
33831
33832
33832
33833
33833
33834
33840
33841
33842
33843
33844
33844
33847
33847
33847
33848
33849
33851
33852
33853
33855
33855
33856
33856
33857
33857
33861
33861
33863
33864
33865
33865
33867
33869
33869
33872
33872
33874
33874
33876
33876
33877
33878
33878
33878
33879
33879
33883
33883
33884
33887
33887
33887
33888
33891
33891
33892
33894
33895
33896
33896
33896
33899
33900
33904
33904
33908
33909
33909
33909
33911
33911
33912
33913
33913
33914
33915
33915
33916
33916
33917
33917
33918
33918
33919
33920
33920
33920
33920
33923
33924
33924
33925
33927
33928
33929
33930
33931
33931
33931
33931
33931
33931
33933
33933
33934
33935
33935
33937
33940
33942
33942
33942
33942
33944
33944
33944
33946
33949
33950
33951
33951
33953
33954
33954
33955
33957
33957
33958
33960
33961
33962
33962
33964
33967
33967
33971
33973
33973
33975
33975
33975
33976
33976
33978
33979
33979
33979
33980
33980
33980
33981
33981
33982
33983
33985
33987
33987
33989
33989
33989
33990
33991
33991
33991
33992
33994
33995
33995
33996
33996
33997
33997
33997
33997
33999
33999
34000
34000
34001
34001
34003
34003
34004
34005
34005
34006
34006
34006
34007
34007
34008
34009
34009
34011
34011
34011
34014
34014
34015
34015
34016
34016
34016
34016
34017
34019
34019
34019
34019
34021
34022
34022
34022
34024
34024
34028
34029
34030
34030
34032
34035
34037
34038
34040
34046
34046
34047
34047
34048
34049
34049
34051
34051
34053
34053
34054
34055
34059
34060
34061
34063
34065
34065
34067
34067
34069
34069
34069
34069
34070
34073
34074
34076
34076
34077
34077
34079
34081
34081
34082
34083
34084
34085
34088
34091
34092
34092
34093
34094
34097
34098
34098
34098
34100
34100
34101
34104
34105
34107
34107
34107
34107
34109
34110
34112
34114
34115
34116
34116
34117
34117
34117
34119
34120
34121
34121
34122
34123
34124
34124
34125
34128
34129
34132
34135
34136
34137
34138
34138
34138
34141
34142
34143
34143
34146
34147
34155
34156
34156
34156
34157
34158
34158
34158
34161
34161
34162
34162
34163
34163
34163
34164
34166
34166
34166
34166
34167
34168
34168
34169
34169
34170
34171
34171
34172
34173
34173
34174
34175
34175
34178
34178
34179
34181
34181
34185
34187
34191
34191
34192
34193
34193
34193
34194
34194
34197
34198
34198
34199
34207
34207
34208
34208
34210
34211
34211
34211
34215
34215
34216
34218
34219
34220
34221
34221
34223
34224
34224
34225
34225
34226
34226
34226
34227
34229
34231
34232
34233
34233
34234
34236
34236
34237
34237
34238
34238
34241
34241
34242
34243
34248
34248
34249
34250
34250
34251
34252
34253
34253
34255
34257
34258
34258
34260
34261
34263
34263
34264
34265
34265
34266
34267
34271
34271
34272
34272
34273
34273
34277
34279
34279
34280
34282
34283
34283
34286
34292
34294
34295
34295
34296
34297
34298
34298
34300
34300
34302
34302
34305
34308
34310
34310
34312
34314
34314
34314
34314
34317
34318
34319
34320
34320
34321
34322
34322
34322
34323
34324
34324
34325
34326
34328
34329
34329
34330
34330
34333
34333
34333
34334
34335
34335
34336
34336
34337
34337
34338
34338
34339
34341
34342
34342
34343
34344
34344
34345
34347
34347
34348
34349
34350
34350
34350
34351
34352
34352
34352
34354
34355
34356
34356
34356
34356
34357
34359
34362
34363
34365
34367
34368
34368
34372
34373
34379
34381
34382
34383
34384
34384
34385
34385
34386
34387
34387
34388
34390
34392
34393
34393
34394
34394
34394
34395
34396
34398
34400
34400
34401
34402
34403
34404
34404
34407
34408
34410
34410
34410
34412
34413
34414
34414
34414
34416
34416
34416
34418
34419
34420
34423
34425
34425
34426
34426
34427
34427
34428
34429
34429
34429
34431
34432
34433
34433
34433
34434
34435
34435
34435
34435
34436
34437
34437
34440
34441
34442
34443
34445
34445
34445
34447
34448
34448
34450
34452
34453
34453
34455
34458
34459
34459
34459
34460
34460
34460
34462
34464
34465
34466
34466
34468
34470
34471
34472
34473
34474
34474
34474
34475
34475
34477
34478
34482
34485
34487
34488
34489
34489
34489
34491
34491
34493
34494
34494
34494
34496
34496
34497
34498
34499
34500
34501
34501
34502
34502
34502
34503
34504
34505
34506
34507
34507
34508
34509
34510
34513
34514
34515
34517
34520
34521
34522
34523
34523
34524
34524
34525
34526
34526
34528
34529
34529
34530
34531
34531
34531
34532
34533
34533
34534
34537
34538
34539
34540
34540
34543
34543
34544
34547
34548
34548
34548
34548
34549
34549
34549
34551
34552
34554
34554
34555
34558
34559
34560
34560
34561
34561
34563
34571
34571
34571
34572
34573
34575
34575
34576
34577
34577
34579
34580
34582
34583
34583
34585
34586
34586
34586
34588
34589
34590
34590
34590
34590
34591
34591
34592
34593
34595
34596
34599
34601
34601
34602
34602
34602
34604
34605
34606
34607
34608
34611
34617
34617
34617
34617
34618
34619
34619
34620
34620
34621
34623
34623
34623
34624
34624
34626
34626
34626
34627
34629
34630
34631
34631
34631
34633
34633
34634
34636
34636
34636
34637
34640
34644
34646
34646
34649
34653
34654
34654
34654
34659
34660
34661
34664
34664
34664
34666
34670
34672
34672
34672
34675
34676
34676
34678
34678
34679
34680
34683
34684
34685
34685
34686
34686
34686
34687
34688
34689
34689
34690
34690
34692
34693
34694
34696
34696
34697
34698
34698
34698
34699
34701
34702
34703
34703
34707
34708
34709
34709
34709
34710
34711
34712
34715
34717
34721
34721
34722
34723
34723
34724
34724
34724
34728
34729
34729
34732
34733
34733
34737
34737
34738
34740
34740
34741
34742
34745
34745
34746
34748
34748
34750
34754
34754
34754
34756
34757
34760
34762
34763
34763
34764
34764
34764
34764
34764
34766
34768
34768
34770
34770
34771
34773
34773
34774
34775
34777
34777
34777
34778
34781
34781
34781
34782
34784
34786
34786
34790
34791
34792
34792
34795
34797
34797
34799
34800
34801
34801
34803
34803
34804
34804
34806
34806
34807
34809
34809
34810
34810
34811
34812
34812
34814
34815
34817
34817
34817
34818
34818
34818
34818
34820
34820
34821
34824
34824
34826
34829
34829
34830
34831
34831
34832
34832
34832
34832
34834
34835
34837
34837
34837
34838
34838
34839
34839
34839
34840
34840
34841
34842
34842
34843
34844
34846
34848
34849
34851
34851
34852
34852
34853
34854
34854
34854
34855
34855
34856
34858
34863
34863
34864
34865
34866
34868
34870
34871
34871
34871
34872
34872
34873
34874
34875
34877
34880
34882
34882
34885
34886
34886
34889
34890
34891
34891
34891
34892
34892
34893
34893
34894
34895
34896
34897
34898
34899
34899
34900
34901
34904
34904
34904
34905
34906
34908
34909
34909
34909
34910
34911
34913
34914
34914
34915
34915
34916
34920
34920
34921
34921
34922
34924
34924
34924
34925
34927
34927
34928
34929
34931
34932
34932
34935
34935
34936
34937
34938
34938
34940
34940
34941
34941
34941
34942
34942
34945
34945
34947
34949
34950
34952
34952
34952
34955
34955
34956
34959
34960
34961
34964
34965
34965
34966
34966
34967
34968
34968
34970
34971
34971
34971
34971
34972
34974
34975
34976
34978
34978
34981
34981
34982
34982
34983
34984
34984
34985
34985
34986
34986
34986
34989
34989
34992
34992
34995
34997
34998
34999
35002
35003
35003
35005
35007
35007
35008
35008
35010
35012
35013
35014
35014
35015
35016
35016
35017
35018
35018
35019
35019
35019
35025
35027
35031
35031
35033
35033
35034
35036
35036
35038
35039
35039
35039
35040
35042
35042
35043
35043
35045
35045
35048
35048
35050
35051
35051
35054
35055
35057
35062
35063
35065
35070
35070
35071
35071
35072
35073
35074
35074
35074
35074
35075
35075
35076
35076
35076
35077
35079
35080
35082
35082
35082
35082
35082
35087
35088
35089
35089
35090
35090
35092
35093
35093
35094
35094
35095
35095
35096
35098
35098
35100
35102
35103
35103
35106
35106
35107
35107
35111
35112
35113
35114
35116
35117
35120
35120
35120
35121
35121
35122
35122
35122
35123
35123
35125
35125
35126
35127
35127
35130
35133
35136
35136
35136
35137
35137
35138
35139
35140
35141
35143
35143
35146
35147
35149
35149
35150
35152
35153
35153
35154
35154
35155
35156
35157
35159
35162
35162
35165
35165
35166
35166
35168
35172
35173
35173
35174
35175
35175
35176
35176
35177
35178
35178
35178
35179
35179
35179
35180
35181
35182
35182
35183
35185
35185
35185
35185
35187
35188
35189
35189
35190
35191
35191
35192
35194
35194
35196
35197
35199
35202
35204
35205
35206
35206
35208
35210
35210
35211
35216
35216
35216
35217
35218
35219
35221
35222
35226
35227
35227
35228
35228
35229
35230
35230
35231
35232
35232
35233
35233
35235
35235
35236
35236
35237
35238
35238
35240
35241
35242
35243
35243
35244
35244
35245
35245
35246
35246
35247
35249
35250
35250
35250
35252
35252
35252
35253
35257
35258
35258
35258
35258
35259
35260
35260
35262
35263
35264
35266
35266
35267
35267
35267
35268
35271
35273
35273
35273
35273
35275
35279
35281
35281
35283
35283
35284
35286
35289
35290
35290
35291
35292
35293
35294
35294
35295
35296
35297
35297
35297
35297
35298
35298
35298
35301
35302
35303
35303
35304
35305
35305
35306
35307
35308
35308
35308
35309
35310
35311
35312
35313
35314
35315
35315
35317
35317
35317
35319
35319
35320
35323
35323
35324
35325
35326
35326
35326
35327
35327
35328
35328
35331
35332
35333
35334
35334
35335
35335
35335
35335
35336
35336
35336
35337
35337
35337
35338
35338
35338
35341
35342
35343
35343
35344
35346
35347
35348
35348
35348
35349
35350
35352
35352
35352
35352
35353
35353
35354
35356
35356
35358
35358
35358
35362
35365
35365
35365
35366
35368
35369
35370
35373
35373
35374
35375
35377
35378
35380
35380
35380
35381
35383
35384
35385
35386
35388
35389
35393
35394
35394
35395
35397
35399
35400
35400
35401
35401
35402
35405
35405
35407
35408
35408
35409
35411
35411
35412
35413
35413
35414
35415
35416
35418
35419
35419
35420
35421
35421
35422
35422
35424
35428
35429
35431
35431
35435
35435
35436
35438
35439
35439
35440
35441
35443
35444
35444
35445
35447
35447
35449
35449
35449
35451
35451
35451
35452
35455
35458
35459
35460
35460
35461
35461
35461
35462
35462
35463
35463
35464
35464
35465
35465
35467
35467
35468
35473
35474
35476
35476
35477
35477
35480
35480
35481
35485
35485
35486
35486
35487
35487
35488
35489
35490
35490
35491
35492
35492
35493
35493
35495
35497
35499
35501
35502
35504
35513
35514
35516
35517
35517
35517
35518
35519
35519
35522
35523
35524
35528
35531
35532
35535
35539
35539
35539
35540
35540
35542
35544
35545
35545
35545
35545
35546
35547
35547
35550
35550
35550
35551
35551
35552
35556
35558
35561
35562
35563
35563
35563
35563
35564
35564
35565
35567
35568
35569
35570
35571
35572
35572
35573
35573
35573
35573
35574
35576
35576
35580
35581
35582
35583
35584
35584
35584
35585
35586
35586
35588
35589
35589
35592
35592
35593
35594
35594
35595
35596
35598
35600
35601
35602
35605
35605
35605
35605
35605
35606
35606
35606
35610
35611
35612
35613
35614
35615
35616
35618
35619
35619
35620
35620
35620
35620
35621
35621
35623
35624
35625
35627
35628
35628
35628
35629
35631
35631
35631
35632
35634
35635
35635
35636
35637
35637
35637
35639
35640
35640
35641
35641
35641
35645
35646
35647
35647
35647
35648
35650
35653
35654
35654
35655
35655
35656
35656
35657
35658
35659
35659
35660
35661
35662
35662
35663
35663
35664
35665
35666
35667
35669
35669
35671
35671
35672
35673
35675
35678
35678
35679
35679
35679
35679
35680
35684
35685
35685
35686
35687
35688
35689
35689
35689
35691
35693
35693
35693
35696
35697
35697
35698
35698
35698
35699
35699
35700
35700
35701
35702
35704
35705
35705
35705
35705
35706
35707
35707
35707
35709
35710
35711
35712
35712
35715
35715
35716
35716
35717
35718
35718
35719
35719
35719
35719
35719
35720
35720
35722
35726
35729
35730
35731
35731
35731
35732
35735
35735
35736
35738
35739
35739
35744
35744
35744
35745
35745
35746
35746
35750
35750
35751
35751
35752
35752
35753
35754
35758
35758
35759
35759
35760
35762
35763
35765
35766
35766
35768
35769
35769
35769
35770
35770
35771
35771
35771
35772
35772
35773
35776
35779
35781
35781
35781
35782
35782
35782
35783
35783
35786
35788
35789
35789
35790
35792
35792
35792
35792
35792
35792
35794
35795
35798
35798
35798
35800
35802
35803
35804
35806
35809
35811
35811
35812
35812
35814
35815
35815
35819
35820
35821
35822
35823
35824
35824
35824
35825
35826
35827
35827
35828
35829
35830
35831
35831
35833
35833
35834
35834
35836
35836
35836
35839
35840
35840
35842
35842
35845
35846
35846
35848
35848
35848
35849
35850
35851
35851
35851
35852
35852
35854
35856
35857
35859
35859
35860
35860
35861
35864
35865
35866
35868
35869
35869
35869
35870
35871
35871
35874
35874
35875
35876
35876
35877
35878
35880
35880
35881
35881
35881
35883
35884
35884
35884
35885
35888
35888
35888
35888
35890
35891
35892
35895
35896
35896
35898
35900
35900
35904
35904
35904
35904
35906
35909
35912
35912
35913
35913
35913
35914
35914
35916
35916
35916
35921
35921
35922
35923
35923
35924
35924
35924
35924
35927
35927
35928
35929
35931
35931
35932
35933
35934
35934
35936
35937
35937
35938
35939
35940
35941
35942
35945
35948
35950
35950
35951
35951
35956
35957
35958
35958
35958
35958
35958
35958
35959
35959
35961
35961
35961
35963
35963
35966
35966
35966
35967
35968
35970
35970
35971
35972
35974
35974
35978
35978
35980
35982
35983
35984
35984
35984
35985
35985
35986
35986
35986
35987
35988
35989
35989
35989
35991
35992
35995
35998
35998
35998
35998
35999
35999
36000
36004
36005
36006
36006
36007
36009
36009
36009
36010
36010
36011
36012
36013
36013
36013
36014
36014
36015
36016
36017
36019
36019
36019
36021
36022
36023
36023
36024
36025
36025
36029
36029
36030
36031
36033
36033
36033
36035
36037
36037
36040
36042
36043
36044
36044
36047
36048
36048
36049
36051
36059
36060
36060
36061
36063
36064
36064
36064
36065
36065
36065
36065
36066
36069
36070
36071
36072
36073
36074
36075
36076
36076
36078
36079
36080
36082
36084
36084
36084
36086
36087
36087
36088
36090
36091
36092
36093
36094
36095
36096
36098
36099
36100
36100
36107
36108
36108
36109
36113
36114
36114
36114
36116
36116
36116
36117
36118
36118
36120
36121
36121
36122
36123
36123
36125
36128
36131
36133
36133
36134
36134
36134
36136
36137
36137
36138
36138
36139
36140
36141
36143
36144
36145
36145
36145
36146
36149
36150
36151
36152
36152
36152
36153
36154
36155
36156
36158
36159
36159
36164
36165
36166
36166
36168
36168
36168
36168
36169
36170
36171
36174
36181
36185
36186
36186
36186
36188
36188
36190
36190
36190
36193
36194
36195
36195
36195
36196
36196
36197
36197
36199
36199
36200
36200
36201
36204
36205
36205
36206
36208
36209
36209
36210
36212
36213
36216
36217
36218
36218
36218
36220
36220
36221
36223
36226
36226
36228
36230
36231
36232
36233
36234
36235
36235
36235
36236
36237
36237
36238
36240
36243
36245
36246
36247
36248
36249
36250
36250
36252
36252
36252
36253
36253
36254
36256
36258
36258
36258
36258
36258
36260
36261
36263
36263
36264
36264
36264
36266
36267
36268
36271
36272
36272
36272
36275
36277
36277
36278
36278
36279
36284
36285
36290
36290
36290
36291
36292
36292
36292
36293
36295
36295
36295
36296
36296
36297
36299
36299
36299
36300
36300
36301
36301
36301
36302
36303
36304
36304
36305
36305
36308
36309
36309
36310
36310
36311
36311
36312
36312
36314
36315
36316
36321
36326
36327
36327
36328
36328
36330
36331
36331
36331
36333
36333
36334
36334
36334
36334
36335
36336
36336
36337
36337
36337
36339
36339
36341
36342
36342
36343
36344
36344
36345
36346
36347
36347
36349
36349
36350
36351
36351
36352
36353
36353
36358
36362
36363
36363
36365
36366
36368
36368
36370
36371
36371
36371
36372
36373
36374
36375
36375
36375
36376
36377
36378
36379
36379
36379
36380
36381
36384
36384
36386
36387
36392
36393
36394
36396
36397
36398
36399
36399
36399
36400
36400
36401
36406
36406
36407
36408
36408
36408
36408
36409
36411
36411
36413
36413
36414
36414
36417
36417
36419
36420
36421
36425
36429
36429
36430
36430
36430
36431
36431
36432
36432
36432
36436
36436
36437
36437
36438
36438
36444
36445
36449
36450
36453
36453
36455
36457
36457
36458
36458
36460
36461
36462
36463
36463
36463
36463
36464
36464
36465
36465
36466
36466
36468
36470
36471
36471
36472
36473
36474
36476
36476
36477
36477
36477
36479
36482
36484
36484
36485
36485
36486
36487
36488
36488
36490
36492
36493
36494
36495
36497
36498
36498
36499
36500
36502
36502
36502
36503
36507
36509
36509
36513
36513
36515
36515
36516
36517
36517
36519
36520
36520
36522
36524
36525
36525
36530
36530
36530
36530
36533
36534
36537
36540
36541
36541
36542
36542
36544
36545
36546
36546
36547
36548
36549
36551
36551
36551
36552
36554
36554
36554
36555
36556
36557
36559
36561
36562
36563
36565
36565
36566
36566
36567
36567
36569
36570
36570
36572
36572
36573
36573
36574
36575
36575
36576
36576
36580
36580
36581
36581
36582
36584
36585
36586
36586
36586
36587
36588
36588
36589
36589
36591
36592
36592
36595
36598
36600
36603
36605
36607
36608
36608
36609
36610
36611
36611
36612
36612
36613
36613
36614
36616
36620
36621
36623
36623
36625
36626
36627
36628
36629
36629
36631
36633
36633
36634
36637
36640
36642
36643
36644
36645
36645
36646
36646
36646
36647
36649
36650
36653
36654
36655
36656
36657
36659
36660
36661
36662
36662
36663
36664
36665
36666
36667
36667
36668
36672
36672
36674
36676
36680
36680
36680
36681
36682
36682
36683
36683
36683
36684
36685
36687
36687
36687
36688
36689
36689
36693
36694
36695
36695
36697
36698
36699
36699
36699
36699
36700
36701
36702
36703
36703
36705
36706
36706
36707
36707
36708
36709
36709
36715
36716
36716
36717
36717
36717
36718
36718
36719
36719
36721
36722
36722
36722
36723
36723
36723
36724
36725
36728
36729
36729
36731
36733
36734
36734
36737
36739
36742
36743
36744
36746
36746
36746
36747
36747
36748
36749
36751
36753
36754
36756
36757
36758
36760
36763
36765
36766
36766
36769
36769
36770
36771
36772
36773
36774
36774
36775
36775
36776
36776
36777
36782
36782
36782
36782
36783
36784
36784
36787
36789
36791
36791
36792
36793
36793
36793
36796
36797
36797
36797
36797
36800
36801
36802
36802
36804
36804
36805
36808
36810
36810
36811
36811
36812
36812
36813
36813
36817
36817
36818
36821
36822
36822
36822
36823
36823
36823
36825
36827
36828
36829
36831
36834
36834
36834
36835
36836
36836
36837
36837
36838
36839
36841
36842
36845
36845
36845
36847
36848
36849
36849
36849
36850
36851
36854
36855
36857
36859
36860
36861
36863
36864
36866
36866
36868
36868
36869
36871
36872
36872
36873
36873
36873
36874
36874
36875
36875
36877
36877
36878
36878
36879
36880
36884
36884
36884
36887
36889
36890
36890
36891
36891
36892
36893
36893
36893
36894
36896
36898
36898
36898
36900
36900
36902
36904
36907
36908
36911
36911
36916
36917
36919
36920
36920
36924
36927
36927
36927
36928
36930
36932
36933
36933
36933
36935
36935
36936
36937
36937
36938
36940
36941
36942
36942
36944
36946
36947
36947
36948
36951
36951
36952
36954
36956
36956
36957
36957
36959
36960
36960
36961
36963
36964
36964
36965
36966
36967
36970
36970
36972
36973
36975
36976
36977
36977
36978
36978
36979
36982
36982
36984
36984
36985
36987
36990
36991
36992
36993
36994
36994
36994
36996
36997
36997
36998
37000
37000
37001
37002
37002
37002
37003
37003
37004
37005
37006
37006
37010
37011
37011
37011
37011
37014
37018
37020
37020
37021
37022
37022
37022
37022
37024
37024
37025
37026
37026
37026
37026
37028
37028
37028
37029
37029
37031
37031
37033
37036
37036
37036
37037
37037
37037
37038
37039
37040
37041
37045
37046
37046
37047
37048
37048
37050
37050
37053
37061
37061
37061
37065
37066
37067
37068
37068
37068
37069
37069
37070
37071
37072
37073
37073
37074
37078
37078
37079
37080
37080
37081
37082
37082
37082
37082
37083
37083
37083
37084
37084
37085
37085
37086
37086
37088
37090
37091
37094
37094
37095
37096
37097
37097
37098
37098
37098
37099
37101
37102
37107
37107
37107
37107
37109
37110
37111
37111
37113
37114
37114
37114
37115
37115
37115
37116
37118
37120
37121
37122
37122
37123
37126
37127
37128
37129
37129
37133
37133
37135
37136
37137
37138
37141
37143
37144
37147
37148
37149
37149
37151
37154
37154
37154
37156
37157
37158
37160
37160
37162
37164
37164
37165
37165
37166
37166
37167
37168
37168
37169
37170
37172
37172
37177
37178
37179
37179
37179
37180
37180
37180
37183
37184
37184
37185
37186
37186
37187
37188
37188
37188
37189
37190
37190
37190
37191
37192
37193
37194
37195
37196
37197
37198
37199
37200
37200
37201
37202
37202
37202
37203
37203
37204
37205
37205
37208
37208
37209
37209
37210
37211
37211
37214
37214
37215
37216
37217
37217
37217
37217
37217
37219
37219
37220
37220
37222
37222
37224
37225
37225
37225
37228
37232
37234
37234
37234
37235
37236
37237
37238
37239
37239
37239
37239
37241
37242
37243
37245
37245
37248
37251
37251
37252
37254
37255
37259
37260
37260
37262
37262
37263
37263
37263
37263
37267
37269
37270
37271
37271
37272
37272
37272
37273
37274
37275
37275
37275
37277
37278
37284
37285
37286
37287
37290
37291
37291
37291
37293
37293
37294
37295
37296
37298
37300
37303
37304
37305
37306
37307
37307
37308
37308
37309
37309
37309
37312
37316
37316
37316
37316
37317
37318
37319
37326
37326
37329
37330
37332
37336
37338
37339
37340
37341
37344
37345
37345
37348
37349
37350
37351
37354
37355
37356
37357
37359
37359
37360
37361
37367
37368
37368
37369
37370
37371
37371
37371
37373
37373
37374
37374
37376
37376
37379
37379
37380
37381
37384
37384
37386
37386
37386
37387
37387
37388
37389
37389
37390
37391
37391
37391
37393
37395
37396
37396
37396
37396
37397
37398
37399
37400
37404
37405
37406
37408
37408
37410
37410
37413
37414
37416
37416
37418
37418
37419
37419
37421
37421
37422
37423
37424
37424
37426
37426
37427
37428
37428
37433
37434
37435
37435
37436
37437
37437
37438
37438
37441
37441
37442
37443
37443
37446
37446
37447
37447
37449
37449
37449
37450
37451
37451
37452
37452
37454
37454
37457
37459
37460
37462
37462
37463
37463
37464
37468
37470
37471
37471
37472
37472
37473
37474
37474
37477
37477
37477
37478
37481
37483
37484
37489
37490
37491
37492
37493
37494
37494
37496
37497
37498
37499
37500
37501
37501
37501
37502
37502
37503
37503
37504
37504
37504
37506
37508
37508
37508
37509
37509
37509
37510
37510
37510
37511
37517
37517
37519
37519
37520
37520
37521
37521
37522
37523
37525
37525
37528
37528
37530
37532
37534
37537
37538
37539
37542
37543
37543
37544
37546
37547
37547
37547
37548
37548
37548
37549
37549
37550
37552
37552
37552
37554
37556
37558
37559
37560
37561
37562
37565
37565
37566
37566
37568
37569
37569
37575
37575
37578
37578
37580
37581
37581
37581
37582
37584
37584
37584
37585
37585
37586
37587
37588
37588
37588
37589
37590
37591
37591
37593
37599
37600
37601
37606
37610
37611
37612
37612
37615
37618
37618
37620
37622
37623
37623
37624
37626
37626
37627
37628
37631
37632
37632
37633
37634
37635
37635
37637
37638
37639
37640
37644
37646
37647
37647
37649
37649
37650
37650
37652
37653
37654
37656
37657
37657
37657
37657
37658
37659
37659
37661
37665
37665
37669
37669
37670
37670
37673
37673
37674
37674
37675
37675
37677
37678
37678
37678
37679
37680
37680
37681
37684
37685
37686
37689
37689
37690
37691
37694
37696
37696
37697
37698
37699
37699
37699
37703
37703
37704
37705
37706
37707
37708
37708
37709
37710
37710
37711
37711
37711
37712
37713
37714
37715
37715
37717
37717
37718
37718
37719
37721
37723
37723
37724
37724
37726
37727
37728
37728
37728
37728
37728
37728
37729
37729
37729
37730
37732
37733
37734
37735
37735
37736
37737
37737
37737
37739
37740
37741
37741
37743
37743
37743
37744
37744
37744
37747
37750
37751
37751
37753
37754
37756
37756
37757
37758
37758
37758
37759
37759
37759
37759
37760
37761
37762
37762
37763
37764
37764
37766
37768
37770
37770
37771
37772
37772
37774
37775
37775
37775
37776
37777
37777
37778
37778
37779
37779
37780
37780
37782
37783
37784
37785
37785
37789
37791
37791
37792
37794
37794
37794
37794
37798
37800
37800
37801
37801
37802
37802
37802
37803
37803
37804
37804
37806
37807
37810
37811
37812
37814
37815
37815
37816
37817
37818
37819
37820
37820
37820
37822
37822
37823
37823
37824
37826
37826
37828
37828
37830
37830
37830
37830
37831
37832
37832
37833
37834
37836
37837
37837
37837
37838
37842
37843
37843
37844
37844
37846
37847
37848
37848
37851
37851
37852
37852
37854
37854
37854
37856
37857
37858
37859
37859
37863
37864
37866
37868
37869
37871
37872
37874
37874
37878
37878
37878
37879
37881
37881
37882
37882
37886
37888
37889
37889
37890
37890
37891
37893
37893
37893
37893
37894
37895
37896
37896
37897
37898
37901
37901
37904
37907
37908
37909
37909
37910
37910
37911
37912
37912
37912
37914
37915
37915
37915
37916
37916
37917
37918
37918
37920
37920
37923
37923
37923
37924
37924
37925
37927
37927
37930
37930
37931
37932
37933
37933
37933
37935
37935
37936
37939
37939
37940
37940
37941
37944
37944
37944
37945
37945
37945
37947
37948
37948
37948
37948
37948
37948
37949
37949
37951
37952
37952
37953
37955
37956
37958
37958
37959
37959
37959
37959
37961
37962
37968
37970
37973
37973
37973
37973
37974
37974
37975
37975
37978
37979
37979
37979
37981
37982
37982
37984
37985
37986
37986
37987
37988
37990
37990
37995
37996
37996
37997
37997
37998
37998
38003
38004
38004
38006
38011
38012
38012
38014
38014
38014
38014
38015
38016
38018
38018
38019
38020
38020
38023
38023
38024
38024
38025
38026
38026
38027
38027
38028
38029
38030
38030
38030
38030
38033
38033
38034
38036
38036
38037
38038
38039
38040
38040
38040
38041
38043
38045
38046
38046
38048
38048
38049
38050
38050
38052
38053
38054
38054
38055
38055
38056
38058
38060
38060
38062
38065
38066
38067
38067
38068
38069
38069
38071
38073
38073
38074
38075
38075
38076
38078
38079
38080
38080
38082
38082
38082
38085
38087
38088
38088
38088
38088
38088
38090
38090
38091
38092
38092
38093
38093
38093
38094
38095
38099
38099
38099
38101
38101
38104
38105
38105
38106
38106
38109
38109
38109
38110
38110
38113
38113
38113
38113
38114
38115
38119
38119
38119
38120
38121
38121
38121
38123
38123
38124
38124
38124
38125
38125
38125
38127
38128
38131
38132
38132
38133
38134
38136
38138
38140
38140
38140
38141
38142
38143
38147
38148
38148
38148
38153
38157
38157
38157
38157
38157
38158
38160
38162
38162
38163
38163
38164
38164
38166
38168
38171
38172
38172
38172
38173
38174
38174
38175
38176
38177
38177
38178
38178
38179
38180
38181
38182
38182
38183
38183
38183
38185
38186
38186
38187
38188
38190
38192
38193
38193
38193
38195
38196
38198
38198
38199
38201
38201
38202
38202
38203
38204
38204
38204
38205
38206
38208
38210
38213
38215
38219
38220
38225
38226
38227
38227
38230
38232
38232
38233
38234
38234
38234
38235
38236
38236
38237
38239
38240
38240
38241
38243
38244
38244
38245
38245
38246
38247
38248
38248
38248
38250
38251
38253
38254
38254
38254
38254
38255
38257
38258
38259
38259
38261
38263
38265
38267
38269
38271
38271
38272
38272
38273
38275
38275
38277
38278
38278
38279
38280
38280
38281
38283
38285
38286
38289
38289
38291
38295
38295
38296
38298
38298
38299
38299
38300
38301
38302
38303
38305
38306
38307
38313
38316
38316
38316
38317
38317
38317
38317
38320
38321
38321
38322
38322
38322
38323
38323
38324
38326
38327
38328
38330
38331
38333
38333
38333
38335
38335
38335
38336
38336
38336
38337
38338
38339
38339
38340
38340
38340
38341
38342
38342
38343
38345
38346
38346
38347
38348
38351
38351
38352
38353
38354
38355
38355
38358
38359
38359
38361
38362
38362
38363
38363
38364
38364
38365
38367
38367
38368
38371
38371
38373
38373
38373
38374
38374
38375
38377
38379
38380
38380
38380
38381
38382
38382
38383
38383
38383
38383
38384
38385
38386
38389
38390
38391
38392
38393
38393
38394
38395
38397
38397
38400
38400
38402
38402
38403
38403
38408
38411
38411
38412
38413
38413
38413
38415
38415
38417
38418
38420
38422
38424
38424
38425
38425
38425
38426
38426
38426
38427
38428
38429
38431
38433
38434
38434
38436
38437
38437
38437
38437
38438
38440
38440
38441
38442
38443
38443
38443
38443
38444
38444
38445
38445
38445
38447
38448
38449
38450
38450
38452
38452
38453
38453
38455
38455
38457
38457
38458
38458
38459
38460
38462
38463
38463
38464
38466
38467
38468
38470
38470
38471
38471
38472
38473
38473
38473
38473
38474
38475
38475
38476
38476
38476
38477
38479
38481
38481
38481
38481
38481
38483
38483
38483
38484
38486
38486
38486
38487
38487
38487
38488
38489
38491
38491
38491
38492
38495
38495
38496
38497
38497
38497
38498
38499
38500
38501
38502
38502
38503
38503
38506
38506
38506
38507
38508
38509
38509
38509
38509
38510
38510
38510
38512
38513
38513
38515
38515
38515
38518
38518
38518
38519
38520
38520
38521
38522
38522
38522
38523
38524
38524
38524
38524
38525
38526
38527
38528
38530
38530
38530
38531
38533
38533
38535
38535
38536
38537
38539
38540
38542
38542
38543
38544
38546
38547
38548
38549
38549
38549
38550
38550
38551
38555
38555
38556
38556
38557
38558
38558
38559
38561
38562
38564
38565
38566
38566
38567
38569
38569
38569
38570
38570
38572
38572
38573
38573
38574
38574
38575
38575
38576
38577
38577
38579
38579
38582
38582
38584
38587
38588
38588
38590
38591
38592
38593
38595
38595
38595
38596
38596
38598
38598
38598
38598
38599
38599
38599
38600
38600
38601
38605
38605
38610
38611
38611
38612
38613
38615
38616
38616
38616
38616
38618
38618
38618
38620
38621
38621
38625
38625
38626
38627
38627
38630
38630
38630
38631
38631
38632
38632
38633
38634
38637
38641
38642
38643
38644
38644
38646
38646
38647
38647
38647
38647
38647
38648
38654
38655
38656
38657
38659
38662
38663
38664
38664
38665
38667
38668
38669
38669
38671
38671
38671
38673
38674
38675
38675
38677
38678
38679
38679
38680
38680
38681
38683
38684
38684
38685
38685
38687
38687
38689
38690
38691
38692
38693
38693
38694
38695
38695
38696
38696
38697
38698
38699
38699
38700
38700
38701
38702
38703
38707
38710
38712
38713
38715
38717
38717
38717
38717
38718
38718
38719
38720
38720
38721
38721
38722
38722
38724
38726
38727
38728
38730
38731
38733
38733
38733
38734
38734
38735
38735
38735
38736
38738
38738
38739
38741
38742
38744
38745
38746
38746
38748
38748
38750
38753
38754
38754
38754
38756
38756
38757
38758
38758
38758
38759
38759
38760
38761
38761
38763
38764
38765
38766
38766
38767
38769
38769
38770
38770
38771
38771
38771
38771
38771
38774
38774
38774
38775
38775
38775
38778
38779
38779
38780
38782
38782
38784
38784
38787
38787
38791
38793
38793
38794
38795
38796
38797
38798
38799
38799
38800
38801
38801
38803
38803
38808
38808
38809
38810
38812
38813
38815
38816
38816
38817
38818
38818
38819
38820
38820
38822
38827
38828
38829
38829
38830
38831
38832
38832
38834
38835
38835
38835
38836
38837
38837
38838
38839
38841
38845
38847
38848
38848
38849
38849
38850
38850
38850
38852
38853
38853
38854
38854
38855
38856
38856
38857
38858
38860
38861
38861
38861
38861
38863
38863
38864
38864
38865
38865
38868
38868
38868
38869
38870
38870
38873
38875
38875
38876
38877
38877
38878
38878
38878
38880
38882
38883
38884
38885
38886
38886
38890
38890
38894
38894
38894
38894
38894
38895
38896
38898
38899
38899
38900
38901
38901
38902
38902
38905
38906
38907
38908
38908
38908
38909
38909
38910
38911
38911
38911
38913
38913
38913
38914
38917
38918
38918
38919
38920
38920
38921
38922
38923
38923
38923
38925
38925
38926
38927
38927
38927
38927
38928
38929
38929
38931
38934
38937
38938
38941
38942
38942
38943
38943
38944
38945
38946
38948
38948
38952
38953
38953
38953
38953
38955
38956
38957
38957
38958
38960
38961
38964
38968
38968
38968
38969
38969
38970
38971
38972
38973
38974
38975
38979
38980
38980
38981
38981
38983
38983
38985
38985
38985
38987
38989
38990
38992
38992
38994
38997
38997
38999
38999
39001
39002
39004
39005
39007
39007
39009
39009
39010
39011
39013
39013
39013
39014
39014
39015
39016
39016
39018
39019
39019
39020
39020
39021
39022
39025
39026
39026
39027
39028
39028
39029
39030
39030
39031
39031
39032
39034
39036
39036
39036
39037
39038
39040
39040
39041
39042
39042
39042
39044
39044
39045
39045
39048
39049
39049
39049
39050
39051
39052
39052
39053
39054
39055
39057
39058
39059
39059
39060
39062
39063
39068
39069
39069
39069
39069
39071
39074
39078
39078
39078
39079
39080
39080
39081
39081
39082
39083
39084
39086
39086
39087
39088
39089
39091
39091
39092
39092
39093
39093
39094
39094
39095
39097
39098
39098
39099
39099
39099
39100
39100
39102
39103
39104
39106
39107
39109
39110
39110
39111
39111
39113
39113
39114
39116
39117
39119
39120
39120
39121
39122
39125
39126
39129
39130
39132
39132
39132
39135
39136
39136
39137
39137
39139
39140
39141
39142
39142
39144
39145
39147
39147
39148
39148
39149
39152
39156
39157
39158
39158
39158
39159
39161
39162
39163
39165
39169
39172
39173
39174
39174
39174
39174
39176
39177
39178
39178
39178
39179
39183
39183
39183
39184
39184
39185
39186
39187
39188
39190
39191
39192
39192
39193
39193
39194
39195
39197
39197
39199
39200
39200
39205
39205
39206
39208
39209
39210
39214
39214
39214
39216
39216
39217
39218
39218
39218
39221
39221
39223
39224
39224
39226
39227
39228
39229
39229
39231
39231
39232
39232
39232
39233
39234
39235
39236
39237
39239
39239
39239
39240
39240
39242
39243
39244
39245
39247
39249
39250
39250
39251
39252
39256
39256
39256
39257
39258
39260
39260
39261
39261
39262
39262
39264
39264
39266
39266
39267
39267
39267
39268
39269
39270
39270
39270
39271
39271
39271
39273
39274
39274
39275
39283
39284
39284
39286
39287
39288
39288
39292
39293
39293
39296
39296
39297
39297
39297
39301
39301
39302
39303
39304
39305
39307
39309
39310
39312
39312
39313
39314
39314
39316
39316
39316
39316
39317
39318
39318
39319
39319
39320
39321
39322
39323
39323
39324
39325
39325
39326
39327
39327
39327
39328
39328
39329
39330
39330
39332
39332
39335
39335
39336
39338
39339
39340
39342
39343
39344
39344
39345
39347
39347
39348
39348
39349
39349
39350
39352
39352
39355
39355
39357
39357
39359
39360
39361
39362
39362
39362
39363
39369
39369
39369
39370
39373
39373
39374
39375
39376
39377
39379
39379
39380
39382
39382
39383
39384
39385
39385
39385
39387
39387
39388
39389
39390
39391
39392
39393
39393
39394
39396
39396
39397
39398
39398
39398
39399
39399
39401
39402
39402
39404
39404
39404
39404
39405
39405
39407
39408
39409
39409
39410
39411
39411
39411
39411
39412
39412
39412
39412
39415
39417
39419
39420
39421
39422
39424
39426
39426
39427
39428
39428
39428
39428
39428
39428
39428
39430
39432
39436
39436
39437
39439
39439
39440
39440
39441
39445
39445
39445
39446
39447
39448
39450
39450
39450
39453
39453
39454
39454
39455
39456
39456
39458
39459
39459
39462
39464
39466
39467
39471
39472
39474
39474
39474
39474
39475
39475
39477
39484
39484
39484
39484
39485
39486
39486
39488
39488
39490
39490
39491
39492
39492
39492
39493
39494
39495
39496
39497
39504
39505
39507
39507
39507
39508
39510
39511
39512
39513
39514
39515
39516
39516
39518
39519
39522
39523
39524
39525
39530
39530
39530
39531
39532
39533
39535
39536
39537
39537
39538
39538
39539
39541
39542
39542
39543
39544
39544
39545
39545
39546
39547
39548
39548
39548
39549
39549
39551
39551
39552
39552
39553
39553
39556
39557
39558
39558
39558
39559
39560
39562
39564
39564
39565
39565
39565
39566
39567
39567
39567
39568
39569
39570
39570
39573
39574
39575
39575
39577
39577
39578
39578
39582
39582
39583
39584
39584
39584
39586
39587
39587
39588
39588
39590
39590
39591
39591
39591
39592
39594
39596
39599
39599
39601
39601
39602
39602
39603
39603
39603
39603
39603
39604
39606
39607
39608
39609
39611
39612
39613
39613
39613
39613
39613
39615
39616
39620
39624
39625
39627
39628
39630
39630
39631
39631
39631
39632
39635
39636
39637
39638
39638
39638
39639
39639
39641
39641
39644
39644
39645
39647
39647
39647
39648
39650
39650
39651
39652
39653
39654
39655
39656
39656
39657
39658
39658
39661
39662
39663
39663
39666
39666
39668
39668
39668
39671
39673
39673
39676
39677
39678
39678
39680
39680
39683
39683
39683
39685
39686
39687
39688
39689
39690
39691
39691
39692
39692
39693
39694
39695
39695
39697
39698
39698
39700
39700
39701
39701
39701
39702
39702
39702
39703
39704
39707
39708
39708
39708
39709
39710
39711
39711
39712
39712
39713
39715
39715
39718
39719
39720
39721
39723
39723
39723
39723
39724
39727
39727
39731
39732
39733
39734
39734
39735
39735
39737
39737
39738
39739
39741
39742
39742
39742
39743
39743
39745
39749
39749
39750
39751
39752
39754
39755
39756
39757
39760
39761
39761
39762
39763
39763
39764
39765
39766
39767
39767
39768
39769
39770
39770
39773
39774
39775
39776
39776
39777
39777
39781
39781
39782
39783
39785
39786
39786
39786
39787
39788
39790
39790
39792
39792
39794
39794
39795
39796
39797
39797
39798
39802
39802
39803
39804
39805
39808
39810
39811
39811
39812
39813
39814
39816
39816
39816
39817
39820
39820
39821
39821
39821
39821
39823
39824
39825
39825
39826
39826
39827
39828
39828
39831
39831
39832
39833
39834
39836
39839
39840
39840
39840
39843
39843
39845
39845
39846
39846
39847
39847
39847
39848
39849
39850
39855
39856
39856
39857
39857
39858
39858
39859
39861
39861
39861
39861
39863
39863
39864
39866
39867
39868
39868
39868
39872
39872
39875
39876
39876
39876
39880
39881
39881
39881
39881
39882
39883
39885
39885
39886
39886
39886
39887
39888
39890
39891
39891
39892
39893
39893
39895
39897
39899
39899
39899
39900
39900
39901
39902
39903
39903
39904
39905
39909
39909
39909
39911
39912
39912
39913
39913
39914
39915
39915
39917
39917
39918
39919
39919
39923
39924
39925
39926
39927
39927
39927
39928
39928
39929
39930
39930
39930
39930
39931
39932
39932
39933
39933
39935
39936
39937
39938
39945
39946
39946
39948
39949
39949
39950
39951
39951
39954
39955
39955
39955
39955
39956
39957
39958
39958
39962
39962
39964
39965
39965
39966
39967
39967
39967
39969
39971
39971
39972
39973
39975
39975
39977
39979
39980
39981
39983
39985
39986
39987
39988
39990
39992
39993
39994
39995
39995
39996
39996
39997
39998
40002
40003
40003
40003
40004
40007
40008
40009
40011
40011
40012
40014
40014
40015
40015
40017
40018
40019
40020
40021
40022
40022
40026
40026
40027
40029
40029
40030
40031
40031
40032
40032
40035
40037
40037
40038
40038
40039
40039
40042
40042
40043
40043
40044
40045
40047
40049
40050
40052
40052
40053
40055
40056
40056
40056
40057
40057
40057
40058
40058
40059
40060
40061
40062
40064
40064
40066
40066
40070
40070
40070
40071
40071
40073
40073
40073
40074
40076
40078
40080
40082
40082
40083
40084
40085
40086
40090
40091
40092
40094
40095
40096
40097
40098
40098
40099
40099
40102
40104
40104
40105
40106
40106
40106
40108
40108
40109
40109
40110
40110
40112
40112
40114
40114
40114
40115
40115
40116
40118
40118
40119
40120
40120
40121
40122
40122
40122
40123
40124
40124
40125
40126
40128
40130
40131
40131
40132
40132
40133
40139
40139
40139
40140
40144
40146
40146
40148
40148
40149
40151
40151
40153
40154
40156
40156
40157
40160
40161
40162
40163
40164
40165
40165
40166
40166
40167
40168
40169
40171
40173
40175
40175
40175
40176
40177
40178
40179
40180
40180
40180
40180
40181
40182
40184
40185
40185
40186
40187
40188
40188
40190
40191
40192
40192
40192
40194
40197
40197
40198
40199
40200
40203
40204
40205
40205
40206
40206
40207
40209
40212
40212
40213
40215
40215
40215
40216
40217
40218
40218
40219
40219
40220
40220
40222
40224
40224
40224
40225
40228
40229
40230
40234
40234
40234
40235
40235
40236
40237
40238
40238
40240
40240
40240
40241
40242
40243
40244
40245
40245
40246
40247
40248
40249
40250
40250
40251
40252
40253
40253
40254
40254
40255
40255
40255
40256
40256
40256
40259
40260
40262
40263
40264
40265
40265
40265
40266
40266
40266
40268
40270
40271
40271
40273
40273
40273
40275
40275
40275
40275
40276
40277
40279
40279
40280
40282
40282
40282
40283
40283
40284
40284
40288
40291
40294
40295
40298
40298
40298
40299
40300
40301
40301
40302
40302
40303
40303
40305
40305
40307
40308
40309
40310
40310
40311
40312
40313
40313
40317
40318
40320
40323
40323
40324
40326
40327
40330
40332
40334
40334
40334
40335
40335
40336
40336
40338
40339
40340
40344
40344
40344
40345
40348
40349
40353
40354
40355
40356
40356
40356
40356
40358
40359
40360
40362
40362
40362
40363
40366
40367
40368
40369
40370
40372
40372
40372
40373
40374
40374
40376
40376
40377
40377
40379
40380
40381
40382
40383
40386
40387
40387
40388
40388
40388
40389
40390
40391
40392
40394
40395
40395
40395
40398
40399
40399
40401
40403
40404
40406
40406
40407
40409
40409
40410
40410
40411
40412
40413
40413
40415
40417
40420
40421
40422
40422
40423
40423
40423
40427
40427
40430
40430
40431
40432
40434
40437
40437
40438
40439
40440
40440
40440
40441
40445
40446
40446
40446
40447
40447
40448
40448
40448
40448
40449
40449
40450
40450
40451
40452
40452
40454
40454
40455
40455
40455
40456
40457
40457
40463
40466
40466
40469
40470
40470
40470
40471
40473
40474
40475
40479
40481
40483
40484
40485
40486
40488
40488
40491
40491
40495
40495
40496
40496
40497
40498
40499
40499
40499
40500
40501
40502
40504
40504
40504
40505
40505
40506
40507
40507
40509
40509
40510
40510
40510
40511
40511
40512
40512
40513
40514
40515
40516
40516
40517
40517
40519
40521
40521
40522
40522
40522
40523
40524
40525
40526
40527
40527
40527
40527
40528
40528
40528
40528
40528
40530
40530
40531
40532
40532
40533
40533
40540
40542
40542
40543
40545
40549
40550
40550
40551
40552
40552
40553
40554
40555
40556
40558
40559
40562
40562
40562
40563
40563
40563
40564
40565
40566
40566
40567
40568
40568
40568
40569
40570
40571
40571
40571
40572
40572
40573
40574
40575
40576
40577
40579
40581
40582
40582
40582
40582
40586
40587
40588
40589
40590
40591
40592
40592
40593
40594
40595
40595
40595
40598
40598
40598
40599
40602
40604
40604
40604
40604
40605
40605
40606
40607
40609
40609
40610
40610
40610
40610
40612
40613
40613
40617
40617
40617
40619
40620
40620
40620
40622
40622
40624
40626
40626
40626
40627
40628
40628
40629
40630
40631
40631
40635
40636
40636
40637
40637
40637
40638
40638
40638
40641
40642
40642
40643
40645
40645
40649
40655
40656
40657
40658
40662
40662
40662
40662
40663
40663
40664
40664
40664
40665
40665
40666
40667
40668
40671
40672
40672
40674
40675
40675
40675
40676
40676
40677
40678
40680
40681
40684
40684
40686
40686
40686
40688
40688
40689
40689
40690
40692
40693
40693
40694
40697
40700
40703
40703
40704
40704
40705
40706
40708
40710
40711
40712
40712
40712
40713
40713
40714
40714
40715
40716
40717
40718
40719
40720
40720
40721
40721
40723
40724
40724
40726
40727
40727
40729
40729
40729
40732
40734
40735
40735
40736
40736
40736
40738
40739
40739
40741
40741
40742
40743
40743
40744
40744
40745
40747
40749
40751
40752
40753
40754
40754
40755
40757
40757
40758
40760
40760
40760
40761
40761
40762
40763
40764
40764
40764
40765
40765
40766
40766
40767
40767
40768
40769
40770
40771
40771
40772
40772
40773
40775
40777
40778
40778
40780
40780
40780
40781
40782
40782
40784
40784
40784
40786
40787
40790
40791
40791
40792
40792
40792
40792
40792
40793
40793
40793
40793
40795
40795
40796
40796
40796
40797
40798
40800
40804
40804
40805
40806
40806
40808
40809
40809
40810
40811
40811
40811
40812
40814
40818
40818
40818
40823
40824
40826
40827
40828
40828
40828
40828
40828
40831
40834
40834
40834
40836
40837
40837
40837
40838
40842
40842
40844
40844
40845
40850
40850
40852
40852
40853
40854
40854
40855
40855
40856
40856
40858
40859
40859
40860
40861
40863
40863
40866
40866
40868
40868
40869
40869
40871
40872
40872
40874
40875
40876
40877
40877
40880
40881
40882
40884
40885
40885
40886
40887
40887
40888
40888
40889
40889
40891
40892
40893
40893
40894
40894
40895
40898
40898
40900
40900
40901
40903
40903
40903
40903
40904
40904
40905
40906
40907
40907
40909
40914
40916
40916
40916
40916
40917
40920
40920
40921
40921
40921
40922
40923
40924
40924
40925
40925
40927
40927
40927
40929
40929
40930
40933
40935
40937
40938
40940
40940
40943
40944
40948
40948
40948
40948
40948
40949
40949
40950
40951
40952
40952
40953
40954
40954
40956
40958
40958
40959
40962
40966
40966
40967
40967
40967
40967
40968
40968
40970
40971
40972
40972
40973
40973
40973
40973
40975
40976
40976
40976
40977
40978
40979
40979
40982
40982
40983
40983
40983
40985
40985
40985
40990
40991
40994
40996
40996
40996
40997
40997
40999
41000
41000
41005
41007
41007
41008
41009
41009
41010
41010
41010
41011
41013
41016
41017
41020
41020
41021
41026
41026
41029
41029
41031
41032
41032
41034
41035
41035
41036
41036
41037
41037
41038
41038
41039
41039
41041
41041
41042
41042
41043
41044
41045
41046
41048
41049
41049
41050
41050
41053
41056
41057
41058
41059
41060
41060
41060
41062
41063
41064
41065
41067
41068
41068
41068
41068
41069
41070
41071
41073
41074
41074
41076
41077
41078
41078
41079
41079
41080
41081
41082
41083
41084
41085
41087
41087
41088
41088
41090
41090
41091
41091
41094
41094
41094
41097
41098
41099
41099
41099
41101
41101
41101
41102
41103
41106
41110
41111
41111
41112
41112
41113
41113
41114
41114
41114
41115
41115
41117
41117
41119
41122
41122
41124
41125
41125
41125
41127
41127
41129
41130
41132
41134
41138
41139
41139
41139
41139
41140
41140
41140
41142
41142
41142
41143
41144
41144
41145
41146
41146
41148
41148
41149
41149
41150
41151
41151
41151
41151
41152
41153
41155
41157
41158
41158
41160
41160
41160
41160
41162
41163
41163
41163
41164
41164
41165
41166
41166
41167
41169
41170
41171
41171
41172
41174
41176
41177
41177
41179
41180
41183
41185
41186
41186
41187
41187
41191
41192
41196
41197
41197
41198
41201
41203
41205
41205
41206
41210
41211
41212
41212
41215
41216
41217
41218
41219
41220
41221
41223
41224
41225
41225
41225
41225
41226
41229
41229
41231
41232
41232
41233
41234
41234
41235
41235
41235
41235
41236
41239
41239
41239
41240
41241
41244
41246
41246
41246
41249
41249
41249
41250
41251
41251
41251
41251
41253
41253
41253
41254
41254
41254
41256
41257
41257
41257
41259
41259
41260
41261
41262
41263
41265
41266
41267
41268
41269
41269
41270
41271
41271
41271
41273
41275
41275
41277
41280
41281
41282
41283
41284
41285
41286
41286
41287
41288
41289
41290
41290
41291
41292
41296
41298
41300
41301
41301
41301
41301
41301
41301
41303
41303
41304
41305
41305
41305
41307
41307
41310
41311
41312
41313
41315
41317
41317
41318
41318
41320
41323
41324
41327
41329
41330
41330
41331
41331
41331
41332
41334
41335
41337
41339
41343
41346
41346
41347
41347
41348
41348
41348
41349
41351
41351
41352
41353
41353
41353
41353
41353
41354
41354
41354
41355
41355
41356
41356
41358
41358
41359
41359
41360
41362
41363
41364
41366
41367
41368
41368
41369
41369
41371
41375
41375
41375
41377
41377
41378
41379
41379
41384
41385
41387
41389
41390
41390
41391
41391
41392
41393
41394
41395
41396
41397
41398
41398
41399
41405
41405
41405
41406
41408
41408
41408
41410
41410
41410
41410
41411
41412
41412
41417
41422
41422
41423
41424
41426
41427
41430
41432
41433
41433
41434
41434
41435
41436
41436
41437
41438
41438
41439
41439
41440
41442
41442
41443
41446
41446
41447
41448
41449
41449
41450
41451
41454
41457
41458
41459
41460
41461
41461
41462
41463
41463
41463
41469
41473
41475
41475
41477
41479
41480
41482
41482
41483
41484
41486
41486
41490
41490
41491
41491
41491
41492
41492
41493
41494
41494
41495
41495
41498
41501
41501
41502
41504
41504
41508
41509
41510
41511
41511
41512
41513
41513
41514
41514
41514
41516
41518
41518
41518
41519
41519
41520
41520
41524
41527
41527
41528
41529
41530
41531
41532
41532
41533
41533
41534
41535
41535
41535
41536
41538
41538
41539
41539
41539
41540
41542
41543
41545
41545
41546
41548
41548
41550
41551
41552
41552
41553
41553
41554
41554
41555
41556
41556
41556
41560
41561
41562
41562
41563
41564
41566
41567
41567
41568
41568
41569
41570
41571
41572
41572
41573
41575
41576
41577
41577
41577
41578
41578
41579
41581
41581
41581
41581
41581
41582
41583
41586
41586
41587
41587
41589
41590
41590
41591
41591
41593
41593
41595
41595
41596
41597
41597
41598
41599
41599
41600
41601
41602
41603
41604
41604
41604
41606
41607
41608
41610
41610
41610
41612
41613
41615
41616
41619
41620
41621
41622
41623
41623
41624
41626
41626
41626
41627
41628
41628
41632
41634
41635
41636
41636
41636
41638
41640
41640
41641
41642
41643
41644
41645
41646
41647
41648
41649
41650
41651
41652
41654
41657
41657
41659
41660
41660
41662
41662
41663
41663
41664
41665
41666
41667
41669
41670
41670
41670
41672
41672
41673
41673
41673
41673
41674
41675
41678
41679
41679
41681
41682
41682
41684
41684
41684
41686
41688
41688
41688
41688
41689
41689
41691
41692
41692
41694
41697
41697
41698
41698
41699
41699
41702
41703
41704
41704
41704
41705
41706
41707
41707
41709
41709
41709
41710
41712
41713
41714
41714
41715
41715
41715
41717
41718
41719
41719
41721
41725
41726
41728
41731
41733
41734
41735
41738
41738
41740
41742
41743
41744
41745
41745
41746
41746
41749
41750
41753
41756
41757
41758
41762
41762
41763
41766
41767
41768
41768
41770
41770
41772
41773
41774
41774
41775
41776
41776
41777
41778
41778
41780
41782
41782
41783
41784
41786
41786
41790
41790
41791
41791
41794
41796
41796
41799
41799
41802
41802
41803
41803
41804
41805
41806
41807
41808
41809
41810
41810
41810
41810
41810
41811
41811
41812
41812
41813
41815
41817
41818
41819
41819
41820
41820
41821
41822
41822
41823
41824
41824
41824
41825
41825
41825
41825
41825
41826
41828
41830
41831
41832
41832
41833
41834
41834
41834
41835
41836
41836
41837
41838
41841
41842
41842
41844
41844
41846
41846
41847
41849
41849
41851
41852
41852
41852
41854
41856
41860
41860
41861
41861
41862
41862
41862
41862
41863
41865
41866
41866
41868
41868
41869
41869
41870
41872
41872
41874
41874
41875
41876
41877
41880
41881
41881
41883
41884
41884
41884
41884
41885
41885
41887
41890
41890
41892
41894
41895
41895
41897
41898
41898
41898
41899
41902
41903
41908
41909
41911
41912
41912
41913
41913
41913
41915
41916
41917
41917
41919
41920
41920
41921
41923
41923
41924
41925
41927
41931
41932
41934
41934
41935
41936
41937
41938
41938
41939
41939
41940
41944
41945
41945
41947
41947
41948
41948
41949
41950
41952
41952
41954
41956
41956
41957
41959
41959
41959
41961
41961
41962
41963
41963
41965
41967
41967
41968
41969
41970
41971
41972
41972
41972
41973
41973
41973
41973
41975
41977
41977
41978
41978
41979
41980
41980
41980
41980
41981
41982
41984
41984
41985
41986
41986
41987
41987
41989
41990
41991
41993
41994
41994
41994
41994
41994
41995
41995
41996
41996
41996
41997
41998
42000
42003
42004
42007
42009
42011
42012
42013
42014
42015
42015
42016
42016
42017
42017
42018
42018
42019
42019
42019
42020
42021
42024
42025
42026
42027
42029
42030
42033
42034
42035
42036
42038
42038
42039
42039
42039
42040
42042
42043
42045
42047
42048
42053
42055
42056
42057
42058
42059
42059
42063
42064
42064
42067
42068
42068
42068
42070
42071
42072
42073
42073
42074
42076
42079
42080
42080
42081
42081
42083
42084
42084
42085
42085
42087
42087
42089
42089
42090
42091
42091
42093
42093
42093
42094
42095
42097
42097
42097
42097
42097
42098
42099
42101
42102
42102
42104
42105
42105
42106
42106
42106
42109
42111
42112
42113
42114
42116
42116
42119
42125
42125
42129
42129
42130
42131
42131
42132
42133
42133
42134
42135
42135
42135
42137
42137
42139
42139
42139
42141
42142
42143
42145
42148
42148
42149
42149
42150
42150
42150
42151
42155
42156
42157
42158
42159
42160
42160
42162
42166
42166
42166
42166
42166
42167
42167
42168
42169
42171
42171
42173
42175
42176
42176
42176
42177
42178
42179
42182
42182
42183
42184
42186
42187
42188
42188
42189
42190
42190
42193
42196
42196
42197
42198
42200
42200
42202
42202
42203
42203
42205
42206
42207
42208
42209
42212
42213
42214
42214
42215
42215
42216
42219
42219
42220
42224
42225
42225
42225
42225
42226
42227
42228
42231
42231
42238
42238
42238
42241
42242
42245
42245
42250
42251
42251
42251
42253
42253
42256
42256
42257
42258
42258
42264
42264
42265
42265
42268
42268
42269
42271
42272
42272
42274
42275
42275
42275
42276
42276
42279
42281
42281
42286
42286
42287
42289
42289
42289
42290
42292
42293
42293
42294
42294
42294
42295
42295
42295
42297
42297
42298
42299
42300
42302
42302
42304
42304
42305
42306
42306
42306
42307
42308
42313
42313
42314
42314
42315
42315
42315
42315
42316
42317
42317
42318
42318
42319
42319
42320
42320
42321
42321
42324
42325
42325
42326
42328
42328
42329
42329
42330
42330
42331
42334
42334
42335
42338
42339
42340
42341
42341
42341
42343
42345
42345
42348
42349
42352
42353
42353
42355
42355
42356
42357
42357
42358
42358
42358
42361
42363
42364
42365
42366
42366
42366
42367
42367
42368
42369
42370
42372
42373
42376
42379
42381
42382
42383
42384
42384
42385
42386
42387
42387
42387
42388
42388
42389
42389
42389
42389
42390
42390
42393
42393
42393
42393
42393
42393
42394
42395
42397
42398
42399
42400
42402
42403
42403
42403
42404
42405
42405
42406
42408
42410
42410
42411
42413
42414
42414
42414
42414
42415
42416
42416
42417
42417
42417
42418
42424
42424
42424
42425
42426
42426
42426
42427
42428
42428
42430
42430
42432
42432
42433
42433
42434
42434
42434
42437
42437
42437
42438
42438
42439
42439
42440
42443
42444
42445
42446
42446
42447
42447
42447
42448
42448
42448
42449
42451
42451
42452
42453
42454
42456
42456
42456
42457
42457
42458
42459
42459
42459
42460
42460
42462
42462
42465
42465
42466
42466
42467
42468
42471
42471
42472
42473
42474
42474
42474
42477
42477
42478
42481
42481
42482
42482
42483
42483
42485
42485
42486
42487
42487
42489
42490
42490
42490
42490
42491
42492
42492
42493
42493
42495
42497
42497
42498
42501
42503
42504
42505
42506
42506
42507
42509
42509
42510
42510
42510
42511
42514
42515
42515
42515
42516
42518
42519
42521
42522
42522
42524
42526
42526
42526
42527
42527
42528
42529
42530
42534
42535
42538
42540
42543
42544
42544
42545
42546
42546
42546
42548
42549
42550
42551
42551
42552
42552
42553
42553
42554
42555
42555
42555
42557
42557
42557
42558
42558
42558
42558
42560
42561
42563
42563
42564
42566
42568
42570
42571
42572
42573
42574
42574
42574
42575
42576
42577
42580
42580
42580
42580
42581
42586
42587
42588
42589
42589
42590
42590
42590
42591
42591
42592
42594
42594
42594
42595
42596
42596
42597
42598
42598
42599
42602
42603
42604
42604
42604
42605
42605
42607
42607
42608
42610
42611
42611
42613
42614
42614
42615
42618
42619
42621
42621
42622
42623
42624
42624
42625
42626
42629
42629
42631
42631
42632
42635
42635
42636
42637
42638
42638
42639
42639
42641
42641
42643
42645
42646
42646
42647
42647
42647
42648
42651
42651
42652
42652
42653
42657
42657
42659
42659
42659
42661
42662
42662
42663
42664
42664
42666
42666
42666
42666
42668
42669
42672
42673
42674
42675
42675
42676
42677
42678
42679
42680
42680
42681
42681
42683
42684
42684
42684
42685
42686
42687
42687
42688
42688
42690
42690
42691
42691
42691
42693
42693
42694
42694
42695
42698
42699
42700
42700
42700
42701
42702
42703
42704
42705
42707
42707
42708
42709
42709
42710
42712
42712
42713
42714
42715
42717
42719
42720
42722
42723
42724
42726
42727
42728
42728
42729
42730
42730
42732
42733
42733
42735
42735
42736
42736
42737
42738
42740
42741
42741
42741
42742
42742
42743
42744
42745
42746
42749
42750
42752
42753
42754
42754
42757
42758
42758
42759
42759
42760
42762
42764
42765
42766
42766
42766
42766
42767
42767
42769
42771
42771
42771
42772
42774
42775
42776
42777
42778
42778
42780
42783
42785
42787
42789
42793
42795
42796
42796
42798
42799
42799
42800
42803
42805
42806
42808
42808
42809
42810
42812
42812
42813
42813
42813
42813
42814
42814
42815
42817
42818
42818
42820
42823
42825
42826
42827
42828
42829
42831
42833
42833
42833
42834
42836
42837
42838
42840
42842
42843
42844
42845
42845
42846
42847
42847
42847
42847
42847
42849
42849
42850
42852
42852
42852
42853
42853
42854
42855
42856
42857
42858
42858
42859
42860
42861
42861
42863
42864
42864
42865
42865
42865
42866
42866
42867
42868
42868
42868
42868
42868
42869
42870
42871
42871
42873
42873
42873
42875
42876
42876
42877
42880
42880
42881
42883
42883
42883
42885
42888
42888
42889
42889
42891
42893
42894
42894
42895
42895
42896
42896
42896
42898
42899
42899
42901
42902
42904
42905
42907
42909
42909
42909
42909
42910
42910
42911
42912
42914
42915
42915
42917
42918
42919
42919
42919
42922
42922
42925
42926
42927
42927
42928
42929
42930
42930
42932
42932
42936
42936
42937
42937
42938
42938
42940
42940
42941
42942
42943
42943
42945
42946
42949
42950
42951
42954
42954
42954
42955
42955
42956
42958
42959
42962
42963
42964
42964
42965
42966
42967
42967
42968
42968
42970
42970
42971
42972
42974
42975
42975
42977
42977
42978
42980
42983
42983
42985
42986
42987
42987
42987
42988
42989
42989
42990
42992
42994
42995
42996
42998
42998
43001
43002
43004
43004
43007
43010
43010
43011
43012
43012
43012
43013
43016
43020
43020
43021
43025
43027
43027
43027
43027
43029
43030
43030
43031
43033
43034
43035
43035
43036
43036
43037
43039
43040
43041
43041
43042
43044
43045
43046
43047
43048
43050
43051
43051
43052
43052
43053
43053
43053
43054
43057
43057
43058
43058
43061
43062
43063
43063
43065
43067
43067
43067
43068
43069
43070
43071
43073
43074
43074
43075
43077
43078
43078
43078
43079
43080
43080
43081
43082
43083
43083
43084
43086
43086
43086
43087
43088
43088
43090
43092
43094
43095
43098
43098
43098
43099
43099
43100
43100
43101
43101
43102
43102
43103
43104
43106
43106
43107
43108
43109
43109
43113
43114
43115
43116
43117
43117
43118
43120
43120
43121
43121
43122
43122
43123
43123
43125
43126
43127
43129
43129
43130
43130
43130
43130
43134
43135
43136
43137
43137
43138
43138
43138
43141
43142
43142
43143
43144
43145
43145
43145
43150
43151
43151
43151
43152
43154
43154
43154
43154
43155
43155
43155
43156
43159
43160
43162
43163
43163
43165
43167
43169
43170
43170
43171
43171
43173
43174
43174
43175
43175
43175
43176
43176
43177
43179
43181
43181
43181
43182
43182
43183
43186
43187
43189
43190
43190
43190
43190
43191
43191
43192
43194
43194
43194
43195
43195
43196
43196
43196
43203
43204
43204
43205
43206
43206
43210
43210
43210
43210
43210
43212
43212
43213
43214
43215
43217
43217
43218
43218
43220
43221
43223
43225
43225
43225
43227
43227
43227
43228
43231
43235
43235
43235
43235
43236
43237
43238
43239
43240
43243
43243
43245
43246
43246
43248
43249
43251
43251
43251
43255
43255
43257
43258
43261
43264
43265
43266
43266
43271
43271
43272
43272
43273
43274
43276
43276
43278
43278
43281
43281
43283
43283
43285
43285
43285
43287
43289
43289
43289
43289
43292
43292
43293
43293
43294
43295
43296
43298
43298
43298
43299
43299
43300
43300
43301
43305
43306
43307
43307
43308
43309
43312
43312
43313
43315
43315
43315
43316
43319
43319
43321
43322
43323
43323
43324
43325
43326
43326
43326
43326
43326
43328
43328
43329
43329
43329
43331
43333
43334
43338
43338
43338
43339
43340
43341
43341
43342
43342
43342
43346
43348
43349
43351
43352
43356
43358
43360
43361
43364
43368
43370
43370
43373
43375
43378
43378
43378
43379
43381
43382
43383
43385
43388
43388
43389
43390
43391
43391
43393
43394
43394
43394
43397
43397
43398
43401
43401
43404
43406
43406
43406
43407
43407
43408
43409
43409
43410
43411
43411
43412
43414
43414
43414
43418
43418
43419
43420
43421
43422
43422
43425
43425
43425
43426
43428
43428
43429
43435
43437
43438
43440
43441
43442
43444
43445
43446
43446
43448
43448
43450
43454
43454
43456
43457
43457
43457
43459
43460
43461
43461
43461
43463
43463
43464
43464
43467
43468
43469
43469
43469
43470
43471
43471
43474
43474
43475
43475
43475
43480
43481
43481
43481
43482
43482
43482
43483
43485
43485
43486
43486
43487
43494
43495
43495
43496
43496
43498
43498
43499
43500
43500
43500
43501
43503
43506
43506
43507
43508
43508
43508
43510
43510
43511
43511
43511
43512
43514
43514
43516
43516
43516
43518
43519
43522
43523
43524
43524
43524
43525
43525
43527
43527
43528
43528
43528
43529
43532
43533
43534
43534
43535
43536
43536
43536
43536
43537
43540
43542
43543
43543
43544
43544
43546
43548
43548
43549
43550
43550
43552
43554
43555
43555
43555
43557
43557
43557
43559
43560
43561
43562
43562
43563
43563
43564
43564
43565
43567
43568
43569
43569
43570
43570
43573
43575
43578
43578
43579
43579
43580
43582
43582
43583
43584
43586
43586
43586
43586
43587
43587
43590
43591
43591
43591
43592
43592
43593
43595
43599
43602
43602
43605
43606
43607
43611
43613
43613
43615
43616
43618
43619
43620
43620
43621
43622
43622
43622
43623
43623
43624
43624
43625
43625
43626
43626
43627
43627
43627
43628
43629
43630
43630
43630
43631
43632
43632
43633
43634
43634
43634
43635
43636
43639
43640
43640
43643
43645
43647
43649
43650
43650
43650
43651
43652
43652
43653
43653
43654
43655
43655
43656
43656
43659
43660
43661
43663
43663
43665
43665
43667
43668
43669
43669
43670
43672
43672
43674
43674
43676
43676
43676
43677
43677
43678
43679
43679
43681
43681
43682
43683
43686
43687
43687
43688
43689
43690
43691
43692
43692
43694
43699
43699
43702
43704
43704
43708
43709
43709
43709
43709
43711
43711
43711
43712
43712
43713
43713
43713
43714
43714
43716
43717
43719
43720
43720
43721
43721
43723
43724
43724
43726
43726
43727
43727
43728
43728
43731
43732
43733
43733
43734
43735
43737
43743
43743
43743
43744
43744
43744
43745
43747
43747
43747
43748
43749
43749
43750
43750
43751
43753
43756
43757
43758
43759
43760
43760
43761
43761
43762
43763
43763
43766
43766
43767
43767
43767
43769
43769
43769
43771
43771
43772
43774
43775
43775
43776
43777
43782
43782
43783
43784
43787
43788
43789
43790
43790
43790
43791
43792
43793
43793
43794
43794
43794
43795
43796
43798
43798
43799
43799
43800
43801
43801
43802
43804
43804
43805
43812
43813
43813
43815
43816
43818
43818
43819
43819
43820
43821
43821
43821
43822
43823
43823
43823
43826
43826
43827
43828
43828
43830
43830
43830
43831
43833
43833
43833
43836
43837
43840
43842
43842
43844
43844
43845
43845
43845
43846
43846
43848
43848
43850
43851
43851
43852
43852
43852
43853
43853
43856
43856
43857
43857
43859
43861
43862
43862
43864
43864
43864
43865
43865
43867
43868
43868
43869
43871
43871
43874
43876
43876
43876
43877
43880
43883
43883
43884
43884
43885
43887
43887
43887
43888
43890
43893
43894
43894
43894
43895
43895
43896
43899
43899
43900
43900
43900
43900
43901
43901
43903
43904
43904
43907
43907
43908
43908
43911
43913
43913
43914
43915
43915
43921
43922
43924
43924
43924
43924
43925
43930
43932
43932
43934
43934
43935
43935
43935
43938
43940
43941
43942
43942
43944
43944
43945
43945
43947
43950
43950
43950
43952
43952
43952
43953
43958
43960
43962
43963
43966
43966
43967
43968
43968
43969
43971
43972
43976
43977
43978
43979
43980
43981
43984
43984
43985
43986
43989
43989
43992
43992
43994
43994
43997
43999
43999
44000
44002
44002
44004
44005
44006
44007
44007
44008
44009
44010
44011
44013
44014
44015
44015
44016
44016
44017
44018
44018
44019
44019
44019
44020
44021
44024
44024
44028
44028
44029
44029
44029
44029
44030
44030
44031
44032
44033
44035
44036
44036
44038
44038
44039
44040
44041
44041
44042
44042
44042
44044
44044
44045
44046
44047
44047
44047
44048
44048
44049
44049
44050
44051
44051
44052
44052
44055
44055
44055
44056
44058
44061
44062
44064
44064
44065
44065
44069
44071
44071
44072
44072
44072
44074
44074
44075
44077
44078
44078
44078
44078
44079
44080
44082
44082
44083
44084
44086
44086
44086
44086
44087
44088
44088
44089
44090
44090
44090
44091
44092
44094
44096
44100
44102
44102
44103
44103
44103
44105
44105
44108
44108
44108
44110
44110
44111
44113
44113
44114
44114
44114
44115
44116
44116
44116
44117
44117
44118
44120
44121
44121
44122
44124
44124
44124
44124
44126
44126
44128
44130
44133
44134
44139
44140
44142
44143
44144
44144
44145
44150
44151
44152
44152
44153
44154
44157
44157
44157
44158
44159
44159
44159
44159
44160
44162
44162
44163
44163
44166
44166
44167
44169
44169
44170
44170
44170
44172
44172
44175
44175
44176
44177
44179
44180
44181
44185
44185
44187
44188
44188
44189
44191
44194
44194
44194
44195
44197
44197
44197
44198
44199
44199
44200
44201
44203
44204
44205
44206
44206
44207
44208
44208
44208
44209
44209
44209
44210
44212
44212
44213
44215
44216
44216
44217
44218
44219
44219
44222
44222
44222
44223
44225
44225
44226
44227
44228
44228
44231
44232
44234
44234
44236
44237
44237
44238
44240
44241
44242
44243
44244
44245
44245
44245
44246
44247
44248
44248
44248
44248
44250
44251
44253
44253
44253
44254
44255
44257
44258
44258
44259
44262
44263
44263
44263
44264
44264
44265
44265
44265
44265
44266
44266
44268
44269
44269
44275
44275
44276
44277
44278
44279
44280
44280
44281
44281
44283
44284
44284
44286
44287
44287
44288
44289
44293
44293
44293
44296
44300
44301
44301
44305
44305
44307
44307
44308
44309
44310
44311
44312
44312
44313
44313
44313
44315
44315
44315
44315
44317
44318
44318
44318
44319
44320
44321
44321
44321
44321
44323
44324
44325
44326
44326
44326
44327
44327
44327
44327
44329
44329
44330
44331
44331
44331
44332
44333
44333
44333
44335
44335
44340
44341
44341
44342
44346
44347
44350
44351
44351
44351
44353
44354
44355
44355
44356
44357
44358
44358
44358
44358
44358
44359
44359
44360
44362
44363
44363
44366
44368
44369
44370
44371
44374
44376
44376
44376
44377
44377
44378
44378
44379
44379
44379
44379
44380
44380
44380
44380
44381
44381
44381
44381
44383
44383
44383
44384
44384
44384
44385
44387
44388
44389
44389
44389
44391
44391
44392
44394
44394
44394
44395
44395
44397
44399
44399
44400
44401
44402
44403
44407
44408
44409
44409
44411
44411
44411
44412
44412
44413
44413
44414
44415
44415
44416
44419
44419
44419
44421
44421
44423
44423
44424
44425
44427
44428
44429
44429
44429
44430
44430
44432
44434
44437
44438
44438
44439
44440
44442
44443
44444
44444
44444
44444
44445
44451
44451
44452
44455
44457
44457
44457
44458
44460
44461
44461
44462
44462
44464
44465
44466
44467
44467
44468
44470
44471
44471
44475
44475
44475
44476
44477
44477
44478
44479
44482
44482
44484
44486
44488
44488
44489
44490
44492
44492
44493
44493
44494
44494
44497
44498
44498
44499
44501
44501
44502
44504
44505
44507
44507
44508
44509
44509
44510
44510
44511
44512
44512
44513
44513
44515
44516
44517
44519
44519
44520
44520
44521
44521
44522
44523
44525
44525
44527
44528
44528
44530
44533
44535
44536
44537
44537
44538
44540
44542
44542
44543
44544
44545
44546
44547
44548
44548
44548
44548
44550
44552
44552
44553
44553
44554
44555
44556
44556
44557
44557
44557
44559
44559
44559
44560
44560
44560
44560
44560
44562
44562
44562
44562
44562
44564
44564
44565
44567
44567
44568
44568
44569
44570
44570
44573
44574
44574
44576
44581
44582
44582
44585
44586
44588
44590
44592
44592
44593
44593
44595
44596
44597
44598
44600
44600
44602
44603
44604
44604
44604
44606
44606
44607
44607
44609
44609
44609
44609
44610
44610
44611
44612
44613
44613
44614
44614
44614
44615
44615
44615
44616
44619
44620
44620
44621
44622
44626
44628
44629
44629
44633
44633
44634
44636
44637
44637
44638
44640
44640
44641
44643
44643
44646
44646
44646
44647
44647
44649
44649
44653
44654
44654
44654
44655
44656
44657
44657
44658
44659
44660
44660
44660
44662
44665
44666
44666
44667
44667
44669
44670
44670
44675
44676
44676
44677
44679
44680
44680
44681
44681
44682
44682
44683
44683
44683
44683
44685
44685
44686
44686
44686
44687
44687
44690
44691
44693
44693
44694
44694
44696
44697
44697
44697
44697
44701
44704
44704
44705
44706
44707
44708
44708
44710
44711
44711
44712
44712
44715
44716
44717
44718
44718
44720
44721
44721
44722
44723
44724
44725
44726
44727
44729
44731
44732
44734
44736
44736
44737
44738
44740
44743
44744
44745
44745
44747
44747
44747
44748
44750
44753
44755
44759
44761
44763
44763
44767
44768
44769
44769
44771
44773
44778
44778
44780
44780
44781
44782
44782
44782
44783
44784
44785
44786
44787
44789
44789
44790
44790
44793
44793
44793
44794
44796
44798
44799
44801
44805
44806
44807
44809
44810
44811
44813
44813
44813
44814
44816
44816
44818
44819
44819
44820
44820
44820
44821
44822
44822
44824
44824
44826
44826
44826
44828
44829
44832
44833
44834
44836
44838
44838
44840
44840
44841
44842
44842
44842
44842
44845
44845
44847
44847
44847
44849
44849
44850
44851
44852
44852
44852
44855
44856
44856
44856
44857
44858
44859
44859
44860
44860
44860
44860
44861
44861
44862
44862
44862
44863
44865
44867
44867
44868
44868
44869
44871
44871
44875
44875
44875
44878
44878
44881
44882
44884
44884
44885
44885
44885
44886
44887
44887
44887
44887
44890
44890
44890
44891
44892
44893
44894
44894
44895
44899
44900
44901
44902
44902
44903
44905
44905
44906
44906
44906
44907
44907
44908
44908
44909
44910
44915
44915
44915
44919
44920
44920
44921
44924
44924
44925
44925
44926
44927
44929
44929
44930
44930
44931
44931
44933
44935
44935
44936
44939
44940
44940
44940
44940
44942
44943
44947
44948
44948
44948
44950
44950
44954
44955
44955
44956
44958
44959
44961
44962
44962
44962
44964
44964
44967
44967
44968
44970
44970
44972
44974
44976
44976
44977
44978
44981
44981
44981
44983
44984
44984
44984
44986
44986
44987
44987
44988
44989
44990
44994
44995
44996
44996
44996
44998
44998
44999
44999
44999
45000
45000
45000
45001
45002
45002
45007
45008
45009
45009
45010
45011
45012
45013
45014
45014
45015
45016
45017
45017
45018
45018
45019
45020
45020
45021
45024
45024
45025
45026
45026
45028
45029
45030
45032
45032
45033
45034
45034
45035
45036
45040
45041
45043
45044
45045
45045
45046
45046
45047
45047
45048
45048
45051
45051
45051
45060
45060
45061
45063
45063
45063
45068
45069
45073
45073
45074
45075
45076
45076
45076
45076
45076
45077
45077
45077
45078
45078
45079
45079
45082
45082
45083
45084
45085
45085
45087
45087
45088
45088
45089
45091
45092
45094
45094
45095
45095
45095
45095
45096
45096
45096
45097
45098
45100
45104
45104
45106
45106
45108
45108
45108
45110
45110
45112
45113
45113
45116
45116
45119
45119
45119
45120
45122
45124
45124
45129
45129
45129
45131
45131
45133
45133
45134
45137
45137
45140
45140
45140
45140
45142
45143
45148
45148
45149
45150
45152
45153
45155
45156
45156
45157
45157
45158
45159
45159
45159
45159
45160
45160
45161
45161
45163
45163
45164
45164
45165
45165
45165
45166
45167
45167
45169
45169
45169
45169
45170
45170
45170
45172
45172
45173
45174
45175
45176
45177
45178
45180
45180
45181
45181
45182
45182
45187
45187
45188
45188
45188
45190
45191
45191
45191
45192
45193
45193
45193
45196
45197
45198
45198
45199
45199
45200
45200
45201
45203
45204
45205
45207
45207
45209
45211
45211
45214
45214
45214
45214
45215
45216
45216
45217
45217
45218
45219
45220
45221
45222
45223
45223
45223
45224
45224
45225
45226
45226
45227
45228
45228
45228
45230
45230
45233
45233
45235
45236
45236
45237
45239
45243
45245
45246
45247
45249
45249
45250
45251
45251
45252
45252
45255
45256
45256
45257
45258
45258
45258
45259
45261
45263
45263
45264
45266
45271
45273
45274
45274
45274
45275
45276
45277
45280
45280
45282
45283
45283
45284
45284
45285
45285
45287
45288
45289
45289
45290
45291
45291
45296
45296
45297
45298
45299
45302
45302
45303
45305
45305
45306
45307
45308
45309
45309
45309
45310
45313
45313
45313
45313
45315
45315
45316
45317
45317
45318
45320
45320
45322
45324
45325
45325
45330
45330
45332
45334
45334
45335
45337
45337
45338
45339
45341
45341
45341
45341
45342
45342
45344
45344
45344
45344
45349
45349
45351
45351
45351
45353
45354
45354
45355
45355
45356
45362
45362
45363
45364
45364
45364
45365
45367
45368
45370
45370
45371
45372
45374
45375
45375
45376
45376
45376
45378
45380
45381
45385
45386
45386
45386
45386
45387
45388
45388
45390
45390
45390
45393
45393
45394
45395
45395
45399
45401
45402
45402
45404
45405
45405
45406
45407
45408
45408
45408
45408
45409
45411
45412
45415
45417
45417
45418
45418
45423
45423
45424
45424
45424
45424
45425
45425
45427
45429
45430
45430
45431
45434
45435
45436
45437
45437
45437
45438
45438
45441
45443
45446
45447
45448
45448
45451
45452
45452
45453
45453
45453
45454
45455
45455
45459
45459
45460
45461
45463
45464
45465
45466
45467
45467
45467
45468
45468
45470
45470
45472
45473
45476
45476
45478
45478
45479
45480
45481
45484
45484
45485
45486
45486
45490
45490
45491
45495
45495
45495
45496
45496
45497
45499
45500
45501
45502
45503
45507
45508
45510
45511
45511
45512
45512
45513
45518
45518
45520
45520
45522
45524
45525
45526
45529
45531
45532
45533
45534
45534
45534
45535
45536
45536
45537
45537
45538
45538
45542
45542
45545
45547
45548
45549
45549
45551
45552
45554
45555
45555
45555
45556
45560
45561
45562
45562
45564
45565
45566
45566
45568
45568
45570
45570
45571
45571
45573
45576
45577
45578
45579
45579
45581
45583
45584
45584
45584
45586
45588
45589
45589
45590
45592
45592
45592
45592
45595
45595
45596
45596
45599
45600
45601
45602
45602
45603
45604
45604
45604
45605
45607
45608
45609
45610
45611
45612
45613
45614
45614
45615
45615
45616
45617
45619
45619
45620
45621
45621
45622
45622
45625
45625
45628
45628
45629
45631
45631
45632
45637
45637
45637
45637
45639
45642
45644
45644
45645
45647
45647
45648
45650
45651
45652
45653
45655
45657
45657
45659
45662
45662
45664
45664
45665
45666
45667
45667
45668
45668
45670
45671
45671
45671
45671
45673
45674
45675
45676
45677
45677
45679
45681
45682
45682
45683
45685
45689
45690
45690
45691
45696
45697
45699
45699
45701
45701
45701
45702
45703
45704
45704
45706
45706
45708
45711
45711
45712
45712
45713
45714
45715
45715
45718
45721
45724
45724
45725
45726
45727
45728
45732
45732
45736
45736
45736
45738
45738
45738
45739
45742
45744
45745
45747
45749
45749
45750
45752
45756
45756
45757
45758
45758
45758
45759
45760
45762
45763
45763
45763
45763
45764
45765
45765
45765
45767
45767
45768
45769
45770
45770
45771
45771
45772
45776
45777
45778
45779
45780
45780
45780
45781
45783
45783
45785
45785
45787
45787
45787
45788
45789
45789
45790
45791
45794
45794
45795
45795
45796
45797
45798
45799
45801
45802
45803
45804
45805
45807
45808
45808
45809
45809
45809
45810
45810
45811
45812
45812
45812
45812
45813
45814
45816
45816
45818
45819
45821
45825
45825
45825
45825
45826
45828
45830
45830
45830
45830
45830
45830
45831
45831
45831
45832
45833
45833
45835
45835
45838
45839
45842
45842
45844
45845
45845
45846
45846
45847
45848
45849
45851
45853
45854
45854
45854
45854
45856
45860
45861
45862
45866
45867
45867
45868
45869
45870
45871
45873
45873
45875
45876
45881
45883
45883
45883
45885
45885
45885
45888
45890
45890
45890
45892
45893
45896
45897
45898
45898
45900
45900
45900
45900
45900
45900
45902
45902
45902
45903
45904
45905
45905
45906
45909
45910
45910
45912
45915
45916
45917
45920
45921
45922
45924
45926
45926
45926
45928
45930
45930
45931
45932
45932
45932
45933
45933
45933
45933
45934
45934
45937
45938
45938
45941
45942
45942
45943
45945
45946
45948
45949
45950
45951
45952
45953
45954
45955
45955
45955
45955
45957
45959
45959
45960
45960
45963
45964
45966
45967
45968
45970
45970
45971
45973
45973
45973
45974
45974
45974
45978
45979
45979
45982
45984
45988
45989
45991
45992
45992
45993
45993
45995
45996
45996
45997
45997
45997
45998
45999
45999
46001
46001
46001
46002
46002
46007
46008
46008
46010
46014
46015
46018
46020
46022
46023
46024
46024
46024
46025
46027
46028
46028
46028
46029
46030
46032
46033
46034
46035
46036
46036
46036
46038
46038
46040
46042
46042
46044
46044
46045
46047
46048
46048
46049
46051
46058
46058
46059
46060
46060
46061
46061
46062
46063
46063
46064
46064
46064
46064
46064
46068
46068
46068
46069
46071
46072
46075
46075
46075
46076
46077
46077
46078
46078
46081
46081
46083
46084
46087
46087
46089
46089
46091
46091
46092
46093
46097
46098
46099
46100
46100
46101
46101
46103
46104
46106
46106
46107
46110
46111
46111
46111
46112
46113
46114
46114
46115
46117
46119
46120
46121
46121
46122
46125
46127
46127
46132
46133
46133
46135
46137
46138
46139
46139
46140
46141
46141
46141
46142
46142
46143
46143
46144
46144
46144
46145
46145
46146
46146
46146
46147
46147
46148
46150
46151
46153
46154
46154
46156
46157
46157
46159
46159
46159
46163
46163
46163
46164
46165
46166
46167
46167
46170
46171
46172
46173
46173
46173
46174
46174
46178
46179
46181
46182
46184
46185
46187
46187
46189
46190
46190
46190
46192
46193
46194
46195
46196
46196
46196
46197
46197
46199
46199
46200
46200
46202
46204
46204
46204
46206
46207
46208
46209
46211
46211
46212
46213
46215
46216
46216
46217
46219
46220
46221
46223
46223
46223
46223
46223
46224
46225
46227
46227
46229
46229
46233
46234
46234
46235
46236
46238
46238
46239
46240
46240
46241
46242
46245
46246
46247
46247
46248
46249
46249
46251
46253
46253
46253
46255
46258
46259
46261
46262
46262
46262
46264
46264
46266
46267
46267
46268
46269
46269
46269
46270
46270
46271
46271
46271
46272
46273
46273
46275
46278
46278
46280
46281
46282
46284
46284
46285
46285
46286
46287
46287
46289
46290
46291
46293
46293
46295
46297
46297
46300
46303
46303
46305
46309
46310
46310
46310
46313
46313
46313
46313
46315
46315
46317
46318
46319
46320
46321
46323
46323
46323
46323
46325
46326
46327
46327
46328
46329
46330
46331
46331
46332
46333
46337
46337
46339
46341
46341
46341
46345
46346
46346
46347
46348
46348
46348
46350
46350
46350
46351
46351
46351
46351
46353
46353
46353
46353
46354
46356
46356
46360
46361
46362
46363
46364
46365
46366
46366
46367
46367
46368
46369
46370
46374
46374
46377
46379
46379
46379
46384
46385
46385
46386
46387
46390
46391
46392
46393
46394
46396
46397
46398
46399
46400
46401
46401
46402
46403
46406
46406
46407
46408
46408
46409
46412
46412
46413
46414
46415
46416
46417
46417
46418
46420
46421
46421
46422
46423
46424
46425
46426
46427
46428
46429
46429
46431
46431
46433
46435
46435
46436
46437
46437
46440
46443
46443
46447
46447
46448
46451
46451
46451
46452
46452
46455
46456
46456
46458
46460
46460
46461
46462
46463
46464
46464
46464
46467
46467
46470
46470
46471
46474
46474
46479
46479
46480
46481
46484
46484
46485
46486
46486
46486
46486
46487
46490
46492
46494
46494
46496
46496
46497
46498
46500
46500
46501
46502
46502
46504
46505
46506
46507
46508
46509
46511
46513
46513
46514
46514
46514
46515
46515
46516
46517
46519
46519
46523
46523
46526
46526
46529
46529
46530
46530
46531
46532
46532
46535
46539
46540
46542
46544
46544
46544
46545
46545
46545
46546
46546
46548
46548
46549
46551
46551
46553
46556
46556
46557
46558
46560
46560
46560
46562
46565
46565
46567
46570
46570
46570
46571
46573
46574
46576
46576
46576
46577
46579
46580
46581
46581
46582
46584
46584
46585
46587
46587
46588
46589
46589
46589
46590
46593
46594
46595
46597
46597
46598
46599
46600
46601
46601
46602
46603
46604
46605
46606
46606
46608
46608
46608
46609
46609
46610
46610
46611
46611
46611
46611
46613
46614
46614
46614
46616
46617
46617
46619
46620
46623
46623
46623
46624
46625
46625
46626
46628
46628
46628
46629
46629
46631
46632
46632
46632
46633
46635
46637
46637
46638
46638
46638
46639
46639
46640
46643
46644
46644
46650
46651
46653
46654
46655
46656
46657
46657
46659
46660
46660
46660
46660
46661
46661
46663
46664
46664
46665
46665
46666
46666
46667
46667
46670
46671
46671
46673
46673
46675
46675
46675
46677
46680
46680
46682
46682
46682
46682
46683
46683
46685
46685
46686
46687
46690
46691
46691
46692
46693
46695
46698
46698
46699
46699
46702
46703
46704
46704
46705
46706
46709
46709
46709
46710
46710
46713
46714
46715
46716
46717
46717
46719
46719
46720
46720
46722
46723
46724
46725
46727
46731
46731
46733
46733
46734
46735
46737
46738
46739
46739
46740
46741
46742
46742
46743
46743
46744
46744
46746
46748
46749
46749
46751
46752
46752
46752
46753
46754
46755
46755
46757
46758
46759
46761
46762
46763
46763
46763
46765
46766
46767
46767
46768
46768
46770
46771
46771
46773
46774
46774
46776
46776
46777
46779
46782
46783
46785
46786
46786
46787
46788
46788
46789
46789
46792
46792
46792
46795
46797
46797
46797
46800
46801
46801
46802
46802
46802
46807
46808
46809
46809
46809
46810
46810
46810
46811
46815
46816
46819
46819
46820
46821
46821
46822
46824
46825
46825
46825
46826
46826
46827
46829
46829
46829
46830
46830
46832
46833
46835
46838
46839
46839
46842
46842
46843
46844
46847
46848
46849
46851
46852
46852
46854
46859
46860
46862
46862
46864
46865
46866
46867
46868
46870
46871
46871
46872
46874
46874
46874
46875
46876
46878
46879
46880
46882
46883
46883
46884
46884
46885
46888
46888
46891
46892
46892
46894
46894
46894
46895
46898
46898
46899
46899
46900
46901
46901
46903
46904
46904
46904
46905
46906
46907
46907
46908
46909
46910
46910
46911
46911
46913
46913
46914
46915
46915
46916
46916
46916
46917
46917
46917
46918
46919
46920
46921
46924
46924
46925
46926
46927
46927
46927
46927
46928
46928
46929
46930
46932
46933
46933
46934
46936
46939
46940
46941
46942
46942
46943
46943
46944
46944
46945
46945
46947
46948
46950
46950
46952
46952
46955
46955
46956
46957
46957
46958
46958
46958
46959
46959
46959
46961
46961
46962
46963
46964
46965
46966
46966
46966
46966
46969
46969
46970
46970
46970
46971
46973
46974
46976
46977
46980
46980
46981
46981
46981
46982
46982
46982
46982
46983
46984
46985
46985
46985
46985
46987
46988
46989
46989
46990
46991
46996
46997
46999
46999
47000
47001
47002
47004
47004
47005
47008
47009
47009
47012
47013
47013
47015
47015
47016
47016
47016
47016
47018
47020
47022
47022
47023
47025
47025
47026
47027
47030
47031
47032
47038
47038
47039
47039
47040
47041
47041
47043
47043
47043
47046
47051
47052
47055
47055
47057
47060
47060
47060
47061
47063
47063
47063
47066
47066
47067
47067
47067
47068
47069
47069
47069
47070
47070
47071
47071
47072
47073
47076
47076
47079
47079
47084
47085
47085
47085
47085
47086
47087
47087
47088
47089
47092
47092
47093
47093
47093
47093
47094
47094
47094
47095
47096
47097
47098
47099
47103
47104
47105
47106
47108
47109
47109
47111
47112
47112
47115
47115
47115
47116
47117
47117
47118
47119
47120
47120
47121
47123
47124
47125
47126
47127
47127
47127
47129
47130
47130
47131
47132
47133
47134
47134
47134
47135
47135
47135
47136
47137
47137
47138
47138
47138
47140
47141
47143
47144
47144
47145
47145
47145
47146
47147
47147
47149
47149
47149
47150
47150
47151
47153
47153
47153
47155
47157
47158
47162
47163
47163
47164
47165
47165
47166
47169
47170
47170
47170
47171
47171
47171
47172
47172
47173
47175
47176
47178
47179
47181
47181
47181
47182
47182
47183
47183
47185
47185
47186
47186
47187
47188
47189
47189
47191
47191
47192
47192
47192
47193
47193
47195
47195
47197
47198
47199
47202
47204
47204
47204
47205
47208
47208
47208
47210
47210
47210
47213
47214
47214
47215
47217
47218
47220
47220
47222
47226
47226
47226
47228
47228
47229
47231
47232
47232
47232
47232
47232
47234
47235
47237
47240
47240
47240
47240
47241
47241
47242
47246
47246
47246
47247
47248
47248
47248
47253
47254
47254
47255
47255
47256
47256
47257
47257
47257
47258
47260
47261
47261
47261
47263
47263
47266
47266
47266
47266
47266
47268
47268
47269
47274
47274
47275
47275
47276
47276
47276
47276
47277
47277
47279
47280
47281
47283
47284
47286
47286
47286
47288
47288
47289
47289
47291
47292
47294
47294
47295
47298
47300
47300
47300
47303
47305
47305
47305
47307
47309
47309
47313
47317
47319
47321
47322
47323
47324
47325
47326
47326
47326
47327
47330
47330
47332
47332
47332
47333
47334
47334
47334
47335
47336
47336
47336
47337
47342
47343
47343
47345
47346
47348
47349
47349
47349
47350
47351
47353
47354
47356
47358
47360
47360
47361
47361
47364
47367
47368
47370
47370
47371
47371
47376
47378
47378
47378
47380
47380
47381
47381
47383
47384
47385
47386
47386
47387
47388
47388
47389
47389
47390
47391
47391
47392
47392
47394
47395
47396
47396
47396
47399
47400
47401
47401
47401
47402
47403
47403
47404
47406
47406
47409
47409
47409
47410
47412
47413
47413
47416
47416
47417
47417
47417
47418
47418
47419
47420
47421
47422
47423
47424
47424
47425
47426
47427
47428
47429
47430
47430
47430
47431
47433
47434
47435
47436
47436
47436
47437
47437
47437
47438
47440
47440
47440
47440
47441
47442
47442
47445
47445
47446
47446
47446
47446
47447
47448
47448
47448
47449
47451
47452
47454
47456
47459
47461
47462
47462
47463
47464
47465
47467
47468
47470
47470
47470
47470
47472
47473
47473
47473
47474
47476
47476
47479
47481
47484
47485
47485
47485
47486
47487
47487
47488
47489
47493
47493
47494
47495
47496
47497
47497
47498
47499
47499
47500
47504
47504
47505
47506
47509
47509
47510
47510
47510
47511
47512
47513
47514
47515
47516
47516
47516
47516
47517
47518
47518
47518
47521
47522
47523
47523
47525
47525
47525
47526
47526
47529
47531
47533
47533
47534
47534
47535
47539
47539
47540
47543
47544
47545
47546
47546
47547
47547
47548
47548
47550
47550
47551
47552
47553
47556
47557
47558
47561
47564
47564
47564
47565
47566
47567
47567
47567
47567
47569
47569
47569
47569
47571
47574
47574
47575
47576
47577
47577
47577
47578
47579
47583
47583
47585
47586
47587
47587
47588
47591
47591
47591
47592
47592
47592
47593
47595
47595
47599
47599
47599
47602
47603
47605
47608
47608
47608
47612
47614
47614
47615
47617
47617
47618
47621
47622
47623
47626
47627
47629
47630
47630
47631
47631
47631
47632
47632
47632
47633
47634
47634
47635
47637
47637
47638
47639
47643
47644
47644
47645
47645
47646
47647
47648
47649
47649
47649
47650
47654
47655
47658
47658
47658
47659
47659
47661
47662
47662
47662
47664
47664
47664
47665
47665
47666
47668
47668
47670
47670
47671
47674
47674
47674
47676
47677
47680
47680
47680
47681
47682
47683
47684
47684
47684
47685
47686
47687
47688
47689
47689
47693
47694
47697
47698
47699
47700
47700
47701
47703
47703
47703
47703
47705
47705
47705
47706
47707
47708
47709
47709
47711
47711
47713
47713
47713
47713
47714
47717
47719
47721
47721
47722
47723
47724
47724
47725
47726
47727
47727
47728
47728
47729
47730
47731
47732
47734
47736
47736
47737
47737
47739
47740
47740
47742
47743
47743
47744
47745
47746
47747
47747
47748
47750
47751
47752
47753
47753
47755
47756
47757
47757
47758
47758
47759
47760
47764
47765
47765
47768
47769
47769
47769
47770
47770
47770
47770
47770
47770
47773
47780
47782
47782
47783
47783
47785
47786
47788
47789
47790
47792
47792
47793
47793
47795
47796
47797
47797
47798
47798
47798
47799
47799
47801
47801
47803
47806
47806
47806
47807
47807
47808
47808
47809
47813
47813
47815
47816
47816
47816
47816
47817
47817
47817
47820
47823
47823
47824
47824
47824
47825
47825
47825
47828
47828
47828
47829
47829
47830
47831
47831
47832
47832
47832
47832
47835
47837
47837
47839
47839
47839
47840
47842
47847
47848
47849
47849
47850
47852
47853
47853
47855
47855
47856
47858
47860
47862
47864
47866
47867
47870
47872
47873
47874
47874
47875
47875
47876
47876
47877
47879
47879
47880
47881
47882
47884
47887
47888
47888
47888
47888
47889
47890
47892
47892
47895
47895
47896
47896
47896
47898
47898
47900
47900
47901
47902
47902
47904
47906
47907
47907
47910
47910
47910
47914
47915
47917
47918
47920
47920
47921
47923
47924
47925
47925
47926
47927
47927
47928
47928
47928
47929
47930
47930
47931
47931
47931
47932
47932
47932
47932
47932
47933
47934
47934
47936
47936
47936
47938
47938
47939
47939
47940
47941
47943
47946
47947
47948
47949
47949
47950
47951
47951
47953
47955
47956
47959
47959
47960
47961
47962
47965
47965
47966
47969
47969
47969
47971
47974
47975
47976
47977
47981
47982
47983
47984
47984
47984
47988
47989
47990
47990
47993
47994
47995
47995
47995
47996
47996
47999
47999
48001
48001
48001
48002
48003
48004
48004
48004
48004
48004
48005
48005
48008
48008
48009
48009
48009
48012
48013
48013
48014
48014
48017
48017
48019
48019
48021
48022
48023
48023
48024
48024
48029
48029
48031
48031
48031
48032
48034
48035
48035
48036
48037
48038
48040
48040
48041
48042
48046
48046
48047
48048
48048
48049
48049
48050
48050
48051
48051
48052
48054
48056
48057
48057
48058
48059
48061
48062
48062
48063
48065
48066
48068
48068
48069
48070
48071
48071
48071
48072
48072
48074
48078
48079
48080
48080
48080
48080
48080
48081
48082
48082
48082
48083
48085
48087
48088
48088
48091
48091
48093
48094
48094
48096
48096
48098
48100
48100
48101
48101
48104
48107
48109
48110
48110
48111
48115
48115
48116
48116
48116
48118
48118
48119
48121
48124
48124
48126
48126
48127
48128
48129
48129
48131
48131
48134
48135
48135
48135
48135
48136
48139
48140
48141
48144
48145
48145
48146
48147
48148
48149
48150
48150
48150
48152
48153
48156
48157
48162
48163
48164
48164
48166
48166
48167
48168
48168
48170
48172
48173
48173
48174
48174
48174
48175
48177
48178
48178
48180
48181
48181
48182
48186
48187
48188
48188
48190
48191
48192
48195
48195
48195
48196
48197
48197
48198
48199
48200
48201
48202
48202
48203
48203
48203
48203
48204
48205
48205
48205
48206
48207
48208
48210
48211
48214
48214
48215
48215
48216
48216
48217
48217
48217
48218
48220
48223
48224
48225
48226
48227
48227
48227
48228
48229
48229
48229
48231
48233
48234
48235
48236
48237
48238
48238
48238
48239
48239
48241
48244
48247
48247
48248
48248
48249
48251
48251
48254
48254
48255
48255
48255
48256
48256
48258
48261
48263
48263
48265
48266
48266
48267
48267
48268
48269
48271
48275
48275
48276
48276
48276
48276
48279
48280
48281
48281
48282
48285
48287
48287
48287
48287
48288
48290
48290
48292
48294
48295
48295
48300
48300
48300
48301
48302
48302
48304
48305
48306
48307
48309
48311
48311
48311
48312
48314
48315
48315
48316
48319
48320
48320
48321
48322
48322
48324
48325
48327
48327
48328
48330
48330
48331
48331
48332
48332
48334
48334
48335
48335
48335
48335
48337
48338
48338
48339
48339
48339
48340
48341
48342
48344
48348
48349
48350
48350
48351
48353
48354
48355
48355
48355
48357
48358
48359
48361
48361
48363
48363
48370
48374
48374
48376
48376
48376
48377
48377
48378
48379
48379
48380
48380
48383
48384
48386
48388
48388
48389
48389
48390
48393
48393
48394
48395
48396
48398
48398
48399
48399
48405
48405
48406
48406
48409
48409
48410
48410
48411
48414
48414
48415
48417
48417
48418
48420
48420
48421
48421
48424
48426
48426
48429
48429
48432
48432
48432
48432
48435
48436
48437
48438
48438
48440
48441
48442
48443
48443
48443
48444
48445
48445
48445
48446
48446
48448
48448
48450
48451
48451
48452
48454
48456
48457
48458
48458
48458
48460
48461
48461
48463
48465
48465
48465
48465
48467
48469
48470
48471
48472
48473
48474
48475
48476
48477
48477
48477
48480
48481
48481
48482
48482
48483
48484
48487
48487
48490
48490
48491
48492
48493
48493
48494
48494
48495
48497
48498
48500
48500
48502
48505
48506
48508
48509
48509
48510
48510
48511
48512
48513
48513
48515
48516
48517
48519
48519
48519
48519
48520
48520
48522
48523
48523
48525
48526
48527
48527
48527
48529
48529
48531
48532
48536
48537
48537
48538
48538
48538
48539
48540
48540
48541
48543
48547
48547
48547
48548
48549
48549
48550
48551
48553
48554
48554
48556
48559
48559
48559
48559
48560
48560
48561
48565
48565
48566
48569
48569
48569
48571
48574
48574
48574
48575
48576
48577
48577
48577
48579
48582
48583
48583
48584
48584
48586
48587
48588
48589
48590
48590
48592
48592
48592
48594
48595
48595
48596
48598
48601
48603
48604
48605
48606
48606
48606
48607
48607
48611
48613
48614
48614
48614
48615
48616
48617
48617
48617
48618
48618
48618
48621
48623
48623
48623
48623
48625
48627
48627
48629
48629
48629
48629
48630
48630
48630
48631
48632
48635
48636
48636
48637
48637
48637
48638
48638
48639
48639
48639
48640
48640
48641
48641
48642
48642
48642
48642
48643
48644
48645
48649
48649
48649
48650
48651
48654
48655
48656
48660
48662
48664
48667
48671
48672
48673
48674
48675
48675
48675
48676
48678
48683
48684
48685
48688
48688
48689
48689
48690
48690
48691
48693
48693
48694
48695
48697
48697
48697
48699
48701
48701
48702
48703
48706
48707
48707
48707
48708
48708
48708
48711
48711
48711
48712
48713
48714
48715
48717
48718
48719
48723
48724
48724
48725
48725
48727
48727
48728
48729
48729
48730
48731
48731
48734
48734
48736
48736
48738
48739
48739
48740
48742
48743
48743
48744
48745
48747
48747
48747
48748
48748
48749
48749
48750
48751
48752
48753
48754
48755
48755
48756
48757
48757
48758
48760
48761
48762
48762
48762
48763
48763
48763
48763
48764
48765
48767
48767
48767
48770
48771
48772
48773
48777
48777
48780
48780
48780
48782
48783
48784
48784
48787
48787
48789
48789
48790
48790
48791
48791
48793
48795
48796
48797
48798
48801
48802
48802
48802
48802
48804
48804
48804
48805
48805
48806
48806
48809
48810
48811
48812
48814
48814
48817
48819
48820
48821
48821
48822
48823
48823
48826
48827
48828
48828
48829
48829
48830
48832
48835
48836
48838
48839
48839
48842
48842
48842
48843
48843
48844
48844
48845
48846
48846
48847
48849
48849
48851
48853
48855
48859
48859
48861
48864
48865
48866
48866
48866
48868
48872
48873
48873
48873
48875
48875
48876
48877
48878
48879
48880
48882
48884
48886
48890
48890
48891
48891
48893
48897
48898
48900
48900
48900
48902
48905
48906
48908
48908
48909
48910
48910
48911
48911
48912
48919
48920
48920
48920
48921
48922
48923
48924
48924
48925
48925
48926
48929
48931
48933
48935
48935
48935
48936
48936
48938
48939
48941
48941
48941
48942
48943
48945
48946
48946
48949
48950
48950
48952
48954
48954
48954
48954
48955
48957
48957
48957
48958
48958
48959
48959
48959
48960
48961
48963
48963
48964
48964
48966
48966
48967
48967
48968
48969
48969
48970
48970
48971
48971
48971
48971
48973
48976
48977
48977
48978
48980
48980
48981
48982
48982
48982
48982
48983
48984
48985
48986
48988
48989
48991
48992
48993
48994
48995
48996
48998
48998
49000
49000
49001
49002
49003
49004
49005
49005
49007
49008
49009
49009
49013
49014
49014
49015
49015
49015
49016
49016
49017
49017
49017
49018
49018
49021
49022
49022
49023
49024
49024
49026
49027
49027
49027
49031
49032
49034
49035
49039
49043
49044
49044
49044
49049
49052
49052
49053
49053
49056
49056
49057
49057
49057
49057
49062
49063
49063
49064
49065
49066
49066
49069
49069
49069
49070
49070
49071
49072
49072
49072
49074
49074
49077
49078
49078
49079
49080
49083
49087
49088
49089
49089
49089
49090
49090
49090
49090
49092
49094
49094
49097
49098
49099
49103
49106
49108
49110
49110
49112
49112
49112
49116
49116
49118
49118
49119
49119
49119
49120
49121
49122
49122
49123
49126
49128
49131
49134
49136
49136
49136
49136
49137
49137
49138
49138
49138
49138
49140
49142
49148
49149
49150
49150
49150
49150
49151
49152
49153
49156
49158
49159
49159
49161
49163
49163
49163
49163
49165
49166
49166
49173
49173
49173
49174
49175
49175
49177
49178
49179
49180
49180
49182
49183
49183
49184
49184
49185
49188
49191
49192
49192
49193
49194
49195
49195
49196
49196
49197
49197
49197
49198
49198
49198
49199
49200
49201
49201
49201
49202
49202
49203
49203
49204
49206
49209
49209
49210
49212
49212
49214
49214
49215
49217
49219
49219
49222
49222
49222
49223
49223
49223
49223
49224
49226
49226
49226
49226
49228
49229
49232
49233
49233
49233
49234
49234
49236
49237
49238
49238
49239
49240
49240
49245
49246
49246
49247
49248
49248
49248
49250
49252
49253
49253
49253
49254
49254
49254
49256
49257
49259
49259
49261
49261
49262
49263
49263
49263
49263
49263
49264
49264
49268
49269
49270
49271
49272
49272
49273
49274
49277
49278
49278
49280
49280
49281
49284
49287
49290
49290
49290
49292
49292
49294
49295
49298
49298
49299
49300
49301
49302
49302
49303
49304
49304
49305
49306
49306
49307
49307
49308
49310
49311
49312
49312
49315
49315
49315
49316
49317
49318
49319
49319
49320
49322
49323
49324
49325
49328
49328
49331
49338
49340
49340
49341
49342
49345
49345
49346
49346
49348
49350
49351
49352
49354
49356
49358
49358
49359
49361
49362
49366
49367
49367
49369
49370
49371
49371
49373
49373
49373
49374
49374
49374
49375
49376
49377
49378
49379
49379
49381
49382
49383
49385
49386
49387
49389
49391
49391
49394
49395
49395
49396
49396
49396
49396
49397
49397
49400
49401
49401
49402
49402
49403
49404
49407
49407
49409
49409
49410
49411
49412
49412
49413
49414
49415
49416
49416
49417
49418
49420
49420
49422
49422
49422
49423
49425
49425
49426
49428
49429
49431
49431
49431
49434
49436
49436
49437
49437
49438
49438
49439
49442
49442
49442
49444
49445
49451
49451
49452
49454
49454
49454
49454
49455
49456
49457
49458
49460
49461
49462
49463
49463
49467
49467
49468
49468
49468
49469
49472
49472
49473
49473
49474
49474
49475
49477
49479
49480
49480
49481
49482
49483
49484
49485
49486
49486
49486
49487
49488
49488
49490
49491
49493
49493
49496
49496
49497
49497
49499
49500
49501
49501
49501
49502
49502
49503
49504
49510
49510
49512
49512
49514
49514
49515
49516
49517
49518
49518
49519
49520
49521
49524
49525
49525
49527
49529
49530
49530
49531
49531
49532
49533
49538
49539
49541
49541
49542
49544
49545
49546
49546
49547
49547
49548
49550
49550
49550
49552
49553
49555
49556
49556
49556
49557
49561
49562
49562
49565
49566
49566
49566
49568
49568
49571
49571
49573
49575
49577
49577
49577
49579
49580
49580
49580
49582
49583
49583
49587
49589
49589
49589
49589
49590
49590
49591
49593
49593
49593
49596
49599
49599
49603
49604
49604
49605
49606
49607
49607
49607
49607
49607
49609
49610
49615
49615
49617
49618
49619
49621
49625
49626
49627
49628
49629
49629
49630
49631
49632
49633
49635
49635
49637
49639
49641
49641
49643
49643
49644
49645
49645
49646
49646
49647
49647
49650
49650
49652
49654
49655
49655
49657
49659
49662
49668
49669
49669
49669
49669
49670
49670
49671
49672
49679
49681
49681
49682
49682
49682
49682
49684
49685
49686
49686
49687
49688
49688
49690
49690
49690
49692
49693
49699
49699
49699
49701
49703
49703
49703
49705
49705
49705
49707
49709
49711
49711
49714
49717
49717
49718
49719
49720
49721
49724
49724
49725
49725
49728
49728
49731
49731
49731
49734
49735
49736
49737
49738
49739
49740
49740
49742
49742
49745
49746
49746
49747
49748
49748
49749
49751
49752
49752
49753
49754
49755
49755
49756
49757
49758
49758
49759
49763
49764
49764
49765
49765
49766
49766
49767
49769
49771
49772
49772
49772
49773
49774
49778
49778
49779
49780
49781
49783
49783
49786
49787
49790
49793
49794
49794
49794
49797
49797
49798
49800
49803
49804
49805
49807
49807
49807
49808
49809
49809
49810
49811
49812
49813
49814
49815
49816
49817
49817
49818
49820
49820
49820
49821
49822
49822
49823
49823
49824
49824
49826
49826
49827
49827
49829
49832
49832
49834
49835
49837
49837
49840
49844
49844
49844
49845
49845
49845
49847
49849
49849
49850
49851
49853
49855
49856
49857
49857
49858
49860
49863
49865
49865
49866
49866
49866
49866
49869
49870
49871
49871
49871
49873
49873
49874
49875
49875
49877
49877
49877
49878
49878
49879
49879
49879
49879
49880
49880
49881
49882
49882
49882
49884
49885
49886
49886
49886
49886
49889
49889
49890
49894
49895
49895
49896
49896
49897
49898
49898
49899
49900
49900
49901
49902
49903
49903
49904
49904
49907
49910
49913
49913
49913
49914
49915
49916
49916
49918
49919
49920
49921
49922
49922
49923
49925
49926
49928
49928
49930
49932
49933
49935
49935
49937
49937
49941
49944
49945
49945
49947
49949
49950
49950
49951
49952
49956
49958
49959
49960
49960
49960
49964
49964
49966
49966
49966
49970
49970
49971
49973
49974
49978
49982
49985
49988
49988
49989
49989
49990
49993
49993
49995
49995
49996
49998
49998
50000
50000
50001
50002
50007
50009
50010
50011
50013
50014
50015
50015
50015
50016
50017
50017
50018
50020
50021
50022
50023
50024
50025
50028
50029
50029
50030
50031
50031
50032
50033
50034
50035
50035
50035
50035
50037
50038
50038
50040
50042
50042
50043
50044
50046
50047
50047
50048
50048
50050
50050
50051
50052
50052
50052
50052
50052
50054
50054
50055
50057
50058
50061
50062
50062
50065
50065
50066
50067
50067
50067
50068
50068
50068
50069
50069
50071
50071
50071
50071
50071
50078
50079
50079
50079
50079
50079
50081
50082
50082
50083
50084
50084
50085
50085
50085
50085
50086
50087
50087
50089
50091
50093
50093
50094
50095
50095
50095
50097
50097
50099
50102
50105
50105
50108
50109
50110
50111
50111
50112
50114
50114
50115
50116
50116
50117
50118
50118
50120
50120
50122
50122
50125
50126
50129
50129
50134
50134
50134
50134
50135
50137
50138
50138
50139
50141
50141
50142
50143
50143
50144
50150
50151
50154
50154
50155
50163
50163
50165
50165
50166
50167
50168
50170
50170
50172
50174
50175
50177
50178
50179
50180
50181
50182
50182
50184
50184
50184
50185
50187
50189
50190
50190
50190
50191
50191
50192
50192
50193
50196
50196
50201
50202
50202
50202
50203
50204
50207
50207
50207
50208
50209
50210
50212
50212
50216
50216
50217
50218
50219
50219
50220
50221
50223
50224
50224
50225
50226
50226
50227
50229
50230
50230
50231
50234
50236
50237
50237
50238
50238
50239
50239
50240
50246
50248
50248
50251
50252
50252
50253
50254
50254
50254
50255
50256
50256
50256
50256
50256
50258
50261
50262
50262
50264
50265
50266
50268
50275
50275
50277
50277
50278
50278
50278
50279
50280
50280
50280
50282
50285
50287
50288
50289
50290
50292
50292
50293
50293
50293
50293
50294
50296
50296
50297
50297
50297
50298
50300
50301
50304
50304
50305
50306
50306
50308
50309
50309
50310
50311
50312
50312
50314
50314
50314
50314
50315
50315
50316
50317
50317
50318
50319
50319
50319
50320
50320
50321
50321
50321
50322
50323
50324
50324
50325
50327
50327
50328
50328
50328
50329
50329
50329
50330
50330
50333
50333
50334
50334
50334
50334
50336
50336
50339
50340
50340
50341
50341
50342
50343
50343
50344
50348
50348
50348
50348
50349
50353
50353
50355
50356
50358
50359
50359
50361
50362
50363
50363
50366
50366
50367
50367
50368
50369
50372
50373
50373
50374
50375
50375
50376
50376
50377
50379
50381
50383
50384
50386
50390
50390
50392
50394
50395
50398
50400
50400
50404
50405
50407
50409
50410
50410
50411
50411
50413
50413
50414
50415
50415
50416
50416
50417
50418
50418
50418
50419
50419
50420
50420
50422
50425
50427
50427
50427
50428
50428
50428
50429
50429
50430
50430
50431
50431
50433
50434
50434
50434
50435
50436
50436
50436
50437
50437
50438
50439
50440
50440
50441
50441
50442
50442
50445
50447
50448
50452
50452
50452
50453
50454
50454
50454
50455
50456
50456
50458
50458
50459
50460
50461
50462
50462
50465
50465
50467
50467
50467
50469
50474
50475
50475
50476
50478
50478
50479
50479
50479
50484
50487
50487
50487
50488
50488
50488
50489
50489
50490
50491
50491
50491
50493
50493
50493
50494
50495
50495
50496
50497
50499
50500
50501
50503
50503
50507
50509
50511
50512
50514
50514
50514
50515
50517
50518
50518
50519
50519
50519
50519
50520
50520
50520
50521
50522
50525
50526
50527
50527
50527
50529
50529
50530
50532
50533
50534
50537
50538
50538
50539
50544
50545
50545
50545
50547
50548
50548
50548
50549
50550
50550
50550
50551
50553
50555
50557
50557
50559
50560
50560
50562
50563
50563
50564
50564
50565
50566
50566
50568
50570
50571
50572
50573
50573
50574
50577
50578
50579
50579
50580
50584
50584
50585
50586
50586
50587
50588
50588
50588
50589
50590
50590
50591
50592
50592
50593
50593
50594
50594
50595
50596
50596
50598
50598
50598
50599
50600
50601
50601
50602
50602
50603
50603
50603
50604
50604
50605
50608
50609
50610
50611
50612
50613
50613
50616
50617
50617
50620
50622
50623
50624
50624
50627
50627
50628
50628
50630
50630
50633
50633
50633
50635
50635
50635
50635
50635
50637
50637
50638
50638
50640
50641
50644
50644
50644
50644
50645
50645
50647
50652
50654
50656
50656
50656
50656
50658
50658
50660
50661
50662
50662
50662
50662
50665
50668
50668
50669
50669
50669
50669
50671
50671
50672
50673
50676
50677
50677
50677
50680
50681
50684
50684
50685
50685
50686
50686
50687
50691
50692
50692
50693
50694
50694
50695
50695
50695
50695
50696
50696
50697
50697
50700
50700
50701
50703
50704
50704
50704
50705
50707
50712
50712
50713
50713
50715
50716
50719
50719
50722
50722
50724
50724
50724
50726
50727
50729
50729
50730
50731
50733
50734
50734
50734
50736
50738
50738
50739
50741
50742
50742
50742
50743
50745
50745
50745
50745
50748
50749
50751
50753
50753
50753
50753
50756
50756
50757
50757
50757
50758
50759
50759
50760
50761
50762
50764
50767
50768
50771
50771
50774
50775
50775
50776
50780
50780
50782
50785
50786
50787
50788
50788
50788
50791
50796
50796
50800
50801
50801
50801
50802
50806
50808
50808
50809
50809
50810
50810
50812
50813
50813
50819
50822
50822
50822
50823
50824
50824
50824
50824
50825
50825
50826
50829
50829
50830
50832
50833
50834
50834
50835
50837
50837
50837
50837
50839
50839
50840
50841
50843
50843
50843
50844
50845
50846
50846
50850
50852
50853
50854
50854
50854
50855
50856
50856
50857
50858
50858
50859
50859
50860
50862
50863
50863
50863
50864
50864
50867
50867
50868
50869
50870
50871
50873
50875
50876
50877
50877
50880
50881
50881
50881
50882
50883
50883
50883
50883
50884
50885
50886
50886
50886
50887
50887
50888
50890
50890
50891
50891
50891
50892
50892
50893
50893
50894
50894
50895
50896
50896
50896
50896
50896
50899
50900
50901
50902
50907
50907
50909
50909
50910
50912
50912
50913
50916
50916
50917
50918
50919
50920
50921
50921
50921
50921
50921
50922
50922
50923
50924
50926
50926
50927
50928
50928
50928
50931
50932
50933
50934
50935
50935
50937
50938
50938
50938
50939
50940
50941
50941
50944
50945
50945
50945
50947
50947
50948
50950
50952
50952
50953
50955
50955
50956
50956
50957
50957
50960
50960
50960
50963
50963
50964
50965
50967
50968
50968
50969
50970
50970
50970
50971
50972
50973
50973
50974
50974
50974
50979
50979
50980
50981
50981
50982
50982
50983
50983
50983
50985
50987
50988
50988
50989
50989
50993
50995
50996
50996
50996
50997
50998
50998
50999
50999
51000
51001
51003
51004
51005
51006
51009
51009
51010
51011
51012
51015
51016
51017
51017
51022
51023
51025
51025
51026
51026
51027
51028
51029
51030
51030
51030
51030
51031
51031
51032
51032
51033
51033
51033
51034
51034
51037
51037
51038
51041
51043
51045
51045
51047
51047
51048
51049
51051
51052
51052
51054
51055
51055
51055
51056
51060
51060
51063
51063
51064
51065
51065
51067
51068
51068
51068
51069
51073
51074
51075
51075
51075
51075
51075
51077
51078
51080
51080
51080
51080
51084
51087
51087
51088
51088
51088
51089
51089
51090
51091
51091
51092
51092
51093
51093
51094
51097
51100
51101
51101
51101
51103
51104
51104
51105
51106
51106
51108
51108
51110
51111
51111
51113
51114
51118
51119
51119
51120
51122
51123
51123
51123
51124
51125
51125
51126
51126
51127
51127
51129
51132
51132
51137
51138
51138
51139
51139
51139
51141
51142
51145
51145
51146
51147
51147
51147
51149
51150
51150
51150
51151
51152
51152
51152
51154
51154
51154
51154
51158
51159
51164
51166
51168
51169
51169
51170
51170
51171
51171
51174
51175
51175
51176
51177
51177
51177
51179
51180
51180
51182
51182
51184
51186
51187
51188
51189
51189
51189
51190
51190
51191
51192
51192
51193
51194
51194
51194
51195
51195
51198
51199
51200
51201
51201
51201
51201
51202
51202
51204
51206
51211
51212
51212
51212
51212
51215
51218
51220
51221
51222
51222
51222
51228
51230
51232
51232
51232
51233
51236
51241
51241
51242
51244
51245
51247
51247
51247
51247
51247
51248
51249
51252
51256
51256
51257
51260
51260
51262
51262
51263
51263
51263
51265
51265
51266
51266
51268
51269
51270
51271
51271
51275
51276
51277
51279
51279
51283
51283
51283
51283
51284
51285
51287
51287
51291
51291
51293
51293
51296
51297
51298
51299
51301
51302
51305
51305
51306
51307
51307
51308
51311
51311
51312
51314
51315
51317
51319
51322
51323
51323
51323
51324
51324
51324
51324
51326
51327
51327
51330
51332
51333
51333
51335
51336
51337
51337
51337
51337
51339
51339
51340
51341
51343
51344
51346
51348
51349
51349
51350
51351
51352
51352
51353
51353
51353
51355
51355
51356
51356
51357
51358
51359
51359
51359
51359
51361
51362
51363
51363
51364
51365
51365
51366
51368
51369
51373
51373
51374
51374
51376
51376
51382
51382
51383
51383
51383
51384
51384
51388
51388
51389
51389
51390
51390
51391
51392
51392
51395
51395
51395
51395
51396
51396
51397
51397
51399
51399
51400
51400
51402
51402
51404
51405
51405
51405
51408
51409
51410
51410
51411
51411
51411
51412
51412
51412
51413
51414
51415
51416
51418
51418
51419
51420
51420
51424
51425
51427
51428
51429
51430
51430
51432
51432
51433
51433
51435
51436
51437
51437
51438
51438
51438
51440
51441
51442
51444
51444
51444
51444
51444
51445
51445
51446
51446
51448
51448
51449
51450
51450
51453
51456
51457
51460
51460
51460
51461
51461
51464
51465
51465
51466
51467
51468
51468
51470
51470
51470
51472
51473
51475
51480
51481
51482
51484
51487
51487
51488
51488
51491
51493
51494
51494
51495
51495
51495
51496
51496
51497
51497
51498
51498
51498
51499
51499
51500
51501
51501
51501
51502
51505
51505
51507
51507
51508
51508
51510
51511
51511
51514
51514
51515
51515
51516
51518
51519
51521
51521
51523
51524
51524
51528
51529
51529
51530
51530
51535
51539
51539
51541
51542
51542
51543
51543
51544
51544
51545
51545
51545
51546
51546
51546
51546
51547
51547
51548
51551
51552
51555
51555
51556
51558
51558
51559
51560
51560
51561
51562
51564
51565
51565
51567
51567
51568
51569
51572
51574
51574
51577
51577
51577
51578
51578
51580
51581
51581
51582
51585
51587
51587
51587
51587
51591
51592
51593
51595
51595
51596
51596
51597
51598
51600
51601
51603
51603
51604
51606
51607
51607
51610
51610
51611
51611
51613
51613
51614
51615
51617
51617
51617
51617
51618
51619
51620
51620
51621
51621
51624
51624
51624
51625
51626
51627
51627
51628
51629
51629
51633
51633
51633
51634
51635
51636
51636
51637
51639
51639
51641
51641
51642
51642
51644
51645
51645
51646
51647
51647
51647
51649
51651
51651
51653
51654
51656
51656
51658
51658
51658
51658
51659
51660
51664
51665
51667
51668
51668
51670
51671
51676
51677
51677
51679
51681
51682
51682
51683
51685
51687
51687
51689
51689
51689
51691
51691
51691
51692
51693
51694
51695
51696
51697
51697
51698
51698
51699
51699
51699
51700
51700
51701
51701
51705
51705
51707
51707
51708
51709
51712
51712
51714
51714
51714
51714
51714
51714
51715
51717
51717
51719
51720
51720
51720
51722
51726
51727
51727
51731
51732
51733
51733
51734
51734
51735
51735
51735
51735
51736
51738
51740
51742
51743
51743
51745
51746
51746
51749
51750
51751
51753
51754
51755
51759
51759
51759
51762
51765
51765
51765
51766
51769
51769
51770
51773
51774
51775
51775
51777
51777
51779
51780
51780
51781
51781
51782
51782
51782
51783
51786
51786
51786
51787
51789
51790
51791
51792
51793
51794
51794
51794
51795
51796
51797
51799
51800
51800
51800
51800
51801
51802
51808
51811
51811
51812
51813
51813
51814
51814
51814
51815
51815
51815
51816
51817
51819
51820
51823
51824
51824
51826
51826
51827
51830
51830
51831
51831
51833
51833
51833
51836
51837
51838
51841
51843
51844
51845
51845
51845
51848
51849
51850
51851
51851
51854
51854
51855
51856
51861
51862
51863
51864
51864
51865
51865
51866
51866
51867
51868
51869
51870
51871
51871
51872
51874
51877
51879
51880
51881
51883
51884
51887
51889
51889
51889
51889
51890
51890
51891
51891
51891
51892
51893
51895
51896
51896
51897
51897
51901
51902
51907
51907
51907
51908
51908
51910
51910
51912
51913
51913
51916
51918
51918
51920
51920
51920
51921
51922
51923
51923
51925
51927
51928
51928
51931
51931
51932
51935
51935
51936
51940
51940
51941
51941
51941
51942
51943
51943
51943
51947
51948
51948
51951
51953
51954
51954
51954
51956
51961
51962
51962
51962
51963
51963
51963
51964
51964
51966
51967
51968
51969
51971
51972
51972
51973
51974
51975
51976
51981
51981
51983
51983
51983
51983
51984
51984
51985
51988
51989
51992
51994
51994
51995
51995
51996
51997
51999
51999
51999
52001
52003
52004
52005
52005
52006
52006
52007
52008
52009
52009
52009
52010
52010
52011
52011
52012
52015
52016
52018
52019
52022
52023
52024
52026
52027
52027
52028
52029
52030
52030
52030
52031
52033
52034
52035
52036
52037
52039
52040
52042
52043
52043
52044
52045
52045
52046
52046
52046
52046
52047
52047
52047
52050
52052
52054
52055
52057
52057
52059
52060
52060
52061
52061
52062
52063
52065
52066
52066
52068
52068
52068
52069
52069
52070
52070
52071
52074
52074
52074
52075
52077
52078
52078
52080
52080
52082
52082
52086
52089
52089
52089
52090
52091
52091
52092
52094
52094
52094
52094
52096
52097
52099
52101
52101
52101
52102
52103
52104
52105
52106
52106
52107
52108
52108
52108
52109
52111
52112
52113
52114
52115
52117
52118
52120
52121
52123
52123
52126
52127
52128
52129
52130
52130
52131
52131
52131
52134
52136
52137
52137
52138
52138
52138
52140
52140
52141
52141
52141
52141
52143
52143
52144
52146
52146
52147
52147
52148
52149
52149
52149
52149
52152
52153
52154
52155
52156
52156
52156
52157
52157
52158
52158
52158
52159
52159
52161
52162
52162
52163
52167
52168
52168
52171
52171
52171
52173
52173
52174
52175
52177
52177
52178
52178
52178
52180
52182
52183
52184
52184
52185
52187
52188
52189
52190
52191
52191
52191
52194
52196
52198
52199
52199
52201
52201
52201
52203
52204
52204
52206
52206
52207
52208
52209
52210
52211
52211
52211
52213
52214
52215
52216
52216
52217
52217
52220
52220
52221
52222
52222
52223
52228
52228
52228
52229
52230
52231
52231
52232
52232
52233
52234
52234
52234
52234
52234
52237
52237
52237
52238
52238
52242
52243
52243
52243
52245
52246
52247
52247
52250
52252
52255
52256
52257
52258
52259
52259
52260
52260
52260
52261
52261
52263
52264
52269
52269
52270
52270
52271
52271
52272
52273
52275
52278
52278
52280
52281
52282
52282
52283
52284
52284
52285
52286
52287
52289
52291
52292
52292
52293
52294
52295
52296
52296
52297
52297
52298
52298
52299
52302
52302
52304
52305
52308
52308
52309
52309
52311
52311
52312
52312
52313
52314
52319
52320
52320
52320
52320
52322
52323
52325
52328
52328
52329
52330
52330
52331
52335
52336
52338
52341
52341
52343
52345
52345
52345
52345
52347
52347
52348
52348
52349
52349
52351
52351
52352
52353
52353
52355
52357
52357
52358
52359
52359
52360
52362
52364
52364
52365
52366
52366
52371
52373
52374
52375
52375
52375
52377
52377
52379
52379
52381
52381
52382
52383
52383
52383
52385
52385
52389
52390
52392
52394
52395
52397
52397
52397
52399
52399
52399
52399
52399
52399
52399
52400
52400
52401
52401
52402
52404
52405
52409
52409
52411
52411
52413
52415
52416
52416
52416
52417
52417
52417
52419
52419
52421
52422
52422
52423
52424
52424
52428
52429
52429
52429
52430
52431
52433
52433
52434
52437
52438
52439
52439
52440
52441
52441
52443
52443
52448
52448
52449
52450
52451
52452
52452
52454
52456
52456
52457
52457
52458
52464
52466
52466
52466
52469
52470
52470
52471
52471
52471
52474
52476
52476
52478
52478
52478
52478
52480
52481
52481
52484
52484
52486
52489
52490
52491
52492
52492
52493
52494
52495
52496
52499
52501
52501
52501
52502
52503
52504
52504
52505
52505
52505
52505
52506
52507
52508
52511
52513
52513
52513
52514
52515
52515
52516
52519
52519
52521
52521
52523
52523
52523
52524
52525
52529
52531
52534
52534
52535
52535
52537
52538
52538
52539
52540
52541
52542
52542
52542
52543
52543
52546
52546
52547
52548
52548
52550
52551
52551
52554
52554
52556
52556
52556
52557
52558
52559
52559
52560
52561
52562
52562
52562
52563
52563
52564
52564
52567
52567
52568
52569
52571
52571
52572
52573
52576
52577
52577
52577
52579
52579
52581
52581
52583
52584
52584
52587
52588
52588
52590
52591
52591
52591
52592
52593
52593
52598
52598
52598
52599
52604
52606
52607
52608
52609
52609
52611
52611
52611
52611
52612
52613
52613
52614
52618
52619
52620
52620
52622
52622
52623
52624
52624
52625
52625
52625
52626
52627
52628
52629
52629
52632
52632
52633
52634
52636
52639
52640
52640
52643
52643
52644
52645
52647
52647
52647
52648
52653
52654
52655
52655
52655
52655
52657
52658
52659
52659
52663
52664
52666
52666
52667
52670
52671
52672
52673
52673
52673
52674
52675
52675
52678
52678
52679
52679
52680
52681
52685
52685
52686
52688
52690
52693
52694
52695
52697
52698
52700
52701
52702
52703
52704
52704
52707
52708
52712
52713
52713
52713
52714
52715
52715
52723
52724
52724
52724
52725
52726
52726
52728
52732
52734
52734
52736
52736
52736
52736
52737
52738
52738
52739
52739
52744
52747
52748
52748
52749
52749
52750
52750
52751
52751
52752
52752
52753
52753
52753
52754
52755
52756
52757
52757
52757
52759
52761
52763
52763
52765
52765
52766
52767
52768
52769
52769
52770
52771
52771
52771
52772
52773
52773
52773
52775
52777
52778
52780
52780
52782
52782
52783
52784
52785
52785
52785
52785
52786
52786
52789
52790
52791
52792
52794
52795
52795
52796
52797
52797
52802
52804
52805
52805
52807
52808
52808
52808
52809
52810
52810
52812
52812
52815
52815
52818
52818
52819
52819
52820
52821
52821
52821
52821
52822
52823
52824
52824
52824
52825
52825
52825
52826
52827
52832
52832
52833
52833
52834
52837
52840
52841
52841
52843
52846
52846
52846
52847
52852
52854
52854
52854
52856
52859
52861
52861
52861
52861
52862
52867
52868
52870
52870
52870
52870
52872
52874
52875
52875
52875
52875
52876
52876
52877
52880
52881
52882
52883
52884
52886
52887
52887
52888
52888
52889
52890
52891
52892
52894
52896
52896
52896
52897
52897
52900
52902
52902
52902
52903
52905
52905
52907
52909
52912
52913
52913
52913
52915
52916
52920
52920
52920
52920
52921
52921
52921
52922
52923
52924
52925
52926
52926
52927
52929
52929
52930
52930
52931
52931
52932
52932
52932
52932
52933
52935
52937
52937
52938
52939
52939
52940
52940
52942
52945
52946
52946
52947
52950
52953
52953
52953
52954
52954
52956
52960
52962
52962
52962
52963
52964
52966
52966
52969
52969
52970
52970
52972
52974
52976
52977
52979
52979
52979
52979
52981
52983
52984
52986
52988
52989
52990
52991
52992
52993
52994
52997
52997
52998
53000
53001
53001
53002
53004
53004
53004
53005
53006
53007
53013
53014
53015
53017
53017
53019
53020
53020
53021
53024
53024
53025
53027
53027
53028
53030
53031
53032
53032
53032
53034
53035
53039
53039
53040
53042
53042
53044
53044
53046
53047
53047
53048
53048
53051
53051
53052
53054
53055
53055
53055
53055
53055
53057
53058
53061
53063
53064
53065
53068
53068
53068
53071
53071
53072
53072
53073
53074
53075
53075
53076
53076
53077
53078
53079
53080
53080
53080
53081
53081
53081
53082
53083
53083
53091
53092
53092
53093
53094
53096
53096
53097
53097
53098
53098
53099
53100
53101
53102
53102
53102
53102
53104
53107
53109
53111
53112
53113
53114
53114
53115
53115
53116
53117
53117
53120
53120
53120
53121
53123
53123
53124
53124
53124
53125
53126
53127
53128
53129
53131
53131
53131
53132
53132
53133
53133
53137
53137
53138
53138
53139
53139
53139
53140
53143
53144
53146
53149
53149
53150
53150
53152
53154
53156
53156
53157
53157
53159
53160
53164
53165
53169
53169
53169
53170
53172
53172
53173
53173
53173
53174
53175
53176
53179
53179
53180
53180
53182
53182
53184
53184
53185
53186
53188
53188
53188
53189
53189
53190
53192
53192
53193
53193
53194
53195
53195
53197
53199
53201
53201
53203
53203
53204
53205
53208
53209
53214
53216
53217
53219
53220
53221
53222
53223
53225
53227
53228
53231
53231
53232
53232
53233
53233
53234
53236
53237
53237
53237
53238
53239
53241
53241
53242
53244
53247
53248
53249
53250
53251
53253
53253
53254
53254
53255
53255
53256
53256
53260
53260
53260
53260
53260
53260
53261
53262
53264
53265
53266
53269
53269
53270
53270
53270
53271
53272
53272
53273
53273
53274
53275
53275
53275
53275
53275
53278
53278
53280
53280
53281
53281
53282
53282
53284
53285
53285
53286
53288
53289
53293
53294
53295
53296
53299
53299
53300
53303
53303
53304
53304
53304
53305
53308
53309
53309
53309
53310
53311
53312
53312
53314
53315
53316
53317
53317
53318
53318
53319
53319
53321
53322
53322
53322
53324
53325
53325
53326
53327
53328
53328
53329
53331
53331
53331
53332
53332
53332
53333
53333
53334
53336
53337
53337
53337
53341
53343
53344
53344
53344
53346
53347
53347
53348
53349
53349
53351
53354
53355
53356
53358
53358
53360
53360
53360
53360
53364
53364
53366
53367
53369
53371
53371
53374
53375
53375
53375
53376
53377
53377
53378
53378
53379
53380
53380
53380
53381
53383
53383
53384
53384
53384
53384
53385
53385
53386
53386
53387
53387
53388
53389
53390
53391
53391
53392
53394
53395
53395
53397
53398
53400
53401
53402
53403
53406
53406
53407
53407
53407
53408
53409
53410
53411
53411
53412
53413
53413
53416
53416
53416
53417
53417
53418
53419
53419
53420
53420
53421
53421
53421
53421
53422
53422
53424
53425
53425
53425
53426
53426
53428
53429
53430
53430
53430
53431
53431
53431
53432
53434
53440
53442
53442
53443
53444
53444
53444
53450
53452
53452
53453
53453
53454
53457
53458
53459
53459
53459
53461
53462
53464
53465
53466
53469
53471
53472
53473
53474
53474
53475
53475
53476
53477
53477
53478
53478
53480
53480
53482
53482
53485
53486
53486
53487
53488
53492
53492
53494
53494
53496
53496
53496
53502
53504
53505
53507
53508
53510
53510
53511
53512
53512
53513
53513
53513
53515
53517
53521
53521
53522
53524
53525
53528
53530
53531
53532
53533
53534
53535
53537
53539
53540
53540
53540
53542
53543
53543
53544
53544
53544
53544
53545
53545
53546
53548
53548
53548
53549
53550
53550
53550
53552
53553
53554
53554
53554
53554
53555
53556
53558
53560
53561
53562
53563
53565
53565
53565
53566
53567
53568
53568
53569
53569
53570
53570
53572
53572
53573
53574
53575
53577
53577
53577
53577
53578
53578
53578
53581
53582
53584
53584
53587
53588
53589
53589
53589
53591
53592
53594
53594
53596
53597
53598
53599
53599
53599
53600
53600
53602
53602
53603
53606
53606
53606
53607
53607
53608
53609
53610
53611
53612
53613
53614
53614
53619
53620
53623
53623
53625
53626
53626
53628
53628
53629
53629
53631
53634
53636
53638
53643
53644
53644
53644
53644
53644
53647
53648
53648
53653
53653
53654
53655
53656
53658
53658
53658
53658
53659
53660
53663
53663
53665
53665
53665
53665
53667
53668
53670
53670
53671
53671
53674
53674
53675
53675
53677
53677
53679
53679
53679
53681
53681
53686
53687
53687
53687
53689
53689
53692
53693
53693
53693
53693
53696
53697
53698
53698
53700
53702
53705
53705
53705
53706
53707
53707
53707
53707
53708
53709
53710
53710
53710
53711
53711
53711
53712
53712
53714
53716
53718
53718
53719
53719
53720
53720
53720
53721
53722
53724
53725
53726
53726
53727
53731
53732
53733
53736
53736
53737
53737
53738
53738
53740
53744
53745
53746
53746
53748
53748
53748
53748
53749
53750
53750
53750
53751
53751
53753
53755
53755
53755
53756
53757
53757
53758
53759
53761
53765
53766
53769
53771
53772
53772
53773
53777
53777
53778
53778
53779
53781
53782
53782
53785
53786
53788
53789
53791
53792
53792
53793
53794
53794
53796
53797
53797
53798
53799
53799
53800
53800
53800
53801
53804
53807
53807
53808
53808
53809
53809
53810
53814
53814
53814
53814
53817
53817
53817
53818
53818
53819
53820
53821
53821
53821
53822
53823
53825
53827
53828
53829
53829
53830
53830
53830
53831
53832
53832
53834
53836
53836
53837
53837
53838
53839
53840
53841
53841
53842
53844
53844
53846
53846
53847
53848
53850
53850
53851
53852
53852
53854
53854
53855
53856
53860
53861
53861
53861
53862
53863
53863
53864
53864
53867
53869
53870
53870
53870
53870
53871
53873
53874
53875
53875
53877
53877
53877
53879
53879
53879
53880
53881
53883
53884
53887
53887
53888
53888
53888
53892
53892
53893
53894
53894
53894
53895
53895
53896
53898
53899
53900
53901
53901
53901
53902
53903
53910
53911
53912
53912
53914
53915
53917
53918
53918
53920
53922
53925
53925
53926
53926
53927
53928
53930
53930
53930
53931
53932
53932
53932
53934
53937
53939
53940
53941
53944
53944
53944
53944
53946
53946
53949
53949
53949
53950
53952
53953
53956
53956
53956
53957
53957
53960
53960
53961
53961
53962
53962
53963
53963
53963
53963
53964
53966
53967
53968
53969
53970
53971
53972
53974
53974
53974
53975
53977
53977
53979
53979
53979
53980
53985
53986
53990
53992
53996
53996
53997
53998
53999
54001
54001
54002
54003
54006
54008
54010
54010
54010
54011
54011
54013
54015
54017
54018
54018
54021
54021
54024
54024
54024
54025
54025
54025
54026
54028
54029
54030
54031
54032
54032
54032
54034
54034
54034
54034
54036
54037
54039
54042
54043
54043
54043
54044
54045
54045
54045
54046
54047
54048
54049
54049
54049
54050
54051
54051
54051
54051
54052
54052
54056
54056
54057
54058
54058
54059
54059
54061
54062
54063
54064
54065
54065
54066
54067
54068
54068
54068
54071
54072
54073
54075
54076
54078
54079
54082
54082
54085
54086
54086
54088
54088
54088
54089
54090
54090
54090
54091
54092
54092
54092
54092
54093
54093
54093
54093
54094
54095
54096
54099
54100
54100
54100
54101
54103
54105
54108
54109
54110
54111
54111
54111
54112
54112
54112
54114
54115
54116
54117
54118
54119
54120
54120
54120
54121
54122
54126
54126
54127
54127
54129
54129
54130
54133
54134
54137
54137
54139
54140
54141
54142
54142
54144
54145
54146
54146
54147
54148
54150
54150
54153
54153
54156
54156
54156
54158
54159
54160
54160
54160
54160
54160
54161
54161
54162
54163
54164
54164
54164
54165
54166
54169
54169
54170
54172
54175
54175
54175
54177
54177
54177
54177
54178
54181
54181
54183
54184
54185
54187
54187
54189
54189
54191
54191
54195
54195
54196
54196
54198
54198
54201
54203
54204
54204
54205
54206
54206
54207
54207
54207
54208
54209
54209
54213
54213
54215
54217
54218
54219
54222
54222
54223
54223
54224
54224
54224
54224
54225
54225
54225
54226
54227
54228
54230
54231
54231
54233
54234
54235
54236
54237
54237
54238
54238
54238
54239
54241
54242
54243
54243
54244
54245
54246
54247
54247
54248
54248
54249
54249
54250
54251
54252
54253
54253
54253
54255
54255
54258
54258
54262
54262
54262
54264
54264
54264
54266
54267
54267
54268
54270
54270
54271
54272
54274
54275
54276
54279
54279
54280
54281
54281
54281
54281
54282
54282
54283
54283
54284
54285
54285
54286
54287
54288
54290
54291
54291
54291
54291
54291
54292
54293
54294
54299
54300
54300
54301
54304
54304
54305
54305
54312
54313
54314
54316
54317
54318
54319
54319
54321
54322
54324
54325
54325
54326
54326
54327
54328
54329
54329
54329
54329
54329
54331
54332
54332
54333
54335
54335
54336
54337
54337
54338
54338
54341
54341
54344
54345
54346
54346
54347
54347
54348
54350
54350
54351
54352
54353
54353
54355
54358
54362
54364
54367
54367
54368
54368
54372
54372
54372
54373
54374
54377
54377
54377
54379
54379
54379
54380
54380
54381
54382
54385
54385
54386
54386
54386
54386
54386
54388
54389
54390
54394
54394
54395
54396
54397
54397
54400
54400
54402
54402
54403
54404
54404
54406
54409
54412
54413
54413
54414
54414
54415
54415
54415
54416
54416
54417
54421
54422
54423
54423
54424
54425
54426
54426
54426
54428
54428
54430
54431
54431
54432
54433
54434
54436
54438
54441
54441
54442
54447
54448
54449
54449
54452
54453
54454
54454
54455
54455
54456
54458
54459
54462
54464
54465
54467
54467
54469
54470
54470
54471
54471
54472
54472
54472
54473
54473
54474
54475
54476
54477
54478
54478
54479
54480
54481
54481
54481
54483
54484
54485
54485
54486
54486
54487
54488
54489
54490
54491
54491
54492
54494
54494
54495
54496
54496
54496
54497
54498
54501
54501
54501
54502
54503
54504
54504
54505
54505
54506
54506
54506
54507
54507
54507
54509
54511
54512
54513
54516
54517
54518
54519
54521
54523
54523
54525
54525
54525
54526
54527
54528
54529
54530
54533
54534
54534
54535
54535
54536
54537
54537
54538
54539
54540
54541
54542
54546
54549
54550
54551
54551
54553
54554
54554
54554
54554
54557
54557
54557
54558
54558
54559
54562
54564
54564
54564
54564
54565
54565
54567
54567
54568
54571
54573
54573
54573
54574
54574
54576
54576
54577
54577
54579
54579
54580
54580
54580
54581
54582
54585
54586
54586
54588
54591
54592
54592
54593
54599
54599
54601
54602
54604
54604
54606
54609
54609
54613
54613
54613
54615
54616
54616
54616
54616
54616
54616
54617
54618
54619
54621
54621
54621
54622
54623
54623
54623
54624
54627
54628
54628
54629
54629
54630
54631
54632
54633
54633
54633
54635
54636
54638
54639
54639
54640
54640
54641
54643
54644
54644
54647
54647
54649
54650
54650
54651
54651
54651
54653
54653
54654
54654
54655
54655
54656
54658
54659
54659
54660
54663
54666
54667
54667
54668
54668
54671
54673
54673
54676
54676
54676
54677
54678
54678
54679
54680
54680
54681
54684
54685
54686
54687
54687
54688
54689
54690
54690
54690
54691
54692
54693
54695
54695
54696
54696
54697
54698
54698
54700
54700
54701
54702
54703
54703
54704
54705
54705
54705
54706
54706
54706
54707
54708
54709
54710
54710
54711
54711
54712
54712
54713
54714
54714
54715
54717
54717
54718
54719
54720
54721
54722
54722
54723
54723
54724
54725
54728
54729
54730
54730
54731
54731
54731
54732
54732
54733
54734
54734
54734
54734
54735
54736
54736
54736
54737
54737
54739
54741
54742
54743
54744
54744
54746
54746
54747
54748
54748
54749
54749
54749
54750
54750
54750
54750
54751
54751
54752
54753
54753
54753
54756
54757
54758
54758
54759
54759
54759
54761
54763
54763
54763
54764
54764
54767
54767
54768
54768
54769
54769
54769
54770
54771
54773
54774
54775
54775
54777
54777
54777
54778
54779
54781
54781
54783
54783
54783
54783
54783
54784
54785
54785
54785
54789
54790
54790
54791
54792
54792
54794
54795
54797
54798
54799
54799
54799
54799
54799
54802
54802
54803
54804
54806
54806
54809
54810
54811
54812
54812
54813
54813
54813
54814
54815
54815
54819
54822
54825
54826
54826
54827
54828
54830
54830
54831
54831
54831
54831
54832
54833
54837
54838
54840
54840
54842
54846
54846
54846
54846
54847
54848
54848
54850
54851
54852
54852
54852
54853
54854
54854
54854
54855
54855
54856
54856
54857
54858
54859
54859
54860
54861
54861
54864
54865
54866
54867
54867
54869
54869
54870
54872
54873
54875
54877
54878
54879
54879
54880
54881
54881
54882
54882
54882
54882
54883
54884
54884
54884
54885
54886
54886
54889
54890
54890
54890
54891
54892
54894
54895
54896
54896
54897
54898
54899
54899
54899
54900
54900
54900
54902
54903
54904
54904
54904
54906
54907
54908
54908
54910
54911
54911
54913
54916
54919
54919
54923
54924
54924
54925
54926
54926
54927
54929
54929
54930
54930
54932
54933
54933
54934
54935
54936
54937
54937
54941
54944
54945
54945
54946
54947
54948
54948
54949
54950
54950
54950
54950
54951
54951
54953
54953
54953
54955
54956
54957
54958
54960
54961
54962
54962
54963
54964
54966
54966
54966
54966
54968
54969
54969
54973
54974
54975
54975
54979
54980
54981
54981
54982
54986
54986
54986
54986
54987
54988
54991
54994
54996
54996
54998
54999
54999
55001
55001
55003
55003
55003
55004
55004
55004
55005
55005
55005
55007
55008
55008
55009
55009
55012
55013
55015
55017
55017
55018
55018
55021
55021
55022
55024
55026
55030
55030
55033
55033
55034
55034
55035
55035
55036
55036
55039
55040
55041
55042
55042
55043
55044
55044
55045
55046
55047
55047
55050
55051
55054
55054
55056
55056
55056
55057
55057
55059
55059
55060
55061
55062
55062
55063
55064
55064
55065
55067
55067
55069
55070
55070
55071
55072
55072
55076
55077
55078
55079
55081
55082
55084
55086
55087
55088
55089
55089
55090
55090
55091
55091
55093
55093
55093
55096
55097
55097
55097
55097
55097
55097
55098
55099
55099
55100
55104
55104
55104
55105
55106
55106
55107
55108
55109
55110
55110
55111
55112
55114
55114
55115
55116
55116
55118
55118
55119
55119
55119
55120
55121
55121
55123
55124
55126
55126
55127
55127
55127
55128
55130
55131
55131
55132
55132
55137
55138
55139
55140
55141
55142
55143
55143
55143
55144
55144
55144
55147
55149
55149
55150
55150
55150
55151
55151
55151
55151
55153
55154
55157
55158
55158
55159
55159
55159
55161
55161
55162
55163
55163
55164
55164
55165
55165
55166
55166
55167
55167
55168
55168
55168
55169
55175
55175
55175
55176
55176
55179
55180
55182
55185
55185
55186
55187
55189
55190
55191
55191
55192
55192
55192
55193
55194
55194
55195
55196
55199
55199
55199
55201
55203
55203
55204
55204
55206
55206
55208
55208
55208
55210
55211
55215
55217
55219
55219
55220
55220
55223
55224
55225
55226
55226
55226
55228
55228
55237
55238
55239
55240
55240
55242
55243
55246
55246
55248
55248
55251
55252
55253
55253
55254
55254
55255
55256
55257
55258
55259
55260
55260
55262
55262
55264
55264
55265
55267
55268
55268
55269
55269
55272
55273
55274
55274
55274
55275
55278
55278
55278
55278
55278
55280
55280
55280
55282
55282
55284
55284
55285
55286
55286
55287
55288
55288
55289
55290
55290
55291
55291
55292
55292
55292
55292
55294
55294
55296
55297
55297
55298
55298
55299
55300
55300
55302
55303
55303
55303
55304
55304
55305
55306
55306
55306
55307
55308
55308
55311
55312
55313
55313
55314
55314
55314
55314
55315
55316
55319
55320
55321
55321
55323
55323
55324
55324
55325
55325
55325
55326
55327
55328
55328
55329
55330
55330
55337
55337
55338
55339
55340
55343
55345
55345
55347
55347
55348
55349
55349
55352
55352
55353
55354
55354
55356
55356
55357
55358
55358
55359
55359
55360
55361
55362
55363
55364
55366
55366
55367
55369
55373
55374
55375
55376
55378
55379
55380
55380
55383
55383
55384
55385
55385
55387
55388
55389
55390
55391
55392
55392
55392
55393
55393
55393
55393
55395
55396
55396
55397
55397
55398
55398
55399
55399
55400
55401
55402
55403
55404
55405
55405
55406
55411
55413
55413
55414
55415
55416
55417
55418
55420
55421
55422
55423
55426
55427
55428
55428
55429
55429
55430
55431
55431
55431
55433
55438
55438
55439
55440
55441
55441
55442
55444
55445
55446
55448
55448
55449
55449
55449
55449
55449
55451
55451
55452
55454
55455
55455
55455
55456
55457
55459
55462
55463
55463
55465
55465
55466
55467
55468
55468
55470
55473
55473
55474
55475
55476
55477
55479
55480
55481
55483
55483
55484
55485
55486
55489
55490
55490
55491
55491
55493
55494
55494
55496
55497
55499
55501
55502
55502
55502
55502
55502
55503
55504
55504
55504
55505
55506
55508
55509
55509
55511
55511
55511
55514
55514
55514
55515
55515
55516
55517
55517
55517
55518
55519
55519
55520
55520
55520
55523
55526
55526
55528
55528
55528
55529
55529
55529
55529
55529
55530
55532
55533
55535
55535
55536
55536
55539
55541
55541
55541
55543
55543
55543
55545
55545
55547
55548
55549
55550
55554
55555
55555
55557
55557
55559
55560
55561
55562
55562
55562
55563
55564
55566
55566
55567
55571
55574
55574
55575
55576
55577
55578
55580
55580
55581
55582
55585
55585
55586
55588
55588
55589
55589
55589
55590
55592
55593
55596
55596
55598
55600
55602
55603
55606
55606
55606
55608
55608
55609
55612
55612
55612
55615
55619
55619
55619
55620
55620
55620
55621
55622
55622
55622
55623
55623
55624
55624
55625
55626
55627
55628
55628
55628
55629
55630
55630
55630
55630
55631
55631
55631
55632
55632
55633
55634
55634
55635
55636
55637
55637
55638
55638
55639
55641
55643
55643
55645
55646
55648
55649
55650
55653
55654
55655
55656
55658
55659
55660
55660
55662
55664
55665
55666
55667
55667
55668
55668
55668
55671
55671
55672
55672
55673
55677
55678
55679
55680
55680
55680
55683
55683
55684
55685
55686
55688
55689
55689
55689
55690
55693
55694
55694
55695
55695
55696
55696
55697
55697
55698
55698
55698
55699
55700
55701
55701
55704
55704
55705
55705
55706
55707
55707
55708
55708
55708
55709
55710
55710
55713
55714
55718
55718
55724
55724
55725
55725
55725
55726
55726
55726
55727
55729
55729
55729
55730
55730
55731
55731
55732
55735
55735
55735
55737
55738
55740
55741
55742
55742
55744
55746
55746
55746
55748
55748
55748
55749
55749
55750
55750
55751
55751
55751
55751
55753
55754
55755
55756
55756
55757
55757
55757
55757
55758
55758
55758
55758
55758
55758
55759
55760
55760
55761
55762
55763
55764
55766
55767
55767
55767
55769
55769
55772
55776
55776
55778
55778
55780
55780
55782
55782
55783
55783
55784
55784
55784
55786
55786
55786
55787
55788
55788
55789
55790
55792
55794
55796
55796
55796
55797
55798
55799
55799
55799
55801
55801
55806
55806
55807
55808
55808
55809
55809
55809
55810
55810
55816
55816
55819
55820
55821
55821
55821
55824
55824
55825
55828
55828
55830
55831
55832
55832
55833
55834
55834
55835
55836
55837
55838
55839
55842
55842
55843
55844
55844
55844
55845
55847
55847
55848
55850
55850
55850
55850
55851
55851
55854
55854
55855
55856
55857
55858
55859
55861
55864
55864
55865
55865
55867
55868
55868
55869
55870
55873
55874
55875
55876
55878
55878
55883
55884
55885
55886
55888
55888
55889
55889
55890
55891
55891
55891
55896
55896
55897
55898
55899
55900
55901
55901
55902
55902
55902
55903
55906
55906
55907
55907
55907
55908
55909
55909
55913
55915
55918
55918
55920
55921
55921
55923
55924
55924
55925
55925
55926
55927
55927
55928
55929
55931
55934
55935
55936
55937
55937
55937
55939
55939
55943
55943
55947
55948
55949
55952
55952
55953
55953
55954
55954
55955
55956
55958
55958
55958
55959
55961
55961
55961
55966
55967
55968
55969
55969
55969
55969
55969
55973
55973
55973
55974
55975
55977
55979
55980
55981
55983
55985
55987
55987
55989
55990
55991
55992
55993
55993
55993
55993
55994
55995
55996
55997
55998
55998
55999
56000
56000
56000
56000
56001
56004
56005
56006
56006
56007
56009
56009
56009
56012
56012
56012
56014
56015
56017
56017
56018
56019
56020
56020
56021
56022
56023
56024
56024
56025
56026
56029
56032
56032
56033
56033
56035
56035
56036
56036
56038
56040
56040
56040
56041
56041
56043
56044
56044
56046
56047
56047
56048
56048
56049
56049
56049
56050
56053
56054
56056
56056
56056
56056
56058
56060
56062
56063
56063
56065
56065
56066
56066
56068
56069
56069
56069
56070
56071
56071
56071
56072
56072
56073
56073
56074
56077
56077
56077
56077
56078
56079
56081
56081
56082
56084
56084
56085
56086
56088
56088
56090
56091
56093
56093
56093
56094
56095
56095
56098
56100
56100
56102
56103
56105
56109
56111
56111
56114
56115
56115
56115
56117
56120
56121
56121
56121
56122
56122
56123
56123
56124
56125
56126
56127
56128
56128
56132
56132
56133
56133
56133
56136
56136
56136
56138
56138
56139
56140
56141
56141
56141
56142
56143
56143
56143
56144
56145
56146
56146
56146
56148
56149
56150
56150
56150
56151
56152
56152
56156
56159
56159
56160
56161
56162
56162
56162
56162
56164
56166
56167
56169
56170
56170
56170
56171
56171
56172
56175
56176
56178
56178
56178
56180
56180
56180
56181
56181
56181
56182
56186
56186
56187
56188
56188
56189
56191
56192
56193
56195
56195
56195
56196
56200
56202
56203
56203
56204
56207
56208
56209
56211
56212
56212
56213
56215
56215
56216
56218
56222
56222
56223
56224
56225
56225
56226
56228
56228
56230
56230
56232
56233
56234
56235
56236
56239
56239
56239
56241
56243
56243
56246
56247
56250
56252
56252
56253
56253
56254
56254
56254
56256
56258
56258
56258
56258
56259
56262
56263
56263
56264
56266
56267
56268
56268
56271
56272
56274
56274
56274
56276
56277
56278
56279
56279
56280
56280
56281
56282
56284
56285
56285
56286
56288
56288
56288
56289
56289
56291
56292
56293
56296
56296
56297
56298
56298
56299
56300
56300
56301
56304
56304
56305
56308
56309
56309
56313
56314
56314
56315
56318
56318
56320
56321
56322
56322
56322
56322
56325
56330
56330
56330
56334
56334
56336
56337
56339
56339
56343
56343
56347
56347
56348
56348
56352
56352
56353
56353
56356
56360
56364
56364
56364
56367
56368
56368
56369
56371
56371
56373
56373
56373
56374
56374
56375
56375
56376
56377
56378
56379
56380
56381
56382
56382
56382
56386
56387
56388
56388
56390
56392
56394
56394
56394
56395
56399
56399
56399
56399
56399
56400
56401
56401
56403
56403
56405
56408
56410
56410
56411
56411
56413
56413
56415
56417
56418
56420
56421
56422
56423
56423
56423
56424
56424
56424
56426
56426
56427
56427
56428
56430
56430
56430
56431
56431
56434
56435
56435
56436
56436
56437
56438
56441
56442
56444
56445
56449
56449
56450
56452
56454
56457
56457
56457
56458
56459
56459
56460
56461
56462
56463
56465
56465
56467
56467
56468
56468
56470
56470
56472
56473
56474
56475
56475
56476
56477
56478
56479
56479
56480
56481
56482
56485
56486
56487
56489
56489
56489
56490
56490
56493
56494
56495
56496
56497
56497
56499
56499
56500
56500
56500
56502
56504
56505
56506
56507
56509
56509
56511
56511
56512
56512
56513
56513
56514
56514
56514
56515
56516
56519
56519
56519
56520
56521
56523
56525
56526
56526
56532
56533
56533
56534
56539
56539
56540
56542
56543
56543
56543
56544
56544
56544
56545
56545
56547
56547
56547
56551
56555
56557
56557
56557
56557
56558
56558
56559
56559
56559
56562
56563
56563
56566
56568
56568
56570
56570
56570
56571
56572
56573
56573
56573
56573
56574
56576
56577
56578
56579
56581
56581
56583
56584
56588
56588
56588
56589
56590
56592
56593
56594
56597
56598
56599
56599
56599
56599
56600
56601
56602
56603
56605
56606
56606
56607
56608
56609
56609
56609
56610
56611
56613
56614
56614
56614
56615
56616
56616
56617
56619
56619
56620
56622
56622
56623
56625
56625
56625
56626
56628
56629
56629
56631
56632
56632
56632
56632
56635
56635
56636
56638
56638
56639
56640
56641
56644
56645
56646
56646
56647
56647
56648
56648
56650
56650
56650
56652
56652
56653
56653
56653
56654
56654
56655
56655
56656
56656
56656
56657
56658
56662
56664
56666
56666
56668
56671
56671
56671
56672
56673
56674
56674
56675
56675
56676
56678
56680
56681
56682
56683
56684
56684
56686
56686
56686
56688
56688
56692
56692
56692
56693
56693
56695
56695
56695
56696
56696
56697
56698
56698
56699
56699
56699
56699
56699
56700
56701
56701
56703
56704
56704
56705
56705
56705
56707
56708
56708
56708
56709
56710
56710
56712
56713
56713
56714
56714
56714
56715
56715
56716
56716
56716
56717
56717
56717
56718
56718
56718
56719
56722
56722
56725
56726
56727
56727
56727
56730
56731
56731
56732
56735
56737
56739
56739
56740
56742
56743
56743
56744
56746
56746
56746
56747
56751
56751
56752
56753
56753
56755
56755
56756
56759
56762
56765
56766
56766
56767
56770
56771
56772
56772
56774
56774
56775
56775
56776
56776
56777
56777
56778
56778
56778
56780
56780
56781
56781
56781
56781
56782
56787
56788
56788
56788
56790
56791
56793
56797
56800
56800
56801
56801
56803
56805
56805
56805
56806
56806
56807
56808
56809
56810
56810
56813
56814
56814
56816
56816
56818
56820
56821
56821
56821
56825
56825
56825
56825
56826
56826
56827
56828
56829
56829
56832
56832
56833
56835
56836
56838
56838
56838
56838
56843
56847
56847
56851
56851
56854
56854
56855
56856
56857
56857
56858
56860
56861
56862
56863
56863
56864
56867
56867
56868
56869
56871
56871
56872
56874
56874
56874
56875
56875
56876
56876
56876
56876
56877
56879
56881
56883
56884
56884
56885
56886
56888
56888
56889
56891
56891
56893
56895
56896
56896
56896
56897
56900
56901
56906
56906
56907
56910
56911
56911
56912
56912
56914
56915
56916
56916
56916
56916
56916
56917
56918
56919
56920
56920
56920
56920
56922
56923
56925
56925
56926
56927
56928
56929
56930
56931
56933
56933
56935
56935
56935
56941
56942
56942
56943
56945
56946
56946
56947
56947
56948
56950
56952
56952
56953
56955
56956
56961
56962
56962
56962
56963
56964
56965
56966
56966
56967
56967
56968
56968
56969
56970
56973
56973
56974
56975
56975
56975
56976
56976
56977
56977
56977
56977
56980
56981
56981
56983
56984
56984
56985
56985
56987
56988
56990
56993
56993
56994
56997
56998
56998
56998
56999
56999
57000
57001
57001
57002
57002
57004
57004
57006
57008
57009
57009
57010
57010
57012
57013
57014
57015
57015
57016
57016
57018
57019
57019
57022
57022
57022
57023
57025
57026
57026
57026
57026
57027
57027
57028
57028
57028
57028
57029
57029
57030
57030
57031
57031
57032
57032
57034
57035
57036
57036
57037
57039
57040
57042
57045
57047
57048
57048
57051
57051
57052
57056
57057
57057
57058
57059
57059
57061
57061
57064
57068
57068
57069
57069
57070
57071
57071
57073
57074
57075
57076
57078
57079
57079
57082
57083
57083
57084
57084
57085
57087
57088
57088
57090
57091
57092
57093
57094
57095
57095
57096
57096
57098
57098
57099
57099
57099
57100
57103
57104
57104
57105
57106
57106
57107
57107
57108
57109
57110
57110
57111
57112
57113
57113
57113
57113
57114
57116
57116
57116
57117
57118
57118
57119
57121
57122
57122
57123
57123
57125
57127
57127
57127
57127
57129
57130
57130
57131
57131
57133
57134
57135
57135
57137
57138
57138
57141
57141
57143
57144
57144
57146
57147
57149
57150
57151
57151
57152
57152
57153
57154
57154
57154
57155
57155
57156
57156
57156
57157
57159
57159
57159
57160
57160
57161
57161
57163
57164
57164
57165
57165
57168
57169
57170
57170
57174
57175
57175
57177
57179
57179
57180
57181
57183
57183
57183
57186
57190
57191
57192
57193
57194
57195
57198
57199
57199
57201
57202
57204
57212
57213
57213
57213
57214
57218
57220
57221
57223
57223
57223
57223
57224
57225
57225
57226
57228
57229
57229
57230
57230
57231
57231
57233
57233
57235
57236
57237
57237
57238
57239
57240
57241
57243
57246
57247
57248
57248
57249
57250
57251
57252
57252
57253
57254
57254
57254
57255
57257
57257
57258
57258
57261
57261
57262
57262
57263
57264
57264
57265
57265
57266
57266
57268
57269
57269
57270
57270
57271
57274
57275
57275
57275
57275
57277
57279
57279
57279
57280
57280
57280
57283
57284
57285
57287
57288
57293
57294
57295
57296
57298
57298
57299
57300
57300
57300
57300
57300
57301
57301
57303
57305
57305
57306
57307
57308
57308
57308
57311
57312
57313
57314
57315
57315
57317
57317
57318
57319
57321
57321
57322
57322
57324
57325
57325
57330
57330
57331
57332
57332
57333
57335
57335
57335
57337
57338
57339
57339
57339
57341
57343
57343
57344
57344
57344
57344
57346
57346
57347
57350
57351
57351
57353
57353
57354
57354
57355
57355
57357
57358
57359
57360
57360
57361
57361
57362
57364
57365
57366
57366
57366
57367
57371
57371
57371
57372
57372
57372
57373
57373
57373
57373
57375
57375
57376
57377
57377
57381
57383
57383
57386
57386
57386
57388
57388
57390
57392
57392
57392
57394
57395
57397
57399
57400
57401
57401
57401
57402
57403
57403
57404
57406
57407
57408
57408
57408
57409
57410
57412
57413
57416
57416
57417
57417
57418
57419
57420
57421
57423
57424
57425
57425
57426
57426
57426
57430
57430
57432
57433
57434
57437
57438
57439
57440
57441
57441
57441
57446
57446
57446
57446
57447
57450
57450
57451
57452
57452
57453
57454
57455
57456
57456
57456
57458
57458
57459
57460
57463
57464
57466
57468
57471
57473
57474
57474
57475
57476
57479
57479
57481
57483
57483
57486
57486
57487
57488
57490
57490
57493
57494
57495
57496
57497
57499
57500
57501
57502
57502
57503
57503
57505
57505
57505
57506
57507
57507
57508
57512
57512
57513
57514
57514
57514
57516
57516
57517
57519
57522
57522
57523
57523
57523
57523
57523
57525
57526
57526
57528
57529
57530
57530
57531
57531
57532
57533
57534
57536
57536
57537
57538
57538
57538
57540
57540
57540
57541
57542
57542
57546
57546
57547
57547
57547
57548
57549
57550
57550
57552
57552
57553
57553
57553
57554
57555
57555
57556
57556
57556
57561
57562
57563
57563
57564
57565
57565
57568
57569
57569
57570
57570
57570
57570
57571
57572
57572
57572
57574
57575
57576
57576
57576
57577
57577
57579
57579
57581
57582
57583
57583
57584
57584
57584
57584
57587
57587
57589
57590
57590
57591
57592
57592
57592
57593
57594
57598
57599
57599
57601
57601
57602
57603
57604
57605
57605
57605
57606
57607
57608
57609
57611
57613
57613
57614
57615
57615
57615
57619
57620
57620
57621
57623
57625
57626
57627
57628
57628
57629
57630
57630
57632
57632
57633
57634
57635
57636
57637
57638
57638
57638
57640
57640
57641
57642
57645
57646
57648
57651
57653
57655
57656
57657
57658
57658
57658
57658
57659
57659
57659
57659
57659
57660
57661
57661
57663
57664
57665
57665
57666
57666
57668
57669
57669
57670
57672
57676
57676
57677
57677
57678
57678
57680
57681
57683
57684
57688
57688
57691
57691
57691
57695
57697
57698
57700
57700
57701
57702
57702
57703
57703
57703
57704
57704
57704
57705
57705
57705
57705
57706
57707
57708
57708
57709
57710
57710
57711
57711
57714
57717
57720
57720
57721
57721
57723
57725
57725
57728
57730
57731
57731
57732
57733
57735
57737
57738
57739
57739
57739
57741
57741
57741
57741
57743
57743
57743
57743
57744
57745
57746
57746
57747
57749
57749
57751
57752
57752
57753
57753
57755
57755
57756
57758
57761
57762
57763
57763
57765
57765
57766
57767
57767
57768
57768
57770
57771
57774
57774
57774
57776
57778
57780
57780
57780
57780
57785
57785
57787
57787
57789
57790
57790
57792
57793
57793
57793
57793
57793
57794
57795
57796
57797
57797
57797
57798
57798
57799
57799
57800
57801
57801
57802
57805
57806
57808
57809
57811
57811
57812
57814
57815
57816
57816
57817
57818
57819
57822
57823
57824
57825
57826
57827
57828
57828
57829
57830
57830
57830
57831
57832
57833
57833
57834
57834
57837
57839
57840
57841
57843
57844
57844
57845
57847
57848
57848
57848
57849
57849
57849
57850
57850
57850
57850
57851
57853
57854
57855
57855
57856
57856
57860
57861
57862
57863
57863
57864
57865
57866
57868
57869
57870
57871
57871
57872
57873
57878
57878
57879
57879
57883
57883
57884
57885
57885
57887
57888
57889
57890
57890
57891
57891
57895
57895
57896
57898
57898
57900
57901
57901
57903
57905
57906
57908
57908
57908
57908
57909
57909
57909
57910
57911
57911
57913
57914
57914
57914
57915
57915
57916
57917
57917
57919
57920
57921
57924
57928
57930
57930
57934
57934
57937
57939
57944
57945
57947
57947
57948
57949
57950
57951
57955
57956
57956
57960
57962
57963
57963
57964
57968
57969
57969
57974
57974
57974
57975
57977
57979
57981
57984
57985
57987
57988
57989
57990
57992
57993
57993
57993
57995
57995
57995
57996
57997
57998
58000
58000
58001
58003
58003
58004
58005
58005
58009
58010
58011
58011
58012
58012
58013
58013
58014
58015
58015
58015
58016
58017
58017
58018
58020
58020
58022
58022
58023
58023
58023
58023
58024
58025
58025
58026
58026
58026
58027
58027
58028
58028
58028
58030
58031
58035
58037
58037
58038
58039
58043
58046
58047
58048
58049
58049
58049
58051
58052
58052
58053
58053
58054
58056
58057
58058
58059
58059
58059
58060
58063
58063
58063
58065
58068
58071
58071
58071
58073
58074
58080
58085
58085
58085
58085
58087
58087
58090
58092
58095
58096
58096
58096
58097
58097
58098
58100
58100
58101
58104
58107
58107
58107
58109
58110
58111
58111
58112
58113
58114
58114
58116
58116
58117
58118
58118
58118
58119
58120
58120
58120
58122
58123
58128
58129
58129
58129
58130
58132
58132
58133
58134
58135
58135
58137
58138
58139
58139
58140
58140
58141
58142
58144
58146
58147
58147
58150
58150
58151
58154
58154
58155
58157
58157
58159
58159
58160
58161
58161
58162
58162
58163
58164
58165
58165
58167
58168
58168
58169
58171
58172
58172
58173
58175
58176
58176
58177
58177
58177
58179
58182
58182
58183
58185
58185
58186
58187
58187
58188
58189
58190
58190
58192
58192
58193
58193
58193
58194
58195
58196
58196
58197
58198
58201
58201
58203
58203
58204
58205
58205
58207
58207
58208
58208
58208
58211
58211
58211
58212
58212
58213
58213
58213
58213
58214
58214
58215
58216
58218
58219
58219
58219
58220
58221
58224
58225
58228
58228
58229
58230
58230
58231
58231
58231
58232
58232
58234
58234
58237
58239
58240
58242
58244
58245
58245
58246
58250
58251
58251
58252
58252
58253
58254
58256
58257
58258
58259
58260
58260
58262
58263
58263
58265
58265
58267
58272
58272
58276
58276
58277
58277
58277
58278
58280
58282
58284
58285
58286
58286
58288
58288
58289
58290
58290
58290
58291
58292
58293
58293
58293
58294
58294
58294
58296
58296
58297
58297
58298
58300
58302
58303
58304
58304
58306
58307
58309
58309
58310
58311
58311
58312
58312
58312
58313
58314
58314
58315
58315
58315
58316
58317
58317
58317
58318
58318
58319
58320
58321
58322
58325
58327
58328
58328
58328
58329
58333
58336
58337
58339
58341
58341
58341
58342
58343
58345
58349
58351
58352
58352
58353
58353
58354
58355
58356
58359
58360
58360
58360
58360
58363
58363
58364
58365
58366
58367
58367
58367
58370
58370
58373
58373
58376
58376
58378
58379
58380
58382
58383
58385
58385
58386
58386
58390
58390
58390
58391
58392
58394
58396
58397
58398
58398
58400
58400
58402
58407
58407
58409
58409
58409
58410
58411
58414
58415
58416
58417
58418
58419
58419
58420
58422
58422
58423
58424
58425
58426
58427
58432
58433
58433
58434
58434
58437
58437
58438
58440
58441
58441
58441
58444
58445
58445
58448
58448
58449
58450
58450
58455
58455
58455
58455
58456
58457
58461
58461
58461
58462
58463
58464
58464
58464
58464
58466
58467
58467
58469
58469
58471
58472
58473
58473
58475
58477
58477
58477
58479
58479
58480
58480
58480
58481
58481
58482
58482
58482
58483
58483
58484
58485
58486
58486
58487
58487
58487
58488
58491
58492
58492
58493
58495
58498
58498
58499
58499
58502
58502
58504
58505
58505
58506
58506
58507
58507
58510
58511
58511
58511
58512
58512
58514
58514
58515
58516
58517
58518
58520
58520
58520
58521
58522
58525
58526
58530
58531
58532
58534
58534
58535
58538
58540
58540
58542
58542
58543
58544
58544
58545
58546
58550
58550
58551
58552
58553
58554
58554
58554
58554
58555
58556
58557
58557
58557
58557
58557
58557
58558
58559
58560
58560
58560
58561
58561
58561
58562
58562
58564
58564
58565
58566
58567
58569
58571
58572
58572
58572
58573
58573
58574
58575
58576
58577
58578
58580
58582
58582
58582
58583
58583
58583
58585
58586
58587
58588
58588
58590
58590
58590
58590
58591
58592
58594
58595
58597
58598
58599
58600
58600
58602
58605
58607
58608
58609
58610
58610
58612
58613
58613
58613
58614
58614
58615
58615
58617
58617
58618
58618
58620
58620
58620
58621
58621
58621
58621
58622
58624
58625
58626
58627
58627
58629
58629
58629
58630
58631
58632
58632
58634
58635
58635
58635
58636
58636
58636
58640
58640
58640
58641
58641
58643
58644
58644
58645
58645
58646
58647
58647
58648
58649
58649
58651
58652
58652
58653
58655
58655
58656
58656
58657
58658
58659
58660
58660
58660
58661
58661
58661
58662
58666
58669
58669
58672
58673
58675
58676
58677
58678
58679
58679
58680
58681
58682
58682
58682
58685
58685
58686
58686
58687
58687
58690
58690
58691
58693
58698
58699
58700
58700
58702
58702
58704
58704
58705
58706
58706
58706
58706
58707
58707
58708
58708
58710
58711
58712
58715
58718
58719
58719
58721
58721
58721
58723
58724
58724
58725
58725
58729
58731
58731
58732
58733
58734
58734
58734
58735
58735
58736
58737
58738
58738
58739
58740
58740
58740
58743
58743
58744
58744
58745
58748
58751
58753
58754
58756
58758
58758
58761
58761
58763
58765
58766
58767
58771
58771
58775
58776
58778
58779
58779
58779
58780
58783
58785
58786
58788
58789
58789
58790
58790
58792
58795
58796
58796
58799
58799
58799
58801
58803
58805
58805
58805
58806
58806
58806
58807
58807
58807
58807
58809
58810
58811
58811
58811
58811
58814
58815
58815
58815
58817
58818
58818
58818
58820
58820
58821
58821
58824
58825
58826
58827
58829
58829
58831
58832
58834
58837
58838
58839
58840
58840
58841
58843
58844
58844
58845
58845
58846
58847
58849
58849
58849
58850
58850
58851
58851
58854
58854
58858
58859
58861
58861
58862
58862
58864
58865
58865
58865
58866
58866
58867
58868
58868
58869
58869
58871
58871
58872
58874
58875
58875
58875
58877
58878
58879
58880
58881
58883
58884
58884
58885
58885
58886
58889
58891
58891
58891
58892
58892
58894
58897
58899
58900
58900
58902
58902
58903
58903
58904
58905
58906
58907
58908
58911
58913
58913
58913
58915
58915
58916
58917
58919
58919
58919
58920
58920
58920
58920
58924
58926
58926
58926
58926
58927
58927
58927
58927
58928
58928
58929
58929
58930
58930
58930
58931
58931
58932
58932
58933
58933
58937
58939
58939
58941
58941
58942
58942
58944
58949
58949
58949
58949
58949
58950
58951
58951
58953
58953
58953
58954
58955
58957
58958
58958
58958
58958
58959
58959
58961
58962
58962
58963
58964
58964
58965
58965
58966
58966
58970
58972
58972
58974
58975
58978
58980
58980
58981
58981
58982
58985
58986
58986
58986
58989
58989
58993
58993
58996
58996
58998
58999
58999
59002
59005
59005
59008
59009
59010
59012
59012
59014
59014
59014
59017
59018
59019
59020
59020
59021
59021
59022
59024
59025
59027
59027
59027
59027
59028
59028
59029
59029
59029
59030
59030
59031
59031
59032
59032
59035
59036
59038
59041
59044
59045
59046
59046
59046
59049
59050
59051
59053
59053
59053
59055
59056
59056
59056
59057
59057
59057
59057
59058
59059
59060
59063
59063
59067
59068
59071
59075
59075
59076
59077
59078
59079
59080
59080
59080
59081
59082
59084
59091
59091
59093
59095
59095
59096
59096
59101
59103
59104
59104
59106
59106
59108
59111
59112
59112
59112
59112
59113
59114
59115
59115
59117
59118
59118
59122
59122
59124
59124
59124
59125
59127
59127
59128
59131
59131
59132
59133
59136
59137
59137
59138
59139
59139
59140
59140
59141
59141
59142
59142
59142
59146
59147
59149
59149
59150
59150
59153
59154
59156
59159
59159
59159
59160
59160
59161
59162
59162
59163
59163
59164
59164
59164
59165
59165
59166
59166
59166
59170
59170
59170
59173
59173
59173
59174
59175
59175
59176
59176
59179
59179
59180
59181
59183
59184
59186
59187
59189
59191
59195
59195
59197
59197
59199
59199
59200
59202
59202
59202
59204
59206
59212
59213
59215
59216
59216
59217
59217
59225
59225
59226
59226
59227
59228
59229
59230
59231
59232
59233
59237
59237
59237
59237
59237
59238
59240
59240
59241
59241
59241
59241
59243
59243
59244
59245
59246
59247
59248
59248
59249
59251
59251
59251
59252
59252
59253
59253
59254
59254
59254
59256
59259
59260
59260
59262
59266
59266
59267
59267
59269
59270
59275
59275
59276
59276
59276
59277
59277
59278
59279
59279
59279
59280
59280
59281
59281
59281
59282
59283
59283
59284
59285
59285
59285
59285
59285
59288
59288
59289
59290
59290
59290
59291
59291
59292
59292
59292
59293
59293
59297
59300
59302
59303
59303
59305
59305
59307
59309
59309
59312
59312
59313
59313
59313
59316
59317
59317
59318
59319
59320
59320
59322
59322
59323
59324
59324
59324
59324
59325
59326
59326
59327
59329
59332
59333
59333
59335
59335
59336
59336
59336
59338
59340
59343
59346
59346
59347
59348
59349
59350
59351
59351
59352
59352
59353
59353
59353
59354
59357
59357
59357
59359
59359
59360
59362
59363
59363
59363
59363
59364
59364
59365
59365
59365
59365
59366
59366
59367
59367
59368
59370
59371
59372
59374
59376
59376
59377
59378
59380
59380
59381
59382
59382
59384
59384
59387
59388
59391
59392
59392
59392
59392
59392
59393
59396
59397
59397
59397
59398
59399
59401
59402
59402
59404
59404
59404
59405
59406
59412
59413
59414
59417
59418
59421
59421
59421
59421
59422
59424
59424
59427
59430
59431
59432
59433
59433
59434
59437
59437
59438
59439
59439
59440
59442
59442
59443
59444
59444
59445
59445
59445
59445
59446
59446
59446
59447
59448
59449
59450
59450
59451
59452
59453
59455
59457
59457
59458
59459
59459
59464
59468
59472
59472
59474
59474
59474
59476
59478
59480
59480
59483
59484
59484
59485
59487
59488
59489
59493
59493
59493
59493
59494
59495
59495
59496
59497
59498
59499
59500
59500
59500
59500
59501
59502
59502
59502
59503
59504
59505
59506
59507
59507
59507
59509
59509
59510
59510
59511
59511
59511
59513
59514
59520
59521
59522
59522
59522
59522
59524
59524
59525
59528
59531
59532
59533
59534
59534
59534
59534
59537
59538
59539
59540
59540
59541
59541
59542
59542
59543
59543
59543
59543
59544
59546
59547
59548
59548
59551
59552
59553
59553
59555
59555
59555
59557
59557
59558
59559
59560
59561
59563
59564
59564
59567
59569
59572
59573
59575
59575
59576
59578
59578
59581
59584
59588
59588
59592
59593
59593
59593
59599
59600
59603
59603
59604
59605
59606
59606
59607
59613
59614
59615
59616
59616
59616
59618
59620
59620
59622
59622
59622
59623
59623
59624
59624
59625
59625
59625
59627
59627
59628
59628
59628
59629
59629
59632
59635
59636
59637
59638
59638
59640
59643
59645
59645
59650
59650
59651
59651
59651
59652
59653
59654
59655
59655
59656
59658
59660
59660
59660
59660
59660
59660
59662
59663
59668
59668
59669
59670
59671
59671
59672
59673
59673
59674
59675
59677
59678
59678
59679
59680
59680
59682
59682
59684
59684
59685
59686
59687
59687
59689
59690
59690
59691
59692
59694
59696
59697
59698
59698
59700
59701
59702
59702
59703
59705
59705
59706
59706
59706
59707
59708
59708
59708
59709
59709
59710
59710
59710
59711
59712
59713
59713
59714
59714
59715
59715
59715
59716
59716
59716
59717
59720
59720
59722
59722
59722
59723
59725
59726
59727
59728
59729
59729
59729
59730
59734
59734
59734
59738
59740
59740
59741
59742
59743
59743
59744
59746
59746
59747
59748
59748
59749
59749
59750
59752
59753
59753
59754
59755
59758
59758
59759
59760
59762
59764
59764
59764
59766
59766
59769
59771
59771
59772
59774
59774
59775
59776
59776
59776
59778
59778
59780
59782
59784
59784
59785
59786
59786
59787
59788
59788
59788
59788
59788
59793
59793
59793
59794
59795
59796
59797
59799
59801
59801
59801
59802
59802
59803
59803
59804
59805
59806
59807
59809
59810
59811
59814
59814
59814
59815
59815
59815
59817
59820
59824
59824
59826
59827
59827
59827
59832
59833
59834
59835
59836
59837
59837
59838
59838
59839
59840
59842
59842
59844
59845
59845
59847
59848
59852
59853
59853
59859
59859
59861
59861
59861
59862
59864
59866
59867
59867
59868
59868
59868
59868
59870
59870
59871
59871
59873
59874
59874
59875
59876
59876
59877
59879
59879
59880
59881
59883
59885
59886
59886
59887
59887
59887
59888
59888
59889
59891
59891
59892
59892
59893
59895
59896
59898
59899
59899
59899
59900
59900
59900
59901
59901
59902
59903
59905
59906
59907
59910
59912
59913
59914
59914
59915
59916
59916
59917
59917
59920
59920
59921
59923
59923
59924
59926
59927
59927
59929
59930
59930
59931
59931
59933
59933
59935
59936
59937
59938
59939
59939
59940
59940
59940
59941
59943
59944
59945
59945
59946
59949
59950
59953
59954
59954
59954
59955
59956
59957
59958
59959
59960
59960
59960
59960
59961
59961
59962
59962
59963
59965
59969
59971
59972
59972
59973
59973
59974
59974
59976
59977
59977
59977
59978
59978
59979
59981
59982
59982
59982
59982
59982
59992
59993
59995
59996
59997
59998
59999
60002
60003
60003
60006
60008
60009
60011
60016
60016
60017
60017
60018
60018
60019
60019
60020
60022
60022
60025
60025
60026
60027
60029
60034
60034
60034
60034
60034
60037
60038
60038
60039
60039
60039
60040
60041
60042
60045
60046
60046
60047
60049
60052
60052
60052
60052
60053
60053
60054
60054
60055
60056
60057
60058
60058
60059
60059
60060
60064
60066
60067
60067
60067
60068
60068
60068
60069
60069
60069
60069
60070
60073
60074
60075
60076
60077
60077
60078
60080
60082
60085
60086
60087
60088
60088
60090
60090
60090
60091
60091
60093
60094
60095
60097
60097
60097
60097
60098
60099
60099
60101
60101
60104
60105
60107
60108
60109
60111
60111
60111
60113
60114
60116
60117
60121
60122
60124
60125
60126
60127
60127
60128
60128
60131
60132
60132
60133
60135
60136
60141
60141
60142
60143
60144
60145
60146
60146
60147
60149
60149
60149
60151
60152
60152
60154
60156
60156
60159
60161
60162
60162
60163
60164
60164
60165
60166
60170
60170
60171
60171
60172
60174
60175
60176
60177
60177
60180
60181
60181
60181
60183
60183
60184
60185
60186
60187
60190
60190
60191
60191
60192
60192
60193
60200
60202
60204
60205
60206
60206
60207
60209
60209
60209
60210
60210
60212
60214
60215
60216
60217
60220
60220
60220
60221
60222
60222
60222
60224
60224
60224
60228
60228
60228
60229
60229
60231
60232
60232
60233
60233
60233
60234
60234
60235
60237
60238
60238
60238
60239
60240
60241
60243
60243
60244
60246
60246
60247
60247
60248
60248
60248
60249
60251
60253
60254
60256
60258
60258
60259
60261
60261
60261
60262
60263
60265
60267
60268
60269
60270
60270
60270
60271
60272
60273
60273
60274
60276
60279
60279
60279
60280
60285
60285
60285
60287
60288
60289
60292
60293
60298
60300
60300
60300
60302
60304
60304
60306
60307
60307
60308
60308
60308
60309
60309
60311
60313
60314
60314
60314
60314
60314
60315
60316
60316
60316
60316
60319
60319
60319
60320
60321
60325
60326
60327
60327
60329
60329
60330
60331
60333
60333
60335
60336
60336
60338
60338
60339
60340
60340
60341
60341
60341
60343
60343
60344
60344
60344
60345
60345
60346
60346
60347
60347
60349
60349
60351
60352
60353
60356
60358
60358
60360
60361
60363
60370
60371
60371
60372
60372
60372
60374
60377
60378
60378
60380
60380
60381
60381
60384
60384
60386
60387
60388
60388
60388
60389
60389
60390
60393
60394
60395
60398
60398
60399
60405
60405
60406
60406
60410
60411
60411
60412
60412
60413
60413
60413
60414
60414
60415
60415
60416
60416
60417
60418
60418
60418
60418
60419
60420
60420
60422
60425
60426
60427
60428
60432
60434
60436
60437
60439
60440
60441
60442
60448
60450
60452
60455
60455
60457
60459
60459
60459
60459
60463
60464
60466
60468
60469
60469
60470
60470
60473
60474
60475
60475
60476
60476
60477
60479
60480
60480
60481
60482
60483
60484
60485
60487
60489
60489
60490
60490
60491
60491
60493
60493
60494
60495
60495
60496
60496
60496
60501
60501
60502
60502
60502
60503
60505
60506
60506
60507
60507
60507
60507
60508
60508
60508
60509
60512
60512
60513
60514
60514
60515
60516
60517
60517
60518
60519
60519
60519
60519
60520
60520
60520
60521
60522
60523
60523
60524
60525
60527
60528
60529
60530
60530
60531
60531
60533
60534
60535
60535
60535
60537
60540
60541
60543
60543
60543
60544
60546
60546
60547
60549
60550
60553
60553
60554
60555
60555
60555
60556
60556
60557
60557
60558
60559
60560
60560
60560
60562
60562
60563
60564
60566
60566
60568
60569
60571
60572
60572
60572
60576
60576
60577
60578
60579
60580
60582
60582
60582
60582
60582
60583
60583
60584
60584
60587
60587
60588
60590
60590
60591
60592
60593
60593
60594
60594
60594
60596
60598
60598
60600
60601
60604
60607
60607
60608
60609
60613
60613
60613
60615
60616
60616
60616
60619
60619
60619
60620
60621
60621
60623
60626
60628
60629
60630
60631
60631
60633
60633
60633
60634
60634
60635
60636
60637
60637
60637
60639
60639
60642
60642
60643
60645
60648
60650
60650
60651
60651
60652
60652
60652
60653
60654
60654
60660
60660
60660
60665
60666
60669
60670
60672
60672
60673
60673
60674
60674
60676
60678
60680
60680
60682
60684
60684
60685
60687
60687
60691
60691
60692
60694
60696
60697
60698
60699
60702
60703
60704
60705
60705
60707
60707
60707
60708
60709
60709
60709
60710
60711
60711
60711
60711
60712
60715
60716
60716
60717
60718
60720
60720
60722
60722
60722
60722
60723
60723
60723
60727
60728
60729
60730
60731
60733
60739
60742
60743
60743
60745
60748
60749
60750
60750
60750
60752
60753
60753
60754
60756
60756
60757
60759
60759
60762
60766
60767
60768
60769
60771
60771
60771
60772
60774
60775
60775
60775
60776
60776
60780
60780
60781
60781
60781
60782
60784
60785
60786
60787
60788
60788
60788
60789
60790
60790
60791
60792
60793
60793
60794
60794
60795
60796
60797
60799
60800
60801
60802
60802
60803
60805
60806
60806
60806
60807
60808
60808
60812
60813
60814
60815
60816
60819
60819
60821
60822
60823
60824
60825
60826
60828
60829
60830
60830
60830
60830
60831
60833
60835
60836
60836
60836
60837
60837
60837
60838
60838
60838
60839
60839
60841
60841
60841
60844
60845
60845
60846
60847
60847
60847
60847
60849
60850
60851
60853
60854
60855
60856
60856
60857
60857
60858
60860
60860
60860
60860
60863
60865
60865
60866
60866
60868
60869
60870
60872
60873
60874
60874
60874
60877
60878
60879
60882
60883
60884
60885
60886
60886
60886
60887
60887
60890
60890
60891
60891
60891
60893
60896
60896
60896
60897
60897
60898
60903
60905
60905
60907
60908
60910
60910
60911
60912
60912
60914
60914
60915
60915
60916
60917
60918
60918
60919
60920
60921
60922
60924
60925
60925
60925
60926
60926
60926
60927
60928
60930
60931
60932
60933
60933
60935
60935
60936
60936
60938
60938
60940
60941
60943
60943
60943
60943
60950
60952
60953
60956
60956
60956
60957
60957
60957
60958
60959
60961
60961
60962
60962
60963
60963
60964
60964
60965
60966
60969
60971
60972
60973
60974
60975
60975
60976
60978
60982
60983
60984
60984
60984
60986
60986
60987
60990
60990
60992
60994
60998
61001
61001
61002
61002
61002
61002
61003
61004
61005
61005
61005
61008
61009
61010
61012
61013
61013
61014
61015
61016
61019
61020
61020
61021
61021
61023
61024
61027
61027
61027
61028
61028
61031
61031
61033
61034
61034
61034
61034
61037
61037
61038
61040
61041
61042
61043
61044
61044
61045
61045
61046
61047
61047
61048
61048
61049
61051
61056
61056
61058
61058
61058
61060
61060
61061
61063
61064
61065
61065
61065
61066
61067
61067
61072
61073
61073
61074
61077
61079
61081
61081
61083
61084
61086
61086
61087
61087
61088
61088
61088
61089
61092
61093
61095
61097
61097
61100
61100
61101
61101
61101
61103
61104
61106
61106
61106
61109
61109
61111
61112
61116
61117
61118
61119
61121
61122
61122
61123
61124
61126
61127
61127
61128
61129
61130
61131
61132
61132
61133
61133
61134
61136
61136
61138
61140
61141
61142
61143
61144
61144
61144
61149
61150
61151
61151
61154
61156
61157
61157
61159
61160
61160
61161
61163
61163
61164
61165
61167
61167
61169
61169
61171
61172
61173
61174
61175
61175
61176
61176
61178
61179
61179
61181
61182
61184
61185
61186
61188
61189
61189
61190
61190
61193
61196
61196
61197
61199
61202
61202
61203
61203
61203
61204
61204
61204
61206
61207
61208
61211
61211
61212
61213
61214
61215
61215
61216
61217
61220
61220
61220
61221
61222
61224
61225
61226
61226
61227
61227
61228
61229
61230
61232
61234
61234
61236
61236
61236
61237
61238
61240
61240
61242
61243
61245
61245
61247
61248
61250
61251
61251
61252
61253
61254
61256
61256
61257
61258
61262
61262
61266
61266
61267
61268
61269
61269
61270
61271
61271
61272
61272
61273
61274
61274
61274
61274
61275
61276
61280
61280
61280
61280
61282
61283
61285
61285
61285
61285
61286
61286
61287
61289
61289
61290
61291
61291
61292
61294
61295
61296
61298
61299
61300
61300
61302
61303
61303
61303
61303
61305
61307
61308
61308
61309
61310
61311
61312
61312
61312
61313
61315
61315
61315
61317
61317
61318
61320
61321
61322
61324
61324
61325
61326
61327
61327
61327
61328
61331
61331
61331
61332
61333
61334
61336
61337
61338
61338
61339
61340
61345
61349
61349
61349
61349
61350
61350
61350
61351
61354
61355
61355
61357
61357
61357
61358
61359
61359
61362
61362
61362
61363
61365
61366
61366
61366
61367
61367
61367
61368
61369
61372
61373
61373
61373
61373
61374
61377
61377
61377
61380
61382
61383
61384
61385
61385
61385
61386
61387
61388
61388
61389
61390
61392
61393
61394
61395
61396
61399
61400
61400
61402
61402
61406
61406
61407
61408
61409
61409
61410
61410
61414
61414
61414
61415
61415
61415
61416
61422
61422
61422
61422
61424
61424
61425
61425
61427
61428
61428
61428
61430
61430
61430
61431
61435
61436
61438
61438
61438
61440
61441
61445
61445
61445
61447
61447
61447
61448
61449
61449
61449
61450
61451
61451
61453
61455
61458
61458
61459
61459
61460
61460
61460
61460
61461
61462
61462
61462
61464
61464
61465
61466
61467
61469
61471
61471
61471
61472
61473
61473
61473
61474
61475
61478
61479
61480
61481
61482
61482
61484
61487
61487
61487
61488
61490
61490
61493
61495
61496
61497
61497
61498
61500
61500
61500
61501
61502
61503
61505
61505
61505
61506
61506
61507
61507
61509
61510
61510
61513
61513
61517
61517
61517
61517
61519
61520
61522
61524
61525
61525
61527
61528
61529
61530
61531
61533
61533
61535
61535
61536
61537
61537
61537
61538
61538
61540
61541
61542
61545
61545
61547
61547
61547
61547
61549
61549
61549
61551
61552
61553
61553
61554
61557
61557
61558
61559
61560
61563
61563
61563
61564
61565
61567
61567
61567
61567
61568
61569
61569
61569
61570
61571
61572
61573
61573
61574
61575
61576
61577
61578
61583
61584
61584
61586
61587
61587
61588
61588
61590
61590
61592
61592
61593
61595
61595
61595
61596
61596
61597
61598
61598
61599
61601
61604
61604
61605
61605
61605
61606
61608
61608
61610
61612
61612
61613
61614
61615
61616
61617
61617
61620
61620
61621
61623
61624
61624
61625
61626
61626
61629
61630
61633
61634
61635
61636
61636
61637
61638
61638
61641
61642
61642
61642
61644
61645
61649
61651
61651
61653
61653
61653
61654
61654
61656
61656
61658
61659
61660
61660
61660
61661
61661
61662
61662
61663
61663
61664
61665
61667
61667
61667
61668
61669
61673
61673
61674
61674
61675
61677
61677
61680
61682
61683
61684
61686
61686
61687
61691
61693
61696
61698
61704
61705
61705
61705
61707
61708
61708
61709
61709
61710
61710
61712
61712
61714
61714
61715
61716
61716
61717
61721
61722
61722
61724
61724
61725
61726
61727
61727
61728
61730
61730
61732
61734
61736
61736
61738
61738
61739
61740
61742
61743
61748
61748
61748
61751
61752
61752
61753
61753
61754
61754
61756
61756
61756
61758
61758
61761
61762
61764
61764
61765
61766
61768
61769
61771
61771
61772
61773
61773
61774
61775
61777
61781
61781
61781
61782
61783
61784
61785
61788
61789
61790
61790
61790
61790
61790
61791
61793
61794
61794
61795
61800
61801
61802
61802
61802
61804
61805
61806
61807
61807
61808
61808
61810
61811
61813
61814
61818
61819
61821
61821
61822
61823
61826
61827
61829
61829
61830
61830
61830
61832
61834
61836
61837
61837
61837
61838
61840
61840
61840
61842
61842
61842
61844
61844
61844
61846
61846
61846
61849
61851
61852
61853
61854
61855
61855
61858
61859
61860
61862
61864
61864
61864
61864
61865
61867
61868
61868
61869
61869
61870
61871
61872
61873
61874
61874
61876
61877
61878
61880
61882
61884
61885
61885
61888
61888
61889
61891
61892
61893
61893
61893
61893
61894
61894
61894
61894
61895
61898
61899
61899
61900
61900
61901
61901
61902
61902
61902
61902
61903
61903
61904
61905
61906
61906
61907
61908
61908
61909
61911
61914
61914
61915
61916
61916
61916
61916
61918
61918
61918
61918
61919
61919
61920
61922
61923
61925
61927
61929
61932
61934
61934
61936
61939
61941
61941
61942
61943
61944
61944
61946
61946
61948
61948
61949
61950
61950
61952
61953
61953
61953
61953
61954
61955
61955
61955
61956
61957
61957
61957
61957
61957
61959
61959
61962
61963
61963
61964
61967
61971
61971
61973
61973
61973
61973
61974
61975
61978
61979
61979
61980
61980
61981
61982
61982
61983
61983
61983
61984
61985
61985
61986
61988
61988
61988
61988
61989
61990
61994
61995
61995
61998
62000
62003
62004
62006
62008
62008
62009
62009
62010
62010
62011
62012
62013
62014
62015
62018
62019
62020
62023
62026
62028
62029
62032
62032
62032
62040
62041
62042
62043
62047
62048
62048
62048
62051
62053
62054
62056
62057
62058
62059
62060
62060
62061
62062
62064
62065
62065
62066
62066
62069
62071
62072
62073
62076
62077
62078
62078
62078
62080
62081
62082
62083
62083
62083
62084
62084
62085
62086
62088
62089
62090
62091
62092
62093
62093
62093
62095
62096
62096
62097
62098
62100
62101
62101
62103
62103
62104
62105
62106
62107
62107
62107
62107
62107
62108
62108
62108
62108
62109
62110
62112
62113
62113
62114
62114
62114
62115
62116
62118
62119
62119
62121
62122
62122
62123
62123
62125
62126
62128
62130
62130
62131
62132
62132
62133
62134
62134
62135
62137
62141
62144
62144
62145
62145
62145
62146
62146
62147
62149
62149
62150
62153
62155
62156
62156
62157
62157
62157
62159
62161
62161
62161
62161
62162
62162
62163
62164
62164
62165
62166
62166
62167
62169
62170
62170
62170
62171
62172
62173
62174
62175
62176
62178
62181
62181
62182
62182
62183
62185
62186
62187
62188
62188
62189
62190
62191
62191
62191
62192
62194
62196
62196
62197
62198
62202
62203
62207
62207
62210
62210
62211
62211
62215
62217
62217
62218
62219
62221
62222
62223
62223
62224
62224
62226
62227
62227
62228
62228
62228
62230
62230
62231
62231
62232
62233
62235
62236
62236
62238
62239
62239
62241
62242
62242
62243
62244
62244
62245
62245
62247
62248
62248
62252
62253
62253
62253
62254
62256
62257
62259
62260
62260
62260
62261
62262
62264
62264
62266
62266
62267
62267
62270
62271
62272
62273
62274
62276
62278
62279
62280
62280
62281
62281
62281
62282
62282
62283
62284
62284
62284
62286
62287
62291
62291
62293
62293
62294
62295
62297
62300
62301
62301
62301
62301
62302
62303
62304
62304
62306
62308
62309
62309
62310
62312
62312
62313
62314
62315
62315
62317
62317
62317
62318
62320
62320
62321
62321
62322
62322
62322
62326
62326
62328
62328
62328
62330
62333
62333
62333
62335
62336
62336
62338
62340
62340
62341
62341
62343
62344
62346
62347
62347
62349
62349
62350
62353
62354
62354
62356
62356
62357
62358
62358
62359
62359
62361
62364
62364
62365
62367
62367
62367
62368
62369
62370
62372
62373
62374
62375
62375
62376
62378
62378
62378
62378
62379
62381
62382
62382
62384
62384
62386
62389
62389
62390
62392
62393
62393
62397
62397
62398
62398
62399
62401
62403
62405
62406
62407
62408
62409
62410
62412
62412
62413
62413
62413
62414
62415
62415
62420
62420
62420
62420
62422
62422
62423
62424
62424
62425
62427
62428
62429
62432
62433
62434
62437
62438
62439
62441
62441
62442
62442
62442
62442
62444
62446
62449
62450
62451
62452
62452
62453
62453
62454
62455
62458
62459
62460
62461
62461
62463
62464
62464
62465
62465
62466
62468
62468
62471
62472
62473
62473
62474
62474
62476
62479
62480
62480
62481
62481
62482
62485
62485
62486
62487
62489
62489
62490
62491
62491
62494
62494
62497
62500
62501
62501
62502
62506
62506
62507
62507
62509
62509
62511
62512
62512
62513
62513
62513
62514
62516
62516
62518
62519
62522
62522
62523
62523
62525
62525
62526
62526
62527
62528
62529
62529
62530
62532
62533
62535
62536
62536
62537
62537
62542
62543
62543
62544
62545
62547
62548
62551
62551
62553
62554
62554
62554
62556
62557
62558
62561
62564
62567
62568
62569
62569
62570
62570
62571
62572
62577
62578
62578
62579
62579
62580
62583
62584
62584
62585
62586
62587
62588
62589
62591
62591
62592
62592
62593
62593
62594
62594
62596
62596
62596
62596
62599
62600
62601
62602
62602
62603
62603
62604
62605
62606
62607
62608
62609
62611
62612
62612
62612
62614
62614
62615
62616
62616
62616
62617
62617
62619
62619
62621
62621
62621
62623
62623
62625
62627
62628
62628
62629
62630
62630
62631
62632
62632
62633
62634
62635
62636
62636
62637
62638
62639
62643
62645
62646
62646
62648
62649
62649
62650
62650
62651
62651
62652
62654
62657
62657
62657
62660
62661
62661
62662
62664
62665
62665
62666
62667
62668
62671
62672
62673
62674
62674
62677
62678
62681
62681
62682
62682
62683
62684
62685
62686
62688
62688
62688
62689
62689
62691
62691
62692
62692
62695
62695
62696
62698
62698
62699
62699
62700
62700
62702
62702
62702
62703
62703
62704
62704
62706
62709
62710
62710
62712
62713
62713
62714
62715
62716
62718
62718
62718
62719
62719
62720
62720
62721
62722
62726
62726
62727
62729
62729
62729
62730
62731
62732
62735
62737
62738
62739
62739
62739
62740
62740
62740
62741
62743
62744
62744
62744
62747
62751
62754
62755
62756
62758
62759
62759
62760
62760
62763
62764
62765
62765
62767
62768
62768
62768
62772
62772
62773
62774
62775
62777
62778
62779
62784
62785
62785
62785
62786
62787
62789
62790
62790
62790
62792
62792
62793
62798
62798
62800
62800
62800
62802
62802
62802
62802
62803
62804
62805
62805
62806
62806
62807
62807
62808
62812
62812
62816
62817
62819
62819
62820
62820
62825
62825
62825
62826
62827
62828
62830
62831
62832
62832
62833
62834
62838
62838
62839
62839
62840
62842
62845
62845
62845
62846
62847
62849
62849
62850
62850
62851
62851
62853
62855
62856
62856
62857
62859
62860
62861
62865
62865
62867
62868
62872
62872
62872
62873
62876
62877
62877
62878
62878
62878
62879
62883
62884
62884
62885
62886
62887
62888
62888
62891
62892
62895
62895
62896
62898
62898
62899
62900
62901
62901
62902
62905
62905
62905
62905
62906
62910
62911
62914
62914
62915
62915
62916
62917
62919
62919
62920
62922
62923
62923
62923
62924
62924
62925
62925
62928
62929
62933
62934
62935
62936
62936
62937
62937
62939
62941
62942
62943
62944
62945
62945
62946
62948
62949
62949
62950
62950
62951
62952
62953
62953
62954
62956
62958
62959
62962
62963
62965
62970
62972
62972
62972
62972
62975
62977
62977
62978
62979
62979
62979
62981
62982
62984
62987
62987
62989
62990
62992
62992
62993
62993
62994
62995
62998
63001
63002
63004
63007
63007
63007
63009
63010
63010
63011
63014
63016
63020
63021
63022
63024
63024
63025
63025
63026
63027
63029
63031
63031
63032
63033
63033
63033
63033
63033
63034
63036
63040
63040
63041
63042
63042
63042
63044
63045
63046
63047
63050
63050
63050
63051
63052
63053
63053
63054
63054
63055
63055
63057
63057
63060
63061
63061
63062
63063
63064
63066
63067
63068
63072
63072
63072
63072
63073
63074
63074
63075
63077
63079
63079
63080
63080
63081
63081
63083
63083
63083
63084
63087
63087
63088
63088
63088
63089
63091
63091
63092
63092
63092
63094
63095
63095
63095
63096
63096
63096
63097
63097
63099
63100
63100
63101
63104
63105
63106
63107
63107
63107
63108
63108
63108
63109
63110
63110
63111
63111
63111
63115
63115
63116
63118
63118
63121
63121
63122
63122
63122
63123
63125
63126
63126
63127
63127
63128
63128
63128
63131
63131
63132
63133
63139
63140
63140
63140
63140
63140
63141
63141
63143
63145
63145
63146
63147
63147
63147
63148
63153
63154
63154
63154
63158
63159
63161
63161
63163
63164
63165
63167
63168
63169
63169
63170
63171
63171
63173
63173
63174
63175
63176
63177
63178
63179
63180
63181
63181
63183
63183
63183
63185
63185
63187
63187
63187
63187
63189
63191
63192
63194
63195
63197
63198
63198
63200
63201
63203
63203
63203
63204
63205
63205
63205
63206
63207
63209
63209
63212
63212
63214
63214
63215
63216
63219
63219
63220
63220
63228
63228
63229
63233
63238
63238
63240
63241
63242
63242
63242
63242
63243
63244
63246
63246
63246
63246
63247
63248
63248
63248
63249
63250
63252
63253
63254
63254
63254
63255
63255
63256
63257
63258
63258
63260
63260
63264
63264
63265
63266
63268
63270
63271
63274
63275
63275
63275
63278
63278
63281
63283
63284
63286
63287
63287
63288
63288
63289
63289
63289
63290
63293
63293
63293
63295
63295
63296
63296
63297
63298
63299
63300
63300
63301
63304
63305
63305
63308
63309
63309
63310
63310
63313
63313
63313
63317
63319
63321
63321
63322
63323
63323
63323
63324
63326
63327
63328
63329
63331
63332
63333
63334
63334
63335
63335
63335
63338
63341
63341
63341
63342
63343
63344
63345
63345
63345
63345
63346
63346
63346
63347
63347
63349
63349
63350
63350
63351
63352
63352
63352
63353
63353
63354
63355
63356
63356
63356
63358
63358
63358
63359
63359
63359
63360
63360
63361
63361
63361
63363
63364
63365
63365
63369
63370
63370
63370
63371
63372
63373
63374
63375
63375
63376
63377
63377
63379
63380
63380
63380
63381
63381
63382
63382
63382
63382
63386
63388
63389
63392
63392
63392
63392
63393
63393
63393
63393
63395
63397
63398
63399
63399
63400
63401
63402
63403
63403
63403
63403
63404
63404
63408
63408
63409
63409
63410
63410
63411
63412
63412
63414
63414
63415
63416
63417
63417
63418
63419
63419
63421
63421
63421
63423
63425
63426
63426
63427
63427
63433
63433
63434
63435
63437
63438
63439
63439
63440
63441
63442
63444
63444
63445
63446
63447
63448
63449
63449
63450
63450
63451
63454
63456
63458
63458
63459
63459
63459
63460
63462
63463
63466
63466
63469
63469
63471
63471
63471
63473
63474
63475
63476
63476
63478
63479
63479
63479
63480
63480
63482
63482
63482
63485
63487
63487
63487
63488
63489
63490
63490
63490
63490
63490
63492
63493
63500
63500
63500
63503
63507
63508
63509
63509
63511
63511
63513
63514
63514
63515
63515
63515
63516
63518
63519
63521
63523
63524
63525
63526
63528
63530
63532
63534
63535
63536
63536
63539
63540
63541
63542
63542
63542
63542
63544
63545
63545
63546
63547
63549
63549
63550
63551
63553
63555
63555
63556
63558
63558
63559
63559
63561
63562
63562
63563
63563
63566
63567
63569
63569
63570
63571
63571
63571
63571
63572
63574
63574
63575
63575
63576
63577
63578
63580
63580
63581
63583
63587
63587
63588
63591
63593
63593
63593
63595
63598
63599
63599
63599
63599
63600
63601
63602
63603
63603
63604
63605
63605
63605
63607
63607
63609
63609
63610
63610
63610
63610
63610
63613
63615
63615
63615
63617
63618
63621
63623
63623
63627
63627
63628
63628
63629
63630
63630
63635
63636
63636
63637
63637
63638
63639
63641
63643
63643
63644
63645
63645
63646
63647
63653
63655
63655
63655
63656
63658
63658
63658
63663
63664
63664
63666
63666
63669
63671
63671
63672
63672
63672
63675
63676
63676
63678
63679
63682
63686
63686
63686
63687
63690
63691
63692
63693
63694
63695
63696
63697
63698
63698
63698
63698
63698
63700
63700
63700
63701
63705
63709
63709
63710
63711
63712
63713
63714
63715
63715
63718
63718
63719
63719
63719
63720
63721
63723
63723
63724
63725
63726
63726
63727
63729
63731
63731
63732
63732
63733
63733
63733
63734
63735
63735
63736
63736
63737
63739
63739
63740
63741
63742
63742
63743
63744
63745
63745
63747
63747
63751
63752
63753
63754
63754
63757
63757
63757
63758
63758
63765
63766
63768
63769
63771
63772
63774
63776
63777
63777
63778
63778
63779
63779
63779
63779
63780
63780
63787
63789
63789
63789
63790
63792
63792
63792
63793
63794
63794
63796
63797
63797
63801
63802
63802
63803
63804
63806
63807
63808
63813
63813
63813
63816
63816
63817
63818
63818
63819
63820
63821
63824
63826
63827
63830
63830
63832
63834
63834
63836
63836
63836
63837
63837
63838
63838
63839
63840
63840
63840
63841
63842
63843
63844
63846
63847
63849
63851
63852
63853
63857
63858
63860
63861
63861
63866
63867
63869
63870
63870
63871
63872
63873
63873
63875
63875
63876
63876
63877
63878
63879
63879
63879
63880
63881
63881
63881
63882
63882
63883
63884
63886
63886
63886
63890
63891
63893
63893
63898
63898
63899
63900
63902
63902
63903
63904
63907
63907
63907
63909
63910
63911
63912
63912
63915
63916
63917
63917
63918
63918
63919
63921
63921
63921
63921
63922
63922
63925
63925
63925
63925
63927
63927
63928
63929
63929
63930
63930
63931
63931
63933
63934
63936
63936
63937
63940
63940
63941
63942
63942
63944
63944
63944
63945
63946
63948
63948
63948
63953
63953
63953
63954
63956
63958
63958
63959
63960
63961
63962
63962
63963
63965
63965
63966
63968
63968
63970
63970
63970
63970
63972
63972
63972
63973
63973
63973
63975
63975
63977
63979
63980
63980
63980
63980
63982
63985
63986
63987
63988
63990
63992
63995
63995
63995
63997
63998
63998
63999
64000
64000
64002
64002
64002
64003
64008
64008
64009
64010
64011
64015
64015
64015
64015
64015
64017
64017
64019
64019
64020
64022
64023
64024
64024
64025
64026
64027
64028
64028
64029
64030
64031
64031
64032
64033
64033
64034
64034
64037
64037
64038
64038
64038
64040
64040
64042
64045
64045
64046
64047
64048
64048
64048
64049
64049
64051
64053
64053
64054
64054
64054
64054
64055
64057
64058
64059
64059
64060
64061
64064
64065
64065
64065
64065
64065
64067
64067
64067
64069
64070
64070
64071
64072
64072
64073
64073
64074
64077
64077
64077
64079
64079
64079
64080
64081
64083
64083
64084
64084
64085
64086
64087
64087
64089
64091
64091
64091
64091
64093
64093
64094
64095
64096
64096
64097
64103
64103
64103
64107
64108
64109
64109
64110
64110
64112
64113
64118
64118
64119
64119
64120
64122
64123
64125
64125
64126
64126
64128
64130
64131
64131
64131
64134
64134
64137
64138
64138
64139
64139
64142
64145
64145
64146
64148
64148
64149
64149
64150
64151
64152
64152
64152
64154
64155
64156
64158
64158
64159
64160
64160
64161
64162
64162
64162
64163
64164
64165
64166
64166
64167
64172
64172
64173
64174
64175
64176
64177
64178
64178
64181
64182
64183
64189
64191
64192
64194
64198
64201
64201
64202
64202
64205
64205
64206
64207
64208
64208
64208
64209
64209
64209
64210
64210
64212
64214
64215
64217
64217
64220
64221
64222
64223
64223
64223
64228
64230
64231
64233
64236
64236
64237
64237
64238
64239
64239
64240
64241
64241
64242
64242
64242
64243
64244
64247
64248
64248
64249
64249
64249
64250
64250
64250
64250
64252
64253
64253
64255
64256
64257
64257
64258
64258
64259
64261
64262
64264
64265
64265
64265
64265
64266
64266
64267
64267
64270
64271
64271
64271
64273
64273
64273
64274
64275
64277
64277
64277
64277
64278
64278
64279
64281
64283
64285
64286
64287
64288
64289
64292
64292
64295
64295
64296
64296
64298
64298
64298
64299
64300
64301
64301
64301
64303
64303
64303
64304
64304
64304
64307
64307
64308
64308
64310
64310
64312
64315
64318
64321
64322
64323
64323
64325
64325
64326
64326
64327
64327
64328
64328
64329
64329
64330
64331
64332
64334
64335
64336
64337
64338
64338
64340
64343
64345
64348
64348
64348
64349
64349
64349
64350
64350
64350
64352
64353
64353
64354
64355
64355
64356
64356
64356
64356
64358
64358
64359
64359
64360
64362
64363
64363
64363
64363
64364
64365
64366
64367
64367
64367
64367
64367
64368
64369
64369
64369
64371
64372
64372
64372
64373
64373
64375
64375
64376
64378
64379
64380
64380
64381
64382
64382
64384
64387
64387
64388
64389
64390
64390
64391
64391
64394
64395
64395
64395
64396
64396
64397
64397
64398
64399
64400
64401
64403
64404
64404
64405
64405
64407
64407
64409
64410
64410
64411
64411
64411
64411
64413
64413
64414
64415
64416
64416
64416
64417
64418
64419
64420
64420
64420
64421
64422
64425
64425
64426
64427
64428
64429
64430
64430
64431
64433
64434
64435
64435
64437
64437
64440
64440
64441
64441
64442
64443
64443
64444
64445
64446
64448
64448
64449
64450
64452
64455
64455
64455
64456
64457
64457
64458
64459
64459
64465
64466
64468
64470
64471
64472
64474
64475
64475
64475
64476
64476
64476
64480
64480
64480
64481
64483
64484
64484
64484
64485
64485
64486
64489
64489
64489
64489
64489
64492
64493
64493
64494
64496
64497
64497
64499
64500
64501
64502
64503
64505
64505
64506
64507
64509
64509
64513
64514
64516
64516
64518
64518
64519
64519
64520
64520
64521
64521
64521
64523
64523
64523
64525
64525
64527
64528
64528
64528
64529
64531
64532
64532
64533
64534
64536
64538
64539
64541
64545
64546
64546
64547
64547
64548
64549
64550
64551
64552
64557
64558
64558
64560
64561
64561
64563
64563
64564
64564
64567
64567
64568
64568
64568
64569
64570
64570
64573
64573
64573
64573
64574
64574
64575
64578
64579
64580
64581
64582
64584
64584
64584
64585
64585
64587
64588
64588
64593
64594
64594
64594
64595
64595
64596
64596
64597
64597
64598
64598
64599
64600
64601
64604
64604
64605
64606
64610
64611
64611
64615
64617
64618
64618
64619
64619
64621
64622
64622
64623
64624
64624
64625
64625
64627
64628
64630
64630
64631
64632
64632
64634
64634
64636
64640
64641
64642
64644
64644
64645
64647
64647
64647
64649
64651
64651
64651
64652
64653
64653
64654
64655
64656
64658
64658
64658
64659
64659
64660
64662
64663
64665
64666
64666
64667
64668
64668
64669
64670
64672
64674
64674
64674
64674
64675
64675
64675
64676
64676
64677
64678
64678
64679
64679
64680
64682
64682
64687
64688
64688
64689
64690
64694
64695
64695
64696
64697
64697
64698
64699
64701
64701
64702
64705
64705
64706
64707
64707
64708
64709
64713
64713
64715
64716
64717
64717
64717
64717
64720
64723
64724
64724
64725
64727
64728
64729
64730
64731
64732
64733
64733
64736
64736
64738
64738
64739
64739
64740
64741
64742
64743
64745
64745
64748
64748
64749
64753
64754
64755
64757
64757
64758
64758
64759
64759
64759
64759
64760
64762
64765
64766
64766
64766
64769
64770
64771
64771
64773
64775
64776
64777
64777
64777
64777
64782
64784
64785
64787
64787
64788
64789
64790
64791
64791
64792
64793
64794
64795
64796
64797
64799
64799
64801
64802
64802
64803
64805
64805
64806
64806
64809
64810
64811
64811
64811
64812
64813
64815
64815
64818
64821
64822
64822
64822
64823
64823
64823
64823
64824
64825
64827
64827
64829
64830
64831
64831
64832
64835
64835
64836
64839
64839
64839
64839
64840
64843
64843
64847
64850
64852
64852
64853
64853
64858
64859
64859
64861
64861
64861
64861
64862
64862
64867
64868
64871
64872
64873
64873
64874
64875
64875
64876
64877
64878
64879
64879
64882
64883
64884
64884
64884
64885
64889
64889
64889
64890
64891
64892
64893
64893
64896
64896
64898
64898
64901
64903
64904
64906
64908
64909
64910
64911
64912
64913
64918
64919
64919
64920
64922
64923
64923
64925
64927
64927
64927
64928
64928
64930
64930
64931
64932
64933
64933
64936
64937
64938
64938
64939
64939
64940
64941
64941
64942
64943
64944
64944
64944
64944
64945
64945
64946
64946
64947
64951
64951
64952
64952
64953
64953
64954
64955
64957
64957
64957
64958
64959
64960
64960
64961
64962
64963
64963
64963
64965
64968
64970
64970
64971
64974
64974
64975
64978
64978
64979
64980
64980
64981
64982
64983
64984
64986
64986
64989
64991
64991
64991
64992
64992
64999
65000
65000
65001
65001
65002
65003
65004
65005
65005
65006
65006
65006
65008
65008
65010
65010
65010
65011
65011
65011
65012
65012
65013
65013
65014
65015
65017
65019
65019
65019
65020
65020
65020
65022
65022
65023
65023
65024
65024
65027
65027
65028
65028
65028
65030
65032
65033
65033
65033
65036
65037
65038
65039
65039
65040
65040
65041
65041
65043
65043
65044
65045
65048
65048
65049
65050
65051
65053
65053
65053
65056
65056
65058
65058
65060
65060
65061
65061
65062
65063
65066
65066
65066
65068
65069
65069
65070
65070
65071
65071
65071
65072
65072
65073
65073
65075
65076
65077
65078
65079
65079
65082
65083
65083
65084
65085
65085
65087
65087
65089
65090
65092
65092
65092
65093
65094
65095
65095
65095
65097
65099
65099
65100
65100
65101
65101
65101
65105
65106
65106
65106
65107
65110
65111
65113
65114
65115
65117
65118
65118
65118
65120
65121
65121
65122
65122
65123
65124
65124
65125
65125
65126
65127
65128
65128
65129
65130
65131
65132
65133
65134
65138
65141
65141
65141
65142
65142
65144
65145
65146
65146
65147
65149
65149
65149
65151
65152
65153
65154
65155
65155
65156
65158
65160
65160
65160
65161
65162
65162
65163
65163
65163
65163
65163
65164
65165
65165
65167
65170
65173
65174
65176
65177
65179
65180
65180
65182
65182
65184
65185
65186
65188
65189
65189
65191
65194
65195
65195
65197
65198
65198
65202
65203
65204
65206
65207
65207
65207
65207
65207
65207
65208
65211
65211
65212
65212
65213
65214
65214
65214
65215
65215
65216
65217
65217
65218
65218
65219
65219
65219
65221
65221
65225
65226
65227
65227
65227
65228
65230
65231
65231
65232
65235
65235
65236
65236
65236
65237
65237
65239
65239
65240
65240
65240
65240
65242
65242
65243
65243
65246
65248
65248
65250
65250
65250
65251
65251
65251
65254
65254
65256
65256
65256
65256
65257
65257
65263
65264
65264
65266
65267
65267
65268
65268
65268
65269
65270
65270
65273
65274
65274
65275
65275
65276
65276
65277
65277
65277
65277
65278
65279
65279
65279
65279
65279
65280
65285
65286
65286
65287
65288
65288
65289
65290
65290
65292
65294
65296
65299
65299
65300
65301
65301
65301
65301
65303
65303
65304
65304
65305
65306
65307
65310
65311
65312
65314
65314
65316
65316
65317
65317
65318
65319
65320
65323
65324
65325
65326
65326
65329
65331
65332
65334
65335
65335
65336
65338
65339
65342
65342
65343
65345
65349
65349
65349
65350
65351
65353
65356
65358
65359
65361
65363
65364
65366
65367
65367
65368
65373
65373
65374
65375
65378
65379
65380
65381
65382
65384
65385
65385
65386
65386
65386
65387
65388
65388
65390
65392
65393
65393
65393
65395
65395
65395
65397
65398
65400
65401
65401
65401
65401
65401
65406
65406
65409
65410
65410
65411
65414
65415
65416
65416
65416
65417
65417
65419
65419
65421
65422
65424
65425
65426
65426
65427
65428
65429
65432
65432
65433
65434
65434
65435
65437
65440
65440
65440
65440
65440
65441
65441
65441
65442
65442
65443
65444
65445
65447
65447
65447
65447
65447
65447
65448
65449
65449
65450
65451
65452
65453
65454
65455
65455
65458
65461
65463
65464
65464
65465
65469
65471
65471
65472
65472
65473
65473
65475
65476
65477
65479
65479
65479
65480
65482
65482
65484
65485
65486
65487
65490
65491
65491
65492
65493
65493
65496
65497
65498
65499
65501
65501
65502
65503
65503
65504
65504
65504
65504
65507
65510
65512
65514
65514
65516
65516
65516
65516
65518
65519
65520
65520
65521
65522
65523
65523
65524
65524
65526
65527
65527
65528
65528
65529
65530
65530
65530
65530
65531
65532
65532
65533
65533
65535
65535
65536
65541
65541
65542
65544
65544
65547
65548
65549
65550
65551
65553
65553
65555
65556
65556
65558
65558
65559
65559
65561
65565
65566
65567
65568
65568
65571
65572
65574
65574
65575
65575
65576
65577
65577
65578
65579
65580
65581
65581
65584
65586
65586
65587
65587
65587
65587
65587
65588
65588
65589
65589
65590
65590
65591
65591
65592
65592
65593
65594
65596
65596
65597
65597
65598
65599
65599
65600
65602
65602
65604
65605
65606
65607
65608
65609
65610
65611
65612
65612
65613
65615
65616
65616
65617
65618
65618
65620
65621
65622
65622
65624
65625
65626
65628
65628
65632
65632
65633
65634
65634
65635
65635
65637
65638
65638
65638
65639
65643
65644
65644
65644
65644
65645
65646
65646
65647
65653
65655
65655
65655
65655
65657
65657
65657
65658
65659
65660
65660
65662
65663
65664
65664
65665
65665
65667
65668
65669
65671
65671
65671
65672
65672
65673
65674
65675
65675
65677
65677
65678
65678
65682
65682
65683
65685
65687
65687
65688
65688
65689
65689
65690
65690
65691
65691
65693
65694
65695
65696
65696
65696
65698
65698
65700
65701
65701
65702
65704
65704
65704
65707
65707
65707
65709
65710
65711
65711
65712
65713
65714
65716
65716
65718
65719
65721
65721
65722
65723
65725
65725
65725
65727
65727
65727
65728
65729
65730
65730
65732
65733
65733
65734
65735
65737
65738
65738
65740
65742
65742
65742
65742
65743
65744
65745
65745
65745
65749
65749
65750
65750
65752
65752
65752
65755
65755
65757
65757
65758
65759
65760
65760
65762
65763
65764
65766
65767
65768
65768
65769
65769
65769
65770
65770
65770
65771
65771
65772
65773
65776
65777
65778
65780
65781
65782
65782
65783
65783
65783
65785
65786
65787
65789
65790
65790
65792
65793
65794
65795
65796
65799
65800
65800
65801
65801
65801
65804
65805
65808
65809
65810
65814
65814
65815
65816
65817
65817
65818
65821
65821
65822
65826
65826
65827
65828
65829
65830
65830
65832
65832
65832
65833
65833
65834
65835
65835
65837
65837
65839
65840
65841
65842
65844
65846
65846
65846
65847
65847
65847
65848
65851
65851
65851
65852
65853
65854
65859
65859
65859
65860
65860
65860
65861
65861
65862
65862
65863
65864
65866
65867
65869
65871
65871
65874
65877
65878
65878
65881
65885
65885
65886
65886
65888
65889
65889
65889
65890
65890
65892
65892
65895
65895
65897
65897
65898
65898
65898
65901
65902
65903
65905
65907
65907
65909
65909
65909
65910
65910
65913
65914
65914
65914
65914
65915
65915
65916
65918
65918
65919
65922
65923
65923
65923
65923
65924
65925
65928
65928
65928
65928
65930
65931
65932
65933
65934
65940
65940
65941
65941
65941
65943
65944
65945
65946
65946
65948
65949
65950
65950
65951
65953
65954
65954
65954
65954
65955
65956
65957
65959
65960
65960
65961
65961
65961
65964
65965
65965
65965
65966
65967
65968
65969
65971
65971
65971
65972
65973
65973
65975
65976
65978
65980
65981
65981
65982
65983
65984
65985
65985
65985
65987
65989
65990
65991
65992
65995
65996
66003
66004
66007
66009
66011
66012
66013
66014
66014
66014
66014
66016
66016
66017
66018
66019
66019
66020
66020
66021
66021
66022
66024
66025
66026
66027
66027
66027
66028
66029
66029
66030
66032
66032
66032
66032
66033
66034
66035
66037
66038
66038
66038
66039
66041
66042
66042
66043
66043
66043
66044
66044
66045
66048
66050
66052
66054
66054
66054
66054
66056
66058
66059
66060
66060
66065
66065
66066
66067
66067
66068
66071
66073
66074
66075
66075
66076
66077
66077
66079
66082
66082
66083
66084
66084
66085
66085
66085
66086
66086
66086
66087
66087
66089
66089
66089
66090
66091
66091
66091
66091
66092
66093
66097
66097
66098
66099
66104
66105
66105
66106
66109
66110
66111
66112
66113
66113
66114
66115
66116
66116
66117
66119
66122
66122
66122
66123
66123
66125
66127
66132
66132
66133
66133
66134
66137
66138
66138
66139
66139
66140
66141
66142
66143
66144
66147
66149
66150
66151
66153
66153
66153
66154
66154
66155
66156
66157
66157
66157
66159
66159
66160
66160
66160
66161
66162
66163
66164
66166
66168
66171
66172
66173
66173
66173
66175
66176
66177
66179
66179
66180
66180
66181
66183
66186
66186
66188
66189
66189
66190
66191
66192
66193
66194
66195
66197
66198
66198
66199
66200
66201
66203
66203
66203
66206
66206
66207
66207
66208
66209
66209
66210
66211
66212
66213
66215
66216
66217
66217
66220
66223
66224
66224
66225
66226
66226
66228
66228
66228
66230
66230
66231
66233
66234
66235
66237
66239
66240
66243
66243
66244
66244
66245
66245
66246
66248
66248
66249
66250
66251
66251
66252
66253
66255
66256
66257
66258
66258
66258
66258
66259
66261
66264
66266
66267
66268
66269
66270
66271
66273
66274
66276
66277
66278
66279
66279
66281
66283
66287
66288
66288
66289
66289
66289
66290
66292
66293
66294
66295
66296
66297
66298
66298
66298
66300
66301
66301
66302
66302
66303
66303
66304
66306
66306
66309
66309
66312
66313
66316
66316
66316
66317
66318
66319
66319
66320
66320
66321
66321
66323
66323
66324
66327
66329
66330
66331
66333
66333
66335
66338
66343
66343
66343
66346
66349
66349
66350
66350
66351
66351
66352
66352
66352
66353
66354
66356
66356
66358
66359
66360
66361
66362
66363
66364
66368
66370
66370
66371
66371
66373
66373
66374
66375
66377
66378
66379
66381
66381
66382
66382
66383
66385
66388
66389
66389
66389
66390
66391
66395
66395
66398
66400
66400
66401
66402
66402
66403
66404
66405
66405
66405
66407
66408
66410
66410
66411
66411
66413
66413
66414
66414
66415
66416
66417
66419
66420
66421
66421
66421
66422
66422
66423
66424
66424
66424
66425
66425
66426
66428
66428
66429
66429
66429
66433
66433
66433
66434
66436
66436
66437
66438
66441
66441
66442
66443
66443
66445
66448
66453
66453
66454
66454
66454
66454
66454
66456
66459
66460
66461
66462
66462
66463
66465
66466
66466
66466
66467
66467
66468
66471
66471
66473
66474
66474
66474
66476
66476
66477
66480
66480
66481
66481
66482
66488
66488
66492
66493
66494
66494
66494
66494
66495
66495
66496
66498
66498
66499
66500
66502
66502
66504
66504
66505
66507
66507
66510
66513
66513
66513
66514
66514
66515
66518
66520
66522
66523
66527
66529
66530
66530
66531
66532
66535
66535
66535
66535
66537
66539
66539
66539
66540
66541
66542
66545
66545
66545
66545
66547
66549
66551
66555
66556
66556
66558
66558
66558
66560
66562
66562
66563
66564
66565
66565
66566
66567
66567
66568
66569
66569
66571
66571
66573
66574
66574
66575
66576
66577
66577
66578
66579
66579
66580
66581
66582
66583
66583
66583
66587
66589
66590
66591
66591
66592
66593
66594
66594
66594
66595
66596
66597
66598
66598
66599
66601
66601
66603
66604
66604
66605
66606
66607
66613
66613
66615
66616
66617
66622
66622
66625
66626
66628
66630
66631
66634
66637
66637
66639
66639
66640
66640
66641
66643
66643
66648
66649
66651
66651
66652
66652
66653
66653
66654
66654
66655
66661
66661
66662
66664
66664
66664
66665
66665
66665
66666
66666
66667
66667
66669
66670
66670
66670
66670
66671
66671
66672
66675
66676
66677
66677
66677
66677
66679
66680
66681
66681
66682
66682
66683
66683
66685
66685
66685
66686
66686
66687
66689
66690
66690
66694
66694
66695
66696
66697
66698
66699
66700
66701
66702
66703
66703
66704
66706
66706
66706
66707
66708
66708
66709
66710
66711
66711
66712
66713
66715
66716
66717
66719
66721
66722
66726
66727
66728
66730
66730
66731
66731
66731
66731
66734
66736
66739
66740
66741
66743
66746
66747
66748
66749
66749
66753
66755
66757
66757
66760
66760
66760
66762
66763
66763
66765
66767
66772
66773
66773
66775
66776
66778
66778
66779
66779
66781
66782
66782
66783
66786
66786
66787
66787
66789
66789
66790
66791
66792
66792
66792
66794
66796
66798
66798
66799
66800
66800
66802
66804
66805
66805
66807
66808
66808
66808
66814
66814
66815
66819
66822
66823
66825
66825
66827
66828
66829
66830
66832
66832
66833
66834
66834
66834
66834
66838
66838
66838
66839
66841
66844
66845
66846
66848
66849
66850
66850
66851
66853
66853
66856
66858
66858
66858
66859
66861
66862
66864
66864
66864
66865
66866
66866
66866
66867
66867
66867
66868
66868
66869
66869
66869
66870
66870
66871
66872
66873
66874
66874
66875
66877
66878
66879
66879
66879
66879
66879
66881
66881
66881
66882
66883
66885
66885
66887
66887
66887
66887
66889
66890
66890
66892
66893
66893
66899
66900
66902
66906
66907
66907
66908
66908
66909
66910
66911
66911
66912
66912
66913
66913
66916
66917
66917
66918
66919
66920
66922
66922
66922
66924
66925
66927
66929
66929
66930
66931
66932
66933
66933
66935
66937
66938
66938
66940
66943
66943
66945
66946
66949
66951
66952
66954
66954
66954
66955
66957
66957
66959
66960
66960
66960
66961
66962
66963
66963
66969
66969
66970
66970
66971
66972
66974
66974
66974
66975
66976
66976
66977
66977
66977
66977
66980
66982
66983
66983
66986
66986
66992
66995
66999
66999
67000
67001
67002
67005
67005
67006
67006
67008
67008
67014
67014
67016
67017
67017
67018
67019
67019
67020
67021
67024
67026
67027
67030
67031
67035
67036
67036
67039
67040
67041
67041
67042
67042
67043
67043
67044
67045
67045
67047
67048
67050
67050
67050
67051
67052
67054
67054
67054
67056
67057
67058
67058
67060
67066
67067
67067
67067
67067
67068
67068
67068
67068
67069
67070
67070
67071
67072
67073
67076
67077
67078
67079
67081
67082
67083
67083
67084
67085
67086
67087
67087
67090
67090
67091
67093
67094
67097
67098
67098
67099
67100
67100
67100
67101
67103
67104
67106
67108
67112
67113
67114
67115
67115
67115
67115
67115
67117
67119
67122
67122
67124
67126
67127
67127
67129
67129
67131
67133
67134
67135
67138
67138
67142
67146
67148
67150
67153
67154
67154
67155
67157
67157
67160
67160
67161
67161
67161
67162
67162
67164
67165
67166
67166
67167
67168
67168
67169
67170
67170
67171
67171
67172
67173
67173
67173
67173
67173
67174
67175
67177
67177
67178
67178
67178
67179
67180
67182
67182
67182
67182
67183
67185
67186
67187
67188
67189
67189
67189
67191
67193
67193
67194
67195
67195
67196
67196
67196
67197
67198
67198
67199
67205
67207
67207
67209
67209
67209
67210
67210
67211
67211
67212
67215
67216
67218
67221
67223
67224
67226
67229
67229
67230
67232
67232
67232
67233
67234
67235
67236
67236
67237
67238
67238
67239
67239
67241
67242
67242
67243
67243
67243
67245
67246
67247
67248
67249
67250
67250
67253
67253
67254
67254
67256
67256
67256
67260
67261
67262
67262
67265
67266
67268
67268
67268
67270
67271
67271
67274
67276
67277
67277
67277
67279
67280
67281
67281
67281
67283
67283
67285
67286
67286
67287
67287
67287
67288
67288
67288
67289
67289
67295
67296
67297
67298
67302
67304
67308
67310
67310
67310
67311
67311
67313
67313
67313
67313
67314
67316
67316
67317
67318
67320
67322
67322
67323
67323
67324
67324
67325
67325
67326
67326
67328
67330
67331
67333
67335
67336
67336
67337
67337
67339
67339
67341
67342
67345
67346
67346
67346
67347
67347
67347
67348
67350
67350
67350
67353
67354
67356
67356
67357
67358
67360
67360
67361
67361
67361
67363
67364
67364
67365
67366
67368
67370
67370
67371
67373
67374
67375
67375
67377
67377
67378
67380
67380
67381
67382
67382
67385
67386
67386
67387
67388
67389
67389
67390
67391
67391
67391
67393
67395
67395
67396
67399
67400
67401
67401
67404
67404
67405
67405
67405
67406
67407
67409
67409
67411
67414
67415
67416
67416
67417
67418
67419
67419
67420
67421
67421
67421
67423
67424
67425
67425
67426
67426
67426
67426
67428
67429
67436
67436
67437
67439
67439
67440
67441
67441
67444
67445
67448
67449
67450
67450
67450
67452
67452
67453
67453
67453
67454
67454
67457
67458
67458
67459
67459
67460
67462
67462
67464
67464
67465
67465
67467
67469
67471
67472
67473
67473
67474
67474
67474
67478
67480
67480
67481
67482
67482
67484
67484
67485
67485
67486
67486
67487
67489
67489
67490
67490
67491
67491
67492
67492
67492
67494
67494
67496
67497
67499
67499
67503
67504
67505
67505
67506
67506
67506
67509
67509
67510
67510
67511
67512
67514
67514
67515
67515
67515
67516
67516
67518
67519
67519
67520
67522
67522
67524
67525
67526
67529
67529
67530
67531
67531
67531
67531
67532
67533
67534
67534
67536
67537
67537
67539
67540
67544
67546
67547
67547
67547
67547
67548
67549
67550
67550
67550
67552
67553
67553
67553
67554
67557
67558
67559
67560
67560
67561
67562
67562
67562
67565
67565
67566
67567
67568
67568
67568
67568
67569
67570
67571
67572
67574
67575
67575
67576
67576
67577
67578
67578
67578
67579
67582
67582
67583
67583
67586
67587
67588
67588
67590
67590
67590
67591
67591
67593
67593
67594
67596
67597
67597
67597
67598
67598
67600
67601
67601
67602
67603
67605
67606
67606
67607
67607
67608
67610
67611
67614
67615
67617
67617
67617
67617
67618
67618
67618
67619
67619
67619
67622
67623
67625
67630
67630
67631
67631
67632
67632
67632
67633
67633
67634
67635
67636
67636
67636
67637
67638
67639
67640
67642
67642
67644
67645
67647
67649
67650
67651
67655
67657
67658
67659
67660
67661
67661
67667
67668
67668
67669
67669
67670
67672
67672
67673
67673
67675
67676
67676
67676
67677
67678
67679
67681
67682
67683
67683
67684
67684
67686
67688
67689
67689
67690
67693
67696
67696
67700
67701
67701
67705
67706
67706
67706
67708
67709
67709
67709
67710
67711
67711
67712
67713
67713
67717
67720
67720
67721
67722
67722
67723
67725
67725
67728
67728
67729
67729
67731
67731
67732
67733
67734
67735
67735
67736
67737
67739
67740
67741
67741
67747
67747
67751
67753
67754
67754
67755
67761
67762
67762
67763
67763
67764
67765
67765
67765
67768
67769
67770
67772
67773
67773
67775
67775
67775
67776
67776
67776
67777
67777
67779
67779
67780
67780
67781
67782
67784
67784
67785
67786
67787
67788
67789
67790
67790
67791
67792
67796
67799
67800
67800
67802
67802
67803
67803
67804
67804
67807
67807
67807
67807
67809
67809
67809
67810
67810
67810
67813
67814
67814
67816
67817
67818
67818
67818
67818
67820
67820
67825
67825
67826
67827
67827
67827
67828
67828
67829
67830
67832
67832
67832
67834
67835
67835
67836
67841
67843
67843
67843
67845
67846
67846
67849
67850
67850
67850
67851
67852
67852
67852
67854
67854
67855
67855
67855
67858
67861
67861
67863
67864
67864
67864
67864
67865
67866
67867
67867
67869
67869
67870
67872
67872
67873
67874
67876
67877
67879
67879
67880
67881
67882
67882
67883
67884
67885
67885
67886
67888
67889
67889
67892
67892
67894
67894
67895
67897
67899
67899
67899
67899
67899
67900
67900
67902
67904
67905
67905
67907
67907
67908
67909
67912
67915
67917
67917
67917
67918
67918
67918
67920
67920
67921
67922
67922
67924
67924
67925
67926
67926
67927
67927
67929
67931
67933
67934
67936
67936
67937
67937
67938
67938
67939
67940
67943
67943
67943
67943
67944
67946
67947
67949
67949
67950
67955
67956
67956
67956
67957
67957
67958
67958
67958
67959
67960
67960
67960
67961
67962
67962
67963
67963
67964
67964
67964
67968
67970
67972
67973
67973
67974
67974
67976
67977
67978
67979
67980
67980
67981
67982
67984
67984
67985
67985
67986
67988
67990
67992
67992
67993
67995
67995
67997
67997
67999
68000
68001
68001
68001
68002
68005
68008
68008
68008
68010
68011
68012
68014
68016
68017
68017
68017
68018
68019
68020
68021
68021
68023
68023
68025
68026
68026
68026
68027
68027
68029
68029
68031
68034
68035
68035
68037
68037
68039
68039
68041
68041
68042
68043
68043
68043
68044
68044
68045
68047
68048
68048
68049
68050
68053
68054
68055
68055
68055
68055
68057
68057
68058
68059
68060
68061
68061
68062
68065
68066
68067
68067
68068
68068
68068
68069
68069
68070
68070
68070
68070
68071
68074
68074
68075
68076
68076
68077
68077
68078
68078
68078
68079
68079
68080
68080
68081
68083
68085
68085
68087
68088
68089
68089
68092
68092
68093
68095
68095
68095
68095
68098
68098
68098
68098
68099
68099
68102
68102
68103
68104
68106
68106
68107
68107
68109
68111
68112
68112
68113
68114
68115
68115
68117
68118
68118
68119
68119
68120
68120
68120
68121
68122
68123
68127
68128
68130
68131
68131
68133
68133
68134
68136
68136
68137
68137
68137
68138
68138
68139
68140
68142
68145
68146
68147
68149
68150
68150
68151
68151
68151
68153
68154
68154
68158
68158
68159
68159
68162
68162
68164
68166
68166
68166
68167
68167
68170
68171
68173
68173
68174
68175
68176
68178
68179
68179
68181
68181
68183
68187
68187
68188
68188
68189
68189
68190
68190
68191
68192
68192
68193
68196
68198
68198
68199
68199
68200
68200
68200
68201
68201
68201
68203
68203
68203
68204
68204
68204
68205
68207
68208
68210
68211
68211
68212
68212
68213
68213
68213
68213
68214
68214
68215
68215
68215
68217
68217
68217
68218
68220
68221
68221
68221
68221
68223
68223
68224
68224
68225
68225
68225
68228
68228
68228
68230
68230
68231
68231
68234
68237
68238
68239
68242
68242
68243
68244
68244
68246
68248
68248
68249
68249
68250
68252
68252
68252
68253
68255
68256
68256
68257
68258
68258
68260
68261
68261
68261
68261
68262
68265
68266
68266
68266
68266
68267
68267
68270
68272
68272
68273
68273
68273
68274
68275
68275
68276
68278
68278
68280
68281
68281
68282
68282
68282
68283
68284
68284
68284
68284
68284
68286
68287
68290
68290
68290
68291
68293
68293
68294
68294
68294
68295
68295
68296
68299
68300
68301
68301
68302
68302
68302
68303
68303
68305
68307
68312
68313
68313
68313
68315
68315
68317
68319
68320
68321
68321
68322
68324
68324
68324
68326
68326
68328
68329
68330
68331
68332
68332
68333
68333
68338
68340
68341
68341
68341
68342
68345
68349
68349
68353
68354
68355
68356
68358
68358
68358
68359
68360
68360
68361
68362
68362
68363
68363
68364
68364
68366
68367
68367
68369
68370
68371
68373
68374
68378
68378
68382
68383
68385
68385
68387
68391
68392
68392
68394
68394
68395
68396
68398
68399
68401
68403
68404
68404
68405
68405
68407
68407
68407
68408
68410
68412
68412
68414
68414
68418
68418
68418
68422
68425
68426
68427
68429
68432
68435
68437
68437
68438
68438
68438
68439
68439
68439
68440
68441
68441
68441
68441
68442
68442
68442
68443
68443
68443
68444
68446
68446
68448
68450
68450
68451
68453
68453
68455
68455
68456
68457
68457
68460
68460
68461
68462
68462
68463
68463
68463
68464
68465
68465
68466
68466
68466
68468
68468
68470
68471
68471
68474
68474
68474
68476
68476
68477
68479
68479
68481
68481
68482
68483
68483
68483
68483
68485
68485
68488
68488
68488
68492
68492
68494
68496
68497
68497
68499
68500
68500
68501
68503
68504
68504
68504
68504
68507
68508
68511
68511
68512
68513
68514
68515
68516
68516
68516
68517
68517
68518
68518
68520
68520
68521
68521
68521
68522
68522
68522
68523
68524
68524
68524
68525
68525
68526
68528
68529
68529
68529
68530
68531
68531
68531
68532
68532
68533
68534
68535
68535
68536
68536
68537
68537
68537
68539
68539
68543
68547
68547
68548
68548
68549
68552
68554
68554
68555
68555
68558
68558
68560
68561
68561
68563
68564
68565
68568
68569
68571
68576
68576
68577
68578
68582
68584
68586
68587
68587
68588
68588
68588
68589
68589
68591
68592
68594
68594
68595
68598
68600
68601
68602
68604
68605
68606
68606
68607
68608
68608
68609
68609
68612
68612
68613
68613
68613
68617
68619
68619
68620
68620
68620
68620
68621
68624
68624
68625
68626
68626
68626
68626
68627
68628
68630
68630
68630
68630
68631
68631
68632
68635
68635
68635
68637
68640
68640
68641
68644
68645
68646
68647
68649
68650
68651
68653
68654
68657
68657
68657
68661
68661
68662
68662
68666
68668
68668
68671
68671
68672
68672
68674
68674
68674
68675
68675
68676
68677
68677
68678
68681
68686
68686
68688
68688
68690
68691
68695
68698
68700
68701
68701
68701
68701
68702
68703
68705
68706
68706
68706
68706
68706
68707
68708
68709
68709
68710
68711
68711
68712
68712
68716
68716
68718
68719
68722
68724
68725
68725
68726
68726
68727
68727
68730
68730
68730
68731
68732
68733
68734
68734
68734
68735
68735
68735
68736
68737
68737
68737
68740
68740
68741
68742
68742
68742
68746
68748
68755
68755
68755
68756
68756
68757
68758
68759
68761
68761
68762
68762
68763
68764
68766
68767
68767
68768
68768
68769
68769
68769
68770
68770
68770
68771
68771
68772
68773
68774
68775
68777
68777
68778
68780
68780
68782
68783
68785
68785
68787
68789
68790
68790
68791
68791
68792
68795
68795
68796
68796
68797
68798
68802
68804
68806
68806
68807
68807
68809
68809
68810
68811
68812
68813
68814
68814
68817
68819
68819
68821
68822
68822
68823
68823
68824
68824
68825
68825
68826
68827
68827
68829
68829
68830
68830
68833
68833
68834
68834
68834
68837
68837
68838
68838
68838
68842
68842
68842
68842
68843
68845
68846
68846
68848
68848
68848
68849
68849
68851
68852
68853
68855
68855
68855
68856
68856
68860
68860
68861
68861
68861
68862
68864
68865
68865
68866
68866
68866
68869
68869
68870
68870
68874
68874
68876
68876
68877
68878
68879
68880
68883
68883
68885
68885
68887
68887
68887
68888
68888
68888
68888
68889
68890
68891
68893
68898
68898
68899
68901
68902
68905
68911
68911
68912
68915
68915
68916
68918
68919
68919
68919
68919
68919
68920
68922
68923
68929
68930
68930
68931
68933
68934
68934
68940
68942
68943
68946
68946
68947
68947
68947
68948
68949
68950
68951
68951
68952
68953
68954
68954
68956
68957
68960
68961
68962
68965
68965
68965
68965
68966
68967
68967
68968
68968
68968
68969
68970
68970
68971
68972
68973
68976
68977
68983
68984
68984
68985
68989
68989
68989
68990
68991
68991
68994
68995
68996
68997
68997
68997
68997
68998
68998
69000
69001
69002
69003
69003
69003
69006
69007
69007
69007
69008
69009
69009
69009
69009
69011
69011
69012
69012
69013
69013
69014
69014
69016
69019
69021
69022
69023
69023
69023
69023
69025
69027
69027
69029
69029
69030
69032
69034
69035
69036
69037
69038
69039
69040
69042
69044
69044
69045
69049
69053
69054
69054
69055
69056
69056
69057
69057
69059
69059
69061
69062
69064
69064
69064
69065
69065
69065
69065
69066
69066
69067
69068
69068
69069
69070
69071
69072
69072
69073
69074
69075
69076
69078
69078
69080
69082
69083
69083
69088
69089
69089
69089
69090
69093
69093
69094
69096
69096
69096
69096
69098
69098
69099
69099
69101
69102
69103
69103
69106
69106
69107
69108
69109
69111
69112
69113
69113
69113
69113
69114
69115
69117
69117
69119
69120
69121
69122
69124
69124
69125
69127
69130
69130
69131
69131
69132
69132
69133
69134
69134
69134
69135
69139
69141
69142
69146
69149
69153
69153
69153
69153
69153
69155
69156
69157
69159
69161
69163
69163
69164
69164
69165
69165
69166
69166
69167
69169
69170
69174
69174
69174
69174
69175
69175
69177
69178
69178
69179
69180
69181
69181
69182
69185
69186
69187
69189
69189
69191
69193
69194
69196
69196
69196
69197
69198
69198
69199
69200
69200
69202
69203
69204
69205
69206
69206
69209
69209
69209
69209
69211
69214
69214
69215
69216
69217
69218
69218
69218
69219
69219
69224
69225
69225
69226
69226
69227
69227
69229
69230
69231
69231
69232
69233
69235
69236
69237
69238
69239
69239
69242
69243
69243
69244
69244
69244
69245
69246
69247
69248
69248
69248
69249
69249
69251
69252
69252
69253
69253
69253
69254
69254
69256
69256
69257
69259
69262
69262
69263
69263
69263
69266
69267
69267
69272
69272
69273
69274
69274
69275
69275
69276
69278
69282
69282
69282
69284
69285
69285
69286
69287
69291
69294
69296
69297
69297
69298
69298
69300
69300
69301
69304
69304
69306
69307
69309
69310
69310
69310
69310
69310
69310
69310
69311
69311
69311
69311
69311
69313
69314
69314
69315
69319
69320
69320
69322
69325
69325
69326
69328
69329
69330
69330
69332
69332
69333
69334
69336
69336
69338
69339
69340
69344
69344
69346
69347
69347
69348
69348
69349
69351
69354
69355
69358
69359
69360
69361
69361
69363
69364
69364
69365
69367
69367
69367
69369
69370
69370
69370
69371
69372
69375
69376
69377
69377
69379
69380
69380
69381
69381
69381
69382
69382
69383
69385
69386
69387
69387
69390
69391
69393
69395
69395
69397
69398
69398
69402
69403
69404
69409
69410
69410
69411
69411
69412
69413
69416
69419
69423
69423
69424
69426
69426
69428
69428
69430
69432
69437
69438
69439
69439
69440
69440
69441
69443
69444
69446
69446
69448
69451
69451
69452
69455
69457
69458
69458
69461
69462
69465
69466
69467
69467
69468
69470
69471
69473
69474
69474
69478
69479
69479
69482
69483
69484
69484
69485
69489
69490
69491
69492
69493
69493
69494
69496
69496
69496
69496
69497
69497
69498
69499
69499
69501
69501
69501
69502
69503
69503
69504
69504
69504
69506
69507
69508
69513
69513
69513
69513
69515
69515
69518
69519
69520
69521
69522
69525
69525
69526
69529
69530
69530
69530
69532
69534
69534
69535
69537
69538
69538
69539
69539
69540
69540
69540
69541
69542
69542
69543
69544
69544
69546
69547
69549
69550
69552
69552
69552
69555
69558
69558
69558
69558
69562
69563
69563
69565
69567
69569
69569
69570
69574
69574
69576
69577
69584
69585
69586
69588
69588
69591
69592
69593
69593
69594
69594
69595
69601
69603
69603
69604
69606
69607
69607
69607
69609
69610
69612
69612
69613
69614
69614
69616
69616
69616
69619
69620
69620
69623
69623
69626
69627
69627
69628
69628
69629
69629
69629
69630
69631
69633
69634
69635
69636
69636
69637
69637
69638
69638
69638
69638
69638
69640
69641
69641
69641
69642
69644
69645
69649
69650
69651
69651
69652
69653
69654
69657
69658
69659
69664
69666
69666
69669
69669
69669
69673
69674
69674
69678
69683
69684
69684
69685
69686
69688
69690
69690
69690
69691
69692
69694
69694
69695
69695
69697
69698
69699
69701
69701
69702
69703
69704
69704
69706
69706
69707
69707
69708
69708
69710
69712
69712
69712
69712
69712
69712
69714
69719
69722
69722
69722
69722
69724
69724
69725
69725
69725
69725
69725
69726
69727
69727
69727
69728
69729
69729
69729
69730
69732
69732
69732
69733
69733
69733
69735
69735
69736
69737
69737
69737
69737
69739
69739
69740
69740
69741
69741
69741
69741
69741
69742
69744
69745
69747
69747
69748
69749
69749
69749
69749
69749
69749
69749
69750
69751
69752
69753
69753
69754
69756
69757
69758
69759
69761
69761
69761
69762
69763
69763
69764
69764
69769
69769
69770
69770
69771
69771
69772
69773
69773
69776
69778
69782
69783
69785
69787
69788
69789
69789
69789
69790
69790
69791
69792
69793
69794
69795
69796
69797
69799
69799
69800
69800
69801
69803
69804
69807
69809
69809
69809
69809
69810
69810
69811
69811
69814
69814
69815
69818
69820
69821
69821
69821
69821
69821
69822
69822
69822
69824
69829
69830
69830
69835
69836
69837
69837
69837
69838
69839
69841
69842
69842
69843
69843
69846
69846
69846
69847
69847
69848
69849
69849
69850
69850
69851
69852
69855
69856
69857
69857
69858
69858
69858
69860
69864
69865
69865
69865
69866
69868
69868
69869
69870
69873
69876
69876
69878
69878
69881
69881
69882
69882
69884
69885
69885
69886
69887
69888
69888
69891
69891
69892
69893
69894
69895
69895
69896
69896
69899
69899
69900
69900
69902
69903
69903
69904
69905
69905
69905
69908
69909
69909
69910
69910
69910
69913
69913
69915
69916
69917
69917
69921
69923
69932
69936
69936
69937
69937
69939
69939
69940
69941
69942
69942
69943
69943
69944
69944
69945
69945
69945
69947
69947
69947
69947
69948
69948
69948
69949
69949
69950
69950
69952
69954
69955
69955
69957
69958
69959
69960
69963
69966
69967
69971
69972
69977
69977
69979
69980
69980
69981
69981
69981
69982
69982
69984
69989
69991
69993
69994
69996
69996
69998
70001
70002
70002
70002
70003
70004
70004
70004
70005
70006
70007
70008
70008
70009
70010
70011
70012
70013
70013
70016
70017
70019
70021
70025
70025
70028
70028
70029
70030
70032
70033
70033
70034
70034
70035
70035
70037
70038
70039
70040
70043
70043
70046
70047
70047
70049
70050
70051
70051
70052
70056
70057
70059
70059
70059
70060
70064
70064
70064
70064
70066
70068
70068
70069
70071
70072
70072
70074
70075
70076
70076
70076
70077
70080
70082
70082
70084
70084
70085
70085
70085
70087
70089
70090
70090
70090
70091
70091
70091
70091
70092
70092
70093
70093
70093
70093
70093
70095
70095
70096
70096
70096
70096
70099
70099
70100
70103
70104
70105
70105
70105
70106
70109
70116
70117
70117
70118
70119
70121
70121
70122
70122
70123
70123
70127
70128
70131
70131
70132
70133
70135
70136
70136
70137
70138
70139
70140
70140
70141
70141
70141
70141
70146
70146
70147
70148
70149
70150
70150
70151
70151
70152
70153
70154
70154
70155
70155
70156
70156
70156
70156
70156
70157
70159
70159
70159
70160
70160
70161
70162
70162
70163
70164
70166
70167
70168
70169
70169
70169
70169
70170
70171
70174
70175
70176
70179
70182
70182
70183
70184
70185
70185
70186
70186
70186
70188
70191
70193
70198
70199
70200
70201
70202
70202
70203
70204
70206
70207
70208
70209
70211
70211
70212
70214
70217
70218
70219
70219
70219
70219
70221
70221
70222
70223
70225
70227
70228
70228
70230
70232
70233
70233
70234
70234
70235
70236
70236
70237
70239
70240
70240
70240
70241
70241
70242
70245
70245
70245
70246
70247
70247
70249
70250
70250
70251
70251
70252
70254
70254
70258
70260
70263
70263
70264
70265
70267
70269
70270
70273
70273
70274
70277
70277
70278
70284
70285
70290
70290
70293
70294
70295
70295
70297
70298
70299
70304
70304
70304
70305
70307
70308
70308
70310
70314
70314
70315
70315
70316
70317
70317
70317
70317
70318
70318
70318
70319
70320
70320
70321
70321
70322
70325
70327
70329
70331
70331
70331
70332
70336
70336
70336
70337
70337
70338
70338
70339
70339
70340
70340
70342
70342
70346
70347
70347
70348
70349
70349
70350
70351
70351
70352
70352
70352
70353
70353
70354
70357
70358
70361
70362
70363
70363
70363
70365
70366
70366
70367
70368
70369
70370
70370
70372
70373
70374
70374
70375
70378
70379
70380
70383
70383
70383
70385
70387
70387
70387
70388
70388
70389
70390
70393
70393
70394
70395
70395
70395
70397
70398
70398
70401
70401
70403
70404
70405
70405
70406
70406
70407
70407
70412
70413
70414
70415
70415
70416
70417
70418
70418
70419
70419
70420
70421
70422
70422
70422
70423
70423
70424
70424
70424
70427
70427
70428
70434
70434
70436
70437
70439
70439
70440
70442
70443
70444
70444
70444
70445
70445
70445
70446
70447
70447
70448
70448
70449
70451
70451
70457
70458
70459
70462
70462
70462
70462
70463
70464
70465
70466
70467
70468
70469
70472
70473
70474
70475
70476
70476
70476
70477
70478
70479
70480
70480
70480
70480
70481
70484
70484
70484
70488
70490
70490
70490
70490
70493
70494
70496
70497
70497
70498
70499
70503
70503
70504
70505
70506
70507
70509
70509
70510
70511
70512
70513
70514
70515
70517
70520
70524
70529
70530
70531
70531
70532
70532
70533
70533
70534
70534
70534
70535
70535
70537
70538
70539
70540
70540
70543
70546
70549
70550
70553
70553
70554
70556
70557
70557
70558
70559
70559
70560
70560
70561
70561
70562
70563
70563
70563
70564
70565
70565
70566
70569
70571
70571
70572
70575
70575
70576
70576
70576
70577
70578
70578
70581
70582
70585
70586
70586
70586
70588
70589
70589
70589
70589
70590
70591
70593
70595
70596
70596
70596
70596
70598
70599
70600
70601
70602
70603
70609
70610
70611
70611
70612
70612
70614
70615
70615
70616
70617
70618
70618
70620
70621
70622
70623
70625
70625
70627
70628
70631
70633
70633
70634
70634
70635
70635
70635
70636
70638
70638
70638
70639
70640
70641
70641
70641
70642
70642
70643
70643
70644
70645
70645
70645
70646
70646
70648
70648
70649
70649
70649
70650
70652
70656
70657
70657
70657
70657
70658
70658
70659
70660
70661
70662
70662
70663
70664
70665
70667
70668
70668
70670
70671
70674
70674
70676
70677
70678
70678
70678
70680
70680
70681
70682
70683
70683
70684
70685
70688
70689
70692
70692
70692
70693
70695
70697
70698
70698
70700
70702
70704
70705
70707
70707
70711
70713
70714
70715
70716
70716
70717
70718
70718
70720
70721
70723
70723
70724
70727
70728
70729
70730
70731
70732
70732
70734
70735
70736
70737
70737
70738
70738
70739
70740
70740
70740
70741
70741
70741
70743
70747
70748
70748
70749
70749
70750
70750
70752
70754
70754
70754
70756
70757
70757
70758
70763
70764
70766
70767
70767
70767
70767
70768
70769
70770
70771
70772
70773
70773
70773
70774
70774
70774
70775
70775
70776
70778
70778
70778
70778
70780
70782
70784
70785
70787
70788
70790
70790
70792
70795
70795
70798
70799
70801
70802
70803
70804
70805
70805
70806
70806
70807
70808
70810
70810
70813
70813
70814
70815
70817
70818
70818
70818
70820
70822
70823
70825
70825
70826
70828
70828
70829
70830
70832
70832
70833
70834
70834
70834
70835
70835
70835
70836
70837
70837
70838
70838
70838
70839
70841
70842
70842
70842
70843
70843
70845
70845
70845
70846
70848
70848
70848
70850
70850
70850
70851
70851
70852
70853
70853
70854
70856
70856
70857
70859
70860
70861
70863
70863
70867
70869
70869
70869
70869
70870
70872
70872
70873
70873
70873
70874
70878
70879
70881
70883
70884
70885
70885
70886
70886
70888
70889
70890
70890
70891
70892
70892
70892
70893
70894
70895
70895
70897
70898
70900
70900
70901
70904
70905
70906
70908
70908
70910
70910
70911
70912
70914
70916
70918
70918
70919
70919
70920
70921
70922
70923
70925
70925
70925
70926
70927
70929
70929
70930
70930
70932
70934
70934
70934
70935
70935
70937
70938
70938
70940
70940
70941
70941
70943
70943
70944
70945
70945
70947
70948
70948
70949
70949
70949
70950
70951
70952
70956
70956
70957
70959
70959
70959
70960
70960
70961
70961
70962
70963
70964
70964
70965
70966
70967
70968
70969
70970
70970
70971
70972
70972
70974
70976
70979
70980
70982
70982
70982
70984
70985
70986
70986
70987
70987
70988
70988
70989
70989
70989
70990
70990
70990
70993
70994
70995
70995
70996
70996
70997
70999
70999
70999
71000
71001
71003
71003
71007
71007
71007
71007
71010
71012
71016
71017
71018
71018
71022
71023
71023
71023
71024
71024
71026
71027
71027
71028
71028
71031
71032
71034
71034
71035
71037
71038
71038
71039
71039
71040
71040
71043
71045
71046
71046
71046
71047
71048
71049
71052
71052
71053
71056
71057
71057
71057
71059
71061
71061
71062
71063
71063
71067
71067
71067
71069
71069
71069
71070
71071
71071
71074
71074
71076
71079
71081
71081
71081
71082
71083
71084
71085
71085
71086
71086
71087
71087
71087
71089
71089
71090
71090
71092
71094
71095
71100
71100
71102
71102
71105
71105
71106
71106
71107
71108
71111
71112
71114
71114
71115
71116
71117
71117
71117
71118
71119
71123
71124
71127
71128
71128
71130
71131
71131
71132
71132
71133
71135
71137
71137
71139
71139
71141
71142
71142
71144
71144
71145
71145
71145
71148
71148
71150
71154
71155
71155
71155
71155
71155
71158
71159
71159
71160
71161
71161
71162
71163
71164
71164
71165
71166
71166
71166
71166
71167
71167
71170
71171
71173
71173
71174
71176
71176
71177
71178
71179
71179
71180
71182
71183
71184
71187
71189
71189
71190
71190
71192
71193
71195
71195
71197
71199
71199
71205
71205
71205
71206
71207
71208
71209
71212
71217
71218
71219
71222
71222
71223
71223
71225
71226
71227
71228
71229
71229
71229
71229
71234
71239
71240
71241
71241
71244
71245
71248
71248
71248
71251
71252
71255
71257
71258
71258
71258
71259
71261
71261
71261
71261
71262
71263
71263
71263
71263
71263
71265
71265
71266
71267
71270
71270
71270
71270
71270
71271
71272
71274
71274
71276
71276
71277
71279
71279
71281
71281
71282
71282
71283
71284
71285
71286
71286
71287
71287
71287
71288
71289
71291
71292
71292
71293
71295
71296
71296
71297
71297
71298
71301
71301
71301
71303
71304
71307
71307
71307
71309
71309
71310
71311
71311
71315
71317
71318
71320
71320
71321
71322
71325
71325
71326
71327
71327
71329
71332
71333
71333
71334
71334
71334
71337
71337
71338
71338
71339
71343
71344
71345
71347
71347
71347
71347
71348
71349
71349
71350
71352
71352
71352
71352
71354
71356
71356
71358
71359
71359
71359
71361
71363
71363
71364
71367
71367
71370
71373
71373
71375
71376
71377
71377
71379
71380
71383
71383
71383
71384
71384
71388
71391
71391
71391
71392
71393
71393
71394
71395
71396
71396
71397
71397
71398
71398
71398
71399
71399
71400
71401
71402
71403
71404
71405
71405
71405
71405
71406
71406
71407
71409
71410
71412
71413
71413
71415
71415
71415
71417
71418
71420
71421
71423
71424
71426
71426
71428
71432
71432
71433
71433
71433
71433
71434
71434
71435
71439
71441
71441
71441
71444
71444
71446
71447
71449
71450
71450
71451
71451
71452
71453
71454
71454
71455
71455
71455
71456
71456
71458
71459
71460
71462
71462
71462
71464
71464
71465
71466
71466
71466
71467
71468
71468
71469
71469
71469
71470
71471
71473
71474
71474
71474
71475
71475
71477
71477
71478
71480
71481
71482
71482
71483
71486
71489
71489
71490
71491
71491
71491
71493
71493
71493
71494
71494
71494
71497
71497
71499
71499
71501
71505
71509
71509
71509
71510
71510
71510
71513
71514
71515
71515
71516
71519
71520
71520
71521
71522
71522
71523
71523
71524
71524
71525
71525
71526
71528
71528
71529
71530
71530
71532
71534
71536
71536
71539
71539
71540
71540
71541
71542
71545
71546
71546
71547
71547
71548
71548
71550
71552
71553
71555
71555
71555
71556
71556
71557
71557
71559
71561
71562
71564
71565
71566
71567
71569
71572
71572
71573
71574
71576
71576
71576
71580
71580
71580
71582
71582
71585
71585
71587
71589
71591
71591
71592
71592
71593
71595
71596
71597
71598
71598
71598
71598
71599
71600
71601
71601
71602
71602
71604
71606
71607
71611
71612
71612
71613
71616
71617
71617
71618
71619
71622
71622
71623
71623
71625
71627
71627
71627
71629
71629
71630
71632
71632
71633
71634
71635
71636
71636
71637
71638
71638
71639
71640
71641
71641
71642
71642
71644
71644
71644
71646
71648
71649
71649
71651
71652
71652
71656
71656
71656
71656
71659
71660
71660
71660
71660
71660
71662
71663
71665
71666
71669
71670
71670
71671
71671
71672
71672
71673
71673
71673
71675
71676
71676
71676
71676
71676
71678
71679
71679
71680
71681
71682
71682
71682
71684
71684
71684
71685
71685
71686
71688
71689
71689
71689
71690
71690
71691
71692
71693
71694
71694
71695
71695
71697
71698
71699
71699
71699
71699
71700
71700
71701
71702
71706
71706
71710
71712
71713
71713
71713
71713
71714
71715
71715
71715
71718
71718
71720
71720
71721
71721
71721
71724
71725
71725
71725
71725
71726
71726
71728
71729
71731
71732
71733
71735
71736
71736
71736
71737
71738
71740
71741
71741
71742
71744
71745
71745
71747
71748
71749
71749
71752
71752
71752
71753
71755
71756
71757
71757
71757
71758
71759
71762
71764
71767
71767
71768
71768
71769
71769
71770
71773
71775
71776
71780
71782
71782
71783
71783
71783
71784
71784
71786
71786
71786
71787
71787
71789
71791
71793
71793
71794
71794
71794
71796
71797
71797
71797
71798
71800
71801
71801
71802
71802
71802
71803
71804
71805
71807
71807
71808
71810
71812
71813
71814
71815
71816
71818
71818
71819
71819
71819
71819
71820
71820
71820
71821
71822
71823
71826
71829
71829
71831
71834
71836
71837
71838
71838
71838
71840
71841
71841
71845
71846
71846
71846
71847
71848
71849
71850
71850
71851
71854
71856
71856
71857
71860
71860
71862
71863
71863
71865
71865
71865
71866
71867
71867
71868
71869
71870
71871
71875
71875
71875
71875
71876
71876
71876
71877
71879
71880
71881
71882
71882
71883
71884
71885
71885
71887
71887
71887
71888
71890
71890
71891
71891
71892
71893
71893
71894
71894
71894
71896
71897
71898
71898
71899
71900
71900
71901
71905
71906
71907
71908
71908
71910
71911
71912
71912
71913
71916
71916
71919
71919
71920
71920
71920
71920
71921
71923
71923
71925
71926
71926
71927
71929
71930
71931
71934
71934
71934
71934
71935
71935
71936
71938
71939
71940
71941
71942
71942
71943
71944
71946
71946
71946
71947
71947
71949
71950
71953
71960
71960
71962
71962
71962
71963
71965
71965
71965
71966
71968
71969
71969
71971
71972
71974
71974
71976
71976
71977
71979
71981
71981
71981
71984
71986
71986
71990
71990
71993
71996
71996
71998
71998
71998
71999
71999
72000
72001
72003
72003
72003
72005
72008
72010
72010
72011
72014
72015
72016
72016
72017
72017
72019
72020
72021
72023
72026
72027
72027
72028
72029
72030
72030
72033
72033
72033
72034
72034
72036
72036
72036
72037
72037
72038
72040
72041
72045
72045
72045
72047
72047
72050
72051
72051
72053
72056
72056
72056
72057
72058
72058
72059
72059
72062
72063
72064
72065
72065
72065
72066
72067
72068
72068
72069
72069
72070
72070
72071
72073
72074
72074
72074
72075
72075
72076
72077
72079
72080
72081
72083
72083
72084
72085
72086
72086
72087
72087
72088
72088
72089
72089
72089
72090
72093
72095
72096
72097
72099
72100
72100
72103
72105
72106
72106
72108
72109
72114
72114
72116
72117
72118
72118
72120
72120
72121
72121
72127
72128
72129
72131
72133
72136
72137
72141
72142
72143
72143
72144
72145
72146
72147
72150
72150
72150
72150
72151
72152
72153
72154
72154
72155
72156
72157
72160
72160
72161
72163
72165
72166
72167
72168
72168
72169
72170
72171
72171
72172
72175
72175
72177
72179
72179
72181
72183
72185
72187
72187
72190
72193
72193
72193
72194
72196
72197
72200
72200
72200
72201
72204
72204
72204
72206
72207
72207
72208
72209
72211
72211
72212
72212
72213
72213
72213
72214
72214
72215
72217
72217
72217
72217
72218
72219
72219
72219
72220
72220
72221
72221
72222
72222
72222
72222
72223
72224
72225
72227
72227
72228
72228
72228
72229
72230
72231
72232
72233
72234
72237
72238
72239
72241
72241
72241
72241
72243
72243
72244
72248
72248
72249
72251
72251
72252
72253
72255
72256
72257
72259
72259
72259
72260
72261
72262
72263
72264
72264
72264
72267
72267
72268
72268
72269
72269
72269
72270
72270
72274
72275
72277
72277
72277
72279
72281
72281
72282
72283
72284
72284
72284
72285
72286
72286
72288
72288
72290
72291
72293
72294
72294
72294
72295
72296
72296
72298
72299
72299
72301
72301
72302
72302
72303
72304
72304
72308
72308
72309
72310
72310
72310
72311
72314
72315
72316
72316
72316
72317
72318
72319
72319
72320
72320
72320
72323
72323
72324
72324
72325
72325
72325
72327
72327
72327
72328
72328
72328
72329
72329
72332
72332
72332
72333
72334
72336
72336
72338
72344
72345
72345
72346
72347
72348
72348
72349
72349
72356
72357
72357
72358
72359
72360
72362
72362
72362
72364
72365
72367
72370
72372
72372
72374
72376
72378
72378
72380
72380
72381
72381
72383
72385
72386
72387
72387
72389
72390
72391
72393
72393
72394
72394
72394
72395
72395
72396
72397
72398
72398
72399
72399
72399
72399
72401
72402
72403
72403
72404
72405
72405
72406
72407
72408
72408
72408
72409
72410
72412
72412
72416
72417
72418
72418
72419
72421
72421
72422
72422
72423
72423
72423
72426
72429
72430
72430
72430
72432
72432
72433
72434
72434
72435
72435
72437
72438
72439
72439
72439
72440
72441
72442
72443
72443
72445
72445
72446
72447
72448
72448
72448
72448
72449
72449
72450
72451
72453
72453
72454
72454
72455
72455
72456
72456
72457
72457
72458
72459
72460
72460
72462
72465
72465
72466
72466
72468
72470
72471
72472
72473
72477
72478
72479
72479
72479
72482
72482
72484
72485
72485
72485
72486
72487
72488
72491
72491
72491
72492
72492
72493
72494
72494
72494
72495
72496
72497
72500
72501
72502
72503
72503
72503
72504
72505
72506
72506
72508
72509
72511
72512
72513
72514
72514
72514
72514
72515
72515
72516
72516
72518
72519
72520
72524
72525
72526
72526
72530
72531
72537
72538
72539
72539
72540
72540
72541
72545
72546
72546
72547
72548
72549
72552
72552
72552
72556
72557
72558
72558
72560
72560
72560
72561
72561
72565
72566
72567
72567
72570
72570
72572
72574
72575
72577
72578
72579
72579
72580
72581
72581
72583
72583
72586
72587
72588
72589
72591
72593
72594
72595
72595
72596
72596
72597
72599
72600
72600
72601
72602
72602
72603
72609
72609
72611
72611
72612
72612
72615
72616
72616
72621
72621
72621
72623
72623
72623
72624
72624
72625
72625
72626
72626
72627
72627
72632
72632
72632
72632
72633
72633
72636
72636
72637
72637
72638
72638
72638
72640
72640
72640
72642
72643
72643
72643
72646
72646
72647
72649
72650
72650
72651
72651
72653
72654
72655
72656
72657
72657
72658
72659
72660
72660
72661
72665
72666
72669
72675
72675
72677
72680
72681
72682
72683
72684
72685
72686
72688
72689
72689
72692
72693
72694
72694
72694
72694
72696
72696
72697
72697
72701
72702
72702
72703
72703
72704
72705
72707
72707
72707
72710
72712
72712
72713
72714
72714
72716
72717
72719
72720
72722
72723
72724
72725
72725
72726
72726
72727
72727
72727
72729
72729
72731
72732
72732
72732
72735
72736
72736
72738
72739
72740
72741
72742
72744
72746
72748
72752
72753
72753
72754
72754
72755
72755
72756
72756
72757
72758
72758
72760
72761
72762
72762
72764
72765
72765
72767
72767
72771
72771
72773
72774
72776
72776
72777
72777
72777
72778
72780
72780
72781
72781
72781
72781
72783
72783
72783
72783
72784
72786
72787
72789
72790
72790
72790
72792
72794
72794
72797
72798
72798
72799
72803
72804
72804
72807
72808
72808
72810
72811
72812
72812
72813
72814
72814
72817
72821
72822
72823
72824
72825
72826
72827
72828
72828
72830
72831
72833
72834
72834
72834
72836
72836
72837
72838
72838
72839
72839
72839
72841
72842
72843
72843
72846
72847
72847
72847
72848
72848
72849
72849
72852
72852
72852
72852
72853
72854
72856
72856
72857
72858
72858
72860
72861
72861
72862
72863
72864
72865
72865
72866
72866
72868
72870
72870
72872
72872
72872
72872
72873
72874
72874
72875
72876
72878
72880
72880
72882
72882
72883
72883
72886
72889
72890
72890
72891
72892
72892
72892
72892
72894
72894
72895
72895
72895
72896
72898
72899
72899
72900
72901
72902
72908
72908
72909
72909
72910
72911
72911
72913
72915
72916
72916
72916
72918
72919
72922
72922
72923
72923
72924
72924
72924
72925
72926
72926
72927
72929
72929
72932
72933
72934
72934
72934
72935
72937
72937
72938
72940
72942
72943
72944
72945
72945
72946
72947
72949
72950
72951
72952
72952
72953
72955
72955
72956
72956
72958
72958
72959
72959
72960
72961
72963
72963
72964
72965
72966
72968
72968
72969
72970
72971
72971
72972
72972
72973
72974
72975
72977
72984
72984
72984
72985
72986
72988
72988
72989
72990
72991
72993
72994
72995
72995
72999
72999
73000
73001
73002
73003
73003
73005
73005
73005
73005
73007
73009
73010
73012
73012
73012
73013
73014
73015
73017
73018
73018
73018
73020
73021
73024
73024
73025
73026
73026
73026
73027
73027
73027
73028
73029
73029
73029
73030
73030
73032
73033
73035
73036
73038
73040
73041
73042
73042
73043
73046
73046
73047
73048
73048
73048
73049
73049
73050
73052
73052
73054
73058
73059
73059
73059
73061
73061
73064
73064
73065
73066
73067
73068
73069
73069
73071
73071
73071
73074
73075
73075
73076
73078
73079
73079
73080
73081
73082
73083
73083
73084
73085
73085
73086
73087
73087
73087
73089
73091
73091
73092
73092
73093
73094
73095
73095
73098
73099
73099
73100
73101
73102
73103
73103
73104
73104
73104
73105
73105
73105
73108
73108
73109
73110
73111
73111
73111
73111
73112
73113
73113
73113
73113
73114
73114
73115
73116
73117
73117
73118
73119
73120
73120
73120
73122
73123
73124
73125
73125
73126
73126
73126
73126
73127
73128
73130
73131
73131
73132
73132
73135
73138
73138
73138
73138
73139
73140
73141
73148
73148
73149
73149
73152
73155
73155
73155
73156
73156
73158
73158
73159
73159
73160
73162
73162
73163
73164
73165
73166
73167
73168
73168
73169
73170
73170
73172
73172
73172
73172
73173
73173
73173
73173
73174
73174
73177
73178
73178
73178
73179
73179
73179
73180
73181
73182
73182
73184
73184
73186
73187
73187
73188
73189
73189
73189
73189
73190
73190
73192
73193
73193
73195
73198
73199
73200
73202
73203
73204
73205
73205
73206
73206
73206
73207
73209
73210
73211
73211
73212
73214
73215
73215
73215
73217
73217
73217
73219
73221
73223
73224
73224
73225
73225
73225
73229
73229
73231
73231
73232
73232
73232
73232
73233
73235
73236
73237
73237
73238
73238
73239
73241
73241
73242
73246
73246
73247
73248
73249
73250
73252
73252
73252
73253
73253
73254
73254
73255
73255
73258
73259
73260
73261
73263
73263
73267
73268
73268
73269
73269
73269
73269
73270
73272
73272
73273
73275
73275
73277
73278
73280
73282
73285
73285
73285
73286
73286
73288
73288
73288
73290
73291
73292
73292
73292
73294
73295
73295
73297
73299
73301
73303
73304
73304
73307
73307
73308
73309
73310
73312
73313
73315
73317
73318
73318
73320
73320
73321
73322
73323
73323
73324
73325
73325
73326
73328
73329
73330
73331
73333
73333
73333
73334
73334
73336
73336
73336
73337
73338
73339
73340
73343
73345
73345
73346
73347
73348
73352
73353
73353
73355
73356
73356
73358
73359
73359
73360
73360
73364
73364
73365
73367
73367
73370
73370
73371
73372
73373
73374
73374
73374
73375
73376
73378
73379
73379
73380
73383
73383
73385
73387
73390
73392
73392
73393
73397
73397
73398
73398
73398
73400
73403
73405
73405
73408
73409
73410
73412
73412
73413
73415
73419
73419
73420
73422
73422
73423
73424
73425
73426
73427
73427
73427
73428
73428
73428
73430
73431
73431
73432
73432
73433
73433
73435
73435
73435
73437
73437
73438
73439
73441
73441
73443
73449
73450
73451
73452
73453
73454
73455
73460
73463
73464
73464
73465
73466
73466
73467
73467
73468
73469
73470
73471
73473
73473
73473
73474
73475
73475
73475
73476
73477
73477
73477
73478
73478
73479
73482
73485
73486
73487
73490
73491
73491
73494
73497
73498
73498
73499
73499
73502
73502
73502
73504
73504
73505
73505
73505
73506
73509
73510
73513
73513
73513
73515
73515
73516
73518
73518
73518
73518
73519
73520
73521
73523
73523
73523
73524
73525
73525
73526
73528
73531
73531
73531
73531
73535
73536
73537
73537
73539
73539
73540
73541
73542
73544
73545
73546
73546
73546
73546
73547
73548
73550
73550
73551
73552
73557
73557
73558
73559
73559
73560
73561
73561
73562
73562
73562
73563
73564
73565
73565
73565
73567
73567
73569
73569
73570
73570
73570
73571
73571
73572
73572
73573
73574
73575
73579
73579
73579
73580
73581
73584
73585
73585
73585
73585
73585
73587
73588
73592
73594
73595
73597
73597
73599
73600
73601
73602
73603
73604
73604
73607
73607
73609
73613
73613
73614
73614
73616
73617
73619
73621
73621
73621
73622
73622
73623
73623
73624
73625
73626
73626
73628
73628
73628
73629
73629
73630
73633
73634
73634
73635
73635
73635
73636
73636
73636
73637
73638
73639
73639
73639
73639
73640
73641
73641
73642
73643
73644
73644
73644
73645
73646
73646
73650
73651
73651
73651
73652
73654
73657
73659
73663
73664
73664
73665
73666
73667
73669
73671
73671
73672
73672
73675
73675
73676
73676
73677
73678
73680
73681
73681
73683
73683
73683
73684
73684
73684
73685
73685
73686
73686
73687
73688
73689
73690
73690
73690
73691
73691
73693
73693
73693
73694
73694
73698
73698
73698
73699
73699
73700
73701
73701
73702
73703
73703
73703
73707
73708
73708
73709
73709
73711
73712
73712
73713
73713
73713
73715
73715
73716
73718
73719
73719
73723
73728
73731
73731
73732
73732
73733
73734
73735
73735
73737
73737
73737
73738
73740
73742
73745
73745
73745
73748
73748
73750
73750
73752
73752
73753
73753
73754
73755
73755
73756
73758
73759
73760
73761
73763
73763
73764
73767
73767
73768
73770
73772
73772
73773
73773
73773
73773
73774
73774
73775
73776
73777
73778
73779
73780
73780
73780
73780
73780
73782
73783
73784
73784
73785
73785
73787
73787
73788
73789
73789
73791
73791
73791
73792
73793
73794
73796
73797
73797
73798
73798
73799
73799
73800
73802
73803
73803
73805
73807
73807
73807
73809
73810
73811
73811
73813
73813
73814
73815
73816
73818
73818
73818
73820
73822
73823
73823
73826
73827
73827
73828
73828
73832
73832
73833
73835
73835
73836
73837
73838
73838
73838
73839
73840
73841
73841
73843
73843
73844
73845
73847
73852
73853
73855
73855
73855
73856
73856
73856
73858
73859
73860
73860
73861
73863
73865
73868
73868
73869
73869
73870
73870
73870
73872
73873
73873
73874
73877
73879
73880
73881
73881
73882
73883
73883
73883
73885
73886
73886
73889
73891
73892
73893
73893
73894
73894
73895
73896
73896
73897
73897
73898
73898
73899
73899
73899
73901
73902
73903
73903
73904
73905
73905
73907
73907
73908
73910
73910
73910
73912
73912
73914
73916
73916
73916
73917
73917
73918
73918
73920
73920
73921
73922
73923
73924
73925
73927
73931
73931
73931
73933
73933
73934
73935
73936
73936
73937
73938
73940
73941
73941
73942
73942
73943
73944
73944
73944
73944
73946
73946
73948
73948
73949
73951
73952
73955
73956
73957
73958
73960
73960
73963
73963
73963
73963
73963
73964
73965
73965
73966
73967
73968
73969
73969
73969
73970
73971
73971
73972
73973
73973
73973
73974
73975
73976
73978
73980
73980
73981
73983
73985
73985
73987
73989
73989
73990
73991
73992
73994
73994
73996
74002
74002
74002
74002
74003
74004
74004
74005
74005
74005
74006
74006
74006
74009
74010
74011
74012
74013
74015
74015
74016
74018
74018
74019
74020
74021
74021
74022
74023
74024
74025
74025
74026
74028
74028
74029
74031
74032
74033
74033
74035
74037
74038
74038
74041
74042
74042
74044
74046
74049
74050
74052
74052
74058
74058
74059
74060
74062
74062
74063
74063
74065
74067
74067
74068
74068
74070
74072
74073
74074
74074
74076
74079
74083
74083
74083
74084
74084
74085
74085
74086
74087
74087
74088
74088
74090
74093
74094
74095
74096
74097
74099
74100
74101
74102
74103
74105
74106
74108
74108
74109
74110
74110
74114
74115
74115
74116
74118
74118
74120
74122
74122
74124
74124
74125
74127
74128
74130
74130
74131
74132
74134
74136
74137
74139
74140
74141
74142
74142
74144
74144
74146
74147
74148
74150
74150
74152
74153
74153
74155
74155
74156
74156
74159
74160
74160
74161
74161
74165
74165
74166
74166
74167
74167
74168
74168
74168
74169
74169
74170
74171
74172
74173
74174
74175
74176
74176
74176
74176
74179
74180
74181
74181
74181
74182
74182
74182
74184
74186
74188
74188
74189
74191
74192
74192
74193
74195
74196
74196
74197
74199
74199
74201
74206
74206
74207
74207
74208
74210
74211
74211
74212
74213
74218
74218
74220
74222
74223
74224
74228
74229
74231
74231
74231
74232
74234
74234
74236
74236
74237
74237
74238
74238
74240
74240
74240
74241
74241
74242
74242
74243
74244
74244
74246
74246
74247
74247
74247
74247
74250
74253
74254
74255
74256
74257
74258
74258
74258
74262
74264
74267
74268
74269
74270
74270
74273
74275
74278
74278
74279
74282
74284
74284
74285
74286
74287
74287
74287
74288
74288
74289
74289
74291
74293
74293
74293
74295
74297
74297
74297
74297
74298
74299
74300
74301
74304
74304
74306
74309
74309
74309
74310
74311
74311
74312
74314
74315
74316
74318
74318
74319
74319
74320
74320
74321
74321
74322
74322
74323
74323
74324
74325
74325
74326
74327
74328
74328
74331
74331
74333
74333
74334
74334
74334
74335
74341
74343
74344
74344
74344
74345
74346
74347
74350
74350
74350
74350
74352
74354
74354
74354
74355
74357
74362
74362
74363
74364
74365
74365
74365
74367
74369
74370
74370
74370
74370
74371
74371
74373
74374
74374
74374
74375
74375
74376
74376
74377
74377
74378
74378
74378
74379
74379
74380
74380
74382
74383
74386
74388
74388
74388
74388
74389
74390
74390
74392
74392
74393
74394
74394
74394
74395
74397
74400
74402
74405
74406
74406
74407
74407
74407
74410
74411
74411
74412
74412
74413
74413
74414
74416
74417
74417
74418
74418
74419
74420
74421
74422
74422
74423
74424
74425
74425
74426
74428
74429
74431
74432
74434
74434
74434
74436
74436
74437
74437
74438
74440
74440
74442
74443
74444
74446
74448
74449
74450
74451
74451
74453
74454
74455
74456
74457
74457
74457
74458
74459
74459
74460
74461
74461
74462
74462
74463
74463
74464
74464
74465
74465
74468
74468
74468
74469
74470
74470
74472
74474
74474
74475
74475
74477
74478
74478
74479
74480
74481
74481
74482
74484
74487
74489
74490
74490
74494
74494
74496
74497
74501
74501
74503
74505
74505
74505
74510
74514
74515
74516
74517
74519
74519
74521
74522
74522
74523
74524
74524
74525
74526
74528
74528
74529
74530
74531
74531
74532
74532
74533
74535
74535
74536
74536
74537
74537
74537
74538
74538
74538
74542
74542
74543
74544
74546
74546
74549
74549
74550
74551
74551
74556
74557
74557
74559
74559
74560
74560
74561
74561
74562
74563
74565
74566
74567
74570
74570
74570
74572
74573
74574
74576
74577
74577
74579
74580
74582
74583
74585
74585
74586
74586
74586
74587
74589
74589
74589
74591
74591
74593
74594
74594
74594
74595
74595
74596
74600
74600
74600
74600
74602
74605
74605
74607
74607
74609
74610
74610
74612
74612
74614
74614
74614
74615
74617
74618
74619
74619
74619
74619
74620
74621
74623
74625
74626
74627
74627
74628
74630
74631
74632
74632
74633
74635
74636
74636
74636
74636
74638
74638
74638
74638
74638
74638
74639
74640
74642
74642
74644
74644
74647
74647
74648
74651
74651
74651
74652
74652
74652
74655
74656
74657
74658
74658
74660
74661
74662
74665
74665
74665
74665
74666
74667
74668
74670
74671
74673
74674
74675
74676
74676
74677
74677
74678
74680
74680
74683
74683
74683
74684
74684
74685
74688
74689
74690
74690
74690
74691
74693
74694
74694
74696
74698
74699
74700
74700
74700
74701
74703
74703
74706
74707
74709
74710
74711
74712
74713
74715
74716
74717
74717
74717
74721
74721
74723
74724
74726
74726
74729
74731
74733
74733
74735
74737
74738
74743
74743
74743
74746
74750
74751
74751
74754
74754
74755
74755
74758
74758
74759
74759
74760
74760
74763
74765
74765
74765
74765
74766
74766
74767
74769
74769
74769
74770
74770
74772
74772
74775
74776
74778
74779
74779
74779
74780
74780
74781
74781
74783
74788
74789
74791
74791
74792
74792
74793
74793
74794
74794
74796
74797
74798
74798
74800
74801
74802
74802
74803
74803
74804
74804
74805
74805
74807
74808
74808
74809
74810
74811
74811
74811
74812
74812
74814
74815
74824
74825
74825
74825
74830
74831
74831
74832
74832
74834
74834
74836
74838
74839
74841
74842
74842
74842
74844
74844
74847
74849
74851
74853
74853
74854
74856
74857
74857
74858
74858
74858
74859
74859
74859
74859
74859
74860
74861
74861
74862
74863
74863
74864
74864
74866
74868
74869
74870
74870
74871
74872
74874
74875
74878
74878
74883
74883
74884
74885
74886
74887
74887
74888
74888
74890
74890
74891
74891
74897
74898
74898
74899
74902
74903
74903
74905
74909
74910
74910
74911
74911
74911
74912
74914
74914
74916
74917
74918
74918
74920
74920
74924
74924
74925
74925
74926
74926
74927
74928
74929
74929
74930
74931
74931
74931
74937
74938
74938
74939
74941
74943
74943
74944
74944
74945
74945
74946
74947
74948
74949
74951
74954
74954
74954
74958
74959
74960
74960
74964
74967
74967
74968
74969
74969
74969
74970
74970
74975
74978
74978
74980
74980
74981
74984
74985
74987
74990
74991
74993
74994
74995
74995
74998
75002
75002
75003
75003
75004
75005
75009
75010
75011
75011
75011
75011
75011
75011
75012
75012
75013
75014
75015
75016
75018
75018
75018
75022
75023
75024
75028
75029
75031
75031
75032
75032
75033
75033
75033
75033
75033
75033
75034
75034
75034
75036
75037
75039
75043
75044
75045
75045
75046
75047
75052
75053
75059
75059
75060
75062
75062
75064
75065
75065
75065
75069
75070
75070
75072
75072
75073
75073
75074
75074
75074
75078
75078
75081
75082
75082
75082
75082
75083
75083
75083
75087
75088
75088
75088
75090
75090
75090
75091
75092
75092
75092
75093
75094
75096
75097
75099
75099
75102
75105
75109
75109
75110
75111
75111
75111
75114
75114
75116
75116
75117
75117
75119
75119
75122
75122
75123
75125
75125
75128
75132
75133
75136
75137
75140
75141
75142
75142
75143
75144
75144
75144
75145
75145
75146
75146
75146
75147
75149
75150
75150
75152
75154
75154
75156
75158
75159
75159
75160
75161
75161
75161
75163
75164
75165
75166
75167
75167
75167
75168
75169
75170
75170
75170
75171
75171
75171
75172
75173
75174
75174
75177
75177
75177
75178
75179
75179
75179
75180
75180
75181
75181
75182
75183
75183
75186
75186
75188
75188
75192
75194
75195
75197
75198
75198
75200
75201
75202
75205
75207
75207
75207
75208
75209
75210
75210
75212
75214
75215
75215
75218
75218
75219
75221
75221
75222
75224
75225
75226
75226
75228
75228
75228
75229
75231
75231
75232
75233
75234
75236
75240
75240
75241
75243
75243
75244
75244
75247
75247
75247
75247
75247
75247
75248
75250
75250
75253
75253
75257
75257
75259
75259
75259
75260
75260
75261
75261
75267
75268
75268
75269
75270
75270
75271
75272
75274
75274
75275
75275
75276
75278
75280
75282
75282
75283
75283
75285
75285
75285
75286
75288
75288
75289
75291
75291
75292
75293
75293
75294
75294
75295
75296
75297
75297
75298
75298
75298
75298
75300
75301
75301
75302
75305
75306
75308
75308
75309
75312
75312
75313
75314
75315
75315
75315
75315
75318
75321
75325
75327
75329
75333
75333
75333
75334
75334
75334
75335
75335
75338
75338
75339
75342
75343
75345
75350
75352
75353
75354
75354
75356
75356
75358
75359
75359
75361
75362
75364
75365
75366
75366
75366
75374
75375
75375
75376
75376
75376
75377
75377
75378
75381
75381
75382
75382
75383
75386
75386
75386
75388
75388
75388
75388
75390
75391
75394
75394
75395
75398
75405
75406
75406
75408
75408
75410
75411
75412
75413
75413
75413
75414
75414
75414
75415
75416
75416
75418
75418
75420
75421
75422
75423
75424
75425
75426
75427
75429
75430
75432
75435
75437
75437
75437
75438
75438
75439
75439
75439
75442
75442
75443
75446
75447
75447
75447
75448
75448
75448
75449
75450
75450
75451
75451
75451
75451
75452
75454
75455
75455
75455
75455
75456
75458
75458
75460
75460
75463
75463
75464
75466
75466
75470
75472
75473
75474
75475
75475
75475
75476
75477
75481
75481
75482
75483
75487
75489
75492
75493
75495
75495
75495
75496
75499
75499
75500
75500
75501
75502
75504
75505
75508
75509
75512
75516
75519
75520
75521
75522
75524
75525
75526
75527
75528
75529
75529
75529
75531
75531
75532
75532
75532
75534
75536
75537
75538
75541
75545
75546
75547
75547
75548
75550
75551
75551
75553
75553
75554
75554
75554
75555
75557
75558
75558
75558
75559
75559
75561
75565
75565
75565
75566
75567
75568
75572
75572
75573
75573
75575
75579
75581
75585
75586
75587
75589
75589
75589
75590
75590
75591
75591
75591
75594
75595
75596
75596
75596
75597
75599
75601
75602
75606
75606
75608
75611
75612
75613
75615
75616
75616
75617
75618
75618
75619
75622
75622
75622
75622
75623
75624
75624
75625
75625
75625
75627
75632
75633
75638
75638
75639
75640
75642
75642
75642
75643
75645
75645
75645
75646
75648
75649
75650
75650
75651
75653
75657
75660
75661
75662
75664
75665
75666
75666
75666
75667
75670
75670
75671
75671
75672
75672
75674
75675
75675
75676
75676
75677
75677
75678
75679
75679
75680
75680
75681
75681
75681
75682
75685
75685
75686
75686
75686
75687
75689
75690
75692
75694
75694
75698
75698
75699
75700
75703
75706
75706
75706
75707
75707
75707
75708
75709
75709
75711
75714
75714
75715
75715
75716
75716
75717
75717
75717
75717
75719
75720
75722
75723
75723
75723
75726
75727
75727
75728
75729
75729
75730
75735
75735
75735
75736
75736
75737
75738
75740
75740
75741
75743
75744
75745
75745
75746
75751
75751
75752
75752
75753
75753
75753
75754
75756
75758
75759
75760
75760
75761
75761
75764
75765
75767
75768
75768
75768
75769
75769
75769
75769
75770
75771
75771
75771
75771
75772
75772
75773
75773
75773
75773
75774
75775
75778
75778
75781
75781
75782
75783
75783
75784
75784
75785
75785
75785
75786
75787
75788
75789
75791
75792
75793
75795
75795
75795
75796
75801
75802
75803
75804
75805
75805
75805
75806
75808
75809
75809
75811
75813
75814
75815
75816
75816
75818
75820
75821
75823
75823
75823
75824
75825
75825
75829
75830
75831
75831
75833
75833
75834
75834
75836
75840
75840
75841
75842
75842
75842
75845
75846
75851
75852
75854
75855
75855
75856
75856
75856
75857
75858
75858
75859
75859
75860
75861
75862
75862
75862
75862
75864
75865
75865
75865
75867
75867
75867
75868
75870
75871
75871
75871
75872
75873
75873
75874
75875
75876
75878
75879
75880
75880
75882
75885
75885
75886
75887
75888
75888
75890
75891
75891
75891
75891
75893
75895
75896
75897
75899
75899
75900
75901
75901
75904
75905
75907
75908
75908
75909
75910
75910
75910
75912
75913
75914
75916
75917
75920
75920
75921
75921
75921
75922
75925
75926
75926
75926
75927
75929
75931
75932
75935
75935
75936
75936
75937
75938
75938
75938
75943
75943
75943
75944
75945
75947
75947
75947
75948
75948
75949
75950
75950
75951
75951
75954
75954
75954
75955
75959
75961
75966
75966
75968
75969
75970
75970
75972
75974
75974
75974
75976
75978
75978
75978
75978
75978
75979
75981
75981
75982
75984
75985
75986
75986
75987
75991
75991
75991
75991
75992
75992
75993
75993
75996
75996
75996
75996
75996
75997
75999
75999
76000
76003
76004
76005
76005
76006
76006
76007
76009
76010
76014
76016
76017
76017
76018
76019
76019
76022
76022
76026
76026
76027
76027
76029
76030
76030
76030
76033
76033
76036
76039
76040
76041
76041
76042
76043
76044
76044
76044
76045
76049
76051
76051
76053
76053
76053
76057
76057
76057
76058
76059
76059
76060
76060
76061
76063
76063
76063
76063
76066
76066
76069
76071
76072
76074
76074
76076
76076
76076
76076
76077
76079
76082
76082
76083
76083
76083
76085
76086
76087
76088
76089
76089
76090
76092
76092
76093
76095
76097
76098
76098
76099
76100
76101
76102
76103
76105
76105
76109
76110
76110
76110
76111
76111
76112
76112
76112
76112
76113
76114
76116
76116
76116
76117
76117
76117
76118
76119
76119
76123
76125
76125
76125
76126
76127
76127
76128
76128
76128
76132
76133
76133
76133
76134
76137
76137
76138
76140
76140
76141
76142
76143
76144
76144
76147
76147
76148
76148
76150
76150
76151
76152
76153
76157
76157
76158
76160
76161
76162
76162
76165
76165
76165
76167
76168
76169
76170
76171
76173
76173
76174
76174
76175
76178
76180
76181
76182
76182
76184
76184
76184
76185
76186
76188
76188
76193
76193
76195
76195
76196
76197
76199
76199
76199
76200
76200
76202
76203
76205
76206
76206
76207
76208
76209
76212
76212
76214
76214
76216
76217
76217
76218
76218
76220
76221
76221
76221
76221
76221
76222
76222
76222
76225
76227
76228
76236
76240
76242
76242
76243
76244
76245
76245
76246
76248
76248
76249
76254
76255
76255
76256
76258
76259
76260
76262
76263
76263
76265
76265
76267
76269
76271
76271
76272
76272
76273
76276
76277
76277
76277
76280
76281
76281
76283
76283
76283
76285
76285
76286
76287
76287
76289
76289
76289
76290
76291
76292
76293
76293
76293
76296
76300
76301
76302
76302
76302
76302
76304
76305
76305
76306
76307
76307
76308
76308
76308
76311
76312
76312
76313
76313
76318
76319
76319
76320
76320
76321
76323
76324
76326
76327
76327
76328
76328
76330
76331
76332
76332
76332
76335
76336
76337
76337
76338
76339
76339
76341
76344
76344
76345
76346
76346
76348
76348
76350
76352
76352
76354
76355
76356
76357
76358
76359
76360
76360
76363
76366
76368
76372
76372
76375
76375
76379
76379
76380
76380
76380
76381
76382
76382
76387
76388
76389
76389
76389
76390
76391
76392
76393
76396
76397
76398
76398
76399
76401
76402
76404
76404
76406
76407
76408
76411
76413
76414
76414
76416
76418
76418
76419
76419
76420
76420
76422
76422
76422
76423
76426
76427
76429
76429
76429
76430
76437
76437
76437
76439
76439
76439
76439
76441
76443
76444
76446
76446
76448
76448
76449
76451
76451
76453
76454
76454
76456
76456
76456
76456
76456
76459
76460
76462
76464
76464
76465
76465
76467
76467
76467
76468
76469
76469
76470
76471
76472
76473
76473
76474
76476
76476
76477
76478
76479
76480
76482
76485
76485
76487
76487
76489
76489
76490
76494
76495
76498
76499
76502
76502
76503
76504
76504
76505
76506
76507
76508
76509
76509
76509
76509
76510
76511
76512
76512
76513
76513
76513
76515
76517
76518
76521
76522
76525
76526
76527
76527
76527
76528
76528
76529
76531
76533
76533
76534
76535
76539
76541
76541
76543
76543
76549
76549
76550
76550
76551
76552
76552
76553
76553
76553
76554
76556
76556
76556
76557
76557
76560
76560
76561
76561
76561
76562
76562
76562
76564
76564
76565
76565
76566
76566
76569
76569
76569
76569
76570
76570
76571
76572
76574
76576
76578
76579
76580
76581
76582
76582
76582
76582
76583
76584
76584
76584
76585
76587
76587
76589
76591
76591
76592
76592
76592
76593
76593
76595
76595
76597
76597
76600
76600
76601
76602
76604
76604
76608
76608
76611
76611
76612
76613
76616
76617
76618
76618
76620
76620
76621
76623
76623
76623
76624
76625
76626
76628
76629
76630
76630
76631
76631
76632
76633
76634
76634
76635
76636
76638
76638
76638
76640
76643
76643
76643
76645
76649
76649
76650
76650
76651
76651
76652
76653
76653
76654
76655
76658
76658
76659
76661
76661
76662
76662
76663
76663
76666
76667
76668
76669
76670
76671
76672
76678
76679
76683
76684
76689
76689
76689
76689
76689
76690
76691
76691
76691
76691
76691
76692
76692
76694
76694
76695
76695
76696
76697
76697
76700
76700
76700
76701
76702
76702
76702
76702
76703
76703
76707
76710
76711
76712
76713
76713
76714
76714
76716
76716
76717
76718
76719
76719
76721
76722
76723
76724
76725
76726
76726
76727
76728
76728
76728
76729
76731
76733
76733
76734
76735
76735
76735
76736
76737
76739
76740
76741
76742
76743
76743
76745
76747
76749
76752
76755
76756
76757
76757
76758
76758
76759
76760
76762
76763
76764
76765
76766
76766
76769
76769
76770
76770
76771
76773
76773
76773
76773
76773
76774
76774
76774
76776
76778
76779
76780
76782
76784
76786
76786
76787
76787
76789
76790
76790
76790
76792
76792
76793
76795
76795
76796
76799
76801
76803
76804
76804
76805
76806
76806
76806
76808
76809
76811
76812
76812
76812
76812
76813
76814
76814
76815
76816
76819
76824
76824
76824
76825
76826
76826
76826
76827
76829
76829
76829
76831
76831
76832
76832
76834
76835
76835
76836
76836
76837
76838
76839
76840
76841
76842
76843
76844
76844
76845
76849
76850
76850
76851
76853
76854
76854
76855
76856
76856
76858
76860
76860
76860
76862
76862
76863
76864
76864
76865
76867
76868
76870
76872
76873
76873
76874
76874
76874
76875
76876
76878
76878
76878
76879
76883
76883
76886
76888
76889
76891
76894
76894
76895
76896
76896
76897
76897
76900
76900
76900
76901
76903
76909
76911
76913
76916
76917
76917
76918
76918
76920
76921
76923
76924
76926
76928
76928
76930
76930
76930
76932
76934
76934
76936
76936
76937
76937
76937
76939
76941
76943
76945
76946
76948
76950
76951
76951
76952
76953
76953
76954
76955
76955
76956
76960
76960
76962
76962
76963
76965
76968
76969
76970
76971
76971
76972
76973
76973
76973
76974
76976
76976
76977
76977
76978
76978
76979
76980
76981
76982
76982
76984
76985
76986
76988
76991
76993
76993
76995
76996
76996
76996
76997
76998
77000
77001
77001
77002
77002
77002
77003
77003
77003
77004
77004
77004
77005
77006
77006
77007
77008
77009
77010
77011
77013
77013
77013
77014
77014
77016
77016
77018
77021
77023
77024
77024
77025
77027
77028
77029
77030
77030
77030
77032
77033
77033
77034
77036
77037
77037
77042
77043
77043
77043
77044
77044
77044
77045
77047
77048
77049
77049
77049
77050
77050
77051
77052
77052
77052
77053
77053
77054
77054
77057
77059
77060
77062
77065
77066
77068
77068
77070
77071
77072
77072
77073
77075
77076
77077
77077
77077
77078
77078
77080
77080
77081
77082
77085
77085
77085
77087
77087
77087
77088
77088
77089
77091
77093
77093
77095
77095
77098
77098
77100
77103
77103
77104
77106
77106
77107
77107
77107
77108
77109
77109
77109
77111
77112
77113
77113
77118
77120
77120
77121
77122
77123
77125
77125
77125
77126
77127
77127
77128
77128
77128
77129
77131
77133
77133
77134
77135
77135
77136
77136
77136
77137
77137
77138
77138
77139
77142
77142
77142
77142
77143
77144
77146
77146
77148
77148
77148
77149
77149
77149
77149
77151
77152
77152
77154
77155
77157
77161
77163
77166
77166
77168
77169
77169
77169
77172
77172
77173
77175
77175
77175
77176
77176
77177
77179
77180
77182
77183
77184
77184
77185
77187
77187
77188
77188
77189
77189
77190
77190
77191
77192
77193
77194
77194
77197
77197
77199
77202
77202
77202
77204
77208
77209
77210
77210
77210
77212
77212
77212
77214
77214
77216
77216
77216
77218
77219
77220
77222
77222
77223
77223
77224
77224
77226
77226
77228
77230
77231
77232
77232
77232
77233
77233
77233
77234
77234
77235
77235
77236
77237
77243
77243
77248
77249
77251
77252
77253
77255
77257
77258
77261
77261
77265
77266
77266
77267
77268
77268
77268
77270
77270
77272
77272
77274
77276
77277
77277
77278
77280
77281
77282
77284
77284
77284
77284
77285
77289
77291
77291
77291
77292
77293
77293
77293
77297
77297
77301
77301
77302
77303
77304
77304
77304
77304
77304
77304
77305
77305
77306
77306
77307
77308
77308
77309
77312
77312
77312
77313
77313
77314
77314
77316
77317
77319
77321
77322
77325
77326
77326
77327
77327
77328
77329
77330
77331
77334
77335
77338
77338
77338
77338
77339
77339
77341
77341
77341
77342
77342
77343
77343
77344
77345
77346
77346
77348
77349
77350
77350
77353
77353
77355
77356
77357
77357
77357
77357
77358
77358
77358
77359
77359
77360
77361
77361
77361
77362
77364
77365
77365
77370
77370
77371
77374
77374
77375
77375
77376
77376
77376
77377
77381
77383
77384
77386
77386
77386
77386
77387
77387
77388
77389
77392
77396
77397
77398
77398
77399
77404
77405
77406
77406
77408
77409
77411
77412
77414
77416
77417
77418
77418
77418
77419
77419
77419
77420
77420
77421
77421
77423
77423
77425
77426
77428
77429
77432
77432
77432
77432
77435
77435
77435
77435
77435
77435
77436
77436
77437
77439
77439
77440
77442
77443
77443
77444
77444
77444
77445
77446
77447
77449
77450
77450
77453
77455
77455
77455
77458
77462
77463
77465
77466
77466
77467
77468
77471
77471
77471
77472
77473
77474
77475
77477
77477
77477
77479
77479
77481
77481
77481
77482
77482
77483
77484
77486
77488
77489
77490
77492
77492
77493
77493
77494
77496
77497
77497
77498
77500
77501
77502
77504
77505
77506
77507
77507
77508
77509
77510
77510
77511
77511
77511
77512
77513
77514
77517
77518
77520
77521
77521
77523
77524
77527
77528
77528
77529
77529
77530
77530
77531
77532
77533
77535
77536
77537
77538
77538
77542
77542
77542
77543
77544
77545
77545
77546
77547
77547
77548
77549
77549
77554
77555
77555
77559
77562
77562
77563
77564
77565
77565
77569
77571
77572
77572
77573
77574
77574
77575
77576
77578
77579
77579
77580
77580
77580
77581
77583
77583
77585
77585
77585
77586
77586
77586
77587
77587
77587
77588
77589
77590
77590
77591
77592
77593
77593
77593
77595
77596
77596
77597
77600
77601
77604
77605
77606
77608
77609
77609
77610
77610
77611
77611
77612
77613
77613
77614
77615
77615
77616
77616
77616
77617
77617
77618
77619
77619
77620
77620
77622
77622
77626
77626
77628
77629
77629
77630
77633
77634
77635
77635
77635
77636
77639
77639
77640
77640
77640
77640
77641
77641
77642
77642
77642
77643
77643
77644
77645
77645
77646
77646
77647
77647
77647
77648
77649
77650
77652
77653
77653
77654
77654
77655
77656
77656
77662
77662
77663
77664
77666
77667
77668
77668
77668
77668
77669
77670
77672
77673
77675
77677
77685
77685
77686
77686
77688
77688
77691
77694
77695
77695
77696
77698
77698
77698
77699
77700
77700
77702
77703
77703
77705
77706
77706
77709
77709
77710
77712
77712
77715
77715
77716
77716
77717
77718
77718
77719
77720
77722
77722
77723
77723
77723
77723
77725
77726
77727
77727
77730
77731
77731
77731
77731
77732
77732
77734
77736
77736
77737
77738
77739
77739
77739
77740
77741
77741
77742
77742
77742
77743
77746
77746
77749
77750
77750
77750
77750
77751
77751
77754
77754
77755
77755
77757
77757
77760
77760
77762
77762
77763
77763
77763
77763
77765
77765
77766
77766
77766
77766
77767
77767
77769
77769
77769
77770
77770
77771
77772
77773
77773
77774
77775
77775
77778
77778
77779
77780
77780
77781
77783
77783
77784
77785
77787
77788
77788
77789
77790
77791
77792
77792
77793
77794
77795
77798
77798
77798
77800
77800
77801
77802
77803
77804
77804
77805
77806
77806
77806
77810
77811
77812
77813
77814
77814
77814
77816
77816
77818
77824
77824
77824
77826
77826
77826
77827
77828
77830
77832
77832
77833
77834
77834
77834
77836
77837
77837
77837
77838
77838
77840
77841
77841
77841
77841
77841
77842
77845
77846
77848
77849
77850
77854
77854
77855
77856
77856
77857
77858
77862
77864
77864
77865
77866
77866
77868
77868
77869
77870
77872
77875
77875
77876
77877
77880
77880
77880
77880
77881
77882
77882
77883
77885
77885
77885
77886
77887
77888
77891
77892
77893
77893
77893
77893
77894
77894
77894
77895
77896
77896
77898
77900
77902
77905
77908
77913
77914
77916
77917
77918
77918
77919
77919
77919
77920
77920
77921
77923
77923
77926
77927
77927
77928
77930
77930
77932
77932
77933
77933
77935
77935
77935
77935
77935
77936
77937
77938
77938
77939
77940
77941
77942
77945
77945
77946
77946
77947
77948
77948
77948
77949
77949
77950
77951
77951
77952
77952
77953
77953
77954
77955
77957
77959
77960
77962
77962
77963
77964
77965
77965
77965
77966
77966
77969
77970
77971
77973
77974
77976
77978
77979
77980
77982
77982
77983
77984
77986
77987
77988
77988
77989
77989
77991
77992
77995
77995
77996
77996
77998
77998
77998
77999
77999
78000
78000
78000
78001
78002
78004
78005
78008
78009
78009
78010
78010
78012
78012
78014
78015
78015
78015
78015
78016
78017
78019
78019
78020
78020
78020
78021
78025
78027
78028
78028
78030
78030
78031
78031
78032
78034
78035
78037
78039
78040
78040
78040
78041
78042
78042
78042
78043
78044
78044
78045
78046
78046
78047
78047
78050
78050
78054
78054
78054
78055
78055
78056
78057
78057
78057
78057
78058
78059
78059
78059
78061
78061
78061
78064
78065
78066
78067
78069
78069
78069
78069
78070
78071
78072
78073
78074
78075
78075
78080
78082
78084
78086
78089
78090
78090
78091
78091
78091
78094
78094
78094
78094
78095
78095
78096
78096
78097
78097
78098
78101
78101
78102
78103
78105
78107
78112
78112
78113
78116
78116
78118
78119
78119
78120
78120
78121
78125
78125
78125
78125
78128
78128
78129
78130
78131
78132
78132
78132
78133
78135
78136
78136
78138
78139
78139
78140
78140
78141
78143
78144
78144
78144
78145
78145
78146
78146
78147
78148
78148
78149
78149
78150
78151
78151
78153
78153
78153
78154
78154
78154
78155
78155
78157
78159
78161
78163
78163
78165
78166
78170
78172
78174
78174
78174
78175
78175
78176
78177
78177
78179
78181
78183
78183
78184
78184
78184
78185
78186
78190
78192
78192
78193
78193
78198
78198
78199
78199
78200
78201
78201
78201
78205
78206
78206
78207
78207
78211
78211
78214
78215
78220
78221
78223
78224
78225
78225
78227
78227
78230
78231
78231
78231
78231
78235
78237
78237
78239
78240
78241
78241
78242
78242
78245
78245
78247
78248
78249
78249
78250
78251
78251
78251
78254
78256
78259
78259
78261
78263
78264
78264
78264
78264
78266
78267
78267
78272
78272
78272
78272
78273
78274
78276
78280
78280
78281
78282
78282
78282
78283
78283
78284
78284
78287
78288
78288
78291
78291
78291
78295
78295
78296
78297
78297
78300
78301
78301
78301
78302
78302
78305
78306
78306
78307
78307
78309
78310
78311
78313
78315
78315
78315
78315
78316
78316
78316
78316
78317
78318
78321
78323
78325
78326
78326
78327
78327
78328
78330
78330
78331
78331
78332
78336
78336
78336
78337
78337
78338
78339
78339
78339
78342
78345
78345
78347
78348
78348
78348
78349
78350
78351
78351
78352
78352
78352
78353
78356
78358
78358
78359
78362
78363
78364
78365
78365
78366
78367
78367
78368
78369
78370
78373
78375
78375
78375
78376
78377
78378
78378
78378
78379
78379
78382
78383
78383
78383
78383
78384
78385
78385
78388
78389
78391
78392
78396
78396
78397
78399
78399
78401
78403
78404
78406
78409
78410
78411
78412
78412
78413
78414
78414
78416
78418
78421
78422
78422
78424
78425
78425
78427
78428
78431
78433
78433
78436
78436
78440
78442
78443
78445
78445
78446
78447
78447
78448
78449
78449
78450
78451
78452
78453
78456
78456
78458
78458
78460
78461
78462
78464
78465
78466
78466
78467
78468
78468
78469
78470
78471
78472
78473
78473
78474
78476
78476
78477
78477
78478
78480
78480
78483
78483
78488
78489
78490
78490
78491
78492
78492
78492
78492
78493
78493
78495
78496
78496
78496
78497
78500
78500
78503
78503
78504
78505
78505
78505
78505
78505
78507
78508
78511
78513
78514
78514
78515
78515
78515
78515
78516
78516
78516
78517
78519
78519
78525
78525
78525
78525
78526
78526
78527
78528
78531
78531
78532
78532
78534
78534
78539
78540
78541
78542
78542
78542
78543
78544
78545
78545
78546
78546
78547
78549
78551
78551
78552
78552
78554
78558
78558
78558
78560
78562
78562
78563
78563
78564
78564
78564
78565
78566
78567
78569
78570
78570
78571
78577
78577
78577
78578
78580
78581
78581
78581
78582
78583
78584
78584
78584
78585
78585
78585
78586
78588
78588
78589
78589
78592
78593
78594
78595
78596
78596
78598
78599
78601
78603
78603
78604
78604
78605
78606
78606
78607
78607
78608
78610
78610
78610
78611
78611
78614
78614
78616
78616
78619
78622
78622
78623
78624
78625
78629
78630
78631
78631
78632
78632
78633
78633
78634
78636
78636
78637
78638
78638
78638
78640
78641
78641
78642
78642
78643
78643
78643
78644
78645
78649
78652
78654
78656
78656
78660
78661
78661
78661
78662
78663
78666
78666
78666
78667
78667
78669
78670
78671
78673
78684
78684
78685
78686
78687
78688
78689
78690
78691
78693
78694
78696
78696
78698
78698
78701
78701
78702
78702
78704
78704
78705
78705
78705
78705
78706
78706
78707
78708
78710
78710
78712
78713
78714
78714
78714
78715
78717
78720
78721
78724
78725
78726
78728
78729
78729
78729
78730
78730
78731
78731
78732
78733
78733
78734
78735
78736
78738
78738
78738
78740
78740
78740
78742
78743
78743
78743
78743
78744
78744
78745
78746
78747
78748
78750
78750
78751
78753
78755
78755
78758
78759
78761
78762
78764
78765
78765
78765
78766
78766
78768
78769
78769
78771
78775
78777
78779
78780
78780
78780
78781
78783
78783
78783
78783
78784
78786
78786
78786
78787
78788
78788
78789
78789
78791
78792
78793
78793
78795
78796
78797
78797
78797
78798
78798
78798
78802
78803
78805
78805
78806
78808
78808
78809
78810
78812
78814
78814
78818
78818
78820
78820
78821
78821
78825
78825
78825
78826
78829
78829
78829
78830
78830
78830
78830
78830
78831
78832
78832
78834
78836
78836
78839
78839
78840
78840
78841
78841
78842
78844
78844
78844
78846
78847
78848
78848
78848
78850
78852
78853
78853
78853
78854
78855
78856
78856
78856
78858
78859
78861
78861
78863
78863
78863
78865
78866
78866
78866
78868
78869
78870
78870
78872
78873
78874
78874
78874
78875
78876
78876
78878
78879
78884
78886
78886
78888
78888
78889
78889
78891
78891
78892
78894
78895
78895
78897
78898
78898
78900
78900
78903
78905
78907
78907
78909
78909
78910
78910
78910
78911
78912
78913
78916
78918
78920
78923
78926
78927
78927
78927
78928
78929
78929
78931
78931
78931
78931
78932
78933
78934
78934
78934
78936
78936
78938
78942
78942
78943
78945
78946
78947
78953
78953
78953
78954
78955
78956
78956
78957
78958
78961
78963
78964
78964
78967
78967
78969
78970
78971
78972
78972
78972
78973
78973
78975
78978
78979
78979
78979
78981
78982
78987
78987
78987
78989
78990
78991
78991
78993
78995
78995
78995
78996
78996
78997
78997
78997
78997
78998
78999
78999
78999
78999
79000
79000
79000
79000
79000
79001
79001
79002
79003
79005
79005
79006
79008
79010
79010
79010
79010
79010
79011
79011
79013
79013
79014
79014
79015
79015
79015
79017
79017
79019
79021
79022
79023
79023
79025
79025
79027
79030
79031
79033
79034
79035
79035
79037
79038
79040
79041
79041
79043
79045
79045
79047
79049
79051
79051
79053
79053
79054
79055
79055
79056
79056
79056
79056
79057
79058
79060
79063
79066
79066
79067
79071
79072
79072
79073
79074
79074
79075
79075
79075
79075
79076
79077
79080
79080
79080
79081
79082
79082
79083
79083
79084
79086
79087
79088
79091
79091
79092
79092
79094
79094
79097
79097
79097
79097
79098
79100
79101
79101
79102
79103
79105
79106
79107
79109
79111
79111
79111
79112
79112
79112
79113
79119
79120
79122
79122
79122
79123
79123
79123
79124
79124
79124
79125
79126
79126
79127
79128
79128
79130
79131
79131
79131
79137
79137
79137
79138
79139
79141
79142
79143
79144
79144
79144
79145
79145
79146
79146
79148
79149
79150
79151
79151
79152
79152
79155
79156
79156
79157
79158
79159
79161
79162
79163
79163
79164
79166
79168
79170
79170
79170
79171
79172
79173
79174
79174
79175
79176
79176
79177
79179
79180
79180
79181
79183
79184
79184
79187
79191
79192
79193
79196
79196
79198
79199
79200
79203
79207
79207
79208
79209
79215
79216
79216
79218
79220
79221
79221
79222
79223
79224
79224
79226
79226
79227
79227
79230
79231
79231
79231
79232
79234
79234
79235
79236
79237
79238
79238
79242
79242
79242
79244
79244
79244
79244
79244
79246
79246
79247
79247
79248
79249
79254
79255
79255
79255
79257
79260
79261
79262
79263
79263
79265
79265
79265
79265
79267
79267
79269
79269
79269
79269
79269
79270
79272
79272
79272
79273
79274
79274
79275
79275
79276
79277
79279
79280
79280
79282
79284
79284
79285
79285
79288
79290
79290
79292
79294
79294
79295
79295
79296
79298
79298
79300
79302
79303
79304
79306
79306
79309
79309
79309
79313
79314
79315
79317
79317
79318
79318
79319
79320
79321
79322
79323
79323
79323
79324
79325
79327
79328
79329
79330
79331
79331
79332
79333
79334
79335
79335
79336
79336
79338
79340
79340
79341
79342
79342
79344
79345
79346
79346
79349
79350
79350
79351
79351
79352
79352
79355
79356
79356
79357
79358
79360
79363
79364
79368
79369
79369
79369
79371
79371
79374
79375
79376
79377
79377
79379
79380
79383
79384
79385
79385
79386
79386
79388
79391
79392
79394
79395
79395
79397
79398
79399
79401
79405
79405
79406
79407
79409
79409
79409
79410
79410
79411
79412
79413
79416
79416
79416
79417
79417
79418
79419
79419
79420
79421
79422
79422
79423
79425
79426
79426
79427
79428
79430
79431
79433
79434
79435
79435
79437
79437
79437
79437
79439
79443
79443
79444
79447
79448
79449
79449
79451
79451
79451
79453
79454
79456
79456
79459
79459
79460
79460
79461
79462
79463
79464
79464
79465
79466
79467
79467
79469
79470
79471
79471
79475
79475
79475
79478
79478
79479
79479
79479
79480
79480
79481
79481
79481
79482
79482
79483
79485
79485
79489
79489
79489
79490
79490
79490
79492
79493
79494
79494
79494
79494
79496
79497
79497
79498
79499
79500
79501
79501
79503
79505
79506
79506
79507
79507
79507
79508
79508
79510
79511
79512
79512
79513
79513
79517
79518
79519
79519
79521
79522
79522
79524
79525
79526
79527
79530
79531
79531
79531
79532
79533
79535
79536
79537
79538
79539
79539
79541
79545
79546
79548
79548
79549
79549
79550
79552
79554
79555
79557
79557
79560
79562
79562
79564
79567
79567
79568
79568
79569
79571
79571
79571
79574
79576
79577
79579
79579
79580
79580
79581
79581
79582
79586
79590
79592
79593
79593
79593
79596
79598
79599
79599
79600
79600
79603
79603
79604
79605
79605
79606
79607
79611
79611
79613
79614
79615
79616
79617
79618
79618
79619
79620
79621
79622
79622
79624
79626
79627
79629
79633
79635
79635
79636
79636
79637
79638
79639
79639
79640
79641
79642
79642
79643
79645
79646
79646
79646
79646
79647
79647
79647
79648
79648
79651
79652
79654
79655
79656
79657
79664
79666
79666
79667
79669
79671
79671
79671
79671
79672
79672
79676
79676
79680
79681
79681
79683
79683
79685
79686
79686
79687
79688
79690
79691
79691
79693
79694
79694
79695
79696
79697
79700
79700
79700
79702
79702
79703
79703
79705
79705
79706
79707
79710
79711
79711
79712
79713
79714
79716
79716
79716
79717
79719
79720
79721
79723
79725
79726
79726
79727
79728
79728
79728
79730
79732
79733
79733
79733
79733
79734
79741
79743
79744
79744
79745
79745
79745
79746
79748
79753
79753
79755
79758
79758
79761
79762
79762
79764
79766
79766
79766
79768
79770
79770
79770
79771
79773
79773
79774
79774
79775
79777
79777
79777
79778
79778
79779
79779
79780
79781
79781
79782
79783
79783
79784
79785
79786
79787
79789
79790
79791
79791
79792
79793
79794
79794
79795
79795
79797
79797
79801
79802
79803
79804
79804
79805
79808
79808
79809
79810
79811
79811
79812
79812
79813
79816
79817
79818
79819
79819
79820
79820
79821
79822
79822
79823
79824
79826
79827
79829
79829
79831
79832
79832
79832
79835
79838
79839
79839
79846
79847
79848
79849
79851
79851
79851
79851
79852
79852
79852
79853
79855
79856
79856
79857
79857
79858
79858
79860
79860
79862
79862
79864
79865
79865
79865
79865
79866
79869
79869
79870
79870
79871
79872
79874
79876
79877
79879
79880
79880
79881
79881
79883
79883
79884
79884
79885
79886
79887
79887
79889
79889
79889
79890
79891
79891
79891
79892
79892
79894
79895
79895
79896
79897
79897
79898
79900
79900
79901
79902
79903
79903
79904
79904
79904
79906
79907
79908
79908
79909
79909
79911
79913
79915
79916
79917
79919
79920
79920
79921
79922
79922
79922
79923
79927
79927
79928
79929
79933
79933
79935
79935
79935
79936
79937
79938
79938
79938
79939
79939
79940
79942
79945
79945
79947
79947
79948
79949
79950
79951
79951
79952
79953
79957
79959
79960
79962
79963
79963
79964
79967
79967
79967
79968
79969
79969
79971
79971
79973
79973
79975
79976
79976
79976
79977
79979
79979
79979
79979
79980
79981
79983
79984
79984
79985
79985
79988
79988
79989
79990
79990
79991
79991
79992
79992
79992
79993
79993
79995
79995
79997
79999
80000
80001
80002
80003
80003
80003
80005
80005
80006
80006
80006
80007
80008
80010
80011
80011
80013
80016
80017
80018
80019
80022
80022
80023
80024
80024
80025
80025
80027
80029
80029
80031
80033
80034
80034
80034
80036
80036
80037
80037
80038
80039
80042
80042
80042
80046
80047
80050
80051
80051
80051
80051
80052
80053
80054
80055
80055
80056
80057
80057
80058
80060
80060
80061
80061
80061
80062
80063
80064
80065
80065
80066
80067
80067
80067
80067
80067
80068
80070
80071
80071
80073
80073
80073
80074
80075
80076
80076
80077
80078
80079
80080
80080
80080
80084
80084
80084
80086
80087
80087
80088
80089
80089
80090
80090
80093
80096
80096
80097
80098
80098
80098
80100
80102
80105
80105
80105
80105
80105
80106
80106
80107
80109
80110
80112
80112
80113
80113
80113
80114
80116
80116
80117
80118
80120
80120
80122
80124
80125
80126
80128
80129
80129
80129
80131
80131
80131
80132
80133
80134
80134
80135
80135
80135
80137
80137
80137
80138
80141
80141
80142
80143
80143
80143
80146
80146
80147
80147
80147
80149
80153
80155
80155
80156
80156
80156
80156
80157
80157
80157
80157
80158
80160
80160
80160
80161
80163
80164
80164
80165
80165
80167
80168
80170
80170
80170
80172
80173
80174
80175
80175
80176
80176
80177
80177
80177
80179
80179
80179
80180
80182
80182
80183
80183
80183
80183
80185
80186
80190
80192
80193
80194
80194
80194
80194
80194
80194
80195
80197
80199
80201
80202
80202
80203
80203
80205
80207
80208
80208
80210
80211
80212
80213
80214
80214
80215
80215
80218
80218
80220
80220
80222
80223
80226
80226
80226
80226
80226
80227
80231
80231
80231
80232
80232
80233
80233
80235
80236
80238
80239
80239
80241
80243
80244
80244
80244
80245
80247
80249
80250
80250
80250
80251
80251
80252
80253
80253
80254
80255
80255
80256
80257
80257
80257
80260
80261
80262
80263
80265
80267
80268
80269
80269
80270
80273
80274
80274
80274
80276
80277
80277
80278
80279
80281
80282
80282
80282
80282
80285
80286
80286
80287
80287
80289
80289
80290
80293
80293
80297
80298
80300
80301
80302
80302
80303
80303
80308
80308
80308
80312
80312
80312
80313
80313
80313
80314
80314
80316
80316
80318
80318
80319
80321
80322
80323
80324
80325
80326
80328
80329
80332
80333
80333
80337
80341
80341
80341
80342
80342
80343
80343
80343
80347
80347
80348
80349
80350
80351
80352
80352
80352
80353
80354
80355
80356
80357
80357
80358
80358
80361
80361
80362
80363
80365
80365
80367
80368
80368
80369
80369
80371
80372
80373
80375
80377
80377
80378
80378
80379
80380
80381
80381
80382
80382
80383
80383
80384
80385
80386
80387
80387
80390
80390
80392
80393
80394
80395
80397
80399
80400
80400
80401
80402
80404
80404
80405
80406
80407
80408
80409
80413
80414
80415
80415
80417
80417
80420
80420
80421
80423
80427
80427
80427
80427
80427
80428
80431
80432
80433
80433
80433
80434
80435
80435
80437
80437
80440
80442
80445
80447
80447
80447
80450
80455
80455
80455
80455
80456
80458
80459
80462
80464
80469
80470
80470
80473
80475
80475
80475
80477
80483
80484
80486
80487
80492
80492
80494
80494
80495
80495
80496
80496
80496
80496
80496
80498
80499
80501
80501
80502
80503
80504
80504
80505
80506
80506
80507
80508
80509
80511
80511
80513
80514
80515
80515
80518
80521
80523
80524
80524
80526
80527
80527
80531
80532
80533
80533
80535
80536
80537
80537
80538
80538
80540
80540
80545
80545
80545
80545
80548
80548
80548
80549
80549
80550
80550
80553
80555
80556
80556
80557
80557
80559
80560
80561
80561
80562
80563
80565
80565
80567
80567
80569
80569
80569
80570
80573
80574
80574
80574
80577
80577
80578
80579
80579
80579
80579
80580
80580
80582
80585
80585
80587
80588
80589
80590
80590
80592
80593
80593
80594
80594
80597
80599
80599
80599
80600
80603
80603
80604
80605
80606
80606
80608
80609
80609
80610
80611
80611
80612
80612
80612
80617
80619
80619
80619
80619
80620
80623
80623
80623
80624
80625
80625
80627
80628
80628
80628
80631
80631
80633
80634
80637
80637
80639
80642
80642
80642
80642
80643
80643
80643
80645
80645
80647
80647
80650
80651
80651
80654
80654
80655
80656
80658
80659
80659
80659
80662
80662
80662
80662
80662
80663
80665
80667
80667
80668
80670
80671
80673
80674
80675
80676
80678
80680
80680
80681
80681
80683
80688
80689
80689
80689
80691
80693
80694
80694
80694
80696
80697
80697
80702
80703
80704
80705
80706
80706
80706
80709
80710
80710
80712
80714
80716
80717
80719
80720
80721
80723
80723
80725
80727
80727
80729
80732
80733
80735
80737
80738
80738
80741
80742
80742
80744
80749
80753
80753
80753
80754
80755
80757
80757
80757
80758
80761
80764
80764
80765
80767
80767
80768
80769
80769
80769
80770
80771
80771
80772
80772
80772
80773
80773
80774
80775
80776
80776
80777
80777
80777
80779
80781
80782
80786
80786
80787
80788
80788
80789
80792
80792
80793
80794
80794
80795
80795
80796
80796
80796
80797
80798
80799
80800
80801
80801
80801
80803
80806
80806
80807
80808
80808
80808
80809
80812
80812
80812
80813
80813
80815
80816
80816
80816
80816
80817
80818
80818
80818
80820
80821
80822
80823
80823
80824
80825
80825
80827
80828
80829
80830
80833
80834
80835
80835
80835
80837
80837
80838
80838
80838
80841
80841
80842
80842
80842
80844
80846
80847
80848
80848
80850
80851
80852
80852
80852
80852
80853
80853
80854
80855
80855
80855
80855
80856
80857
80858
80859
80859
80860
80861
80861
80861
80862
80864
80867
80867
80868
80868
80869
80871
80872
80872
80874
80875
80875
80875
80876
80879
80881
80882
80886
80886
80886
80887
80888
80889
80892
80893
80895
80895
80896
80896
80897
80897
80898
80900
80901
80902
80904
80905
80906
80906
80909
80909
80910
80913
80913
80916
80916
80920
80920
80921
80922
80924
80924
80924
80924
80925
80926
80929
80929
80932
80932
80932
80933
80934
80934
80935
80936
80936
80936
80939
80941
80941
80941
80942
80943
80943
80943
80943
80944
80944
80945
80948
80950
80950
80951
80952
80952
80953
80956
80958
80959
80960
80962
80963
80964
80965
80966
80967
80968
80969
80971
80972
80972
80973
80974
80974
80977
80977
80977
80978
80980
80984
80984
80984
80985
80989
80991
80992
80993
80993
80994
80995
80996
80997
80998
80998
80998
81001
81001
81002
81003
81003
81003
81003
81004
81004
81005
81006
81006
81007
81007
81008
81009
81009
81010
81011
81012
81012
81013
81015
81015
81016
81017
81018
81019
81021
81022
81022
81025
81026
81027
81027
81028
81030
81030
81031
81031
81031
81034
81038
81038
81040
81041
81042
81047
81048
81049
81049
81050
81051
81052
81053
81054
81055
81056
81057
81059
81059
81061
81062
81062
81062
81063
81064
81064
81068
81068
81071
81071
81073
81073
81073
81073
81074
81075
81077
81077
81078
81079
81079
81079
81080
81080
81081
81081
81083
81085
81085
81086
81087
81087
81088
81088
81089
81091
81092
81093
81094
81095
81095
81097
81097
81098
81098
81098
81098
81099
81099
81099
81099
81099
81100
81100
81100
81101
81103
81103
81103
81104
81104
81104
81106
81108
81108
81109
81110
81110
81111
81112
81114
81116
81116
81118
81119
81121
81122
81123
81123
81129
81130
81131
81136
81137
81140
81140
81141
81142
81142
81142
81142
81143
81144
81145
81147
81150
81150
81150
81151
81151
81154
81155
81157
81157
81158
81159
81160
81160
81161
81164
81165
81166
81167
81170
81170
81171
81171
81172
81172
81173
81174
81176
81176
81177
81178
81179
81179
81179
81180
81181
81181
81181
81182
81184
81184
81185
81185
81187
81190
81191
81192
81192
81193
81193
81194
81194
81194
81196
81197
81199
81200
81202
81202
81203
81204
81208
81209
81209
81210
81211
81212
81212
81213
81213
81215
81215
81215
81218
81218
81218
81219
81221
81221
81222
81223
81224
81226
81226
81227
81228
81229
81230
81231
81232
81235
81236
81237
81238
81238
81239
81240
81242
81244
81244
81245
81247
81250
81250
81251
81254
81255
81256
81257
81257
81258
81259
81260
81260
81260
81261
81263
81264
81264
81265
81265
81270
81270
81271
81271
81271
81273
81275
81275
81278
81278
81279
81281
81284
81286
81287
81287
81287
81290
81291
81291
81292
81294
81295
81296
81296
81296
81298
81298
81298
81298
81298
81300
81300
81301
81302
81302
81302
81303
81304
81305
81305
81307
81307
81307
81308
81308
81308
81309
81310
81312
81313
81314
81314
81315
81315
81317
81317
81317
81318
81318
81320
81320
81321
81322
81325
81325
81326
81327
81327
81327
81328
81328
81329
81330
81330
81332
81333
81333
81333
81333
81335
81335
81336
81337
81338
81338
81340
81340
81343
81343
81343
81348
81348
81348
81349
81349
81349
81351
81351
81353
81354
81355
81356
81359
81360
81361
81361
81362
81362
81366
81367
81368
81368
81368
81369
81370
81371
81371
81372
81374
81375
81375
81375
81376
81376
81376
81377
81377
81377
81380
81380
81381
81382
81384
81384
81384
81386
81387
81387
81388
81389
81389
81391
81394
81396
81397
81399
81400
81401
81402
81403
81405
81405
81407
81407
81408
81409
81410
81412
81415
81418
81418
81419
81420
81421
81423
81423
81424
81424
81424
81426
81426
81428
81431
81433
81433
81434
81435
81435
81437
81437
81438
81439
81439
81439
81440
81440
81441
81442
81442
81446
81446
81447
81449
81449
81451
81452
81454
81456
81456
81457
81457
81457
81459
81459
81461
81461
81463
81464
81466
81466
81467
81467
81468
81468
81468
81469
81473
81474
81474
81476
81477
81477
81478
81480
81481
81481
81482
81483
81484
81487
81488
81489
81489
81489
81490
81492
81493
81495
81497
81498
81498
81500
81500
81501
81502
81503
81504
81507
81509
81515
81516
81517
81518
81518
81518
81519
81519
81520
81520
81523
81524
81526
81526
81526
81527
81528
81528
81529
81530
81530
81530
81531
81531
81534
81534
81535
81535
81535
81535
81536
81538
81539
81539
81540
81543
81543
81546
81546
81548
81550
81551
81552
81553
81554
81554
81554
81555
81556
81557
81557
81558
81558
81558
81559
81560
81561
81562
81562
81562
81562
81563
81563
81563
81564
81564
81564
81565
81565
81565
81567
81569
81571
81573
81574
81575
81575
81576
81577
81580
81580
81581
81581
81585
81585
81586
81587
81588
81588
81591
81593
81594
81596
81598
81599
81600
81600
81601
81601
81603
81605
81605
81605
81607
81608
81609
81610
81610
81610
81611
81611
81613
81614
81614
81616
81618
81619
81619
81620
81620
81621
81622
81622
81624
81624
81624
81627
81628
81628
81628
81629
81629
81630
81630
81630
81634
81634
81636
81637
81641
81642
81642
81642
81643
81646
81646
81646
81647
81648
81649
81650
81651
81652
81653
81653
81654
81654
81655
81656
81656
81658
81658
81659
81660
81660
81662
81663
81663
81665
81666
81668
81668
81669
81670
81671
81671
81671
81675
81675
81675
81676
81676
81677
81677
81678
81679
81680
81680
81682
81684
81684
81685
81687
81690
81691
81693
81693
81695
81695
81696
81696
81696
81697
81697
81698
81698
81702
81703
81704
81705
81705
81705
81706
81709
81709
81709
81711
81713
81714
81714
81715
81717
81718
81718
81719
81720
81720
81720
81720
81722
81723
81725
81725
81727
81727
81727
81731
81731
81732
81735
81735
81735
81737
81737
81739
81740
81741
81742
81744
81745
81746
81746
81747
81751
81753
81754
81754
81754
81756
81756
81757
81758
81761
81762
81764
81764
81766
81767
81769
81770
81770
81772
81772
81773
81773
81774
81774
81774
81776
81776
81777
81777
81777
81777
81778
81779
81782
81782
81783
81785
81785
81785
81788
81788
81789
81790
81793
81795
81797
81797
81798
81799
81800
81800
81801
81801
81801
81802
81803
81804
81804
81805
81806
81807
81807
81808
81808
81810
81811
81812
81813
81813
81814
81814
81815
81816
81817
81820
81821
81822
81825
81825
81826
81835
81835
81836
81836
81837
81839
81840
81841
81842
81842
81843
81847
81848
81848
81848
81850
81851
81852
81852
81853
81856
81857
81858
81859
81861
81863
81863
81863
81864
81868
81871
81872
81874
81875
81875
81876
81876
81877
81877
81878
81880
81882
81883
81883
81883
81884
81885
81887
81888
81894
81894
81894
81895
81895
81897
81897
81899
81901
81901
81902
81903
81905
81905
81907
81908
81908
81909
81910
81910
81911
81911
81911
81914
81917
81917
81918
81918
81920
81921
81922
81923
81923
81925
81925
81925
81926
81926
81928
81931
81931
81931
81932
81934
81935
81935
81941
81945
81945
81945
81946
81946
81947
81947
81948
81949
81952
81952
81952
81952
81953
81954
81957
81958
81958
81958
81962
81962
81963
81966
81967
81968
81970
81970
81970
81971
81972
81973
81974
81975
81976
81976
81978
81979
81979
81980
81980
81981
81982
81982
81984
81987
81987
81987
81988
81989
81991
81993
81994
81995
81996
81998
82000
82000
82001
82001
82002
82003
82003
82003
82003
82006
82006
82007
82007
82010
82010
82010
82012
82013
82013
82016
82016
82021
82022
82022
82024
82025
82026
82026
82027
82029
82029
82030
82031
82031
82031
82032
82034
82034
82035
82035
82036
82036
82036
82037
82039
82040
82041
82044
82046
82046
82046
82046
82046
82047
82047
82047
82049
82049
82050
82051
82052
82052
82053
82053
82055
82057
82057
82057
82058
82059
82060
82061
82061
82062
82062
82062
82062
82064
82071
82072
82072
82073
82073
82074
82075
82076
82076
82077
82077
82079
82080
82082
82083
82085
82085
82086
82087
82087
82088
82089
82089
82091
82091
82092
82092
82092
82094
82095
82096
82096
82097
82097
82098
82102
82102
82102
82103
82104
82104
82105
82107
82107
82107
82108
82109
82112
82112
82115
82115
82118
82119
82120
82122
82122
82123
82124
82125
82127
82129
82130
82131
82131
82132
82133
82137
82137
82139
82139
82140
82143
82143
82144
82144
82147
82152
82153
82156
82157
82157
82159
82161
82166
82167
82167
82168
82168
82168
82170
82171
82173
82173
82178
82179
82180
82181
82183
82183
82183
82188
82188
82189
82189
82189
82190
82194
82194
82196
82196
82197
82198
82199
82200
82201
82202
82203
82203
82204
82205
82205
82207
82208
82208
82210
82211
82212
82212
82213
82214
82215
82217
82217
82217
82220
82221
82221
82223
82225
82226
82226
82226
82227
82227
82228
82228
82228
82230
82231
82233
82233
82233
82233
82234
82235
82235
82236
82238
82239
82239
82240
82242
82243
82243
82243
82245
82245
82246
82246
82247
82248
82248
82248
82250
82250
82251
82253
82254
82256
82256
82257
82257
82257
82259
82262
82262
82262
82262
82262
82263
82264
82264
82265
82265
82265
82266
82267
82267
82269
82270
82270
82275
82276
82276
82277
82278
82279
82279
82279
82282
82284
82285
82286
82287
82287
82288
82288
82289
82289
82290
82293
82293
82295
82296
82297
82298
82300
82301
82301
82304
82307
82308
82308
82310
82313
82313
82315
82316
82316
82316
82317
82317
82319
82319
82319
82320
82320
82320
82321
82321
82324
82324
82325
82325
82325
82326
82326
82327
82328
82328
82334
82334
82335
82335
82335
82336
82337
82337
82338
82338
82338
82339
82341
82341
82341
82342
82342
82343
82345
82345
82345
82346
82348
82349
82349
82351
82353
82353
82353
82356
82356
82356
82356
82357
82357
82359
82361
82362
82363
82363
82363
82364
82366
82367
82368
82368
82369
82369
82370
82372
82372
82372
82372
82373
82375
82375
82376
82377
82377
82379
82380
82380
82381
82382
82383
82384
82384
82386
82386
82387
82388
82388
82394
82394
82395
82396
82398
82399
82399
82401
82402
82403
82405
82406
82407
82407
82408
82409
82410
82411
82411
82412
82415
82417
82418
82420
82423
82423
82423
82428
82428
82429
82430
82431
82435
82436
82436
82437
82439
82440
82442
82442
82442
82444
82445
82445
82446
82446
82446
82449
82450
82454
82454
82454
82455
82457
82458
82460
82461
82463
82463
82463
82464
82465
82471
82472
82472
82473
82474
82475
82475
82476
82476
82477
82477
82478
82481
82481
82484
82484
82484
82486
82486
82486
82487
82487
82489
82490
82490
82491
82493
82493
82494
82494
82496
82497
82498
82500
82500
82501
82502
82502
82502
82503
82504
82507
82509
82509
82510
82510
82511
82511
82512
82512
82512
82513
82515
82515
82515
82516
82516
82520
82521
82521
82521
82522
82523
82525
82526
82527
82527
82528
82528
82529
82529
82529
82529
82530
82535
82537
82537
82538
82539
82540
82541
82542
82542
82542
82542
82544
82545
82546
82548
82549
82549
82549
82551
82552
82552
82556
82556
82556
82557
82558
82558
82558
82558
82559
82559
82559
82559
82560
82561
82561
82563
82564
82566
82566
82567
82567
82567
82567
82568
82571
82573
82574
82575
82576
82576
82577
82578
82579
82579
82581
82582
82583
82583
82584
82585
82586
82587
82588
82588
82588
82589
82590
82593
82594
82595
82596
82598
82599
82599
82602
82604
82604
82604
82606
82607
82610
82610
82611
82611
82612
82612
82613
82613
82615
82616
82616
82617
82617
82618
82619
82621
82621
82622
82622
82624
82624
82624
82624
82627
82630
82631
82632
82633
82633
82636
82637
82638
82639
82640
82642
82644
82644
82645
82645
82648
82649
82650
82652
82652
82653
82653
82654
82654
82654
82658
82658
82658
82659
82659
82660
82663
82665
82667
82670
82670
82670
82671
82672
82673
82673
82674
82676
82676
82677
82677
82680
82688
82690
82691
82693
82694
82694
82694
82694
82696
82697
82698
82699
82700
82700
82700
82701
82702
82703
82703
82704
82705
82705
82706
82706
82707
82707
82709
82710
82712
82713
82714
82716
82717
82717
82718
82719
82722
82723
82723
82723
82725
82725
82728
82729
82729
82730
82730
82730
82732
82733
82733
82733
82735
82735
82737
82738
82738
82740
82742
82743
82744
82745
82746
82747
82747
82748
82748
82753
82754
82755
82756
82758
82759
82759
82760
82763
82764
82765
82766
82766
82768
82769
82770
82771
82771
82772
82773
82773
82774
82776
82778
82779
82780
82781
82781
82783
82785
82786
82787
82789
82790
82790
82791
82791
82792
82792
82793
82793
82795
82796
82800
82800
82801
82802
82802
82803
82803
82804
82805
82805
82806
82807
82807
82808
82808
82809
82810
82811
82811
82812
82813
82813
82814
82814
82815
82815
82815
82816
82819
82819
82820
82821
82821
82821
82823
82823
82826
82826
82826
82827
82828
82829
82830
82830
82835
82835
82840
82840
82840
82844
82844
82848
82848
82852
82852
82853
82853
82856
82856
82856
82858
82858
82859
82860
82861
82862
82864
82864
82865
82867
82868
82869
82870
82871
82872
82873
82875
82875
82875
82877
82880
82880
82880
82881
82881
82882
82883
82884
82886
82886
82888
82889
82890
82892
82892
82893
82895
82897
82897
82898
82899
82902
82902
82902
82904
82905
82905
82906
82907
82907
82908
82908
82908
82909
82911
82911
82912
82912
82912
82913
82914
82915
82915
82918
82919
82919
82919
82920
82921
82922
82923
82924
82926
82926
82926
82927
82929
82929
82930
82931
82931
82933
82933
82936
82937
82937
82937
82938
82938
82938
82939
82941
82942
82942
82945
82946
82946
82946
82947
82947
82948
82950
82950
82951
82951
82955
82956
82956
82956
82957
82958
82958
82958
82960
82960
82961
82961
82961
82961
82962
82962
82963
82963
82964
82964
82965
82967
82967
82968
82968
82969
82971
82972
82973
82975
82975
82976
82976
82976
82977
82978
82980
82982
82983
82983
82984
82984
82985
82986
82988
82989
82990
82991
82991
82991
82992
82993
82994
82995
82995
82996
82996
82999
83000
83000
83000
83001
83002
83003
83004
83004
83007
83007
83007
83009
83010
83010
83015
83015
83015
83015
83016
83016
83018
83019
83020
83021
83024
83028
83029
83032
83033
83034
83034
83036
83036
83037
83039
83039
83040
83040
83043
83044
83045
83045
83045
83046
83046
83047
83048
83050
83051
83051
83052
83052
83052
83054
83054
83055
83055
83057
83058
83058
83058
83059
83064
83068
83069
83071
83071
83073
83075
83075
83075
83077
83078
83079
83080
83081
83083
83083
83083
83085
83085
83088
83089
83091
83091
83092
83094
83096
83097
83097
83098
83098
83098
83099
83099
83100
83101
83102
83105
83106
83108
83108
83110
83111
83112
83112
83112
83113
83118
83122
83123
83123
83124
83127
83127
83128
83128
83128
83128
83128
83129
83130
83130
83132
83133
83134
83134
83135
83136
83137
83138
83140
83140
83144
83145
83146
83146
83146
83147
83148
83149
83149
83150
83151
83152
83152
83153
83155
83156
83157
83157
83158
83158
83158
83158
83160
83160
83161
83162
83163
83165
83167
83167
83169
83170
83172
83176
83176
83176
83177
83179
83180
83181
83182
83182
83183
83184
83184
83187
83189
83190
83190
83191
83191
83192
83192
83193
83194
83195
83197
83199
83199
83203
83204
83205
83206
83207
83208
83208
83209
83210
83210
83211
83211
83212
83212
83213
83214
83214
83216
83216
83218
83218
83219
83221
83221
83221
83221
83225
83225
83227
83227
83229
83230
83231
83231
83235
83237
83238
83238
83238
83239
83242
83242
83247
83247
83247
83248
83249
83250
83252
83252
83253
83253
83255
83256
83257
83261
83262
83264
83264
83266
83266
83267
83268
83269
83269
83269
83270
83270
83271
83273
83273
83275
83277
83277
83277
83277
83277
83281
83282
83288
83288
83290
83293
83293
83294
83296
83297
83298
83298
83300
83301
83302
83302
83303
83304
83305
83306
83307
83307
83307
83309
83312
83313
83313
83313
83315
83315
83315
83315
83317
83318
83318
83320
83320
83321
83322
83322
83328
83330
83330
83331
83331
83334
83336
83336
83338
83339
83342
83343
83344
83344
83344
83344
83345
83346
83347
83347
83349
83350
83351
83351
83356
83356
83358
83360
83360
83361
83361
83362
83362
83363
83363
83364
83365
83367
83369
83369
83369
83369
83371
83371
83371
83372
83373
83373
83376
83376
83376
83377
83377
83378
83381
83382
83383
83383
83384
83384
83384
83386
83386
83386
83388
83391
83391
83393
83393
83393
83394
83395
83396
83396
83398
83398
83400
83400
83401
83401
83402
83403
83405
83405
83405
83405
83406
83407
83409
83409
83410
83411
83412
83413
83413
83414
83414
83416
83416
83417
83417
83417
83419
83421
83422
83423
83423
83424
83425
83425
83425
83427
83427
83427
83428
83430
83431
83431
83432
83438
83439
83441
83442
83442
83442
83442
83443
83443
83445
83447
83448
83449
83450
83452
83455
83457
83457
83459
83463
83463
83464
83467
83467
83468
83468
83469
83470
83473
83473
83473
83479
83480
83482
83483
83484
83485
83486
83487
83490
83490
83492
83492
83492
83495
83497
83498
83499
83500
83505
83505
83506
83507
83507
83508
83508
83509
83509
83510
83511
83511
83511
83512
83515
83515
83515
83515
83515
83515
83516
83516
83516
83517
83517
83517
83517
83520
83524
83524
83524
83526
83526
83526
83526
83527
83527
83527
83530
83531
83533
83533
83534
83536
83536
83536
83540
83542
83542
83544
83545
83545
83546
83551
83555
83555
83556
83558
83559
83560
83560
83561
83562
83563
83565
83565
83567
83568
83572
83572
83572
83574
83576
83577
83577
83577
83577
83579
83581
83581
83583
83584
83584
83585
83586
83588
83590
83593
83593
83595
83595
83596
83596
83597
83598
83599
83599
83599
83602
83603
83604
83605
83605
83605
83606
83606
83607
83608
83608
83609
83611
83611
83613
83614
83615
83615
83621
83621
83622
83624
83625
83625
83627
83628
83630
83630
83632
83632
83634
83636
83638
83639
83639
83640
83640
83640
83641
83642
83642
83645
83646
83647
83648
83649
83650
83650
83651
83652
83652
83652
83652
83652
83654
83655
83657
83657
83658
83658
83659
83660
83661
83661
83663
83663
83665
83665
83666
83668
83668
83669
83670
83672
83673
83673
83677
83678
83679
83680
83681
83682
83682
83682
83683
83683
83684
83685
83685
83685
83689
83689
83689
83690
83691
83691
83692
83692
83693
83694
83696
83696
83698
83698
83698
83701
83702
83702
83703
83705
83707
83707
83708
83708
83709
83709
83709
83710
83711
83713
83714
83716
83716
83717
83717
83717
83718
83720
83720
83721
83721
83722
83724
83725
83727
83728
83730
83731
83731
83733
83735
83735
83737
83738
83741
83741
83744
83745
83746
83749
83750
83750
83751
83752
83754
83755
83755
83755
83756
83757
83766
83768
83769
83769
83771
83772
83773
83775
83775
83775
83775
83777
83779
83779
83779
83781
83781
83782
83783
83783
83784
83786
83786
83787
83789
83791
83791
83792
83792
83792
83793
83793
83794
83795
83797
83797
83798
83799
83799
83800
83800
83801
83803
83805
83806
83806
83807
83807
83808
83810
83814
83817
83818
83819
83821
83821
83822
83822
83824
83824
83826
83826
83829
83830
83830
83831
83833
83833
83833
83833
83836
83837
83839
83840
83843
83844
83846
83846
83847
83847
83848
83849
83849
83849
83853
83856
83857
83858
83859
83861
83862
83863
83864
83864
83865
83867
83867
83868
83869
83869
83869
83870
83870
83873
83873
83873
83875
83876
83876
83877
83877
83884
83884
83885
83886
83886
83886
83887
83889
83891
83891
83891
83891
83892
83893
83893
83894
83894
83896
83901
83903
83907
83910
83910
83911
83912
83912
83913
83914
83914
83916
83916
83916
83918
83918
83918
83919
83919
83921
83923
83924
83927
83927
83928
83929
83931
83931
83932
83932
83932
83934
83935
83936
83936
83937
83937
83939
83940
83941
83943
83944
83945
83946
83947
83950
83950
83951
83952
83952
83954
83955
83956
83956
83956
83956
83959
83960
83960
83963
83966
83967
83968
83971
83972
83972
83973
83973
83973
83974
83975
83975
83978
83978
83978
83978
83979
83979
83980
83981
83982
83983
83984
83984
83985
83986
83988
83990
83990
83990
83990
83990
83993
83993
83994
83995
83995
83996
83997
83999
83999
84001
84002
84002
84004
84004
84006
84006
84009
84010
84012
84013
84015
84016
84016
84017
84018
84018
84020
84022
84022
84023
84023
84023
84024
84025
84025
84025
84025
84026
84032
84034
84038
84039
84039
84040
84040
84043
84045
84046
84046
84046
84047
84047
84049
84049
84049
84050
84050
84050
84050
84051
84052
84053
84053
84054
84054
84055
84055
84055
84056
84056
84057
84058
84058
84059
84059
84059
84059
84059
84063
84064
84066
84066
84067
84068
84073
84073
84074
84074
84076
84076
84077
84080
84080
84081
84082
84083
84083
84084
84084
84084
84084
84085
84085
84088
84089
84091
84091
84092
84093
84093
84093
84094
84095
84096
84096
84096
84097
84099
84100
84103
84104
84106
84108
84109
84110
84112
84113
84114
84114
84115
84117
84117
84119
84121
84122
84123
84123
84124
84124
84125
84127
84128
84129
84130
84130
84132
84133
84136
84136
84138
84138
84138
84142
84143
84143
84144
84145
84145
84145
84146
84146
84147
84149
84149
84155
84155
84155
84156
84157
84157
84158
84158
84159
84159
84159
84162
84162
84168
84169
84169
84170
84171
84172
84173
84174
84174
84175
84177
84179
84181
84181
84183
84184
84186
84189
84189
84191
84191
84191
84192
84192
84193
84194
84196
84198
84200
84202
84202
84203
84204
84205
84206
84206
84207
84210
84210
84211
84213
84213
84213
84214
84214
84216
84216
84217
84217
84218
84220
84221
84222
84222
84222
84224
84224
84224
84224
84226
84227
84227
84228
84228
84229
84230
84231
84231
84231
84232
84233
84233
84235
84235
84236
84239
84243
84243
84243
84244
84245
84245
84245
84246
84246
84246
84247
84247
84247
84248
84251
84253
84254
84256
84256
84259
84259
84260
84262
84262
84263
84264
84264
84265
84266
84266
84267
84267
84267
84268
84269
84269
84270
84272
84275
84275
84276
84277
84278
84278
84278
84279
84279
84280
84281
84282
84282
84286
84287
84287
84289
84290
84294
84298
84298
84298
84299
84299
84300
84302
84302
84303
84303
84304
84305
84307
84307
84307
84308
84309
84311
84311
84312
84314
84315
84316
84316
84317
84318
84319
84321
84321
84323
84324
84329
84331
84336
84336
84337
84337
84339
84341
84341
84342
84343
84344
84344
84346
84348
84350
84351
84352
84353
84354
84355
84356
84356
84356
84361
84361
84362
84362
84363
84363
84364
84368
84369
84369
84369
84371
84371
84371
84372
84373
84374
84374
84375
84375
84375
84378
84378
84381
84383
84384
84385
84385
84386
84387
84390
84392
84393
84393
84394
84396
84396
84397
84398
84402
84403
84403
84404
84405
84408
84408
84409
84409
84409
84410
84410
84410
84412
84412
84412
84412
84412
84413
84415
84416
84421
84423
84424
84424
84425
84425
84426
84427
84429
84429
84433
84434
84435
84436
84436
84436
84437
84437
84438
84439
84439
84440
84443
84444
84444
84444
84444
84444
84445
84445
84445
84445
84445
84446
84447
84448
84448
84450
84450
84450
84451
84451
84452
84454
84454
84455
84455
84455
84456
84456
84457
84458
84458
84459
84460
84460
84461
84462
84464
84466
84466
84468
84469
84470
84470
84471
84471
84474
84475
84476
84477
84477
84477
84478
84478
84479
84479
84480
84481
84481
84482
84484
84484
84484
84484
84487
84487
84487
84487
84489
84489
84489
84494
84501
84501
84501
84503
84503
84504
84504
84504
84505
84505
84507
84507
84508
84512
84512
84513
84518
84518
84518
84519
84521
84524
84524
84525
84527
84527
84527
84529
84531
84533
84533
84535
84535
84535
84536
84536
84538
84538
84539
84542
84544
84548
84549
84550
84552
84553
84554
84554
84555
84556
84556
84558
84558
84559
84562
84563
84563
84564
84564
84564
84565
84566
84567
84568
84570
84571
84571
84575
84576
84576
84576
84582
84584
84584
84585
84587
84587
84589
84589
84589
84590
84591
84592
84592
84593
84594
84595
84596
84598
84599
84599
84601
84602
84603
84605
84606
84607
84608
84608
84609
84610
84610
84611
84612
84613
84614
84618
84620
84621
84622
84623
84623
84624
84624
84624
84625
84626
84629
84629
84629
84630
84631
84632
84633
84634
84634
84634
84635
84636
84638
84638
84638
84639
84642
84642
84645
84648
84649
84650
84650
84650
84650
84651
84653
84654
84656
84658
84659
84660
84660
84660
84661
84662
84663
84663
84664
84664
84665
84666
84666
84666
84667
84670
84671
84672
84672
84673
84675
84675
84675
84676
84677
84678
84679
84679
84679
84680
84680
84680
84681
84682
84684
84685
84686
84686
84688
84690
84690
84691
84692
84693
84693
84694
84694
84694
84697
84697
84700
84701
84703
84703
84704
84704
84704
84705
84705
84706
84706
84708
84708
84710
84710
84711
84712
84712
84713
84715
84715
84715
84715
84716
84719
84719
84719
84723
84723
84725
84725
84726
84729
84730
84730
84730
84732
84732
84732
84733
84737
84738
84740
84740
84740
84742
84742
84743
84744
84745
84746
84747
84748
84748
84749
84750
84750
84751
84751
84754
84755
84755
84755
84756
84756
84757
84758
84759
84760
84761
84761
84761
84762
84762
84764
84764
84766
84766
84767
84769
84769
84772
84772
84773
84775
84775
84776
84776
84778
84779
84780
84780
84780
84781
84782
84784
84784
84785
84785
84786
84786
84788
84788
84790
84791
84792
84792
84794
84796
84796
84796
84797
84798
84798
84798
84799
84800
84800
84800
84802
84802
84803
84804
84805
84805
84805
84805
84806
84808
84809
84809
84810
84811
84812
84812
84814
84816
84816
84816
84817
84817
84818
84819
84819
84820
84820
84822
84823
84824
84824
84825
84826
84827
84828
84829
84830
84832
84832
84833
84833
84836
84836
84837
84838
84838
84840
84840
84840
84841
84843
84845
84845
84847
84848
84850
84852
84852
84854
84855
84855
84857
84861
84865
84865
84867
84867
84867
84868
84870
84870
84872
84872
84872
84877
84878
84878
84879
84879
84880
84882
84883
84884
84884
84884
84885
84885
84885
84885
84886
84887
84888
84889
84889
84892
84892
84893
84895
84896
84897
84897
84897
84901
84903
84905
84905
84905
84907
84907
84908
84908
84910
84911
84912
84912
84914
84915
84917
84917
84917
84917
84919
84919
84920
84922
84923
84926
84929
84929
84930
84930
84931
84931
84933
84933
84934
84935
84935
84939
84939
84941
84941
84941
84943
84946
84946
84949
84949
84950
84950
84951
84952
84954
84956
84956
84957
84958
84960
84960
84961
84961
84961
84962
84962
84962
84963
84964
84967
84972
84973
84976
84976
84978
84979
84980
84981
84981
84985
84985
84985
84985
84985
84986
84987
84988
84989
84989
84990
84993
84995
84996
84998
84998
84999
85000
85001
85001
85002
85002
85003
85004
85004
85007
85008
85009
85011
85011
85011
85013
85013
85016
85016
85018
85019
85020
85021
85022
85022
85023
85024
85024
85024
85025
85025
85026
85027
85028
85029
85029
85029
85030
85031
85034
85034
85035
85037
85038
85039
85039
85039
85041
85043
85044
85045
85045
85049
85053
85053
85053
85053
85053
85054
85055
85057
85057
85057
85057
85059
85059
85060
85060
85061
85063
85063
85063
85065
85065
85066
85066
85066
85068
85070
85070
85070
85072
85072
85076
85076
85076
85076
85077
85078
85078
85079
85082
85082
85082
85082
85082
85084
85085
85087
85087
85088
85088
85091
85091
85091
85091
85092
85094
85096
85097
85098
85099
85100
85100
85103
85103
85105
85105
85107
85108
85108
85108
85109
85110
85110
85111
85112
85113
85114
85115
85117
85119
85119
85120
85122
85125
85126
85126
85129
85130
85131
85132
85133
85133
85134
85134
85136
85138
85139
85139
85141
85148
85148
85148
85149
85149
85149
85151
85152
85153
85153
85154
85154
85154
85155
85156
85157
85157
85158
85160
85161
85161
85162
85162
85163
85166
85166
85167
85168
85168
85170
85171
85173
85175
85175
85176
85178
85179
85179
85180
85181
85182
85183
85187
85187
85188
85188
85188
85188
85189
85191
85191
85191
85192
85192
85192
85193
85193
85194
85195
85195
85195
85195
85196
85197
85202
85205
85205
85209
85210
85212
85212
85215
85215
85216
85216
85216
85217
85218
85218
85219
85220
85220
85221
85223
85224
85225
85225
85226
85226
85227
85228
85228
85228
85229
85230
85230
85232
85234
85236
85238
85239
85239
85240
85242
85244
85244
85246
85246
85249
85249
85250
85252
85256
85256
85256
85256
85258
85258
85259
85259
85263
85265
85266
85266
85269
85269
85269
85271
85271
85271
85271
85272
85274
85275
85275
85275
85275
85278
85279
85282
85282
85284
85285
85286
85288
85289
85289
85290
85291
85292
85295
85297
85297
85297
85298
85298
85299
85300
85300
85305
85305
85305
85307
85308
85309
85309
85309
85310
85311
85311
85313
85313
85315
85315
85316
85317
85319
85319
85320
85321
85325
85326
85328
85328
85329
85331
85337
85337
85337
85337
85338
85339
85339
85339
85339
85341
85344
85346
85348
85348
85350
85351
85352
85353
85353
85354
85354
85354
85358
85361
85361
85362
85362
85362
85363
85364
85365
85366
85366
85367
85367
85367
85368
85369
85369
85370
85372
85373
85376
85377
85378
85378
85380
85380
85382
85383
85384
85384
85384
85385
85386
85387
85387
85388
85388
85389
85390
85391
85395
85396
85396
85397
85397
85398
85398
85400
85403
85404
85404
85407
85408
85411
85411
85412
85413
85417
85417
85418
85420
85420
85420
85422
85422
85423
85423
85424
85425
85426
85426
85428
85428
85430
85430
85431
85432
85432
85432
85432
85433
85433
85435
85435
85435
85436
85436
85438
85439
85439
85440
85441
85442
85443
85444
85444
85444
85446
85447
85448
85448
85449
85451
85452
85452
85453
85453
85453
85455
85455
85455
85455
85457
85458
85458
85458
85459
85460
85463
85463
85463
85463
85464
85464
85465
85465
85466
85468
85470
85474
85475
85475
85475
85480
85481
85482
85483
85484
85485
85485
85486
85489
85491
85491
85492
85493
85494
85495
85499
85500
85501
85502
85503
85507
85507
85508
85509
85510
85512
85512
85513
85516
85517
85518
85519
85520
85520
85523
85524
85524
85525
85525
85525
85525
85527
85527
85527
85528
85528
85529
85530
85531
85531
85531
85532
85533
85534
85534
85536
85536
85537
85537
85537
85538
85539
85541
85541
85542
85545
85547
85550
85551
85552
85552
85553
85556
85557
85559
85559
85559
85561
85562
85562
85563
85563
85564
85564
85564
85565
85566
85567
85569
85569
85569
85572
85572
85574
85575
85576
85576
85577
85581
85581
85582
85584
85591
85592
85594
85594
85594
85595
85596
85596
85601
85602
85602
85604
85605
85607
85608
85611
85611
85614
85614
85617
85619
85620
85620
85620
85620
85621
85622
85622
85624
85624
85627
85627
85627
85629
85630
85630
85631
85631
85631
85632
85633
85635
85635
85636
85637
85637
85638
85639
85640
85641
85641
85641
85642
85643
85647
85647
85648
85651
85651
85653
85654
85655
85656
85657
85657
85657
85658
85659
85660
85660
85660
85663
85663
85665
85666
85668
85668
85669
85670
85670
85670
85672
85673
85673
85674
85675
85676
85676
85677
85679
85681
85682
85683
85683
85687
85687
85688
85688
85691
85692
85692
85694
85695
85696
85696
85698
85701
85703
85703
85703
85704
85704
85705
85706
85708
85708
85708
85710
85712
85715
85715
85719
85720
85721
85722
85722
85723
85723
85723
85725
85726
85727
85727
85728
85730
85732
85732
85733
85734
85735
85737
85738
85738
85739
85739
85740
85740
85740
85741
85741
85742
85743
85743
85743
85745
85745
85746
85747
85751
85753
85755
85756
85757
85758
85758
85759
85759
85762
85765
85765
85765
85766
85766
85767
85767
85767
85768
85771
85774
85774
85774
85775
85775
85775
85775
85775
85775
85776
85776
85778
85778
85778
85780
85780
85781
85784
85784
85789
85791
85791
85791
85792
85794
85794
85794
85795
85798
85799
85801
85805
85806
85808
85808
85808
85809
85810
85811
85813
85814
85814
85815
85815
85816
85818
85818
85819
85819
85819
85820
85820
85822
85824
85825
85826
85826
85827
85827
85831
85831
85834
85835
85835
85836
85837
85837
85839
85839
85839
85840
85840
85841
85842
85842
85843
85843
85843
85845
85846
85847
85848
85849
85849
85851
85852
85853
85854
85855
85856
85857
85858
85859
85859
85860
85861
85862
85863
85866
85866
85866
85867
85868
85871
85874
85875
85875
85875
85875
85877
85881
85882
85883
85884
85885
85885
85889
85892
85893
85895
85900
85900
85901
85902
85902
85903
85903
85907
85908
85909
85909
85910
85910
85910
85911
85911
85911
85915
85916
85917
85918
85923
85924
85926
85926
85927
85928
85928
85929
85930
85930
85930
85931
85931
85932
85935
85938
85939
85941
85943
85943
85943
85945
85947
85947
85948
85949
85949
85951
85952
85952
85953
85953
85955
85955
85956
85958
85958
85958
85961
85962
85964
85965
85967
85967
85970
85970
85970
85971
85972
85973
85973
85973
85974
85974
85975
85975
85976
85977
85979
85979
85981
85981
85983
85984
85984
85984
85984
85986
85986
85987
85987
85988
85988
85989
85989
85989
85992
85992
85992
85993
85993
85993
85994
85994
85994
85995
85996
85996
85997
85997
86000
86000
86000
86001
86001
86001
86001
86002
86003
86004
86004
86006
86006
86010
86011
86014
86014
86017
86018
86018
86020
86020
86020
86021
86023
86023
86024
86024
86025
86028
86030
86031
86031
86034
86034
86036
86036
86038
86038
86040
86043
86043
86043
86044
86045
86047
86048
86049
86050
86050
86051
86053
86055
86056
86057
86057
86057
86057
86060
86060
86066
86068
86069
86069
86070
86071
86071
86071
86072
86073
86074
86075
86075
86076
86076
86077
86077
86077
86078
86079
86083
86084
86084
86084
86084
86086
86086
86088
86090
86090
86090
86091
86091
86092
86093
86097
86097
86097
86100
86102
86102
86103
86104
86105
86105
86108
86110
86111
86111
86111
86112
86114
86114
86114
86114
86115
86115
86117
86117
86117
86118
86119
86119
86120
86123
86125
86125
86127
86127
86128
86129
86129
86130
86130
86130
86132
86133
86135
86135
86139
86140
86144
86145
86145
86148
86148
86148
86149
86151
86151
86152
86152
86154
86155
86155
86156
86157
86157
86159
86160
86161
86162
86162
86164
86165
86165
86166
86167
86170
86171
86173
86173
86177
86177
86178
86180
86181
86182
86184
86184
86184
86185
86185
86186
86186
86186
86187
86188
86188
86189
86190
86191
86197
86199
86201
86202
86204
86204
86206
86206
86208
86210
86210
86210
86212
86212
86213
86215
86216
86216
86217
86218
86220
86221
86223
86223
86229
86230
86230
86231
86234
86235
86235
86236
86237
86239
86239
86242
86243
86247
86247
86248
86248
86248
86249
86253
86253
86255
86255
86256
86257
86258
86258
86258
86260
86261
86262
86263
86263
86263
86265
86266
86267
86267
86267
86268
86268
86268
86269
86269
86270
86270
86270
86271
86271
86271
86272
86272
86273
86273
86273
86274
86274
86275
86276
86276
86277
86278
86278
86278
86278
86278
86279
86284
86286
86287
86288
86288
86288
86289
86290
86292
86292
86292
86297
86297
86298
86298
86298
86298
86299
86299
86301
86302
86302
86302
86304
86305
86306
86307
86307
86307
86308
86310
86310
86310
86311
86311
86312
86314
86317
86320
86320
86321
86321
86323
86324
86325
86326
86327
86327
86328
86328
86330
86331
86331
86332
86333
86334
86334
86336
86336
86337
86337
86337
86338
86340
86340
86341
86344
86347
86350
86352
86352
86352
86353
86354
86355
86356
86358
86360
86361
86362
86362
86363
86363
86364
86364
86365
86365
86367
86367
86367
86369
86369
86370
86370
86371
86371
86373
86373
86375
86375
86376
86379
86379
86379
86380
86383
86383
86384
86385
86388
86390
86390
86391
86392
86393
86394
86395
86397
86398
86399
86399
86400
86401
86405
86406
86406
86406
86408
86408
86408
86409
86409
86417
86417
86419
86423
86423
86424
86424
86424
86424
86425
86425
86429
86429
86430
86430
86430
86431
86431
86431
86432
86432
86433
86434
86435
86436
86437
86437
86439
86440
86441
86442
86442
86442
86443
86447
86449
86451
86451
86452
86452
86453
86453
86454
86456
86457
86459
86463
86464
86465
86465
86465
86466
86466
86466
86467
86467
86467
86468
86468
86468
86468
86471
86473
86474
86475
86477
86477
86479
86479
86482
86483
86484
86484
86484
86486
86488
86488
86489
86489
86489
86489
86492
86492
86495
86495
86495
86496
86497
86499
86500
86504
86504
86504
86506
86506
86506
86508
86509
86509
86512
86513
86513
86514
86516
86517
86518
86520
86522
86522
86524
86525
86526
86528
86528
86531
86531
86531
86532
86532
86533
86534
86536
86536
86539
86539
86539
86540
86543
86544
86544
86544
86544
86545
86545
86545
86545
86545
86546
86547
86547
86547
86550
86550
86551
86551
86551
86553
86554
86555
86557
86559
86560
86561
86563
86564
86565
86566
86566
86567
86568
86569
86569
86569
86570
86572
86572
86572
86573
86573
86573
86578
86581
86581
86582
86583
86584
86586
86591
86592
86592
86593
86593
86594
86594
86594
86595
86597
86599
86599
86604
86605
86605
86606
86606
86610
86610
86610
86612
86612
86614
86615
86616
86618
86618
86618
86618
86618
86620
86625
86626
86627
86627
86627
86627
86630
86630
86631
86631
86631
86634
86636
86637
86640
86642
86643
86643
86643
86643
86644
86645
86645
86646
86647
86647
86647
86647
86649
86649
86653
86655
86655
86656
86656
86656
86656
86657
86658
86659
86659
86659
86660
86660
86660
86661
86661
86663
86665
86665
86665
86666
86668
86669
86670
86670
86672
86673
86674
86675
86677
86678
86679
86679
86680
86681
86681
86681
86683
86684
86684
86685
86685
86685
86686
86686
86687
86687
86687
86689
86691
86692
86693
86694
86695
86699
86699
86701
86704
86705
86706
86706
86707
86707
86708
86709
86710
86712
86713
86714
86714
86716
86717
86717
86723
86724
86724
86724
86725
86725
86726
86727
86729
86730
86730
86731
86733
86733
86734
86734
86735
86735
86735
86737
86739
86745
86745
86745
86745
86746
86746
86746
86747
86748
86749
86750
86750
86751
86755
86755
86755
86756
86756
86757
86758
86759
86760
86760
86760
86761
86761
86762
86762
86763
86764
86764
86766
86767
86770
86770
86771
86773
86773
86775
86776
86778
86778
86780
86783
86784
86784
86786
86786
86787
86788
86788
86789
86789
86792
86792
86793
86794
86794
86797
86797
86797
86799
86800
86802
86803
86803
86804
86804
86804
86806
86806
86806
86807
86808
86809
86809
86810
86810
86811
86813
86814
86814
86815
86815
86815
86818
86818
86818
86819
86820
86821
86824
86825
86826
86827
86831
86832
86832
86834
86835
86837
86840
86842
86842
86843
86844
86845
86845
86846
86848
86848
86848
86849
86850
86851
86851
86852
86853
86853
86855
86855
86856
86856
86860
86860
86861
86863
86863
86864
86864
86865
86867
86869
86870
86870
86870
86874
86875
86875
86877
86877
86878
86878
86878
86882
86882
86883
86886
86887
86894
86894
86896
86898
86898
86899
86899
86899
86900
86901
86902
86903
86904
86904
86904
86905
86905
86906
86906
86906
86907
86909
86909
86909
86911
86911
86911
86911
86911
86912
86914
86917
86917
86918
86922
86923
86925
86927
86930
86932
86932
86933
86933
86933
86933
86934
86934
86938
86940
86940
86941
86943
86943
86943
86943
86944
86944
86944
86945
86948
86948
86949
86949
86949
86952
86953
86954
86954
86954
86955
86957
86958
86960
86960
86963
86963
86965
86965
86966
86968
86968
86969
86970
86974
86974
86976
86979
86979
86980
86982
86982
86983
86984
86985
86986
86986
86986
86987
86987
86988
86988
86989
86989
86991
86992
86992
86993
86995
86996
87000
87001
87001
87002
87002
87002
87004
87006
87007
87007
87008
87008
87008
87009
87015
87015
87015
87017
87021
87022
87022
87023
87025
87026
87027
87027
87027
87030
87031
87031
87033
87033
87033
87034
87037
87038
87038
87039
87039
87040
87040
87040
87041
87041
87041
87043
87046
87046
87048
87049
87049
87050
87053
87053
87053
87054
87055
87055
87056
87056
87059
87059
87061
87061
87063
87065
87066
87066
87067
87068
87068
87069
87070
87070
87070
87071
87073
87073
87073
87076
87077
87078
87079
87079
87081
87081
87082
87083
87086
87086
87087
87087
87089
87090
87091
87091
87093
87095
87098
87101
87101
87102
87103
87103
87104
87105
87106
87107
87107
87111
87111
87112
87118
87118
87119
87121
87121
87121
87121
87124
87126
87127
87128
87129
87129
87130
87132
87134
87135
87135
87136
87136
87137
87139
87139
87140
87142
87143
87144
87145
87145
87147
87147
87147
87148
87149
87149
87149
87150
87150
87150
87150
87151
87152
87153
87155
87156
87157
87158
87158
87158
87158
87159
87160
87160
87160
87161
87163
87164
87164
87167
87169
87169
87169
87171
87171
87172
87173
87175
87175
87176
87177
87177
87178
87178
87178
87179
87182
87183
87185
87185
87186
87187
87188
87190
87190
87190
87191
87196
87198
87199
87201
87208
87208
87209
87211
87211
87212
87213
87214
87215
87216
87219
87220
87221
87221
87221
87225
87225
87226
87228
87228
87229
87230
87231
87231
87232
87232
87232
87232
87233
87233
87235
87235
87235
87235
87236
87237
87240
87241
87241
87243
87243
87244
87244
87246
87246
87246
87246
87249
87250
87250
87251
87252
87253
87253
87255
87257
87257
87259
87261
87262
87263
87264
87264
87266
87267
87267
87267
87267
87268
87268
87270
87270
87271
87274
87274
87277
87278
87278
87279
87281
87282
87283
87285
87286
87291
87292
87294
87294
87294
87295
87296
87298
87298
87300
87300
87302
87304
87304
87304
87304
87304
87305
87305
87306
87307
87309
87309
87309
87309
87310
87310
87310
87312
87312
87312
87313
87315
87316
87318
87319
87320
87320
87320
87322
87323
87324
87325
87327
87327
87327
87329
87329
87329
87329
87330
87330
87331
87332
87333
87334
87335
87335
87337
87339
87340
87342
87342
87342
87343
87343
87343
87344
87345
87346
87346
87346
87350
87350
87351
87351
87352
87353
87354
87357
87357
87357
87359
87360
87361
87364
87366
87366
87367
87370
87370
87371
87373
87373
87374
87376
87376
87377
87377
87380
87383
87383
87385
87386
87387
87388
87388
87389
87390
87391
87393
87394
87398
87400
87401
87402
87402
87403
87403
87403
87404
87405
87405
87406
87407
87407
87409
87410
87411
87411
87412
87415
87416
87417
87418
87418
87419
87421
87424
87425
87426
87426
87428
87429
87431
87432
87432
87433
87434
87435
87435
87437
87437
87438
87440
87441
87441
87442
87442
87442
87444
87445
87445
87445
87447
87448
87449
87450
87452
87452
87454
87454
87454
87454
87457
87458
87458
87458
87459
87461
87462
87464
87464
87466
87466
87467
87468
87470
87471
87471
87474
87475
87482
87485
87485
87486
87486
87487
87489
87490
87491
87491
87492
87494
87496
87496
87498
87498
87500
87500
87501
87502
87503
87503
87504
87504
87504
87505
87505
87506
87506
87506
87508
87508
87511
87513
87513
87514
87515
87515
87516
87516
87517
87517
87517
87518
87521
87523
87523
87525
87526
87527
87527
87527
87531
87536
87536
87537
87537
87540
87541
87541
87541
87543
87546
87546
87547
87547
87547
87548
87548
87549
87550
87550
87550
87550
87551
87552
87552
87554
87554
87556
87556
87557
87559
87563
87564
87564
87564
87566
87567
87567
87570
87572
87572
87574
87574
87580
87582
87582
87582
87584
87584
87586
87588
87588
87588
87589
87590
87590
87591
87592
87595
87596
87596
87597
87599
87599
87600
87601
87602
87604
87606
87608
87612
87613
87614
87614
87614
87615
87615
87615
87616
87616
87618
87619
87621
87621
87621
87622
87623
87623
87629
87631
87631
87634
87635
87636
87637
87638
87639
87644
87644
87646
87647
87647
87648
87650
87651
87651
87652
87653
87655
87655
87658
87658
87658
87659
87660
87660
87662
87663
87664
87664
87665
87667
87668
87668
87668
87668
87670
87674
87676
87677
87680
87680
87680
87682
87683
87685
87688
87688
87689
87689
87691
87692
87693
87693
87697
87697
87698
87699
87700
87701
87704
87704
87704
87706
87709
87709
87710
87712
87713
87714
87715
87715
87716
87716
87716
87719
87720
87720
87721
87722
87722
87724
87725
87726
87726
87727
87727
87728
87728
87728
87729
87730
87730
87730
87731
87731
87731
87731
87733
87733
87733
87735
87736
87737
87739
87739
87739
87739
87740
87741
87741
87741
87741
87743
87745
87746
87747
87749
87753
87759
87761
87761
87761
87762
87763
87763
87763
87764
87765
87767
87768
87769
87769
87770
87770
87771
87771
87771
87773
87773
87774
87774
87774
87775
87776
87777
87777
87778
87779
87779
87779
87780
87782
87782
87784
87787
87787
87787
87788
87788
87794
87794
87796
87796
87797
87798
87802
87802
87803
87803
87804
87805
87806
87806
87808
87812
87812
87817
87817
87818
87819
87820
87820
87821
87821
87823
87826
87826
87827
87827
87828
87829
87829
87830
87830
87832
87835
87836
87836
87838
87838
87839
87842
87843
87843
87843
87844
87845
87845
87846
87847
87848
87849
87849
87853
87854
87854
87855
87857
87858
87858
87858
87859
87859
87861
87861
87862
87863
87864
87864
87864
87864
87867
87869
87870
87871
87871
87873
87876
87877
87877
87880
87880
87881
87882
87884
87884
87884
87889
87889
87892
87894
87894
87894
87898
87899
87900
87900
87900
87900
87903
87903
87904
87908
87910
87912
87912
87913
87914
87914
87915
87916
87917
87918
87918
87919
87921
87921
87922
87924
87924
87926
87930
87930
87931
87931
87935
87935
87936
87937
87937
87939
87939
87940
87940
87941
87942
87944
87945
87946
87948
87949
87950
87953
87953
87954
87954
87957
87957
87959
87959
87961
87962
87963
87964
87964
87964
87965
87966
87968
87970
87971
87972
87973
87975
87975
87976
87981
87984
87986
87986
87986
87991
87991
87992
87993
87993
87994
87995
87995
87996
87996
87997
87997
87998
87998
88001
88002
88006
88006
88007
88007
88009
88011
88011
88012
88013
88013
88013
88014
88014
88014
88015
88016
88016
88021
88022
88022
88023
88023
88024
88024
88025
88029
88031
88031
88033
88034
88035
88035
88037
88037
88039
88040
88041
88041
88041
88043
88043
88044
88046
88051
88052
88052
88053
88053
88054
88055
88055
88055
88055
88056
88056
88056
88058
88059
88059
88062
88062
88062
88065
88068
88068
88069
88070
88071
88074
88075
88076
88077
88078
88079
88080
88080
88081
88083
88083
88084
88085
88085
88086
88086
88090
88091
88091
88093
88093
88094
88096
88096
88097
88099
88099
88100
88100
88101
88102
88102
88104
88104
88106
88111
88111
88111
88111
88112
88113
88114
88116
88117
88121
88121
88122
88123
88124
88126
88127
88127
88128
88128
88130
88130
88133
88134
88134
88136
88138
88138
88139
88140
88140
88141
88141
88142
88143
88145
88146
88147
88147
88149
88150
88153
88154
88154
88155
88155
88155
88156
88156
88158
88159
88159
88160
88160
88161
88162
88163
88164
88167
88167
88168
88168
88169
88170
88171
88172
88172
88172
88173
88174
88174
88176
88177
88178
88179
88179
88182
88182
88183
88185
88187
88188
88189
88190
88191
88192
88194
88194
88195
88195
88197
88198
88198
88200
88200
88200
88201
88201
88202
88203
88204
88206
88206
88208
88208
88210
88211
88212
88214
88217
88217
88218
88218
88219
88219
88219
88221
88221
88223
88223
88224
88224
88225
88225
88226
88227
88228
88228
88229
88230
88230
88231
88231
88232
88233
88234
88237
88237
88238
88239
88240
88242
88243
88244
88244
88244
88246
88246
88247
88247
88247
88248
88250
88250
88251
88251
88252
88253
88253
88254
88255
88255
88256
88257
88258
88258
88259
88259
88261
88261
88261
88262
88262
88263
88266
88267
88268
88268
88269
88269
88271
88273
88274
88275
88276
88276
88276
88277
88277
88278
88280
88280
88280
88281
88281
88282
88283
88284
88285
88285
88287
88288
88289
88289
88290
88291
88291
88293
88295
88296
88297
88297
88300
88300
88301
88302
88302
88302
88304
88304
88305
88306
88311
88314
88315
88316
88318
88319
88319
88320
88321
88321
88322
88324
88326
88329
88329
88329
88329
88330
88331
88332
88332
88333
88333
88335
88336
88336
88336
88336
88337
88337
88337
88339
88339
88341
88341
88344
88344
88346
88347
88347
88347
88348
88348
88349
88351
88352
88353
88353
88357
88357
88360
88363
88364
88365
88365
88366
88366
88366
88368
88369
88370
88370
88371
88371
88372
88372
88374
88377
88379
88380
88381
88383
88384
88386
88386
88386
88386
88386
88386
88387
88387
88390
88391
88393
88396
88397
88397
88397
88398
88400
88402
88402
88403
88404
88405
88405
88407
88408
88409
88409
88409
88410
88410
88411
88412
88412
88413
88413
88413
88413
88414
88414
88416
88417
88419
88419
88421
88421
88423
88423
88424
88424
88429
88429
88429
88429
88434
88436
88436
88437
88438
88438
88438
88443
88443
88444
88447
88447
88451
88453
88453
88454
88455
88460
88460
88461
88462
88462
88464
88464
88470
88473
88474
88477
88477
88477
88477
88478
88481
88483
88484
88486
88488
88488
88489
88489
88489
88490
88493
88496
88496
88496
88496
88496
88496
88498
88499
88499
88501
88501
88501
88503
88505
88506
88508
88509
88511
88511
88511
88513
88515
88516
88517
88519
88521
88521
88523
88524
88525
88527
88527
88527
88527
88528
88530
88532
88535
88536
88536
88536
88537
88538
88538
88539
88539
88539
88540
88545
88546
88548
88548
88548
88548
88550
88551
88551
88551
88552
88554
88557
88558
88558
88560
88560
88560
88561
88561
88565
88567
88567
88569
88569
88569
88570
88570
88570
88570
88572
88574
88575
88577
88578
88578
88579
88579
88579
88580
88582
88584
88585
88585
88585
88586
88586
88587
88588
88588
88589
88590
88590
88591
88591
88591
88591
88591
88592
88593
88595
88595
88599
88600
88601
88603
88603
88604
88604
88605
88606
88606
88606
88607
88609
88611
88612
88614
88615
88616
88617
88617
88618
88618
88619
88621
88622
88623
88623
88623
88624
88624
88624
88625
88626
88627
88629
88630
88633
88634
88636
88636
88637
88640
88640
88641
88642
88643
88643
88645
88645
88647
88649
88649
88649
88651
88651
88653
88655
88656
88658
88658
88658
88659
88661
88661
88662
88662
88664
88664
88665
88665
88665
88666
88666
88668
88668
88671
88672
88673
88674
88675
88676
88677
88679
88679
88680
88682
88682
88685
88687
88688
88688
88689
88690
88692
88693
88693
88693
88694
88694
88694
88695
88696
88697
88697
88697
88698
88698
88698
88700
88701
88704
88704
88704
88704
88704
88705
88706
88706
88707
88707
88707
88708
88709
88709
88712
88712
88712
88713
88713
88715
88716
88716
88717
88718
88718
88718
88718
88719
88721
88721
88721
88725
88726
88727
88727
88727
88727
88727
88728
88728
88728
88729
88733
88734
88735
88735
88736
88737
88737
88738
88740
88741
88741
88742
88742
88742
88743
88744
88745
88745
88746
88747
88749
88749
88751
88751
88752
88753
88759
88759
88760
88763
88763
88765
88766
88766
88767
88771
88771
88772
88775
88781
88782
88782
88783
88784
88785
88785
88785
88787
88788
88789
88790
88792
88792
88793
88794
88795
88796
88801
88802
88803
88803
88804
88805
88805
88806
88806
88807
88811
88811
88813
88814
88818
88819
88821
88821
88823
88823
88824
88825
88826
88828
88829
88831
88836
88838
88839
88844
88845
88845
88847
88848
88848
88848
88848
88848
88850
88850
88853
88854
88855
88855
88855
88856
88856
88856
88856
88862
88866
88866
88867
88868
88869
88869
88870
88871
88872
88872
88873
88873
88880
88882
88883
88883
88886
88886
88887
88888
88888
88888
88888
88889
88890
88893
88896
88897
88897
88898
88898
88899
88901
88901
88904
88904
88906
88907
88908
88909
88910
88911
88911
88911
88912
88912
88914
88915
88916
88917
88918
88919
88922
88923
88925
88925
88926
88928
88928
88930
88930
88933
88934
88934
88935
88936
88936
88938
88939
88939
88939
88941
88942
88943
88944
88945
88951
88951
88953
88954
88954
88955
88955
88958
88960
88960
88960
88963
88965
88965
88967
88969
88969
88971
88971
88973
88974
88977
88978
88978
88980
88980
88981
88983
88983
88983
88985
88985
88985
88985
88987
88992
88992
88992
88992
88993
88994
88994
88995
88997
88999
89000
89000
89001
89002
89002
89002
89003
89003
89005
89006
89006
89006
89008
89008
89009
89009
89009
89009
89010
89011
89012
89012
89013
89014
89014
89015
89016
89016
89017
89018
89020
89021
89021
89021
89022
89023
89023
89024
89024
89027
89028
89030
89031
89031
89033
89035
89035
89035
89036
89037
89038
89039
89039
89040
89043
89044
89044
89046
89047
89048
89050
89051
89051
89052
89052
89054
89055
89055
89058
89058
89059
89060
89064
89065
89065
89066
89068
89069
89069
89069
89070
89070
89072
89072
89073
89073
89074
89075
89075
89076
89076
89076
89076
89077
89077
89078
89079
89080
89084
89086
89087
89087
89088
89088
89089
89090
89090
89091
89091
89091
89092
89092
89092
89094
89095
89096
89097
89098
89099
89102
89104
89105
89106
89106
89108
89109
89110
89110
89111
89111
89112
89112
89114
89115
89115
89117
89118
89118
89118
89120
89121
89121
89122
89124
89126
89126
89127
89129
89130
89131
89131
89132
89132
89134
89136
89138
89139
89140
89147
89149
89149
89150
89151
89151
89152
89156
89157
89157
89158
89159
89159
89159
89161
89161
89163
89166
89167
89167
89167
89168
89169
89171
89172
89172
89175
89175
89177
89178
89180
89180
89180
89181
89182
89183
89183
89187
89188
89188
89188
89189
89193
89196
89196
89197
89198
89199
89199
89200
89204
89204
89204
89206
89206
89206
89207
89210
89215
89216
89216
89216
89216
89217
89217
89218
89220
89222
89224
89224
89227
89227
89228
89228
89230
89230
89236
89239
89240
89242
89242
89243
89243
89245
89246
89246
89247
89247
89251
89251
89251
89252
89252
89253
89253
89253
89254
89256
89256
89257
89258
89260
89260
89261
89261
89262
89262
89262
89263
89268
89268
89268
89268
89269
89271
89271
89272
89273
89274
89275
89278
89279
89279
89279
89280
89281
89281
89282
89283
89285
89285
89286
89286
89287
89288
89288
89288
89289
89293
89294
89294
89296
89297
89298
89299
89300
89300
89300
89301
89302
89305
89306
89307
89307
89308
89309
89309
89310
89310
89310
89311
89312
89314
89318
89319
89319
89319
89320
89320
89323
89323
89325
89325
89325
89327
89327
89328
89328
89329
89329
89331
89332
89333
89333
89333
89333
89336
89337
89338
89339
89340
89340
89340
89342
89342
89343
89343
89346
89346
89349
89349
89349
89354
89354
89355
89355
89356
89356
89357
89360
89362
89363
89364
89364
89365
89365
89366
89366
89366
89368
89369
89370
89370
89371
89374
89377
89379
89379
89383
89385
89385
89386
89388
89388
89389
89390
89390
89393
89393
89393
89395
89397
89398
89398
89399
89399
89399
89399
89401
89403
89403
89404
89404
89405
89406
89406
89406
89407
89407
89408
89410
89411
89412
89412
89414
89418
89419
89420
89420
89420
89420
89421
89423
89423
89424
89428
89429
89429
89429
89430
89432
89432
89433
89433
89434
89434
89435
89436
89437
89438
89438
89441
89441
89443
89444
89445
89445
89447
89450
89453
89454
89454
89455
89455
89456
89458
89458
89459
89459
89460
89462
89462
89463
89464
89465
89465
89466
89466
89467
89467
89470
89471
89472
89473
89475
89475
89475
89478
89480
89481
89484
89484
89485
89486
89486
89487
89487
89488
89489
89489
89490
89490
89491
89492
89492
89493
89495
89496
89496
89496
89496
89497
89499
89499
89500
89500
89500
89502
89504
89507
89508
89509
89509
89509
89509
89510
89511
89511
89513
89514
89515
89515
89516
89516
89517
89517
89517
89517
89518
89518
89519
89519
89520
89520
89520
89525
89526
89529
89529
89530
89532
89533
89534
89534
89535
89535
89537
89539
89540
89541
89542
89543
89543
89543
89544
89544
89544
89545
89547
89548
89549
89551
89551
89551
89551
89552
89553
89554
89555
89557
89559
89560
89561
89561
89562
89564
89566
89567
89567
89568
89570
89571
89571
89572
89572
89573
89573
89575
89578
89578
89578
89579
89581
89582
89583
89584
89586
89589
89589
89589
89589
89590
89590
89590
89591
89593
89596
89597
89600
89600
89602
89603
89603
89603
89604
89606
89607
89608
89610
89611
89612
89614
89622
89624
89625
89625
89625
89625
89625
89625
89629
89629
89629
89633
89634
89635
89636
89637
89638
89639
89639
89641
89641
89642
89643
89644
89644
89645
89646
89647
89650
89650
89651
89653
89655
89655
89656
89661
89661
89661
89663
89663
89663
89664
89666
89666
89666
89669
89669
89669
89670
89671
89671
89671
89672
89672
89673
89673
89675
89675
89676
89677
89682
89682
89685
89685
89688
89688
89688
89688
89690
89690
89692
89692
89692
89693
89696
89697
89697
89699
89699
89699
89701
89705
89707
89709
89710
89710
89710
89711
89712
89713
89715
89716
89717
89718
89719
89721
89723
89724
89725
89725
89725
89726
89730
89730
89731
89731
89732
89733
89734
89736
89736
89736
89736
89738
89739
89741
89742
89743
89744
89745
89748
89749
89750
89751
89752
89752
89752
89754
89755
89755
89757
89760
89761
89761
89761
89762
89762
89763
89764
89765
89765
89768
89768
89769
89770
89770
89770
89770
89770
89771
89771
89773
89774
89774
89774
89775
89776
89777
89777
89778
89780
89781
89781
89782
89782
89782
89783
89785
89788
89789
89790
89792
89794
89794
89795
89796
89796
89797
89797
89798
89800
89800
89800
89801
89802
89804
89806
89808
89808
89808
89808
89809
89810
89811
89812
89815
89816
89816
89817
89817
89818
89819
89822
89823
89824
89827
89828
89829
89830
89831
89832
89833
89834
89834
89835
89837
89839
89840
89841
89841
89842
89842
89843
89844
89845
89846
89847
89848
89848
89849
89849
89850
89850
89851
89851
89853
89853
89853
89854
89854
89854
89855
89855
89855
89857
89859
89860
89860
89862
89862
89862
89862
89863
89865
89866
89866
89866
89872
89875
89876
89876
89877
89879
89880
89884
89885
89887
89888
89889
89889
89891
89892
89892
89893
89894
89896
89897
89897
89897
89900
89900
89901
89902
89902
89903
89904
89904
89906
89907
89909
89909
89910
89911
89911
89912
89912
89917
89917
89917
89918
89918
89918
89920
89920
89921
89925
89927
89928
89928
89928
89929
89932
89934
89936
89936
89937
89940
89940
89941
89942
89943
89944
89945
89947
89948
89951
89951
89952
89952
89952
89954
89956
89958
89959
89961
89961
89961
89963
89963
89967
89967
89967
89968
89968
89968
89972
89975
89975
89976
89976
89978
89978
89981
89981
89982
89982
89983
89983
89984
89985
89985
89985
89986
89987
89987
89987
89988
89989
89989
89991
89991
89992
89992
89993
89994
89994
89995
89995
89995
89996
89997
89997
89998
89998
89999
89999
90001
90001
90004
90006
90007
90008
90008
90010
90012
90013
90014
90015
90015
90016
90018
90018
90018
90018
90019
90019
90019
90021
90022
90022
90024
90025
90025
90025
90027
90027
90027
90027
90029
90029
90031
90031
90031
90032
90032
90033
90033
90035
90035
90035
90036
90038
90038
90040
90041
90041
90042
90043
90043
90044
90047
90047
90049
90051
90052
90053
90054
90056
90056
90056
90057
90058
90058
90059
90060
90061
90061
90062
90064
90066
90067
90068
90069
90074
90078
90081
90082
90085
90086
90089
90090
90094
90094
90098
90101
90103
90104
90104
90106
90107
90109
90109
90110
90113
90113
90113
90113
90113
90114
90115
90116
90117
90120
90120
90121
90122
90123
90123
90124
90124
90125
90125
90126
90127
90128
90131
90132
90133
90133
90134
90134
90134
90142
90144
90146
90147
90147
90148
90149
90150
90150
90151
90152
90154
90155
90155
90156
90156
90157
90159
90161
90161
90164
90164
90164
90165
90166
90168
90169
90169
90169
90171
90172
90173
90177
90177
90178
90179
90181
90182
90182
90183
90184
90188
90190
90192
90194
90194
90194
90195
90195
90195
90197
90199
90201
90202
90204
90204
90204
90205
90205
90210
90210
90210
90212
90213
90215
90215
90216
90218
90219
90219
90221
90222
90222
90223
90223
90223
90225
90227
90227
90227
90228
90228
90230
90233
90233
90233
90234
90235
90235
90236
90236
90238
90238
90239
90239
90239
90239
90240
90241
90241
90243
90244
90244
90245
90246
90248
90248
90248
90250
90250
90256
90256
90257
90258
90259
90259
90262
90263
90264
90265
90266
90266
90266
90267
90267
90268
90268
90269
90269
90270
90270
90273
90274
90276
90278
90278
90279
90281
90281
90281
90281
90281
90281
90281
90283
90287
90287
90295
90295
90296
90297
90297
90298
90298
90300
90300
90301
90302
90303
90304
90305
90305
90306
90308
90308
90309
90312
90313
90314
90315
90315
90316
90319
90320
90320
90321
90324
90325
90326
90327
90328
90328
90330
90331
90333
90335
90336
90337
90337
90338
90338
90339
90339
90339
90342
90342
90343
90343
90344
90344
90348
90349
90350
90352
90352
90353
90354
90354
90354
90356
90357
90359
90360
90361
90362
90362
90366
90367
90367
90368
90370
90370
90373
90373
90375
90375
90376
90377
90381
90381
90384
90385
90386
90386
90388
90388
90389
90391
90394
90394
90395
90395
90396
90401
90402
90403
90403
90405
90405
90407
90408
90408
90409
90411
90411
90413
90414
90415
90416
90418
90418
90419
90421
90423
90424
90424
90427
90428
90430
90430
90431
90432
90432
90433
90433
90434
90435
90436
90441
90442
90443
90444
90444
90445
90445
90446
90446
90447
90447
90447
90448
90450
90453
90453
90455
90455
90459
90461
90461
90462
90463
90464
90466
90468
90468
90469
90469
90471
90474
90474
90475
90479
90480
90481
90483
90485
90486
90489
90490
90490
90490
90490
90492
90493
90493
90495
90495
90496
90497
90500
90502
90503
90504
90504
90505
90506
90507
90508
90509
90510
90511
90512
90514
90514
90514
90515
90515
90516
90519
90522
90522
90523
90525
90526
90526
90527
90527
90528
90529
90531
90531
90533
90534
90535
90535
90536
90536
90537
90538
90538
90538
90540
90541
90542
90543
90543
90546
90547
90547
90548
90550
90552
90552
90553
90553
90553
90554
90554
90555
90556
90556
90557
90557
90558
90558
90560
90562
90562
90563
90565
90565
90568
90569
90570
90571
90571
90572
90573
90573
90574
90574
90575
90576
90576
90576
90578
90578
90578
90579
90580
90580
90581
90582
90583
90583
90587
90588
90589
90590
90590
90590
90592
90593
90594
90595
90599
90599
90600
90600
90600
90601
90603
90603
90604
90604
90606
90606
90607
90609
90610
90615
90615
90616
90621
90622
90622
90626
90626
90626
90626
90626
90627
90628
90628
90628
90629
90629
90629
90630
90630
90631
90633
90634
90635
90636
90640
90641
90641
90641
90643
90646
90647
90648
90648
90648
90650
90651
90651
90651
90652
90655
90656
90659
90661
90661
90661
90664
90666
90666
90667
90667
90668
90669
90670
90671
90673
90673
90673
90673
90674
90674
90676
90676
90677
90678
90678
90679
90680
90682
90682
90683
90683
90683
90684
90685
90685
90688
90690
90691
90691
90692
90693
90694
90694
90694
90696
90696
90697
90697
90698
90699
90700
90701
90702
90706
90707
90707
90714
90714
90716
90719
90720
90720
90721
90722
90723
90723
90724
90724
90729
90730
90730
90731
90732
90733
90733
90735
90736
90736
90736
90737
90737
90738
90738
90739
90739
90740
90740
90740
90747
90748
90748
90749
90749
90751
90752
90752
90752
90753
90753
90754
90755
90756
90757
90757
90757
90759
90759
90760
90764
90764
90767
90767
90768
90768
90769
90769
90770
90770
90773
90775
90775
90779
90779
90780
90781
90782
90784
90784
90784
90785
90787
90788
90788
90789
90789
90789
90790
90793
90793
90794
90794
90795
90796
90796
90797
90798
90800
90800
90801
90803
90803
90805
90805
90806
90809
90810
90811
90814
90814
90814
90814
90818
90818
90819
90820
90821
90821
90822
90822
90825
90825
90830
90830
90831
90831
90834
90835
90838
90838
90838
90841
90843
90844
90846
90847
90848
90848
90849
90850
90851
90854
90859
90859
90862
90866
90869
90869
90869
90870
90870
90871
90873
90874
90874
90875
90875
90876
90876
90877
90877
90881
90883
90884
90886
90886
90887
90888
90890
90890
90890
90892
90892
90893
90894
90896
90898
90900
90901
90902
90902
90903
90904
90907
90909
90909
90909
90910
90911
90914
90914
90914
90915
90915
90916
90916
90918
90919
90921
90921
90922
90923
90924
90925
90925
90925
90929
90929
90929
90930
90932
90932
90933
90934
90935
90935
90937
90939
90941
90942
90942
90946
90948
90949
90949
90950
90951
90952
90952
90952
90952
90953
90955
90956
90956
90958
90960
90960
90960
90963
90964
90964
90966
90966
90966
90967
90968
90969
90972
90973
90974
90976
90976
90977
90978
90979
90980
90981
90983
90983
90986
90987
90987
90987
90988
90989
90990
90992
90994
90994
90996
90996
90996
90997
91000
91000
91000
91000
91001
91002
91002
91002
91003
91005
91006
91006
91008
91009
91009
91011
91011
91011
91011
91013
91013
91014
91015
91015
91016
91016
91017
91017
91017
91018
91018
91018
91019
91020
91020
91021
91022
91023
91024
91027
91028
91034
91034
91035
91036
91036
91039
91040
91040
91041
91042
91045
91045
91046
91047
91048
91048
91049
91049
91049
91050
91051
91051
91052
91055
91057
91057
91059
91062
91062
91062
91062
91063
91063
91065
91065
91065
91067
91070
91070
91070
91073
91075
91076
91077
91077
91078
91080
91080
91080
91082
91084
91085
91085
91085
91085
91086
91086
91086
91089
91090
91090
91092
91092
91092
91092
91093
91094
91097
91098
91099
91100
91100
91102
91102
91103
91104
91104
91104
91104
91107
91107
91107
91107
91109
91109
91109
91109
91110
91112
91112
91113
91113
91114
91114
91119
91121
91121
91123
91123
91124
91125
91127
91127
91127
91127
91128
91132
91133
91134
91134
91135
91135
91135
91136
91136
91137
91138
91139
91140
91141
91142
91143
91143
91143
91144
91145
91146
91149
91149
91150
91150
91151
91152
91152
91152
91153
91154
91155
91155
91156
91158
91158
91160
91161
91161
91164
91164
91165
91166
91167
91168
91169
91169
91171
91171
91172
91173
91173
91174
91176
91177
91178
91179
91179
91180
91181
91181
91182
91183
91184
91184
91184
91185
91185
91185
91187
91188
91189
91190
91191
91192
91193
91193
91194
91194
91194
91196
91196
91196
91196
91197
91198
91198
91199
91200
91200
91201
91201
91202
91203
91203
91205
91205
91206
91206
91207
91207
91207
91207
91208
91208
91209
91210
91214
91215
91217
91217
91217
91218
91218
91219
91221
91221
91223
91225
91225
91225
91227
91227
91227
91227
91228
91228
91229
91229
91230
91231
91233
91233
91233
91233
91233
91234
91234
91234
91235
91235
91236
91236
91237
91238
91239
91240
91243
91244
91245
91246
91247
91248
91248
91249
91250
91251
91253
91254
91256
91256
91259
91260
91261
91261
91261
91262
91263
91263
91263
91264
91264
91265
91267
91267
91272
91274
91274
91275
91276
91276
91276
91276
91277
91278
91279
91280
91281
91282
91282
91282
91283
91283
91284
91285
91287
91287
91289
91289
91290
91294
91295
91299
91299
91299
91300
91302
91302
91303
91303
91305
91306
91307
91307
91308
91308
91310
91310
91311
91311
91311
91313
91315
91318
91319
91320
91321
91321
91322
91323
91324
91325
91325
91325
91326
91327
91327
91328
91328
91328
91329
91329
91332
91334
91335
91335
91336
91336
91339
91339
91340
91341
91343
91345
91347
91347
91347
91347
91347
91348
91349
91351
91353
91354
91355
91356
91358
91358
91358
91359
91359
91361
91362
91362
91362
91362
91364
91366
91367
91367
91368
91369
91369
91369
91371
91371
91372
91372
91372
91372
91373
91375
91376
91378
91379
91379
91379
91381
91381
91382
91382
91383
91383
91385
91385
91385
91385
91386
91388
91394
91395
91398
91400
91401
91402
91404
91405
91406
91408
91409
91411
91411
91411
91412
91414
91414
91414
91415
91417
91417
91418
91418
91419
91420
91420
91420
91421
91422
91422
91424
91424
91424
91430
91432
91432
91434
91435
91435
91436
91437
91442
91443
91443
91444
91444
91445
91446
91447
91448
91448
91449
91450
91450
91453
91453
91453
91453
91454
91455
91456
91456
91458
91459
91460
91464
91464
91465
91466
91467
91467
91467
91467
91468
91469
91469
91470
91471
91472
91473
91473
91475
91476
91481
91481
91483
91483
91484
91485
91486
91486
91486
91487
91489
91494
91495
91496
91496
91496
91498
91498
91500
91501
91503
91503
91504
91508
91509
91509
91510
91510
91513
91514
91514
91517
91517
91520
91520
91521
91522
91523
91523
91524
91524
91526
91527
91527
91529
91529
91531
91531
91532
91533
91534
91537
91537
91538
91540
91540
91541
91542
91544
91544
91546
91549
91550
91554
91555
91558
91558
91559
91560
91563
91563
91563
91564
91564
91564
91564
91564
91565
91566
91566
91567
91567
91568
91568
91568
91570
91571
91571
91572
91573
91573
91574
91574
91575
91579
91579
91579
91580
91580
91581
91581
91581
91582
91583
91583
91584
91584
91585
91585
91587
91588
91588
91588
91590
91590
91590
91593
91593
91594
91595
91595
91597
91598
91600
91601
91601
91602
91606
91607
91608
91608
91608
91609
91609
91610
91610
91611
91611
91612
91612
91613
91615
91616
91618
91619
91619
91619
91620
91620
91624
91627
91627
91627
91628
91628
91631
91632
91634
91634
91636
91638
91638
91638
91638
91640
91640
91640
91643
91644
91644
91644
91645
91646
91646
91647
91648
91648
91649
91649
91650
91650
91650
91651
91652
91653
91655
91655
91656
91659
91659
91660
91660
91661
91661
91662
91663
91664
91665
91665
91666
91666
91669
91670
91671
91672
91672
91675
91675
91688
91688
91688
91690
91690
91691
91692
91692
91693
91694
91694
91695
91696
91696
91696
91697
91698
91700
91702
91703
91703
91705
91705
91706
91706
91706
91708
91709
91709
91710
91711
91711
91711
91712
91713
91714
91715
91716
91716
91717
91717
91718
91720
91721
91722
91725
91725
91727
91729
91732
91735
91736
91736
91738
91739
91740
91742
91743
91744
91745
91746
91749
91750
91750
91751
91756
91756
91757
91758
91759
91759
91762
91762
91765
91766
91767
91767
91772
91772
91774
91774
91774
91774
91775
91777
91778
91778
91779
91779
91780
91782
91782
91783
91783
91784
91785
91786
91787
91791
91791
91792
91793
91793
91794
91794
91795
91796
91797
91799
91800
91800
91801
91802
91804
91805
91806
91807
91808
91809
91809
91809
91809
91811
91811
91812
91812
91815
91818
91820
91823
91824
91825
91825
91827
91828
91828
91830
91831
91831
91832
91832
91835
91835
91836
91837
91838
91839
91840
91842
91843
91843
91843
91843
91844
91845
91846
91847
91848
91849
91849
91850
91851
91855
91856
91856
91857
91857
91857
91859
91860
91861
91861
91862
91862
91862
91865
91867
91868
91869
91870
91870
91872
91872
91873
91873
91875
91879
91881
91881
91883
91886
91887
91888
91890
91891
91892
91896
91896
91897
91898
91898
91899
91899
91903
91904
91905
91905
91906
91906
91908
91908
91908
91908
91909
91910
91910
91912
91913
91914
91914
91915
91915
91916
91917
91918
91918
91918
91919
91920
91922
91922
91922
91929
91930
91931
91931
91933
91933
91934
91934
91934
91936
91936
91937
91937
91938
91939
91941
91941
91941
91943
91945
91947
91948
91948
91949
91951
91953
91953
91956
91956
91956
91958
91958
91959
91959
91960
91960
91960
91964
91964
91965
91968
91968
91969
91969
91970
91972
91973
91974
91974
91975
91977
91977
91978
91979
91979
91982
91982
91982
91984
91985
91985
91986
91987
91988
91988
91989
91989
91990
91991
91993
91996
91998
91998
91999
92003
92005
92005
92007
92007
92007
92007
92009
92011
92011
92011
92012
92012
92012
92014
92014
92015
92016
92016
92017
92017
92017
92018
92018
92019
92019
92019
92020
92020
92021
92023
92024
92024
92024
92025
92025
92025
92025
92026
92026
92027
92027
92027
92028
92030
92031
92032
92032
92034
92034
92034
92036
92037
92039
92040
92042
92043
92043
92044
92045
92045
92045
92046
92046
92046
92046
92047
92047
92049
92049
92050
92050
92052
92055
92056
92056
92058
92058
92059
92062
92062
92063
92064
92065
92066
92066
92068
92071
92072
92073
92073
92074
92074
92075
92076
92077
92078
92080
92080
92080
92081
92082
92082
92089
92090
92094
92095
92095
92095
92096
92096
92097
92097
92097
92099
92100
92100
92102
92102
92103
92104
92104
92105
92108
92109
92110
92110
92112
92114
92115
92115
92119
92120
92121
92122
92123
92123
92123
92123
92125
92126
92129
92129
92129
92131
92131
92134
92134
92135
92135
92135
92136
92137
92140
92142
92143
92145
92147
92148
92149
92149
92150
92150
92151
92152
92153
92154
92154
92156
92158
92158
92159
92159
92161
92161
92163
92164
92165
92166
92168
92170
92170
92171
92171
92172
92172
92173
92173
92174
92175
92175
92176
92177
92177
92178
92178
92178
92179
92179
92179
92180
92181
92181
92181
92181
92181
92182
92183
92183
92183
92183
92184
92186
92187
92187
92190
92191
92193
92196
92196
92196
92197
92200
92201
92201
92205
92206
92206
92206
92206
92207
92207
92208
92210
92212
92213
92214
92215
92215
92216
92217
92217
92218
92219
92220
92220
92221
92222
92222
92223
92223
92224
92224
92224
92225
92226
92226
92226
92226
92227
92228
92228
92229
92230
92230
92231
92231
92231
92232
92233
92234
92238
92239
92239
92240
92240
92241
92242
92243
92243
92248
92249
92249
92253
92253
92253
92253
92254
92255
92256
92256
92256
92257
92257
92257
92259
92261
92262
92264
92265
92266
92267
92267
92267
92268
92268
92269
92269
92270
92270
92270
92271
92271
92272
92273
92274
92274
92277
92277
92279
92279
92281
92281
92282
92283
92283
92284
92284
92285
92286
92287
92288
92289
92289
92289
92289
92291
92292
92292
92294
92296
92297
92298
92299
92300
92302
92303
92303
92304
92305
92305
92305
92306
92306
92306
92307
92307
92308
92308
92310
92312
92312
92312
92313
92313
92314
92315
92315
92315
92315
92316
92316
92316
92318
92318
92318
92318
92319
92320
92321
92321
92323
92324
92324
92327
92327
92328
92330
92332
92332
92332
92332
92335
92338
92340
92342
92343
92344
92345
92346
92348
92350
92350
92352
92352
92352
92353
92354
92355
92357
92358
92358
92359
92363
92365
92367
92367
92368
92370
92375
92375
92376
92377
92377
92380
92380
92381
92384
92384
92384
92386
92388
92389
92395
92396
92396
92397
92397
92398
92398
92399
92403
92404
92405
92405
92405
92407
92407
92407
92408
92410
92411
92411
92416
92418
92418
92419
92420
92420
92421
92422
92424
92426
92426
92427
92428
92434
92434
92434
92435
92436
92436
92437
92438
92439
92439
92439
92440
92441
92441
92442
92444
92448
92449
92450
92451
92451
92454
92455
92458
92458
92458
92458
92460
92462
92463
92464
92465
92465
92468
92468
92468
92469
92470
92470
92472
92472
92475
92476
92478
92478
92479
92479
92483
92485
92486
92489
92491
92492
92493
92493
92498
92499
92500
92501
92502
92502
92502
92503
92503
92504
92508
92510
92512
92512
92513
92513
92515
92515
92515
92520
92521
92521
92522
92522
92523
92525
92526
92526
92526
92527
92528
92528
92528
92532
92532
92532
92532
92533
92534
92535
92536
92537
92538
92538
92538
92539
92540
92543
92544
92544
92544
92545
92547
92547
92548
92550
92550
92552
92552
92552
92553
92555
92559
92561
92561
92562
92563
92564
92566
92566
92567
92568
92568
92569
92569
92570
92571
92573
92573
92574
92574
92575
92575
92575
92576
92577
92578
92579
92580
92580
92581
92581
92581
92583
92585
92587
92587
92588
92589
92591
92592
92593
92593
92595
92598
92599
92601
92604
92605
92609
92610
92610
92611
92611
92611
92612
92613
92613
92614
92614
92615
92616
92616
92617
92619
92620
92620
92620
92620
92624
92625
92627
92627
92630
92630
92632
92633
92633
92633
92634
92636
92636
92637
92639
92641
92641
92643
92644
92644
92645
92646
92646
92648
92652
92654
92655
92656
92657
92657
92658
92660
92660
92660
92661
92662
92663
92665
92665
92665
92666
92667
92668
92669
92670
92670
92671
92672
92673
92673
92674
92674
92674
92674
92675
92675
92676
92678
92680
92680
92680
92681
92682
92683
92683
92683
92684
92684
92685
92685
92685
92687
92687
92688
92689
92691
92693
92696
92697
92698
92699
92702
92702
92703
92703
92704
92706
92708
92708
92708
92709
92710
92710
92712
92712
92712
92713
92715
92716
92718
92718
92719
92719
92724
92724
92724
92727
92728
92729
92729
92729
92730
92730
92730
92731
92732
92732
92732
92733
92738
92740
92741
92742
92743
92746
92747
92748
92749
92749
92751
92751
92751
92752
92753
92754
92755
92757
92757
92758
92758
92759
92760
92760
92761
92761
92761
92764
92766
92767
92767
92769
92770
92772
92775
92776
92778
92778
92779
92782
92784
92786
92786
92788
92788
92789
92792
92792
92792
92793
92794
92798
92798
92799
92799
92799
92800
92800
92801
92802
92802
92805
92805
92808
92809
92814
92814
92815
92817
92817
92819
92820
92822
92822
92823
92823
92823
92824
92825
92826
92827
92827
92827
92828
92829
92829
92831
92832
92833
92837
92837
92838
92839
92841
92841
92842
92842
92842
92843
92843
92843
92843
92843
92844
92845
92845
92845
92846
92846
92846
92847
92849
92850
92851
92855
92857
92858
92860
92860
92861
92861
92862
92863
92865
92868
92868
92870
92872
92872
92872
92874
92876
92877
92877
92878
92878
92880
92880
92881
92881
92882
92882
92883
92888
92889
92890
92891
92891
92892
92893
92894
92895
92896
92897
92897
92898
92898
92898
92900
92901
92902
92902
92903
92905
92906
92907
92911
92912
92916
92918
92918
92921
92922
92922
92924
92924
92926
92928
92928
92928
92928
92928
92929
92929
92931
92931
92932
92933
92933
92933
92935
92936
92937
92940
92940
92941
92942
92948
92948
92949
92950
92951
92951
92952
92952
92954
92956
92957
92957
92958
92958
92958
92959
92964
92964
92964
92964
92964
92966
92967
92968
92969
92969
92972
92974
92975
92977
92978
92979
92979
92980
92980
92980
92981
92982
92982
92984
92986
92986
92986
92988
92989
92990
92991
92992
92994
92994
92995
92995
92996
92996
93001
93001
93001
93003
93006
93007
93007
93007
93007
93008
93009
93011
93012
93012
93014
93014
93014
93015
93017
93019
93019
93021
93021
93024
93024
93024
93025
93029
93029
93031
93031
93031
93032
93034
93034
93034
93035
93038
93041
93043
93044
93047
93048
93048
93049
93050
93050
93050
93053
93053
93053
93054
93054
93057
93059
93060
93064
93064
93065
93066
93066
93067
93067
93069
93069
93072
93075
93075
93075
93079
93079
93080
93082
93084
93086
93088
93089
93090
93091
93092
93094
93094
93097
93101
93102
93104
93104
93105
93105
93106
93106
93107
93107
93107
93108
93111
93113
93115
93115
93116
93117
93122
93123
93125
93126
93126
93127
93128
93128
93129
93129
93130
93131
93133
93135
93135
93137
93139
93139
93140
93141
93141
93141
93143
93145
93146
93146
93147
93147
93147
93148
93149
93149
93150
93152
93155
93157
93158
93158
93160
93160
93161
93161
93163
93163
93163
93164
93164
93164
93167
93168
93170
93171
93175
93176
93178
93178
93178
93179
93179
93181
93182
93183
93184
93185
93185
93187
93187
93188
93189
93190
93190
93192
93193
93194
93194
93195
93197
93197
93199
93200
93200
93201
93203
93204
93205
93206
93207
93208
93211
93211
93211
93214
93215
93215
93223
93225
93226
93227
93227
93228
93231
93232
93233
93234
93237
93237
93237
93238
93238
93240
93242
93242
93242
93243
93244
93246
93246
93247
93249
93250
93250
93250
93250
93252
93252
93253
93256
93256
93256
93258
93259
93260
93261
93261
93261
93265
93268
93271
93271
93274
93274
93275
93276
93277
93278
93279
93279
93279
93281
93281
93281
93282
93283
93283
93283
93283
93284
93288
93292
93293
93294
93294
93295
93295
93296
93299
93299
93301
93303
93304
93305
93307
93309
93311
93311
93311
93312
93314
93315
93315
93315
93315
93317
93318
93318
93319
93319
93319
93322
93322
93322
93323
93323
93324
93325
93326
93327
93327
93327
93328
93328
93329
93330
93331
93333
93334
93334
93335
93338
93339
93341
93341
93342
93342
93342
93343
93344
93344
93347
93348
93350
93352
93353
93354
93355
93356
93356
93357
93358
93359
93360
93360
93360
93360
93361
93361
93362
93363
93363
93365
93366
93369
93370
93373
93374
93375
93375
93375
93376
93376
93378
93378
93379
93380
93380
93382
93382
93382
93383
93384
93385
93387
93387
93388
93389
93389
93389
93389
93389
93390
93390
93390
93394
93395
93396
93396
93397
93399
93399
93399
93400
93400
93400
93402
93403
93403
93404
93406
93406
93407
93408
93408
93410
93410
93411
93414
93416
93418
93419
93420
93421
93421
93422
93423
93424
93425
93426
93426
93428
93428
93429
93429
93429
93432
93433
93433
93435
93436
93436
93438
93439
93439
93439
93440
93440
93441
93442
93443
93444
93444
93445
93447
93447
93448
93448
93448
93448
93450
93450
93451
93451
93451
93452
93452
93457
93458
93458
93458
93459
93461
93463
93463
93464
93465
93466
93468
93469
93470
93472
93473
93478
93478
93478
93479
93479
93480
93484
93484
93484
93486
93487
93488
93489
93489
93489
93490
93491
93492
93492
93494
93495
93495
93495
93496
93497
93498
93498
93499
93499
93500
93501
93502
93502
93506
93507
93508
93508
93509
93514
93515
93515
93516
93517
93518
93518
93519
93521
93522
93522
93522
93523
93524
93525
93526
93528
93528
93529
93529
93530
93531
93531
93531
93532
93533
93534
93534
93534
93536
93540
93540
93541
93541
93542
93543
93544
93545
93545
93547
93549
93549
93551
93551
93553
93554
93556
93557
93559
93560
93562
93562
93562
93563
93563
93564
93566
93566
93568
93569
93569
93569
93570
93573
93574
93576
93577
93577
93578
93579
93580
93580
93581
93581
93582
93583
93583
93585
93585
93586
93586
93587
93587
93590
93592
93596
93596
93600
93600
93602
93605
93606
93607
93607
93607
93608
93608
93608
93609
93609
93610
93610
93611
93612
93612
93613
93613
93615
93616
93616
93616
93617
93621
93621
93623
93627
93628
93629
93630
93631
93632
93633
93633
93634
93635
93635
93635
93636
93636
93636
93636
93636
93636
93639
93640
93640
93640
93640
93642
93644
93645
93645
93646
93646
93646
93647
93647
93648
93648
93648
93648
93650
93650
93653
93653
93654
93654
93655
93655
93656
93656
93656
93656
93656
93657
93660
93661
93664
93666
93666
93669
93670
93673
93674
93674
93676
93677
93677
93678
93679
93679
93679
93684
93685
93685
93686
93686
93687
93688
93689
93690
93691
93693
93694
93694
93695
93696
93697
93698
93698
93701
93702
93703
93704
93705
93705
93705
93706
93707
93707
93708
93709
93710
93711
93711
93712
93712
93712
93713
93716
93717
93717
93718
93720
93721
93722
93722
93722
93725
93725
93726
93727
93727
93728
93729
93729
93729
93729
93729
93731
93733
93734
93735
93737
93738
93738
93739
93740
93741
93743
93744
93745
93745
93745
93746
93746
93747
93748
93748
93750
93751
93753
93753
93755
93756
93756
93758
93759
93759
93762
93763
93764
93766
93766
93767
93767
93768
93769
93769
93769
93773
93774
93776
93776
93776
93776
93777
93777
93777
93778
93778
93779
93784
93784
93784
93784
93784
93786
93788
93789
93790
93792
93792
93793
93794
93794
93796
93797
93797
93800
93803
93805
93806
93808
93809
93811
93812
93813
93813
93814
93816
93817
93818
93820
93821
93821
93822
93822
93824
93824
93827
93828
93829
93831
93833
93836
93837
93838
93839
93846
93846
93848
93849
93851
93851
93854
93856
93859
93860
93862
93862
93863
93863
93864
93865
93865
93866
93866
93867
93869
93869
93871
93872
93874
93874
93875
93876
93877
93878
93881
93881
93883
93886
93886
93887
93893
93894
93895
93896
93896
93898
93899
93899
93899
93900
93900
93900
93901
93903
93904
93905
93906
93907
93911
93913
93915
93915
93915
93916
93917
93918
93920
93921
93922
93922
93923
93923
93924
93925
93925
93925
93926
93927
93927
93930
93930
93931
93932
93933
93934
93934
93934
93934
93935
93936
93936
93939
93939
93941
93942
93943
93944
93946
93946
93947
93948
93948
93949
93949
93950
93954
93955
93955
93956
93959
93960
93961
93962
93962
93964
93965
93966
93967
93967
93971
93972
93973
93974
93976
93977
93977
93977
93978
93978
93979
93979
93979
93980
93981
93981
93982
93982
93983
93985
93985
93987
93987
93988
93988
93989
93990
93990
93991
93995
93995
93997
93999
94003
94003
94003
94003
94004
94004
94009
94009
94010
94011
94015
94015
94016
94018
94019
94020
94020
94024
94025
94026
94026
94029
94031
94032
94033
94036
94037
94038
94040
94041
94042
94044
94046
94046
94046
94047
94047
94049
94054
94055
94056
94057
94057
94058
94058
94058
94059
94059
94060
94061
94062
94064
94065
94066
94066
94068
94070
94071
94072
94073
94073
94073
94074
94075
94078
94079
94079
94079
94081
94081
94082
94084
94084
94086
94087
94087
94087
94088
94089
94089
94091
94092
94093
94093
94095
94097
94099
94102
94104
94106
94107
94108
94109
94109
94110
94114
94114
94115
94116
94118
94118
94118
94122
94124
94124
94125
94125
94126
94127
94128
94130
94132
94133
94133
94135
94135
94135
94136
94138
94142
94144
94144
94146
94148
94149
94149
94149
94150
94151
94152
94152
94153
94156
94156
94156
94156
94158
94160
94160
94163
94164
94164
94164
94166
94166
94168
94168
94170
94172
94172
94173
94173
94176
94176
94177
94179
94180
94183
94183
94183
94183
94184
94185
94185
94186
94186
94187
94192
94193
94193
94194
94194
94194
94195
94195
94196
94197
94199
94202
94205
94206
94206
94207
94209
94209
94210
94211
94212
94213
94213
94214
94216
94216
94216
94219
94219
94220
94222
94222
94222
94223
94224
94224
94225
94226
94228
94228
94228
94229
94229
94230
94231
94232
94232
94235
94236
94236
94237
94239
94242
94243
94244
94244
94245
94245
94249
94249
94252
94253
94253
94254
94255
94255
94256
94258
94259
94260
94261
94261
94262
94262
94262
94263
94265
94266
94266
94267
94268
94268
94268
94270
94271
94272
94272
94272
94274
94274
94275
94277
94279
94280
94280
94281
94282
94282
94282
94283
94283
94284
94285
94286
94286
94287
94287
94287
94288
94288
94289
94289
94290
94290
94292
94293
94294
94295
94296
94297
94300
94302
94302
94303
94303
94304
94306
94307
94307
94308
94310
94311
94312
94313
94313
94314
94315
94315
94316
94317
94318
94318
94320
94321
94321
94321
94325
94326
94326
94326
94328
94329
94330
94332
94332
94335
94335
94339
94340
94340
94340
94340
94342
94342
94343
94344
94347
94351
94351
94354
94355
94355
94358
94360
94360
94361
94364
94365
94365
94366
94367
94368
94369
94370
94370
94371
94372
94373
94374
94376
94377
94377
94379
94379
94379
94380
94380
94382
94383
94385
94386
94388
94388
94388
94389
94389
94390
94395
94395
94397
94401
94402
94402
94405
94405
94405
94407
94407
94407
94410
94413
94416
94418
94418
94419
94420
94421
94424
94425
94426
94426
94426
94428
94429
94431
94431
94431
94432
94432
94432
94433
94434
94434
94435
94436
94437
94437
94439
94439
94439
94439
94442
94442
94444
94444
94445
94446
94449
94452
94455
94455
94456
94457
94459
94459
94460
94460
94460
94461
94463
94463
94464
94465
94465
94465
94465
94466
94466
94468
94469
94469
94473
94473
94474
94474
94477
94477
94477
94479
94479
94480
94481
94481
94481
94483
94484
94484
94485
94486
94488
94489
94490
94491
94492
94493
94493
94499
94500
94500
94500
94502
94503
94503
94503
94504
94505
94505
94511
94511
94513
94518
94521
94522
94522
94524
94524
94526
94526
94527
94527
94527
94527
94528
94528
94529
94531
94534
94534
94537
94538
94539
94540
94541
94542
94543
94544
94544
94544
94546
94549
94552
94553
94555
94555
94558
94558
94559
94559
94560
94561
94561
94562
94564
94564
94565
94565
94568
94570
94570
94571
94572
94572
94574
94575
94575
94576
94576
94577
94579
94580
94580
94580
94581
94581
94582
94582
94583
94584
94584
94588
94589
94591
94591
94593
94594
94594
94595
94595
94595
94596
94596
94597
94597
94601
94602
94602
94603
94605
94607
94607
94608
94608
94608
94609
94610
94611
94612
94612
94614
94615
94616
94617
94618
94618
94618
94620
94620
94621
94623
94624
94624
94625
94625
94627
94632
94632
94633
94633
94634
94635
94637
94638
94638
94639
94639
94639
94639
94639
94640
94641
94642
94647
94648
94651
94651
94653
94654
94654
94655
94657
94657
94660
94660
94660
94664
94664
94665
94666
94667
94668
94670
94671
94673
94673
94674
94674
94677
94677
94678
94678
94679
94680
94680
94681
94684
94684
94685
94685
94688
94690
94690
94693
94694
94695
94696
94697
94697
94698
94700
94702
94702
94702
94703
94705
94708
94708
94710
94712
94714
94716
94716
94717
94717
94718
94718
94719
94722
94722
94723
94726
94726
94726
94727
94727
94728
94728
94728
94730
94731
94731
94731
94731
94737
94739
94740
94741
94745
94745
94748
94749
94750
94751
94751
94752
94752
94753
94754
94754
94755
94756
94756
94758
94758
94758
94759
94759
94760
94760
94762
94762
94763
94764
94766
94767
94768
94769
94769
94770
94771
94771
94771
94772
94774
94776
94777
94777
94778
94781
94782
94782
94790
94795
94797
94797
94800
94800
94802
94803
94806
94807
94809
94809
94809
94812
94814
94814
94815
94815
94817
94817
94818
94818
94819
94821
94822
94824
94824
94824
94826
94826
94828
94829
94829
94829
94829
94829
94830
94830
94831
94832
94832
94833
94837
94838
94838
94842
94842
94842
94842
94844
94845
94845
94846
94847
94847
94847
94849
94850
94850
94851
94852
94853
94854
94854
94855
94855
94855
94855
94857
94861
94862
94862
94862
94863
94863
94864
94865
94865
94866
94867
94867
94868
94868
94868
94871
94872
94872
94873
94874
94878
94878
94880
94881
94881
94881
94882
94882
94884
94884
94884
94885
94889
94890
94892
94892
94892
94894
94894
94895
94895
94897
94899
94899
94899
94901
94902
94902
94904
94907
94908
94909
94910
94910
94911
94914
94914
94916
94917
94917
94917
94918
94918
94919
94919
94920
94924
94925
94925
94925
94925
94926
94928
94929
94931
94931
94932
94932
94932
94933
94935
94936
94937
94938
94939
94939
94940
94941
94942
94944
94944
94944
94948
94948
94948
94949
94949
94950
94950
94951
94951
94952
94953
94954
94955
94956
94956
94956
94958
94959
94960
94961
94963
94963
94964
94965
94965
94966
94966
94967
94967
94969
94969
94970
94971
94974
94974
94975
94978
94980
94980
94982
94983
94986
94988
94989
94989
94989
94990
94992
94994
94995
94996
94997
94997
94997
94999
94999
95000
95002
95002
95004
95004
95005
95005
95006
95006
95007
95009
95010
95012
95013
95013
95014
95016
95016
95017
95018
95019
95020
95021
95021
95022
95022
95024
95028
95028
95029
95030
95033
95033
95034
95037
95037
95038
95038
95040
95041
95042
95043
95044
95045
95048
95049
95049
95050
95051
95052
95053
95054
95055
95059
95059
95060
95060
95061
95061
95062
95062
95062
95065
95065
95067
95067
95069
95070
95072
95072
95073
95074
95075
95076
95076
95079
95081
95083
95083
95086
95086
95087
95088
95090
95091
95091
95091
95093
95095
95095
95096
95096
95096
95097
95098
95100
95100
95101
95101
95102
95102
95104
95105
95106
95106
95106
95108
95108
95108
95108
95109
95112
95114
95114
95115
95117
95118
95118
95119
95120
95121
95121
95122
95123
95124
95124
95124
95124
95125
95127
95127
95128
95129
95130
95131
95132
95133
95133
95133
95133
95133
95136
95136
95136
95137
95140
95141
95143
95143
95145
95145
95147
95148
95149
95151
95153
95156
95157
95161
95162
95165
95166
95166
95167
95168
95169
95171
95172
95172
95172
95172
95174
95175
95175
95177
95178
95179
95179
95179
95179
95180
95181
95181
95182
95191
95191
95192
95194
95195
95196
95198
95201
95202
95203
95203
95203
95205
95208
95212
95213
95214
95217
95218
95218
95219
95219
95220
95220
95220
95221
95221
95223
95223
95223
95228
95228
95231
95231
95232
95234
95235
95235
95236
95237
95237
95237
95238
95238
95238
95239
95241
95242
95242
95243
95243
95243
95245
95247
95248
95248
95249
95250
95250
95251
95254
95257
95258
95259
95261
95262
95263
95264
95264
95267
95268
95269
95270
95270
95270
95270
95273
95274
95275
95275
95275
95279
95280
95281
95281
95281
95281
95284
95285
95287
95288
95288
95290
95290
95290
95292
95292
95294
95294
95294
95295
95295
95296
95298
95299
95299
95300
95300
95302
95303
95303
95305
95305
95305
95306
95306
95307
95307
95309
95309
95310
95310
95311
95311
95313
95314
95315
95316
95319
95319
95319
95320
95320
95320
95323
95323
95324
95325
95326
95327
95329
95329
95330
95330
95331
95332
95335
95339
95341
95343
95345
95345
95346
95346
95347
95347
95348
95348
95349
95349
95351
95353
95354
95355
95356
95359
95359
95361
95362
95363
95363
95365
95365
95368
95369
95370
95371
95372
95372
95373
95373
95374
95374
95375
95379
95379
95379
95380
95381
95382
95382
95383
95383
95383
95386
95386
95388
95388
95389
95390
95390
95391
95391
95392
95393
95393
95393
95395
95396
95396
95398
95398
95399
95400
95402
95404
95404
95407
95410
95413
95416
95417
95418
95418
95418
95419
95419
95419
95420
95421
95422
95424
95425
95425
95428
95429
95429
95430
95430
95430
95431
95434
95436
95437
95438
95439
95441
95441
95442
95444
95445
95445
95446
95448
95449
95449
95451
95451
95453
95453
95453
95454
95454
95456
95457
95458
95459
95460
95461
95463
95464
95465
95465
95466
95467
95469
95469
95470
95470
95470
95470
95472
95473
95473
95475
95476
95476
95476
95478
95479
95479
95479
95481
95487
95487
95489
95490
95491
95491
95491
95492
95492
95492
95492
95492
95493
95495
95496
95496
95497
95497
95501
95502
95502
95502
95504
95508
95508
95508
95508
95508
95510
95512
95515
95516
95518
95518
95519
95519
95520
95520
95521
95521
95522
95522
95522
95523
95523
95524
95525
95525
95525
95527
95527
95530
95530
95531
95531
95532
95534
95534
95534
95535
95535
95536
95537
95538
95544
95545
95547
95548
95549
95554
95555
95557
95558
95559
95560
95560
95561
95561
95562
95564
95564
95565
95566
95567
95569
95574
95574
95576
95576
95577
95578
95579
95581
95582
95582
95582
95584
95585
95586
95586
95587
95588
95590
95590
95590
95591
95591
95594
95594
95594
95596
95597
95599
95599
95601
95602
95603
95607
95607
95607
95608
95614
95615
95615
95617
95617
95618
95620
95620
95621
95621
95622
95622
95622
95622
95625
95626
95628
95629
95630
95630
95630
95630
95631
95631
95631
95632
95632
95632
95633
95633
95634
95634
95634
95635
95637
95638
95639
95639
95640
95640
95642
95642
95643
95643
95644
95645
95646
95646
95647
95648
95648
95649
95650
95650
95650
95652
95653
95654
95654
95655
95655
95657
95659
95660
95666
95669
95670
95671
95672
95672
95673
95674
95675
95679
95681
95682
95682
95684
95687
95688
95691
95691
95694
95694
95696
95696
95699
95701
95701
95703
95704
95705
95706
95707
95709
95710
95711
95712
95713
95714
95715
95716
95716
95716
95718
95719
95719
95720
95720
95720
95723
95723
95723
95725
95725
95726
95726
95728
95729
95733
95733
95733
95738
95740
95741
95743
95744
95746
95746
95748
95750
95753
95755
95755
95756
95758
95758
95759
95760
95761
95762
95762
95762
95763
95763
95764
95764
95765
95765
95766
95766
95766
95766
95769
95771
95772
95772
95773
95774
95774
95776
95776
95779
95784
95784
95784
95785
95785
95785
95789
95794
95794
95795
95800
95802
95803
95803
95804
95805
95805
95807
95809
95810
95812
95812
95813
95816
95816
95818
95818
95819
95820
95820
95820
95820
95820
95821
95822
95822
95823
95825
95825
95826
95827
95829
95830
95831
95831
95832
95833
95834
95834
95835
95838
95840
95840
95841
95841
95842
95842
95843
95846
95846
95846
95846
95847
95848
95848
95850
95851
95853
95853
95854
95855
95856
95857
95858
95858
95860
95860
95860
95861
95862
95862
95862
95863
95863
95864
95864
95866
95866
95867
95868
95868
95868
95868
95870
95872
95878
95879
95880
95881
95881
95882
95882
95887
95887
95890
95891
95891
95893
95896
95897
95898
95900
95900
95901
95901
95902
95903
95903
95903
95907
95908
95910
95910
95911
95913
95914
95916
95920
95922
95923
95924
95924
95925
95925
95930
95931
95931
95931
95932
95933
95934
95934
95934
95935
95935
95936
95936
95937
95937
95939
95939
95939
95941
95943
95943
95943
95945
95949
95950
95952
95952
95954
95955
95955
95958
95958
95958
95959
95960
95964
95966
95970
95971
95972
95973
95973
95976
95976
95976
95977
95978
95981
95981
95983
95985
95985
95987
95991
95991
95991
95994
95995
95995
95996
95996
95997
95997
95998
95999
95999
96000
96000
96001
96002
96002
96003
96003
96005
96005
96007
96007
96007
96007
96009
96012
96012
96013
96013
96016
96017
96020
96020
96022
96023
96024
96026
96027
96027
96027
96029
96030
96031
96033
96034
96036
96036
96036
96036
96037
96038
96038
96042
96044
96044
96047
96048
96049
96049
96050
96051
96051
96051
96052
96052
96053
96054
96056
96056
96057
96058
96059
96061
96063
96065
96066
96067
96068
96068
96070
96071
96071
96072
96072
96072
96072
96073
96076
96077
96077
96077
96077
96080
96080
96080
96081
96083
96084
96084
96084
96086
96086
96090
96092
96093
96094
96094
96095
96097
96097
96097
96097
96099
96099
96101
96102
96104
96104
96104
96105
96105
96105
96106
96110
96110
96111
96111
96112
96114
96114
96114
96115
96118
96118
96120
96123
96124
96125
96125
96127
96129
96129
96130
96131
96132
96132
96133
96133
96135
96136
96137
96137
96139
96141
96141
96145
96146
96146
96148
96148
96150
96150
96150
96151
96151
96152
96155
96157
96157
96157
96158
96159
96160
96160
96161
96162
96163
96164
96165
96165
96165
96169
96170
96170
96171
96171
96174
96177
96177
96178
96180
96181
96183
96184
96185
96185
96187
96187
96187
96188
96189
96189
96190
96191
96191
96193
96194
96195
96195
96195
96196
96196
96197
96198
96199
96199
96200
96200
96200
96202
96203
96203
96204
96205
96205
96206
96206
96207
96207
96208
96209
96209
96210
96211
96211
96211
96212
96215
96215
96215
96217
96218
96221
96221
96221
96222
96222
96223
96224
96226
96226
96226
96227
96229
96230
96232
96232
96233
96233
96233
96235
96235
96235
96237
96238
96238
96238
96241
96243
96244
96245
96245
96245
96246
96246
96247
96247
96249
96249
96249
96251
96252
96252
96254
96254
96254
96255
96256
96256
96256
96256
96256
96257
96258
96259
96260
96260
96261
96261
96263
96264
96266
96267
96267
96267
96268
96269
96269
96270
96270
96270
96271
96275
96275
96275
96276
96278
96280
96281
96282
96283
96283
96286
96290
96291
96295
96295
96296
96299
96300
96300
96301
96302
96302
96302
96304
96305
96306
96307
96310
96314
96315
96316
96317
96322
96324
96326
96326
96327
96328
96328
96328
96329
96329
96329
96330
96330
96331
96333
96335
96336
96336
96337
96340
96341
96341
96347
96348
96349
96349
96349
96351
96352
96353
96355
96359
96360
96361
96363
96364
96364
96367
96367
96367
96370
96370
96370
96371
96371
96371
96372
96374
96374
96376
96376
96376
96377
96379
96379
96380
96380
96382
96383
96384
96387
96389
96390
96390
96391
96392
96392
96393
96395
96395
96395
96398
96398
96399
96399
96400
96400
96401
96401
96401
96402
96402
96402
96403
96403
96406
96406
96406
96407
96407
96409
96409
96415
96416
96417
96417
96417
96418
96420
96420
96421
96423
96423
96424
96424
96425
96427
96428
96431
96432
96433
96433
96434
96434
96440
96441
96441
96443
96443
96444
96444
96446
96446
96449
96449
96450
96452
96453
96453
96455
96455
96455
96457
96457
96458
96459
96462
96463
96464
96466
96467
96467
96468
96468
96470
96472
96472
96472
96474
96476
96479
96479
96480
96481
96481
96481
96486
96486
96487
96489
96489
96489
96489
96489
96490
96490
96491
96493
96494
96494
96495
96496
96496
96497
96497
96497
96497
96498
96498
96503
96503
96504
96505
96505
96506
96506
96506
96506
96507
96508
96510
96510
96511
96511
96511
96513
96513
96516
96516
96517
96518
96518
96519
96520
96521
96521
96522
96523
96523
96524
96524
96525
96527
96529
96530
96531
96532
96534
96534
96540
96541
96542
96547
96547
96548
96548
96551
96551
96553
96554
96556
96557
96558
96558
96561
96563
96563
96563
96564
96565
96566
96567
96567
96568
96568
96569
96571
96573
96574
96575
96575
96575
96577
96577
96577
96578
96579
96579
96580
96580
96580
96583
96584
96585
96586
96589
96595
96595
96599
96600
96601
96607
96608
96608
96609
96611
96612
96613
96613
96615
96615
96616
96616
96617
96617
96618
96619
96619
96621
96622
96625
96625
96628
96629
96629
96631
96634
96635
96639
96639
96640
96641
96642
96643
96646
96646
96646
96647
96650
96651
96651
96653
96653
96654
96656
96656
96656
96657
96659
96659
96659
96660
96661
96661
96662
96663
96665
96667
96668
96669
96676
96677
96678
96678
96679
96681
96681
96681
96682
96683
96683
96685
96687
96687
96688
96689
96690
96692
96692
96692
96695
96696
96699
96700
96701
96703
96703
96704
96705
96706
96707
96707
96710
96710
96710
96711
96711
96711
96711
96713
96714
96714
96714
96715
96716
96717
96722
96722
96723
96725
96725
96727
96728
96728
96729
96729
96731
96731
96732
96733
96733
96733
96734
96735
96736
96736
96737
96738
96739
96739
96741
96743
96745
96745
96747
96748
96748
96749
96749
96750
96750
96750
96750
96751
96752
96752
96754
96754
96754
96756
96759
96760
96761
96762
96764
96764
96766
96767
96768
96769
96770
96771
96771
96772
96773
96776
96777
96779
96779
96781
96781
96785
96786
96786
96787
96788
96788
96788
96789
96789
96790
96791
96791
96791
96793
96794
96794
96794
96794
96795
96795
96799
96800
96800
96801
96801
96802
96806
96807
96808
96808
96809
96809
96809
96809
96810
96810
96812
96813
96813
96813
96813
96814
96814
96815
96815
96815
96816
96816
96816
96817
96817
96818
96819
96820
96821
96823
96824
96824
96825
96825
96827
96829
96829
96829
96833
96833
96833
96834
96836
96837
96837
96837
96837
96838
96838
96838
96838
96839
96839
96840
96843
96844
96845
96846
96847
96847
96848
96849
96850
96852
96852
96853
96854
96857
96857
96858
96858
96860
96860
96861
96861
96861
96863
96864
96866
96869
96870
96871
96872
96874
96875
96876
96878
96878
96879
96879
96880
96881
96883
96884
96885
96886
96887
96887
96887
96890
96891
96891
96891
96892
96893
96894
96895
96896
96897
96897
96898
96898
96898
96899
96899
96900
96900
96900
96901
96902
96902
96903
96909
96910
96913
96914
96915
96916
96917
96918
96918
96919
96920
96920
96921
96921
96924
96925
96927
96927
96927
96928
96928
96928
96929
96930
96930
96931
96935
96935
96936
96937
96938
96940
96943
96944
96945
96945
96946
96946
96946
96948
96949
96949
96949
96950
96950
96951
96951
96951
96951
96956
96956
96960
96961
96962
96962
96962
96963
96964
96965
96965
96966
96967
96967
96971
96972
96972
96973
96975
96977
96979
96980
96980
96981
96983
96983
96983
96984
96984
96984
96986
96988
96988
96989
96991
96991
96992
96993
96993
96995
96995
96998
97000
97001
97003
97004
97005
97007
97007
97007
97010
97010
97011
97012
97012
97015
97015
97016
97016
97016
97016
97017
97019
97019
97019
97020
97020
97021
97021
97023
97023
97024
97024
97024
97025
97025
97025
97025
97026
97026
97026
97027
97027
97028
97028
97029
97029
97029
97030
97030
97032
97032
97032
97032
97034
97036
97036
97038
97038
97040
97041
97042
97043
97045
97045
97047
97048
97048
97053
97055
97056
97057
97057
97061
97062
97063
97063
97069
97069
97070
97070
97072
97074
97074
97074
97075
97077
97077
97077
97078
97078
97079
97080
97080
97080
97082
97085
97086
97086
97087
97087
97087
97087
97088
97088
97088
97090
97091
97091
97092
97092
97093
97094
97095
97096
97096
97097
97098
97098
97099
97099
97099
97100
97102
97102
97104
97105
97105
97107
97108
97108
97109
97113
97115
97116
97116
97116
97118
97119
97120
97121
97121
97123
97124
97124
97125
97126
97127
97127
97128
97129
97130
97130
97131
97134
97135
97135
97136
97137
97137
97137
97138
97140
97141
97141
97143
97143
97143
97144
97145
97145
97148
97150
97151
97153
97153
97153
97154
97154
97156
97157
97161
97163
97164
97164
97164
97165
97165
97166
97167
97169
97171
97171
97171
97172
97173
97173
97176
97178
97180
97181
97181
97182
97182
97183
97183
97183
97183
97184
97185
97187
97188
97189
97189
97189
97189
97189
97190
97191
97192
97192
97192
97193
97193
97196
97197
97197
97198
97199
97200
97202
97203
97205
97206
97206
97207
97207
97208
97209
97210
97210
97210
97211
97211
97211
97212
97214
97214
97214
97217
97219
97221
97222
97223
97223
97224
97224
97227
97227
97229
97229
97230
97230
97232
97234
97234
97235
97238
97240
97240
97244
97244
97245
97245
97247
97247
97249
97251
97251
97252
97252
97253
97253
97253
97256
97256
97257
97258
97258
97259
97259
97259
97260
97262
97264
97264
97266
97269
97270
97270
97271
97271
97274
97275
97275
97275
97276
97278
97279
97279
97280
97280
97280
97280
97282
97282
97284
97287
97289
97290
97291
97291
97292
97292
97293
97293
97294
97296
97296
97299
97302
97302
97303
97304
97305
97309
97309
97311
97312
97313
97315
97315
97315
97316
97316
97317
97318
97320
97320
97321
97321
97324
97325
97325
97329
97329
97330
97331
97333
97333
97334
97335
97335
97335
97336
97338
97338
97340
97340
97341
97341
97342
97343
97344
97345
97346
97347
97348
97348
97350
97351
97353
97355
97356
97357
97358
97358
97361
97361
97363
97364
97366
97368
97369
97369
97371
97371
97372
97372
97373
97374
97376
97376
97377
97379
97380
97380
97380
97380
97381
97384
97385
97385
97385
97386
97387
97387
97387
97387
97387
97388
97388
97390
97390
97391
97392
97392
97395
97397
97400
97401
97402
97403
97404
97404
97405
97405
97405
97407
97407
97409
97410
97410
97410
97410
97411
97411
97412
97413
97414
97415
97416
97417
97419
97419
97420
97422
97423
97424
97425
97426
97426
97426
97427
97427
97428
97429
97430
97431
97431
97431
97432
97432
97433
97433
97433
97433
97435
97437
97437
97438
97438
97438
97439
97439
97439
97441
97442
97442
97443
97443
97444
97445
97446
97449
97450
97451
97451
97451
97451
97452
97452
97454
97454
97456
97457
97457
97460
97461
97465
97466
97468
97468
97468
97469
97469
97470
97471
97471
97472
97473
97473
97473
97474
97474
97474
97479
97481
97484
97484
97485
97486
97486
97489
97490
97490
97490
97492
97493
97494
97495
97498
97498
97499
97502
97503
97503
97503
97503
97503
97503
97504
97505
97505
97505
97506
97507
97507
97508
97509
97509
97510
97511
97512
97512
97513
97515
97519
97519
97521
97521
97522
97522
97522
97524
97524
97524
97525
97527
97528
97531
97534
97534
97534
97534
97536
97537
97539
97540
97540
97541
97545
97546
97547
97549
97550
97552
97553
97554
97556
97556
97557
97559
97562
97562
97562
97566
97567
97569
97571
97571
97575
97575
97575
97576
97578
97579
97580
97580
97580
97580
97581
97582
97584
97585
97588
97588
97590
97591
97591
97593
97593
97593
97595
97595
97596
97596
97596
97598
97599
97602
97602
97603
97605
97607
97607
97608
97609
97609
97609
97609
97611
97611
97611
97612
97613
97613
97613
97615
97615
97617
97621
97622
97623
97625
97625
97625
97626
97630
97632
97632
97633
97633
97634
97635
97635
97636
97637
97639
97639
97639
97642
97642
97643
97643
97645
97646
97648
97648
97648
97648
97649
97649
97650
97650
97650
97652
97653
97654
97654
97655
97656
97656
97657
97657
97658
97658
97659
97660
97660
97661
97662
97663
97664
97665
97670
97670
97672
97672
97672
97674
97676
97676
97678
97679
97680
97682
97682
97683
97684
97687
97688
97688
97690
97690
97690
97693
97693
97693
97693
97694
97695
97695
97696
97698
97699
97700
97700
97700
97701
97701
97701
97703
97703
97704
97704
97707
97707
97709
97709
97711
97712
97713
97718
97719
97719
97721
97721
97722
97722
97723
97726
97727
97728
97728
97730
97731
97731
97732
97735
97735
97736
97737
97738
97739
97740
97742
97743
97743
97743
97744
97745
97746
97748
97749
97749
97750
97751
97752
97752
97754
97755
97756
97757
97757
97757
97758
97759
97759
97761
97761
97761
97762
97763
97769
97770
97773
97773
97775
97775
97776
97776
97777
97779
97779
97780
97782
97782
97782
97783
97784
97786
97787
97787
97788
97788
97791
97791
97794
97795
97796
97797
97797
97797
97799
97799
97799
97801
97801
97802
97803
97808
97809
97810
97810
97813
97814
97814
97815
97815
97817
97820
97820
97820
97821
97822
97822
97824
97825
97830
97831
97834
97835
97835
97835
97836
97836
97836
97838
97840
97840
97841
97842
97842
97844
97845
97845
97845
97847
97848
97848
97848
97849
97849
97850
97851
97851
97851
97852
97852
97855
97856
97857
97858
97862
97863
97865
97866
97869
97870
97870
97870
97871
97871
97871
97871
97871
97872
97873
97873
97873
97874
97874
97874
97874
97875
97877
97878
97878
97878
97880
97880
97880
97883
97884
97884
97886
97886
97887
97887
97889
97890
97890
97891
97893
97893
97894
97894
97896
97896
97898
97899
97899
97899
97900
97900
97901
97902
97902
97903
97903
97903
97904
97904
97906
97906
97908
97908
97908
97910
97910
97911
97911
97911
97914
97915
97916
97918
97919
97920
97921
97923
97924
97925
97926
97926
97926
97928
97930
97931
97932
97935
97935
97936
97937
97937
97942
97942
97943
97943
97945
97946
97946
97948
97949
97949
97951
97951
97952
97954
97956
97956
97958
97958
97960
97962
97963
97968
97968
97969
97970
97970
97971
97971
97971
97971
97972
97972
97973
97973
97975
97975
97976
97976
97979
97979
97979
97980
97981
97981
97981
97981
97982
97984
97986
97986
97987
97988
97989
97989
97990
97990
97991
97992
97994
97994
97994
97994
97994
97995
97997
97997
97997
97998
97999
97999
98000
98001
98002
98004
98005
98005
98006
98006
98006
98007
98008
98008
98008
98008
98009
98015
98016
98017
98018
98021
98021
98021
98022
98023
98024
98024
98027
98028
98030
98031
98032
98033
98033
98035
98036
98043
98045
98045
98048
98048
98049
98049
98050
98050
98052
98052
98053
98053
98054
98058
98060
98060
98060
98060
98061
98062
98063
98065
98065
98066
98067
98067
98067
98069
98070
98071
98071
98071
98075
98076
98078
98078
98078
98078
98079
98080
98081
98083
98086
98087
98088
98089
98090
98090
98090
98092
98092
98094
98095
98096
98096
98096
98097
98100
98101
98101
98102
98103
98105
98105
98105
98105
98107
98107
98108
98111
98111
98112
98113
98113
98114
98114
98115
98115
98115
98120
98120
98121
98121
98123
98123
98125
98126
98126
98127
98128
98129
98131
98134
98136
98137
98138
98138
98142
98142
98144
98144
98146
98147
98148
98148
98151
98151
98153
98153
98157
98157
98158
98159
98160
98160
98160
98161
98161
98161
98162
98164
98164
98165
98166
98167
98167
98169
98171
98172
98173
98174
98175
98176
98177
98177
98179
98179
98179
98179
98180
98180
98182
98182
98182
98182
98185
98185
98187
98188
98188
98189
98191
98192
98192
98194
98194
98196
98197
98197
98201
98202
98203
98207
98208
98208
98208
98209
98209
98210
98211
98211
98213
98214
98214
98215
98215
98217
98221
98221
98221
98223
98224
98225
98228
98228
98229
98229
98229
98231
98231
98232
98234
98234
98234
98235
98235
98235
98236
98236
98238
98239
98240
98241
98242
98243
98243
98243
98246
98249
98249
98250
98252
98252
98253
98256
98256
98257
98258
98261
98262
98265
98268
98270
98272
98272
98274
98274
98276
98276
98276
98277
98277
98277
98280
98281
98282
98285
98286
98286
98286
98287
98288
98288
98290
98290
98290
98291
98292
98293
98297
98297
98297
98299
98299
98300
98301
98302
98303
98304
98304
98306
98306
98306
98308
98309
98311
98313
98313
98314
98316
98318
98319
98320
98321
98321
98322
98324
98325
98326
98327
98327
98330
98330
98331
98333
98334
98337
98337
98338
98340
98341
98342
98343
98343
98344
98344
98345
98347
98348
98349
98350
98350
98351
98351
98351
98352
98352
98353
98355
98355
98356
98356
98357
98357
98357
98357
98357
98358
98358
98359
98361
98362
98363
98363
98364
98364
98366
98366
98370
98371
98375
98375
98375
98376
98377
98377
98380
98381
98383
98383
98384
98384
98384
98385
98385
98386
98387
98388
98388
98392
98392
98393
98393
98395
98395
98396
98399
98400
98401
98401
98403
98404
98406
98408
98409
98410
98411
98411
98411
98412
98419
98420
98420
98422
98422
98422
98423
98423
98423
98423
98425
98425
98425
98425
98428
98429
98430
98430
98431
98432
98433
98433
98435
98436
98437
98438
98439
98441
98442
98443
98443
98444
98445
98446
98446
98447
98448
98449
98449
98451
98451
98451
98454
98454
98454
98454
98454
98455
98457
98457
98458
98460
98460
98460
98462
98464
98465
98466
98466
98466
98467
98468
98469
98469
98470
98470
98470
98473
98473
98473
98474
98474
98475
98476
98476
98478
98478
98479
98479
98480
98480
98481
98483
98483
98484
98484
98484
98485
98486
98487
98489
98491
98492
98494
98494
98495
98495
98498
98500
98500
98501
98502
98503
98504
98504
98504
98505
98507
98507
98509
98509
98510
98514
98514
98517
98518
98518
98519
98519
98520
98522
98522
98523
98523
98523
98523
98524
98525
98525
98526
98526
98527
98528
98529
98529
98529
98529
98531
98533
98533
98534
98534
98535
98536
98537
98538
98538
98538
98539
98539
98539
98540
98540
98541
98541
98542
98543
98543
98544
98545
98546
98548
98549
98550
98550
98551
98552
98553
98553
98553
98556
98556
98558
98559
98559
98560
98563
98567
98567
98569
98570
98572
98573
98576
98576
98578
98580
98582
98582
98582
98583
98584
98585
98586
98587
98587
98590
98591
98591
98591
98592
98597
98598
98599
98599
98599
98601
98601
98602
98603
98604
98604
98604
98608
98608
98609
98610
98610
98610
98611
98611
98612
98612
98614
98614
98614
98616
98616
98618
98619
98619
98620
98620
98620
98621
98621
98622
98623
98623
98625
98626
98626
98627
98627
98629
98633
98634
98635
98635
98637
98639
98640
98642
98642
98643
98643
98643
98644
98645
98646
98646
98646
98654
98654
98656
98657
98660
98662
98662
98662
98663
98663
98665
98665
98666
98669
98670
98673
98673
98673
98677
98678
98680
98681
98684
98686
98687
98687
98687
98687
98688
98691
98691
98692
98692
98694
98694
98694
98696
98696
98698
98698
98698
98698
98699
98700
98700
98701
98702
98703
98705
98707
98708
98708
98708
98710
98710
98711
98711
98711
98712
98712
98712
98714
98715
98717
98717
98717
98717
98718
98718
98719
98721
98724
98724
98725
98726
98728
98733
98733
98736
98736
98736
98737
98737
98738
98741
98741
98742
98743
98744
98744
98745
98745
98745
98746
98746
98747
98748
98748
98748
98748
98749
98750
98750
98752
98756
98759
98760
98760
98762
98764
98765
98768
98768
98770
98771
98772
98772
98772
98774
98776
98777
98777
98778
98778
98778
98778
98779
98782
98783
98784
98785
98787
98788
98789
98789
98791
98791
98792
98792
98792
98793
98793
98795
98796
98797
98798
98798
98798
98799
98799
98800
98801
98801
98802
98803
98803
98804
98805
98806
98809
98811
98811
98812
98813
98814
98814
98814
98814
98815
98817
98818
98818
98820
98821
98822
98822
98823
98825
98826
98827
98830
98831
98832
98832
98836
98837
98838
98839
98841
98843
98843
98844
98845
98846
98848
98848
98849
98849
98850
98850
98851
98851
98852
98853
98854
98855
98855
98855
98856
98857
98857
98858
98858
98858
98859
98860
98861
98861
98862
98862
98863
98865
98865
98868
98868
98868
98871
98874
98874
98875
98875
98876
98878
98878
98881
98882
98883
98883
98884
98885
98887
98887
98887
98887
98888
98888
98890
98890
98890
98890
98890
98893
98893
98898
98898
98898
98899
98900
98900
98901
98901
98901
98905
98905
98907
98907
98908
98911
98911
98911
98913
98915
98915
98916
98918
98918
98919
98919
98919
98920
98921
98924
98924
98925
98926
98926
98926
98929
98930
98933
98934
98935
98938
98941
98943
98943
98944
98948
98948
98949
98950
98952
98953
98953
98955
98955
98956
98957
98958
98960
98961
98962
98963
98965
98966
98966
98966
98967
98967
98968
98968
98969
98970
98970
98971
98978
98980
98981
98984
98984
98985
98986
98987
98988
98989
98991
98991
98993
98993
98996
98996
98997
98998
98998
98999
99000
99001
99002
99002
99003
99005
99005
99007
99011
99015
99017
99017
99017
99019
99020
99020
99021
99023
99024
99025
99026
99026
99027
99027
99028
99028
99032
99034
99034
99036
99036
99037
99038
99039
99042
99043
99044
99045
99045
99046
99046
99047
99048
99049
99050
99051
99051
99051
99052
99053
99053
99054
99054
99055
99055
99057
99058
99059
99060
99062
99064
99064
99065
99065
99066
99066
99068
99069
99069
99070
99070
99071
99071
99072
99077
99077
99078
99080
99080
99084
99084
99084
99085
99085
99086
99087
99088
99088
99088
99089
99089
99090
99090
99094
99094
99094
99097
99098
99099
99102
99103
99103
99105
99105
99105
99108
99108
99109
99109
99110
99111
99111
99114
99115
99118
99122
99122
99125
99126
99126
99128
99129
99130
99130
99133
99135
99135
99135
99135
99136
99136
99137
99137
99137
99138
99139
99139
99140
99140
99141
99141
99142
99143
99143
99147
99148
99149
99150
99154
99155
99157
99157
99162
99163
99165
99170
99171
99171
99173
99174
99176
99178
99178
99180
99181
99181
99182
99183
99186
99186
99187
99187
99189
99190
99190
99190
99192
99193
99194
99195
99196
99197
99198
99198
99199
99201
99202
99202
99202
99205
99207
99208
99209
99210
99211
99211
99212
99213
99213
99214
99215
99215
99215
99216
99216
99216
99218
99218
99219
99220
99220
99221
99222
99223
99224
99226
99227
99228
99228
99230
99230
99230
99236
99236
99237
99238
99238
99238
99238
99242
99242
99242
99243
99244
99244
99247
99248
99249
99250
99251
99251
99255
99257
99258
99259
99259
99259
99261
99261
99262
99265
99266
99266
99267
99268
99268
99269
99269
99270
99270
99270
99270
99271
99271
99272
99276
99277
99278
99279
99279
99280
99280
99281
99283
99285
99286
99287
99289
99289
99291
99291
99292
99293
99293
99296
99296
99296
99298
99298
99303
99303
99303
99304
99306
99306
99306
99307
99307
99309
99311
99312
99313
99314
99314
99315
99316
99316
99317
99317
99318
99319
99319
99320
99321
99321
99322
99324
99324
99324
99326
99329
99331
99333
99334
99335
99335
99336
99337
99339
99339
99340
99341
99341
99342
99343
99344
99345
99346
99346
99349
99349
99351
99351
99353
99353
99354
99355
99356
99357
99358
99359
99360
99360
99360
99361
99361
99363
99363
99366
99367
99367
99369
99369
99371
99371
99371
99372
99373
99373
99374
99375
99377
99377
99377
99379
99382
99382
99382
99383
99383
99384
99385
99385
99387
99387
99388
99391
99392
99392
99392
99392
99393
99393
99395
99395
99395
99395
99395
99398
99401
99402
99402
99404
99406
99406
99406
99406
99408
99409
99409
99409
99412
99412
99415
99417
99418
99418
99421
99422
99423
99423
99428
99430
99430
99431
99432
99432
99433
99434
99434
99434
99436
99438
99439
99440
99442
99444
99444
99444
99446
99448
99448
99451
99451
99451
99452
99452
99452
99452
99453
99454
99454
99455
99456
99456
99458
99460
99462
99462
99462
99464
99464
99467
99467
99467
99468
99469
99470
99471
99472
99472
99472
99473
99476
99477
99478
99478
99479
99480
99481
99481
99481
99482
99483
99483
99483
99484
99484
99485
99485
99485
99486
99488
99490
99490
99491
99492
99493
99494
99494
99494
99497
99498
99498
99499
99500
99500
99502
99504
99504
99505
99505
99507
99507
99509
99510
99515
99515
99517
99519
99519
99523
99524
99524
99525
99526
99529
99529
99529
99529
99530
99531
99532
99532
99533
99533
99533
99536
99539
99540
99541
99543
99543
99544
99544
99546
99547
99547
99547
99547
99549
99550
99551
99554
99554
99554
99554
99555
99556
99556
99557
99557
99559
99559
99559
99561
99561
99563
99563
99565
99571
99571
99571
99572
99573
99573
99575
99576
99577
99577
99580
99582
99583
99583
99584
99584
99585
99585
99586
99586
99587
99587
99588
99590
99591
99592
99593
99594
99596
99597
99597
99598
99598
99599
99599
99599
99599
99599
99601
99602
99602
99602
99603
99603
99604
99605
99605
99605
99606
99606
99606
99607
99608
99608
99608
99609
99610
99610
99610
99612
99615
99615
99616
99617
99620
99620
99623
99625
99626
99628
99630
99630
99630
99631
99631
99631
99633
99634
99634
99634
99634
99635
99636
99638
99638
99639
99641
99643
99644
99644
99645
99645
99646
99646
99650
99650
99651
99652
99652
99653
99654
99655
99656
99658
99662
99663
99664
99664
99665
99666
99667
99667
99667
99668
99668
99672
99673
99674
99675
99675
99675
99675
99676
99676
99678
99678
99679
99681
99683
99683
99684
99689
99690
99690
99691
99691
99691
99692
99694
99695
99696
99700
99701
99701
99701
99703
99704
99704
99705
99710
99710
99711
99711
99717
99717
99719
99719
99720
99721
99721
99722
99723
99723
99725
99725
99726
99733
99736
99737
99737
99739
99740
99740
99740
99742
99742
99743
99746
99747
99747
99748
99749
99752
99754
99757
99758
99758
99759
99759
99760
99760
99761
99764
99764
99768
99768
99768
99769
99771
99777
99777
99780
99780
99781
99781
99783
99783
99784
99785
99787
99789
99790
99790
99792
99794
99794
99796
99801
99801
99803
99803
99808
99808
99808
99808
99809
99810
99812
99813
99813
99817
99817
99817
99818
99819
99820
99821
99821
99821
99822
99823
99825
99826
99828
99829
99831
99831
99832
99834
99836
99837
99837
99838
99840
99841
99844
99845
99846
99847
99848
99850
99851
99851
99852
99853
99856
99856
99856
99856
99856
99857
99858
99859
99862
99862
99862
99862
99862
99865
99872
99872
99881
99881
99881
99883
99885
99888
99888
99889
99889
99890
99892
99893
99894
99894
99896
99896
99897
99899
99899
99902
99905
99905
99906
99907
99907
99908
99909
99909
99914
99915
99915
99916
99916
99916
99916
99917
99917
99918
99920
99921
99921
99922
99922
99923
99924
99924
99926
99926
99929
99931
99931
99932
99933
99934
99935
99936
99936
99937
99937
99938
99938
99938
99939
99939
99939
99941
99941
99942
99943
99945
99945
99946
99947
99950
99953
99953
99954
99956
99956
99956
99956
99957
99957
99958
99958
99960
99962
99962
99963
99964
99965
99966
99966
99966
99968
99968
99969
99970
99972
99972
99976
99976
99977
99979
99980
99982
99982
99984
99984
99984
99985
99986
99986
99987
99987
99988
99988
99991
99993
99993
99993
99997
99999
